# Blender v2.79 (sub 0) OBJ File: ''
# www.blender.org
mtllib TrashEnemy1.mtl
o mesh_1535.014
v 33.359135 59.235397 18.068359
v 26.711521 73.206490 10.926048
v 16.547581 56.244743 35.823944
v 7.244257 161.709442 5.518680
v 3.561693 167.437332 2.379784
v 7.471330 166.760590 7.959801
v -0.000004 112.560966 -11.064309
v -4.106139 102.557159 -8.732230
v -3.555301 112.685425 -9.326221
v -26.779888 77.209778 12.236654
v -26.715130 73.206490 10.926065
v -12.700219 73.206490 23.015676
v 7.032215 83.920547 41.898453
v 15.100941 91.348145 36.244282
v 6.746906 90.729401 41.464909
v -52.839088 75.155968 -3.801734
v -57.033443 79.774063 -1.785804
v -52.839088 78.638710 -1.803782
v -31.204910 75.268814 -12.666065
v -40.511551 84.565498 -1.685403
v -34.258255 85.933739 -1.665705
v -74.443085 70.772758 13.672958
v -70.986412 70.026878 18.036167
v -71.803917 74.144257 15.747705
v -68.947792 68.518341 16.323086
v -70.290428 65.421570 18.211847
v -72.820068 68.042648 16.358030
v -71.298279 68.111778 11.546001
v -71.922806 70.032669 7.824367
v -75.588394 73.065308 10.416950
v -72.471802 76.931137 12.948325
v -68.659096 71.483307 13.620742
v -70.781448 66.534111 14.644951
v -68.806221 73.898483 10.355728
v -70.128326 75.653259 6.596181
v -72.372482 71.914703 5.948714
v -75.500000 74.993362 6.644676
v -72.970078 78.012985 9.252851
v -72.921326 75.767349 6.166193
v -87.932678 68.833344 1.037706
v -91.576202 67.783066 5.180676
v -90.213646 72.098946 3.639597
v -89.355560 66.836838 7.062089
v -90.808563 63.329636 6.321604
v -89.826691 65.904449 3.303005
v -84.947952 66.960434 4.050724
v -81.761078 69.390160 2.682988
v -85.337830 71.486679 -0.805045
v -88.089417 75.216270 2.290843
v -87.228928 70.226051 6.652614
v -87.606056 64.958221 5.184418
v -84.512634 73.119736 5.778876
v -81.352844 75.310204 3.734624
v -80.340782 71.493027 1.775769
v -82.006424 74.016777 -1.480021
v -84.757065 76.835533 1.129542
v -81.333290 75.161469 0.910397
v -87.354355 69.650955 -9.159720
v -92.069817 67.678085 -6.832766
v -90.298737 72.090225 -6.328219
v -90.513344 65.930786 -4.860305
v -91.688652 63.043648 -7.150095
v -89.845032 66.354836 -8.680721
v -85.408203 66.578262 -6.284701
v -81.952255 68.971245 -5.774325
v -84.321365 72.474083 -9.161415
v -87.861008 75.234230 -5.857154
v -88.352577 69.017555 -3.453195
v -88.288559 64.607529 -6.708261
v -85.491867 71.731377 -2.470064
v -81.860748 74.127571 -2.656076
v -80.320686 71.092583 -5.457745
v -80.933678 74.715813 -7.955810
v -84.329803 76.783600 -5.403990
v -81.000679 74.923668 -5.230037
v 84.010605 68.020752 -3.817526
v 84.464699 63.888748 -7.594146
v 86.777740 68.071976 -7.687562
v 81.681732 64.456047 -8.734131
v 80.721138 61.210068 -6.863046
v 82.698814 64.247063 -4.973292
v 79.724243 68.281685 -5.565012
v 79.515945 72.460114 -4.911010
v 84.517044 72.023331 -2.873067
v 87.736771 71.952576 -7.422127
v 82.491394 68.332916 -9.435054
v 79.915840 64.814362 -6.113279
v 82.735657 72.389366 -9.460063
v 82.625038 76.523201 -8.096050
v 80.170792 75.068329 -4.735652
v 84.035950 76.233292 -2.878969
v 86.843582 75.647888 -6.633387
v 83.479317 77.003433 -5.443061
v 70.342545 63.173820 3.649000
v 72.661697 60.871239 8.216509
v 68.894394 63.813866 8.135650
v 75.126045 62.676159 8.027837
v 76.870087 59.446529 6.808052
v 73.381180 60.745403 5.121006
v 74.396988 65.417717 3.504245
v 72.633453 68.868599 1.797854
v 67.959526 66.135803 2.000674
v 66.341660 66.784668 7.294733
v 72.948830 66.057777 7.990899
v 75.845520 62.550320 4.932334
v 71.015602 69.517471 7.091898
v 69.006790 72.629166 4.802033
v 70.909576 70.863235 1.239283
v 66.586296 69.950783 0.769647
v 65.344833 69.980560 5.328055
v 67.389793 71.769745 2.646698
v -65.725143 75.067871 0.318234
v -57.039215 70.428741 -1.880863
v -56.850075 75.028435 1.233927
v -52.839088 75.046425 0.133248
v -52.839088 71.563683 -1.864704
v -57.222912 75.173119 -4.905945
v -65.725143 72.948723 -1.867564
v -65.725143 77.253670 -1.800914
v -65.725143 75.134521 -3.986711
v -50.391430 75.032913 2.570350
v -41.931717 66.569839 -1.967585
v -41.560337 75.190704 6.600395
v -31.204903 74.933380 8.999226
v -34.258255 64.268448 -2.001136
v -41.534161 75.422211 -10.276005
v -50.391430 70.697327 -1.901596
v -50.391430 79.504860 -1.765235
v -50.391434 75.169281 -6.237181
v 88.023079 68.467552 3.917432
v 86.586838 63.911896 4.121119
v 84.680542 67.841209 0.589969
v 84.351189 63.894264 1.859006
v 83.365601 60.545990 3.985826
v 83.992088 63.933777 5.743786
v 84.144135 67.900253 6.392628
v 88.148193 72.458267 3.589103
v 84.225533 71.856888 -0.324544
v 79.673927 71.324753 2.565889
v 80.801605 67.273895 3.065162
v 81.756432 63.916145 3.481672
v 83.596573 71.926117 6.479534
v 86.429680 75.900131 3.064288
v 82.944824 75.891190 -0.125829
v 79.768463 74.009003 2.346419
v 82.446655 75.946030 5.263185
v 82.710121 76.560410 2.515116
v 57.039215 70.428741 -1.880901
v 65.725143 75.067871 0.318191
v 56.850075 75.028435 1.233890
v 65.725143 77.253670 -1.800957
v 65.725143 72.948723 -1.867607
v 57.222912 75.173119 -4.905982
v 52.839088 71.563683 -1.864738
v 52.839088 75.046425 0.133214
v 52.839088 78.638710 -1.803816
v 57.033443 79.774063 -1.785841
v 65.725143 75.134521 -3.986754
v 52.839088 75.155968 -3.801769
v 41.931717 66.569839 -1.967612
v 50.391430 75.032913 2.570318
v 41.560345 75.190704 6.600368
v 50.391430 79.504860 -1.765267
v 50.391430 70.697327 -1.901629
v 41.534153 75.422211 -10.276031
v 34.258255 64.268448 -2.001158
v 31.204910 74.933380 8.999205
v 34.258255 85.933739 -1.665727
v 40.511551 84.565498 -1.685430
v 50.391426 75.169281 -6.237214
v 31.204903 75.268814 -12.666086
v 26.321054 77.156219 15.140563
v 20.151920 74.930405 24.927671
v 24.235853 75.339035 11.871503
v 12.698518 73.206490 23.015669
v 12.058715 74.276787 33.074036
v 5.780544 74.140884 33.297054
v 0.000009 72.058403 28.902317
v 0.000010 74.013107 33.506741
v -5.782086 74.140884 33.297054
v -12.061957 74.276787 33.074043
v -20.157356 74.930405 24.927683
v -33.102882 82.980644 16.210041
v 9.797231 93.076439 18.944454
v 14.048202 99.784912 7.858966
v 8.893250 98.652023 14.993520
v 8.427345 103.759941 16.180090
v 10.656158 113.801765 5.577392
v 5.640638 114.718826 12.166992
v 5.648309 117.474922 3.658645
v 2.805858 117.994698 7.393174
v 0.000004 115.040771 14.061814
v 0.000002 118.177116 8.467028
v -2.806612 117.994698 7.393176
v -5.642157 114.718826 12.166996
v -5.649834 117.474922 3.658649
v -10.659037 113.801765 5.577399
v -5.830487 99.678703 18.533371
v -14.051997 99.784912 7.858975
v -5.777263 97.220566 18.332090
v -6.226556 95.175659 20.295238
v -5.336626 96.977745 19.966061
v -5.541211 96.046593 20.859982
v -5.360997 94.349854 21.987347
v -7.111227 93.703636 21.841394
v -6.000292 92.896599 24.848627
v -4.359210 93.511032 26.248049
v -2.581795 94.248642 26.016178
v -0.000000 91.524338 27.343359
v 0.000007 93.530434 25.131554
v 3.087893 91.665649 28.481955
v 6.009202 90.022781 28.863150
v 8.706440 88.654274 26.562481
v 10.532336 90.451759 21.618534
v 8.055724 90.824837 22.349916
v 8.418317 95.451126 20.081030
v 8.006687 97.989967 18.281971
v 6.192837 99.518875 18.956278
v 4.552166 102.590019 16.474937
v 4.669269 104.052292 19.619463
v 0.000005 101.356857 19.975609
v -1.858578 98.783417 21.012186
v -3.543957 99.809959 20.625425
v -3.619674 98.664871 19.068178
v -4.435112 97.538490 20.301111
v -5.147079 95.670578 21.719957
v -3.936522 94.305939 22.975670
v -1.608976 95.026237 24.346151
v -1.285990 97.962357 20.965057
v 0.000006 99.381760 20.755291
v 0.958136 99.937141 20.177830
v 1.488993 93.397568 25.736404
v 5.189673 90.705093 24.338966
v 7.625321 94.425873 21.811777
v 6.324396 94.371811 22.625618
v 5.197768 99.054855 19.489573
v 2.724547 100.990631 17.645548
v 1.899227 101.765884 20.255310
v -2.355668 97.519630 20.017475
v -2.711317 98.078278 19.649832
v -3.940547 97.368301 20.566095
v -4.500498 95.650749 22.124340
v -4.496390 95.650406 22.126167
v -2.323997 95.219933 22.504595
v 6.316130 94.370865 22.629293
v 4.842919 95.506104 22.105722
v 4.871933 98.361267 19.826487
v 2.008978 99.467422 18.385448
v 1.945260 93.197159 23.390907
v -3.764181 96.066757 21.866013
v -3.778602 97.113922 20.733503
v 16.842497 83.093704 15.480934
v 18.847101 80.630440 23.722206
v 23.701176 87.959343 11.844391
v 20.399406 85.198013 24.529840
v 14.384387 83.130219 32.925087
v 6.574866 82.590340 38.395226
v 0.000008 79.591629 28.376026
v 0.000004 81.280457 15.638233
v -16.847040 83.093704 15.480946
v -18.852184 80.630440 23.722218
v -26.787254 91.364754 13.097748
v -23.545208 85.724518 23.746735
v -18.203613 97.023399 25.140665
v -25.029646 101.175026 13.039589
v -19.850126 96.934280 27.001814
v -26.602262 100.858337 14.423883
v -29.916826 91.579231 15.930074
v -21.097065 87.292740 8.983562
v -20.386324 89.080872 13.355814
v -19.467936 90.226242 8.590319
v -10.581900 86.381409 28.335424
v 0.000010 85.705399 32.558754
v 10.579056 86.381409 28.335417
v 20.380817 89.080872 13.355801
v 19.462673 90.226242 8.590305
v 21.091364 87.292740 8.983548
v 25.970055 86.009521 14.545577
v 25.031300 96.822403 9.972520
v 27.151321 95.737343 12.720725
v 20.752869 94.880371 27.041609
v 18.717270 95.320274 25.683887
v 22.016205 86.460968 26.115570
v 15.386244 84.539322 36.677818
v 14.099098 89.939041 32.491631
v 6.289576 89.399178 37.961754
v 0.000013 83.813217 42.544464
v 0.000012 82.429802 38.833527
v -6.576620 82.590340 38.395233
v -14.388258 83.130219 32.925095
v -15.390381 84.539322 36.677826
v -23.628466 89.315628 25.991365
v 23.336559 75.115891 25.451332
v 15.312049 74.649750 36.534256
v 7.047855 74.140511 40.065975
v -7.034090 83.920547 41.898460
v -6.748705 88.421158 41.464916
v -6.291253 87.090935 37.961761
v -14.102892 87.630791 32.491638
v -15.105003 89.039902 36.244289
v -7.049736 74.140511 40.065983
v -18.322067 75.842499 36.534267
v -28.213831 78.873695 25.076668
v 0.000013 73.698685 43.130199
v -20.134983 16.861248 0.230393
v -26.491343 8.003043 -7.384926
v -25.940901 16.685244 -11.144540
v -27.230116 -0.030149 0.230396
v -34.193886 6.833690 -7.384927
v -37.552723 16.333223 -11.144547
v -38.045151 6.249010 0.230398
v -34.193878 6.833691 7.845727
v -26.491339 8.003043 7.845725
v -22.640064 8.587717 0.230394
v -25.940899 16.685244 11.605340
v -23.992508 26.468882 13.568373
v -17.190100 26.830883 0.230391
v -23.992512 26.468882 -13.107583
v -17.923491 33.031353 0.230391
v -22.179409 35.766296 -10.333720
v -27.715818 37.550003 0.230394
v -22.179409 35.766296 10.794513
v -32.953880 36.360783 10.794516
v -39.472477 34.220348 0.230397
v -32.953880 36.360786 -10.333717
v -37.597309 25.744904 -13.107581
v -37.597309 25.744907 13.568375
v -44.399712 25.382919 0.230398
v -43.358627 16.157211 0.230399
v -37.552719 16.333223 11.605340
v 25.940893 16.685244 -11.144557
v 26.491339 8.003043 -7.384943
v 20.134983 16.861248 0.230379
v 22.640064 8.587717 0.230379
v 27.230116 -0.030149 0.230378
v 26.491343 8.003043 7.845707
v 34.193886 6.833691 7.845705
v 38.045151 6.249010 0.230373
v 34.193878 6.833690 -7.384949
v 37.552715 16.333223 -11.144571
v 23.992504 26.468882 -13.107598
v 37.597301 25.744904 -13.107606
v 22.179401 35.766296 -10.333735
v 32.953873 36.360786 -10.333738
v 27.715818 37.550003 0.230376
v 39.472477 34.220348 0.230371
v 32.953888 36.360783 10.794495
v 22.179417 35.766296 10.794497
v 17.923492 33.031353 0.230380
v 17.190100 26.830883 0.230380
v 23.992516 26.468882 13.568357
v 25.940907 16.685244 11.605323
v 37.552727 16.333223 11.605315
v 43.358627 16.157211 0.230371
v 37.597317 25.744907 13.568350
v 44.399712 25.382919 0.230369
v 94.526161 85.853348 49.371819
v 89.107094 84.834785 68.689972
v 94.526161 63.609169 51.881035
v 89.107094 68.808693 70.497704
v 75.140327 60.795639 71.401596
v 75.140327 77.654510 77.149979
v 75.140327 92.847832 67.786057
v 61.173557 84.834785 68.689980
v 61.173557 68.808693 70.497711
v 67.786751 65.014549 70.925697
v 57.339733 66.325493 73.488472
v 54.246754 63.357822 62.862812
v 58.549156 66.290604 61.481895
v 66.407722 61.601364 61.593441
v 65.133766 61.853905 73.992882
v 58.879654 60.294342 70.002563
v 63.508476 57.831295 62.994297
v 76.984955 56.155281 62.260799
v 75.140320 52.487053 53.135658
v 74.779701 49.555397 65.775223
v 72.883293 45.844280 54.834145
v 66.874710 48.601574 60.202702
v 63.905651 54.678345 65.134186
v 67.817940 48.238255 52.122173
v 62.521675 51.285152 54.220421
v 65.061531 58.269478 52.483395
v 15.489833 85.860054 9.774148
v 0.000002 84.710098 9.190891
v -15.494019 85.860054 9.774158
v -5.322474 117.144928 -0.327837
v -0.000003 116.771729 -5.281084
v -3.119254 116.893776 -3.361377
v 3.554333 112.685425 -9.326223
v 3.118408 116.893776 -3.361379
v 5.321034 117.144928 -0.327841
v 9.973054 113.328506 -0.139662
v 5.328064 117.152054 -0.242229
v 13.729002 100.889488 0.733792
v 16.056486 94.332581 -0.068077
v 7.982694 102.237923 -5.833583
v 6.192134 112.776306 -6.809500
v 4.105022 102.557159 -8.732232
v -0.000004 102.898270 -10.337794
v -4.702426 97.364746 -9.211822
v -9.983528 96.612991 -6.275888
v -7.984858 102.237923 -5.833578
v -6.193814 112.776306 -6.809496
v 38.340687 41.932236 19.291355
v 19.074780 38.916805 37.567993
v 0.000014 37.454704 43.435314
v 0.000014 55.381893 42.147099
v -16.547558 56.244743 35.823952
v -19.074757 38.916805 37.568008
v 27.909651 33.462723 16.408146
v 44.904228 43.603210 -2.512433
v 40.974785 38.899685 -2.512432
v 23.911795 27.868484 6.481186
v 32.807251 36.059517 -2.146628
v 24.950142 32.525543 -2.512426
v 23.423681 26.859398 -12.285617
v 27.909637 33.770348 -21.729616
v -16.116653 26.624844 30.258991
v 0.000011 23.556147 35.328747
v 16.116673 26.624844 30.258980
v 8.064078 17.100702 16.408155
v 18.110523 19.449394 10.109445
v 17.412884 18.752001 -2.089761
v 18.110514 19.449394 -15.134290
v 16.116650 26.932463 -31.092621
v 8.064064 17.100702 -21.432981
v -0.000030 23.863768 -34.519703
v -0.000027 16.469599 -24.360016
v -8.066258 17.100702 -21.432978
v -16.121029 26.932463 -31.092609
v -18.115425 19.449394 -15.134278
v -14.751436 37.397221 38.837681
v -14.751436 15.840710 38.837681
v -9.766485 36.437534 40.281593
v -9.766485 11.430222 40.281593
v -4.862438 35.780907 41.385757
v -4.569989 16.619928 41.385757
v 0.241543 35.629379 42.447456
v -0.001781 11.594100 42.447456
v 4.728353 35.780907 41.385757
v 4.435904 16.395477 41.385757
v 9.489361 36.437534 39.856907
v 9.489361 11.430222 39.856907
v 13.774697 37.397221 38.455463
v 13.774697 16.140020 38.455463
v 75.140320 96.975426 48.117260
v 89.766548 80.942139 29.895761
v 75.140312 89.333534 28.949194
v 79.210945 73.357185 16.443096
v 75.140312 75.692909 16.182772
v 79.561127 70.433136 -4.844338
v 72.364037 70.436279 -4.601194
v 75.669655 70.226570 -11.559715
v 72.596870 70.196739 -15.118189
v 67.723480 70.366676 -9.997423
v 68.730888 70.260239 -14.222281
v 55.754456 85.853340 49.371830
v 60.514065 80.942139 29.895771
v 71.069664 73.357185 16.443079
v 71.069664 68.685738 16.963715
v 72.364037 65.655220 -4.539524
v 67.723480 65.585632 -9.935760
v 68.730888 65.481201 -14.160638
v 72.596870 65.419739 -15.056581
v 75.669655 65.450180 -11.498116
v 57.819805 63.466988 50.591164
v 58.192097 63.890938 41.590801
v 60.514065 64.159355 31.788939
v 75.140312 55.767956 32.735508
v 75.140312 66.350014 17.224014
v 79.210945 68.685738 16.963711
v 79.561127 65.652092 -4.782674
v 82.555504 65.461868 -14.462943
v 84.086769 65.580376 -10.342390
v 78.766174 65.388008 -15.122398
v 82.555504 70.240265 -14.524565
v 78.766174 70.163765 -15.183995
v 84.086769 70.361435 -10.404061
v 57.324669 57.599018 48.656387
v 56.530994 57.798813 41.360229
v 58.567474 56.830788 40.136860
v 61.064285 62.525665 39.865379
v 66.705429 54.967213 38.471416
v 68.316216 57.449142 45.619534
v 75.140320 53.962372 41.733402
v 89.766548 64.159363 31.788923
v 63.958164 53.369354 38.358528
v 63.683117 53.271591 44.125580
v 61.401649 53.812996 49.083454
v 69.682487 55.352497 50.370506
v 0.000004 87.039932 14.531137
v 13.584720 89.756241 15.101626
v -13.588385 89.756241 15.101636
v -20.928963 120.966881 -33.248173
v -17.758610 113.363258 -31.053627
v -23.823927 121.547539 -31.412739
v -25.261974 114.868240 -26.296415
v -11.440810 109.361351 -23.290356
v -21.998068 111.488693 -16.520386
v 2.356004 109.961113 -9.192387
v -12.028858 112.688553 1.230276
v -31.840277 113.426361 21.074810
v -28.615911 107.857529 16.481165
v -27.816690 112.675529 26.888805
v -23.127317 106.847748 24.403870
v -19.462034 107.664658 6.829997
v -10.961620 106.110886 18.968147
v -3.071366 111.083786 13.971716
v 28.871641 108.802261 33.420330
v 26.726593 103.534462 28.137873
v 22.567549 110.450104 38.162689
v 16.279840 106.283340 36.140888
v 24.925364 101.399353 19.495916
v 7.920017 105.777832 32.543842
v 17.790869 102.104469 35.573978
v 25.061140 109.132980 39.430088
v 29.030334 108.095467 36.444202
v 24.368355 100.373711 30.535116
v 19.588167 99.238113 20.261339
v 11.313524 108.356346 3.549056
v 18.763784 110.223999 4.215785
v 29.989622 102.336525 -17.320751
v 22.496964 100.081238 -8.781163
v 27.329891 102.788818 -21.084421
v 16.200705 101.151886 -17.690731
v 8.881224 101.994911 28.476593
v -4.083064 114.555878 20.769634
v -24.034483 111.090958 5.095646
v -10.533651 108.623100 24.374140
v -30.068975 110.018959 13.671403
v -20.807384 108.316513 27.039860
v -32.084854 115.053101 18.902250
v -25.694370 113.860558 28.136354
v -24.055014 122.204559 -30.055521
v -25.860914 116.571152 -22.778688
v -24.569242 115.533562 -14.817005
v -18.309879 117.104645 0.532962
v 14.716630 155.630554 4.878182
v 5.185058 162.065857 2.579710
v -1.384769 164.101410 5.442830
v 2.579797 160.308853 4.193003
v 2.524878 163.424667 11.022845
v 4.638986 159.952423 7.131970
v 17.020779 146.039810 3.972841
v 7.678852 156.871429 -5.151905
v -2.205577 155.147507 1.573551
v 4.832182 153.906601 11.603639
v 13.834540 132.805649 3.703046
v 8.214463 147.617371 -8.577926
v -4.038205 147.264557 -0.018520
v 4.768122 145.686996 12.532247
v 14.592621 119.969780 4.784608
v 5.886844 134.229401 -7.623998
v -5.030901 136.299530 0.300236
v 2.916789 134.875778 11.627278
v -0.017794 122.740074 15.392093
v 3.698875 121.921249 -10.745378
v -10.911542 124.691559 -0.137892
v 28.036938 104.407433 -23.049185
v 17.874458 104.983566 -22.341860
v 32.261261 103.689072 -17.071533
v 27.874540 103.283073 -8.191190
v 4.536957 112.772789 -16.020887
v -7.801596 112.154800 -25.569437
v -13.943641 114.180885 -30.334358
v -19.457069 121.282326 -32.970657
v -17.415237 18.752001 -2.089750
v -0.000001 13.182323 -2.512416
v -18.110516 19.449394 10.109456
v -8.064067 17.100702 16.408159
v 0.000006 16.469601 19.335186
v -23.430027 26.859398 -12.285602
v -24.953520 32.525543 -2.512409
v -32.811691 36.059517 -2.146607
v -40.980331 38.899685 -2.512405
v -27.917206 33.770348 -21.729597
v -19.079935 39.634651 -35.246933
v -0.000032 38.172546 -39.579933
v 19.074751 39.634651 -35.246948
v 38.340664 41.932236 -23.409027
v 37.178703 51.503178 -23.002638
v 43.894943 54.143219 -2.512434
v 37.179024 51.503525 18.720423
v -33.359119 59.235397 18.068382
v -37.179005 51.503525 18.720446
v -38.340672 41.932236 19.384693
v -27.909639 33.462723 16.408165
v -23.911791 27.868484 6.481201
v -31.844934 73.206490 -5.588647
v -39.279667 61.974220 -2.512407
v -43.900887 54.143219 -2.512405
v -44.910301 43.603210 -2.512404
v -16.552053 56.723312 -33.428833
v -0.000031 57.296158 -37.391624
v 16.547554 56.723312 -33.428841
v 33.359112 59.235397 -22.436932
v 39.274353 61.974220 -2.512432
v 31.840624 73.206490 -5.588668
v 22.426683 80.333992 -1.348662
v 18.804758 87.958405 -1.038693
v 9.980824 96.612991 -6.275895
v 4.701149 97.364746 -9.211825
v -0.000004 98.115936 -10.613585
v -5.931335 89.836327 -13.003523
v -12.701950 74.482018 -26.851255
v -0.000011 75.786644 -30.803665
v 12.698498 74.482018 -26.851263
v 26.711510 73.206490 -18.104265
v 17.058182 82.787857 -13.629979
v 13.591991 89.407326 -9.729026
v 5.929722 89.836327 -13.003527
v -0.000005 90.175171 -14.218407
v -0.000008 83.704979 -21.042561
v -7.964980 83.244034 -18.854219
v -13.595675 89.407326 -9.729016
v -18.809847 87.958405 -1.038681
v -16.060829 94.332581 -0.068067
v -13.732717 100.889488 0.733801
v -9.975752 113.328506 -0.139656
v -5.329506 117.152054 -0.242225
v -0.000001 119.026001 0.078686
v -22.429716 80.333992 -1.348648
v -17.062805 82.787857 -13.629968
v -26.718746 73.206490 -18.104246
v -33.368153 59.235397 -22.436909
v -37.188778 51.503178 -23.002615
v -38.351051 41.932236 -23.409000
v 7.962813 83.244034 -18.854223
v -68.778503 71.449631 3.651820
v -78.956451 71.143280 4.180896
v -68.180809 71.077652 -1.833409
v -79.611801 69.473106 -1.833405
v -68.778503 71.449631 -7.318638
v -78.956451 71.143280 -7.847707
v -68.778503 77.801811 -7.318638
v -78.956451 78.108154 -7.847707
v -79.611801 79.778336 -1.833406
v -78.956451 78.108154 4.180896
v -68.778503 77.801811 3.651819
v -68.180809 78.173782 -1.833409
v 68.778503 71.449631 3.651775
v 68.180809 71.077652 -1.833453
v 78.956451 71.143280 4.180844
v 79.611801 69.473106 -1.833457
v 68.778503 71.449631 -7.318683
v 78.956451 71.143280 -7.847759
v 68.778503 77.801811 -7.318683
v 68.180809 78.173782 -1.833454
v 68.778503 77.801811 3.651775
v 78.956451 78.108154 4.180844
v 79.611801 79.778336 -1.833458
v 78.956451 78.108154 -7.847759
vt 0.764966 0.321229
vt 0.749285 0.396950
vt 0.670489 0.296029
vt 0.892160 0.936936
vt 0.876685 0.950080
vt 0.888877 0.951745
vt 0.988290 0.627077
vt 0.965055 0.568579
vt 0.973258 0.627805
vt 0.742709 0.409420
vt 0.749285 0.396950
vt 0.677950 0.395214
vt 0.283575 0.586897
vt 0.201524 0.605503
vt 0.267915 0.601180
vt 0.498540 0.477679
vt 0.461451 0.536277
vt 0.498540 0.521871
vt 0.519772 0.476618
vt 0.449244 0.538250
vt 0.496633 0.547320
vt 0.094494 0.310580
vt 0.049967 0.289383
vt 0.083037 0.289939
vt 0.060025 0.276517
vt 0.035001 0.289020
vt 0.061093 0.303534
vt 0.104374 0.289945
vt 0.144320 0.290493
vt 0.131583 0.314098
vt 0.116972 0.290451
vt 0.092898 0.270226
vt 0.071176 0.289491
vt 0.129711 0.266780
vt 0.170048 0.271404
vt 0.167100 0.290837
vt 0.171530 0.308881
vt 0.154245 0.290933
vt 0.176253 0.291101
vt 0.094494 0.310580
vt 0.049967 0.289383
vt 0.083037 0.289939
vt 0.060025 0.276517
vt 0.035001 0.289020
vt 0.061093 0.303534
vt 0.104374 0.289945
vt 0.144320 0.290493
vt 0.131583 0.314098
vt 0.116972 0.290451
vt 0.092898 0.270226
vt 0.071176 0.289491
vt 0.129711 0.266780
vt 0.170048 0.271404
vt 0.167100 0.290837
vt 0.171530 0.308881
vt 0.154245 0.290933
vt 0.176253 0.291101
vt 0.094494 0.310580
vt 0.049967 0.289383
vt 0.083037 0.289939
vt 0.060025 0.276517
vt 0.035001 0.289020
vt 0.061093 0.303534
vt 0.104374 0.289945
vt 0.144320 0.290493
vt 0.131583 0.314098
vt 0.116972 0.290451
vt 0.092898 0.270226
vt 0.071176 0.289491
vt 0.129711 0.266780
vt 0.170048 0.271404
vt 0.167100 0.290837
vt 0.171530 0.308881
vt 0.154245 0.290933
vt 0.176253 0.291101
vt 0.094494 0.310580
vt 0.049967 0.289383
vt 0.083037 0.289939
vt 0.060025 0.276517
vt 0.035001 0.289020
vt 0.061093 0.303534
vt 0.104374 0.289945
vt 0.144320 0.290493
vt 0.131583 0.314098
vt 0.116972 0.290451
vt 0.092898 0.270226
vt 0.071176 0.289491
vt 0.129711 0.266780
vt 0.170048 0.271404
vt 0.167100 0.290837
vt 0.171530 0.308881
vt 0.154245 0.290933
vt 0.176253 0.291101
vt 0.094494 0.310580
vt 0.049967 0.289383
vt 0.083037 0.289939
vt 0.060025 0.276517
vt 0.035001 0.289020
vt 0.061093 0.303534
vt 0.104374 0.289945
vt 0.144320 0.290493
vt 0.131583 0.314098
vt 0.116972 0.290451
vt 0.092898 0.270226
vt 0.071176 0.289491
vt 0.129711 0.266780
vt 0.170048 0.271404
vt 0.167100 0.290837
vt 0.171530 0.308881
vt 0.154245 0.290933
vt 0.176253 0.291101
vt 0.384594 0.476562
vt 0.461400 0.417697
vt 0.463073 0.476061
vt 0.498540 0.476289
vt 0.498540 0.432098
vt 0.459776 0.477897
vt 0.384594 0.449672
vt 0.384594 0.504297
vt 0.384594 0.477407
vt 0.374373 0.475055
vt 0.438482 0.418950
vt 0.441297 0.476101
vt 0.519772 0.474395
vt 0.496633 0.403693
vt 0.441495 0.477635
vt 0.374373 0.446312
vt 0.374373 0.504701
vt 0.374373 0.475959
vt 0.083037 0.289939
vt 0.049967 0.289383
vt 0.094494 0.310580
vt 0.061093 0.303534
vt 0.035001 0.289020
vt 0.060025 0.276517
vt 0.092898 0.270226
vt 0.116972 0.290451
vt 0.131583 0.314098
vt 0.144320 0.290493
vt 0.104374 0.289945
vt 0.071176 0.289491
vt 0.129711 0.266780
vt 0.154245 0.290933
vt 0.171530 0.308881
vt 0.167100 0.290837
vt 0.170048 0.271404
vt 0.176253 0.291101
vt 0.461400 0.417697
vt 0.384594 0.476562
vt 0.463073 0.476061
vt 0.384594 0.504297
vt 0.384594 0.449672
vt 0.459776 0.477897
vt 0.498540 0.432098
vt 0.498540 0.476289
vt 0.498540 0.521871
vt 0.461451 0.536277
vt 0.384594 0.477407
vt 0.498540 0.477679
vt 0.438482 0.418950
vt 0.374373 0.475055
vt 0.441297 0.476101
vt 0.374373 0.504701
vt 0.374373 0.446312
vt 0.441495 0.477635
vt 0.496633 0.403693
vt 0.519772 0.474395
vt 0.496633 0.547320
vt 0.449244 0.538250
vt 0.374373 0.475959
vt 0.519772 0.476618
vt 0.079887 0.586610
vt 0.091549 0.551951
vt 0.032229 0.568995
vt 0.207214 0.496527
vt 0.209493 0.513370
vt 0.299117 0.512561
vt 0.358184 0.500167
vt 0.358184 0.511800
vt 0.299117 0.512561
vt 0.207214 0.496527
vt 0.209493 0.513370
vt 0.091549 0.551951
vt 0.032229 0.568995
vt 0.079887 0.586610
vt 0.261193 0.816985
vt 0.194833 0.876773
vt 0.270187 0.861158
vt 0.274822 0.901626
vt 0.234746 0.960193
vt 0.293764 0.965651
vt 0.293673 0.982053
vt 0.327120 0.985146
vt 0.358184 0.967566
vt 0.358184 0.986232
vt 0.327120 0.985146
vt 0.293764 0.965651
vt 0.293673 0.982053
vt 0.234746 0.960193
vt 0.274822 0.901626
vt 0.194833 0.876773
vt 0.270187 0.861158
vt 0.261193 0.816985
vt 0.279007 0.855913
vt 0.274912 0.835799
vt 0.278519 0.799146
vt 0.253879 0.796190
vt 0.272045 0.781950
vt 0.301285 0.784582
vt 0.332754 0.801116
vt 0.358184 0.797697
vt 0.358184 0.816495
vt 0.332754 0.801116
vt 0.301285 0.784582
vt 0.272045 0.781950
vt 0.253879 0.796190
vt 0.278519 0.799146
vt 0.274912 0.835799
vt 0.279007 0.855913
vt 0.297053 0.868026
vt 0.313376 0.892357
vt 0.312211 0.903942
vt 0.358184 0.889831
vt 0.339770 0.885828
vt 0.312211 0.903942
vt 0.313376 0.892357
vt 0.297053 0.868026
vt 0.282801 0.827676
vt 0.307033 0.798198
vt 0.346256 0.816597
vt 0.349132 0.871340
vt 0.358184 0.871324
vt 0.349132 0.871340
vt 0.346256 0.816597
vt 0.307033 0.798198
vt 0.282801 0.827676
vt 0.295744 0.827248
vt 0.306953 0.864350
vt 0.331559 0.879686
vt 0.339770 0.885828
vt 0.338678 0.867618
vt 0.331559 0.879686
vt 0.306953 0.864350
vt 0.295744 0.827248
vt 0.295826 0.827240
vt 0.339312 0.817941
vt 0.295826 0.827240
vt 0.310483 0.836234
vt 0.310194 0.858854
vt 0.338678 0.867618
vt 0.339312 0.817941
vt 0.310483 0.836234
vt 0.310194 0.858854
vt 0.158146 0.697632
vt 0.152238 0.664857
vt 0.081811 0.692973
vt 0.168491 0.637850
vt 0.190877 0.634589
vt 0.282771 0.631376
vt 0.358184 0.663592
vt 0.358184 0.686841
vt 0.158146 0.697632
vt 0.152238 0.664857
vt 0.081811 0.692973
vt 0.168491 0.637850
vt 0.140842 0.645205
vt 0.110303 0.660112
vt 0.128671 0.624695
vt 0.095153 0.640286
vt 0.080755 0.620276
vt 0.041780 0.704584
vt 0.112705 0.778197
vt 0.079121 0.789108
vt 0.235654 0.749419
vt 0.358184 0.745396
vt 0.235654 0.749419
vt 0.112705 0.778197
vt 0.079121 0.789108
vt 0.041780 0.704584
vt 0.080755 0.620276
vt 0.110303 0.660112
vt 0.095153 0.640286
vt 0.128671 0.624695
vt 0.140842 0.645205
vt 0.115877 0.609305
vt 0.185274 0.590579
vt 0.201884 0.620493
vt 0.269673 0.617280
vt 0.358184 0.586258
vt 0.358184 0.635893
vt 0.282771 0.631376
vt 0.190877 0.634589
vt 0.185274 0.590579
vt 0.115877 0.609305
vt 0.085580 0.573794
vt 0.204522 0.539636
vt 0.283391 0.538525
vt 0.283575 0.586897
vt 0.267915 0.601180
vt 0.269673 0.617280
vt 0.201884 0.620493
vt 0.201524 0.605503
vt 0.283391 0.538525
vt 0.204522 0.539636
vt 0.085580 0.573794
vt 0.358184 0.535895
vt 0.267575 0.117707
vt 0.281489 0.054084
vt 0.318434 0.117707
vt 0.165857 0.016837
vt 0.088769 0.054084
vt 0.050225 0.054084
vt 0.013280 0.117707
vt 0.064139 0.117707
vt 0.127313 0.054084
vt 0.165857 0.054084
vt 0.204401 0.054084
vt 0.242945 0.054084
vt 0.216716 0.117707
vt 0.216716 0.197750
vt 0.267575 0.197750
vt 0.318434 0.197750
vt 0.241413 0.236630
vt 0.279671 0.236630
vt 0.165857 0.258054
vt 0.203155 0.236630
vt 0.164896 0.236630
vt 0.126638 0.236630
vt 0.088380 0.236630
vt 0.050122 0.236630
vt 0.064139 0.197750
vt 0.013280 0.197750
vt 0.165857 0.197750
vt 0.114998 0.197750
vt 0.114998 0.117707
vt 0.165857 0.117707
vt 0.318434 0.117707
vt 0.281489 0.054084
vt 0.267575 0.117707
vt 0.242945 0.054084
vt 0.165857 0.016837
vt 0.204401 0.054084
vt 0.165857 0.054084
vt 0.127313 0.054084
vt 0.088769 0.054084
vt 0.050225 0.054084
vt 0.013280 0.117707
vt 0.064139 0.117707
vt 0.013280 0.197750
vt 0.064139 0.197750
vt 0.050122 0.236630
vt 0.088380 0.236630
vt 0.165857 0.258054
vt 0.126638 0.236630
vt 0.164896 0.236630
vt 0.203155 0.236630
vt 0.241413 0.236630
vt 0.279671 0.236630
vt 0.318434 0.197750
vt 0.267575 0.197750
vt 0.216716 0.197750
vt 0.216716 0.117707
vt 0.165857 0.117707
vt 0.114998 0.117707
vt 0.165857 0.197750
vt 0.114998 0.197750
vt 0.418867 0.829830
vt 0.413259 0.903789
vt 0.429735 0.829830
vt 0.439974 0.904653
vt 0.485543 0.905517
vt 0.499373 0.947796
vt 0.461240 0.947802
vt 0.516537 0.985542
vt 0.564324 0.950343
vt 0.563328 0.904653
vt 0.528423 0.904653
vt 0.563328 0.904653
vt 0.563328 0.868417
vt 0.563328 0.868417
vt 0.528177 0.866791
vt 0.528423 0.904653
vt 0.545814 0.886128
vt 0.528177 0.866791
vt 0.484553 0.864616
vt 0.483830 0.829830
vt 0.484553 0.864616
vt 0.483830 0.829830
vt 0.508833 0.847767
vt 0.528177 0.866791
vt 0.508346 0.829830
vt 0.527936 0.829830
vt 0.527936 0.829830
vt 0.177869 0.716879
vt 0.358184 0.710036
vt 0.177869 0.716879
vt 0.894260 0.653882
vt 0.983451 0.651700
vt 0.953729 0.652414
vt 0.973258 0.627805
vt 0.953729 0.652414
vt 0.894260 0.653882
vt 0.848630 0.631566
vt 0.893222 0.653924
vt 0.785472 0.634333
vt 0.761216 0.552369
vt 0.822926 0.558828
vt 0.758007 0.496474
vt 0.821309 0.520486
vt 0.909861 0.566713
vt 0.933401 0.628337
vt 0.965055 0.568579
vt 0.987856 0.570574
vt 0.960180 0.538216
vt 0.895785 0.533821
vt 0.909861 0.566713
vt 0.933401 0.628337
vt 0.761316 0.217060
vt 0.681371 0.199186
vt 0.551073 0.186154
vt 0.551070 0.290984
vt 0.442195 0.296029
vt 0.422231 0.202174
vt 0.725824 0.134580
vt 0.813901 0.223843
vt 0.797018 0.166373
vt 0.770757 0.101867
vt 0.802759 0.149765
vt 0.814905 0.129100
vt 0.860673 0.095967
vt 0.878266 0.136379
vt 0.436982 0.092860
vt 0.551050 0.074916
vt 0.673912 0.095848
vt 0.685951 0.037167
vt 0.746958 0.052636
vt 0.830367 0.048558
vt 0.891201 0.052636
vt 0.942495 0.096394
vt 0.964949 0.038902
vt 0.987390 0.078450
vt 0.987800 0.035212
vt 0.964949 0.038902
vt 0.942495 0.096394
vt 0.891201 0.052636
vt 0.694759 0.556765
vt 0.694759 0.440655
vt 0.667719 0.551595
vt 0.667719 0.416899
vt 0.641118 0.548059
vt 0.639531 0.444852
vt 0.613432 0.547243
vt 0.614752 0.417782
vt 0.589094 0.548059
vt 0.590680 0.443643
vt 0.563269 0.551595
vt 0.563269 0.416899
vt 0.540024 0.556765
vt 0.540024 0.442267
vt 0.629643 0.904653
vt 0.644813 0.829830
vt 0.615334 0.904653
vt 0.630503 0.829830
vt 0.629643 0.755007
vt 0.600165 0.755007
vt 0.565852 0.685742
vt 0.559185 0.685742
vt 0.556953 0.628210
vt 0.551402 0.628210
vt 0.570117 0.570677
vt 0.563312 0.570677
vt 0.551402 0.628210
vt 0.563312 0.599443
vt 0.588463 0.904653
vt 0.600020 0.829830
vt 0.570686 0.755007
vt 0.552518 0.685742
vt 0.545851 0.685742
vt 0.544001 0.628210
vt 0.544001 0.628210
vt 0.545165 0.599443
vt 0.545165 0.570677
vt 0.538360 0.570677
vt 0.564332 0.824309
vt 0.565838 0.794019
vt 0.541208 0.755007
vt 0.511729 0.755007
vt 0.539184 0.685742
vt 0.532517 0.685742
vt 0.538450 0.628210
vt 0.531555 0.599443
vt 0.538450 0.628210
vt 0.531555 0.570677
vt 0.522482 0.599443
vt 0.522482 0.570677
vt 0.534750 0.628210
vt 0.522482 0.570677
vt 0.534750 0.628210
vt 0.548772 0.821297
vt 0.557305 0.797030
vt 0.554060 0.784511
vt 0.554060 0.784511
vt 0.534392 0.785565
vt 0.519836 0.810168
vt 0.489609 0.787858
vt 0.477917 0.755007
vt 0.452772 0.755007
vt 0.525850 0.685742
vt 0.534392 0.785565
vt 0.520092 0.809635
vt 0.527936 0.829830
vt 0.510364 0.829830
vt 0.358184 0.731892
vt 0.200286 0.731973
vt 0.200286 0.731974
vt 0.753202 0.986383
vt 0.746241 0.982556
vt 0.757763 0.983139
vt 0.758062 0.974146
vt 0.735211 0.969378
vt 0.751843 0.957415
vt 0.713673 0.945724
vt 0.736254 0.927364
vt 0.766391 0.892585
vt 0.760089 0.900455
vt 0.759814 0.882743
vt 0.751122 0.887044
vt 0.746218 0.917355
vt 0.732337 0.896812
vt 0.721636 0.905802
vt 0.704166 0.801409
vt 0.705374 0.813435
vt 0.727239 0.775703
vt 0.740282 0.779120
vt 0.714519 0.829979
vt 0.761671 0.793076
vt 0.743724 0.765406
vt 0.714281 0.774311
vt 0.695025 0.794762
vt 0.685243 0.814202
vt 0.690983 0.835823
vt 0.711110 0.859692
vt 0.724895 0.843046
vt 0.669306 0.960531
vt 0.680004 0.945542
vt 0.673640 0.966899
vt 0.690262 0.960617
vt 0.699056 0.924162
vt 0.683388 0.895582
vt 0.700373 0.881148
vt 0.676007 0.878162
vt 0.686452 0.869310
vt 0.670680 0.868384
vt 0.676982 0.863136
vt 0.786994 0.810882
vt 0.829388 0.759500
vt 0.783646 0.779503
vt 0.814841 0.733831
vt 0.776300 0.746520
vt 0.810208 0.727569
vt 0.778117 0.735696
vt 0.910134 0.719293
vt 0.896870 0.714978
vt 0.893804 0.718046
vt 0.879556 0.719848
vt 0.885946 0.730131
vt 0.856933 0.739703
vt 0.861216 0.759351
vt 0.847854 0.748829
vt 0.851195 0.790049
vt 0.833168 0.739978
vt 0.815319 0.723902
vt 0.805232 0.717785
vt 0.775523 0.727106
vt 0.772547 0.736173
vt 0.771735 0.755723
vt 0.768884 0.771660
vt 0.755336 0.775425
vt 0.918722 0.925743
vt 0.885738 0.936060
vt 0.869690 0.947100
vt 0.869299 0.935711
vt 0.858830 0.949639
vt 0.850376 0.942068
vt 0.856166 0.964934
vt 0.847445 0.951474
vt 0.933093 0.900137
vt 0.896759 0.922813
vt 0.867204 0.913939
vt 0.838630 0.927441
vt 0.818397 0.950528
vt 0.934493 0.859525
vt 0.905591 0.896542
vt 0.864202 0.890929
vt 0.823578 0.906516
vt 0.795208 0.930586
vt 0.947095 0.823439
vt 0.909672 0.856280
vt 0.860390 0.861970
vt 0.808055 0.875389
vt 0.778380 0.890758
vt 0.792547 0.839155
vt 0.752836 0.859722
vt 0.967031 0.798973
vt 0.913074 0.818991
vt 0.855293 0.822382
vt 0.958539 0.752969
vt 0.948285 0.761585
vt 0.974235 0.757482
vt 0.975315 0.765922
vt 0.922602 0.793168
vt 0.922797 0.766230
vt 0.916584 0.738901
vt 0.914870 0.724899
vt 0.920408 0.725072
vt 0.928368 0.750788
vt 0.938665 0.753577
vt 0.951451 0.749285
vt 0.960708 0.747045
vt 0.975968 0.750545
vt 0.981465 0.759723
vt 0.983765 0.781232
vt 0.326664 0.048558
vt 0.363530 0.015989
vt 0.412062 0.052636
vt 0.446927 0.037167
vt 0.550915 0.033477
vt 0.864029 0.015989
vt 0.830367 0.048558
vt 0.860673 0.095967
vt 0.814905 0.129100
vt 0.802759 0.149765
vt 0.797018 0.166373
vt 0.878266 0.136379
vt 0.938359 0.200636
vt 0.987360 0.192087
vt 0.938359 0.200636
vt 0.858599 0.214072
vt 0.877774 0.270038
vt 0.826466 0.283982
vt 0.768281 0.271534
vt 0.390485 0.315253
vt 0.388621 0.270040
vt 0.404159 0.214072
vt 0.405311 0.134580
vt 0.387696 0.101867
vt 0.342494 0.129100
vt 0.354930 0.149765
vt 0.742709 0.409420
vt 0.677950 0.395214
vt 0.550983 0.388501
vt 0.455118 0.395214
vt 0.367557 0.402760
vt 0.316008 0.401307
vt 0.342100 0.330319
vt 0.353338 0.275935
vt 0.363409 0.223843
vt 0.360808 0.166373
vt 0.944879 0.300563
vt 0.993802 0.303913
vt 0.944879 0.300563
vt 0.884380 0.315253
vt 0.829644 0.329774
vt 0.816657 0.396950
vt 0.813807 0.438628
vt 0.820027 0.483212
vt 0.756320 0.479320
vt 0.895785 0.533821
vt 0.960180 0.538216
vt 0.988026 0.542609
vt 0.960629 0.494004
vt 0.949871 0.404408
vt 0.993738 0.412037
vt 0.949871 0.404408
vt 0.870988 0.396950
vt 0.890165 0.452977
vt 0.890825 0.491685
vt 0.960609 0.494022
vt 0.990000 0.496659
vt 0.991602 0.458701
vt 0.959632 0.455318
vt 0.890825 0.491685
vt 0.820027 0.483212
vt 0.821309 0.520486
vt 0.822926 0.558828
vt 0.848630 0.631566
vt 0.893222 0.653924
vt 0.972068 0.664882
vt 0.834637 0.655812
vt 0.894145 0.677421
vt 0.849683 0.668853
vt 0.318290 0.444325
vt 0.266625 0.454316
vt 0.315440 0.402646
vt 0.281758 0.410422
vt 0.341093 0.331657
vt 0.290340 0.316592
vt 0.352256 0.277273
vt 0.295598 0.275421
vt 0.362313 0.225181
vt 0.294147 0.222151
vt 0.959633 0.455324
vt 0.813901 0.223843
vt 0.858599 0.214072
vt 0.877774 0.270038
vt 0.884380 0.315253
vt 0.870988 0.396950
vt 0.890165 0.452977
vt 0.813807 0.438628
vt 0.756320 0.479320
vt 0.758007 0.496474
vt 0.761216 0.552369
vt 0.785472 0.634333
vt 0.834637 0.655812
vt 0.849683 0.668853
vt 0.172509 0.473286
vt 0.026478 0.476230
vt 0.180588 0.442930
vt 0.016578 0.442930
vt 0.182097 0.417714
vt 0.019314 0.421979
vt 0.155151 0.403159
vt 0.045956 0.406019
vt 0.008833 0.373500
vt 0.038925 0.373500
vt 0.019314 0.325021
vt 0.045956 0.340980
vt 0.182097 0.329285
vt 0.155151 0.343841
vt 0.191656 0.373500
vt 0.161563 0.373500
vt 0.172509 0.473286
vt 0.180588 0.442930
vt 0.026478 0.476230
vt 0.016578 0.442930
vt 0.182097 0.417714
vt 0.019314 0.421979
vt 0.155151 0.403159
vt 0.161563 0.373500
vt 0.191656 0.373500
vt 0.155151 0.343841
vt 0.182097 0.329285
vt 0.045956 0.340980
vt 0.019314 0.325021
vt 0.038925 0.373500
vt 0.008833 0.373500
vt 0.045956 0.406019
vt 0.357596 0.436489
vn 0.7398 0.4421 0.5072
vn 0.7190 0.5635 0.4068
vn 0.5162 0.2830 0.8084
vn 0.8823 0.4446 0.1545
vn 0.1495 0.8099 -0.5672
vn 0.6491 0.4935 0.5789
vn 0.1029 0.3994 -0.9110
vn -0.5803 0.1276 -0.8044
vn -0.4877 0.4215 -0.7645
vn -0.6969 -0.3644 0.6176
vn 0.0570 0.4601 0.8860
vn 0.2523 0.9664 -0.0495
vn -0.4115 0.3533 0.8402
vn 0.6893 0.0694 -0.7211
vn 0.0622 0.9258 -0.3728
vn 0.6864 0.7001 0.1969
vn 0.8116 0.1386 -0.5676
vn -0.2991 0.9262 -0.2298
vn 0.6319 0.7707 0.0817
vn -0.9311 -0.3395 0.1332
vn -0.0128 0.2349 0.9719
vn -0.2175 0.5658 0.7953
vn -0.2478 0.5550 0.7941
vn -0.0178 0.2343 0.9720
vn 0.9545 -0.1157 0.2749
vn 0.9591 -0.1061 0.2624
vn -0.0188 0.2353 0.9717
vn 0.1538 -0.7974 0.5836
vn 0.1640 -0.7956 0.5833
vn -0.0124 0.2364 0.9716
vn -0.8528 -0.4002 0.3355
vn -0.0129 0.2351 0.9719
vn -0.9312 -0.3396 0.1325
vn -0.8496 -0.4031 0.3401
vn -0.8503 -0.3878 0.3558
vn -0.9351 -0.3188 0.1547
vn 0.3092 -0.8232 -0.4762
vn -0.9353 -0.3183 0.1544
vn 0.0103 -0.8206 -0.5715
vn 0.0103 -0.8205 -0.5716
vn -0.9354 -0.3183 0.1542
vn -0.9861 -0.1566 0.0563
vn -0.9302 -0.3411 0.1355
vn -0.2178 0.5605 0.7990
vn -0.9819 -0.1864 0.0352
vn -0.9818 -0.1864 0.0351
vn -0.0201 0.8622 0.5062
vn -0.0479 0.8598 0.5085
vn -0.2469 0.5537 0.7952
vn 0.9739 0.1512 0.1694
vn -0.2486 0.5551 0.7938
vn 0.9549 -0.1143 0.2741
vn 0.9739 0.1531 0.1674
vn 0.9717 0.1592 0.1748
vn 0.9500 -0.0867 0.2999
vn 0.1343 -0.9164 -0.3771
vn 0.9505 -0.0830 0.2994
vn 0.1536 -0.7921 0.5907
vn 0.1333 -0.9160 -0.3784
vn 0.1641 -0.7906 0.5900
vn -0.8516 -0.3857 0.3550
vn 0.1492 -0.9131 -0.3794
vn -0.8506 -0.3876 0.3554
vn 0.3096 -0.8230 -0.4763
vn 0.1489 -0.9136 -0.3785
vn 0.1345 -0.9163 -0.3773
vn 0.2833 -0.8322 -0.4767
vn 0.9716 0.1594 0.1747
vn 0.2832 -0.8321 -0.4768
vn 0.9717 0.2233 -0.0766
vn 0.2831 -0.8323 -0.4766
vn -0.0079 -0.8225 -0.5688
vn 0.9719 0.2230 -0.0759
vn -0.0077 -0.8231 -0.5679
vn 0.5308 0.3303 -0.7805
vn 0.5311 0.3327 -0.7793
vn -0.0086 -0.8237 -0.5670
vn -0.1209 -0.4108 -0.9037
vn 0.0109 -0.8221 -0.5692
vn -0.9851 -0.1605 0.0616
vn -0.0995 -0.4074 -0.9078
vn -0.1007 -0.4064 -0.9081
vn -0.9854 -0.1598 0.0587
vn -0.6622 0.4013 -0.6328
vn -0.9809 -0.1897 0.0427
vn -0.0184 0.8597 0.5105
vn -0.6597 0.3925 -0.6409
vn -0.6597 0.3928 -0.6406
vn -0.0189 0.8599 0.5101
vn -0.0099 0.9813 -0.1924
vn -0.0271 0.9806 -0.1939
vn -0.0471 0.8564 0.5142
vn 0.9734 0.2147 -0.0800
vn 0.9729 0.2162 -0.0823
vn 0.9734 0.2145 -0.0799
vn 0.5354 0.3111 -0.7852
vn -0.0273 0.9807 -0.1937
vn -0.0239 0.9859 -0.1656
vn 0.5502 0.2996 -0.7795
vn -0.0721 0.4718 -0.8788
vn 0.5602 0.3303 -0.7597
vn -0.1215 -0.4304 -0.8944
vn -0.0729 0.5063 -0.8593
vn -0.1049 -0.4388 -0.8924
vn -0.6723 0.4021 -0.6216
vn -0.0573 0.5075 -0.8597
vn -0.0511 0.4755 -0.8782
vn -0.6769 0.3758 -0.6329
vn -0.0025 0.9849 -0.1734
vn -0.1978 -0.4603 -0.8655
vn -0.9911 0.0634 0.1170
vn -0.9060 0.3941 -0.1543
vn -0.9067 0.3794 -0.1841
vn -0.9926 0.0603 0.1055
vn -0.1195 -0.0392 0.9921
vn -0.1148 -0.0341 0.9928
vn -0.9927 0.0625 0.1027
vn -0.3938 -0.8645 0.3124
vn -0.3921 -0.8609 0.3243
vn -0.9908 0.0670 0.1175
vn -0.3647 -0.5580 -0.7455
vn -0.9911 0.0636 0.1169
vn -0.1973 -0.4603 -0.8655
vn -0.3690 -0.5618 -0.7405
vn -0.3911 -0.5472 -0.7401
vn -0.2144 -0.4497 -0.8671
vn 0.6623 -0.6917 0.2878
vn 0.6624 -0.6917 0.2878
vn -0.2143 -0.4494 -0.8673
vn 0.7035 -0.7105 0.0134
vn 0.7036 -0.7104 0.0135
vn -0.2141 -0.4493 -0.8673
vn -0.1470 -0.2918 -0.9451
vn -0.1990 -0.4616 -0.8645
vn -0.9088 0.3879 -0.1534
vn -0.1352 -0.3029 -0.9434
vn -0.9088 0.3880 -0.1534
vn -0.6626 0.7486 -0.0231
vn -0.6669 0.7438 -0.0442
vn -0.9075 0.3781 -0.1830
vn -0.0455 0.2178 0.9749
vn -0.9065 0.3794 -0.1849
vn -0.1193 -0.0385 0.9921
vn -0.0386 0.2270 0.9731
vn -0.0753 0.2463 0.9663
vn -0.1328 -0.0290 0.9907
vn 0.5538 -0.8202 0.1436
vn -0.1328 -0.0273 0.9908
vn -0.4036 -0.8598 0.3128
vn 0.5561 -0.8191 0.1407
vn -0.4014 -0.8562 0.3253
vn -0.3908 -0.5446 -0.7421
vn 0.5624 -0.8081 0.1753
vn -0.3907 -0.5468 -0.7405
vn 0.6624 -0.6916 0.2880
vn 0.5603 -0.8095 0.1752
vn 0.5544 -0.8197 0.1437
vn 0.6615 -0.6980 0.2743
vn -0.0756 0.2471 0.9660
vn -0.0755 0.2471 0.9660
vn 0.6616 -0.6979 0.2742
vn 0.1643 0.3624 0.9174
vn 0.6615 -0.6980 0.2742
vn 0.6970 -0.7170 -0.0110
vn 0.1642 0.3622 0.9175
vn 0.1617 0.3608 0.9185
vn 0.6960 -0.7179 -0.0103
vn 0.7733 0.5135 0.3720
vn 0.7722 0.5150 0.3722
vn 0.6947 -0.7192 -0.0112
vn 0.9412 -0.2668 -0.2072
vn 0.7009 -0.7131 0.0147
vn -0.1490 -0.2939 -0.9442
vn 0.9432 -0.2648 -0.2009
vn 0.9432 -0.2644 -0.2013
vn -0.1478 -0.2934 -0.9445
vn 0.4568 0.4145 -0.7871
vn -0.1381 -0.3049 -0.9423
vn -0.6653 0.7463 -0.0212
vn 0.4639 0.4092 -0.7857
vn 0.4637 0.4095 -0.7857
vn -0.6652 0.7464 -0.0217
vn 0.0013 0.9903 -0.1390
vn 0.0010 0.9892 -0.1464
vn -0.6707 0.7405 -0.0425
vn 0.1856 0.3312 0.9251
vn -0.0456 0.2177 0.9750
vn 0.1928 0.3388 0.9209
vn 0.1851 0.3304 0.9255
vn 0.7792 0.5016 0.3758
vn 0.0009 0.9892 -0.1464
vn -0.0110 0.9896 -0.1435
vn 0.7783 0.4944 0.3870
vn 0.7572 0.5976 -0.2637
vn 0.7621 0.5138 0.3941
vn 0.9396 -0.2733 -0.2063
vn 0.7281 0.6323 -0.2646
vn 0.9401 -0.2753 -0.2008
vn 0.4475 0.4127 -0.7934
vn 0.7304 0.6367 -0.2472
vn 0.7600 0.6041 -0.2396
vn 0.4589 0.3947 -0.7960
vn -0.0066 0.9908 -0.1348
vn 0.0529 -0.1298 -0.9901
vn -0.9836 0.1233 -0.1316
vn -0.8120 0.5265 -0.2517
vn -0.8059 0.5235 -0.2765
vn -0.9804 0.1253 -0.1519
vn -0.4002 -0.3662 0.8401
vn -0.3910 -0.3577 0.8480
vn -0.9792 0.1305 -0.1551
vn -0.4711 -0.8745 -0.1157
vn -0.4728 -0.8748 -0.1060
vn -0.9833 0.1286 -0.1285
vn -0.1076 -0.2284 -0.9676
vn -0.9835 0.1238 -0.1317
vn 0.0533 -0.1299 -0.9901
vn -0.1145 -0.2351 -0.9652
vn -0.1431 -0.2137 -0.9664
vn 0.0393 -0.1191 -0.9921
vn 0.5348 -0.8188 0.2088
vn 0.5348 -0.8188 0.2087
vn 0.0394 -0.1189 -0.9921
vn 0.6657 -0.7454 -0.0352
vn 0.6658 -0.7453 -0.0351
vn 0.0395 -0.1188 -0.9921
vn 0.1204 0.0397 -0.9919
vn 0.0515 -0.1310 -0.9900
vn -0.8144 0.5222 -0.2531
vn 0.1323 0.0262 -0.9909
vn -0.6143 0.7882 0.0375
vn -0.6130 0.7897 0.0246
vn -0.8068 0.5223 -0.2763
vn -0.3357 -0.0978 0.9369
vn -0.8056 0.5238 -0.2769
vn -0.3997 -0.3650 0.8408
vn -0.3300 -0.0905 0.9396
vn -0.3563 -0.0715 0.9316
vn -0.4264 -0.3420 0.8374
vn 0.4721 -0.8815 0.0095
vn -0.4265 -0.3385 0.8387
vn -0.4787 -0.8702 -0.1164
vn 0.4732 -0.8809 0.0089
vn -0.4796 -0.8710 -0.1060
vn -0.1419 -0.2097 -0.9674
vn 0.4717 -0.8815 0.0217
vn -0.1425 -0.2131 -0.9666
vn 0.5348 -0.8187 0.2090
vn 0.4711 -0.8818 0.0212
vn 0.4724 -0.8814 0.0097
vn 0.5378 -0.8202 0.1952
vn -0.3564 -0.0709 0.9316
vn -0.1012 0.0106 0.9948
vn 0.5377 -0.8202 0.1951
vn 0.6668 -0.7431 -0.0570
vn -0.1012 0.0105 0.9948
vn -0.1033 0.0096 0.9946
vn 0.6657 -0.7441 -0.0571
vn 0.6239 0.2886 0.7263
vn 0.6218 0.2912 0.7270
vn 0.6649 -0.7447 -0.0584
vn 0.9594 -0.2814 -0.0195
vn 0.6633 -0.7475 -0.0356
vn 0.1182 0.0373 -0.9923
vn 0.9594 -0.2820 -0.0105
vn 0.9595 -0.2814 -0.0108
vn 0.1195 0.0378 -0.9921
vn 0.6769 0.6023 -0.4231
vn 0.1288 0.0244 -0.9914
vn -0.6163 0.7866 0.0377
vn 0.6827 0.5967 -0.4218
vn 0.6825 0.5969 -0.4218
vn -0.6161 0.7868 0.0375
vn 0.0484 0.9766 0.2094
vn 0.0512 0.9788 0.1981
vn -0.6154 0.7879 0.0242
vn -0.0882 -0.0137 0.9960
vn -0.6130 0.7897 0.0247
vn -0.0827 -0.0082 0.9965
vn -0.0886 -0.0143 0.9960
vn 0.6323 0.2654 0.7279
vn 0.0509 0.9789 0.1979
vn 0.0318 0.9800 0.1965
vn 0.6244 0.2467 0.7411
vn 0.8006 0.5716 0.1797
vn 0.5935 0.2782 0.7552
vn 0.9569 -0.2896 -0.0221
vn 0.7802 0.5985 0.1821
vn 0.9555 -0.2946 -0.0164
vn 0.6702 0.6039 -0.4314
vn 0.7778 0.5974 0.1955
vn 0.7976 0.5696 0.1984
vn 0.6815 0.5874 -0.4365
vn 0.0337 0.9767 0.2120
vn 0.1314 -0.2811 0.9506
vn 0.6924 -0.6825 -0.2338
vn 0.9338 -0.3448 -0.0957
vn 0.9347 -0.3479 -0.0725
vn 0.6981 -0.6838 -0.2122
vn -0.2740 -0.3148 -0.9088
vn -0.2743 -0.3098 -0.9104
vn 0.7024 -0.6803 -0.2091
vn -0.3651 -0.9309 0.0044
vn -0.3670 -0.9302 -0.0026
vn 0.6961 -0.6777 -0.2372
vn 0.1420 -0.4816 0.8648
vn 0.6929 -0.6821 -0.2338
vn 0.1309 -0.2806 0.9508
vn 0.1404 -0.4905 0.8600
vn 0.1742 -0.4990 0.8489
vn 0.1595 -0.2877 0.9444
vn -0.9981 -0.0466 0.0412
vn -0.9981 -0.0465 0.0412
vn 0.1598 -0.2873 0.9444
vn -0.9416 0.0193 0.3361
vn 0.1597 -0.2871 0.9445
vn 0.2436 -0.1083 0.9638
vn 0.1311 -0.2839 0.9499
vn 0.9322 -0.3492 -0.0949
vn 0.2054 -0.1071 0.9728
vn 0.2054 -0.1070 0.9728
vn 0.9323 -0.3491 -0.0949
vn 0.9458 0.0340 -0.3230
vn 0.9512 0.0322 -0.3070
vn 0.9342 -0.3492 -0.0729
vn -0.1337 -0.0791 -0.9879
vn 0.9348 -0.3477 -0.0720
vn -0.2738 -0.3143 -0.9090
vn -0.1331 -0.0757 -0.9882
vn -0.1216 -0.0791 -0.9894
vn -0.2623 -0.3163 -0.9117
vn -0.9609 -0.1760 0.2139
vn -0.2615 -0.3156 -0.9121
vn -0.3600 -0.9329 0.0024
vn -0.9609 -0.1744 0.2151
vn -0.3619 -0.9322 -0.0044
vn 0.1773 -0.4959 0.8501
vn -0.9651 -0.1719 0.1974
vn 0.1744 -0.4982 0.8493
vn -0.9981 -0.0464 0.0408
vn -0.9649 -0.1731 0.1977
vn -0.9610 -0.1756 0.2138
vn -0.9967 -0.0497 0.0639
vn -0.1214 -0.0791 -0.9894
vn -0.2126 0.1741 -0.9615
vn -0.9967 -0.0498 0.0640
vn -0.9330 0.0154 0.3595
vn -0.2127 0.1740 -0.9615
vn -0.2124 0.1727 -0.9618
vn -0.9332 0.0139 0.3591
vn -0.3407 0.8232 -0.4542
vn -0.3396 0.8233 -0.4548
vn -0.9328 0.0123 0.3602
vn -0.7541 0.5210 0.3999
vn -0.9419 0.0155 0.3357
vn 0.2429 -0.1157 0.9631
vn -0.7587 0.5241 0.3868
vn -0.7580 0.5248 0.3874
vn 0.2419 -0.1125 0.9638
vn 0.2079 0.7753 0.5964
vn 0.2064 -0.1154 0.9717
vn 0.9456 0.0309 -0.3239
vn 0.1990 0.7766 0.5978
vn 0.1993 0.7766 0.5977
vn 0.9457 0.0311 -0.3236
vn 0.6760 0.6963 -0.2411
vn 0.6799 0.6970 -0.2278
vn 0.9511 0.0283 -0.3075
vn -0.2296 0.1707 -0.9582
vn -0.1337 -0.0792 -0.9879
vn -0.2291 0.1757 -0.9574
vn -0.2297 0.1703 -0.9582
vn -0.3498 0.8199 -0.4531
vn 0.6801 0.6968 -0.2278
vn 0.6940 0.6807 -0.2347
vn -0.3554 0.8146 -0.4584
vn -0.0498 0.9954 0.0817
vn -0.3403 0.8146 -0.4697
vn -0.7605 0.5094 0.4027
vn -0.0082 0.9978 0.0658
vn -0.7674 0.5053 0.3947
vn 0.2161 0.7687 0.6020
vn -0.0130 0.9987 0.0496
vn -0.0553 0.9968 0.0570
vn 0.1958 0.7652 0.6133
vn 0.6847 0.6846 -0.2501
vn -0.2307 -0.6422 -0.7310
vn -0.2456 -0.7243 0.6443
vn -0.6457 -0.5605 0.5185
vn -0.6503 -0.5712 0.5008
vn -0.2561 -0.7363 0.6263
vn 0.6084 0.1429 0.7807
vn 0.6064 0.1513 0.7806
vn -0.2627 -0.7359 0.6241
vn 0.7277 -0.6801 0.0895
vn 0.7306 -0.6761 0.0952
vn -0.2502 -0.7196 0.6477
vn -0.1344 -0.7980 -0.5874
vn -0.2461 -0.7241 0.6443
vn -0.2305 -0.6418 -0.7314
vn -0.1282 -0.8036 -0.5812
vn -0.1509 -0.8169 -0.5566
vn -0.2472 -0.6523 -0.7165
vn 0.8803 0.2447 -0.4065
vn 0.8802 0.2448 -0.4065
vn -0.2475 -0.6521 -0.7166
vn 0.7168 0.1816 -0.6732
vn 0.7168 0.1817 -0.6732
vn -0.2476 -0.6519 -0.7167
vn -0.3975 -0.5501 -0.7344
vn -0.2293 -0.6438 -0.7300
vn -0.6429 -0.5639 0.5184
vn -0.3889 -0.5473 -0.7411
vn -0.7570 -0.1360 0.6391
vn -0.7666 -0.1471 0.6250
vn -0.6494 -0.5719 0.5013
vn 0.4070 0.3496 0.8439
vn -0.6505 -0.5713 0.5004
vn 0.6080 0.1437 0.7809
vn 0.4037 0.3550 0.8432
vn 0.3883 0.3437 0.8550
vn 0.5940 0.1366 0.7928
vn 0.8532 0.0538 -0.5188
vn 0.5925 0.1375 0.7937
vn 0.7240 -0.6834 0.0940
vn 0.8516 0.0552 -0.5212
vn 0.7274 -0.6789 0.0998
vn -0.1551 -0.8158 -0.5572
vn 0.8636 0.0721 -0.4990
vn -0.1515 -0.8165 -0.5571
vn 0.8803 0.2452 -0.4061
vn 0.8639 0.0702 -0.4988
vn 0.8532 0.0544 -0.5188
vn 0.8714 0.2261 -0.4354
vn 0.3880 0.3437 0.8552
vn 0.8714 0.2261 -0.4355
vn 0.3347 0.5852 0.7386
vn 0.8714 0.2259 -0.4355
vn 0.7076 0.1698 -0.6859
vn 0.3348 0.5851 0.7386
vn 0.3357 0.5825 0.7402
vn 0.7083 0.1690 -0.6854
vn 0.0537 0.9955 0.0775
vn 0.0525 0.9955 0.0788
vn 0.7083 0.1675 -0.6858
vn 0.3114 0.5492 -0.7755
vn 0.7184 0.1792 -0.6722
vn -0.3964 -0.5518 -0.7338
vn 0.3165 0.5574 -0.7675
vn 0.3157 0.5574 -0.7679
vn -0.3966 -0.5510 -0.7343
vn -0.6697 0.3680 -0.6451
vn -0.3881 -0.5494 -0.7399
vn -0.7548 -0.1388 0.6410
vn -0.6594 0.3733 -0.6526
vn -0.6597 0.3732 -0.6523
vn -0.7552 -0.1386 0.6407
vn -0.8171 0.4916 0.3012
vn -0.8228 0.4872 0.2926
vn -0.7645 -0.1511 0.6267
vn 0.3684 0.5880 0.7201
vn -0.7666 -0.1472 0.6251
vn 0.4071 0.3496 0.8438
vn 0.3620 0.5966 0.7163
vn 0.3691 0.5873 0.7203
vn 0.0652 0.9952 0.0727
vn -0.8229 0.4870 0.2927
vn -0.8258 0.4738 0.3058
vn 0.0762 0.9940 0.0780
vn -0.4026 0.8484 -0.3438
vn 0.0627 0.9932 0.0976
vn 0.3200 0.5407 -0.7780
vn -0.4222 0.8455 -0.3270
vn 0.3298 0.5421 -0.7729
vn -0.6776 0.3526 -0.6454
vn -0.4177 0.8507 -0.3192
vn -0.3962 0.8557 -0.3329
vn -0.6546 0.3505 -0.6698
vn -0.8171 0.4842 0.3129
vn -0.5795 -0.1464 0.8017
vn 0.0659 -0.9338 0.3517
vn 0.0166 0.1473 0.9890
vn 0.0139 0.1468 0.9891
vn 0.0594 -0.9342 0.3517
vn 0.6885 -0.0665 0.7221
vn 0.6893 -0.0694 0.7211
vn 0.0617 -0.9337 0.3527
vn 0.6841 -0.6982 -0.2111
vn 0.6893 -0.6982 -0.1933
vn 0.0628 -0.9293 0.3641
vn -0.0025 -0.1502 -0.9887
vn 0.0025 -0.1504 -0.9886
vn 0.0634 -0.9293 0.3640
vn -0.6991 -0.6458 -0.3070
vn 0.0722 -0.9341 0.3497
vn -0.5750 -0.1445 0.8053
vn -0.6945 -0.6449 -0.3190
vn -0.6875 -0.6526 -0.3184
vn -0.5625 -0.1591 0.8114
vn -0.6875 0.6526 0.3184
vn -0.5712 -0.1646 0.8041
vn 0.0167 0.1341 0.9908
vn -0.7005 0.6435 0.3084
vn -0.6989 0.6459 0.3070
vn 0.0201 0.1311 0.9912
vn 0.0628 0.9243 -0.3765
vn 0.0626 0.9243 -0.3765
vn 0.0122 0.1307 0.9913
vn 0.6922 0.7000 0.1759
vn 0.0089 0.1311 0.9913
vn 0.6866 -0.0904 0.7214
vn 0.6907 0.7017 0.1747
vn 0.6719 0.7146 0.1949
vn 0.6719 -0.0801 0.7363
vn 0.6719 0.0800 -0.7363
vn 0.6719 -0.0800 0.7363
vn 0.6719 -0.7103 -0.2099
vn 0.6719 0.0801 -0.7363
vn 0.6882 -0.6995 -0.1926
vn -0.0043 -0.1504 -0.9886
vn 0.6866 0.0899 -0.7215
vn 0.6888 0.0670 -0.7219
vn -0.0010 -0.1600 -0.9871
vn 0.0616 0.9260 -0.3725
vn 0.0637 0.9259 -0.3724
vn 0.0004 -0.1601 -0.9871
vn -0.5794 0.1462 -0.8018
vn 0.0006 -0.1522 -0.9883
vn -0.7006 -0.6436 -0.3083
vn -0.5713 0.1647 -0.8041
vn -0.6875 0.6527 0.3184
vn -0.5625 0.1591 -0.8114
vn -0.5750 0.1445 -0.8053
vn -0.6944 0.6450 0.3190
vn 0.0659 0.9260 -0.3718
vn -0.7453 0.0879 0.6610
vn -0.3304 -0.9172 0.2227
vn -0.3000 0.3101 0.9021
vn -0.3011 0.3095 0.9019
vn -0.3334 -0.9159 0.2235
vn 0.8482 -0.1549 0.5064
vn 0.8481 -0.1552 0.5066
vn -0.3328 -0.9161 0.2237
vn 0.6318 -0.7709 -0.0812
vn 0.6327 -0.7707 -0.0756
vn -0.3306 -0.9125 0.2409
vn -0.3071 -0.2701 -0.9125
vn -0.2977 -0.2688 -0.9160
vn -0.3300 -0.9127 0.2411
vn -0.7435 -0.6609 0.1022
vn -0.3297 -0.9177 0.2218
vn -0.7450 0.0881 0.6612
vn -0.7466 -0.6600 0.0839
vn -0.7344 -0.6719 0.0960
vn -0.7344 0.0802 0.6740
vn -0.7344 0.6719 -0.0960
vn -0.7478 0.0672 0.6605
vn -0.2976 0.2709 0.9154
vn -0.7437 0.6606 -0.1024
vn -0.7435 0.6608 -0.1025
vn -0.2963 0.2700 0.9161
vn -0.2975 0.9247 -0.2374
vn -0.2979 0.9247 -0.2371
vn -0.3110 0.2715 0.9108
vn 0.6327 0.7707 0.0751
vn -0.3106 0.2714 0.9110
vn 0.8458 -0.1614 0.5084
vn 0.6328 0.7707 0.0751
vn 0.6210 0.7797 0.0801
vn 0.8331 -0.1744 0.5249
vn 0.7979 0.1373 -0.5869
vn 0.8298 -0.1510 0.5373
vn 0.6210 -0.7797 -0.0801
vn 0.7999 0.1517 -0.5807
vn 0.6327 -0.7707 -0.0755
vn -0.3092 -0.2700 -0.9119
vn 0.8095 0.1445 -0.5691
vn -0.3014 -0.3096 -0.9018
vn -0.2990 0.9262 -0.2298
vn -0.2971 0.9269 -0.2292
vn -0.2997 -0.3100 -0.9023
vn -0.7302 -0.0892 -0.6774
vn -0.2998 -0.2707 -0.9148
vn -0.7437 -0.6607 0.1020
vn -0.7331 -0.0667 -0.6768
vn -0.7188 -0.0803 -0.6906
vn -0.7299 -0.0893 -0.6777
vn -0.7466 0.6600 -0.0835
vn -0.2969 0.9270 -0.2290
vn 0.9338 -0.1092 0.3408
vn 0.8321 -0.5351 0.1463
vn 0.2699 -0.2349 -0.9338
vn 0.2692 -0.2341 -0.9342
vn 0.8322 -0.5349 0.1462
vn 0.1363 -0.4647 -0.8749
vn 0.1351 -0.4525 -0.8815
vn 0.8331 -0.5331 0.1474
vn -0.1794 -0.9824 0.0520
vn -0.1787 -0.9830 0.0420
vn 0.8348 -0.5338 0.1349
vn -0.1174 -0.3255 0.9382
vn 0.8332 -0.5358 0.1368
vn 0.9427 -0.1098 0.3150
vn -0.1156 -0.3382 0.9339
vn -0.1152 -0.3370 0.9345
vn 0.9431 -0.1088 0.3141
vn -0.1979 -0.0934 0.9758
vn -0.1980 -0.0962 0.9755
vn 0.9417 -0.1151 0.3160
vn 0.9778 0.2054 0.0411
vn 0.9768 0.2071 0.0546
vn 0.9338 -0.1108 0.3403
vn 0.1720 -0.0299 -0.9846
vn 0.9337 -0.1108 0.3404
vn 0.2703 -0.2399 -0.9324
vn 0.2025 -0.0273 -0.9789
vn 0.2909 -0.2354 -0.9274
vn -0.9891 -0.1406 -0.0441
vn 0.2909 -0.2354 -0.9273
vn -0.9137 -0.2826 -0.2920
vn 0.2909 -0.2356 -0.9273
vn 0.1760 -0.4637 -0.8683
vn -0.9137 -0.2828 -0.2920
vn -0.9138 -0.2826 -0.2917
vn 0.1759 -0.4630 -0.8687
vn -0.9159 -0.3786 -0.1335
vn 0.1779 -0.4604 -0.8697
vn -0.1714 -0.9838 0.0533
vn -0.9165 -0.3773 -0.1332
vn -0.1704 -0.9844 0.0432
vn -0.0742 -0.3349 0.9393
vn -0.9135 -0.3785 -0.1491
vn -0.0767 -0.3385 0.9378
vn -0.1765 -0.0943 0.9798
vn -0.9132 -0.3795 -0.1483
vn -0.9133 -0.3794 -0.1481
vn -0.1759 -0.0938 0.9799
vn -0.9106 -0.2829 -0.3013
vn -0.9106 -0.2830 -0.3013
vn -0.1248 0.1172 0.9852
vn 0.9778 0.2054 0.0410
vn -0.1600 0.1119 0.9808
vn -0.1587 0.1035 0.9819
vn 0.9783 0.2031 0.0413
vn 0.6014 0.7940 -0.0883
vn 0.5986 0.7981 -0.0685
vn 0.9774 0.2042 0.0551
vn -0.2878 0.6785 -0.6759
vn 0.9775 0.2038 0.0553
vn 0.1747 -0.0397 -0.9838
vn -0.2880 0.6783 -0.6760
vn -0.2803 0.6831 -0.6744
vn 0.2021 -0.0296 -0.9789
vn -0.9172 0.3983 0.0062
vn 0.2032 -0.0311 -0.9786
vn -0.9890 -0.1414 -0.0439
vn -0.9175 0.3977 0.0066
vn -0.9164 0.4001 -0.0131
vn -0.9885 -0.1424 -0.0515
vn -0.1688 0.8386 0.5179
vn -0.1696 0.8386 0.5177
vn -0.9886 -0.1418 -0.0511
vn -0.1235 0.1135 0.9858
vn -0.9887 -0.1412 -0.0512
vn -0.9106 -0.2830 -0.3014
vn -0.1249 0.1170 0.9853
vn -0.1588 0.1027 0.9819
vn 0.6016 0.7939 -0.0884
vn -0.1797 0.8379 0.5155
vn -0.1865 0.8265 0.5311
vn 0.6178 0.7810 -0.0914
vn -0.2660 0.9626 -0.0520
vn 0.6263 0.7765 -0.0688
vn -0.2900 0.6713 -0.6821
vn -0.2678 0.9633 -0.0180
vn -0.2735 0.6736 -0.6867
vn -0.9259 0.3777 0.0112
vn -0.2111 0.9773 -0.0177
vn -0.2084 0.9772 -0.0408
vn -0.9281 0.3724 -0.0062
vn -0.1631 0.8343 0.5267
vn -0.0157 -0.9258 -0.3777
vn 0.5850 0.1312 0.8004
vn -0.0396 -0.1636 0.9857
vn -0.0327 -0.1985 0.9796
vn 0.5861 0.1196 0.8014
vn 0.6828 0.6638 -0.3053
vn 0.6719 0.6749 -0.3053
vn 0.5781 0.1264 0.8061
vn 0.6563 -0.6902 0.3049
vn 0.5834 0.1311 0.8015
vn -0.0162 -0.9254 -0.3785
vn 0.6788 -0.6766 0.2852
vn 0.6662 -0.6807 0.3045
vn -0.0175 -0.9284 -0.3711
vn -0.0348 0.2020 -0.9788
vn -0.0293 0.2029 -0.9788
vn -0.0142 -0.9285 -0.3710
vn -0.6679 -0.7135 0.2117
vn -0.6723 -0.7143 0.1943
vn -0.0157 -0.9259 -0.3773
vn -0.6889 0.0580 0.7226
vn -0.0155 -0.9258 -0.3777
vn -0.0202 -0.1673 0.9857
vn -0.6877 0.0601 0.7235
vn -0.6927 0.0332 0.7205
vn -0.0269 -0.2037 0.9787
vn -0.6837 0.6983 -0.2122
vn -0.6841 0.6979 -0.2120
vn -0.0292 -0.2026 0.9788
vn -0.0288 0.9360 0.3507
vn -0.0350 -0.2022 0.9787
vn 0.6821 0.6650 -0.3042
vn -0.0353 0.9355 0.3515
vn -0.0327 0.9296 0.3670
vn 0.6943 0.6604 -0.2859
vn 0.5819 -0.1450 -0.8002
vn 0.6719 0.6748 -0.3052
vn 0.6562 -0.6902 0.3050
vn 0.5781 -0.1418 -0.8035
vn 0.6670 -0.6796 0.3055
vn -0.0326 0.1985 -0.9796
vn 0.5840 -0.1366 -0.8001
vn 0.5830 -0.1452 -0.7994
vn -0.0396 0.1641 -0.9856
vn -0.0318 0.9304 0.3652
vn -0.0311 0.9305 0.3651
vn -0.0201 0.1660 -0.9859
vn -0.6879 -0.0599 -0.7234
vn -0.0273 0.2039 -0.9786
vn -0.6674 -0.7139 0.2117
vn -0.6925 -0.0339 -0.7206
vn -0.6563 -0.7249 0.2095
vn -0.6719 0.0482 0.7391
vn -0.6719 -0.0482 -0.7391
vn -0.6719 0.7103 -0.2098
vn -0.6888 -0.0580 -0.7226
vn -0.6887 0.6986 -0.1942
vn -0.0313 0.9307 0.3644
vn 0.3291 -0.9096 -0.2537
vn 0.7304 -0.1003 0.6756
vn 0.2977 -0.3180 0.9002
vn 0.2979 -0.3329 0.8947
vn 0.7273 -0.1179 0.6761
vn 0.7564 0.6476 0.0922
vn 0.7344 0.6691 0.1143
vn 0.7188 -0.1117 0.6862
vn 0.7344 -0.6695 -0.1116
vn 0.7300 -0.0999 0.6761
vn 0.3291 -0.9095 -0.2539
vn 0.7423 -0.6598 -0.1170
vn 0.7444 -0.6600 -0.1014
vn 0.3291 -0.9122 -0.2441
vn 0.2830 0.3370 -0.8980
vn 0.2836 0.3367 -0.8979
vn 0.3306 -0.9116 -0.2443
vn -0.6334 -0.7721 0.0505
vn -0.6343 -0.7719 0.0435
vn 0.3295 -0.9095 -0.2535
vn -0.8112 0.1290 0.5703
vn 0.3011 -0.3188 0.8987
vn -0.8113 0.1291 0.5702
vn -0.8137 0.1226 0.5682
vn 0.2985 -0.3328 0.8945
vn -0.6328 0.7715 -0.0663
vn -0.6327 0.7715 -0.0663
vn 0.2986 -0.3328 0.8945
vn 0.3031 0.9187 0.2530
vn 0.2978 -0.3330 0.8947
vn 0.7561 0.6480 0.0918
vn 0.2971 0.9211 0.2516
vn 0.2985 0.9141 0.2745
vn 0.7512 0.6479 0.1257
vn 0.7462 0.0837 -0.6604
vn 0.7344 0.0960 -0.6719
vn 0.7447 -0.6596 -0.1017
vn 0.2832 0.3366 -0.8981
vn 0.7439 0.1022 -0.6604
vn 0.7464 0.0839 -0.6602
vn 0.2804 0.3109 -0.9081
vn 0.2986 0.9141 0.2743
vn 0.2998 0.9139 0.2736
vn 0.2896 0.3111 -0.9052
vn -0.8519 -0.1428 -0.5038
vn 0.2839 0.3367 -0.8978
vn -0.6335 -0.7721 0.0507
vn -0.8530 -0.1400 -0.5028
vn -0.6201 -0.7830 0.0485
vn -0.8004 0.1370 0.5836
vn -0.8446 -0.1374 -0.5175
vn -0.7981 0.1203 0.5904
vn -0.6205 0.7815 -0.0644
vn -0.8461 -0.1489 -0.5118
vn -0.8520 -0.1428 -0.5038
vn -0.6339 0.7712 -0.0590
vn 0.2999 0.9139 0.2737
vn 0.9336 -0.0721 -0.3510
vn 0.1306 -0.9910 0.0284
vn 0.9353 0.1185 0.3333
vn 0.9360 0.1127 0.3333
vn 0.0913 -0.9954 0.0276
vn 0.5173 -0.6045 0.6058
vn 0.1186 -0.9929 -0.0035
vn 0.0250 -0.9997 -0.0074
vn 0.5200 -0.6021 0.6059
vn 0.1293 -0.9908 -0.0402
vn 0.0632 -0.9732 0.2213
vn 0.5213 -0.6064 0.6004
vn 0.5240 -0.5986 0.6059
vn 0.0000 -0.9942 0.1079
vn -0.0191 -0.5597 0.8285
vn 0.0311 -0.9943 0.1015
vn -0.0180 -0.9835 0.1801
vn -0.0174 -0.5542 0.8322
vn 0.0180 -0.9835 0.1801
vn -0.0656 -0.9966 0.0489
vn -0.0151 -0.5541 0.8323
vn -0.0127 -0.5595 0.8288
vn -0.0294 -0.9987 0.0421
vn -0.4606 -0.7499 0.4748
vn -0.1469 -0.9890 0.0151
vn -0.1685 -0.9856 0.0133
vn -0.4520 -0.7620 0.4637
vn -0.1187 -0.9929 -0.0036
vn -0.2833 -0.9550 -0.0876
vn -0.4506 -0.7553 0.4760
vn -0.4391 -0.7633 0.4739
vn -0.3089 -0.9451 0.1067
vn -0.7735 -0.2790 -0.5691
vn -0.2277 -0.9733 -0.0289
vn -0.9372 -0.3486 0.0109
vn -0.7715 -0.2788 -0.5719
vn 0.5561 0.6563 0.5099
vn 0.8741 0.4162 0.2503
vn 0.7282 0.2576 0.6352
vn 0.7167 0.2996 0.6297
vn 0.8528 0.4464 0.2711
vn 0.6036 0.0261 0.7969
vn 0.8511 0.4679 0.2382
vn 0.7842 0.6178 0.0573
vn 0.6185 0.0034 0.7858
vn 0.6225 -0.0026 0.7826
vn 0.7897 0.6112 0.0531
vn 0.4663 0.5964 0.6534
vn 0.8123 0.5798 0.0628
vn 0.5200 0.7858 -0.3348
vn 0.4865 0.5698 0.6623
vn 0.2426 0.9320 0.2694
vn 0.5015 0.5671 0.6533
vn 0.3502 0.9135 0.2069
vn 0.0270 0.5412 0.8405
vn 0.3413 0.9178 0.2028
vn -0.0208 0.9683 0.2489
vn 0.0262 0.5415 0.8403
vn 0.0208 0.9683 0.2489
vn -0.1863 0.9760 0.1126
vn 0.0374 0.5423 0.8393
vn 0.0367 0.5419 0.8396
vn -0.1873 0.9759 0.1119
vn -0.4986 0.5529 0.6676
vn -0.1767 0.9769 0.1202
vn -0.4678 0.8835 -0.0244
vn -0.4862 0.5554 0.6746
vn -0.8602 0.4912 0.1369
vn -0.4863 0.5554 0.6746
vn -0.4740 0.5788 0.6636
vn -0.8501 0.5112 0.1269
vn -0.6304 -0.0263 0.7758
vn -0.8509 0.5098 0.1267
vn -0.8058 0.4757 0.3528
vn -0.6335 -0.0293 0.7732
vn -0.6090 0.0169 0.7930
vn -0.8014 0.4693 0.3709
vn -0.6392 0.3689 0.6748
vn -0.8174 0.4444 0.3665
vn -0.6522 0.6157 0.4421
vn -0.6471 0.3493 0.6777
vn -0.6379 0.3579 0.6819
vn -0.5769 0.6428 0.5040
vn -0.7122 0.6217 0.3260
vn -0.5769 0.6428 0.5039
vn -0.6966 0.4744 0.5382
vn -0.7057 0.5264 0.4742
vn -0.5851 0.6507 0.4840
vn -0.3989 0.7337 0.5500
vn -0.6264 0.6134 0.4811
vn -0.5089 0.7496 0.4232
vn -0.4726 0.6848 0.5547
vn -0.4172 0.7013 0.5780
vn -0.5053 0.7363 0.4499
vn -0.5504 0.7421 0.3826
vn -0.4551 0.7699 0.4473
vn -0.2824 0.7464 0.6026
vn -0.4527 0.8145 0.3628
vn -0.5119 0.7597 0.4011
vn -0.3126 0.7333 0.6038
vn -0.0098 0.8301 0.5575
vn -0.3268 0.7552 0.5683
vn -0.0130 0.7543 0.6564
vn -0.0151 0.8406 0.5414
vn -0.0301 0.8367 0.5468
vn -0.0497 0.7289 0.6829
vn -0.0778 0.7112 0.6987
vn 0.0105 0.7084 0.7057
vn 0.0388 0.7279 0.6846
vn 0.2758 0.8412 0.4652
vn -0.0139 0.7344 0.6786
vn 0.4671 0.6438 0.6060
vn 0.2544 0.8420 0.4757
vn 0.2378 0.8332 0.4992
vn 0.4585 0.6196 0.6371
vn 0.4706 0.7935 0.3859
vn 0.3936 0.6538 0.6462
vn 0.3829 0.7721 0.5073
vn 0.4485 0.8292 0.3335
vn 0.5185 0.7877 0.3326
vn 0.4421 0.7289 0.5227
vn 0.4205 0.6990 0.5784
vn 0.4462 0.7658 0.4631
vn 0.6473 0.5514 0.5263
vn 0.4521 0.7625 0.4627
vn 0.3645 0.7609 0.5368
vn 0.5984 0.5968 0.5344
vn 0.8445 0.3932 0.3637
vn 0.7991 0.3342 0.4998
vn 0.5920 0.5846 0.5548
vn 0.6702 0.5721 0.4729
vn 0.7137 0.2783 0.6428
vn 0.6965 0.5160 0.4986
vn 0.7225 0.2724 0.6354
vn 0.3764 0.6274 0.6817
vn 0.3752 0.6289 0.6810
vn 0.7223 0.2717 0.6360
vn 0.4273 -0.3905 0.8154
vn 0.7263 0.2862 0.6250
vn 0.6443 0.0228 0.7645
vn 0.4715 -0.4054 0.7831
vn 0.4339 -0.3573 0.8271
vn 0.6323 0.0221 0.7744
vn 0.2844 0.1168 0.9516
vn 0.6285 -0.0097 0.7777
vn 0.4613 0.6127 0.6417
vn 0.2672 0.0967 0.9588
vn 0.2966 0.0998 0.9498
vn 0.4984 0.5819 0.6427
vn 0.0429 0.3256 0.9445
vn 0.5007 0.5975 0.6264
vn 0.0144 0.5593 0.8289
vn -0.0304 0.3422 0.9391
vn 0.0466 0.5566 0.8295
vn -0.5002 0.5800 0.6430
vn 0.0581 0.3430 0.9375
vn 0.0701 0.3092 0.9484
vn -0.5032 0.5705 0.6491
vn 0.0082 -0.0269 0.9996
vn -0.0054 -0.0250 0.9997
vn -0.4990 0.5667 0.6556
vn -0.4751 -0.0513 0.8784
vn -0.4722 0.5883 0.6565
vn -0.6445 -0.0396 0.7636
vn -0.4647 -0.0578 0.8836
vn -0.4706 -0.0408 0.8814
vn -0.6495 0.0136 0.7602
vn -0.5368 -0.2364 0.8099
vn -0.6702 0.0056 0.7422
vn -0.6458 0.3645 0.6709
vn -0.5546 -0.2643 0.7890
vn -0.5350 -0.2562 0.8051
vn -0.6428 0.3550 0.6789
vn -0.3968 0.7564 0.5201
vn -0.6430 0.3553 0.6785
vn -0.7804 0.5367 0.3209
vn -0.4002 0.7530 0.5224
vn -0.3858 0.7889 0.4784
vn -0.7789 0.5585 0.2852
vn -0.5177 0.4547 0.7247
vn -0.7781 0.5579 0.2885
vn -0.7630 0.4353 0.4780
vn -0.5278 0.4482 0.7215
vn -0.7029 0.5171 0.4884
vn -0.4000 0.7323 0.5511
vn -0.5105 0.5286 0.6782
vn -0.5349 0.5560 0.6362
vn -0.4044 0.7362 0.5427
vn -0.2774 0.8317 0.4810
vn -0.4273 0.7035 0.5679
vn -0.5377 0.7551 0.3751
vn -0.3086 0.7749 0.5516
vn -0.5206 0.7470 0.4134
vn -0.0061 0.8302 0.5574
vn -0.2674 0.8106 0.5209
vn -0.2710 0.8091 0.5215
vn -0.0063 0.8298 0.5580
vn 0.1469 0.7860 0.6005
vn -0.0315 0.8357 0.5484
vn -0.0767 0.7083 0.7018
vn 0.0650 0.8056 0.5889
vn 0.0620 0.8198 0.5693
vn -0.0834 0.7105 0.6988
vn -0.4433 0.1700 0.8801
vn -0.4379 0.1582 0.8850
vn -0.0190 0.7212 0.6924
vn -0.0030 0.4368 0.8996
vn -0.0344 0.4201 0.9068
vn -0.0911 0.7372 0.6695
vn 0.2245 0.2161 0.9502
vn 0.2293 0.2280 0.9463
vn 0.0047 0.7336 0.6796
vn 0.4495 0.8045 0.3884
vn 0.0039 0.6786 0.7345
vn 0.2838 0.8392 0.4638
vn 0.4537 0.8020 0.3885
vn 0.4227 0.8038 0.4185
vn 0.2312 0.8389 0.4927
vn 0.4141 0.7686 0.4877
vn 0.2383 0.8332 0.4991
vn 0.4708 0.7937 0.3851
vn 0.4215 0.7650 0.4870
vn 0.5180 0.7880 0.3328
vn 0.4210 0.6995 0.5775
vn 0.4522 0.7515 0.4803
vn 0.4219 0.7777 0.4659
vn 0.3722 0.7646 0.5262
vn 0.6195 0.4018 0.6744
vn 0.3656 0.7591 0.5386
vn 0.8301 0.4081 0.3799
vn 0.5992 0.3872 0.7008
vn 0.8635 0.3244 0.3863
vn 0.7211 0.5631 0.4037
vn 0.6106 0.3443 0.7132
vn 0.7165 0.5723 0.3989
vn 0.3580 0.6474 0.6728
vn 0.6054 0.3470 0.7163
vn 0.6343 0.3572 0.6856
vn 0.3690 0.6923 0.6201
vn 0.4218 0.3324 0.8436
vn 0.4482 0.3591 0.8186
vn 0.4296 0.6379 0.6391
vn -0.0335 0.6251 0.7799
vn 0.4304 0.6262 0.6501
vn 0.4329 -0.3930 0.8113
vn -0.0400 0.5828 0.8116
vn 0.0817 0.5922 0.8017
vn 0.4340 -0.3912 0.8115
vn 0.4608 -0.1010 0.8817
vn 0.4143 -0.3688 0.8321
vn 0.2813 0.1158 0.9526
vn 0.4531 -0.0887 0.8870
vn 0.4533 -0.0862 0.8872
vn 0.2807 0.1179 0.9525
vn 0.2784 -0.1183 0.9531
vn 0.2990 0.0985 0.9492
vn 0.0520 0.3227 0.9451
vn 0.2914 -0.1357 0.9469
vn 0.3075 -0.1349 0.9419
vn 0.0350 0.3821 0.9235
vn 0.2375 0.2449 0.9400
vn 0.1892 0.2041 0.9605
vn -0.0293 0.3468 0.9375
vn -0.0350 0.4444 0.8951
vn 0.0114 0.4491 0.8934
vn 0.0694 0.3450 0.9360
vn -0.4562 0.1563 0.8761
vn -0.0196 0.3698 0.9289
vn -0.0360 -0.0187 0.9992
vn -0.4467 0.1727 0.8778
vn -0.4379 0.1825 0.8803
vn 0.0144 0.0112 0.9998
vn -0.0736 0.4855 0.8711
vn -0.0703 0.4819 0.8734
vn 0.0108 0.0018 0.9999
vn -0.3999 0.0346 0.9159
vn 0.0081 0.0094 0.9999
vn -0.4698 -0.0387 0.8819
vn -0.4066 0.0384 0.9128
vn -0.4683 -0.0414 0.8826
vn -0.5290 -0.2387 0.8143
vn -0.4058 0.0363 0.9133
vn -0.4107 0.0271 0.9114
vn -0.5375 -0.2555 0.8036
vn -0.0052 0.6622 0.7493
vn -0.5372 -0.2562 0.8036
vn -0.4528 0.7546 0.4750
vn 0.0375 0.6732 0.7385
vn 0.0457 0.6894 0.7230
vn -0.4493 0.7607 0.4684
vn -0.3396 0.5396 0.7704
vn -0.4341 0.7842 0.4433
vn -0.5922 0.4528 0.6665
vn -0.3209 0.5353 0.7813
vn -0.5468 0.5566 0.6254
vn -0.2775 0.8327 0.4791
vn -0.3223 0.5571 0.7653
vn -0.3269 0.5644 0.7580
vn -0.2810 0.8342 0.4744
vn -0.0968 0.5474 0.8313
vn -0.2382 0.5213 0.8194
vn -0.2934 0.8311 0.4724
vn -0.5886 0.6612 0.4652
vn -0.2619 0.8101 0.5246
vn 0.1494 0.7870 0.5987
vn -0.5904 0.6459 0.4840
vn -0.5681 0.6717 0.4755
vn 0.1367 0.7967 0.5887
vn -0.0672 0.4756 0.8771
vn 0.1452 0.7955 0.5884
vn -0.4360 0.1663 0.8844
vn -0.0622 0.4701 0.8804
vn 0.6262 0.3969 0.6711
vn 0.3978 0.4237 0.8138
vn 0.4224 0.7781 0.4649
vn 0.4251 0.7776 0.4633
vn 0.4628 0.4208 0.7802
vn 0.2160 0.4657 0.8582
vn 0.4467 0.3472 0.8246
vn -0.0157 0.6164 0.7873
vn 0.2456 0.3826 0.8907
vn 0.2758 0.3850 0.8808
vn -0.0340 0.6255 0.7795
vn -0.0334 0.5228 0.8518
vn 0.1057 0.5522 0.8270
vn 0.0320 0.6144 0.7884
vn -0.1268 0.5809 0.8040
vn 0.0444 0.6249 0.7795
vn 0.4622 -0.0998 0.8811
vn -0.1115 0.6060 0.7876
vn 0.4622 -0.0999 0.8811
vn 0.7767 0.0292 0.6292
vn 0.4480 -0.0916 0.8893
vn 0.2751 -0.1244 0.9533
vn 0.7623 0.0486 0.6454
vn 0.2719 -0.1189 0.9550
vn 0.2159 0.2408 0.9462
vn 0.7719 0.0540 0.6334
vn 0.2138 0.2341 0.9484
vn 0.4284 0.8136 0.3932
vn 0.7669 0.0123 0.6416
vn 0.7622 0.0274 0.6468
vn 0.4350 0.8090 0.3954
vn 0.2932 0.6519 0.6993
vn 0.4291 0.8016 0.4163
vn 0.4175 0.7679 0.4859
vn 0.2925 0.6426 0.7082
vn 0.4295 0.7746 0.4643
vn 0.2953 0.4275 0.8544
vn 0.3193 0.6646 0.6755
vn 0.2935 0.4186 0.8594
vn 0.1136 0.6282 0.7697
vn 0.3234 0.6631 0.6750
vn 0.3277 0.6475 0.6880
vn 0.1379 0.5355 0.8332
vn 0.7766 0.0285 0.6294
vn -0.1288 0.5272 0.8399
vn 0.7766 0.0285 0.6293
vn -0.3352 0.5349 0.7756
vn -0.1203 0.4858 0.8658
vn 0.0357 0.6891 0.7238
vn 0.0461 0.6894 0.7230
vn -0.1423 0.4724 0.8698
vn 0.1307 0.6737 0.7274
vn -0.2211 0.4865 0.8452
vn -0.5892 0.6605 0.4654
vn 0.1148 0.7129 0.6918
vn -0.5891 0.6584 0.4686
vn -0.1021 0.4452 0.8896
vn 0.0244 0.6241 0.7809
vn 0.3848 0.6659 0.6391
vn -0.1187 0.4520 0.8841
vn -0.4118 0.0275 0.9109
vn 0.3816 0.6884 0.6168
vn -0.4118 0.0275 0.9108
vn -0.0072 0.6974 0.7166
vn 0.2696 0.6836 0.6782
vn 0.0041 0.6900 0.7238
vn 0.0467 0.6773 0.7342
vn -0.2358 0.8855 0.4005
vn -0.5564 0.8309 -0.0022
vn -0.7730 0.6067 0.1852
vn -0.7647 0.6147 0.1933
vn -0.5432 0.8394 0.0186
vn -0.9839 0.1385 -0.1129
vn -0.9653 0.2404 -0.1018
vn -0.5464 0.8373 0.0215
vn -0.5013 0.7144 -0.4882
vn -0.5520 0.6639 -0.5045
vn -0.5560 0.8307 0.0289
vn -0.6564 0.6092 -0.4450
vn -0.6441 0.6207 -0.4470
vn -0.5603 0.8280 0.0217
vn 0.0271 0.9990 0.0356
vn -0.5583 0.8296 0.0114
vn -0.2817 0.8732 0.3977
vn -0.0026 0.9981 -0.0620
vn -0.2745 0.8721 0.4050
vn 0.0319 0.9192 0.3924
vn 0.0413 0.9964 -0.0734
vn 0.0026 0.9185 0.3955
vn 0.3869 0.8214 0.4190
vn -0.0413 0.9964 -0.0735
vn 0.0026 0.9981 -0.0620
vn 0.3956 0.8249 0.4039
vn 0.1549 0.8773 0.4543
vn 0.3007 0.8628 0.4064
vn 0.9686 0.2253 0.1051
vn 0.0821 0.9071 0.4129
vn 0.0951 0.9041 0.4167
vn 0.9703 0.2157 0.1090
vn 0.7474 0.6577 -0.0940
vn 0.7417 0.6706 -0.0128
vn 0.9622 0.2450 0.1186
vn 0.9554 -0.2655 0.1293
vn 0.9624 0.2431 0.1216
vn 0.4539 0.8342 -0.3131
vn 0.9552 -0.2667 0.1286
vn 0.9557 -0.2662 0.1254
vn 0.4581 0.8290 -0.3208
vn -0.1300 0.8429 0.5222
vn -0.1312 0.8350 0.5343
vn 0.4583 0.8297 -0.3188
vn -0.8698 0.3145 -0.3801
vn -0.8752 0.3248 -0.3585
vn 0.4558 0.8328 -0.3141
vn -0.9334 0.3347 -0.1290
vn 0.4558 0.8328 -0.3142
vn -0.5161 0.2864 -0.8072
vn -0.9334 0.3347 -0.1293
vn -0.9342 0.3328 -0.1283
vn -0.5028 0.2800 -0.8178
vn -0.9303 -0.3661 0.0211
vn -0.9311 -0.3643 0.0206
vn -0.5370 0.2902 -0.7921
vn -0.7777 -0.2927 -0.5563
vn -0.7774 -0.2954 -0.5554
vn -0.5296 0.2920 -0.7964
vn -0.5874 0.5426 -0.6005
vn -0.5360 0.2652 -0.8015
vn -0.5544 0.8018 0.2231
vn -0.6005 0.5025 -0.6220
vn -0.5717 0.5078 -0.6444
vn -0.5402 0.8101 0.2278
vn -0.6450 0.7383 -0.1974
vn -0.6446 0.7384 -0.1981
vn -0.5399 0.8103 0.2280
vn -0.7977 0.4539 0.3970
vn -0.8187 0.4444 0.3635
vn -0.5498 0.8108 0.2010
vn -0.6411 0.6412 0.4217
vn -0.6254 0.5855 0.5158
vn -0.5550 0.8119 0.1812
vn -0.4309 0.7632 0.4815
vn -0.5499 0.8127 0.1928
vn -0.4411 0.6005 0.6670
vn -0.4577 0.7840 0.4192
vn -0.4595 0.7697 0.4432
vn -0.4422 0.6075 0.6598
vn -0.2830 0.7482 0.6001
vn -0.4688 0.6216 0.6275
vn 0.0050 0.5218 0.8531
vn -0.3174 0.7684 0.5557
vn -0.3414 0.7449 0.5732
vn -0.0576 0.4932 0.8680
vn -0.0823 0.7575 0.6477
vn -0.0086 0.8015 0.5979
vn -0.0342 0.4771 0.8782
vn 0.5039 0.6313 0.5896
vn -0.0507 0.5303 0.8463
vn 0.4957 0.6143 0.6140
vn 0.4730 0.6709 0.5711
vn 0.4092 0.6147 0.6743
vn 0.4707 0.5835 0.6618
vn 0.3692 0.7688 0.5222
vn 0.4882 0.5694 0.6614
vn 0.5929 0.7897 0.1577
vn 0.3404 0.7606 0.5527
vn 0.3566 0.7908 0.4974
vn 0.5855 0.7941 0.1632
vn 0.6674 0.5043 0.5479
vn 0.6944 0.5218 0.4954
vn 0.5836 0.7944 0.1684
vn 0.8712 0.4134 0.2648
vn 0.8486 0.4177 0.3247
vn 0.5695 0.7977 0.1983
vn 0.7765 0.6118 -0.1512
vn 0.7770 0.6119 -0.1477
vn 0.5699 0.7975 0.1980
vn 0.7471 0.4549 -0.4847
vn 0.5890 0.7835 0.1980
vn 0.7137 0.1669 -0.6803
vn 0.7673 0.4482 -0.4587
vn 0.7567 0.4792 -0.4447
vn 0.6959 0.2404 -0.6767
vn 0.9335 0.1112 0.3408
vn 0.9323 0.1116 0.3441
vn 0.6808 0.2032 -0.7037
vn 0.9460 -0.0995 -0.3086
vn 0.9446 -0.0850 -0.3169
vn 0.6933 0.2254 -0.6845
vn 0.9994 0.0004 0.0333
vn 0.7118 0.1992 -0.6736
vn 0.0322 -0.0099 -0.9994
vn 0.9996 0.0041 0.0278
vn 0.9995 0.0048 0.0311
vn 0.0346 -0.0122 -0.9993
vn 0.4755 0.8744 0.0965
vn 0.5263 0.8470 0.0749
vn 0.0482 -0.0134 -0.9987
vn -0.0639 -0.0177 0.9978
vn -0.0635 -0.0174 0.9978
vn 0.0479 -0.0136 -0.9988
vn -0.3134 0.9414 0.1248
vn 0.0524 -0.0162 -0.9985
vn -0.7666 0.6133 0.1905
vn -0.2816 0.9509 0.1282
vn -0.7667 0.6134 0.1895
vn -0.9472 0.2943 -0.1275
vn -0.2836 0.9505 0.1272
vn -0.2844 0.9504 0.1258
vn -0.9544 0.2575 -0.1510
vn -0.0441 -0.0094 0.9990
vn -0.0458 -0.0108 0.9989
vn -0.9541 0.2580 -0.1521
vn 0.5525 0.6954 0.4595
vn 0.5551 0.6935 0.4592
vn -0.9615 0.2355 -0.1417
vn 0.8636 0.0343 0.5030
vn -0.9618 0.2345 -0.1413
vn -0.5187 0.6780 -0.5208
vn 0.8636 0.0345 0.5029
vn 0.8613 0.0314 0.5071
vn -0.5183 0.6984 -0.4935
vn 0.4351 0.1738 -0.8834
vn 0.4435 0.1737 -0.8793
vn -0.5192 0.7047 -0.4835
vn -0.6345 0.6504 -0.4176
vn -0.6313 0.6422 -0.4347
vn -0.6278 0.6443 -0.4368
vn -0.6269 0.6377 -0.4476
vn -0.3877 0.3546 0.8508
vn -0.3877 0.3545 0.8509
vn -0.6269 0.6377 -0.4477
vn 0.0802 0.4458 0.8915
vn 0.0797 0.4441 0.8924
vn -0.6456 0.6218 -0.4434
vn 0.0002 0.7995 0.6007
vn -0.0052 0.9602 -0.2793
vn -0.6440 0.6221 -0.4453
vn 0.0089 0.9992 0.0378
vn -0.0003 0.9479 -0.3187
vn -0.0327 0.9509 -0.3078
vn -0.0089 0.9992 0.0378
vn 0.3459 0.8891 -0.2998
vn -0.0272 0.9990 0.0356
vn 0.1104 0.8959 0.4302
vn 0.3479 0.8867 -0.3044
vn 0.1079 0.9028 0.4164
vn 0.7460 0.6659 0.0058
vn 0.3239 0.8997 -0.2924
vn 0.3312 0.8945 -0.3004
vn 0.7478 0.6637 -0.0181
vn -0.3135 0.9475 0.0635
vn -0.3220 0.9432 0.0815
vn 0.7649 0.6441 0.0004
vn -0.7417 0.3802 0.5525
vn -0.7375 0.3899 0.5514
vn 0.7377 0.6751 0.0025
vn -0.1381 0.0330 0.9899
vn -0.1443 0.0332 0.9890
vn 0.7441 0.6678 -0.0179
vn -0.1102 0.8547 0.5073
vn 0.7436 0.6684 -0.0182
vn 0.9566 -0.2649 0.1214
vn -0.1098 0.8545 0.5077
vn -0.0684 -0.0163 0.9975
vn 0.5434 0.7041 0.4570
vn 0.4682 0.8790 0.0906
vn 0.4701 0.8777 0.0927
vn 0.5460 0.7015 0.4580
vn 0.9996 0.0075 -0.0274
vn 0.9996 -0.0125 -0.0258
vn 0.5435 0.7030 0.4587
vn 0.6116 -0.7723 0.1717
vn 0.6140 -0.7713 0.1677
vn 0.5453 0.7050 0.4535
vn 0.4532 -0.7921 0.4088
vn 0.5459 0.7035 0.4551
vn 0.8784 0.0817 0.4708
vn 0.4508 -0.7933 0.4093
vn 0.4609 -0.7909 0.4025
vn 0.8674 0.0319 0.4966
vn 0.2344 -0.8338 0.4999
vn 0.2334 -0.8343 0.4995
vn 0.8681 0.0349 0.4951
vn 0.0668 0.4585 0.8862
vn 0.0570 0.4602 0.8860
vn 0.8688 0.0304 0.4943
vn 0.2497 0.9672 -0.0465
vn 0.2717 0.9616 -0.0378
vn 0.4413 0.1711 -0.8809
vn -0.3986 0.3479 0.8486
vn 0.4414 0.1711 -0.8808
vn -0.6626 0.6083 -0.4369
vn -0.3986 0.3482 0.8484
vn -0.0286 0.9577 -0.2862
vn 0.3465 0.8906 -0.2946
vn -0.0002 0.7995 0.6007
vn 0.3466 0.8906 -0.2945
vn 0.0314 0.2353 0.9714
vn 0.0309 0.2351 0.9715
vn 0.3287 0.8959 -0.2989
vn 0.5785 0.7935 0.1891
vn 0.5785 0.7935 0.1890
vn 0.8776 0.0975 -0.4693
vn 0.3290 0.8964 -0.2971
vn -0.3136 0.9465 0.0761
vn 0.8906 0.1014 -0.4434
vn 0.8906 0.1013 -0.4434
vn -0.3137 0.9465 0.0760
vn -0.2397 0.6806 -0.6924
vn -0.3126 0.9465 0.0797
vn -0.7373 0.3806 0.5581
vn -0.2319 0.6805 -0.6950
vn -0.8155 0.3655 0.4488
vn -0.8251 0.3681 0.4286
vn -0.7490 0.3896 0.5359
vn 0.0355 0.2356 0.9712
vn 0.0341 0.2367 0.9710
vn -0.7435 0.3894 0.5437
vn -0.2709 -0.6391 0.7198
vn -0.2840 -0.6332 0.7200
vn -0.7478 0.3832 0.5421
vn -0.6702 -0.4049 0.6220
vn -0.7446 0.4177 0.5207
vn -0.1358 0.0295 0.9903
vn -0.6595 -0.4118 0.6289
vn -0.6601 -0.4112 0.6286
vn -0.1357 0.0293 0.9903
vn -0.8234 -0.4422 0.3555
vn -0.8215 -0.4437 0.3583
vn -0.1371 0.0298 0.9901
vn -0.9309 0.3310 -0.1548
vn -0.9313 0.3298 -0.1546
vn -0.1373 0.0294 0.9901
vn -0.8670 0.3144 -0.3866
vn -0.1375 0.0297 0.9901
vn -0.1011 0.8578 0.5039
vn -0.8666 0.3147 -0.3872
vn 0.8849 0.0893 -0.4572
vn -0.2458 0.6714 -0.6992
vn 0.5891 0.7826 0.2013
vn -0.2452 0.6710 -0.6997
vn -0.8205 0.3628 0.4418
vn 0.5900 0.7821 0.2006
vn 0.5838 0.7893 0.1899
vn -0.8251 0.3682 0.4286
vn 0.0355 0.2357 0.9712
vn 0.9994 -0.0101 -0.0323
vn 0.6107 -0.7729 0.1720
vn 0.9280 -0.0823 -0.3633
vn 0.9344 -0.0763 -0.3480
vn 0.6346 -0.7502 0.1858
vn 0.1472 -0.9877 0.0535
vn 0.1779 -0.9825 0.0547
vn 0.6379 -0.7484 0.1814
vn 0.1148 -0.9841 0.1354
vn 0.6398 -0.7471 0.1805
vn 0.4800 -0.7626 0.4337
vn -0.0317 -0.9922 0.1206
vn 0.1480 -0.9883 -0.0359
vn 0.4831 -0.7629 0.4296
vn 0.0452 -0.9770 0.2086
vn 0.4785 -0.7645 0.4320
vn 0.2373 -0.8280 0.5080
vn 0.0232 -0.9853 0.1692
vn 0.0348 -0.9845 0.1719
vn 0.2377 -0.8281 0.5077
vn -0.0042 -0.9534 0.3016
vn -0.0076 -0.9550 0.2965
vn 0.2372 -0.8282 0.5077
vn -0.0006 -0.5788 0.8155
vn 0.2340 -0.8344 0.4990
vn 0.0683 0.4624 0.8840
vn -0.0160 -0.5998 0.8000
vn 0.0777 0.4825 0.8724
vn -0.0006 0.8049 0.5934
vn -0.0027 -0.6020 0.7985
vn 0.0006 0.8049 0.5934
vn 0.0383 0.2449 0.9688
vn 0.0026 -0.6020 0.7985
vn 0.0344 0.2376 0.9707
vn -0.2766 -0.6425 0.7147
vn 0.0160 -0.5998 0.8000
vn 0.0007 -0.5788 0.8155
vn -0.2880 -0.6097 0.7385
vn 0.0075 -0.9550 0.2965
vn 0.0042 -0.9534 0.3016
vn -0.2886 -0.6093 0.7385
vn -0.0980 -0.9839 0.1495
vn -0.2867 -0.6092 0.7394
vn -0.6663 -0.3895 0.6358
vn -0.0245 -0.9912 0.1302
vn -0.0663 -0.9967 0.0459
vn -0.6700 -0.3867 0.6337
vn -0.1453 -0.9892 0.0183
vn -0.6659 -0.3884 0.6370
vn -0.8301 -0.4175 0.3696
vn -0.1118 -0.9926 0.0470
vn -0.1340 -0.9907 0.0233
vn -0.8373 -0.4082 0.3638
vn -0.2392 -0.9699 -0.0447
vn -0.2145 -0.9766 0.0156
vn -0.8286 -0.4167 0.3739
vn -0.9353 -0.3534 0.0187
vn -0.8217 -0.4432 0.3582
vn -0.9310 0.3308 -0.1545
vn -0.9296 -0.3685 0.0101
vn 0.9567 -0.2824 0.0702
vn 0.4867 -0.5161 -0.7048
vn 0.5574 -0.2987 -0.7746
vn 0.2838 -0.9589 0.0059
vn -0.3327 -0.6764 -0.6571
vn 0.5297 -0.4917 -0.6911
vn 0.5254 -0.5089 -0.6819
vn -0.3174 -0.6913 -0.6491
vn 0.5714 -0.2961 -0.7654
vn 0.5708 -0.2968 -0.7655
vn -0.3151 -0.6934 -0.6481
vn -0.4460 -0.2942 -0.8453
vn -0.3932 -0.2930 -0.8715
vn -0.2805 -0.6865 -0.6708
vn -0.6718 -0.7407 -0.0092
vn -0.2857 -0.6663 -0.6888
vn 0.2877 -0.9577 0.0022
vn -0.6800 -0.7332 -0.0060
vn -0.6791 -0.7336 -0.0249
vn 0.2877 -0.9577 -0.0022
vn -0.3372 -0.6827 0.6483
vn -0.3639 -0.6911 0.6245
vn 0.2838 -0.9589 -0.0059
vn 0.4775 -0.5195 0.7086
vn 0.4204 -0.5417 0.7279
vn 0.2786 -0.9604 -0.0026
vn 0.9210 -0.3897 0.0007
vn 0.2786 -0.9604 0.0026
vn 0.4842 -0.5081 -0.7124
vn 0.9187 -0.3906 0.0581
vn 0.4867 -0.5151 -0.7056
vn 0.9568 -0.2822 0.0706
vn 0.9148 -0.4001 0.0550
vn 0.9157 -0.4018 0.0058
vn 0.9578 -0.2825 0.0525
vn 0.3659 -0.3158 0.8754
vn 0.3658 -0.3159 0.8754
vn 0.9578 -0.2825 0.0524
vn 0.4766 -0.0083 0.8791
vn 0.4766 -0.0084 0.8791
vn 0.9578 -0.2826 0.0524
vn 0.9944 -0.1043 -0.0170
vn 0.9567 -0.2823 0.0703
vn 0.5574 -0.2986 -0.7747
vn 0.9944 -0.1043 0.0169
vn 0.5575 -0.2985 -0.7747
vn 0.5093 -0.0414 -0.8596
vn 0.9944 -0.1042 0.0169
vn 0.9930 -0.1171 0.0151
vn 0.5079 -0.0515 -0.8599
vn 0.7853 0.6171 -0.0492
vn 0.5090 -0.0467 -0.8595
vn 0.3277 0.8519 -0.4086
vn 0.7859 0.6159 -0.0552
vn 0.3268 0.8455 -0.4222
vn 0.0306 0.9995 -0.0060
vn 0.8111 0.5806 -0.0709
vn 0.8128 0.5792 -0.0628
vn 0.0306 0.9995 0.0060
vn 0.5455 0.7304 0.4110
vn 0.5601 0.7306 0.3905
vn 0.0677 0.9948 -0.0764
vn -0.2021 0.8574 0.4734
vn -0.1853 0.8606 0.4744
vn 0.0997 0.9950 0.0030
vn -0.6383 0.7688 0.0384
vn -0.6392 0.7683 0.0321
vn 0.0997 0.9950 -0.0030
vn -0.2999 0.8592 -0.4146
vn 0.0677 0.9948 0.0764
vn 0.3413 0.8412 -0.4195
vn -0.3151 0.8584 -0.4048
vn -0.3018 0.8709 -0.3878
vn 0.3321 0.8524 -0.4040
vn -0.5534 0.0731 -0.8297
vn 0.3325 0.8523 -0.4037
vn 0.5300 -0.0544 -0.8462
vn -0.5534 0.0713 -0.8298
vn -0.5508 0.0868 -0.8301
vn 0.5339 -0.0424 -0.8445
vn -0.4434 -0.3073 -0.8420
vn 0.5339 -0.0426 -0.8445
vn 0.5703 -0.2987 -0.7652
vn -0.4435 -0.3079 -0.8417
vn 0.7840 0.6160 -0.0769
vn 0.5262 0.7606 0.3802
vn 0.9925 -0.1213 -0.0179
vn 0.9935 -0.1128 -0.0181
vn 0.5307 0.7586 0.3780
vn 0.4736 -0.0150 0.8806
vn 0.5467 0.7512 0.3698
vn -0.1914 0.8726 0.4493
vn 0.5056 -0.0269 0.8624
vn 0.5058 -0.0254 0.8623
vn -0.1909 0.8726 0.4495
vn -0.5217 0.1208 0.8446
vn -0.1788 0.8714 0.4568
vn -0.5887 0.8083 0.0107
vn -0.4958 0.1176 0.8604
vn -0.4958 0.1178 0.8604
vn -0.5886 0.8084 0.0111
vn -0.9873 0.1569 0.0263
vn -0.5907 0.8053 0.0517
vn -0.2880 0.8734 -0.3927
vn -0.9846 0.1615 0.0669
vn -0.2878 0.8734 -0.3929
vn -0.5278 0.0681 -0.8467
vn -0.9847 0.1611 0.0667
vn -0.9806 0.1842 0.0673
vn -0.5214 0.0856 -0.8490
vn -0.9517 -0.3007 -0.0618
vn -0.3934 -0.3071 -0.8666
vn -0.9517 -0.3008 -0.0618
vn -0.3935 -0.2943 -0.8709
vn -0.6716 -0.7409 -0.0095
vn -0.9613 -0.2685 -0.0609
vn -0.6720 -0.7403 -0.0215
vn -0.3333 -0.6982 0.6335
vn -0.9534 -0.2774 -0.1190
vn -0.9537 -0.2761 -0.1194
vn -0.3333 -0.6978 0.6340
vn -0.5770 -0.2827 0.7662
vn -0.3545 -0.6987 0.6214
vn 0.4655 -0.5475 0.6954
vn -0.6265 -0.2988 0.7199
vn -0.6282 -0.2963 0.7195
vn 0.4668 -0.5441 0.6971
vn 0.4049 -0.3082 0.8608
vn 0.4243 -0.5479 0.7209
vn 0.9150 -0.4033 0.0060
vn 0.3664 -0.3163 0.8751
vn 0.5090 -0.0076 0.8607
vn -0.5164 0.1341 0.8458
vn 0.4019 -0.3222 0.8571
vn 0.4019 -0.3218 0.8573
vn -0.5163 0.1343 0.8458
vn -0.6266 -0.3047 0.7173
vn -0.4923 0.1322 0.8603
vn -0.9818 0.1882 0.0250
vn -0.5728 -0.3205 0.7545
vn -0.5728 -0.3203 0.7545
vn -0.9818 0.1883 0.0250
vn -0.9490 -0.2920 -0.1187
vn -0.3824 -0.2999 -0.8740
vn -0.4236 -0.5484 -0.7210
vn -0.9577 -0.2829 -0.0525
vn -0.9579 -0.2825 -0.0519
vn -0.4236 -0.5475 -0.7216
vn -0.9155 -0.4023 -0.0047
vn -0.4204 -0.5417 -0.7279
vn -0.2786 -0.9604 0.0026
vn -0.9210 -0.3897 -0.0007
vn -0.9187 -0.3906 -0.0581
vn -0.2786 -0.9604 -0.0026
vn -0.4804 -0.5269 0.7011
vn -0.5362 -0.5070 0.6749
vn -0.2838 -0.9589 -0.0059
vn 0.3312 -0.6932 0.6401
vn 0.2848 -0.6824 0.6732
vn -0.2877 -0.9577 -0.0022
vn 0.6800 -0.7332 0.0060
vn 0.6791 -0.7336 0.0249
vn -0.2877 -0.9577 0.0022
vn 0.3372 -0.6827 -0.6483
vn -0.2838 -0.9589 0.0059
vn -0.4775 -0.5195 -0.7086
vn 0.3639 -0.6911 -0.6245
vn -0.4685 -0.5457 -0.6948
vn -0.4190 -0.2906 -0.8602
vn 0.3558 -0.6984 -0.6210
vn 0.3547 -0.6994 -0.6204
vn -0.4167 -0.2944 -0.8600
vn 0.6176 -0.2812 -0.7345
vn -0.4144 -0.3042 -0.8578
vn -0.5066 -0.0575 -0.8603
vn 0.6173 -0.2830 -0.7341
vn 0.6173 -0.2828 -0.7341
vn -0.5067 -0.0572 -0.8602
vn 0.5194 0.1198 -0.8461
vn -0.5008 -0.0722 -0.8626
vn -0.5675 0.7078 -0.4205
vn 0.5242 0.1027 -0.8454
vn 0.5240 0.1047 -0.8453
vn -0.5673 0.7080 -0.4206
vn 0.1912 0.8724 -0.4499
vn -0.5703 0.7020 -0.4265
vn -0.0677 0.9948 0.0764
vn 0.2021 0.8574 -0.4734
vn 0.1853 0.8606 -0.4744
vn -0.0997 0.9950 -0.0030
vn 0.6383 0.7688 -0.0384
vn 0.6392 0.7683 -0.0322
vn -0.0997 0.9950 0.0030
vn 0.2844 0.8594 0.4248
vn 0.3074 0.8578 0.4118
vn -0.0677 0.9948 -0.0764
vn -0.3646 0.8371 0.4077
vn -0.3243 0.8486 0.4179
vn -0.0306 0.9995 0.0060
vn -0.8035 0.5926 0.0567
vn -0.0306 0.9995 -0.0060
vn -0.5667 0.7019 -0.4315
vn -0.8053 0.5912 0.0458
vn -0.5623 0.7103 -0.4235
vn -0.4771 -0.0629 -0.8766
vn -0.7719 0.6331 0.0578
vn -0.7714 0.6332 0.0635
vn -0.4761 -0.0677 -0.8768
vn -0.9912 -0.1315 0.0118
vn -0.4770 -0.0575 -0.8770
vn -0.3825 -0.2995 -0.8741
vn -0.9925 -0.1212 0.0140
vn -0.3824 -0.2996 -0.8741
vn -0.9578 -0.2826 -0.0525
vn -0.9925 -0.1213 0.0140
vn -0.9925 -0.1213 -0.0140
vn -0.9567 -0.2823 -0.0703
vn -0.5093 0.0071 0.8606
vn -0.5093 0.0072 0.8606
vn -0.9568 -0.2823 -0.0703
vn -0.5249 -0.3213 0.7882
vn -0.9568 -0.2822 -0.0703
vn -0.9150 -0.3998 -0.0541
vn -0.5249 -0.3212 0.7882
vn -0.9145 -0.4010 -0.0541
vn -0.4851 -0.5352 0.6915
vn -0.5263 -0.3226 0.7867
vn -0.5836 -0.3116 0.7499
vn -0.5276 -0.5261 0.6670
vn 0.4346 -0.3078 0.8464
vn -0.5269 -0.5287 0.6654
vn 0.3133 -0.7067 0.6344
vn 0.4318 -0.3129 0.8459
vn 0.3769 -0.3101 0.8728
vn 0.2818 -0.7019 0.6541
vn 0.9615 -0.2675 0.0622
vn 0.2818 -0.7026 0.6534
vn 0.6718 -0.7407 0.0096
vn 0.9608 -0.2702 0.0619
vn 0.9535 -0.2767 0.1198
vn 0.6718 -0.7405 0.0217
vn 0.6053 -0.2775 -0.7460
vn 0.6720 -0.7402 0.0219
vn 0.3328 -0.6981 -0.6339
vn 0.6055 -0.2767 -0.7462
vn -0.7670 0.6407 0.0331
vn -0.9907 -0.1350 -0.0139
vn -0.3234 0.8664 0.3806
vn -0.9916 -0.1283 -0.0145
vn -0.5062 0.0013 0.8624
vn -0.3267 0.8655 0.3796
vn -0.3386 0.8659 0.3683
vn -0.5333 -0.0081 0.8459
vn 0.2885 0.8764 0.3857
vn 0.2878 0.8765 0.3860
vn -0.5333 -0.0070 0.8459
vn 0.5519 0.0889 0.8291
vn -0.5350 0.0063 0.8448
vn -0.5807 -0.3221 0.7477
vn 0.5485 0.1017 0.8299
vn -0.5807 -0.3218 0.7478
vn 0.4314 -0.3260 0.8412
vn 0.5484 0.1019 0.8299
vn 0.5226 0.1010 0.8466
vn 0.3771 -0.3239 0.8677
vn 0.9806 0.1842 -0.0672
vn 0.3771 -0.3238 0.8677
vn 0.9517 -0.3007 0.0617
vn 0.9818 0.1882 -0.0250
vn 0.9491 -0.2919 0.1186
vn 0.4909 0.1173 -0.8633
vn 0.9490 -0.2920 0.1186
vn 0.6040 -0.2867 -0.7436
vn 0.4909 0.1172 -0.8633
vn 0.2684 0.8791 0.3938
vn 0.5278 0.0848 0.8451
vn 0.5906 0.8053 -0.0521
vn 0.5277 0.0850 0.8452
vn 0.9847 0.1612 -0.0670
vn 0.5904 0.8055 -0.0517
vn 0.5889 0.8082 -0.0112
vn 0.9872 0.1573 -0.0264
vn 0.1790 0.8714 -0.4568
vn 0.9873 0.1568 -0.0267
vn 0.4955 0.1007 -0.8627
vn 0.1788 0.8714 -0.4569
vn 0.8604 0.5084 -0.0358
vn 0.5893 0.4506 0.6706
vn 0.7834 -0.6172 0.0733
vn 0.6068 -0.1753 0.7753
vn 0.8083 -0.5857 0.0600
vn 0.6129 -0.1666 0.7724
vn -0.0024 -0.5780 0.8161
vn -0.0046 -0.5841 0.8117
vn 0.6240 -0.1678 0.7632
vn 0.0133 0.1615 0.9868
vn 0.6195 -0.1887 0.7620
vn 0.6059 0.4633 0.6467
vn 0.0097 0.1572 0.9875
vn 0.6241 0.4355 0.6487
vn -0.0315 0.7866 0.6167
vn 0.0123 0.1512 0.9884
vn -0.0005 0.7882 0.6155
vn -0.6808 0.3685 0.6330
vn 0.0192 0.1516 0.9883
vn -0.6665 0.4103 0.6225
vn -0.4372 0.4472 0.7803
vn 0.0212 0.1571 0.9873
vn 0.0182 0.1612 0.9868
vn -0.4393 0.4418 0.7822
vn 0.1659 -0.6023 0.7808
vn 0.1568 -0.5994 0.7850
vn -0.4424 0.4377 0.7827
vn -0.7332 0.0441 0.6786
vn -0.7277 0.0415 0.6847
vn -0.4381 0.4373 0.7854
vn -0.8133 -0.4965 -0.3033
vn -0.4381 0.4374 0.7854
vn -0.9856 0.0929 0.1410
vn -0.8134 -0.4965 -0.3032
vn 0.0182 0.1612 0.9867
vn 0.0046 -0.5841 0.8117
vn 0.0024 -0.5780 0.8160
vn 0.1621 -0.5944 0.7877
vn -0.0518 -0.9371 0.3451
vn -0.0869 -0.9331 0.3490
vn 0.1536 -0.5963 0.7880
vn 0.1373 -0.4401 0.8874
vn 0.1567 -0.5994 0.7850
vn 0.1408 -0.4486 0.8826
vn 0.1611 -0.4366 0.8851
vn -0.7348 0.0626 0.6754
vn -0.4707 -0.7851 0.4027
vn -0.7205 0.0661 0.6903
vn -0.8057 -0.4933 -0.3278
vn -0.4663 -0.7854 0.4072
vn -0.4689 -0.7814 0.4118
vn -0.8256 -0.4664 -0.3176
vn 0.1314 -0.9882 -0.0787
vn -0.8187 -0.4950 -0.2910
vn -0.0201 -0.2547 -0.9668
vn 0.1259 -0.9890 -0.0770
vn 0.1259 -0.9891 -0.0770
vn -0.0869 -0.9331 0.3491
vn 0.1215 -0.9894 -0.0794
vn 0.1438 -0.4319 0.8904
vn -0.4735 -0.7809 0.4074
vn 0.1278 -0.9879 -0.0879
vn -0.0484 -0.9365 0.3474
vn 0.5827 -0.7678 0.2662
vn 0.0022 -0.5779 0.8161
vn -0.0031 -0.5785 0.8157
vn 0.5810 -0.7753 0.2478
vn 0.8036 -0.5929 0.0521
vn 0.8130 -0.5786 0.0653
vn 0.6055 -0.7466 0.2756
vn 0.5558 -0.8012 -0.2216
vn 0.5761 -0.7717 0.2694
vn 0.1546 -0.5688 0.8078
vn 0.5380 -0.8203 -0.1940
vn 0.5383 -0.8201 -0.1940
vn 0.1529 -0.9780 -0.1420
vn 0.1641 -0.9744 -0.1534
vn 0.1642 -0.5575 0.8138
vn -0.5031 -0.8057 0.3127
vn -0.4707 -0.8387 0.2738
vn 0.1753 -0.5621 0.8083
vn -0.7398 -0.2460 0.6263
vn 0.1577 -0.5752 0.8027
vn 0.0599 0.3973 0.9157
vn -0.7377 -0.2518 0.6264
vn -0.7378 -0.2517 0.6263
vn 0.1032 0.4840 0.8690
vn 0.1695 -0.9749 -0.1442
vn -0.4629 -0.8084 0.3636
vn -0.3592 -0.7812 -0.5105
vn -0.3577 -0.7820 -0.5104
vn -0.4511 -0.8149 0.3640
vn -0.8483 -0.5036 -0.1634
vn -0.4221 -0.8482 0.3200
vn -0.7356 -0.2454 0.6314
vn -0.8379 -0.5149 -0.1810
vn -0.7353 -0.2528 0.6288
vn -0.8640 -0.4659 0.1909
vn -0.8332 -0.5294 -0.1594
vn -0.7990 -0.5995 0.0472
vn -0.8385 -0.5236 -0.1510
vn -0.8007 -0.5971 0.0489
vn -0.3603 -0.7882 -0.4990
vn -0.0191 -0.9741 0.2252
vn -0.2394 0.1038 0.9654
vn -0.7689 0.6107 0.1893
vn -0.7718 0.6084 0.1849
vn -0.2352 0.0847 0.9683
vn -0.2457 0.8983 0.3643
vn -0.2929 0.8762 0.3828
vn -0.2381 0.0861 0.9674
vn 0.0592 0.9439 0.3250
vn -0.2383 0.0858 0.9674
vn 0.0781 0.9025 0.4236
vn 0.0526 0.9453 0.3218
vn -0.1259 0.8840 0.4503
vn 0.2863 0.3997 0.8708
vn -0.0155 0.9499 0.3123
vn -0.0244 0.9492 0.3139
vn 0.2859 0.4000 0.8708
vn 0.4125 0.8262 0.3836
vn 0.3112 0.8778 0.3643
vn 0.2771 0.3998 0.8737
vn 0.9682 0.2276 0.1040
vn 0.2833 0.4087 0.8676
vn 0.0235 -0.8999 0.4355
vn 0.9662 0.2313 0.1138
vn -0.4892 0.8427 -0.2248
vn 0.0870 0.8879 -0.4518
vn -0.4030 0.7778 -0.4823
vn -0.4735 0.7970 -0.3750
vn 0.1026 0.9029 -0.4174
vn -0.4915 0.3972 -0.7751
vn -0.4928 0.3974 -0.7741
vn 0.1030 0.9045 -0.4138
vn 0.1010 0.3848 -0.9174
vn 0.0900 0.3820 -0.9198
vn 0.0506 0.9147 -0.4010
vn 0.5309 0.4931 -0.6892
vn 0.5274 0.4904 -0.6938
vn 0.0468 0.9116 -0.4085
vn 0.2606 0.9230 -0.2832
vn 0.0837 0.8874 -0.4533
vn 0.4883 0.8419 -0.2295
vn 0.2938 0.8873 -0.3554
vn 0.2430 0.9159 -0.3194
vn 0.4408 0.8786 -0.1839
vn 0.8715 0.3559 -0.3373
vn 0.4043 0.8789 -0.2532
vn 0.5070 0.7527 -0.4200
vn 0.8622 0.3574 -0.3588
vn 0.5054 0.7528 -0.4217
vn 0.8105 0.5753 0.1099
vn 0.8629 0.3566 -0.3582
vn 0.7767 0.6231 0.0921
vn 0.8439 0.4385 0.3091
vn 0.8326 0.4036 -0.3794
vn 0.8403 0.3866 -0.3800
vn 0.8372 0.4432 0.3204
vn 0.8572 0.3511 -0.3767
vn 0.8476 0.4110 0.3357
vn 0.7881 0.5958 -0.1546
vn 0.8651 0.3359 -0.3725
vn 0.7886 0.6033 -0.1186
vn 0.7890 0.4706 -0.3950
vn 0.8451 0.3452 -0.4082
vn 0.8340 0.4614 -0.3024
vn 0.6978 0.1759 -0.6943
vn 0.8855 0.3480 -0.3079
vn 0.8722 0.3641 -0.3266
vn 0.6920 0.2395 -0.6810
vn 0.6232 0.5600 -0.5460
vn 0.6271 0.5585 -0.5430
vn 0.7094 0.2377 -0.6635
vn 0.4940 0.5475 -0.6754
vn 0.7143 0.2215 -0.6639
vn 0.4557 0.1248 -0.8814
vn 0.5002 0.5458 -0.6722
vn 0.5074 0.5430 -0.6692
vn 0.5061 0.1442 -0.8504
vn 0.0851 0.4037 -0.9109
vn 0.5088 0.1224 -0.8521
vn -0.1372 0.0499 -0.9893
vn 0.0868 0.4054 -0.9100
vn 0.1024 0.4010 -0.9104
vn -0.1051 0.0573 -0.9928
vn -0.5769 0.1208 -0.8078
vn -0.1040 0.0400 -0.9938
vn -0.4546 0.4243 -0.7832
vn -0.5855 0.1078 -0.8035
vn -0.4293 0.4335 -0.7923
vn -0.6462 0.4411 -0.6228
vn -0.6065 0.0935 -0.7896
vn -0.6481 0.4680 -0.6008
vn -0.7913 0.2260 -0.5682
vn -0.5596 0.0811 -0.8248
vn -0.5544 0.1467 -0.8192
vn -0.7605 0.2700 -0.5905
vn -0.4824 0.4224 -0.7674
vn -0.7578 0.2929 -0.5830
vn -0.6259 0.5086 -0.5912
vn -0.4784 0.4217 -0.7703
vn -0.4877 0.3961 -0.7780
vn -0.6458 0.4632 -0.6069
vn -0.2770 0.8707 -0.4063
vn 0.5145 0.4825 -0.7089
vn 0.2392 0.9219 -0.3046
vn 0.6587 0.5023 -0.5601
vn 0.2340 0.9162 -0.3252
vn 0.8689 0.3554 -0.3445
vn 0.6417 0.5012 -0.5806
vn 0.6113 0.5631 -0.5560
vn 0.8536 0.4212 -0.3066
vn 0.8726 0.3821 -0.3044
vn 0.7799 -0.4213 0.4628
vn 0.4828 0.3516 0.8021
vn 0.4981 -0.2915 0.8167
vn 0.5060 -0.2907 0.8121
vn 0.5443 0.3335 0.7697
vn 0.0073 -0.2308 0.9730
vn 0.5375 0.3418 0.7709
vn 0.0370 0.3377 0.9405
vn 0.0050 -0.2286 0.9735
vn 0.0562 0.3351 0.9405
vn -0.4465 0.4172 0.7915
vn 0.0262 -0.2277 0.9734
vn 0.0243 -0.2299 0.9729
vn -0.4538 0.4151 0.7885
vn -0.5468 -0.1393 0.8256
vn 0.7850 -0.3715 0.4957
vn 0.6763 -0.7170 0.1691
vn 0.9600 -0.2761 0.0461
vn 0.9604 -0.2755 0.0414
vn 0.6536 -0.7424 0.1474
vn 0.5911 -0.7978 -0.1186
vn 0.6792 -0.7202 0.1417
vn 0.7862 -0.6071 -0.1156
vn 0.5978 -0.7895 -0.1392
vn 0.6136 -0.7860 -0.0759
vn 0.7857 -0.6093 -0.1073
vn 0.4126 -0.8710 -0.2668
vn 0.7867 -0.6081 -0.1067
vn 0.6210 -0.7832 0.0316
vn 0.3934 -0.8915 -0.2249
vn 0.6214 -0.7835 0.0013
vn 0.7814 -0.6239 -0.0110
vn 0.3936 -0.8652 -0.3107
vn 0.3943 -0.8652 -0.3097
vn 0.7806 -0.6250 -0.0099
vn 0.6076 -0.7863 -0.1119
vn 0.7875 -0.6156 0.0297
vn 0.6999 -0.6166 -0.3605
vn 0.5815 -0.8131 -0.0276
vn -0.5704 -0.6667 0.4798
vn -0.0686 -0.7422 0.6667
vn -0.5404 -0.1107 0.8341
vn -0.5436 -0.1109 0.8320
vn -0.0766 -0.7451 0.6626
vn 0.0262 -0.2106 0.9772
vn 0.0052 -0.2096 0.9778
vn -0.1123 -0.7346 0.6692
vn 0.5141 -0.2699 0.8141
vn -0.1143 -0.7317 0.6720
vn 0.4380 -0.7355 0.5169
vn 0.5100 -0.2679 0.8174
vn 0.4956 -0.2726 0.8247
vn 0.3941 -0.7393 0.5460
vn 0.8307 -0.3534 0.4301
vn 0.7852 -0.3713 0.4956
vn 0.4145 -0.7040 0.5767
vn 0.6770 -0.7166 0.1678
vn 0.4117 -0.7052 0.5773
vn 0.2688 -0.9475 0.1730
vn 0.6914 -0.7058 0.1541
vn 0.2782 -0.9462 0.1653
vn 0.5966 -0.8016 0.0394
vn 0.6589 -0.7368 0.1513
vn 0.6518 -0.7409 0.1620
vn 0.5850 -0.8095 0.0496
vn 0.7742 -0.6192 -0.1313
vn 0.5850 -0.8095 0.0498
vn 0.5828 -0.8126 0.0008
vn 0.7737 -0.6196 -0.1320
vn 0.7730 -0.6257 -0.1051
vn 0.5878 -0.8090 0.0044
vn 0.6008 -0.7990 0.0231
vn 0.6002 -0.7998 0.0100
vn 0.5878 -0.8090 -0.0039
vn 0.7511 -0.6597 -0.0269
vn 0.5819 -0.8132 -0.0008
vn 0.5733 -0.8099 -0.1242
vn 0.7061 -0.7078 -0.0208
vn 0.7176 -0.6955 0.0372
vn 0.5722 -0.8114 -0.1193
vn 0.6630 -0.6674 -0.3391
vn 0.6830 -0.6922 -0.2330
vn 0.5895 -0.8039 -0.0792
vn 0.4527 -0.6274 -0.6336
vn 0.6121 -0.7867 -0.0798
vn 0.2673 -0.9386 -0.2183
vn 0.4741 -0.6061 -0.6386
vn 0.4973 -0.6087 -0.6182
vn 0.2832 -0.9343 -0.2164
vn 0.0508 -0.6021 -0.7968
vn 0.2834 -0.9343 -0.2163
vn -0.0110 -0.9475 -0.3195
vn 0.0508 -0.6020 -0.7969
vn 0.0110 -0.9475 -0.3195
vn -0.3012 -0.9225 -0.2412
vn 0.0748 -0.6056 -0.7923
vn 0.0748 -0.6056 -0.7922
vn -0.3010 -0.9226 -0.2413
vn -0.4129 -0.5685 -0.7116
vn -0.2765 -0.9294 -0.2442
vn -0.6132 -0.7875 -0.0615
vn -0.3876 -0.5797 -0.7168
vn -0.1357 0.0000 0.9907
vn -0.1498 0.0000 0.9887
vn -0.3665 -0.0000 0.9304
vn -0.3322 0.0000 0.9432
vn -0.0778 0.0000 0.9970
vn -0.3167 0.0198 0.9483
vn -0.2191 0.1383 0.9659
vn -0.2624 0.1251 0.9568
vn -0.2625 0.1251 0.9568
vn -0.0827 -0.0146 0.9965
vn 0.1173 0.0235 0.9928
vn 0.3012 0.0324 0.9530
vn 0.1225 0.0214 0.9922
vn 0.3191 0.0013 0.9477
vn 0.2102 0.0734 0.9749
vn 0.2003 0.0022 0.9797
vn 0.2551 0.0217 0.9667
vn 0.1788 0.1236 0.9761
vn 0.3456 0.0000 0.9384
vn 0.4589 -0.0000 0.8885
vn 0.1329 -0.0000 0.9911
vn 0.6012 0.4297 0.6738
vn 0.8676 0.4961 -0.0346
vn -0.0265 0.7688 0.6390
vn -0.0265 0.7688 0.6389
vn -0.0171 0.9960 -0.0878
vn 0.8674 0.4969 -0.0270
vn 0.8421 0.2546 -0.4755
vn -0.0165 0.9974 -0.0704
vn 0.1290 0.8315 -0.5403
vn 0.8468 0.2566 -0.4660
vn 0.8816 0.2727 -0.3853
vn 0.1293 0.8400 -0.5269
vn 0.8816 0.2728 -0.3852
vn -0.0236 0.9149 -0.4029
vn 0.8754 0.2707 -0.4006
vn 0.4656 0.8688 0.1686
vn -0.0244 0.9105 -0.4128
vn -0.0173 0.8976 -0.4404
vn 0.4900 0.8630 0.1230
vn -0.7217 0.6889 0.0684
vn 0.4972 0.8596 0.1176
vn 0.0066 0.9893 0.1458
vn -0.7232 0.6876 0.0649
vn -0.1475 0.9881 0.0437
vn -0.7230 0.6879 0.0646
vn -0.7230 0.6878 0.0647
vn -0.1402 0.9878 0.0676
vn -0.1402 0.9878 0.0675
vn -0.0048 0.7686 0.6397
vn 0.0171 0.9960 -0.0878
vn -0.6537 0.3627 0.6641
vn -0.6538 0.3627 0.6641
vn -0.9381 0.3359 -0.0840
vn 0.0165 0.9974 -0.0704
vn 0.1488 0.8312 -0.5356
vn -0.9392 0.3354 -0.0729
vn -0.9393 0.3354 -0.0730
vn 0.1487 0.8312 -0.5357
vn -0.8120 0.3790 -0.4439
vn 0.1494 0.8341 -0.5310
vn -0.0077 0.9154 -0.4024
vn -0.8159 0.3845 -0.4318
vn -0.0078 0.9154 -0.4024
vn -0.7044 0.5607 -0.4352
vn -0.0060 0.9107 -0.4130
vn -0.7332 0.6743 0.0878
vn -0.6874 0.5496 -0.4748
vn -0.6713 0.5778 -0.4642
vn -0.7034 0.7077 0.0655
vn -0.7962 -0.5542 -0.2425
vn -0.7964 -0.5541 -0.2424
vn -0.7033 0.7078 0.0656
vn -0.1251 -0.9741 0.1886
vn -0.7091 0.7029 0.0554
vn -0.9690 -0.0004 0.2472
vn -0.1248 -0.9743 0.1878
vn -0.1248 -0.9743 0.1877
vn -0.9889 -0.0004 0.1484
vn -0.9581 0.0001 0.2865
vn -0.6502 0.0001 -0.7598
vn -0.9778 0.0003 0.2097
vn -0.7272 0.0002 -0.6864
vn -0.6862 0.0007 -0.7275
vn 0.3464 0.0000 -0.9381
vn -0.7596 0.0004 -0.6504
vn -0.7596 0.0005 -0.6504
vn 0.3464 0.0001 -0.9381
vn 0.2867 0.0005 -0.9580
vn 0.3418 0.0001 -0.9398
vn 0.8050 0.1311 -0.5787
vn 0.2533 0.0002 -0.9674
vn -0.6330 0.3956 0.6655
vn -0.9267 0.3630 -0.0974
vn -0.4364 0.4400 0.7848
vn -0.4364 0.4399 0.7849
vn -0.9267 0.3630 -0.0973
vn -0.9863 0.0973 0.1336
vn -0.9847 0.0999 0.1425
vn -0.9250 0.3697 -0.0878
vn -0.9492 -0.2645 0.1702
vn -0.9527 -0.2482 0.1755
vn -0.9245 0.3726 -0.0807
vn -0.9335 -0.1355 -0.3321
vn -0.9252 0.3734 -0.0675
vn -0.7949 0.4091 -0.4481
vn -0.9254 -0.2244 -0.3055
vn -0.8387 -0.3777 -0.3923
vn -0.8014 0.4118 -0.4337
vn -0.6737 0.5838 -0.4530
vn -0.8557 -0.3764 -0.3551
vn -0.6737 0.5839 -0.4530
vn -0.8032 -0.5523 -0.2235
vn -0.8556 -0.3764 -0.3552
vn -0.8657 -0.3331 -0.3736
vn -0.8206 -0.5257 -0.2240
vn 0.0109 -0.9459 -0.3243
vn 0.0109 -0.9459 -0.3242
vn -0.8206 -0.5258 -0.2240
vn -0.1385 -0.9587 -0.2483
vn -0.8156 -0.5220 -0.2497
vn -0.1136 -0.9750 0.1911
vn -0.1412 -0.9482 -0.2845
vn -0.1724 -0.9465 -0.2729
vn -0.1319 -0.9728 0.1904
vn 0.6895 -0.6139 -0.3843
vn 0.6867 -0.6263 -0.3690
vn -0.1569 -0.9671 0.2002
vn 0.7239 -0.6715 0.1581
vn 0.7232 -0.6718 0.1602
vn -0.1405 -0.9682 0.2071
vn -0.0067 -0.9892 -0.1464
vn -0.1393 -0.9681 0.2084
vn 0.1373 -0.9881 -0.0695
vn 0.1553 -0.9874 -0.0319
vn 0.1413 -0.9877 -0.0667
vn -0.1448 -0.9881 -0.0509
vn -0.1368 -0.9883 -0.0670
vn 0.7235 -0.6715 0.1603
vn -0.1157 -0.9883 -0.0996
vn 0.7234 -0.6716 0.1603
vn -0.0104 0.9884 0.1516
vn 0.1437 0.9883 0.0517
vn 0.1142 0.9889 0.0955
vn 0.1395 0.9881 0.0655
vn 0.4969 0.8599 0.1170
vn -0.9855 0.0945 0.1407
vn -0.9606 -0.2299 0.1559
vn -0.8770 -0.4428 0.1865
vn -0.8801 -0.4399 0.1787
vn -0.9613 -0.2286 0.1541
vn -0.8056 -0.5913 0.0368
vn -0.8010 -0.5970 0.0440
vn -0.9599 -0.2352 0.1528
vn -0.8329 -0.4871 0.2626
vn -0.8282 -0.4921 0.2682
vn -0.9537 -0.2547 0.1600
vn -0.6891 -0.7063 -0.1622
vn -0.9562 -0.2450 0.1604
vn -0.9453 -0.1558 -0.2865
vn -0.6920 -0.7042 -0.1591
vn -0.6969 -0.7005 -0.1537
vn -0.9575 -0.1319 -0.2565
vn -0.5522 -0.4222 -0.7189
vn -0.5522 -0.4223 -0.7189
vn -0.9575 -0.1320 -0.2566
vn -0.6799 -0.6843 -0.2637
vn -0.9559 -0.1136 -0.2708
vn -0.8611 -0.3322 -0.3849
vn -0.7038 -0.6502 -0.2862
vn -0.6533 -0.6930 -0.3049
vn -0.8544 -0.3260 -0.4047
vn -0.0680 -0.9506 -0.3029
vn -0.8657 -0.3362 -0.3708
vn 0.0080 -0.9464 -0.3228
vn -0.0647 -0.9570 -0.2829
vn -0.0880 -0.9453 -0.3142
vn -0.0038 -0.9413 -0.3376
vn 0.0198 -0.9991 0.0380
vn 0.0627 -0.9956 0.0692
vn 0.0103 -0.9430 -0.3325
vn 0.0831 -0.9813 -0.1735
vn 0.0343 -0.9843 -0.1732
vn -0.0113 -0.9429 -0.3330
vn 0.6795 -0.6554 -0.3298
vn -0.0109 -0.9459 -0.3242
vn -0.1731 -0.9498 -0.2607
vn 0.6813 -0.6688 -0.2975
vn -0.1731 -0.9498 -0.2606
vn 0.7088 -0.6155 -0.3446
vn 0.6813 -0.6689 -0.2975
vn 0.6575 -0.6871 -0.3092
vn 0.6733 -0.6487 -0.3548
vn 0.8362 0.2966 -0.4613
vn 0.8363 0.2966 -0.4612
vn 0.8717 0.3125 -0.3774
vn 0.6721 -0.6418 -0.3693
vn 0.7031 -0.6927 0.1607
vn 0.8597 0.2980 -0.4148
vn 0.8598 0.2980 -0.4147
vn 0.7031 -0.6927 0.1608
vn 0.4687 0.8763 0.1114
vn 0.7085 -0.6896 0.1498
vn 0.9825 -0.0004 0.1862
vn 0.4711 0.8756 0.1062
vn 0.4712 0.8756 0.1062
vn 0.9825 -0.0003 0.1862
vn 0.9969 -0.0002 0.0783
vn 0.9753 0.0001 0.2208
vn 0.5685 0.0002 -0.8227
vn 0.9931 0.0002 0.1172
vn 0.6597 0.0003 -0.7515
vn 0.6118 0.0009 -0.7910
vn -0.3838 0.0002 -0.9234
vn 0.7004 0.0006 -0.7138
vn 0.7004 0.0005 -0.7138
vn -0.3006 0.0001 -0.9538
vn -0.3683 0.0002 -0.9297
vn -0.7512 0.1566 -0.6412
vn -0.2948 0.0000 -0.9556
vn -0.2948 0.0001 -0.9556
vn -0.7499 0.1565 -0.6427
vn -0.7512 0.1566 -0.6413
vn -0.7183 -0.6737 -0.1738
vn -0.5514 -0.4044 -0.7297
vn -0.8342 -0.4815 0.2687
vn -0.8344 -0.4803 0.2703
vn -0.5502 -0.4041 -0.7307
vn -0.0413 -0.8786 -0.4758
vn -0.5564 -0.4197 -0.7171
vn -0.6810 -0.6831 -0.2639
vn -0.0464 -0.8818 -0.4694
vn -0.6813 -0.6817 -0.2667
vn -0.0791 -0.9510 -0.2988
vn -0.0471 -0.8815 -0.4697
vn -0.0525 -0.8783 -0.4751
vn -0.0941 -0.9469 -0.3074
vn -0.1072 -0.9922 0.0640
vn -0.0891 -0.9481 -0.3052
vn 0.0315 -0.9976 0.0615
vn -0.1035 -0.9927 0.0621
vn -0.1030 -0.9929 0.0591
vn 0.0332 -0.9979 0.0554
vn -0.4240 -0.8608 0.2815
vn -0.4239 -0.8608 0.2816
vn 0.0338 -0.9979 0.0553
vn -0.8010 -0.5968 0.0472
vn 0.0607 -0.9958 0.0681
vn -0.3644 -0.7036 -0.6101
vn -0.8067 -0.5884 0.0551
vn -0.8007 -0.5971 0.0492
vn -0.3760 -0.7266 -0.5750
vn -0.3598 -0.7884 -0.4990
vn -0.3636 -0.7860 -0.5000
vn -0.3896 -0.7161 -0.5791
vn 0.1563 -0.9781 -0.1374
vn 0.1564 -0.9781 -0.1372
vn -0.3903 -0.7166 -0.5781
vn 0.5561 -0.8116 -0.1792
vn -0.3893 -0.6855 -0.6153
vn -0.2873 -0.9426 -0.1700
vn 0.5652 -0.8033 -0.1876
vn -0.2890 -0.9009 -0.3239
vn 0.0841 -0.9809 -0.1755
vn 0.5617 -0.8052 -0.1902
vn 0.0372 -0.9835 -0.1768
vn 0.6745 -0.6578 -0.3352
vn 0.5904 -0.7591 -0.2740
vn 0.6190 -0.7478 -0.2401
vn 0.6770 -0.6572 -0.3315
vn 0.8086 -0.5808 0.0937
vn 0.7830 -0.6158 0.0879
vn 0.6551 -0.6864 -0.3158
vn 0.8603 0.5090 -0.0284
vn 0.6551 -0.6864 -0.3157
vn 0.8241 0.2873 -0.4882
vn 0.8603 0.5090 -0.0285
vn -0.8012 -0.5968 0.0437
vn -0.8332 -0.4867 0.2624
vn -0.4225 -0.8621 0.2799
vn -0.4209 -0.8613 0.2847
vn -0.8324 -0.4826 0.2724
vn -0.0846 -0.9941 0.0677
vn -0.8341 -0.4804 0.2711
vn -0.0410 -0.8789 -0.4753
vn -0.0797 -0.9946 0.0659
vn -0.0047 -0.9965 0.0840
vn -0.0091 -0.9995 -0.0302
vn -0.1234 -0.9686 -0.2159
vn 0.0660 -0.9580 -0.2789
vn -0.1777 -0.1971 -0.9641
vn -0.2637 -0.7637 -0.5893
vn -0.4402 0.5899 -0.6769
vn -0.2637 -0.7636 -0.5893
vn -0.9013 -0.3594 -0.2419
vn -0.2808 -0.7269 -0.6268
vn 0.0803 -0.9635 -0.2552
vn -0.9001 -0.3557 -0.2515
vn -0.9001 -0.3557 -0.2516
vn 0.0802 -0.9635 -0.2555
vn -0.5733 -0.8100 0.1232
vn 0.0577 -0.9586 -0.2790
vn -0.3123 -0.9388 -0.1452
vn -0.5803 -0.8093 0.0914
vn -0.5800 -0.8093 0.0928
vn -0.3140 -0.9383 -0.1451
vn -0.2407 -0.9691 -0.0545
vn -0.9048 -0.4026 0.1387
vn -0.4805 -0.8732 -0.0813
vn -0.7217 0.2081 0.6602
vn -0.7218 0.2081 0.6601
vn -0.4806 -0.8732 -0.0814
vn -0.2014 -0.8517 0.4838
vn -0.5116 -0.8569 -0.0627
vn 0.0194 -0.8743 -0.4850
vn -0.2448 -0.8294 0.5022
vn 0.3026 -0.9421 0.1446
vn -0.0029 -0.8784 -0.4779
vn -0.2373 -0.9704 -0.0456
vn 0.2638 -0.9514 0.1586
vn 0.2637 -0.9515 0.1586
vn -0.2372 -0.9704 -0.0455
vn 0.0117 -0.9989 -0.0444
vn 0.7478 0.3446 -0.5675
vn -0.0011 0.9379 -0.3468
vn -0.0618 0.9876 0.1442
vn -0.0617 0.9876 0.1441
vn -0.0012 0.9378 -0.3473
vn -0.1322 0.8689 -0.4770
vn -0.0493 0.9110 -0.4095
vn 0.3698 0.9129 0.1726
vn -0.1473 0.8576 -0.4927
vn -0.1474 0.8574 -0.4930
vn 0.3697 0.9131 0.1718
vn 0.2845 0.9579 0.0376
vn -0.5054 -0.3729 0.7781
vn -0.0844 -0.7080 0.7011
vn -0.3805 0.1006 0.9193
vn -0.0878 -0.7091 0.6997
vn 0.0892 -0.0164 0.9959
vn -0.3981 0.0988 0.9120
vn -0.3704 -0.0687 0.9263
vn 0.0854 -0.0402 0.9955
vn -0.0622 0.9882 0.1401
vn -0.0700 0.9877 0.1401
vn 0.0624 -0.0339 0.9975
vn 0.7440 0.3421 -0.5739
vn 0.0624 -0.0340 0.9975
vn 0.7695 0.3728 0.5186
vn 0.7440 0.3421 -0.5740
vn 0.7673 0.3776 0.5183
vn 0.5222 -0.8499 0.0708
vn 0.7387 0.3561 -0.5724
vn 0.7410 0.3518 -0.5719
vn 0.5166 -0.8543 0.0570
vn 0.7158 -0.6539 -0.2450
vn 0.5212 -0.8484 0.0924
vn 0.0905 -0.9713 -0.2200
vn 0.7966 -0.5744 -0.1884
vn 0.7359 -0.6356 -0.2334
vn 0.0913 -0.9651 -0.2455
vn 0.3613 -0.7837 -0.5052
vn 0.0980 -0.9770 -0.1895
vn -0.1291 -0.9889 -0.0734
vn 0.4272 -0.7829 -0.4523
vn 0.4268 -0.7850 -0.4490
vn -0.1291 -0.9889 -0.0735
vn 0.3635 -0.7884 0.4963
vn 0.3870 -0.9221 0.0070
vn 0.0946 -0.9420 0.3219
vn 0.2979 -0.8542 -0.4262
vn -0.3401 -0.8910 -0.3008
vn 0.1142 -0.9462 0.3026
vn -0.1180 -0.9894 -0.0850
vn -0.3271 -0.8935 -0.3075
vn -0.3270 -0.8936 -0.3075
vn -0.1180 -0.9894 -0.0848
vn -0.2894 -0.9460 -0.1462
vn -0.3261 -0.9322 -0.1569
vn -0.1034 -0.9885 -0.1099
vn -0.2522 -0.9655 -0.0645
vn 0.0807 -0.9936 -0.0785
vn -0.1161 -0.9907 -0.0705
vn 0.1385 -0.9664 -0.2165
vn 0.0526 -0.9973 -0.0512
vn 0.0546 -0.9970 -0.0543
vn 0.1379 -0.9656 -0.2204
vn -0.5358 -0.7977 0.2769
vn 0.1271 -0.9604 -0.2481
vn 0.5527 -0.8312 0.0603
vn -0.5441 -0.7946 0.2692
vn -0.5442 -0.7946 0.2691
vn 0.5526 -0.8313 0.0602
vn -0.0935 -0.6839 0.7235
vn 0.5420 -0.8391 0.0456
vn 0.7683 0.3775 0.5169
vn -0.1211 -0.6922 0.7115
vn -0.1213 -0.6925 0.7112
vn 0.7684 0.3774 0.5169
vn 0.0585 -0.0199 0.9981
vn -0.0365 0.8048 0.5924
vn -0.1462 0.9625 0.2286
vn -0.3035 0.8982 0.3180
vn -0.1800 0.9511 0.2512
vn 0.4642 0.8616 -0.2054
vn -0.3679 0.8574 0.3599
vn -0.3678 0.8574 0.3599
vn 0.2259 0.9734 -0.0382
vn 0.4146 0.8947 -0.1663
vn -0.6981 0.7144 0.0476
vn 0.1597 0.9871 0.0106
vn 0.1596 0.9871 0.0106
vn -0.6982 0.7143 0.0476
vn 0.6307 0.4399 0.6393
vn -0.1888 -0.2067 -0.9600
vn -0.4539 0.5693 -0.6854
vn -0.6036 0.7538 0.2598
vn -0.4349 0.5880 -0.6820
vn -0.8911 -0.3767 -0.2531
vn -0.5942 0.7624 0.2562
vn -0.5942 0.7624 0.2563
vn -0.8617 -0.5002 0.0851
vn -0.8963 -0.3536 -0.2676
vn -0.5275 -0.8443 0.0937
vn -0.9093 -0.4161 0.0103
vn -0.9055 -0.4132 0.0970
vn -0.5243 -0.8459 0.0978
vn -0.6991 -0.5978 0.3923
vn -0.5408 -0.8386 0.0659
vn -0.2332 -0.9712 -0.0485
vn -0.7460 -0.5837 0.3206
vn -0.7212 -0.5766 0.3839
vn -0.2323 -0.9714 -0.0495
vn -0.2343 -0.6651 -0.7091
vn -0.2346 -0.9710 -0.0453
vn 0.0212 -0.8856 -0.4639
vn -0.2234 -0.7320 -0.6436
vn -0.2849 -0.7036 -0.6510
vn 0.0185 -0.8871 -0.4611
vn -0.3495 -0.7729 -0.5295
vn 0.0295 -0.8808 -0.4725
vn -0.4911 -0.8705 -0.0333
vn -0.2902 -0.7418 -0.6046
vn -0.2952 -0.7371 -0.6079
vn -0.4927 -0.8696 -0.0331
vn -0.8758 -0.4467 -0.1831
vn -0.4727 -0.8787 -0.0670
vn -0.9002 -0.3765 0.2190
vn -0.8666 -0.4441 -0.2273
vn -0.8464 -0.4911 -0.2061
vn -0.8716 -0.4486 0.1977
vn -0.6925 0.7197 0.0487
vn -0.6973 0.7165 0.0194
vn -0.8872 -0.4343 0.1555
vn 0.6357 0.4423 0.6327
vn -0.7238 0.1921 0.6628
vn 0.6357 0.4423 0.6326
vn -0.7240 0.2076 0.6578
vn -0.2398 -0.8621 0.4464
vn 0.6344 0.4451 0.6320
vn 0.6332 0.4431 0.6346
vn -0.2159 -0.8655 0.4520
vn 0.0753 -0.8727 0.4824
vn -0.2831 -0.8282 0.4837
vn 0.2920 -0.9529 0.0817
vn 0.0244 -0.8377 0.5456
vn 0.0150 -0.8403 0.5419
vn 0.2896 -0.9537 0.0815
vn 0.5427 -0.7803 0.3109
vn 0.2405 -0.9639 0.1142
vn 0.0198 -0.9974 -0.0697
vn 0.5042 -0.8015 0.3216
vn 0.5231 -0.7941 0.3095
vn 0.0242 -0.9974 -0.0678
vn -0.4790 -0.7756 0.4112
vn 0.0409 -0.9970 -0.0664
vn -0.5166 -0.8124 0.2706
vn -0.4447 -0.7859 0.4297
vn -0.4428 -0.7941 0.4163
vn -0.5215 -0.8119 0.2623
vn -0.4469 -0.3230 0.8342
vn -0.5386 -0.8046 0.2500
vn -0.0668 -0.6907 0.7200
vn -0.4578 -0.3086 0.8338
vn 0.8368 0.5428 -0.0719
vn 0.1192 0.5783 -0.8071
vn 0.8885 0.4324 0.1534
vn 0.1193 0.5840 -0.8029
vn 0.1496 0.8100 -0.5671
vn 0.1601 0.8083 -0.5665
vn 0.1291 0.5856 -0.8003
vn -0.9413 0.1892 -0.2797
vn -0.9729 0.2047 -0.1076
vn -0.9404 0.1891 -0.2828
vn -0.9724 0.2055 -0.1106
vn -0.4550 -0.0547 0.8888
vn -0.9724 0.2056 -0.1105
vn -0.1864 0.0052 0.9825
vn -0.4625 -0.0618 0.8845
vn -0.1974 0.0035 0.9803
vn 0.6484 0.5077 0.5673
vn -0.1975 0.0035 0.9803
vn 0.8837 0.4474 0.1374
vn 0.9794 -0.0043 0.2017
vn -0.1418 0.5635 -0.8139
vn 0.8305 0.5524 -0.0721
vn 0.8368 0.5427 -0.0719
vn -0.1420 0.5628 -0.8143
vn 0.1193 0.5783 -0.8070
vn 0.1323 0.5815 -0.8027
vn -0.1383 0.5634 -0.8146
vn -0.9740 0.2007 -0.1051
vn -0.1381 0.5619 -0.8156
vn -0.9206 0.3266 0.2142
vn -0.9736 0.2011 -0.1076
vn -0.9727 0.2024 -0.1140
vn -0.9292 0.3256 0.1749
vn -0.1797 -0.0068 0.9837
vn -0.9291 0.3258 0.1750
vn 0.0167 0.3439 0.9388
vn -0.1958 -0.0145 0.9805
vn 0.0144 0.3403 0.9402
vn 0.8874 0.4400 0.1373
vn 0.0132 0.3434 0.9391
vn 0.8319 0.5488 -0.0815
vn 0.8883 0.4401 0.1314
vn 0.9930 -0.0769 0.0896
vn 0.2438 0.1140 -0.9631
vn 0.9795 0.0029 0.2014
vn 0.9794 -0.0043 0.2016
vn 0.2432 0.1080 -0.9639
vn -0.1418 0.5635 -0.8138
vn -0.1382 0.5649 -0.8135
vn 0.2588 0.1087 -0.9598
vn -0.9187 0.3322 0.2136
vn 0.2589 0.1083 -0.9598
vn -0.9577 0.1715 -0.2313
vn -0.9188 0.3319 0.2134
vn -0.9201 0.3472 0.1813
vn -0.9558 0.1727 -0.2381
vn 0.0165 0.3443 0.9387
vn -0.9558 0.1726 -0.2382
vn -0.1588 0.0145 0.9872
vn 0.0138 0.3448 0.9386
vn -0.1909 0.0140 0.9815
vn 0.8315 0.5497 -0.0806
vn -0.1903 0.0147 0.9816
vn 0.9843 -0.0011 0.1768
vn 0.8314 0.5498 -0.0806
vn 0.9598 0.2721 -0.0686
vn 0.1206 0.0631 -0.9907
vn 0.9927 -0.0800 0.0900
vn 0.9930 -0.0768 0.0896
vn 0.1209 0.0643 -0.9906
vn 0.2437 0.1140 -0.9631
vn 0.2592 0.1106 -0.9595
vn 0.1320 0.0629 -0.9893
vn -0.9574 0.1730 -0.2314
vn 0.1318 0.0630 -0.9893
vn -0.9539 0.2889 -0.0817
vn -0.9574 0.1731 -0.2313
vn -0.9505 0.2894 -0.1132
vn -0.1588 0.0140 0.9872
vn -0.0746 0.1256 0.9893
vn -0.1588 0.0141 0.9872
vn -0.1892 0.0196 0.9817
vn -0.0830 0.1275 0.9884
vn 0.9842 0.0032 0.1773
vn 0.9841 0.0028 0.1774
vn -0.0832 0.1274 0.9884
vn 0.9944 -0.0779 0.0712
vn -0.0838 0.1255 0.9885
vn 0.2091 0.3516 0.9125
vn 0.9942 -0.0804 0.0710
vn 0.9598 0.2679 -0.0835
vn 0.2071 0.3493 0.9138
vn -0.0709 0.8109 0.5809
vn 0.9600 0.2672 -0.0839
vn 0.9600 0.2673 -0.0839
vn -0.0710 0.8109 0.5809
vn 0.6604 0.7286 0.1816
vn -0.0814 0.7994 0.5953
vn 0.2555 0.9667 -0.0138
vn 0.6795 0.7108 0.1819
vn 0.6835 0.7087 0.1752
vn 0.2536 0.9673 -0.0057
vn 0.3075 0.9484 0.0779
vn 0.6583 0.7267 0.1964
vn -0.0895 0.3792 -0.9210
vn 0.9624 0.2636 -0.0651
vn 0.9598 0.2720 -0.0686
vn -0.0875 0.3828 -0.9197
vn 0.1206 0.0632 -0.9907
vn 0.1316 0.0605 -0.9895
vn -0.0490 0.3839 -0.9221
vn -0.9554 0.2840 -0.0810
vn -0.7846 0.6124 0.0971
vn -0.9554 0.2839 -0.0810
vn -0.9526 0.2819 -0.1140
vn -0.7839 0.6148 0.0869
vn -0.0747 0.1241 0.9895
vn 0.2235 0.3452 0.9115
vn -0.7874 0.6106 0.0849
vn -0.4679 0.8835 0.0216
vn 0.2236 0.3438 0.9120
vn 0.2237 0.3439 0.9120
vn -0.4678 0.8836 0.0216
vn -0.0431 0.8095 0.5855
vn -0.4705 0.8823 0.0162
vn -0.1461 0.9625 0.2286
vn -0.0365 0.8048 0.5925
vn -0.0572 0.9979 -0.0302
vn 0.3289 0.9372 -0.1160
vn 0.2908 0.9530 -0.0846
vn 0.2550 0.9651 -0.0596
vn 0.3884 0.7898 -0.4747
vn 0.2706 0.9602 -0.0692
vn 0.2699 0.9604 -0.0693
vn 0.3889 0.7901 -0.4738
vn 0.6680 0.7162 0.2020
vn 0.3824 0.8134 -0.4383
vn -0.0896 0.3792 -0.9210
vn -0.0466 0.3764 -0.9253
vn 0.3991 0.8053 -0.4385
vn -0.7848 0.6120 0.0974
vn -0.7848 0.6121 0.0974
vn 0.3992 0.8052 -0.4385
vn -0.4708 0.8815 0.0359
vn 0.4073 0.7932 -0.4527
vn 0.2235 0.9736 0.0468
vn -0.4803 0.8764 0.0348
vn -0.4799 0.8767 0.0342
vn 0.2219 0.9734 0.0571
vn 0.1543 0.9866 -0.0528
vn 0.1393 0.9877 -0.0711
vn 0.4040 0.8382 0.3663
vn 0.1340 0.9870 -0.0885
vn 0.1340 0.9870 -0.0887
vn 0.4040 0.8383 0.3660
vn 0.3731 0.8789 0.2971
vn 0.3855 0.8619 0.3295
vn 0.3766 0.8842 -0.2763
vn 0.3378 0.9118 0.2333
vn 0.3765 0.8842 -0.2763
vn -0.6033 0.7571 0.2507
vn 0.3966 0.8803 -0.2601
vn -0.1888 -0.2068 -0.9600
vn 0.3791 0.8861 -0.2668
vn 0.2568 -0.4290 -0.8661
vn -0.2056 -0.2047 -0.9570
vn -0.2056 -0.2048 -0.9570
vn -0.2921 -0.7502 -0.5932
vn 0.2499 -0.3738 -0.8932
vn 0.3300 -0.7827 -0.5277
vn -0.3066 -0.7418 -0.5964
vn -0.3092 -0.7385 -0.5991
vn 0.3710 -0.7008 -0.6092
vn 0.0346 -0.9729 -0.2286
vn 0.2837 -0.7199 -0.6334
vn 0.1316 -0.8378 -0.5299
vn 0.0207 -0.9711 -0.2377
vn 0.0039 -0.9686 -0.2486
vn 0.1666 -0.8221 -0.5444
vn -0.3100 -0.9428 -0.1228
vn 0.2031 -0.8387 -0.5053
vn -0.5368 -0.4729 -0.6987
vn -0.2900 -0.9499 -0.1164
vn -0.2942 -0.9482 -0.1200
vn -0.4623 -0.5917 -0.6604
vn -0.3252 -0.8988 -0.2941
vn -0.5882 -0.5051 -0.6315
vn 0.1166 -0.7870 -0.6058
vn -0.3352 -0.8968 -0.2888
vn 0.2969 -0.8677 -0.3988
vn 0.2537 -0.8789 -0.4039
vn 0.0846 -0.7840 -0.6150
vn 0.3738 -0.9275 0.0082
vn 0.0846 -0.7840 -0.6149
vn 0.5209 -0.8415 -0.1431
vn 0.5203 -0.8312 -0.1961
vn 0.4259 -0.8196 0.3832
vn 0.3674 -0.9299 -0.0158
vn 0.0687 -0.9498 0.3053
vn 0.4668 -0.8474 0.2530
vn 0.3692 -0.8203 0.4367
vn 0.0829 -0.9555 0.2832
vn 0.0913 -0.9576 0.2732
vn 0.3985 -0.7908 0.4645
vn -0.1269 -0.9885 -0.0827
vn -0.6114 -0.7913 -0.0020
vn 0.0000 -1.0000 0.0000
vn -0.6085 -0.7922 0.0475
vn -0.6074 -0.7930 0.0457
vn -0.3274 -0.9045 0.2732
vn 0.0551 -0.9535 0.2965
vn -0.3710 -0.9101 0.1845
vn -0.3106 -0.9420 0.1268
vn 0.0293 -0.9736 0.2263
vn -0.5780 -0.6201 0.5305
vn -0.5731 -0.6157 0.5409
vn 0.0353 -0.9713 0.2354
vn -0.0798 -0.7119 0.6977
vn -0.1105 -0.7170 0.6883
vn -0.0353 -0.9713 0.2354
vn 0.4494 -0.6793 0.5802
vn 0.4613 -0.6807 0.5691
vn -0.0293 -0.9736 0.2263
vn 0.2855 -0.9460 0.1537
vn -0.0551 -0.9535 0.2965
vn 0.3158 -0.9320 0.1780
vn 0.2865 -0.9316 0.2237
vn 0.6074 -0.7930 0.0457
vn 0.6085 -0.7922 0.0475
vn 0.6114 -0.7913 -0.0020
vn 0.6115 -0.7913 0.0019
vn 0.6266 -0.7704 -0.1176
vn 0.6259 -0.7718 -0.1127
vn 0.2847 -0.9171 -0.2791
vn 0.3151 -0.9144 -0.2542
vn -0.0158 -0.9361 -0.3514
vn 0.0158 -0.9361 -0.3514
vn -0.3307 -0.8981 -0.2899
vn -0.3042 -0.9003 -0.3114
vn -0.6300 -0.7707 -0.0958
vn -0.6115 -0.7913 0.0019
vn -0.6312 -0.7690 -0.1012
vn -0.5700 -0.8144 -0.1088
vn -0.5819 -0.8132 -0.0008
vn -0.7707 -0.6232 0.1330
vn -0.5878 -0.8090 -0.0040
vn -0.6002 -0.7998 0.0100
vn -0.7699 -0.6321 0.0873
vn -0.6214 -0.7835 0.0013
vn -0.4296 -0.8785 0.2090
vn -0.7887 -0.6082 0.0899
vn -0.4319 -0.8740 0.2226
vn -0.6603 -0.7505 0.0276
vn -0.7882 -0.6088 0.0902
vn -0.6581 -0.7518 0.0418
vn -0.5059 -0.8298 -0.2357
vn -0.7878 -0.6071 0.1042
vn -0.7753 -0.6195 0.1231
vn -0.5508 -0.7972 -0.2472
vn -0.5691 -0.8158 -0.1028
vn -0.5898 -0.8052 -0.0607
vn -0.5491 -0.8081 -0.2132
vn -0.3766 -0.5951 -0.7100
vn -0.5621 -0.7955 -0.2264
vn -0.3568 -0.3113 -0.8808
vn -0.3724 -0.6130 -0.6968
vn -0.4357 -0.3001 -0.8486
vn 0.0014 -0.0910 -0.9959
vn -0.4055 -0.6166 -0.6749
vn -0.4030 -0.6173 -0.6757
vn 0.0037 -0.0927 -0.9957
vn 0.0733 -0.6214 -0.7800
vn 0.0532 -0.6261 -0.7780
vn -0.0349 -0.0949 -0.9949
vn 0.4790 -0.6394 -0.6014
vn -0.0330 -0.0932 -0.9951
vn 0.4048 -0.0905 -0.9099
vn 0.4803 -0.6388 -0.6011
vn 0.4550 -0.6467 -0.6122
vn 0.3840 -0.1031 -0.9176
vn 0.6743 -0.6755 -0.2983
vn 0.3915 -0.1017 -0.9145
vn 0.8192 -0.1037 -0.5641
vn 0.6929 -0.6582 -0.2944
vn 0.6958 -0.6313 -0.3426
vn 0.8170 -0.1050 -0.5671
vn 0.6134 -0.7898 0.0031
vn 0.5644 -0.8222 -0.0743
vn 0.8159 -0.1034 -0.5689
vn 0.9602 -0.2743 0.0521
vn 0.8100 -0.1190 -0.5743
vn 0.6770 0.3102 -0.6674
vn 0.9560 -0.2886 0.0527
vn 0.6774 0.3123 -0.6660
vn 0.9541 0.2995 0.0036
vn 0.9560 -0.2884 0.0533
vn 0.9558 -0.2910 0.0411
vn 0.9540 0.2998 -0.0037
vn 0.7638 -0.4253 0.4855
vn 0.9542 0.2993 -0.0041
vn 0.7761 0.2785 0.5658
vn 0.7656 -0.4246 0.4833
vn 0.7812 -0.4217 0.4604
vn 0.8327 0.2755 0.4804
vn 0.4917 0.3554 0.7949
vn 0.8467 0.2222 0.4835
vn 0.7335 0.4672 0.4937
vn 0.4774 0.2946 0.8279
vn -0.6954 0.5204 0.4956
vn -0.7977 0.3008 0.5227
vn -0.4068 0.3961 0.8232
vn -0.7801 0.3308 0.5311
vn -0.8651 -0.1287 0.4848
vn -0.4222 0.4150 0.8059
vn -0.4191 0.4138 0.8082
vn -0.8636 -0.1307 0.4870
vn -0.5249 -0.1455 0.8386
vn -0.5300 -0.1120 0.8406
vn -0.8624 -0.0874 0.4987
vn -0.4924 -0.7189 0.4907
vn -0.8544 -0.0996 0.5100
vn -0.7275 -0.6364 0.2564
vn -0.5306 -0.6336 0.5630
vn -0.5263 -0.6341 0.5665
vn -0.7416 -0.6179 0.2611
vn -0.2637 -0.9486 0.1751
vn -0.2896 -0.9447 0.1541
vn -0.6930 -0.7004 0.1710
vn -0.5966 -0.8016 0.0394
vn -0.6513 -0.7178 0.2460
vn -0.7000 -0.7124 -0.0507
vn -0.5850 -0.8095 0.0496
vn -0.5850 -0.8095 0.0498
vn -0.6988 -0.7138 -0.0473
vn -0.5828 -0.8126 0.0008
vn -0.5878 -0.8090 0.0044
vn -0.7315 -0.6818 -0.0062
vn -0.6008 -0.7991 0.0231
vn -0.7701 -0.6377 -0.0171
vn -0.4097 -0.8666 0.2848
vn -0.6210 -0.7831 0.0316
vn 0.9439 0.0984 0.3153
vn 0.5064 -0.6329 0.5857
vn 0.7099 0.5722 0.4106
vn 0.7190 0.5626 0.4081
vn 0.5089 -0.6283 0.5884
vn 0.5181 0.2831 0.8071
vn 0.5388 0.2926 0.7900
vn 0.5108 -0.6265 0.5887
vn 0.0405 0.3198 0.9466
vn 0.5106 -0.6272 0.5881
vn -0.0168 -0.5717 0.8203
vn 0.0393 0.3207 0.9464
vn -0.0148 -0.5718 0.8202
vn -0.4316 -0.7832 0.4476
vn 0.0550 0.3229 0.9448
vn 0.0544 0.3219 0.9452
vn -0.4318 -0.7827 0.4483
vn -0.4604 0.3683 0.8077
vn -0.4311 -0.7839 0.4469
vn -0.7142 0.5624 0.4167
vn -0.4290 0.3695 0.8242
vn -0.4271 0.3707 0.8247
vn -0.7141 0.5653 0.4129
vn -0.7306 0.4335 0.5276
vn -0.6501 0.5761 0.4955
vn -0.7822 0.6191 -0.0698
vn -0.6601 0.4669 0.5884
vn -0.7864 0.6139 -0.0689
vn -0.8794 0.4737 0.0479
vn -0.6646 0.4550 0.5927
vn -0.6525 0.4771 0.5887
vn -0.8679 0.4952 0.0383
vn -0.7619 0.3016 0.5731
vn -0.8719 0.4880 0.0405
vn -0.9530 0.3020 -0.0239
vn -0.7646 0.2979 0.5715
vn -0.7574 0.3263 0.5656
vn -0.9438 0.3294 -0.0262
vn -0.8395 -0.1386 0.5255
vn -0.9428 0.3325 -0.0235
vn -0.9411 -0.3224 -0.1023
vn -0.8370 -0.1355 0.5302
vn -0.8544 -0.0997 0.5100
vn -0.9471 -0.3058 -0.0978
vn -0.7260 -0.6375 0.2579
vn -0.9459 -0.3075 -0.1032
vn -0.6556 -0.7548 0.0239
vn -0.6539 -0.7437 0.1387
vn -0.7537 -0.6204 0.2168
vn -0.6624 -0.7490 0.0162
vn -0.7757 -0.6281 -0.0613
vn -0.6596 -0.7508 0.0343
vn -0.4119 -0.8669 0.2807
vn -0.7667 -0.6417 -0.0209
vn -0.4235 0.2736 -0.8636
vn 0.0006 0.2875 -0.9578
vn -0.3839 -0.3351 -0.8604
vn -0.3854 -0.3352 -0.8597
vn -0.0024 0.2921 -0.9564
vn 0.0039 -0.1320 -0.9912
vn -0.0355 -0.1292 -0.9910
vn -0.0585 0.2844 -0.9569
vn 0.4063 -0.1271 -0.9049
vn -0.0596 0.2808 -0.9579
vn 0.4154 0.3414 -0.8432
vn 0.4040 -0.1285 -0.9057
vn 0.3840 -0.1299 -0.9141
vn 0.3292 0.3540 -0.8754
vn 0.8216 -0.1154 -0.5583
vn 0.8221 -0.1138 -0.5579
vn 0.3533 0.3578 -0.8644
vn 0.7133 0.3178 -0.6246
vn 0.2913 0.2987 -0.9088
vn 0.6445 0.4162 -0.6414
vn 0.7303 0.2988 -0.6143
vn 0.6792 0.2860 -0.6759
vn 0.5986 0.3903 -0.6995
vn 0.9553 0.2955 0.0038
vn 0.6008 0.3877 -0.6991
vn 0.8625 0.5015 -0.0674
vn 0.9555 0.2951 0.0034
vn 0.9554 0.2952 -0.0034
vn 0.8613 0.5010 -0.0846
vn 0.8031 0.2123 0.5567
vn 0.7977 0.2162 0.5630
vn 0.8609 0.5017 -0.0848
vn 0.7096 0.4557 0.5373
vn 0.8623 0.4994 -0.0844
vn 0.7549 0.6510 -0.0798
vn 0.7180 0.4436 0.5364
vn 0.7144 0.4502 0.5357
vn 0.7487 0.6582 -0.0786
vn 0.6917 0.5698 0.4437
vn 0.7703 0.6324 -0.0821
vn 0.8359 0.5117 -0.1984
vn 0.7090 0.5530 0.4376
vn 0.7068 0.5548 0.4389
vn 0.8359 0.5112 -0.1998
vn 0.9374 0.0927 0.3356
vn 0.8241 0.5261 -0.2099
vn 0.8453 0.3905 -0.3646
vn 0.9317 0.0865 0.3529
vn 0.9285 0.1060 0.3558
vn 0.8294 0.4312 -0.3553
vn 0.7407 0.4752 -0.4750
vn 0.7411 0.4551 -0.4935
vn 0.8431 0.3688 -0.3914
vn 0.7784 0.6176 -0.1124
vn 0.7830 0.6103 -0.1198
vn 0.8336 0.3876 -0.3935
vn 0.7958 0.4506 -0.4046
vn 0.8731 0.3929 -0.2888
vn 0.5880 0.3910 -0.7081
vn 0.8417 0.4514 -0.2964
vn 0.8322 0.4612 -0.3078
vn 0.5924 0.4461 -0.6709
vn 0.6963 0.1689 -0.6976
vn 0.7322 0.1887 -0.6544
vn 0.6652 0.4379 -0.6048
vn 0.4703 0.0664 -0.8800
vn 0.6591 0.4172 -0.6257
vn 0.4476 0.4174 -0.7909
vn 0.4687 -0.0001 -0.8834
vn 0.5358 0.0803 -0.8405
vn 0.4727 0.4049 -0.7827
vn -0.1372 0.0452 -0.9895
vn 0.4729 0.3924 -0.7889
vn -0.0208 0.3329 -0.9427
vn -0.1401 0.0467 -0.9890
vn -0.0914 0.0454 -0.9948
vn 0.0208 0.3329 -0.9427
vn -0.4566 0.4113 -0.7889
vn 0.0249 0.3026 -0.9528
vn -0.3751 0.6395 -0.6710
vn -0.5102 0.3294 -0.7945
vn -0.3907 0.5824 -0.7129
vn 0.0260 0.5810 -0.8135
vn -0.4194 0.2074 -0.8838
vn -0.4342 0.2321 -0.8704
vn 0.0209 0.5878 -0.8088
vn 0.0085 0.2552 -0.9669
vn -0.0642 0.2597 -0.9636
vn -0.0209 0.5878 -0.8087
vn 0.4557 0.2860 -0.8429
vn -0.0260 0.5810 -0.8135
vn 0.3470 0.5931 -0.7265
vn 0.4412 0.2207 -0.8699
vn 0.3297 0.2434 -0.9122
vn 0.3355 0.5936 -0.7314
vn 0.6576 0.3931 -0.6427
vn 0.3282 0.5915 -0.7365
vn 0.5952 0.6431 -0.4818
vn 0.6679 0.3603 -0.6512
vn 0.6009 0.3876 -0.6991
vn 0.5916 0.6428 -0.4866
vn 0.8626 0.5014 -0.0674
vn 0.8619 0.5024 -0.0688
vn 0.5916 0.6431 -0.4862
vn 0.7487 0.6626 -0.0206
vn 0.5936 0.6391 -0.4890
vn 0.5582 0.6485 -0.5176
vn 0.7770 0.6293 -0.0140
vn 0.7878 0.6147 -0.0396
vn 0.5648 0.6523 -0.5055
vn 0.8408 0.5062 -0.1919
vn 0.5496 0.6665 -0.5037
vn 0.5901 0.5160 -0.6210
vn 0.8634 0.4833 -0.1450
vn 0.8327 0.5280 -0.1667
vn 0.5844 0.5228 -0.6207
vn 0.8899 0.3856 -0.2437
vn 0.8838 0.3406 -0.3208
vn 0.5867 0.5152 -0.6248
vn 0.6340 0.3771 -0.6752
vn 0.6802 0.3618 -0.6375
vn 0.6199 0.5091 -0.5972
vn 0.4559 0.3123 -0.8335
vn 0.6075 0.5198 -0.6006
vn 0.3340 0.6525 -0.6802
vn 0.5134 0.2977 -0.8049
vn 0.5146 0.3189 -0.7959
vn 0.3608 0.6436 -0.6750
vn -0.0249 0.3026 -0.9528
vn 0.3717 0.6147 -0.6957
vn -0.0488 0.6275 -0.7771
vn -0.0408 0.2967 -0.9541
vn 0.0408 0.2967 -0.9541
vn -0.0147 0.6321 -0.7748
vn -0.3798 0.6201 -0.6864
vn -0.0048 0.5941 -0.8044
vn -0.3088 0.6061 -0.7330
vn -0.4026 0.5718 -0.7148
vn -0.0980 0.6226 -0.7764
vn -0.3877 0.6692 -0.6339
vn -0.4141 0.5638 -0.7146
vn -0.2468 0.6071 -0.7553
vn -0.6854 0.4674 -0.5583
vn -0.3947 0.5348 -0.7471
vn -0.3590 0.6475 -0.6722
vn -0.6842 0.4928 -0.5376
vn -0.5076 0.3018 -0.8070
vn -0.4357 0.3239 -0.8398
vn -0.7054 0.4680 -0.5323
vn -0.6784 0.3683 -0.6357
vn -0.6176 0.4725 -0.6287
vn -0.8597 0.3808 -0.3405
vn -0.6147 0.3915 -0.6848
vn -0.8473 0.4276 -0.3150
vn -0.8584 0.4432 -0.2584
vn -0.5607 0.4206 -0.7133
vn -0.5724 0.4699 -0.6720
vn -0.8548 0.4476 -0.2628
vn -0.7614 0.1133 -0.6384
vn -0.8556 0.4474 -0.2604
vn -0.9293 0.2959 -0.2212
vn -0.7442 0.1347 -0.6543
vn -0.7348 0.3158 -0.6002
vn -0.9218 0.3118 -0.2302
vn -0.6220 0.5095 -0.5946
vn -0.9264 0.3136 -0.2083
vn -0.7824 0.5525 -0.2872
vn -0.6115 0.5091 -0.6057
vn -0.6350 0.4648 -0.6171
vn -0.8302 0.4663 -0.3055
vn -0.3031 0.8153 -0.4933
vn -0.3106 0.8346 -0.4550
vn -0.8320 0.4746 -0.2873
vn -0.4622 0.8647 -0.1968
vn -0.8132 0.4687 -0.3450
vn -0.4241 0.8990 -0.1089
vn -0.4375 0.8660 -0.2420
vn -0.5009 0.8583 -0.1117
vn -0.0276 0.9794 -0.2000
vn -0.5027 0.8292 -0.2445
vn -0.5010 0.8429 -0.1960
vn -0.0375 0.9851 -0.1677
vn 0.1071 0.8971 -0.4286
vn 0.0325 0.8991 -0.4364
vn -0.0853 0.9805 -0.1769
vn 0.5066 0.8435 -0.1785
vn 0.5080 0.8197 -0.2646
vn -0.0885 0.9770 -0.1941
vn 0.5294 0.7432 -0.4092
vn 0.5219 0.7510 -0.4044
vn -0.0751 0.9767 -0.2012
vn 0.8074 0.5855 0.0728
vn 0.7925 0.6029 0.0920
vn -0.0675 0.9804 -0.1850
vn 0.5177 0.8013 -0.2999
vn -0.0811 0.9747 -0.2081
vn -0.0281 0.9565 0.2903
vn 0.5316 0.7798 -0.3308
vn 0.5372 0.7798 -0.3215
vn -0.0010 0.9565 0.2918
vn 0.3366 0.8940 0.2957
vn -0.7893 0.5719 -0.2233
vn -0.5494 0.6662 -0.5043
vn -0.8030 0.5943 -0.0434
vn -0.5357 0.6624 -0.5236
vn -0.6525 0.5668 -0.5030
vn -0.7990 0.6006 -0.0291
vn -0.7819 0.6228 -0.0273
vn -0.6088 0.6298 -0.4824
vn -0.8664 0.4890 0.1014
vn -0.6087 0.6242 -0.4898
vn -0.6432 0.4008 -0.6524
vn -0.8672 0.4872 0.1032
vn -0.8671 0.4873 0.1032
vn -0.6431 0.4010 -0.6524
vn -0.9532 0.3013 0.0241
vn -0.6389 0.4063 -0.6533
vn -0.7318 0.1845 -0.6560
vn -0.9521 0.3046 0.0265
vn -0.9435 0.3305 0.0229
vn -0.7222 0.2149 -0.6574
vn -0.9412 -0.3266 -0.0869
vn -0.7224 0.2115 -0.6583
vn -0.7494 -0.4053 -0.5235
vn -0.9412 -0.3262 -0.0881
vn -0.3805 0.6449 -0.6628
vn 0.0196 0.7376 -0.6749
vn -0.4021 0.5226 -0.7518
vn -0.3927 0.5223 -0.7570
vn 0.0156 0.7355 -0.6774
vn 0.0195 0.5527 -0.8332
vn -0.0196 0.5527 -0.8332
vn -0.0157 0.7354 -0.6774
vn 0.3505 0.5664 -0.7459
vn -0.0196 0.7376 -0.6750
vn 0.3363 0.6735 -0.6583
vn 0.3562 0.5659 -0.7436
vn 0.3401 0.5697 -0.7482
vn 0.2800 0.6834 -0.6742
vn 0.5990 0.6388 -0.4829
vn 0.5981 0.6402 -0.4821
vn 0.2645 0.6919 -0.6718
vn 0.5954 0.6558 -0.4642
vn 0.5869 0.6662 -0.4601
vn 0.2745 0.7038 -0.6552
vn 0.6146 0.5067 -0.6046
vn 0.6081 0.5094 -0.6089
vn 0.2297 0.7143 -0.6610
vn 0.3682 0.5104 -0.7772
vn 0.4047 0.5479 -0.7321
vn 0.3257 0.6905 -0.6458
vn -0.0613 0.6023 -0.7959
vn 0.3396 0.6791 -0.6508
vn 0.1559 0.8118 -0.5628
vn -0.0551 0.6035 -0.7955
vn -0.9502 -0.2985 -0.0897
vn -0.7539 -0.3800 -0.5360
vn -0.6534 -0.7559 0.0399
vn -0.6609 -0.7492 0.0426
vn -0.7589 -0.3810 -0.5281
vn -0.5307 -0.7840 -0.3221
vn -0.5726 -0.7911 -0.2153
vn -0.7688 -0.3789 -0.5152
vn -0.3743 -0.2965 -0.8786
vn -0.3720 -0.3353 -0.8656
vn -0.7584 -0.4022 -0.5129
vn -0.3498 0.2857 -0.8922
vn -0.7594 -0.4017 -0.5118
vn -0.7646 0.2146 -0.6077
vn -0.3720 0.2950 -0.8801
vn -0.7711 0.1928 -0.6068
vn -0.6934 0.4295 -0.5786
vn -0.3454 0.2267 -0.9107
vn -0.3749 0.2138 -0.9021
vn -0.7030 0.4132 -0.5788
vn -0.3549 0.5919 -0.7237
vn -0.7159 0.3926 -0.5774
vn -0.6649 0.6160 -0.4225
vn -0.3294 0.5841 -0.7418
vn -0.3724 0.5246 -0.7656
vn -0.6883 0.5765 -0.4403
vn -0.2793 0.6577 -0.6996
vn -0.6839 0.5869 -0.4334
vn -0.5958 0.6765 -0.4328
vn -0.2444 0.6714 -0.6996
vn -0.2583 0.7107 -0.6544
vn -0.5806 0.6913 -0.4301
vn -0.6977 0.4630 -0.5466
vn -0.5256 0.6901 -0.4975
vn -0.7587 0.6243 -0.1859
vn -0.6285 0.4810 -0.6113
vn -0.5994 0.5154 -0.6125
vn -0.7813 0.5881 -0.2091
vn -0.8524 0.4448 -0.2748
vn -0.7723 0.5949 -0.2227
vn -0.7686 -0.2907 -0.5698
vn -0.8179 0.4231 -0.3900
vn -0.7688 -0.2904 -0.5698
vn -0.5652 0.5108 -0.6477
vn -0.8205 0.4199 -0.3879
vn -0.5655 0.5095 -0.6485
vn -0.6439 0.7412 -0.1898
vn -0.8233 0.4153 -0.3870
vn -0.8188 0.4266 -0.3840
vn -0.6467 0.7387 -0.1900
vn -0.8288 0.4509 -0.3314
vn -0.8234 0.4724 -0.3144
vn -0.6492 0.7370 -0.1881
vn -0.9140 0.2293 -0.3348
vn -0.6476 0.7350 -0.2011
vn -0.7960 0.4526 0.4019
vn -0.9180 0.2788 -0.2821
vn -0.9051 0.3011 -0.3003
vn -0.7938 0.4631 0.3942
vn -0.7724 0.5294 -0.3508
vn -0.7970 0.4615 0.3895
vn -0.8420 0.5167 0.1548
vn -0.7681 0.5430 -0.3393
vn -0.8152 0.4663 -0.3436
vn -0.8575 0.4910 0.1537
vn -0.4249 0.8991 -0.1049
vn -0.8580 0.4905 0.1524
vn -0.4484 0.8936 0.0176
vn -0.4208 0.9006 -0.1088
vn -0.5009 0.8582 -0.1118
vn -0.4976 0.8672 0.0193
vn -0.0484 0.9748 -0.2179
vn -0.4911 0.8711 -0.0076
vn 0.0281 0.9565 0.2902
vn -0.4837 0.8752 0.0037
vn -0.1975 0.9704 0.1392
vn 0.0011 0.9565 0.2919
vn -0.0710 -0.9857 -0.1527
vn -0.0707 -0.9945 0.0769
vn -0.0093 -0.9615 0.2746
vn -0.0233 -0.9745 0.2230
vn -0.0828 -0.9960 0.0322
vn -0.2395 0.1027 0.9655
vn -0.0837 -0.9959 0.0334
vn -0.0011 -0.9327 0.3607
vn -0.2399 0.1025 0.9654
vn -0.2382 0.0992 0.9661
vn -0.1115 -0.9185 0.3794
vn -0.1219 -0.9141 0.3866
vn 0.1115 -0.9185 0.3794
vn 0.1220 -0.9141 0.3866
vn 0.2837 0.4095 0.8671
vn 0.0353 -0.9309 0.3636
vn 0.0681 -0.9976 0.0158
vn 0.2840 0.4112 0.8662
vn 0.2839 0.4112 0.8662
vn 0.0671 -0.9976 0.0145
vn 0.0003 -0.9258 0.3780
vn 0.0516 -0.9965 0.0659
vn 0.0713 -0.9857 -0.1524
vn -0.0199 -0.8971 0.4414
vn 0.6358 -0.3269 0.6992
vn -0.3690 -0.7965 0.4790
vn 0.7408 -0.6717 -0.0005
vn -0.3723 -0.7968 0.4759
vn -0.6395 -0.7686 -0.0192
vn 0.7410 -0.6715 -0.0019
vn 0.7415 -0.6709 0.0007
vn -0.6404 -0.7679 -0.0148
vn 0.5367 -0.6985 -0.4733
vn -0.6410 -0.7675 -0.0114
vn -0.6671 -0.2636 -0.6968
vn 0.5429 -0.6982 -0.4666
vn 0.5270 -0.7194 -0.4525
vn -0.6725 -0.2719 -0.6883
vn 0.6435 0.3385 -0.6865
vn -0.3633 0.8050 -0.4689
vn -0.6543 -0.2733 -0.7051
vn -0.6251 -0.7804 -0.0147
vn -0.3589 0.8047 -0.4729
vn -0.6252 0.7803 0.0172
vn -0.6252 -0.7803 -0.0172
vn -0.3589 -0.8047 0.4729
vn -0.6251 0.7804 0.0147
vn -0.6543 0.2733 0.7051
vn -0.3633 -0.8050 0.4689
vn 0.6435 -0.3385 0.6865
vn -0.6725 0.2719 0.6883
vn 0.5270 0.7194 0.4525
vn 0.6230 -0.3377 0.7055
vn 0.7345 -0.6786 -0.0008
vn 0.5145 0.7215 0.4634
vn 0.7345 0.6786 -0.0008
vn 0.7345 -0.6786 0.0008
vn 0.5145 -0.7215 -0.4634
vn 0.7345 0.6786 0.0008
vn 0.6230 0.3377 -0.7055
vn 0.6358 0.3269 -0.6992
vn -0.3690 0.7965 -0.4790
vn 0.7408 0.6717 0.0005
vn -0.3723 0.7968 -0.4759
vn -0.6395 0.7686 0.0192
vn 0.7410 0.6714 0.0019
vn 0.7415 0.6709 -0.0007
vn -0.6404 0.7679 0.0148
vn 0.5367 0.6985 0.4733
vn -0.6410 0.7675 0.0114
vn -0.6671 0.2636 0.6968
vn 0.5429 0.6982 0.4666
vn -0.4740 -0.7322 0.4890
vn -0.7551 -0.6557 -0.0014
vn 0.6820 -0.2653 0.6815
vn 0.6828 -0.2648 0.6809
vn -0.7557 -0.6549 -0.0062
vn 0.6428 -0.7660 -0.0004
vn -0.7571 -0.6532 0.0022
vn -0.6477 -0.3108 -0.6956
vn 0.6429 -0.7659 0.0002
vn 0.6430 -0.7659 0.0006
vn -0.6489 -0.3102 -0.6948
vn 0.3054 -0.8085 -0.5031
vn 0.2864 -0.8265 -0.4846
vn -0.6531 -0.3189 -0.6868
vn -0.4636 0.7522 -0.4682
vn -0.4520 0.7525 -0.4790
vn -0.6393 -0.3188 -0.6998
vn -0.7347 0.6784 0.0026
vn -0.7347 -0.6784 0.0027
vn -0.7347 0.6784 0.0027
vn -0.7347 0.6784 -0.0027
vn -0.7347 -0.6784 -0.0027
vn -0.6393 0.3188 0.6998
vn -0.7347 -0.6784 -0.0026
vn -0.4520 -0.7525 0.4790
vn -0.6531 0.3189 0.6868
vn -0.4636 -0.7522 0.4682
vn 0.2864 0.8265 0.4846
vn -0.4635 -0.7523 0.4682
vn 0.6882 -0.2718 0.6727
vn 0.2865 0.8265 0.4846
vn 0.2805 0.8247 0.4912
vn 0.6699 -0.2738 0.6901
vn 0.6406 0.7678 -0.0001
vn 0.6406 -0.7678 -0.0002
vn 0.6406 0.7678 0.0002
vn 0.6406 -0.7678 0.0001
vn 0.6699 0.2738 -0.6901
vn 0.2805 -0.8247 -0.4912
vn 0.2865 -0.8265 -0.4846
vn -0.4635 0.7523 -0.4682
vn 0.6882 0.2718 -0.6727
vn -0.4740 0.7322 -0.4890
vn -0.7551 0.6557 0.0014
vn 0.6820 0.2653 -0.6815
vn 0.6828 0.2648 -0.6809
vn -0.7557 0.6549 0.0062
vn 0.6428 0.7661 0.0005
vn -0.7571 0.6532 -0.0022
vn -0.6477 0.3108 0.6956
vn 0.6429 0.7659 -0.0002
vn 0.6430 0.7659 -0.0006
vn -0.6489 0.3102 0.6948
vn 0.3054 0.8085 0.5031
vn -0.8966 0.4283 0.1124
vn -0.7639 -0.2840 0.5795
vn -0.8075 0.4724 0.3534
vn -0.8676 0.4360 -0.2392
usemtl 000000002E4ECFB8.png
s off
f 1/1/1 2/2/2 3/3/3
f 4/4/4 5/5/5 6/6/6
f 7/7/7 8/8/8 9/9/9
f 10/10/10 11/11/10 12/12/10
f 13/13/11 14/14/12 15/15/13
f 16/16/14 17/17/15 18/18/16
f 19/19/17 20/20/18 21/21/19
f 22/22/20 23/23/21 24/24/22
f 24/24/23 23/23/24 25/25/25
f 25/25/26 23/23/27 26/26/28
f 26/26/29 23/23/30 27/27/31
f 23/23/32 22/22/33 27/27/34
f 27/27/35 22/22/36 28/28/37
f 28/28/37 22/22/38 29/29/39
f 29/29/40 22/22/41 30/30/42
f 22/22/43 24/24/44 30/30/45
f 30/30/46 24/24/44 31/31/47
f 31/31/48 24/24/49 32/32/50
f 24/24/51 25/25/52 32/32/53
f 32/32/54 25/25/55 33/33/56
f 25/25/57 26/26/58 33/33/59
f 26/26/60 27/27/61 33/33/62
f 27/27/63 28/28/64 33/33/65
f 33/33/66 28/28/67 32/32/68
f 32/32/68 28/28/69 34/34/70
f 28/28/71 29/29/72 34/34/70
f 34/34/73 29/29/74 35/35/75
f 35/35/76 29/29/77 36/36/78
f 29/29/79 30/30/80 36/36/81
f 36/36/82 30/30/83 37/37/84
f 30/30/85 31/31/86 37/37/87
f 37/37/88 31/31/89 38/38/90
f 38/38/91 31/31/92 34/34/93
f 31/31/48 32/32/50 34/34/94
f 34/34/95 35/35/96 38/38/97
f 38/38/98 35/35/99 39/39/100
f 35/35/101 36/36/102 39/39/103
f 36/36/104 37/37/105 39/39/106
f 39/39/107 37/37/108 38/38/109
f 40/40/110 41/41/111 42/42/112
f 42/42/113 41/41/114 43/43/115
f 43/43/116 41/41/117 44/44/118
f 44/44/119 41/41/120 45/45/121
f 41/41/122 40/40/123 45/45/124
f 45/45/125 40/40/126 46/46/127
f 46/46/128 40/40/129 47/47/130
f 47/47/131 40/40/132 48/48/133
f 40/40/134 42/42/135 48/48/136
f 48/48/136 42/42/137 49/49/138
f 49/49/139 42/42/140 50/50/141
f 42/42/142 43/43/143 50/50/144
f 50/50/145 43/43/146 51/51/147
f 43/43/148 44/44/149 51/51/150
f 44/44/151 45/45/152 51/51/153
f 45/45/154 46/46/155 51/51/156
f 51/51/157 46/46/158 50/50/159
f 50/50/160 46/46/161 52/52/162
f 46/46/163 47/47/164 52/52/165
f 52/52/166 47/47/167 53/53/168
f 53/53/169 47/47/170 54/54/171
f 47/47/172 48/48/173 54/54/174
f 54/54/175 48/48/176 55/55/177
f 48/48/178 49/49/179 55/55/180
f 55/55/181 49/49/182 56/56/183
f 56/56/184 49/49/185 52/52/186
f 49/49/139 50/50/187 52/52/188
f 52/52/189 53/53/190 56/56/191
f 56/56/192 53/53/193 57/57/194
f 53/53/195 54/54/196 57/57/197
f 54/54/198 55/55/199 57/57/200
f 57/57/201 55/55/202 56/56/203
f 58/58/204 59/59/205 60/60/206
f 60/60/207 59/59/208 61/61/209
f 61/61/210 59/59/211 62/62/212
f 62/62/213 59/59/214 63/63/215
f 59/59/216 58/58/217 63/63/218
f 63/63/219 58/58/220 64/64/221
f 64/64/222 58/58/223 65/65/224
f 65/65/225 58/58/226 66/66/227
f 58/58/228 60/60/229 66/66/230
f 66/66/230 60/60/229 67/67/231
f 67/67/232 60/60/233 68/68/234
f 60/60/235 61/61/236 68/68/237
f 68/68/238 61/61/239 69/69/240
f 61/61/241 62/62/242 69/69/243
f 62/62/244 63/63/245 69/69/246
f 63/63/247 64/64/248 69/69/249
f 69/69/250 64/64/251 68/68/252
f 68/68/252 64/64/251 70/70/253
f 64/64/254 65/65/255 70/70/256
f 70/70/257 65/65/258 71/71/259
f 71/71/260 65/65/261 72/72/262
f 65/65/263 66/66/264 72/72/265
f 72/72/266 66/66/267 73/73/268
f 66/66/269 67/67/270 73/73/271
f 73/73/272 67/67/273 74/74/274
f 74/74/275 67/67/276 70/70/277
f 67/67/278 68/68/234 70/70/279
f 70/70/280 71/71/281 74/74/282
f 74/74/283 71/71/284 75/75/285
f 71/71/286 72/72/287 75/75/288
f 72/72/289 73/73/290 75/75/291
f 75/75/292 73/73/293 74/74/294
f 76/76/295 77/77/296 78/78/297
f 78/78/298 77/77/299 79/79/300
f 79/79/301 77/77/302 80/80/303
f 80/80/304 77/77/305 81/81/306
f 77/77/307 76/76/308 81/81/309
f 81/81/310 76/76/311 82/82/312
f 82/82/313 76/76/314 83/83/315
f 83/83/315 76/76/316 84/84/317
f 76/76/318 78/78/319 84/84/320
f 84/84/321 78/78/322 85/85/323
f 85/85/324 78/78/325 86/86/326
f 78/78/327 79/79/328 86/86/329
f 86/86/330 79/79/331 87/87/332
f 79/79/333 80/80/334 87/87/335
f 80/80/336 81/81/337 87/87/338
f 81/81/339 82/82/340 87/87/341
f 87/87/342 82/82/343 86/86/344
f 86/86/344 82/82/343 88/88/345
f 82/82/346 83/83/347 88/88/348
f 88/88/349 83/83/350 89/89/351
f 89/89/352 83/83/353 90/90/354
f 83/83/355 84/84/356 90/90/357
f 90/90/358 84/84/359 91/91/360
f 84/84/361 85/85/362 91/91/363
f 91/91/364 85/85/365 92/92/366
f 92/92/367 85/85/368 88/88/369
f 85/85/324 86/86/370 88/88/371
f 88/88/372 89/89/373 92/92/374
f 92/92/375 89/89/376 93/93/377
f 89/89/378 90/90/379 93/93/380
f 90/90/381 91/91/382 93/93/383
f 93/93/384 91/91/385 92/92/386
f 94/94/387 95/95/388 96/96/389
f 96/96/390 95/95/391 97/97/392
f 97/97/393 95/95/394 98/98/395
f 98/98/396 95/95/397 99/99/398
f 95/95/399 94/94/400 99/99/401
f 99/99/402 94/94/403 100/100/404
f 100/100/405 94/94/406 101/101/407
f 101/101/408 94/94/409 102/102/410
f 94/94/411 96/96/412 102/102/413
f 102/102/413 96/96/412 103/103/414
f 103/103/415 96/96/416 104/104/417
f 96/96/418 97/97/419 104/104/420
f 104/104/421 97/97/422 105/105/423
f 97/97/424 98/98/425 105/105/426
f 98/98/427 99/99/428 105/105/429
f 99/99/430 100/100/431 105/105/432
f 105/105/433 100/100/434 104/104/435
f 104/104/435 100/100/436 106/106/437
f 100/100/438 101/101/439 106/106/440
f 106/106/441 101/101/442 107/107/443
f 107/107/444 101/101/445 108/108/446
f 101/101/447 102/102/448 108/108/449
f 108/108/450 102/102/451 109/109/452
f 102/102/453 103/103/454 109/109/455
f 109/109/456 103/103/457 110/110/458
f 110/110/459 103/103/460 106/106/461
f 103/103/462 104/104/463 106/106/464
f 106/106/465 107/107/466 110/110/467
f 110/110/468 107/107/469 111/111/470
f 107/107/471 108/108/472 111/111/473
f 108/108/474 109/109/475 111/111/476
f 111/111/477 109/109/478 110/110/479
f 112/112/480 113/113/481 114/114/482
f 114/114/483 113/113/484 115/115/485
f 115/115/486 113/113/487 116/116/488
f 116/116/489 113/113/490 117/117/491
f 117/117/492 113/113/493 118/118/494
f 113/113/495 112/112/496 118/118/497
f 118/118/498 112/112/499 119/119/500
f 112/112/501 114/114/502 119/119/503
f 119/119/504 114/114/505 17/17/506
f 17/17/507 114/114/508 18/18/509
f 114/114/510 115/115/511 18/18/512
f 18/18/513 115/115/514 16/16/515
f 115/115/516 116/116/517 16/16/518
f 116/116/519 117/117/520 16/16/521
f 16/16/522 117/117/523 17/17/524
f 17/17/525 117/117/526 120/120/527
f 117/117/528 118/118/529 120/120/530
f 118/118/498 119/119/531 120/120/532
f 120/120/533 119/119/534 17/17/535
f 121/121/536 122/122/537 123/123/538
f 123/123/539 122/122/540 124/124/541
f 124/124/542 122/122/543 125/125/544
f 125/125/545 122/122/546 126/126/547
f 126/126/548 122/122/549 127/127/550
f 122/122/551 121/121/552 127/127/553
f 127/127/554 121/121/555 128/128/556
f 121/121/557 123/123/558 128/128/559
f 128/128/560 123/123/561 20/20/562
f 20/20/563 123/123/564 21/21/565
f 123/123/566 124/124/567 21/21/568
f 21/21/569 124/124/570 19/19/571
f 124/124/572 125/125/573 19/19/574
f 125/125/575 126/126/576 19/19/577
f 19/19/17 126/126/578 20/20/579
f 20/20/580 126/126/581 129/129/582
f 126/126/583 127/127/584 129/129/585
f 127/127/554 128/128/556 129/129/586
f 129/129/587 128/128/588 20/20/589
f 130/130/590 131/131/591 132/132/592
f 132/132/593 131/131/594 133/133/595
f 133/133/596 131/131/597 134/134/598
f 134/134/599 131/131/600 135/135/601
f 131/131/602 130/130/603 135/135/604
f 135/135/605 130/130/606 136/136/607
f 136/136/608 130/130/609 137/137/610
f 137/137/611 130/130/612 138/138/613
f 130/130/614 132/132/615 138/138/613
f 138/138/616 132/132/617 139/139/618
f 139/139/618 132/132/619 140/140/620
f 132/132/621 133/133/622 140/140/623
f 140/140/624 133/133/625 141/141/626
f 133/133/627 134/134/628 141/141/629
f 134/134/630 135/135/631 141/141/632
f 135/135/633 136/136/634 141/141/635
f 141/141/636 136/136/637 140/140/638
f 140/140/639 136/136/637 142/142/640
f 136/136/608 137/137/641 142/142/642
f 142/142/643 137/137/644 143/143/645
f 143/143/646 137/137/647 144/144/648
f 137/137/649 138/138/650 144/144/651
f 144/144/652 138/138/653 145/145/654
f 138/138/655 139/139/656 145/145/657
f 145/145/658 139/139/659 146/146/660
f 146/146/661 139/139/662 142/142/663
f 139/139/664 140/140/665 142/142/666
f 142/142/667 143/143/668 146/146/669
f 146/146/670 143/143/671 147/147/672
f 143/143/673 144/144/674 147/147/675
f 144/144/676 145/145/677 147/147/678
f 147/147/679 145/145/680 146/146/681
f 148/148/682 149/149/683 150/150/684
f 150/150/685 149/149/686 151/151/687
f 151/151/688 149/149/689 152/152/690
f 149/149/691 148/148/692 152/152/693
f 152/152/694 148/148/695 153/153/696
f 153/153/697 148/148/698 154/154/699
f 154/154/700 148/148/701 155/155/702
f 148/148/703 150/150/704 155/155/705
f 155/155/706 150/150/707 156/156/708
f 156/156/709 150/150/710 157/157/711
f 150/150/712 151/151/713 157/157/714
f 157/157/715 151/151/716 158/158/717
f 151/151/718 152/152/719 158/158/720
f 152/152/721 153/153/722 158/158/723
f 158/158/724 153/153/725 157/157/726
f 157/157/727 153/153/728 159/159/729
f 153/153/730 154/154/731 159/159/732
f 154/154/733 155/155/734 159/159/735
f 155/155/734 156/156/736 159/159/735
f 159/159/737 156/156/738 157/157/739
f 160/160/740 161/161/741 162/162/742
f 162/162/743 161/161/744 163/163/745
f 163/163/746 161/161/747 164/164/748
f 161/161/749 160/160/750 164/164/751
f 164/164/752 160/160/753 165/165/754
f 165/165/755 160/160/756 166/166/757
f 166/166/758 160/160/759 167/167/760
f 160/160/759 162/162/761 167/167/762
f 167/167/763 162/162/764 168/168/765
f 168/168/766 162/162/767 169/169/768
f 162/162/769 163/163/770 169/169/771
f 169/169/772 163/163/773 170/170/774
f 163/163/746 164/164/748 170/170/775
f 164/164/776 165/165/777 170/170/778
f 170/170/779 165/165/780 169/169/781
f 169/169/782 165/165/783 171/171/784
f 165/165/785 166/166/786 171/171/787
f 166/166/788 167/167/789 171/171/790
f 167/167/791 168/168/792 171/171/793
f 171/171/794 168/168/795 169/169/796
f 172/172/797 173/173/798 174/174/799
f 174/174/800 173/173/801 175/175/802
f 173/173/803 176/176/804 175/175/805
f 176/176/806 177/177/807 175/175/808
f 175/175/809 177/177/810 178/178/811
f 177/177/812 179/179/813 178/178/814
f 179/179/815 180/180/816 178/178/817
f 178/178/818 180/180/819 12/181/820
f 180/180/821 181/182/822 12/181/823
f 181/182/824 182/183/825 12/181/826
f 12/181/827 182/183/828 10/184/829
f 182/183/830 183/185/831 10/184/832
f 184/186/833 185/187/834 186/188/835
f 186/188/836 185/187/837 187/189/838
f 185/187/839 188/190/840 187/189/841
f 187/189/842 188/190/843 189/191/844
f 188/190/845 190/192/846 189/191/847
f 190/192/846 191/193/848 189/191/847
f 189/191/849 191/193/850 192/194/851
f 191/193/852 193/195/853 192/194/854
f 193/195/855 194/196/856 192/194/857
f 192/194/858 194/196/859 195/197/860
f 194/196/861 196/198/862 195/197/863
f 196/198/862 197/199/864 195/197/865
f 195/197/866 197/199/867 198/200/868
f 197/199/869 199/201/870 198/200/871
f 198/200/872 199/201/873 200/202/874
f 199/201/875 201/203/876 200/202/877
f 200/202/878 201/203/879 202/204/880
f 202/204/880 201/203/881 203/205/882
f 203/205/883 201/203/884 204/206/885
f 201/203/886 205/207/887 204/206/888
f 204/206/889 205/207/890 206/208/891
f 205/207/892 207/209/893 206/208/894
f 206/208/895 207/209/896 208/210/897
f 207/209/898 209/211/899 208/210/900
f 208/210/901 209/211/902 210/212/903
f 210/212/904 209/211/905 211/213/906
f 209/211/907 212/214/908 211/213/909
f 211/213/910 212/214/911 213/215/912
f 212/214/913 214/216/914 213/215/915
f 213/215/916 214/216/917 215/217/918
f 214/216/919 184/186/920 215/217/921
f 215/217/922 184/186/923 216/218/924
f 216/218/925 184/186/926 217/219/927
f 184/186/926 186/188/928 217/219/927
f 217/219/929 186/188/930 218/220/931
f 218/220/932 186/188/933 219/221/934
f 186/188/935 187/189/936 219/221/937
f 219/221/938 187/189/939 220/222/940
f 187/189/941 189/191/942 220/222/943
f 220/222/944 189/191/945 221/223/946
f 189/191/947 192/194/948 221/223/949
f 192/194/950 195/197/951 221/223/952
f 221/223/953 195/197/954 222/224/955
f 222/224/956 195/197/957 223/225/958
f 195/197/959 198/200/960 223/225/961
f 223/225/962 198/200/963 224/226/964
f 198/200/965 200/202/966 224/226/967
f 224/226/968 200/202/969 225/227/970
f 200/202/971 202/204/972 225/227/973
f 225/227/974 202/204/975 226/228/976
f 202/204/977 203/205/978 226/228/979
f 203/205/980 204/206/981 226/228/982
f 226/228/983 204/206/984 227/229/985
f 204/206/986 206/208/987 227/229/988
f 206/208/989 208/210/990 227/229/991
f 227/229/992 208/210/993 228/230/994
f 208/210/995 210/212/996 228/230/997
f 228/230/998 210/212/999 229/231/1000
f 229/231/1001 210/212/1002 230/232/1003
f 230/232/1004 210/212/1005 231/233/1006
f 231/233/1007 210/212/1008 232/234/1009
f 210/212/1010 211/213/1011 232/234/1012
f 232/234/1013 211/213/1014 233/235/1015
f 211/213/1016 213/215/1017 233/235/1018
f 213/215/1019 215/217/1020 233/235/1021
f 233/235/1022 215/217/1023 234/236/1024
f 215/217/1025 216/218/1026 234/236/1027
f 216/218/1028 217/219/1029 234/236/1030
f 217/219/1031 218/220/1032 234/236/1033
f 234/236/1034 218/220/1035 235/237/1036
f 235/237/1037 218/220/1038 236/238/1039
f 218/220/1040 219/221/1041 236/238/1042
f 236/238/1043 219/221/1044 237/239/1045
f 219/221/1046 220/222/1047 237/239/1048
f 237/239/1049 220/222/1050 238/240/1051
f 220/222/1052 221/223/1053 238/240/1054
f 238/240/1055 221/223/1056 231/233/1057
f 231/233/1058 221/223/1059 230/232/1060
f 230/232/1061 221/223/1062 229/231/1063
f 221/223/1064 222/224/1065 229/231/1066
f 229/231/1067 222/224/1068 239/241/1069
f 239/241/1070 222/224/1071 240/242/1072
f 222/224/1073 223/225/1074 240/242/1075
f 223/225/1076 224/226/1077 240/242/1078
f 240/242/1079 224/226/1080 241/243/1081
f 224/226/1082 225/227/1083 241/243/1084
f 241/243/1085 225/227/1086 242/244/1087
f 225/227/1088 226/228/1089 242/244/1090
f 226/228/1091 227/229/1092 242/244/1093
f 242/244/1094 227/229/1095 243/245/1096
f 243/245/1097 227/229/1098 244/246/1099
f 227/229/1100 228/230/1101 244/246/1102
f 244/246/1103 228/230/1104 239/241/1105
f 228/230/1106 229/231/1107 239/241/1108
f 234/236/1109 235/237/1110 233/235/1111
f 233/235/1112 235/237/1113 245/247/1114
f 235/237/1115 236/238/1116 245/247/1117
f 245/247/1118 236/238/1119 246/248/1120
f 246/248/1121 236/238/1122 247/249/1123
f 236/238/1124 237/239/1125 247/249/1126
f 247/249/1126 237/239/1127 248/250/1128
f 237/239/1129 238/240/1130 248/250/1131
f 238/240/1132 231/233/1133 248/250/1134
f 231/233/1135 232/234/1136 248/250/1137
f 248/250/1138 232/234/1139 249/251/1140
f 232/234/1141 233/235/1142 249/251/1143
f 233/235/1144 245/247/1145 249/251/1146
f 245/247/1147 246/248/1148 249/251/1149
f 249/251/1150 246/248/1151 248/250/1152
f 246/248/1151 247/249/1153 248/250/1154
f 242/244/1155 243/245/1156 241/243/1157
f 241/243/1158 243/245/1159 250/252/1160
f 243/245/1161 244/246/1162 250/252/1163
f 244/246/1164 239/241/1165 250/252/1166
f 250/252/1166 239/241/1165 251/253/1167
f 239/241/1168 240/242/1169 251/253/1170
f 240/242/1171 241/243/1172 251/253/1170
f 251/253/1173 241/243/1174 250/252/1175
f 252/254/1176 253/255/1177 254/256/1178
f 254/256/1179 253/255/1180 255/257/1181
f 255/257/1182 253/255/1183 256/258/1184
f 256/258/1185 253/255/1186 257/259/1187
f 257/259/1188 253/255/1189 258/260/1190
f 253/255/1191 252/254/1192 258/260/1193
f 252/254/1194 259/261/1195 258/260/1196
f 259/261/1197 260/262/1198 258/260/1199
f 258/260/1200 260/262/1201 261/263/1202
f 260/262/1203 262/264/1204 261/263/1205
f 261/263/1206 262/264/1207 263/265/1208
f 263/265/1209 262/264/1210 264/266/1211
f 262/264/1212 265/267/1213 264/266/1214
f 264/266/1215 265/267/1216 266/268/1217
f 266/268/1218 265/267/1219 267/269/1220
f 267/269/1221 265/267/1222 268/270/1223
f 265/267/1224 262/264/1225 268/270/1226
f 268/270/1227 262/264/1228 183/185/1229
f 183/185/1230 262/264/1231 10/184/1232
f 10/184/1233 262/264/1234 269/271/1235
f 262/264/1236 270/272/1237 269/271/1238
f 269/271/1239 270/272/1240 271/273/1241
f 271/273/1242 270/272/1243 199/201/1244
f 199/201/1245 270/272/1246 201/203/1247
f 201/203/1248 270/272/1249 205/207/1250
f 270/272/1251 272/274/1252 205/207/1253
f 205/207/1254 272/274/1255 207/209/1256
f 272/274/1257 273/275/1258 207/209/1259
f 207/209/1260 273/275/1261 209/211/1262
f 209/211/1263 273/275/1264 212/214/1265
f 273/275/1266 274/276/1267 212/214/1268
f 212/214/1269 274/276/1270 214/216/1271
f 274/276/1272 275/277/1273 214/216/1274
f 214/216/1275 275/277/1276 184/186/1277
f 184/186/1278 275/277/1279 185/187/1280
f 185/187/1281 275/277/1282 276/278/1283
f 276/278/1284 275/277/1285 277/279/1286
f 275/277/1287 254/256/1288 277/279/1289
f 277/279/1290 254/256/1291 174/174/1292
f 174/174/1293 254/256/1294 172/172/1295
f 172/172/1296 254/256/1297 278/280/1298
f 254/256/1299 279/281/1300 278/280/1301
f 278/280/1302 279/281/1303 280/282/1304
f 280/282/1305 279/281/1306 281/283/1307
f 281/283/1308 279/281/1309 282/284/1310
f 279/281/1311 254/256/1312 282/284/1313
f 254/256/1314 255/257/1315 282/284/1316
f 282/284/1317 255/257/1318 281/283/1319
f 281/283/1320 255/257/1321 283/285/1322
f 283/285/1323 255/257/1324 284/286/1325
f 255/257/1326 256/258/1327 284/286/1328
f 284/286/1329 256/258/1330 285/287/1331
f 285/287/1332 256/258/1333 286/288/1334
f 256/258/1333 257/259/1335 286/288/1334
f 286/288/1336 257/259/1337 15/15/1338
f 15/15/1339 257/259/1340 13/13/1341
f 13/13/1342 257/259/1343 287/289/1344
f 287/289/1344 257/259/1343 288/290/1345
f 257/259/1346 258/260/1347 288/290/1348
f 288/290/1349 258/260/1350 289/291/1351
f 258/260/1352 261/263/1353 289/291/1354
f 261/263/1355 263/265/1356 289/291/1357
f 289/291/1358 263/265/1359 290/292/1360
f 290/292/1361 263/265/1362 291/293/1363
f 291/293/1364 263/265/1365 292/294/1366
f 292/294/1367 263/265/1368 266/268/1369
f 263/265/1370 264/266/1371 266/268/1372
f 281/283/1373 283/285/1374 280/282/1375
f 280/282/1376 283/285/1377 278/280/1378
f 278/280/1379 283/285/1380 293/295/1381
f 293/295/1382 283/285/1383 294/296/1384
f 283/285/1385 284/286/1386 294/296/1387
f 294/296/1388 284/286/1389 295/297/1390
f 295/297/1391 284/286/1392 13/13/1393
f 13/13/1394 284/286/1395 14/14/12
f 284/286/1329 285/287/1331 14/14/1396
f 14/14/1397 285/287/1398 15/15/1399
f 285/287/1400 286/288/1401 15/15/1402
f 288/290/1403 289/291/1404 287/289/1405
f 287/289/1405 289/291/1406 296/298/1407
f 296/298/1408 289/291/1409 297/299/1410
f 297/299/1411 289/291/1409 298/300/1412
f 289/291/1413 290/292/1414 298/300/1415
f 298/300/1416 290/292/1417 299/301/1418
f 290/292/1419 291/293/1420 299/301/1421
f 299/301/1421 291/293/1420 300/302/1422
f 300/302/1423 291/293/1424 296/298/1425
f 296/298/1426 291/293/1427 301/303/1428
f 301/303/1429 291/293/1430 302/304/1431
f 291/293/1432 292/294/1433 302/304/1434
f 302/304/1435 292/294/1436 303/305/1437
f 303/305/1438 292/294/1439 268/270/1440
f 268/270/1441 292/294/1442 267/269/1443
f 292/294/1444 266/268/1445 267/269/1446
f 298/300/1447 299/301/1448 297/299/1449
f 299/301/1450 300/302/1451 297/299/1452
f 297/299/1453 300/302/1454 296/298/1455
f 278/280/1456 293/295/1457 172/172/1458
f 172/172/1459 293/295/1460 173/173/1461
f 173/173/1462 293/295/1463 176/176/1464
f 293/295/1465 294/296/1466 176/176/1467
f 176/176/1468 294/296/1469 177/177/1470
f 294/296/1471 295/297/1472 177/177/1473
f 177/177/1474 295/297/1475 179/179/1476
f 179/179/1477 295/297/1478 304/306/1479
f 295/297/1480 13/13/1481 304/306/1482
f 13/13/1483 287/289/1484 304/306/1485
f 287/289/1486 296/298/1487 304/306/1488
f 296/298/1489 301/303/1490 304/306/1491
f 304/306/1492 301/303/1493 179/179/1494
f 179/179/1495 301/303/1496 180/180/1497
f 301/303/1498 302/304/1499 180/180/1500
f 180/180/1501 302/304/1502 181/182/1503
f 302/304/1504 303/305/1505 181/182/1506
f 181/182/1507 303/305/1508 182/183/1509
f 182/183/1510 303/305/1511 183/185/1512
f 303/305/1513 268/270/1514 183/185/1515
f 305/307/1516 306/308/1517 307/309/1518
f 308/310/1519 309/311/1520 306/312/1521
f 306/312/1522 309/311/1523 307/313/1524
f 307/313/1525 309/311/1526 310/314/1527
f 310/314/1528 309/311/1529 311/315/1530
f 309/311/1531 308/310/1532 311/315/1533
f 311/315/1534 308/310/1535 312/316/1536
f 312/316/1537 308/310/1538 313/317/1539
f 313/317/1540 308/310/1541 314/318/1542
f 308/310/1543 306/308/1544 314/318/1545
f 306/308/1546 305/307/1547 314/318/1548
f 314/318/1549 305/307/1550 315/319/1551
f 315/319/1552 305/307/1553 316/320/1554
f 316/320/1555 305/307/1556 317/321/1557
f 305/307/1558 307/309/1559 317/321/1560
f 307/309/1561 318/322/1562 317/321/1563
f 317/321/1564 318/322/1565 319/323/1566
f 318/322/1567 320/324/1568 319/323/1569
f 320/324/1570 321/325/1571 319/323/1572
f 319/323/1573 321/325/1574 322/326/1575
f 322/326/1576 321/325/1577 323/327/1578
f 323/327/1579 321/325/1580 324/328/1581
f 324/328/1582 321/325/1583 325/329/1584
f 321/325/1585 320/330/1586 325/329/1587
f 325/329/1588 320/330/1589 326/331/1590
f 320/330/1591 318/332/1592 326/331/1593
f 326/331/1594 318/332/1595 310/314/1596
f 318/332/1597 307/313/1598 310/314/1599
f 319/323/1600 322/326/1601 317/321/1602
f 317/321/1603 322/326/1604 316/320/1605
f 322/326/1606 323/327/1607 316/320/1608
f 316/320/1609 323/327/1610 327/333/1611
f 323/327/1612 324/328/1613 327/333/1614
f 327/333/1615 324/328/1616 328/334/1617
f 324/328/1618 325/329/1619 328/334/1620
f 325/329/1621 326/331/1622 328/334/1623
f 328/334/1624 326/331/1625 329/335/1626
f 326/331/1625 310/314/1627 329/335/1628
f 310/314/1629 311/315/1630 329/335/1631
f 311/315/1632 312/316/1633 329/335/1634
f 329/335/1635 312/316/1636 330/336/1637
f 312/316/1638 313/317/1639 330/336/1640
f 330/336/1641 313/317/1642 315/319/1643
f 313/317/1644 314/318/1645 315/319/1646
f 316/320/1647 327/333/1648 315/319/1649
f 315/319/1650 327/333/1651 330/336/1652
f 327/333/1653 328/334/1654 330/336/1655
f 330/336/1656 328/334/1657 329/335/1658
f 331/337/1659 332/338/1660 333/339/1661
f 333/339/1662 332/338/1663 334/340/1664
f 332/338/1665 335/341/1666 334/340/1667
f 334/340/1668 335/341/1669 336/342/1670
f 336/342/1671 335/341/1672 337/343/1673
f 337/343/1674 335/341/1675 338/344/1676
f 338/344/1677 335/341/1678 339/345/1679
f 335/341/1680 332/346/1681 339/345/1682
f 332/346/1683 331/347/1684 339/345/1685
f 339/345/1686 331/347/1687 340/348/1688
f 331/347/1689 341/349/1690 340/348/1691
f 340/348/1692 341/349/1693 342/350/1694
f 341/349/1695 343/351/1696 342/350/1697
f 342/350/1698 343/351/1699 344/352/1700
f 343/351/1701 345/353/1702 344/352/1703
f 344/352/1704 345/353/1705 346/354/1706
f 346/354/1707 345/353/1708 347/355/1709
f 347/355/1710 345/353/1711 348/356/1712
f 348/356/1713 345/353/1714 349/357/1715
f 345/353/1716 343/358/1717 349/357/1718
f 343/358/1719 341/359/1720 349/357/1721
f 349/357/1722 341/359/1723 350/360/1724
f 341/359/1725 331/337/1726 350/360/1727
f 331/337/1728 333/339/1729 350/360/1730
f 350/360/1731 333/339/1732 351/361/1733
f 351/361/1734 333/339/1735 352/362/1736
f 333/339/1737 334/340/1738 352/362/1739
f 334/340/1740 336/342/1741 352/362/1742
f 352/362/1743 336/342/1744 353/363/1745
f 336/342/1746 337/343/1747 353/363/1748
f 353/363/1749 337/343/1750 354/364/1751
f 337/343/1752 338/344/1753 354/364/1754
f 354/364/1755 338/344/1756 340/348/1757
f 338/344/1758 339/345/1759 340/348/1760
f 349/357/1761 350/360/1762 348/356/1763
f 350/360/1764 351/361/1765 348/356/1766
f 348/356/1767 351/361/1768 347/355/1769
f 347/355/1770 351/361/1771 355/365/1772
f 351/361/1773 352/362/1774 355/365/1775
f 352/362/1776 353/363/1777 355/365/1778
f 355/365/1779 353/363/1780 356/366/1781
f 353/363/1782 354/364/1783 356/366/1781
f 356/366/1784 354/364/1785 342/350/1786
f 354/364/1787 340/348/1788 342/350/1789
f 347/355/1790 355/365/1791 346/354/1792
f 355/365/1793 356/366/1794 346/354/1795
f 346/354/1796 356/366/1797 344/352/1798
f 356/366/1799 342/350/1800 344/352/1801
f 357/367/1802 358/368/1803 359/369/1804
f 358/368/1803 360/370/1805 359/369/1804
f 359/369/1806 360/370/1807 361/371/1808
f 361/371/1809 360/370/1810 362/372/1811
f 360/370/1812 358/373/1813 362/372/1814
f 358/373/1815 363/374/1816 362/372/1817
f 363/374/1818 364/375/1819 362/372/1820
f 364/375/1821 365/376/1822 362/372/1823
f 362/372/1824 365/376/1825 366/377/1826
f 366/377/1827 365/376/1828 367/378/1829
f 367/378/1830 365/376/1831 368/379/1832
f 365/376/1833 369/380/1834 368/379/1835
f 362/372/1836 366/377/1826 361/371/1837
f 361/371/1838 366/377/1839 370/381/1840
f 370/381/1841 366/377/1842 371/382/1843
f 366/377/1844 367/378/1829 371/382/1845
f 371/382/1846 367/378/1847 372/383/1848
f 367/378/1849 368/379/1850 372/383/1851
f 372/383/1852 368/379/1853 373/384/1854
f 368/379/1855 369/380/1856 373/384/1857
f 373/384/1858 369/380/1856 370/381/1856
f 370/381/1859 371/382/1843 373/384/1860
f 371/382/1861 372/383/1862 373/384/1863
f 370/381/1864 374/385/1865 361/371/1866
f 361/371/1867 374/385/1868 359/369/1869
f 359/369/1870 374/385/1871 375/386/1872
f 374/385/1873 376/387/1874 375/386/1875
f 375/386/1876 376/387/1874 377/388/1877
f 377/388/1878 376/387/1879 378/389/1880
f 378/389/1881 376/387/1882 379/390/1883
f 376/387/1884 374/385/1885 379/390/1886
f 379/390/1887 374/385/1888 370/381/1888
f 377/388/1889 378/389/1890 380/391/1891
f 380/391/1892 378/389/1893 381/392/1894
f 378/389/1895 379/390/1896 381/392/1897
f 379/390/1898 370/381/1899 381/392/1900
f 370/381/1899 382/393/1901 381/392/1900
f 381/392/1902 382/393/1903 380/391/1904
f 275/277/1905 383/394/1906 254/256/1907
f 254/256/1908 383/394/1909 252/254/1910
f 252/254/1911 383/394/1912 259/261/1913
f 383/394/1914 384/395/1915 259/261/1916
f 384/395/1917 385/396/1918 259/261/1919
f 259/261/1920 385/396/1921 260/262/1922
f 260/262/1923 385/396/1924 262/264/1925
f 385/396/1926 270/272/1927 262/264/1928
f 386/397/1929 387/398/1930 388/399/1931
f 388/399/1932 387/398/1933 9/9/1934
f 9/9/1935 387/398/1936 7/7/1937
f 7/7/1938 387/398/1939 389/400/1940
f 389/400/1941 387/398/1942 390/401/1943
f 387/398/1944 391/402/1945 390/401/1946
f 390/401/1947 391/402/1948 392/403/1949
f 391/402/1950 393/404/1951 392/403/1952
f 393/404/1953 188/405/1954 392/403/1955
f 188/405/1956 185/406/1957 392/403/1958
f 392/403/1959 185/406/1960 394/407/1961
f 185/406/1962 276/408/1963 394/407/1964
f 276/408/1965 395/409/1966 394/407/1967
f 395/409/1968 396/410/1969 394/407/1970
f 394/407/1971 396/410/1972 397/411/1973
f 397/411/1974 396/410/1975 389/400/1976
f 396/410/1977 398/412/1978 389/400/1979
f 389/400/1980 398/412/1981 7/7/1982
f 398/412/1983 399/413/1984 7/7/1985
f 7/7/1986 399/413/1987 8/8/1988
f 399/413/1989 400/414/1990 8/8/1991
f 400/414/1992 401/415/1993 8/8/1994
f 401/415/1995 402/416/1996 8/8/1997
f 8/8/1998 402/416/1999 9/9/2000
f 402/416/2001 403/417/2002 9/9/2003
f 9/9/2004 403/417/2005 388/399/2006
f 389/400/2007 390/401/2008 397/411/2009
f 390/401/2010 392/403/2011 397/411/2012
f 397/411/2013 392/403/2014 394/407/2015
f 404/418/2016 3/3/2017 405/419/2018
f 405/419/2019 3/3/2020 406/420/2021
f 3/3/2022 407/421/2023 406/420/2024
f 407/421/2025 408/422/2026 406/420/2027
f 406/420/2028 408/422/2029 409/423/2030
f 404/418/2031 410/424/2032 411/425/2033
f 411/425/2034 410/424/2035 412/426/2036
f 410/424/2037 413/427/2038 412/426/2039
f 412/426/2040 413/427/2041 414/428/2042
f 413/427/2043 415/429/2044 414/428/2045
f 415/429/2046 416/430/2047 414/428/2048
f 414/428/2049 416/430/2050 412/426/2051
f 416/430/2052 417/431/2053 412/426/2054
f 418/432/2055 419/433/2056 409/423/2057
f 409/423/2058 419/433/2059 406/420/2060
f 406/420/2061 419/433/2062 405/419/2063
f 419/433/2064 420/434/2065 405/419/2066
f 405/419/2067 420/434/2068 404/418/2069
f 404/418/2070 420/434/2071 410/424/2072
f 420/434/2073 421/435/2074 410/424/2075
f 421/435/2076 422/436/2077 410/424/2078
f 410/424/2079 422/436/2080 413/427/2081
f 422/436/2082 423/437/2083 413/427/2084
f 413/427/2085 423/437/2086 415/429/2087
f 415/429/2088 423/437/2089 416/430/2090
f 423/437/2091 424/438/2092 416/430/2093
f 416/430/2094 424/438/2095 417/431/2096
f 417/431/2097 424/438/2098 425/439/2099
f 424/438/2100 426/440/2101 425/439/2102
f 425/439/2103 426/440/2104 427/441/2105
f 426/440/2106 428/442/2107 427/441/2108
f 428/442/2109 429/443/2110 427/441/2111
f 427/441/2112 429/443/2113 430/444/2114
f 429/443/2115 431/445/2116 430/444/2117
f 432/446/2118 433/447/2118 434/448/2118
f 433/447/2118 435/449/2119 434/448/2118
f 434/448/2120 435/449/2121 436/450/2122
f 435/449/2123 437/451/2124 436/450/2124
f 436/450/2125 437/451/2125 438/452/2126
f 437/451/2127 439/453/2127 438/452/2127
f 438/452/2128 439/453/2128 440/454/2129
f 439/453/2130 441/455/2131 440/454/2132
f 440/454/2133 441/455/2134 442/456/2135
f 441/455/2136 443/457/2137 442/456/2137
f 442/456/2138 443/457/2138 444/458/2138
f 443/457/2138 445/459/2138 444/458/2138
f 358/460/2139 357/461/2140 363/462/2141
f 363/462/2142 357/461/2140 446/463/2143
f 357/461/2144 447/464/2145 446/463/2146
f 446/463/2146 447/464/2145 448/465/2147
f 447/464/2148 449/466/2149 448/465/2150
f 448/465/2150 449/466/2151 450/467/2152
f 449/466/2153 451/468/2154 450/467/2155
f 450/467/2156 451/468/2157 452/469/2158
f 451/468/2159 453/470/2160 452/469/2161
f 453/470/2162 454/471/2162 452/469/2163
f 452/469/2164 454/471/2165 455/472/2165
f 454/471/2166 456/473/2166 455/472/2166
f 363/462/2167 446/463/2168 364/474/2169
f 364/474/2170 446/463/2168 457/475/2171
f 446/463/2172 448/465/2173 457/475/2174
f 457/475/2175 448/465/2176 458/476/2177
f 448/465/2178 450/467/2179 458/476/2180
f 458/476/2180 450/467/2181 459/477/2182
f 450/467/2183 452/469/2184 459/477/2185
f 459/477/2186 452/469/2187 460/478/2188
f 460/478/2189 452/469/2190 461/479/2191
f 452/469/2192 455/472/2193 461/479/2194
f 461/479/2195 455/472/2193 462/480/2196
f 455/472/2197 456/473/2198 462/480/2199
f 462/480/2199 456/473/2198 463/481/2200
f 456/473/2201 454/471/2202 463/481/2203
f 463/481/2204 454/471/2205 464/482/2206
f 454/471/2207 453/470/2208 464/482/2209
f 464/482/2209 453/470/2208 465/483/2208
f 364/474/2210 457/475/2211 365/376/2212
f 365/376/2213 457/475/2214 369/380/2215
f 369/380/2216 457/475/2217 466/484/2218
f 466/484/2219 457/475/2220 467/485/2221
f 457/475/2222 458/476/2223 467/485/2224
f 467/485/2224 458/476/2223 468/486/2225
f 458/476/2226 459/477/2227 468/486/2228
f 459/477/2229 460/478/2230 468/486/2231
f 468/486/2232 460/478/2233 469/487/2234
f 469/487/2235 460/478/2236 470/488/2237
f 460/478/2238 461/479/2239 470/488/2240
f 470/488/2241 461/479/2242 471/489/2243
f 471/489/2244 461/479/2245 472/490/2246
f 472/490/2247 461/479/2248 465/483/2249
f 461/479/2250 462/480/2251 465/483/2251
f 465/483/2252 462/480/2252 464/482/2252
f 462/480/2253 463/481/2253 464/482/2253
f 473/491/2254 474/492/2254 475/493/2254
f 474/492/2255 472/490/2256 475/493/2255
f 475/493/2257 472/490/2258 465/483/2257
f 476/494/2259 477/495/2260 478/496/2260
f 477/495/2261 453/497/2261 478/496/2261
f 478/496/2262 453/497/2262 451/498/2263
f 369/380/2264 466/484/2265 370/381/2266
f 370/381/2267 466/484/2268 382/393/2269
f 382/393/2270 466/484/2271 479/499/2272
f 479/499/2273 466/484/2274 480/500/2275
f 466/484/2276 467/485/2277 480/500/2278
f 480/500/2279 467/485/2280 481/501/2281
f 481/501/2282 467/485/2283 482/502/2284
f 467/485/2285 468/486/2286 482/502/2287
f 482/502/2288 468/486/2289 483/503/2290
f 468/486/2291 469/487/2292 483/503/2293
f 483/503/2294 469/487/2295 484/504/2296
f 484/504/2297 469/487/2298 485/505/2299
f 485/505/2300 469/487/2301 486/506/2302
f 469/487/2303 470/488/2304 486/506/2305
f 470/488/2306 471/489/2307 486/506/2308
f 486/506/2309 471/489/2310 447/507/2311
f 447/507/2312 471/489/2310 449/508/2313
f 471/489/2314 472/490/2315 449/508/2316
f 449/508/2317 472/490/2318 451/498/2319
f 472/490/2320 474/492/2321 451/498/2322
f 451/498/2323 474/492/2324 478/496/2325
f 474/492/2326 473/491/2327 478/496/2328
f 478/496/2328 473/491/2327 476/494/2329
f 473/491/2330 475/493/2331 476/494/2332
f 476/494/2333 475/493/2331 477/495/2334
f 475/493/2335 465/483/2336 477/495/2337
f 477/495/2338 465/483/2339 453/497/2340
f 480/500/2341 481/501/2342 479/499/2343
f 479/499/2344 481/501/2345 487/509/2346
f 481/501/2347 482/502/2348 487/509/2349
f 482/502/2350 483/503/2351 487/509/2352
f 487/509/2353 483/503/2354 488/510/2355
f 483/503/2356 484/504/2357 488/510/2358
f 488/510/2359 484/504/2360 489/511/2361
f 489/511/2362 484/504/2363 382/393/2364
f 484/504/2365 490/512/2366 382/393/2367
f 382/393/2368 490/512/2369 380/391/2370
f 380/391/2371 490/512/2372 377/388/2373
f 377/388/2374 490/512/2375 375/386/2376
f 490/512/2377 484/504/2378 375/386/2379
f 484/504/2380 485/505/2381 375/386/2382
f 485/505/2383 486/506/2384 375/386/2385
f 375/386/2386 486/506/2387 359/369/2388
f 359/369/2389 486/506/2390 357/367/2391
f 486/506/2392 447/507/2393 357/367/2394
f 382/393/2395 479/499/2396 489/511/2397
f 489/511/2398 479/499/2399 488/510/2400
f 479/499/2401 487/509/2402 488/510/2403
f 273/275/2404 491/513/2404 274/276/2404
f 491/513/2405 492/514/2405 274/276/2405
f 272/274/2406 493/515/2406 273/275/2406
f 493/515/2407 491/513/2407 273/275/2407
f 494/516/2408 495/517/2409 496/518/2410
f 496/518/2410 495/517/2411 497/519/2412
f 495/517/2413 498/520/2414 497/519/2415
f 497/519/2416 498/520/2417 499/521/2418
f 498/520/2419 500/522/2420 499/521/2421
f 499/521/2422 500/522/2423 501/523/2424
f 502/524/2425 503/525/2426 504/526/2427
f 504/526/2428 503/525/2429 505/527/2430
f 503/525/2431 506/528/2432 505/527/2433
f 505/527/2433 506/528/2432 507/529/2434
f 506/528/2435 501/523/2436 507/529/2437
f 507/529/2438 501/523/2439 508/530/2440
f 509/531/2441 510/532/2442 511/533/2443
f 511/533/2444 510/532/2445 512/534/2446
f 510/532/2447 513/535/2448 512/534/2449
f 512/534/2450 513/535/2451 514/536/2452
f 514/536/2453 515/537/2454 512/534/2455
f 515/537/2456 516/538/2457 512/534/2458
f 512/534/2459 516/538/2460 511/533/2461
f 511/533/2462 516/538/2463 509/531/2464
f 516/538/2465 517/539/2466 509/531/2467
f 517/539/2468 518/540/2469 509/531/2470
f 509/531/2471 518/540/2472 510/532/2473
f 518/540/2474 519/541/2475 510/532/2476
f 510/532/2477 519/541/2478 513/535/2479
f 519/541/2480 520/542/2481 513/535/2482
f 513/535/2483 520/542/2484 521/543/2485
f 522/544/2486 523/545/2487 524/546/2488
f 524/546/2488 523/545/2487 525/547/2489
f 523/545/2490 520/548/2491 525/547/2492
f 525/547/2493 520/548/2494 500/522/2495
f 500/522/2496 520/548/2497 501/523/2498
f 501/523/2498 520/548/2497 508/530/2499
f 520/548/2500 519/549/2501 508/530/2502
f 508/530/2503 519/549/2504 526/550/2505
f 519/549/2506 518/551/2507 526/550/2508
f 526/550/2509 518/551/2510 515/552/2511
f 518/551/2512 517/553/2513 515/552/2514
f 515/552/2515 517/553/2516 516/554/2517
f 527/555/2518 528/556/2519 529/557/2520
f 528/556/2521 530/558/2522 529/557/2523
f 529/557/2524 530/558/2522 531/559/2525
f 530/558/2526 532/560/2527 531/559/2528
f 531/559/2529 532/560/2530 533/561/2531
f 494/562/2532 496/563/2533 534/564/2534
f 496/563/2535 497/565/2536 534/564/2537
f 534/564/2538 497/565/2536 535/566/2539
f 497/565/2540 499/567/2541 535/566/2542
f 535/566/2543 499/567/2544 536/568/2545
f 499/567/2546 501/569/2547 536/568/2548
f 536/568/2549 501/569/2550 537/570/2551
f 501/569/2552 506/571/2553 537/570/2554
f 537/570/2555 506/571/2556 528/556/2557
f 506/571/2558 503/572/2559 528/556/2560
f 528/556/2561 503/572/2562 530/558/2563
f 503/572/2564 502/573/2565 530/558/2566
f 530/558/2567 502/573/2568 532/560/2569
f 532/560/2570 502/573/2571 533/561/2572
f 502/573/2571 504/574/2573 533/561/2574
f 504/574/2575 505/575/2576 533/561/2577
f 533/561/2578 505/575/2579 531/559/2580
f 505/575/2581 507/576/2582 531/559/2583
f 531/559/2584 507/576/2585 529/557/2586
f 507/576/2587 508/577/2588 529/557/2589
f 529/557/2590 508/577/2591 527/555/2592
f 508/577/2593 526/578/2594 527/555/2595
f 527/555/2596 526/578/2597 514/536/2598
f 526/578/2599 515/537/2600 514/536/2601
f 538/579/2602 539/580/2603 4/4/2604
f 4/4/4 539/580/2605 5/5/2606
f 5/5/2607 539/580/2608 540/581/2609
f 539/580/2608 541/582/2610 540/581/2609
f 540/581/2611 541/582/2612 542/583/2613
f 541/582/2614 543/584/2615 542/583/2613
f 542/583/2616 543/584/2617 6/585/2618
f 543/584/2619 4/586/2620 6/585/2618
f 544/587/2621 545/588/2622 538/579/2623
f 538/579/2624 545/588/2625 539/580/2626
f 539/580/2627 545/588/2628 541/582/2629
f 545/588/2630 546/589/2631 541/582/2632
f 541/582/2633 546/589/2634 543/584/2635
f 546/589/2636 547/590/2637 543/584/2635
f 543/584/2638 547/590/2639 4/586/2640
f 547/590/2641 538/591/2642 4/586/2643
f 548/592/2644 549/593/2645 544/587/2646
f 544/587/2647 549/593/2648 545/588/2649
f 545/588/2650 549/593/2651 546/589/2652
f 549/593/2653 550/594/2654 546/589/2655
f 546/589/2656 550/594/2657 547/590/2658
f 550/594/2659 551/595/2660 547/590/2658
f 547/590/2661 551/595/2662 538/591/2663
f 551/595/2664 544/596/2665 538/591/2666
f 552/597/2667 553/598/2668 548/592/2669
f 548/592/2670 553/598/2671 549/593/2672
f 549/593/2673 553/598/2674 550/594/2675
f 553/598/2676 554/599/2677 550/594/2678
f 550/594/2659 554/599/2679 551/595/2680
f 554/599/2679 555/600/2681 551/595/2682
f 551/595/2683 555/600/2684 544/596/2685
f 544/596/2686 555/600/2687 548/601/2688
f 555/600/2689 556/602/2690 548/601/2691
f 548/601/2691 556/602/2690 552/603/2692
f 556/602/2693 527/555/2694 552/603/2695
f 552/603/2696 527/555/2697 521/543/2698
f 527/555/2699 514/536/2700 521/543/2701
f 521/543/2702 514/536/2703 513/535/2704
f 521/604/2705 557/605/2706 552/597/2707
f 552/597/2708 557/605/2709 553/598/2710
f 553/598/2711 557/605/2712 554/599/2713
f 557/605/2712 558/606/2714 554/599/2715
f 554/599/2716 558/606/2717 555/600/2718
f 555/600/2718 558/606/2717 556/602/2719
f 558/606/2720 537/570/2721 556/602/2722
f 556/602/2723 537/570/2724 527/555/2725
f 537/570/2726 528/556/2727 527/555/2728
f 559/607/2729 560/608/2730 561/609/2729
f 561/609/2729 560/608/2730 562/610/2731
f 560/608/2732 563/611/2733 562/610/2734
f 562/610/2735 563/611/2736 521/604/2737
f 521/604/2705 563/611/2738 557/605/2739
f 557/605/2740 563/611/2741 558/606/2742
f 558/606/2743 563/611/2744 537/570/2745
f 563/611/2746 564/612/2747 537/570/2748
f 537/570/2749 564/612/2750 536/568/2751
f 564/612/2752 565/613/2753 536/568/2754
f 536/568/2755 565/613/2756 535/566/2757
f 565/613/2758 566/614/2759 535/566/2760
f 535/566/2760 566/614/2761 534/564/2762
f 534/564/2534 566/614/2763 494/562/2764
f 566/614/2765 565/613/2766 494/562/2767
f 494/562/2768 565/613/2766 495/615/2769
f 565/613/2770 564/612/2771 495/615/2772
f 495/615/2773 564/612/2774 498/616/2775
f 564/612/2776 563/611/2777 498/616/2778
f 498/616/2779 563/611/2780 500/617/2781
f 563/611/2782 560/608/2783 500/617/2784
f 500/617/2785 560/608/2786 525/618/2787
f 560/608/2788 559/607/2789 525/618/2790
f 525/618/2790 559/607/2789 524/619/2791
f 524/619/2792 559/607/2793 522/620/2794
f 559/607/2795 561/609/2796 522/620/2794
f 561/609/2797 562/610/2798 522/620/2799
f 522/620/2799 562/610/2798 523/621/2800
f 562/610/2801 521/604/2802 523/621/2803
f 523/621/2804 521/604/2805 520/622/2806
f 567/623/2807 568/624/2808 569/625/2809
f 569/625/2810 568/624/2808 570/626/2811
f 568/624/2808 571/627/2812 570/626/2813
f 570/626/2814 571/627/2815 418/432/2816
f 418/432/2817 571/627/2818 419/433/2819
f 419/433/2820 571/627/2821 420/434/2822
f 420/434/2823 571/627/2824 421/435/2825
f 571/627/2826 568/628/2808 421/435/2827
f 421/435/2828 568/628/2808 422/436/2829
f 422/436/2830 568/628/2808 423/437/2831
f 423/437/2832 568/628/2808 424/438/2833
f 424/438/2834 568/628/2808 426/440/2835
f 426/440/2836 568/628/2808 428/442/2837
f 428/442/2838 568/628/2808 429/443/2839
f 429/443/2840 568/628/2808 431/445/2841
f 568/628/2808 567/629/2842 431/445/2843
f 431/445/2844 567/629/2845 572/630/2846
f 567/629/2847 573/631/2848 572/630/2849
f 573/631/2850 574/632/2851 572/630/2852
f 574/632/2853 575/633/2854 572/630/2855
f 575/633/2856 576/634/2857 572/630/2858
f 572/630/2859 576/634/2860 431/445/2861
f 431/445/2862 576/634/2863 430/444/2864
f 576/634/2865 577/635/2866 430/444/2867
f 577/635/2868 578/636/2869 430/444/2870
f 430/444/2871 578/636/2872 427/441/2873
f 427/441/2874 578/636/2875 425/439/2876
f 578/636/2877 579/637/2878 425/439/2879
f 425/439/2880 579/637/2881 417/431/2882
f 579/637/2883 580/638/2884 417/431/2885
f 417/431/2886 580/638/2887 412/426/2888
f 412/426/2889 580/638/2890 411/425/2891
f 580/638/2892 581/639/2893 411/425/2894
f 581/639/2895 582/640/2896 411/425/2897
f 411/425/2898 582/640/2899 404/418/2900
f 582/640/2901 583/641/2902 404/418/2903
f 404/418/2904 583/641/2905 3/3/2906
f 583/641/2907 1/1/2908 3/3/2909
f 584/642/2910 585/643/2911 408/422/2912
f 585/643/2913 586/644/2914 408/422/2915
f 408/422/2916 586/644/2917 409/423/2918
f 409/423/2919 586/644/2920 418/432/2921
f 586/644/2922 587/645/2923 418/432/2924
f 418/432/2925 587/645/2926 570/626/2927
f 570/626/2928 587/645/2929 569/625/2930
f 587/645/2931 588/646/2932 569/625/2933
f 569/625/2934 588/646/2935 567/623/2936
f 567/623/2937 588/646/2938 573/647/2939
f 588/646/2940 574/648/2941 573/647/2942
f 174/649/2943 175/650/2944 2/2/2945
f 2/2/2946 175/650/2947 3/3/2948
f 3/3/2949 175/650/2950 407/421/2951
f 175/650/2952 178/651/2953 407/421/2954
f 178/651/2955 12/652/2956 407/421/2957
f 407/421/2958 12/652/2959 408/422/2960
f 12/652/2961 11/653/2962 408/422/2963
f 408/422/2964 11/653/2965 584/642/2966
f 11/653/2967 589/654/2968 584/642/2969
f 589/654/2970 590/655/2971 584/642/2972
f 584/642/2973 590/655/2974 585/643/2975
f 590/655/2976 591/656/2977 585/643/2978
f 585/643/2979 591/656/2980 586/644/2981
f 591/656/2982 592/657/2983 586/644/2984
f 586/644/2985 592/657/2986 587/645/2987
f 592/657/2988 575/658/2989 587/645/2990
f 587/645/2991 575/658/2992 588/646/2993
f 575/658/2994 574/648/2995 588/646/2996
f 593/659/2997 594/660/2998 577/635/2999
f 577/635/3000 594/660/3001 578/636/3002
f 578/636/3003 594/660/3004 579/637/3005
f 594/660/3006 595/661/3007 579/637/3008
f 579/637/3009 595/661/3010 580/638/3011
f 580/638/3012 595/661/3013 581/639/3014
f 595/661/3015 596/662/3016 581/639/3017
f 581/639/3018 596/662/3019 582/640/3020
f 596/662/3021 597/663/3022 582/640/3023
f 582/640/3024 597/663/3025 583/641/3026
f 583/641/3027 597/663/3028 1/1/3029
f 597/663/3030 598/664/3031 1/1/3032
f 1/1/3033 598/664/3034 2/2/3035
f 598/664/3036 599/665/3037 2/2/3038
f 2/2/3039 599/665/3040 174/649/3041
f 599/665/3042 600/666/3043 174/649/3044
f 174/649/3045 600/666/3046 277/667/3047
f 277/667/3048 600/666/3049 276/408/3050
f 276/408/3051 600/666/3052 395/409/3053
f 600/666/3054 601/668/3055 395/409/3056
f 395/409/3057 601/668/3058 396/410/3059
f 396/410/3060 601/668/3061 398/412/3062
f 601/668/3063 602/669/3064 398/412/3065
f 398/412/3066 602/669/3067 399/413/3068
f 602/669/3069 603/670/3070 399/413/3071
f 399/413/3072 603/670/3073 400/414/3074
f 603/670/3075 604/671/3076 400/414/3077
f 605/672/3078 606/673/3079 593/659/3080
f 593/659/3081 606/673/3082 594/660/3083
f 594/660/3084 606/673/3085 595/661/3086
f 606/673/3087 607/674/3088 595/661/3089
f 595/661/3090 607/674/3091 596/662/3092
f 607/674/3093 608/675/3094 596/662/3095
f 596/662/3096 608/675/3097 597/663/3098
f 597/663/3099 608/675/3100 598/664/3101
f 608/675/3102 609/676/3103 598/664/3104
f 598/664/3105 609/676/3106 599/665/3107
f 609/676/3108 610/677/3109 599/665/3110
f 599/665/3111 610/677/3112 600/666/3113
f 600/666/3114 610/677/3115 601/668/3116
f 601/668/3117 610/677/3118 602/669/3119
f 610/677/3120 611/678/3121 602/669/3122
f 602/669/3123 611/678/3124 603/670/3125
f 611/678/3126 612/679/3127 603/670/3128
f 603/670/3129 612/679/3130 604/671/3131
f 612/679/3132 613/680/3133 604/671/3134
f 613/680/3135 614/681/3136 604/671/3137
f 614/681/3138 615/682/3139 604/671/3140
f 604/671/3141 615/682/3142 400/414/3143
f 400/414/3144 615/682/3145 401/415/3146
f 615/682/3147 616/683/3148 401/415/3149
f 616/683/3150 617/684/3151 401/415/3152
f 401/415/3153 617/684/3154 402/416/3155
f 617/684/3156 618/685/3157 402/416/3158
f 402/416/3159 618/685/3160 403/417/3161
f 618/685/3162 619/686/3163 403/417/3164
f 403/417/3165 619/686/3166 388/399/3167
f 388/399/3168 619/686/3169 386/397/3170
f 619/686/3171 620/687/3172 386/397/3173
f 620/687/3174 621/688/3175 386/397/3176
f 386/397/3177 621/688/3178 387/398/3179
f 387/398/3180 621/688/3181 391/402/3182
f 391/402/3183 621/688/3184 393/404/3185
f 393/404/3186 621/688/3187 188/405/3188
f 188/405/3189 621/688/3190 190/689/3191
f 621/688/3192 193/690/3193 190/689/3194
f 190/689/3195 193/690/3196 191/691/3197
f 622/692/3198 623/693/3199 589/694/3200
f 623/693/3201 624/695/3202 589/694/3203
f 589/694/3204 624/695/3205 590/696/3206
f 624/695/3207 625/697/3208 590/696/3209
f 590/696/3210 625/697/3211 591/698/3212
f 625/697/3213 626/699/3214 591/698/3215
f 591/698/3216 626/699/3217 592/700/3218
f 626/699/3219 627/701/3220 592/700/3221
f 614/681/3222 613/680/3223 605/672/3224
f 605/672/3225 613/680/3226 606/673/3227
f 606/673/3228 613/680/3229 607/674/3230
f 613/680/3231 628/702/3232 607/674/3233
f 607/674/3234 628/702/3235 608/675/3236
f 608/675/3237 628/702/3238 609/676/3239
f 609/676/3240 628/702/3241 610/677/3242
f 610/677/3243 628/702/3244 611/678/3245
f 611/678/3246 628/702/3247 612/679/3248
f 628/702/3249 613/680/3250 612/679/3251
f 592/703/3252 627/704/3253 575/633/3254
f 575/633/3255 627/704/3256 576/634/3257
f 576/634/3258 627/704/3259 577/635/3260
f 577/635/3261 627/704/3262 593/659/3263
f 627/704/3264 626/705/3265 593/659/3266
f 626/705/3267 625/706/3268 593/659/3269
f 593/659/3270 625/706/3271 605/672/3272
f 625/706/3273 624/707/3274 605/672/3275
f 605/672/3276 624/707/3277 614/681/3278
f 624/707/3279 623/708/3280 614/681/3281
f 614/681/3282 623/708/3283 615/682/3284
f 623/708/3285 622/709/3286 615/682/3287
f 615/682/3288 622/709/3289 616/683/3290
f 622/709/3291 10/10/3292 616/683/3293
f 10/10/3294 269/710/3295 616/683/3296
f 269/710/3297 271/711/3298 616/683/3299
f 616/683/3300 271/711/3301 617/684/3302
f 617/684/3303 271/711/3304 618/685/3305
f 271/711/3306 199/712/3307 618/685/3308
f 618/685/3309 199/712/3310 619/686/3311
f 199/712/3312 197/713/3313 619/686/3314
f 619/686/3315 197/713/3316 620/687/3317
f 197/713/3318 196/714/3319 620/687/3320
f 620/687/3321 196/714/3322 621/688/3175
f 621/688/3323 196/714/3324 193/690/3325
f 196/714/3326 194/715/3327 193/690/3328
f 274/276/3329 492/514/3330 275/277/3331
f 275/277/3332 492/514/3333 383/394/3334
f 492/514/3335 491/513/3336 383/394/3337
f 383/394/3338 491/513/3339 384/395/3340
f 384/395/3341 491/513/3342 385/396/3343
f 491/513/3344 493/515/3345 385/396/3346
f 385/396/3347 493/515/3348 270/272/3349
f 493/515/3350 272/274/3351 270/272/3352
f 629/716/3353 630/717/3354 631/718/3355
f 630/717/3356 632/719/3357 631/718/3358
f 631/718/3359 632/719/3360 633/720/3361
f 632/719/3362 634/721/3363 633/720/3364
f 633/720/3365 634/721/3366 635/722/3367
f 635/722/3367 634/721/3366 636/723/3368
f 634/721/3369 632/724/3370 636/723/3371
f 636/723/3371 632/724/3370 637/725/3372
f 632/724/3373 630/726/3374 637/725/3375
f 637/725/3375 630/726/3374 638/727/3376
f 630/726/3377 629/728/3378 638/727/3379
f 638/727/3379 629/728/3378 639/729/3380
f 629/728/3381 631/730/3382 639/729/3383
f 639/729/3383 631/730/3382 640/731/3384
f 631/730/3385 633/720/3386 640/731/3387
f 633/720/3386 635/722/3388 640/731/3387
f 635/722/3389 636/723/3390 640/731/3391
f 636/723/3392 637/725/3393 640/731/3394
f 640/731/3395 637/725/3396 639/729/3397
f 637/725/3398 638/727/3399 639/729/3400
f 641/732/3401 642/733/3402 643/734/3403
f 643/734/3404 642/733/3405 644/735/3406
f 642/733/3407 645/736/3408 644/735/3409
f 644/735/3410 645/736/3411 646/737/3412
f 646/737/3413 645/736/3414 647/738/3415
f 647/738/3416 645/736/3417 648/739/3418
f 645/736/3417 642/740/3419 648/739/3420
f 648/739/3421 642/740/3422 649/741/3423
f 642/740/3424 641/742/3425 649/741/3423
f 649/741/3426 641/742/3427 650/743/3428
f 641/742/3429 643/744/3430 650/743/3431
f 650/743/3432 643/744/3433 651/745/3434
f 643/744/3433 644/746/3435 651/745/3434
f 651/745/3436 644/746/3437 652/747/3438
f 644/746/3437 646/737/3439 652/747/3438
f 646/737/3440 647/738/3441 652/747/3442
f 647/738/3443 648/739/3444 652/747/3445
f 652/747/3446 648/739/3447 651/745/3448
f 648/739/3449 649/741/3450 651/745/3451
f 651/745/3452 649/741/3453 650/743/3454
f 11/653/3455 10/748/3456 622/692/3457 589/654/3458
