<?xml version="1.0" encoding="utf-8"?>
<COLLADA xmlns="http://www.collada.org/2005/11/COLLADASchema" version="1.4.1" xmlns:xsi="http://www.w3.org/2001/XMLSchema-instance">
  <asset>
    <contributor>
      <author>Centrixe</author>
      <authoring_tool>OpenCOLLADA for 3ds Max;  Version: 1.6;  Revision: 68</authoring_tool>
    </contributor>
    <created>2025-08-09T13:09:18</created>
    <modified>2025-08-09T13:09:18</modified>
    <unit name="inch" meter="0.0254"/>
    <up_axis>Z_UP</up_axis>
  </asset>
  <library_effects>
    <effect id="magic_carpet_mat">
      <profile_COMMON>
        <newparam sid="magic_carpet_diff_png-surface">
          <surface type="2D">
            <init_from>magic_carpet_diff_png</init_from>
          </surface>
        </newparam>
        <newparam sid="magic_carpet_diff_png-sampler">
          <sampler2D>
            <source>magic_carpet_diff_png-surface</source>
          </sampler2D>
        </newparam>
        <technique sid="common">
          <phong>
            <emission>
              <color>0 0 0 1</color>
            </emission>
            <ambient>
              <color>0.2 0.2 0.2 1</color>
            </ambient>
            <diffuse>
              <texture texture="magic_carpet_diff_png-sampler" texcoord="CHANNEL1"/>
            </diffuse>
            <specular>
              <color>0.2 0.2 0.2 1</color>
            </specular>
            <shininess>
              <float>43.21928</float>
            </shininess>
            <reflective>
              <color>0 0 0 1</color>
            </reflective>
            <transparent opaque="A_ONE">
              <color>1 1 1 1</color>
            </transparent>
            <transparency>
              <float>1</float>
            </transparency>
          </phong>
        </technique>
      </profile_COMMON>
      <extra>
        <technique profile="OpenCOLLADA3dsMax">
          <extended_shader>
            <opacity_type sid="opacity_type" type="int">0</opacity_type>
            <falloff_type sid="falloff_type" type="int">0</falloff_type>
            <falloff sid="falloff" type="float">0</falloff>
            <index_of_refraction sid="index_of_refraction" type="float">1.5</index_of_refraction>
            <wire_size sid="wire_size" type="float">1</wire_size>
            <wire_units sid="wire_units" type="int">0</wire_units>
            <apply_reflection_dimming sid="apply_reflection_dimming" type="bool">0</apply_reflection_dimming>
            <dim_level sid="dim_level" type="float">0</dim_level>
            <reflection_level sid="reflection_level" type="float">3</reflection_level>
          </extended_shader>
          <shader>
            <ambient_diffuse_texture_lock sid="ambient_diffuse_texture_lock" type="bool">1</ambient_diffuse_texture_lock>
            <ambient_diffuse_lock sid="ambient_diffuse_lock" type="bool">0</ambient_diffuse_lock>
            <diffuse_specular_lock sid="diffuse_specular_lock" type="bool">0</diffuse_specular_lock>
            <use_self_illum_color sid="use_self_illum_color" type="bool">0</use_self_illum_color>
            <self_illumination sid="self_illumination" type="float">0</self_illumination>
            <specular_level sid="specular_level" type="float">1</specular_level>
            <soften sid="soften" type="float">0.1</soften>
          </shader>
        </technique>
      </extra>
    </effect>
  </library_effects>
  <library_materials>
    <material id="magic_carpet_mat-material" name="magic_carpet_mat">
      <instance_effect url="#magic_carpet_mat"/>
    </material>
  </library_materials>
  <library_geometries>
    <geometry id="geom-magic_carpet_lod0" name="magic_carpet_lod0">
      <mesh>
        <source id="geom-magic_carpet_lod0-positions">
          <float_array id="geom-magic_carpet_lod0-positions-array" count="4074">523.5571 15.85252 1137.41 458.1124 15.85237 1199.645 523.5568 15.85207 1261.879 261.7787 15.85248 1137.41 327.2233 15.8524 1199.645 392.6678 15.85245 1137.41 261.7736 15.85196 1386.337 392.6675 15.85182 1386.347 327.2231 15.85198 1324.113 458.1122 15.85187 1324.113 392.6677 15.85209 1261.879 -523.5566 -8.33652e-4 1137.411 -458.112 -8.73191e-4 1199.645 -523.5561 -9.78422e-4 1261.879 -261.7782 -0.001141512 1137.411 -261.778 -0.001120386 1261.879 -327.2227 -0.001194902 1199.645 -261.7782 -0.001141512 1137.411 -261.7778 -0.00115275 1386.347 -327.2224 -0.001035512 1324.113 -523.556 -9.48109e-4 1386.347 -458.1115 -9.13941e-4 1324.113 -392.6668 -9.97817e-4 1386.347 392.6262 15.82638 141.6186 392.6258 -0.02677829 141.6193 261.674 -0.05914259 141.5896 261.6749 15.79401 141.5877 523.5568 15.85315 141.6637 523.5568 -1.43241e-5 141.6636 523.5568 15.85207 1261.879 523.5568 -0.0010662 1261.879 523.5571 -6.30547e-4 1137.41 523.5571 15.85252 1137.41 523.5566 15.85178 1386.347 523.5566 -0.00135372 1386.347 -392.6666 15.85192 1635.283 -392.6666 -0.001215505 1635.283 -261.7776 -0.001238795 1635.283 -261.7776 15.8519 1635.283 -523.5557 15.85195 1635.284 -523.5557 -0.001183898 1635.284 -523.5573 15.85309 515.0692 -523.5573 -7.19439e-5 515.0691 -523.5573 -2.26075e-4 639.5371 -523.5573 15.85293 639.5371 -523.5574 15.85327 390.6009 -523.5574 1.09709e-4 390.6008 -458.1126 15.853 577.3033 -392.668 15.85307 515.0692 -523.5573 15.85309 515.0692 -261.7787 15.85286 639.537 -261.7786 15.85301 515.0692 -327.2233 15.85297 577.3032 -327.2234 15.85312 452.835 -261.7844 15.85334 390.6131 -458.1127 15.85317 452.835 -392.668 15.85322 390.6009 523.5572 -4.49127e-4 639.5374 458.1125 -4.33459e-4 577.3029 523.5571 -3.93437e-4 515.0687 261.7785 -3.44558e-4 515.0689 328.6718 -4.24385e-4 578.6806 261.8136 -4.56081e-4 639.5375 261.7725 -0.005401698 390.5878 261.7726 -0.005401699 390.5878 327.2231 -2.95558e-4 452.8347 523.557 -2.77625e-4 390.6003 458.1125 -3.27215e-4 452.8346 392.6678 -2.45761e-4 390.6005 -131.0444 15.79962 141.7155 -131.0458 -0.0535347 141.7182 -261.883 -0.02777478 141.7371 -261.882 15.82538 141.7352 -261.882 15.82538 141.7352 -0.172743 15.78048 141.6598 -0.1743222 -0.07267565 141.6629 130.8894 15.85174 1635.283 130.8894 -0.001395554 1635.283 261.7784 -0.001483137 1635.283 261.7784 15.85165 1635.283 4.02414e-4 15.85182 1635.283 3.96582e-4 -0.001313478 1635.283 523.557 15.85288 390.6003 458.1125 15.85283 452.8345 523.5571 15.85276 515.0687 261.7727 15.84776 390.5874 261.7785 15.85281 515.0689 327.2231 15.85287 452.8347 261.7786 15.8527 639.5376 392.6679 15.85271 639.5374 327.2232 15.85274 577.3031 458.1126 15.85272 577.303 392.6678 15.85278 515.0687 -458.1127 1.12916e-5 452.8349 -392.668 -8.73292e-5 515.0692 -523.5573 -7.19439e-5 515.0691 -261.7846 1.83809e-4 390.6134 -327.2233 -4.63366e-5 452.835 -392.668 5.2226e-5 390.6008 -261.7787 -3.04637e-4 639.537 -392.668 -2.61357e-4 639.5372 -327.2233 -1.91851e-4 577.3032 -458.1126 -1.57716e-4 577.3033 523.5571 15.85276 515.0687 523.5571 -3.93437e-4 515.0687 523.557 -2.77625e-4 390.6003 523.557 15.85288 390.6003 523.5572 -4.49127e-4 639.5374 523.5572 15.85271 639.5374 523.5573 15.85282 764.0055 523.5573 -3.3449e-4 764.0055 -523.5561 15.85216 1261.879 -523.5561 -9.78422e-4 1261.879 -523.556 -9.48109e-4 1386.347 -523.556 15.85218 1386.348 -523.556 15.85218 1386.348 -458.1115 15.85222 1324.113 -523.5561 15.85216 1261.879 -261.7778 15.85198 1386.347 -327.2224 15.8521 1324.113 -392.6669 15.85213 1386.347 -261.7782 15.85201 1137.411 -392.6674 15.8523 1137.411 -327.2227 15.85195 1199.645 -523.5566 15.85231 1137.411 -458.112 15.85227 1199.645 458.1121 -0.00126082 1324.113 392.6677 -0.001048234 1261.879 523.5568 -0.0010662 1261.879 261.7397 -0.001175164 1386.356 327.2231 -0.001153185 1324.113 392.6675 -0.001313709 1386.347 261.7787 -6.73555e-4 1137.41 327.2233 -7.47099e-4 1199.645 261.7786 -9.49919e-4 1261.879 458.1124 -7.78491e-4 1199.645 392.6678 -6.94902e-4 1137.41 -523.5573 15.85273 764.0057 -523.5573 -4.25636e-4 764.0056 -523.5573 -4.11206e-4 888.4739 -523.5573 15.85274 888.4739 -523.5573 -2.26075e-4 639.5371 -523.5574 2.49684e-4 266.1325 -523.5574 15.85341 266.1326 -523.5575 15.85355 141.6642 -523.5575 3.89628e-4 141.6641 -392.668 15.85273 888.4739 -392.668 15.85273 764.0056 -458.1127 15.85275 826.2397 -261.7786 15.85267 888.4739 -261.7787 15.85271 764.0056 -327.2233 15.85271 826.2397 -327.2234 15.85271 701.7712 -458.1127 15.85275 701.7716 -392.668 15.8529 639.5372 -65.60786 15.79163 203.9283 -130.9857 15.82326 266.1807 -0.1367825 15.79508 266.1272 -261.882 15.82538 141.7352 -261.8147 15.84619 266.17 -196.4198 15.82868 203.9509 -261.882 15.82538 141.7352 -261.7844 15.85334 390.6131 -130.9393 15.84307 390.6521 -196.3665 15.84675 328.4003 -0.06669253 15.82409 390.5955 -65.54639 15.8174 328.3982 523.5573 -3.73699e-4 888.4738 458.1126 -3.60003e-4 826.2397 523.5573 -3.3449e-4 764.0055 261.7787 -4.06213e-4 888.4738 261.7787 -3.5169e-4 764.0056 327.2234 -3.71049e-4 826.2397 261.7788 -4.06213e-4 888.4738 327.2233 -3.49286e-4 701.7717 458.1126 -3.27947e-4 701.7714 392.668 -3.32544e-4 764.0056 392.6679 -4.44148e-4 639.5374 65.2796 -0.07636964 203.8618 130.7914 -0.05196907 266.0794 -0.1386729 -0.05807456 266.1309 261.674 -0.05914259 141.5896 261.7418 -0.02361738 266.0931 196.2469 -0.0480095 203.8422 130.8378 -0.03356697 390.5443 196.3007 -0.02150503 328.3307 -0.06858297 -0.02906776 390.5992 65.34101 -0.05138505 328.3282 523.5568 15.85315 141.6637 458.1123 15.8531 203.8979 523.557 15.85302 266.132 261.6749 15.79401 141.5877 261.7423 15.82954 266.092 327.1841 15.8279 203.8552 327.2129 15.84475 328.3474 458.1123 15.85296 328.3662 392.6678 15.85292 390.6005 1.25965e-4 15.85251 888.474 65.44476 15.85265 826.2399 5.09884e-5 15.85267 764.0056 261.7787 15.85275 888.4739 261.7787 15.85281 764.0056 196.334 15.85278 826.2398 196.334 15.85283 701.7715 -2.20362e-5 15.85279 639.5372 65.44464 15.85277 701.7714 130.8893 15.85279 639.5375 -458.1127 2.90994e-4 203.8984 -392.668 1.92231e-4 266.1325 -523.5574 2.49684e-4 266.1325 -261.883 -0.02777478 141.7371 -327.2625 -0.007392209 203.9396 -392.7097 -0.007773571 141.708 -327.2337 -3.66103e-4 328.3849 -458.1127 1.5086e-4 328.3666 1.42277e-4 -6.4442e-4 888.474 -130.8893 -6.2155e-4 888.474 -65.44455 -6.45742e-4 826.2399 -261.7786 -4.91354e-4 888.4739 -196.3339 -6.09866e-4 826.2399 -196.334 -5.10329e-4 701.7714 -261.7787 -4.47454e-4 764.0056 -65.44469 -4.52273e-4 701.7715 -130.8893 -5.35501e-4 764.0057 -130.8894 -3.76136e-4 639.5371 523.557 15.85302 266.132 523.5569 -1.46034e-4 266.132 523.5568 -1.43241e-5 141.6636 523.5568 15.85315 141.6637 523.5573 15.85278 888.4738 523.5573 -3.73699e-4 888.4738 523.5573 15.85278 888.4738 392.668 15.85277 888.4739 458.1126 15.85276 950.708 523.5573 15.85278 888.4738 261.7787 15.85269 1012.942 392.668 15.85273 1012.942 327.2234 15.85274 950.708 327.2234 15.85268 1075.176 458.1125 15.85258 1075.176 65.44498 15.8518 1573.049 130.8895 15.85182 1510.815 4.71681e-4 15.85184 1510.815 261.7784 15.85165 1635.283 261.7786 15.85189 1510.815 196.334 15.85172 1573.049 130.8896 15.85211 1386.347 196.3341 15.85201 1448.581 65.44504 15.85192 1448.581 -523.5573 -4.11206e-4 888.4739 -458.1126 -4.75713e-4 950.708 -523.557 -5.80102e-4 1012.942 -261.7786 -4.91354e-4 888.4739 -261.7785 -5.82487e-4 1012.942 -327.2233 -5.17443e-4 950.708 -327.2231 -6.82765e-4 1075.176 -458.1122 -7.08139e-4 1075.177 -392.6674 -8.39783e-4 1137.411 -65.44406 -0.00131999 1573.049 -130.8886 -0.001313085 1510.815 4.82885e-4 -0.001308874 1510.815 -261.7776 -0.001238795 1635.283 -261.7777 -0.001349834 1510.815 -196.3331 -0.001239428 1573.049 -196.3333 -0.001340637 1448.582 -65.44408 -0.001310371 1448.581 -130.8887 -0.001306975 1386.347 523.5572 15.8527 1012.942 523.5572 -4.5329e-4 1012.942 523.5573 15.85278 888.4738 523.5573 15.85278 888.4738 523.5565 -0.001499787 1510.815 523.5565 15.85163 1510.815 523.5565 15.85149 1635.284 523.5565 -0.001645579 1635.283 -523.5558 15.85207 1510.816 -523.5558 -0.001066306 1510.815 -523.5557 -0.001183898 1635.284 -523.5557 15.85195 1635.284 -523.557 -5.80102e-4 1012.942 -523.557 15.85257 1012.942 -523.5566 -8.33652e-4 1137.411 -523.5566 15.85231 1137.411 -392.6666 15.85192 1635.283 -392.6667 15.85202 1510.815 -458.1112 15.85198 1573.05 -261.7776 15.8519 1635.283 -261.7777 15.85179 1510.815 -327.2222 15.85194 1573.049 -327.2223 15.85193 1448.582 -458.1113 15.8521 1448.582 -65.44448 15.85238 950.7083 -130.8892 15.85245 1012.942 1.92466e-4 15.85238 1012.942 -261.7786 15.85267 888.4739 -261.7786 15.85258 1012.942 -196.3339 15.85247 950.7081 -196.3338 15.85234 1075.177 2.58805e-4 15.85224 1137.411 -65.4444 15.85224 1075.176 523.5565 -0.001645579 1635.283 458.7349 -0.001553333 1573.642 523.5565 -0.001499787 1510.815 261.7784 -0.001483137 1635.283 261.7786 -0.001247032 1510.815 327.2231 -0.001492515 1573.049 327.2231 -0.001250797 1448.581 458.1121 -0.001406863 1448.581 392.6675 -0.001459581 1510.815 1.42277e-4 -6.4442e-4 888.474 65.44481 -6.43074e-4 950.708 2.08778e-4 -7.76403e-4 1012.942 261.7787 -4.06213e-4 888.4738 261.7787 -4.65851e-4 1012.942 196.3341 -4.75985e-4 950.708 196.3341 -5.78335e-4 1075.176 2.75116e-4 -9.08514e-4 1137.411 65.44486 -7.75103e-4 1075.177 130.8895 -7.73843e-4 1137.411 2.58805e-4 15.85224 1137.411 65.44489 15.85224 1199.645 130.8895 15.85238 1137.411 4.03178e-4 15.85197 1386.347 65.44495 15.85211 1324.113 3.31259e-4 15.85211 1261.879 196.3341 15.85215 1324.113 261.7786 15.85219 1261.879 196.3341 15.85235 1199.645 130.734 15.77614 141.6049 130.7326 -0.07701007 141.6077 -0.1743222 -0.07267565 141.6629 -0.172743 15.78048 141.6598 -2.24466e-5 -3.70974e-4 639.5373 65.45384 0.001399035 577.2936 130.8893 -3.7512e-4 639.5374 130.8902 -0.007984161 515.0315 65.4196 -0.01683364 452.8061 196.3245 -0.01075772 452.8037 197.5341 -0.002497695 578.4075 392.6674 15.85156 1635.283 392.6674 -0.001574284 1635.283 395.1357 -0.001575066 1635.283 523.5565 -0.001645579 1635.283 523.5565 15.85149 1635.284 -0.06669253 15.82409 390.5955 65.42101 15.83633 452.8033 130.8392 15.81959 390.5415 65.45432 15.85456 577.2927 0.001815431 15.85301 515.0664 196.3436 15.85063 577.2745 196.3251 15.84239 452.8026 130.8911 15.84518 515.0297 3.47576e-4 -0.001040501 1261.879 66.65414 -0.001039064 1325.263 0.09058365 -0.001172473 1386.552 65.44492 -9.07018e-4 1199.645 196.3341 -8.11158e-4 1199.645 196.3341 -9.96133e-4 1324.113 1.42277e-4 -6.4442e-4 888.474 65.44476 -5.11071e-4 826.2397 130.8894 -4.7033e-4 888.4739 65.44463 -3.946e-4 701.7714 -2.24467e-5 -3.70974e-4 639.5374 196.334 -3.31219e-4 701.7715 196.3341 -3.85941e-4 826.2398 130.8894 -3.79272e-4 764.0056 458.1123 -6.40212e-5 203.8979 392.6677 -1.13938e-4 266.1322 392.6258 -0.02677829 141.6193 458.1123 -1.95953e-4 328.3663 327.2127 -0.008411692 328.3479 327.1837 -0.02525702 203.8561 -0.172743 15.78048 141.6598 65.28137 15.77678 203.8583 130.734 15.77614 141.6049 65.3429 15.80177 328.3245 196.3012 15.83166 328.3296 196.2478 15.80515 203.8403 130.7928 15.80119 266.0768 458.1127 15.8528 826.2397 392.668 15.85283 764.0056 392.668 15.85277 888.4739 523.5572 15.85271 639.5374 458.1126 15.85283 701.7713 327.2233 15.85281 701.7717 261.7787 15.85275 888.4739 327.2234 15.85279 826.2397 65.44481 15.85251 950.7081 130.8894 15.8526 1012.942 130.8894 15.85269 888.4739 65.44485 15.85238 1075.176 196.3341 15.85258 1075.176 196.334 15.85268 950.708 523.5565 15.85149 1635.284 458.112 15.85158 1573.049 392.6674 15.85156 1635.283 523.5566 15.85178 1386.347 458.1121 15.85173 1448.581 327.2231 15.85188 1448.581 327.223 15.85164 1573.049 3.96582e-4 -0.001313478 1635.283 4.82885e-4 -0.001308874 1510.815 65.44498 -0.001342174 1573.049 130.8896 -0.001037633 1386.347 66.57098 -0.001219992 1447.511 196.3341 -0.001103965 1448.581 196.334 -0.001415559 1573.049 130.8773 -0.001302441 1510.827 458.1126 -3.95386e-4 950.7079 392.668 -4.29234e-4 1012.942 392.668 -3.91692e-4 888.4739 523.5571 -6.30547e-4 1137.41 458.1125 -5.69691e-4 1075.176 327.2233 -4.78545e-4 1075.176 261.7788 -4.06213e-4 888.4738 327.2234 -4.16272e-4 950.708 -65.4443 -0.001041689 1199.645 -130.8888 -0.001142368 1261.879 -130.8889 -0.001043185 1137.411 -64.27811 -0.001171372 1323.004 3.47576e-4 -0.001040501 1261.879 0.09058365 -0.001172473 1386.552 -196.3333 -0.001211131 1324.113 -196.3335 -0.001136442 1199.645 -130.8886 15.85187 1635.283 -130.8886 -0.001265101 1635.283 3.96582e-4 -0.001313478 1635.283 4.02414e-4 15.85182 1635.283 -2.20362e-5 15.85279 639.5372 -65.43502 15.85848 577.311 -130.8894 15.85279 639.537 -130.8875 15.86084 515.1031 -65.46831 15.84806 452.8585 -196.3428 15.85556 452.8643 -196.3243 15.86244 577.3293 -392.7094 15.84539 141.7073 -392.7097 -0.007773571 141.708 -523.5575 3.89628e-4 141.6641 -523.5575 15.85355 141.6642 -65.46973 -0.005105234 452.8613 -130.8885 0.007673823 515.105 -130.9408 -0.01009567 390.6548 -2.24466e-5 -3.70974e-4 639.5373 -65.43549 0.005321967 577.3119 -196.3248 0.009273711 577.3302 -196.3433 0.002393531 452.8652 -261.7786 -1.45798e-4 515.0691 4.03178e-4 15.85197 1386.347 -65.44421 15.85197 1324.113 -130.8887 15.85184 1386.347 -65.44431 15.85211 1199.645 3.31259e-4 15.85211 1261.879 -261.778 15.85202 1261.879 -196.3335 15.852 1199.645 -196.3334 15.85193 1324.113 1.25965e-4 15.85251 888.474 -65.44457 15.85252 826.24 -130.8893 15.85254 888.474 -65.4447 15.85271 701.7714 -196.334 15.85265 701.7714 -196.3339 15.85255 826.2399 -523.5575 15.85355 141.6642 -458.1128 15.85346 203.8984 -392.7094 15.84539 141.7073 -523.5574 15.85327 390.6009 -458.1127 15.85331 328.3667 -261.7844 15.85334 390.6131 -327.2335 15.8528 328.3846 -392.668 15.85336 266.1325 -327.2621 15.84577 203.9388 -392.668 15.85336 266.1325 -0.1743222 -0.07267565 141.6629 -65.60968 -0.06151896 203.9318 -131.0458 -0.0535347 141.7182 -0.06858297 -0.02906776 390.5992 -65.54825 -0.03575727 328.4019 -0.06858298 -0.02906776 390.5992 -196.3671 -0.006408304 328.4015 -196.4207 -0.02448005 203.9528 -130.9871 -0.02989884 266.1833 -261.8152 -0.006973423 266.1709 -458.1127 -4.02277e-4 826.2397 -392.668 -4.24272e-4 764.0056 -392.6679 -4.22872e-4 888.4739 -523.5573 -2.26075e-4 639.5371 -458.1127 -4.02501e-4 701.7715 -523.5573 -2.26075e-4 639.5371 -327.2234 -4.54483e-4 701.7712 -327.2233 -4.48662e-4 826.2397 -65.44447 -7.77745e-4 950.7081 -130.8893 -6.2155e-4 888.474 2.75116e-4 -9.08514e-4 1137.411 -65.44439 -9.09774e-4 1075.177 -196.3338 -8.19038e-4 1075.177 -196.3339 -6.91716e-4 950.7081 -130.8892 -7.04761e-4 1012.942 -458.1112 -0.001149136 1573.05 -392.6667 -0.001115391 1510.815 -392.6666 -0.001215505 1635.283 -458.9859 -0.001032231 1448.581 -523.5558 -0.001066306 1510.815 -327.2223 -0.001205897 1448.581 -327.2222 -0.001194603 1573.05 4.02414e-4 15.85182 1635.283 4.71681e-4 15.85184 1510.815 -65.44406 15.85182 1573.049 -65.44409 15.85183 1448.581 -196.3332 15.8518 1448.581 -196.3332 15.8519 1573.049 -130.8886 15.85182 1510.815 -458.1126 15.85268 950.708 -392.6679 15.85262 1012.942 -392.668 15.85273 888.4739 -458.1122 15.85244 1075.177 -327.2231 15.85247 1075.176 -327.2233 15.85264 950.708 -392.6671 -0.001006545 1261.879 392.6678 -3.76963e-4 515.0688 -392.6671 15.85213 1261.879 -523.5573 15.85273 764.0057 -131.0444 15.79962 141.7155 392.668 -3.91692e-4 888.4739 130.7326 -0.07701007 141.6077 392.6262 15.82638 141.6186 392.6677 15.85305 266.1321 130.8894 15.85278 764.0056 6.47287e-5 -4.93239e-4 764.0056 523.5572 15.8527 1012.942 130.8894 15.85174 1635.283 -392.6679 -4.22872e-4 888.4739 -392.6679 -5.37885e-4 1012.942 -130.8886 -0.001265101 1635.283 -523.5558 15.85207 1510.816 -130.8893 15.85254 888.474 395.1357 -0.001575066 1635.283 130.8894 -4.7033e-4 888.4739 130.8894 -5.6114e-4 1012.942 130.8895 15.85221 1261.879 135.5671 -3.75145e-4 639.5375 130.8895 -9.37002e-4 1261.879 523.5569 -1.46034e-4 266.132 -0.1367825 15.79508 266.1272 523.5573 15.85282 764.0055 1.92466e-4 15.85238 1012.942 523.5565 15.85163 1510.815 392.6675 15.85168 1510.815 130.8894 -0.001395554 1635.283 523.5572 -4.5329e-4 1012.942 8.68392e-4 -1.55169e-4 515.0682 -130.8889 15.852 1261.879 -130.8893 15.85263 764.0057 -523.5574 15.85341 266.1326 -0.1386729 -0.05807456 266.1309 -523.5573 -4.25636e-4 764.0056 2.08778e-4 -7.76403e-4 1012.942 -130.8886 15.85187 1635.283 -523.557 15.85257 1012.942 -523.5574 1.09709e-4 390.6008 -523.5575 3.89628e-4 141.6641 6.47287e-5 -4.93239e-4 764.0056 8.68392e-4 -1.55169e-4 515.0682 -0.06858298 -0.02906776 390.5992 -2.24467e-5 -3.70974e-4 639.5374 -0.1743222 -0.07267565 141.6629 523.5568 -1.43241e-5 141.6636 -523.5573 -4.11206e-4 888.4739 -523.5557 -0.001183898 1635.284 523.5566 -0.00135372 1386.347 392.6674 -0.001574284 1635.283 3.96582e-4 -0.001313478 1635.283 523.5573 -3.73699e-4 888.4738 4.02414e-4 15.85182 1635.283 -523.5557 15.85195 1635.284 -130.889 15.85211 1137.411 130.8894 15.85269 888.4739 261.7787 15.85275 888.4739 1.25965e-4 15.85251 888.474 1.25965e-4 15.85251 888.474 5.09884e-5 15.85267 764.0056 0.001815431 15.85301 515.0664 -523.5573 15.85293 639.5371 -523.5573 15.85274 888.4739 -523.5573 15.85274 888.4739 -0.172743 15.78048 141.6598 523.5573 15.85278 888.4738 580.6669 -15.80118 113.9632 586.8712 6.56322 120.5137 547.2756 6.563205 140.8321 544.0517 -5.058085 137.4283 565.6886 -25.06483 98.14917 536.2684 -9.871745 129.2108 550.7101 -15.80113 82.33515 528.4852 -5.058058 120.9933 544.5059 6.563291 75.78477 525.2612 6.563241 117.5896 550.7101 28.92784 82.33521 528.4852 18.18443 120.9933 565.6885 38.1913 98.14922 536.2684 22.99829 129.2108 580.6669 28.92779 113.9632 565.6885 38.1913 98.14922 536.2684 22.99829 129.2108 544.0517 18.18441 137.4284 644.2112 -23.69107 58.03158 652.6043 6.563269 66.89294 625.8105 6.563242 94.82993 617.4663 -23.51532 86.02016 623.9485 -36.22284 36.63871 597.3214 -35.97427 64.75135 603.686 -23.69101 15.24537 577.1765 -23.51525 43.48252 595.293 6.563365 6.3842 568.8323 6.563336 34.67281 603.6861 36.81775 15.24555 577.1765 36.64195 43.48258 623.9487 49.34956 36.63861 597.3214 49.1009 64.75143 644.2112 36.81768 58.03153 623.9487 49.34956 36.63861 597.3214 49.1009 64.75143 617.4663 36.64188 86.0202 634.799 -30.0027 25.18282 652.1158 32.41946 43.4659 659.2888 6.563288 51.03892 652.1158 -19.29281 43.46584 652.1158 -19.29281 43.46584 659.2888 6.563288 51.03892 634.799 -30.0027 25.18282 617.4821 -19.29275 6.899891 610.3093 6.563369 -0.6732553 617.4821 32.41951 6.899948 634.799 43.12946 25.1829 652.1158 32.41946 43.4659 634.799 43.12946 25.1829 534.9006 -27.09249 156.6707 547.5756 5.686996 170.0529 539.8949 5.686988 178.162 527.2199 -27.09249 164.7799 509.5505 -27.09245 129.9064 501.8698 -27.09246 138.0154 496.8755 5.687074 116.5243 489.1949 5.687064 124.6333 509.5505 38.46646 129.9064 496.8755 5.687074 116.5243 489.1949 5.687064 124.6333 501.87 38.46645 138.0156 534.9006 38.46642 156.6708 527.2199 38.46641 164.78 499.5113 28.83596 148.3691 490.5602 5.687047 138.9186 499.5113 -17.46189 148.369 517.4135 -17.46192 167.27 526.3647 5.686995 176.7206 517.4135 28.83594 167.2701 537.2591 -17.4619 146.3172 519.3569 -17.46188 127.4162 510.4059 5.68707 117.9657 519.3569 28.83599 127.4163 537.2591 28.83596 146.3173 546.2102 5.687013 155.7678 537.2591 -17.4619 146.3172 546.2102 5.687013 155.7678 526.3647 5.686995 176.7206 517.4135 -17.46192 167.27 519.3569 -17.46188 127.4162 499.5113 -17.46189 148.369 510.4059 5.68707 117.9657 490.5602 5.687047 138.9186 519.3569 28.83599 127.4163 510.4059 5.68707 117.9657 490.5602 5.687047 138.9186 499.5113 28.83596 148.3691 537.2591 28.83596 146.3173 517.4135 28.83594 167.2701 543.9812 -12.44764 136.5901 551.3322 6.563199 144.3512 542.8223 6.56319 153.336 535.4712 -12.44765 145.5748 529.2791 -12.44761 121.0677 520.7691 -12.44762 130.0525 521.9281 6.563247 113.3066 529.2791 -12.44761 121.0677 520.7691 -12.44762 130.0525 513.4182 6.563237 122.2914 529.2791 25.57408 121.0677 520.7691 25.57407 130.0525 543.9812 25.57406 136.5901 535.4712 25.57405 145.5749 543.9812 -12.44764 136.5901 529.2791 -12.44761 121.0677 521.9281 6.563247 113.3066 529.2791 25.57408 121.0677 543.9812 25.57406 136.5901 551.3322 6.563199 144.3512 -582.8682 -15.80076 113.9638 -546.2529 -5.057672 137.4289 -549.4768 6.563622 140.8327 -589.0725 6.563652 120.5142 -567.8898 -25.06443 98.14977 -538.4697 -9.87134 129.2113 -552.9114 -15.80074 82.33567 -530.6864 -5.057661 120.9938 -546.7072 6.563678 75.78528 -527.4625 6.563635 117.5901 -552.9114 28.92824 82.3357 -530.6864 18.18483 120.9939 -567.8898 38.19171 98.14981 -538.4697 22.9987 129.2113 -582.8683 28.92822 113.9638 -546.2529 18.18482 137.4289 -538.4697 22.9987 129.2113 -567.8898 38.19171 98.14981 -646.4128 -23.69065 58.03211 -619.6677 -23.51489 86.02069 -628.012 6.563686 94.83047 -654.8057 6.563716 66.89333 -626.1499 -36.22243 36.63922 -599.5228 -35.97387 64.75199 -605.8875 -23.69062 15.24597 -579.378 -23.51487 43.48314 -597.4945 6.56375 6.384655 -571.0338 6.56372 34.6734 -605.8875 36.81816 15.24613 -579.3779 36.64235 43.48319 -626.1501 49.34999 36.6391 -599.5228 49.10132 64.75207 -646.4126 36.81814 58.03204 -619.6676 36.64232 86.02074 -599.5228 49.10132 64.75207 -626.1501 49.34999 36.6391 -661.4902 6.563731 51.03944 -654.3173 32.41991 43.46639 -637.0005 -30.00229 25.18332 -654.3173 -19.29238 43.46636 -661.4902 6.563731 51.03944 -654.3173 -19.29238 43.46636 -637.0005 -30.00229 25.18332 -619.6835 -19.29236 6.900368 -612.5107 6.56376 -0.6726764 -619.6835 32.41993 6.900403 -637.0005 43.12989 25.18337 -637.0005 43.12989 25.18337 -654.3173 32.41991 43.46639 -537.1019 -27.09207 156.6713 -529.4211 -27.09208 164.7804 -542.0962 5.687409 178.1625 -549.7767 5.687421 170.0534 -511.7517 -27.09206 129.9069 -504.0711 -27.09207 138.016 -499.0767 5.687455 116.5247 -491.3962 5.687445 124.6339 -511.7518 38.46685 129.907 -504.0712 38.46684 138.0161 -491.3962 5.687445 124.6339 -499.0767 5.687455 116.5247 -537.1019 38.46684 156.6713 -529.4211 38.46682 164.7805 -528.5659 5.687406 176.7211 -519.6147 -17.46152 167.2706 -501.7126 -17.46151 148.3695 -492.7615 5.68743 138.9191 -501.7126 28.83636 148.3696 -519.6147 28.83634 167.2706 -539.4603 28.83638 146.3178 -521.5581 28.83639 127.4168 -512.6071 5.687459 117.9662 -521.5581 -17.46148 127.4167 -539.4604 -17.46149 146.3178 -548.4116 5.687435 155.7683 -539.4604 -17.46149 146.3178 -548.4116 5.687435 155.7683 -528.5659 5.687406 176.7211 -519.6147 -17.46152 167.2706 -521.5581 -17.46148 127.4167 -501.7126 -17.46151 148.3695 -512.6071 5.687459 117.9662 -492.7615 5.68743 138.9191 -521.5581 28.83639 127.4168 -512.6071 5.687459 117.9662 -492.7615 5.68743 138.9191 -501.7126 28.83636 148.3696 -539.4603 28.83638 146.3178 -519.6147 28.83634 167.2706 -546.1824 -12.44722 136.5907 -537.6724 -12.44724 145.5754 -545.0235 6.563609 153.3365 -553.5334 6.56362 144.3517 -531.4803 -12.44721 121.0683 -522.9704 -12.44722 130.053 -524.1293 6.563637 113.3072 -515.6194 6.563628 122.2919 -522.9704 -12.44722 130.053 -531.4803 -12.44721 121.0683 -531.4803 25.57448 121.0683 -522.9704 25.57447 130.053 -546.1824 25.57447 136.5907 -537.6724 25.57446 145.5755 -546.1824 25.57447 136.5907 -531.4803 25.57448 121.0683 -524.1293 6.563637 113.3072 -531.4803 -12.44721 121.0683 -546.1824 -12.44722 136.5907 -553.5334 6.56362 144.3517 617.4821 -19.29275 6.899891 634.799 43.12946 25.1829 610.3093 6.563369 -0.6732553 617.4821 32.41951 6.899948 -637.0005 43.12989 25.18337 -619.6835 -19.29236 6.900368 -619.6835 32.41993 6.900403 -612.5107 6.56376 -0.6726764 534.9002 -27.09402 1621.983 527.2196 -27.09401 1613.874 539.8945 5.685435 1600.492 547.5751 5.685424 1608.601 509.5502 -27.09404 1648.747 501.8695 -27.09403 1640.638 496.8753 5.685371 1662.129 489.1946 5.685383 1654.02 509.5503 38.46471 1648.747 501.8697 38.46473 1640.638 489.1946 5.685383 1654.02 496.8753 5.685371 1662.129 534.9002 38.46474 1621.983 527.2196 38.46475 1613.874 526.3643 5.685435 1601.933 517.4132 -17.46346 1611.383 499.511 -17.46348 1630.284 490.5599 5.6854 1639.735 499.511 28.83429 1630.284 517.4131 28.83431 1611.384 537.2588 28.83428 1632.336 519.3566 28.83426 1651.237 510.4055 5.68537 1660.688 519.3566 -17.4635 1651.237 537.2588 -17.46348 1632.336 546.2099 5.68541 1622.886 537.2588 -17.46348 1632.336 546.2099 5.68541 1622.886 526.3643 5.685435 1601.933 517.4132 -17.46346 1611.383 519.3566 -17.4635 1651.237 499.511 -17.46348 1630.284 510.4055 5.68537 1660.688 490.5599 5.6854 1639.735 519.3566 28.83426 1651.237 510.4055 5.68537 1660.688 490.5599 5.6854 1639.735 499.511 28.83429 1630.284 537.2588 28.83428 1632.336 517.4131 28.83431 1611.384 543.9808 -12.44924 1642.063 535.4709 -12.44923 1633.078 542.8219 6.561577 1625.317 551.3319 6.561566 1634.302 529.2788 -12.44926 1657.586 520.7688 -12.44925 1648.601 521.9279 6.561532 1665.347 513.4179 6.561545 1656.362 520.7688 -12.44925 1648.601 529.2788 -12.44926 1657.586 529.2788 25.57234 1657.586 520.7688 25.57236 1648.601 543.9808 25.57236 1642.063 535.4709 25.57237 1633.079 543.9808 25.57236 1642.063 529.2788 25.57234 1657.586 521.9279 6.561532 1665.347 529.2788 -12.44926 1657.586 543.9808 -12.44924 1642.063 551.3319 6.561566 1634.302 520.7688 -12.44925 1648.601 513.4179 6.561545 1656.362 520.7688 25.57236 1648.601 520.7688 25.57236 1648.601 535.4709 25.57237 1633.079 542.8219 6.561577 1625.317 520.7688 -12.44925 1648.601 520.7688 25.57236 1648.601 542.8219 6.561577 1625.317 535.4709 -12.44923 1633.078 520.7688 -12.44925 1648.601 542.8219 6.561577 1625.317 580.6666 -15.80283 1664.69 544.0514 -5.059708 1641.225 547.2753 6.561562 1637.821 586.8708 6.561543 1658.14 565.6882 -25.0665 1680.504 536.2681 -9.87338 1649.443 550.7098 -15.80286 1696.318 528.4849 -5.059726 1657.66 544.0513 18.18273 1641.225 580.6666 28.92604 1664.69 644.2107 -23.69283 1720.621 617.4658 -23.517 1692.633 625.81 6.561522 1683.823 652.6038 6.561486 1711.76 623.9479 -36.22462 1742.014 597.321 -35.976 1713.902 603.6857 -23.69288 1763.408 577.1761 -23.51706 1735.171 617.4658 36.64007 1692.633 644.2106 36.81582 1720.622 659.2881 6.561468 1727.614 652.1153 -19.29461 1735.187 634.7985 -30.00452 1753.47 617.4816 -19.29465 1771.753 652.1153 32.41758 1735.187 634.7985 -30.00452 1753.47 652.1153 -19.29461 1735.187 634.7985 6.56146 1753.47 617.4816 -19.29465 1771.753 659.2881 6.561468 1727.614 652.1153 32.41758 1735.187 535.9209 8.818281 1653.227 578.4438 9.262975 1696.321 544.0513 18.18273 1641.225 577.1761 -23.51706 1735.171 634.7985 6.56146 1753.47 578.4438 9.262975 1696.321 578.4438 9.262975 1696.321 550.7098 -15.80286 1696.318 577.1761 -23.51706 1735.171 603.6857 -23.69288 1763.408 617.4816 -19.29465 1771.753 634.7985 6.56146 1753.47 634.7985 6.56146 1753.47 577.1761 -23.51706 1735.171 603.6857 -23.69288 1763.408 634.7985 6.56146 1753.47 652.1153 32.41758 1735.187 644.2106 36.81582 1720.622 644.2106 36.81582 1720.622 617.4658 36.64007 1692.633 634.7985 6.56146 1753.47 578.4438 9.262975 1696.321 634.7985 6.56146 1753.47 617.4658 36.64007 1692.633 617.4658 36.64007 1692.633 580.6666 28.92604 1664.69 578.4438 9.262975 1696.321 578.4438 9.262975 1696.321 528.4849 -5.059726 1657.66 550.7098 -15.80286 1696.318 578.4438 9.262975 1696.321 580.6666 28.92604 1664.69 544.0513 18.18273 1641.225 578.4438 9.262975 1696.321 535.9209 8.818281 1653.227 528.4849 -5.059726 1657.66 544.0514 -5.059708 1641.225 535.9209 8.818281 1653.227 544.0513 18.18273 1641.225 544.0513 18.18273 1641.225 547.2753 6.561562 1637.821 544.0514 -5.059708 1641.225 544.0514 -5.059708 1641.225 536.2681 -9.87338 1649.443 528.4849 -5.059726 1657.66 528.4849 -5.059726 1657.66 535.9209 8.818281 1653.227 544.0514 -5.059708 1641.225 544.5056 6.561469 1702.869 525.261 6.561537 1661.064 550.7098 -15.80286 1696.318 550.7098 28.92598 1696.318 603.6857 -23.69291 1763.408 595.2925 6.561355 1772.269 568.832 6.561399 1743.98 577.1761 -23.51709 1735.171 617.4816 -19.2947 1771.753 610.3088 6.561341 1779.327 603.6857 36.81569 1763.408 617.4816 32.41744 1771.753 577.1761 36.63996 1735.171 610.3088 6.561341 1779.327 617.4816 -19.2947 1771.753 634.7985 6.561392 1753.47 617.4816 32.41744 1771.753 577.8848 6.932527 1696.587 550.7098 -15.80286 1696.318 528.4849 -5.059726 1657.66 577.1761 36.63996 1735.171 634.7985 6.561392 1753.47 577.8848 6.932527 1696.587 577.8848 6.932527 1696.587 550.7098 28.92598 1696.318 577.1761 36.63996 1735.171 634.7985 6.561392 1753.47 617.4816 -19.2947 1771.753 603.6857 -23.69291 1763.408 603.6857 -23.69291 1763.408 577.1761 -23.51709 1735.171 634.7985 6.561392 1753.47 528.4849 -5.059726 1657.66 577.8848 6.932527 1696.587 634.7985 6.561392 1753.47 577.1761 -23.51709 1735.171 577.1761 -23.51709 1735.171 550.7098 -15.80286 1696.318 577.8848 6.932527 1696.587 528.4849 18.18271 1657.66 603.6857 36.81569 1763.408 617.4816 32.41744 1771.753 634.7985 6.561392 1753.47 634.7985 6.561392 1753.47 577.1761 36.63996 1735.171 603.6857 36.81569 1763.408 577.8848 6.932527 1696.587 528.4849 18.18271 1657.66 550.7098 28.92598 1696.318 528.4849 -5.059726 1657.66 537.8282 5.361074 1655.742 577.8848 6.932527 1696.587 577.8848 6.932527 1696.587 537.8282 5.361074 1655.742 528.4849 18.18271 1657.66 525.261 6.561537 1661.064 528.4849 18.18271 1657.66 537.8282 5.361074 1655.742 537.8282 5.361074 1655.742 528.4849 -5.059726 1657.66 525.261 6.561537 1661.064 565.6883 38.18948 1680.504 536.2681 22.99657 1649.443 550.7098 28.92598 1696.318 580.6666 28.92604 1664.69 623.9484 49.34755 1742.014 597.3212 49.09898 1713.902 577.1763 36.64 1735.171 603.6859 36.81571 1763.407 644.2109 36.81576 1720.622 617.466 36.64004 1692.633 634.7986 43.12742 1753.47 617.4819 32.41746 1771.753 634.7986 6.561405 1753.47 652.1155 32.4175 1735.187 617.4819 32.41746 1771.753 634.7986 43.12742 1753.47 652.1155 32.4175 1735.187 528.4849 18.18271 1657.66 579.3892 11.20447 1692.52 550.7098 28.92598 1696.318 617.466 36.64004 1692.633 634.7986 6.561405 1753.47 579.3892 11.20447 1692.52 579.3892 11.20447 1692.52 580.6666 28.92604 1664.69 617.466 36.64004 1692.633 617.466 36.64004 1692.633 644.2109 36.81576 1720.622 652.1155 32.4175 1735.187 652.1155 32.4175 1735.187 634.7986 6.561405 1753.47 617.466 36.64004 1692.633 544.0513 18.18273 1641.225 528.4849 18.18271 1657.66 579.3892 11.20447 1692.52 634.7986 6.561405 1753.47 577.1763 36.64 1735.171 577.1763 36.64 1735.171 550.7098 28.92598 1696.318 579.3892 11.20447 1692.52 634.7986 6.561405 1753.47 617.4819 32.41746 1771.753 603.6859 36.81571 1763.407 603.6859 36.81571 1763.407 577.1763 36.64 1735.171 634.7986 6.561405 1753.47 579.3892 11.20447 1692.52 544.0513 18.18273 1641.225 580.6666 28.92604 1664.69 528.4849 18.18271 1657.66 537.3519 13.23207 1650.18 579.3892 11.20447 1692.52 579.3892 11.20447 1692.52 537.3519 13.23207 1650.18 544.0513 18.18273 1641.225 528.4849 18.18271 1657.66 536.2681 22.99657 1649.443 537.3519 13.23207 1650.18 537.3519 13.23207 1650.18 536.2681 22.99657 1649.443 544.0513 18.18273 1641.225 -534.8994 -27.09346 1621.983 -547.5743 5.685976 1608.601 -539.8937 5.685976 1600.492 -527.2187 -27.09347 1613.874 -509.5494 -27.0935 1648.747 -501.8687 -27.0935 1640.638 -496.8745 5.685909 1662.129 -489.1938 5.685908 1654.02 -509.5495 38.46525 1648.747 -496.8745 5.685909 1662.129 -489.1938 5.685908 1654.02 -501.8688 38.46526 1640.638 -534.8994 38.46529 1621.983 -527.2187 38.46529 1613.874 -499.5102 28.83481 1630.285 -490.5591 5.685917 1639.735 -499.5102 -17.46295 1630.285 -517.4124 -17.46293 1611.384 -526.3635 5.685963 1601.933 -517.4124 28.83483 1611.384 -537.2579 -17.46292 1632.336 -519.3558 -17.46294 1651.238 -510.4047 5.685923 1660.688 -519.3558 28.83481 1651.238 -537.2579 28.83484 1632.336 -546.2092 5.685971 1622.886 -537.2579 -17.46292 1632.336 -546.2092 5.685971 1622.886 -526.3635 5.685963 1601.933 -517.4124 -17.46293 1611.384 -519.3558 -17.46294 1651.238 -499.5102 -17.46295 1630.285 -510.4047 5.685923 1660.688 -490.5591 5.685917 1639.735 -519.3558 28.83481 1651.238 -510.4047 5.685923 1660.688 -490.5591 5.685917 1639.735 -499.5102 28.83481 1630.285 -537.2579 28.83484 1632.336 -517.4124 28.83483 1611.384 -543.98 -12.44867 1642.063 -551.3312 6.56214 1634.302 -542.8211 6.562137 1625.318 -535.4701 -12.44867 1633.079 -529.278 -12.44869 1657.586 -520.7679 -12.44869 1648.601 -521.9271 6.562099 1665.347 -529.278 -12.44869 1657.586 -520.7679 -12.44869 1648.601 -513.4171 6.562098 1656.362 -529.278 25.57291 1657.586 -520.7679 25.57291 1648.601 -543.98 25.57293 1642.063 -535.4701 25.57293 1633.079 -543.98 -12.44867 1642.063 -529.278 -12.44869 1657.586 -521.9271 6.562099 1665.347 -529.278 25.57291 1657.586 -543.98 25.57293 1642.063 -551.3312 6.56214 1634.302 -542.8211 6.562137 1625.318 -535.4701 25.57293 1633.079 -520.7679 25.57291 1648.601 -520.7679 25.57291 1648.601 -513.4171 6.562098 1656.362 -520.7679 -12.44869 1648.601 -542.8211 6.562137 1625.318 -520.7679 25.57291 1648.601 -520.7679 -12.44869 1648.601 -535.4701 -12.44867 1633.079 -542.8211 6.562137 1625.318 -520.7679 -12.44869 1648.601 -580.6657 -15.80225 1664.69 -586.8699 6.562111 1658.14 -547.2745 6.562135 1637.821 -544.0506 -5.059134 1641.225 -565.6874 -25.06593 1680.504 -536.2673 -9.872807 1649.443 -550.709 -15.8023 1696.318 -528.484 -5.059156 1657.66 -580.6657 28.9266 1664.69 -544.0505 18.1833 1641.225 -644.2097 -23.6922 1720.622 -652.6027 6.562106 1711.761 -625.8091 6.562101 1683.824 -617.4648 -23.51641 1692.634 -623.9469 -36.22399 1742.015 -597.3201 -35.97541 1713.902 -603.6845 -23.69227 1763.409 -577.1751 -23.51648 1735.171 -644.2096 36.81642 1720.623 -617.4648 36.64063 1692.634 -652.1142 -19.29397 1735.188 -659.287 6.562099 1727.615 -634.7974 -30.00389 1753.471 -617.4805 -19.29403 1771.754 -652.1142 32.41819 1735.188 -634.7974 -30.00389 1753.471 -617.4805 -19.29403 1771.754 -634.7974 6.562078 1753.471 -652.1142 -19.29397 1735.188 -652.1142 32.41819 1735.188 -659.287 6.562099 1727.615 -535.92 8.818852 1653.227 -544.0505 18.1833 1641.225 -578.4429 9.263513 1696.321 -577.1751 -23.51648 1735.171 -550.709 -15.8023 1696.318 -578.4429 9.263513 1696.321 -578.4429 9.263513 1696.321 -634.7974 6.562078 1753.471 -577.1751 -23.51648 1735.171 -603.6845 -23.69227 1763.409 -577.1751 -23.51648 1735.171 -634.7974 6.562078 1753.471 -634.7974 6.562078 1753.471 -617.4805 -19.29403 1771.754 -603.6845 -23.69227 1763.409 -634.7974 6.562078 1753.471 -617.4648 36.64063 1692.634 -644.2096 36.81642 1720.623 -644.2096 36.81642 1720.623 -652.1142 32.41819 1735.188 -634.7974 6.562078 1753.471 -578.4429 9.263513 1696.321 -580.6657 28.9266 1664.69 -617.4648 36.64063 1692.634 -617.4648 36.64063 1692.634 -634.7974 6.562078 1753.471 -578.4429 9.263513 1696.321 -578.4429 9.263513 1696.321 -550.709 -15.8023 1696.318 -528.484 -5.059156 1657.66 -578.4429 9.263513 1696.321 -544.0505 18.1833 1641.225 -580.6657 28.9266 1664.69 -578.4429 9.263513 1696.321 -528.484 -5.059156 1657.66 -535.92 8.818852 1653.227 -544.0506 -5.059134 1641.225 -547.2745 6.562135 1637.821 -544.0505 18.1833 1641.225 -544.0505 18.1833 1641.225 -535.92 8.818852 1653.227 -544.0506 -5.059134 1641.225 -544.0506 -5.059134 1641.225 -535.92 8.818852 1653.227 -528.484 -5.059156 1657.66 -528.484 -5.059156 1657.66 -536.2673 -9.872807 1649.443 -544.0506 -5.059134 1641.225 -544.5048 6.562061 1702.869 -550.709 -15.8023 1696.318 -525.2602 6.562105 1661.064 -550.709 28.92657 1696.319 -603.6846 -23.69226 1763.408 -577.1752 -23.51647 1735.171 -568.8311 6.562018 1743.981 -595.2916 6.562 1772.269 -610.3077 6.561997 1779.327 -617.4806 -19.29404 1771.754 -603.6846 36.81633 1763.408 -617.4806 32.41809 1771.754 -577.1752 36.64057 1735.171 -610.3077 6.561997 1779.327 -617.4806 32.41809 1771.754 -634.7975 6.562044 1753.471 -617.4806 -19.29404 1771.754 -577.8839 6.933129 1696.587 -528.484 -5.059156 1657.66 -550.709 -15.8023 1696.318 -577.1752 36.64057 1735.171 -550.709 28.92657 1696.319 -577.8839 6.933129 1696.587 -577.8839 6.933129 1696.587 -634.7975 6.562044 1753.471 -577.1752 36.64057 1735.171 -634.7975 6.562044 1753.471 -577.1752 -23.51647 1735.171 -603.6846 -23.69226 1763.408 -603.6846 -23.69226 1763.408 -617.4806 -19.29404 1771.754 -634.7975 6.562044 1753.471 -528.484 -5.059156 1657.66 -577.8839 6.933129 1696.587 -550.709 -15.8023 1696.318 -577.1752 -23.51647 1735.171 -577.1752 -23.51647 1735.171 -634.7975 6.562044 1753.471 -577.8839 6.933129 1696.587 -528.484 18.18328 1657.66 -603.6846 36.81633 1763.408 -577.1752 36.64057 1735.171 -634.7975 6.562044 1753.471 -634.7975 6.562044 1753.471 -617.4806 32.41809 1771.754 -603.6846 36.81633 1763.408 -577.8839 6.933129 1696.587 -550.709 28.92657 1696.319 -528.484 18.18328 1657.66 -528.484 -5.059156 1657.66 -577.8839 6.933129 1696.587 -537.8273 5.361649 1655.742 -577.8839 6.933129 1696.587 -528.484 18.18328 1657.66 -537.8273 5.361649 1655.742 -525.2602 6.562105 1661.064 -528.484 -5.059156 1657.66 -537.8273 5.361649 1655.742 -537.8273 5.361649 1655.742 -528.484 18.18328 1657.66 -525.2602 6.562105 1661.064 -565.6874 38.19003 1680.504 -550.709 28.92657 1696.319 -536.2673 22.99714 1649.443 -580.6657 28.9266 1664.69 -623.9472 49.34811 1742.014 -603.6846 36.81627 1763.407 -577.1752 36.64052 1735.171 -597.3201 49.09951 1713.902 -644.2096 36.81633 1720.622 -617.4649 36.64058 1692.633 -634.7974 43.128 1753.47 -652.1143 32.41808 1735.187 -634.7974 6.561991 1753.47 -617.4806 32.41803 1771.753 -634.7974 43.128 1753.47 -617.4806 32.41803 1771.753 -652.1143 32.41808 1735.187 -528.484 18.18328 1657.66 -550.709 28.92657 1696.319 -579.3882 11.20499 1692.52 -617.4649 36.64058 1692.633 -580.6657 28.9266 1664.69 -579.3882 11.20499 1692.52 -579.3882 11.20499 1692.52 -634.7974 6.561991 1753.47 -617.4649 36.64058 1692.633 -617.4649 36.64058 1692.633 -634.7974 6.561991 1753.47 -652.1143 32.41808 1735.187 -652.1143 32.41808 1735.187 -644.2096 36.81633 1720.622 -617.4649 36.64058 1692.633 -544.0505 18.1833 1641.225 -528.484 18.18328 1657.66 -579.3882 11.20499 1692.52 -550.709 28.92657 1696.319 -577.1752 36.64052 1735.171 -577.1752 36.64052 1735.171 -634.7974 6.561991 1753.47 -579.3882 11.20499 1692.52 -634.7974 6.561991 1753.47 -577.1752 36.64052 1735.171 -603.6846 36.81627 1763.407 -603.6846 36.81627 1763.407 -617.4806 32.41803 1771.753 -634.7974 6.561991 1753.47 -579.3882 11.20499 1692.52 -580.6657 28.9266 1664.69 -544.0505 18.1833 1641.225 -528.484 18.18328 1657.66 -579.3882 11.20499 1692.52 -537.3511 13.23264 1650.181 -579.3882 11.20499 1692.52 -544.0505 18.1833 1641.225 -537.3511 13.23264 1650.181 -528.484 18.18328 1657.66 -537.3511 13.23264 1650.181 -536.2673 22.99714 1649.443 -537.3511 13.23264 1650.181 -544.0505 18.1833 1641.225 -536.2673 22.99714 1649.443 261.7787 15.85275 888.4739</float_array>
          <technique_common>
            <accessor source="#geom-magic_carpet_lod0-positions-array" count="1358" stride="3">
              <param name="X" type="float"/>
              <param name="Y" type="float"/>
              <param name="Z" type="float"/>
            </accessor>
          </technique_common>
        </source>
        <source id="geom-magic_carpet_lod0-normals">
          <float_array id="geom-magic_carpet_lod0-normals-array" count="4074">0 1 0 0 1 0 0 1 0 0 1 0 0 1 0 0 1 0 0 1 0 0 1 0 0 1 0 0 1 0 0 1 0 0 -1 0 0 -1 0 0 -1 0 0 -1 0 0 -1 0 0 -1 0 0 -1 0 0 -1 0 0 -1 0 0 -1 0 0 -1 0 0 -1 0 0 -9.54198e-5 -1 0 -4.58463e-5 -1 0 -1.16097e-4 -1 0 -9.54198e-5 -1 0 0 -1 0 8.91067e-7 -1 1 0 0 1 -2.34031e-8 0 1 2.45732e-7 0 1 0 0 1 0 0 1 -2.90754e-7 0 0 0 1 0 -5.46618e-7 1 0 -2.00154e-7 1 0 0 1 0 0 1 0 -7.67591e-7 0.9999999 -1 0 0 -1 4.01241e-7 0 -1 3.14015e-7 0 -1 0 0 -1 0 0 -1 4.39039e-7 0 0 1 0 0 1 0 0 1 0 0 1 0 0 1 0 0 1 0 0 1 0 0 1 0 0 1 0 0 1 0 0 -1 0 0 -1 0 0 -1 0 0 -1 0 0 -1 0 0 -1 0 0 -1 0 0 -1 0 0 -1 0 0 -1 0 0 -1 0 0 -1 0 0 -9.54198e-5 -1 0 -1.74439e-4 -1 0 -1.15734e-4 -1 0 -1.90549e-4 -1 0 -1.90549e-4 -1 -4.69645e-4 -1.9084e-4 -0.9999999 -4.68154e-4 -1.94567e-4 -0.9999998 0 0 1 0 0 1 0 -3.25645e-7 1 0 0 1 -5.31415e-7 0 1 -5.31415e-7 2.18311e-7 0.9999999 0 1 0 0 1 0 0 1 0 0 1 0 0 1 0 0 1 0 0 1 0 0 1 0 0 1 0 0 1 0 0 1 0 0 -1 0 0 -1 0 0 -1 0 0 -1 0 0 -1 0 0 -1 0 0 -1 0 0 -1 0 0 -1 0 0 -1 0 1 0 0 1 -2.03528e-7 0 1 -2.44234e-7 0 1 0 0 1 -1.51192e-7 0 1 0 0 1 0 0 1 1.45377e-7 0 -1 0 0 -1 1.04037e-7 0 -1 3.8615e-7 0 -1 0 0 0 1 0 0 1 0 0 1 0 0 1 0 0 1 0 0 1 0 0 1 0 0 1 0 0 1 0 0 1 0 0 1 0 0 -1 0 0 -1 0 0 -1 0 0 -1 0 0 -1 0 0 -1 0 0 -1 0 0 -1 0 0 -1 0 0 -1 0 0 -1 0 -1 0 0 -1 2.03528e-8 0 -1 6.97811e-8 0 -1 0 0 -1 3.14015e-7 0 -1 4.41947e-7 0 -1 0 0 -1 0 0 -0.9999999 4.30316e-7 0 0 1 0 0 1 0 0 1 0 0 1 0 0 1 0 0 1 0 0 1 0 0 1 0 0 1 0 0 1 0 0 1 0 1.19207e-4 1 0 0 1 0 0 1 0 0 1 0 0 1 0 0 1 0 0 1 0 0 1 0 1.20697e-4 1 0 0 1 0 0 -1 0 0 -1 0 0 -1 0 0 -1 0 0 -1 0 0 -1 0 0 -1 0 0 -1 0 0 -1 0 0 -1 0 0 -1 0 0 -1 0 0 -1 0 -1.19209e-4 -1 0 0 -1 0 0 -1 0 0 -1 0 0 -1 0 0 -1 0 -1.19209e-4 -1 0 0 -0.9999954 0.003051745 0 1 0 0 1 0 0 1 0 0 1 0 0 1 0 0 1 0 0 1 0 0 1 0 0 1 0 -1.03015e-6 1 0 0 1 0 -8.66547e-7 1 0 0 1 0 0 1 0 0 1 0 0 1 0 2.81937e-8 1 0 0 1 0 0 1 0 0 -1 0 0 -1 0 0 -1 0 0 -1 0 0 -0.9999989 0.001525877 0 -1 0 0 -1 0 0 -1 0 1.03028e-6 -1 0 0 -1 0 0 -1 0 0 -1 0 0 -1 0 0 -1 0 0 -1 0 0 -1 0 0 -1 0 0 -1 0 1 0 0 1 -2.41309e-7 0 1 -2.44234e-7 0 0.9999999 0 0 1 0 0 1 1.07579e-7 0 0 1 0 0 1 0 0 1 0 0 1 0 0 1 0 0 1 0 0 1 0 0 1 0 0 1 0 0 1 0 0 1 0 -7.07342e-7 1 0 0 1 0 0 1 0 0 1 0 0 1 0 0 1 0 0 1 0 0 -1 0 0 -1 0 0 -1 0 0 -1 0 0 -1 0 0 -1 0 0 -1 0 0 -1 0 0 -1 0 0 -1 0 0 -1 0 7.10134e-7 -1 0 0 -1 0 0 -1 0 0 -1 0 0 -1 0 0 -1 0 0 -1 0 1 0 0 1 1.94805e-7 0 1 0 0 0.9999999 0 0 1 -3.14015e-7 0 1 0 0 1 0 0 0.9999999 -3.25645e-7 0 -1 0 0 -1 3.83796e-7 0 -1 3.83796e-7 0 -0.9999999 0 0 -1 -5.20186e-8 0 -1 0 0 -1 -1.39562e-7 0 -1 0 0 0 1 0 0 1 0 0 1 0 0 1 0 0 1 0 0 1 0 0 1 0 0 1 0 0 1 0 0 1 0 -1.02724e-6 1 0 0 1 0 0 1 0 0 1 0 0 1 0 -1.02734e-6 1 0 0 1 0 0 -1 0 0 -1 0 0 -1 0 0 -1 0 0 -1 0 0 -1 0 0 -1 0 0 -1 0 0 -1 0 1.03028e-6 -1 0 0 -1 0 1.03028e-6 -1 0 0 -1 0 0 -1 0 0 -1 0 0 -1 0 1.03028e-6 -1 0 0 -1 0 0 -1 0 -1.02734e-6 1 0 0 1 0 0 1 0 -1.02734e-6 1 0 0 1 0 -1.02734e-6 1 0 0 1 0 0 1 0 0 1 0 0 -1.91132e-4 -1 0 -1.7396e-4 -1 -4.68154e-4 -1.94567e-4 -0.9999999 -4.69644e-4 -1.9084e-4 -0.9999998 -2.74667e-8 -1 0 0 -1 0 0 -1 0 0 -0.9999814 0.006103401 0 -0.9999954 0.003051745 0 -1 0 0 -1 0 0 0 1 0 -7.29973e-7 1 0 -5.0475e-6 1 0 -1.60496e-6 1 0 0 0.9999999 1.20697e-4 1 0 0 1 0 0 1 0 0 1 0 5.97197e-5 1 0 0 1 0 0 1 0 0 1 0 1.03028e-6 -1 0 0 -1 0 0 -1 0 0 -1 0 0 -1 0 0 -1 0 1.03028e-6 -1 0 0 -1 0 0 -1 0 0 -1 0 -2.72848e-8 -1 0 0 -1 0 0 -1 0 0 -1 0 0 -1 0 0 -1 0 0 -1 0 0 -1 0 0 -1 0 0 -1 0 9.98355e-5 1 0 0 0.9999989 -0.001525842 0 1 0 0 1 0 0 1 0 0 1 0 0 1 0 0 1 0 0 1 0 0 1 0 0 1 0 0 1 0 0 1 0 0 1 0 0 1 0 0 1 0 0 1 0 0 1 0 0 1 0 0 1 0 0 1 0 0 1 0 0 1 0 0 1 0 0 1 0 0 1 0 0 1 0 0 1 0 -3.69619e-7 -1 0 7.10134e-7 -1 0 0 -1 0 0 -1 0 0 -1 0 0 -1 0 0 -1 0 0 -1 0 0 -1 0 0 -1 0 0 -1 0 0 -1 0 0 -1 0 0 -1 0 0 -1 0 0 -1 0 0 -1 0 0 -1 0 0 -1 0 0 -1 0 1.03028e-6 -1 0 0 -1 0 0 -1 0 0 -1 0 0 0 1 0 7.06425e-8 1 -5.31415e-7 2.18311e-7 1 -5.31415e-7 0 0.9999999 2.81937e-8 1 0 0 1 0 0 1 0 0 1 0 0 1 0 0 1 0 0 1 0 0 0 -1 0 -4.57065e-5 -1 0 9.5513e-7 -1 0 0 -1 0 -1 0 0 -1 0 0 -1 0 -2.74667e-8 -1 0 0 -1 0 0 -1 0 0 -1 0 0 -1 0 -1.02734e-6 1 0 0 1 0 0 1 0 0 1 0 -1.02734e-6 1 0 0 1 0 0 1 0 0 1 0 -1.03015e-6 1 0 0 1 0 0 1 0 0 1 0 0 1 0 0 1 0 0 1 0 0 1 0 0 1 0 0 1 0 0 1 0 0 1 0 0 1 0 0 1 0 0 1 0 0 1 0 -9.98378e-5 -1 0 0 -1 0 0 -1 0 -1.19209e-4 -1 0 0 -1 0 -1.19209e-4 -1 0 0 -1 0 0 -1 0 0 -1 0 0 -1 0 0 -1 0 0 -1 0 0 -1 0 0 -1 0 0 -1 0 0 -1 0 0 -1 0 0 -1 0 0 -1 0 0 -1 0 1.03028e-6 -1 0 0 -1 0 0 -1 0 0 -1 0 0 -1 0 0 -1 0 0 -1 0 0 -1 0 0 -1 0 0 -1 0 0 -1 0 0 -1 0 3.69575e-7 1 0 -7.07342e-7 1 0 0 1 0 0 1 0 0 1 0 0 1 0 0 1 0 0 1 0 0 1 0 0 1 0 0 1 0 0 1 0 0 1 0 0 -1 0 0 -1 0 0 1 0 0 1 0 0 1 0 0 -1 0 0 -1 0 0 1 0 0 1 0 0 1 0 8.67294e-7 -1 0 0 1 0 0 1 0 0 -1 0 0 -1 0 0 -1 0 0 1 0 0 1 0 0 -1 0 0 -1 0 0 -1 0 0 1 0 0 -1 0 0 -1 0 0 -1 0 1.19207e-4 1 0 0 1 0 -1.02724e-6 1 0 0 1 0 0 1 0 0 -1 0 0 -1 0 -5.97153e-5 -1 0 0 1 0 0 1 0 0 1 0 -1.19209e-4 -1 0 0 -1 0 1.03028e-6 -1 0 0 1 0 0 1 0 0 -1 0 0 -1 0 8.67294e-7 -1 0 -5.97153e-5 -1 0 -1.19209e-4 -1 0 -2.72848e-8 -1 0 -9.98378e-5 -1 0 0 -1 0 0 -1 0 0 -1 0 0 -1 0 0 -1 0 -3.69619e-7 -1 0 0 -1 0 3.69575e-7 1 0 0 1 0 0 1 0 0 1 0 0 1 0 -1.03015e-6 1 0 -1.03015e-6 1 0 -8.66547e-7 1 0 5.97197e-5 1 0 0 1 0 0 1 0 0 1 0 9.98355e-5 1 0 0 1 0 0.2992665 -0.6790752 0.6702958 0.5111361 0 0.8594998 0.4575548 0 0.8891815 0.2564734 -0.6608865 0.7053018 -0.2072276 -0.9588084 0.1942758 -0.2320309 -0.9427211 0.2396635 -0.6902152 -0.667787 -0.278682 -0.7186602 -0.6565198 -0.2291491 -0.8831157 0 -0.4691553 -0.9085831 0 -0.4177043 -0.6902591 0.667734 -0.2786997 -0.7187051 0.6564656 -0.2291634 -0.2013834 0.9600039 0.1945181 -0.2320101 0.9427317 0.239642 0.2992665 0.6790753 0.6702958 -0.2013834 0.960004 0.1945181 -0.2320101 0.9427317 0.239642 0.2564814 0.6608595 0.705324 0.6290302 -0.6874293 0.3629902 0.8288487 0 0.5594729 0.6409346 0 0.7675955 0.4379981 -0.6961584 0.5687892 0.1341159 -0.9833894 -0.1223045 -0.08542444 -0.9930591 0.08084813 -0.3845027 -0.6936689 -0.6090822 -0.5927961 -0.6943965 -0.4079293 -0.5883311 0 -0.8086202 -0.7983515 0 -0.6021917 -0.3793561 0.6952314 -0.6105263 -0.5888108 0.6969127 -0.4094075 0.1281281 0.9842219 -0.1220267 -0.08542445 0.9930591 0.08084813 0.6290302 0.6874293 0.3629902 0.1281281 0.9842219 -0.1220267 -0.08542443 0.993059 0.08084812 0.4278999 0.6995398 0.5723161 0.5488719 -0.6453055 -0.5313384 0.8709719 0.4453834 -0.2074649 0.9967341 0 -0.08075392 0.8694846 -0.4479453 -0.2081865 0.8694845 -0.4479453 -0.2081865 0.9967341 0 -0.08075392 0.5488719 -0.6453055 -0.5313384 0.2196526 -0.4560843 -0.8624036 0.08544594 0 -0.9963428 0.2196526 0.4560843 -0.8624036 0.5488718 0.6453055 -0.5313384 0.8709719 0.4453834 -0.2074649 0.5488718 0.6453055 -0.5313384 0.6007289 -0.7976515 0.05363651 0.9275268 0 0.3737567 0.3902367 0 0.9207147 0.05494589 -0.7993864 0.5982997 -0.05798844 -0.7992486 -0.5981965 -0.6046737 -0.7947795 -0.05191643 -0.3876476 0 -0.9218077 -0.9275268 0 -0.3737567 -0.05496265 0.7992486 -0.5984822 -0.3876476 0 -0.9218077 -0.9275268 0 -0.3737567 -0.6046251 0.7947156 -0.05343909 0.6007289 0.7976515 0.05363651 0.05496265 0.7992486 0.5984822 -0.8021871 0.3606791 0.475822 -0.9452757 0 0.3262726 -0.8027689 -0.3609408 0.4746409 -0.496239 -0.3660528 0.7872434 -0.3486088 0 0.9372684 -0.496239 0.3660528 0.7872434 0.8038502 -0.3600579 -0.4734799 0.5005357 -0.3647196 -0.7851391 0.3512908 0 -0.9362665 0.5011359 0.365157 -0.7845528 0.8032705 0.3597982 -0.4746598 0.9452757 0 -0.3262726 0.8038502 -0.3600579 -0.4734799 0.9452757 0 -0.3262726 -0.3486088 0 0.9372684 -0.496239 -0.3660528 0.7872434 0.5005357 -0.3647196 -0.7851392 -0.8027689 -0.3609408 0.4746409 0.3512908 0 -0.9362665 -0.9452757 0 0.3262726 0.5011359 0.365157 -0.7845528 0.3512908 0 -0.9362664 -0.9452758 0 0.3262726 -0.8021871 0.3606791 0.475822 0.8032705 0.3597982 -0.4746598 -0.496239 0.3660528 0.7872434 0.7146372 -0.6842879 -0.1450652 0.9917026 0 0.128554 0.7259126 0 0.6877869 0.377981 -0.8543628 0.3566434 0.1465565 -0.685743 -0.712936 -0.3597679 -0.8695027 -0.3384258 -0.128165 0 -0.9917529 0.1465565 -0.685743 -0.712936 -0.359768 -0.8695028 -0.3384258 -0.7259127 0 -0.6877869 0.146566 0.6856924 -0.7129827 -0.3597084 0.8695492 -0.3383697 0.7146371 0.6842879 -0.1450652 0.3780118 0.8543371 0.3566724 0.7146372 -0.6842879 -0.1450652 0.1465565 -0.685743 -0.712936 -0.128165 0 -0.9917529 0.146566 0.6856924 -0.7129827 0.7146372 0.6842879 -0.1450652 0.9917026 0 0.128554 -0.2992665 -0.6790752 0.6702958 -0.2564734 -0.6608865 0.7053018 -0.4575548 0 0.8891815 -0.50662 0 0.8621695 0.2013834 -0.9600039 0.1945181 0.2320309 -0.9427211 0.2396635 0.6902591 -0.667734 -0.2786997 0.7186602 -0.6565198 -0.2291491 0.88414 0 -0.4672222 0.9085831 0 -0.4177043 0.6901711 0.6678398 -0.2786642 0.7187051 0.6564656 -0.2291634 0.2013834 0.9600039 0.1945181 0.2320101 0.9427317 0.239642 -0.2991133 0.6787279 0.6707159 -0.2564814 0.6608595 0.705324 0.2320101 0.9427317 0.239642 0.2013834 0.960004 0.1945181 -0.6290302 -0.6874293 0.3629902 -0.4329314 -0.6976065 0.5708902 -0.6376932 0 0.7702905 -0.8284928 0 0.5599998 -0.1341599 -0.9833308 -0.1227258 0.08542444 -0.9930591 0.08084813 0.3845536 -0.69357 -0.6091627 0.5928747 -0.6942976 -0.4079834 0.5882856 0 -0.8086533 0.7983515 0 -0.6021917 0.379334 0.6951908 -0.6105862 0.5886536 0.6971099 -0.4092982 -0.1281221 0.984176 -0.1224024 0.08542445 0.9930591 0.08084813 -0.6327867 0.6848851 0.3612664 -0.428087 0.6998458 0.5718019 0.08542443 0.993059 0.08084812 -0.1281221 0.984176 -0.1224024 -0.9967739 0 -0.0802617 -0.8710406 0.4454185 -0.2071006 -0.5489274 -0.6453708 -0.5312016 -0.8723522 -0.44337 -0.2059721 -0.9967738 0 -0.08026169 -0.8723523 -0.44337 -0.2059721 -0.5489274 -0.6453708 -0.5312016 -0.2196526 -0.4560843 -0.8624036 -0.08544594 0 -0.9963428 -0.2196526 0.4560843 -0.8624036 -0.5446446 0.6475304 -0.5329791 -0.5446446 0.6475304 -0.5329791 -0.8710406 0.4454185 -0.2071006 -0.604582 -0.7948498 0.05190856 -0.06103867 -0.7990345 0.598179 -0.3902367 0 0.9207147 -0.928055 0 0.3724431 0.05495426 -0.7993174 -0.5983909 0.6046251 -0.7947156 -0.05343909 0.3879205 0 -0.9216928 0.9275268 0 -0.3737567 0.05800612 0.7991107 -0.598379 0.6046251 0.7947156 -0.05343909 0.9275268 0 -0.3737567 0.3879205 0 -0.9216928 -0.6046251 0.7947156 0.05343909 -0.06104798 0.7989656 0.5982702 0.3486088 0 0.9372684 0.4962043 -0.3662187 0.7871882 0.8027689 -0.3609408 0.4746409 0.9455989 0 0.3253347 0.8027689 0.3609408 0.4746409 0.496239 0.3660528 0.7872434 -0.8038502 0.3600579 -0.4734799 -0.5005357 0.3647196 -0.7851391 -0.3542169 0 -0.9351633 -0.5005357 -0.3647196 -0.7851391 -0.8038502 -0.3600579 -0.4734799 -0.9452757 0 -0.3262726 -0.8038502 -0.3600579 -0.4734799 -0.9452757 0 -0.3262726 0.3486088 0 0.9372684 0.4962043 -0.3662187 0.7871882 -0.5005357 -0.3647196 -0.7851392 0.8027689 -0.3609408 0.4746409 -0.354217 0 -0.9351634 0.9455989 0 0.3253347 -0.5005357 0.3647196 -0.7851392 -0.3542169 0 -0.9351633 0.945599 0 0.3253347 0.8027689 0.3609408 0.4746409 -0.8038502 0.3600579 -0.4734799 0.496239 0.3660528 0.7872434 -0.7146372 -0.6842879 -0.1450652 -0.3780425 -0.8543114 0.3567015 -0.7259126 0 0.6877869 -0.9917026 0 0.128554 -0.1465565 -0.685743 -0.712936 0.3649988 -0.8676324 -0.3376238 0.128165 0 -0.9917529 0.7233903 0 -0.6904393 0.3649988 -0.8676324 -0.3376238 -0.1465565 -0.685743 -0.712936 -0.146566 0.6856924 -0.7129827 0.3649988 0.8676325 -0.3376238 -0.7146371 0.6842879 -0.1450652 -0.378217 0.854801 0.355341 -0.7146372 0.6842879 -0.1450652 -0.146566 0.6856924 -0.7129827 0.128165 0 -0.9917529 -0.1465565 -0.685743 -0.712936 -0.7146372 -0.6842879 -0.1450652 -0.9917026 0 0.128554 0.2196526 -0.4560843 -0.8624036 0.5488719 0.6453055 -0.5313384 0.08544595 0 -0.9963429 0.2196526 0.4560843 -0.8624035 -0.5446445 0.6475304 -0.5329791 -0.2196526 -0.4560843 -0.8624036 -0.2196526 0.4560843 -0.8624035 -0.08544595 0 -0.9963429 0.6048586 -0.7948316 -0.04887746 0.05495426 -0.7993174 -0.5983909 0.3924387 0 -0.9197782 0.9301552 0 -0.3671665 -0.05535611 -0.8051624 0.5904652 -0.6047668 -0.7949018 0.04887005 -0.3898402 0 0.9208825 -0.9216354 0 0.388057 -0.05496265 0.7992486 0.5984822 -0.6047668 0.7949018 0.04887005 -0.9216354 0 0.388057 -0.3898402 0 0.9208825 0.605083 0.7953174 -0.0366717 0.05496265 0.7992486 -0.5984822 -0.343193 0 -0.939265 -0.5020381 -0.3658144 -0.7836693 -0.7986654 -0.3575464 -0.4840396 -0.9440012 0 -0.3299422 -0.807891 0.3618678 -0.4651493 -0.4974027 0.3671031 -0.786019 0.8032705 0.3597982 0.4746598 0.5020381 0.3658144 0.7836693 0.3551117 0 0.9348239 0.4972523 -0.3623272 0.7883269 0.8032705 -0.3597982 0.4746598 0.9405 0 0.3397936 0.8032705 -0.3597982 0.4746598 0.9405 0 0.3397936 -0.343193 0 -0.939265 -0.5020381 -0.3658144 -0.7836694 0.4972523 -0.3623272 0.7883269 -0.7986654 -0.3575464 -0.4840396 0.3551117 0 0.9348239 -0.9440012 0 -0.3299422 0.5020381 0.3658144 0.7836694 0.3551117 0 0.9348239 -0.9440012 0 -0.3299422 -0.807891 0.3618678 -0.4651493 0.8032705 0.3597982 0.4746598 -0.4974027 0.3671032 -0.786019 0.714478 -0.6841356 0.1465596 0.3784217 -0.8552636 -0.3540074 0.7282 0 -0.6853647 0.9924653 0 -0.1225266 0.1470358 -0.6879858 0.710673 -0.3646829 -0.8666916 0.3403707 -0.128554 0 0.9917025 -0.7282 0 0.6853647 -0.3646829 -0.8666916 0.3403707 0.1470358 -0.6879858 0.7106729 0.1470455 0.6879354 0.7107198 -0.3646829 0.8666916 0.3403707 0.714478 0.6841356 0.1465596 0.37836 0.8553149 -0.3539497 0.714478 0.6841356 0.1465596 0.1470455 0.6879354 0.7107197 -0.128554 0 0.9917025 0.1470358 -0.6879858 0.7106729 0.714478 -0.6841356 0.1465596 0.9924652 0 -0.1225266 -0.7310553 0 -0.6823183 -0.7282 0 -0.6853647 -0.7310553 0 -0.6823183 -0.7310553 0 -0.6823183 -0.7310553 0 -0.6823183 -0.7282 0 -0.6853647 -0.7310553 0 -0.6823183 -0.7310553 0 -0.6823183 -0.7282 0 -0.6853647 -0.7371541 0 -0.6757246 -0.7310553 0 -0.6823183 -0.7282 0 -0.6853647 0.2989602 -0.6783805 -0.6711353 0.2559217 -0.6594648 -0.7068312 0.456935 0 -0.8895001 0.5046269 0 -0.8633376 -0.2072347 -0.9586509 -0.1950444 -0.2317951 -0.9416675 -0.2439948 -0.4575403 -0.8838153 0.09760859 -0.4941631 -0.8685983 0.03660467 0.4268336 0.3607125 -0.8292766 0.4737464 0.3644203 -0.8017246 0.6282436 -0.6865696 -0.3659672 0.4323663 -0.6966958 -0.5724285 0.6401844 0 -0.7682213 0.8282834 0 -0.5603094 0.1281281 -0.9842219 0.1220267 -0.08539195 -0.9926814 -0.08539195 -0.1589718 -0.9116038 0.3790866 -0.3599037 -0.9123406 0.195202 0.5985866 0.3737349 -0.7085311 0.778542 0.3703481 -0.5066702 0.9963319 0 0.08557452 0.8709668 -0.4455711 0.207083 0.5473144 -0.6434745 0.5351519 0.361223 -0.6183648 0.6979563 0.9662545 0.2469147 0.07338642 0.5473144 -0.6434745 0.5351519 0.8709668 -0.4455711 0.207083 0.7282 0 0.6853647 0.361223 -0.6183648 0.6979563 0.9963319 0 0.08557452 0.9662544 0.2469147 0.07338641 -0.3973081 0.8357795 0.3789708 -0.3973081 0.8357795 0.3789708 -0.3973398 0.8357508 0.379001 -0.5197902 0.6634969 0.5381357 -0.5198231 0.6634434 0.5381699 -0.5198231 0.6634434 0.5381699 -0.5751145 0.6364881 0.5139321 -0.5751145 0.6364881 0.5139321 -0.5750445 0.6366018 0.5138696 -0.5204054 0.6994861 0.4897933 -0.520475 0.6993883 0.4898589 -0.5204576 0.6994128 0.4898425 -0.5204576 0.6994128 0.4898425 -0.5204054 0.6994861 0.4897933 -0.5204054 0.6994861 0.4897933 -0.5204576 0.6994128 0.4898425 -0.5204054 0.6994861 0.4897933 -0.5204054 0.6994861 0.4897933 -0.5204054 0.6994861 0.4897933 -0.5204054 0.6994861 0.4897933 -0.5204576 0.6994128 0.4898425 -0.4681154 0.7296255 0.4985125 -0.4681154 0.7296255 0.4985125 -0.4681478 0.729581 0.498547 -0.4876459 0.7547083 0.4388813 -0.4876459 0.7547083 0.4388813 -0.4876109 0.7547493 0.4388498 -0.5778935 0.6363482 0.5109795 -0.5778935 0.6363482 0.5109795 -0.5778935 0.6363482 0.5109795 -0.5009026 0.7524992 0.4275998 -0.5009026 0.7524992 0.4275998 -0.5009026 0.7524992 0.4275998 -0.6106076 0.5187303 0.5983955 -0.6106076 0.5187303 0.5983955 -0.6106076 0.5187303 0.5983955 -0.8282834 4.75806e-5 -0.5603094 -0.8282834 0 -0.5603094 -0.8282834 0 -0.5603094 -0.7282 0 -0.6853647 -0.7282 0 -0.6853647 -0.7282 4.78072e-5 -0.6853647 -0.7282 4.78072e-5 -0.6853647 -0.7282 9.56145e-5 -0.6853647 -0.7282 0 -0.6853647 -0.7122829 0.1665608 -0.6818435 -0.7122829 0.1665608 -0.6818435 -0.7122773 0.1666071 -0.6818381 -0.885712 0 0.4642353 -0.9097382 0 0.4151825 -0.8242196 -0.356971 0.4395838 -0.8221903 0.3589413 0.4417739 -0.5592589 -0.370433 0.7416259 -0.594043 0 0.8044333 -0.8007329 0 0.5990216 -0.742251 -0.3684638 0.5597303 0.06092583 -0.263885 0.9626281 0.0850565 0 0.9963762 -0.5592588 0.370433 0.7416259 0.06092583 0.263885 0.9626281 -0.742251 0.3684637 0.5597302 0.0850565 0 0.9963762 0.06092583 -0.263885 0.9626281 0.7282 0 0.6853647 0.06092583 0.263885 0.9626281 0.5568997 -0.6618443 -0.5018217 0.5603275 -0.66587 -0.4925956 0.5568997 -0.6618443 -0.5018217 0.5196556 0.6828122 -0.5135421 0.5196726 0.6827868 -0.5135588 0.5196726 0.6827868 -0.5135588 0.5452452 0.6710747 -0.5023608 0.5461074 0.6648099 -0.5097003 0.5451927 0.6711536 -0.5023124 0.5204576 -0.6994128 -0.4898425 0.520475 -0.6993883 -0.4898589 0.5205446 -0.6992905 -0.4899244 0.5205446 -0.6992905 -0.4899244 0.520475 -0.6993883 -0.4898589 0.5204576 -0.6994128 -0.4898425 -0.8503818 -0.3514899 0.3915427 0.5185004 -0.6752419 -0.5246004 0.5185004 -0.6752419 -0.5246004 0.5185171 -0.6752161 -0.5246173 0.5542828 -0.6564978 -0.5116457 0.5543175 -0.6564436 -0.5116776 0.5543175 -0.6564436 -0.5116776 -0.8503532 0.3515736 0.3915295 0.5204054 0.6994861 -0.4897933 0.5204054 0.6994861 -0.4897933 0.5204576 0.6994128 -0.4898425 0.5204576 0.6994128 -0.4898425 0.5204054 0.6994861 -0.4897933 0.5204054 0.6994861 -0.4897933 0.5488979 0.6697792 -0.5001069 0.5489154 0.669753 -0.5001229 0.5455569 0.6656552 -0.5091864 0.5749925 -0.6161385 -0.5382909 0.5749925 -0.6161385 -0.5382909 0.5749925 -0.6161385 -0.5382909 0.5961419 0.5240003 -0.608308 0.5961419 0.5240003 -0.608308 0.5961122 0.5240693 -0.6082777 -0.3972722 -0.1547547 -0.9045583 -0.3972752 -0.1547081 -0.904565 -0.3972722 -0.1547547 -0.9045583 -0.3715871 0.1643302 -0.9137388 -0.3715871 0.1643302 -0.9137388 -0.3715871 0.1643302 -0.9137388 -0.2014272 0.9598312 -0.1953234 -0.2317535 0.9416891 -0.243951 -0.4532058 0.8872728 0.08574163 0.0855388 0.893957 -0.4399139 0.1281281 0.9842219 0.1220267 -0.08539195 0.9926815 -0.08539195 -0.3545763 0.9143332 0.1956283 -0.1641246 0.9064845 0.3890361 0.3867026 0.9103623 -0.1473153 0.20165 0.9177366 -0.342194 0.5473144 0.6434745 0.5351519 0.361223 0.6183648 0.6979563 0.7282 0 0.6853647 0.7192563 0.611825 0.3291512 0.361223 0.6183648 0.6979563 0.5473144 0.6434745 0.5351519 0.7192563 0.611825 0.3291512 -0.4204738 -0.7801998 0.4631306 -0.4205051 -0.7801626 0.463165 -0.4155001 -0.7821179 0.4643825 0.4811098 -0.7205228 -0.4993798 0.4811758 -0.7204314 -0.4994483 0.4812088 -0.7203856 -0.4994825 0.494653 -0.7423611 -0.4519052 0.494653 -0.7423611 -0.4519052 0.494653 -0.7423611 -0.4519052 0.5204054 -0.6994861 -0.4897933 0.5159197 -0.7017122 -0.4913521 0.5204054 -0.6994861 -0.4897933 0.5204054 -0.6994861 -0.4897933 0.5204576 -0.6994128 -0.4898425 0.5204054 -0.6994861 -0.4897933 0.04266863 0.8787071 -0.4754505 -0.4941631 0.8685983 0.03660467 -0.5199075 -0.7461246 0.415926 -0.5198704 -0.7461669 0.4158963 -0.5153859 -0.7485367 0.4172172 -0.4262539 -0.7843833 0.4506113 -0.4285804 -0.7886645 0.4408256 -0.4262539 -0.7843833 0.4506113 -0.5204576 -0.6994128 0.4898425 -0.5204054 -0.6994861 0.4897933 -0.524988 -0.6970589 0.4883609 -0.524988 -0.6970589 0.4883609 -0.5159197 -0.7017122 0.4913521 -0.5204576 -0.6994128 0.4898425 0.5049244 -0.7364748 -0.4501736 0.5048537 -0.7365617 -0.4501105 0.5049244 -0.7364748 -0.4501736 -0.2989154 -0.9192412 0.2562132 -0.2989154 -0.9192412 0.2562132 -0.2989416 -0.9192264 0.2562357 0.2628145 -0.9151712 -0.3055982 0.2627915 -0.9151866 -0.3055715 0.2627915 -0.9151866 -0.3055715 -0.6825942 -0.129891 -0.7191617 -0.6825942 -0.129891 -0.7191617 -0.6826026 -0.1297973 -0.7191706 -0.7594033 -0.132819 -0.6369189 -0.7594033 -0.132819 -0.6369189 -0.7594033 -0.132819 -0.6369189 -0.6048586 -0.7948316 -0.04887746 -0.9301552 0 -0.3671665 -0.3969112 0 -0.9178571 -0.06149422 -0.8048056 -0.5903444 0.06103867 -0.7990345 0.598179 0.6047668 -0.7949018 0.04887005 0.3924387 0 0.9197781 0.9259347 0 0.3776839 0.06104798 0.7989656 0.5982702 0.3924387 0 0.9197781 0.9259347 0 0.3776839 0.6047668 0.7949018 0.04887005 -0.6047668 0.7949018 -0.04887005 -0.06149422 0.8048056 -0.5903444 0.8057494 0.3636636 -0.4674577 0.9446605 0 -0.3280493 0.8056931 -0.3638304 -0.467425 0.5068874 -0.3693478 -0.7788757 0.3484882 0 -0.9373132 0.5068874 0.3693478 -0.7788757 -0.7986113 -0.3577113 0.4840069 -0.5020381 -0.3658144 0.7836693 -0.352455 0 0.9358288 -0.502003 0.3659801 0.7836144 -0.7986654 0.3575464 0.4840396 -0.9443324 0 0.3289932 -0.7986113 -0.3577113 0.4840069 -0.9443323 0 0.3289932 0.3484882 0 -0.9373132 0.5068874 -0.3693478 -0.7788757 -0.5020381 -0.3658144 0.7836694 0.8056931 -0.3638304 -0.467425 -0.352455 0 0.9358288 0.9446605 0 -0.3280493 -0.502003 0.3659801 0.7836145 -0.352455 0 0.9358288 0.9446607 0 -0.3280493 0.8057494 0.3636636 -0.4674577 -0.7986654 0.3575464 0.4840396 0.5068874 0.3693478 -0.7788757 -0.714478 -0.6841356 0.1465596 -0.9924653 0 -0.1225266 -0.7249995 0 -0.6887495 -0.3784217 -0.8552636 -0.3540074 -0.1470358 -0.6879858 0.710673 0.3525788 -0.8668196 0.3525788 0.128554 0 0.9917025 -0.1470358 -0.6879858 0.7106729 0.3525788 -0.8668196 0.3525788 0.7249995 0 0.6887494 -0.1470455 0.6879354 0.7107198 0.3525208 0.8668669 0.3525208 -0.714478 0.6841356 0.1465596 -0.3784217 0.8552636 -0.3540074 -0.714478 -0.6841356 0.1465596 -0.1470358 -0.6879858 0.7106729 0.128554 0 0.9917025 -0.1470455 0.6879354 0.7107197 -0.714478 0.6841356 0.1465596 -0.9924652 0 -0.1225266 0.7221145 0 -0.6917736 0.7253063 0 -0.6884263 0.7314674 0 -0.6818764 0.7314674 0 -0.6818764 0.7371541 0 -0.6757246 0.7314674 0 -0.6818764 0.7221145 0 -0.6917736 0.7314674 0 -0.6818764 0.7314674 0 -0.6818764 0.7253063 0 -0.6884263 0.7221145 0 -0.6917736 0.7314674 0 -0.6818764 -0.2989602 -0.6783805 -0.6711353 -0.4993752 0 -0.8663859 -0.456935 0 -0.8895001 -0.2559217 -0.6594648 -0.7068312 0.2071969 -0.9586664 -0.1950088 0.2317743 -0.9416783 -0.2439729 0.4628577 -0.8823225 0.08526327 0.4941631 -0.8685983 0.03660467 -0.4737791 0.3642556 -0.80178 -0.4268336 0.3607125 -0.8292766 -0.6282436 -0.6865696 -0.3659672 -0.8301811 0 -0.5574938 -0.6437617 0 -0.7652261 -0.4294078 -0.6917397 -0.5806077 -0.1281281 -0.9842219 0.1220267 0.08539195 -0.9926814 -0.08539195 0.1589441 -0.911636 0.3790205 0.3598411 -0.9123726 0.1951681 -0.771221 0.3639768 -0.5222442 -0.5985012 0.3740633 -0.7084301 -0.8709668 -0.4455711 0.207083 -0.9963319 0 0.08557452 -0.5473144 -0.6434745 0.5351519 -0.361223 -0.6183648 0.6979563 -0.9662545 0.2469147 0.07338642 -0.5473144 -0.6434745 0.5351519 -0.361223 -0.6183648 0.6979563 -0.7282 0 0.6853647 -0.8709668 -0.4455711 0.207083 -0.9662544 0.2469147 0.07338641 -0.9963319 0 0.08557452 0.3973081 0.8357795 0.3789708 0.3973398 0.8357508 0.379001 0.3973081 0.8357795 0.3789708 0.5751145 0.6364881 0.5139321 0.5751145 0.6364881 0.5139321 0.5751145 0.6364881 0.5139321 0.5198231 0.6634434 0.5381699 0.5198231 0.6634434 0.5381699 0.5197902 0.6634969 0.5381357 0.520475 0.6993883 0.4898589 0.520475 0.6993883 0.4898589 0.5204576 0.6994128 0.4898425 0.5204576 0.6994128 0.4898425 0.520475 0.6993883 0.4898589 0.520475 0.6993883 0.4898589 0.5204576 0.6994128 0.4898425 0.5204054 0.6994861 0.4897933 0.5204054 0.6994861 0.4897933 0.5204054 0.6994861 0.4897933 0.5204054 0.6994861 0.4897933 0.5204576 0.6994128 0.4898425 0.4876109 0.7547493 0.4388498 0.4876459 0.7547083 0.4388813 0.4875058 0.7548722 0.4387552 0.4681478 0.729581 0.498547 0.4681154 0.7296255 0.4985125 0.4681154 0.7296255 0.4985125 0.5778935 0.6363482 0.5109795 0.5818889 0.6341679 0.5091527 0.5778935 0.6363482 0.5109795 0.5009026 0.7524992 0.4275998 0.5009026 0.7524992 0.4275998 0.503502 0.7564043 0.4175383 0.6106076 0.5187303 0.5983955 0.6106076 0.5187303 0.5983955 0.6106076 0.5187303 0.5983955 0.7282 0 -0.6853647 0.7282 0 -0.6853647 0.7282 0 -0.6853647 0.8282834 0 -0.5603094 0.8282834 0 -0.5603094 0.8282834 0 -0.5603094 0.7122829 0.1665608 -0.6818435 0.7122829 0.1665608 -0.6818435 0.7122829 0.1665608 -0.6818435 0.7282 0 -0.6853647 0.7282 0 -0.6853647 0.7282 0 -0.6853647 0.8919701 0 0.4520944 0.8261626 -0.3551816 0.4373802 0.9097382 0 0.4151825 0.8286741 0.3587085 0.4296829 0.5550599 -0.3716919 0.7441462 0.742251 -0.3684638 0.5597303 0.8029103 0 0.5961 0.586373 0 0.8100412 -0.0850565 0 0.9963762 -0.06092583 -0.263885 0.9626281 0.55506 0.3716919 0.7441463 -0.06092583 0.263885 0.9626281 0.742355 0.3681351 0.5598087 -0.0850565 0 0.9963762 -0.06092583 0.263885 0.9626281 -0.7282 0 0.6853647 -0.06092583 -0.263885 0.9626281 -0.5568997 -0.6618443 -0.5018217 -0.5568997 -0.6618443 -0.5018217 -0.552709 -0.6640185 -0.5035793 -0.5376434 0.6689994 -0.5132051 -0.5419655 0.6668003 -0.511518 -0.5452452 0.6710747 -0.5023608 -0.5196726 0.6827868 -0.5135588 -0.5196726 0.6827868 -0.5135588 -0.5153069 0.6847755 -0.5153069 -0.5204576 -0.6994128 -0.4898425 -0.5159197 -0.7017122 -0.4913521 -0.5159892 -0.7016147 -0.4914182 -0.5159892 -0.7016147 -0.4914182 -0.520475 -0.6993883 -0.4898589 -0.5204576 -0.6994128 -0.4898425 0.8503818 -0.3514899 0.3915427 -0.5543175 -0.6564436 -0.5116776 -0.5501109 -0.658605 -0.5134369 -0.5499725 -0.6588212 -0.5133077 -0.5140358 -0.6773493 -0.5262748 -0.5185004 -0.6752419 -0.5246004 -0.5185004 -0.6752419 -0.5246004 0.8503532 0.3515736 0.3915295 -0.5159197 0.7017122 -0.4913521 -0.5159197 0.7017122 -0.4913521 -0.5204576 0.6994128 -0.4898425 -0.5204576 0.6994128 -0.4898425 -0.5204054 0.6994861 -0.4897933 -0.5159197 0.7017122 -0.4913521 -0.5488979 0.6697792 -0.5001069 -0.5455569 0.6656552 -0.5091864 -0.5489154 0.669753 -0.5001229 -0.5749925 -0.6161385 -0.5382909 -0.5749925 -0.6161385 -0.5382909 -0.5749925 -0.6161385 -0.5382909 -0.5961419 0.5240003 -0.608308 -0.5961122 0.5240693 -0.6082777 -0.5961419 0.5240003 -0.608308 0.3715871 0.1643302 -0.9137388 0.3715871 0.1643302 -0.9137388 0.3715871 0.1643302 -0.9137388 0.3972722 -0.1547547 -0.9045583 0.3972752 -0.1547081 -0.904565 0.3972722 -0.1547547 -0.9045583 0.1954885 0.9610247 -0.1954885 0.4584968 0.885663 0.07335949 0.2317535 0.9416891 -0.243951 -0.0855388 0.893957 -0.4399139 -0.1281281 0.9842219 0.1220267 0.1588887 0.9117005 0.3788885 0.3599037 0.9123406 0.195202 0.08547468 0.993643 -0.073264 -0.3911715 0.9064941 -0.1589134 -0.20165 0.9177366 -0.342194 -0.5473144 0.6434745 0.5351519 -0.7192563 0.611825 0.3291512 -0.7282 0 0.6853647 -0.361223 0.6183648 0.6979563 -0.5473144 0.6434745 0.5351519 -0.361223 0.6183648 0.6979563 -0.7192563 0.611825 0.3291512 0.4204738 -0.7801998 0.4631306 0.4204113 -0.7802743 0.4630618 0.4204738 -0.7801998 0.4631306 -0.494653 -0.7423611 -0.4519052 -0.49184 -0.7383293 -0.4614795 -0.4946179 -0.742404 -0.4518732 -0.4811758 -0.7204314 -0.4994483 -0.4811758 -0.7204314 -0.4994483 -0.4811098 -0.7205228 -0.4993798 -0.5204054 -0.6994861 -0.4897933 -0.5204576 -0.6994128 -0.4898425 -0.5204054 -0.6994861 -0.4897933 -0.5204054 -0.6994861 -0.4897933 -0.5204054 -0.6994861 -0.4897933 -0.5204054 -0.6994861 -0.4897933 -0.04266863 0.8787071 -0.4754505 0.4941631 0.8685983 0.03660467 0.4262221 -0.7844199 0.4505776 0.4284511 -0.7888091 0.4406925 0.4239027 -0.7800566 0.4602372 0.5198704 -0.7461669 0.4158963 0.5198704 -0.7461669 0.4158963 0.5198704 -0.7461669 0.4158963 0.5204576 -0.6994128 0.4898425 0.5204054 -0.6994861 0.4897933 0.5204054 -0.6994861 0.4897933 0.5204054 -0.6994861 0.4897933 0.5204054 -0.6994861 0.4897933 0.5204576 -0.6994128 0.4898425 -0.5048891 -0.7365183 -0.4501421 -0.5020751 -0.7325078 -0.4597314 -0.5048537 -0.7365617 -0.4501105 0.2989154 -0.9192412 0.2562132 0.2989154 -0.9192412 0.2562132 0.2989154 -0.9192412 0.2562132 -0.2627915 -0.9151866 -0.3055715 -0.2627915 -0.9151866 -0.3055715 -0.2627915 -0.9151866 -0.3055715 0.6825942 -0.129891 -0.7191617 0.6826026 -0.1297973 -0.7191706 0.6825942 -0.129891 -0.7191617 0.7594033 -0.132819 -0.6369189 0.7594033 -0.132819 -0.6369189 0.7594033 -0.132819 -0.6369189 0 1 0</float_array>
          <technique_common>
            <accessor source="#geom-magic_carpet_lod0-normals-array" count="1358" stride="3">
              <param name="X" type="float"/>
              <param name="Y" type="float"/>
              <param name="Z" type="float"/>
            </accessor>
          </technique_common>
        </source>
        <source id="geom-magic_carpet_lod0-map1">
          <float_array id="geom-magic_carpet_lod0-map1-array" count="4074">0.7217234 0.6732442 0 0.6317999 0.5922509 0 0.7217234 0.5112576 0 0.3620294 0.6732442 0 0.4519529 0.5922509 0 0.5418764 0.6732442 0 0.3632165 0.3503403 0 0.5418764 0.3492711 0 0.4519529 0.4302644 0 0.6318001 0.4302643 0 0.5418764 0.5112576 0 0.7217234 0.6732442 0 0.6317999 0.5922509 0 0.7217234 0.5112576 0 0.3620294 0.6732442 0 0.3620294 0.5112576 0 0.451953 0.5922509 0 0.3620295 0.6732442 0 0.3620294 0.3492711 0 0.4519529 0.4302643 0 0.7217234 0.3492711 0 0.6317999 0.4302644 0 0.5418764 0.3492711 0 0.5418764 0.00466615 0 0.5418764 0.02529794 0 0.3620294 0.02529794 0 0.3620294 0.00466615 0 0.7217234 0.00466615 0 0.7217234 0.02529794 0 0.7423557 0.5112575 0 0.7217234 0.5112576 0 0.7217234 0.6732442 0 0.7423557 0.6732442 0 0.7423557 0.3492709 0 0.7217234 0.3492711 0 0.5418764 0.00466615 0 0.5418764 0.02529794 0 0.3620294 0.02529794 0 0.3620294 0.00466615 0 0.7217234 0.00466615 0 0.7217234 0.02529794 0 0.7217237 0.5112581 0 0.7423559 0.5112584 0 0.7423559 0.673245 0 0.7217237 0.6732447 0 0.7217237 0.3492715 0 0.7423559 0.3492717 0 0.6317986 0.5922505 0 0.5418751 0.5112573 0 0.7217221 0.5112573 0 0.3620282 0.6732439 0 0.3620281 0.5112573 0 0.4519517 0.5922506 0 0.4519517 0.4302639 0 0.3620281 0.3492708 0 0.6317987 0.4302639 0 0.5418751 0.3492707 0 0.7217234 0.6732442 0 0.6317999 0.5922509 0 0.7217234 0.5112576 0 0.3620294 0.5112576 0 0.4539433 0.5940436 0 0.365924 0.6732442 0 0.3620294 0.3492711 0 0.3620295 0.3492711 0 0.451953 0.4302643 0 0.7217234 0.3492711 0 0.6317999 0.4302644 0 0.5418764 0.3492711 0 0.1821824 0.02529794 0 0.1821824 0.00466615 0 0.3620294 0.00466615 0 0.3620293 0.02529794 0 0.3620294 0.02529794 0 0.0023354 0.02529794 0 0.0023354 0.00466615 0 0.1821824 0.02529794 0 0.1821824 0.00466615 0 0.3620294 0.00466615 0 0.3620294 0.02529794 0 0.0023354 0.02529794 0 0.0023354 0.00466615 0 0.7217251 0.3492711 0 0.6318017 0.4302644 0 0.7217251 0.5112576 0 0.3620311 0.3492711 0 0.3620311 0.5112576 0 0.4519546 0.4302644 0 0.3620311 0.6732442 0 0.5418781 0.6732442 0 0.4519546 0.5922509 0 0.6318016 0.5922509 0 0.5418781 0.5112576 0 0.6317996 0.4302646 0 0.5418761 0.5112579 0 0.7217231 0.511258 0 0.3620291 0.3492714 0 0.4519526 0.4302647 0 0.5418761 0.3492714 0 0.362029 0.6732446 0 0.541876 0.6732446 0 0.4519526 0.5922513 0 0.6317996 0.5922513 0 0.7423556 0.5112579 0 0.7217234 0.5112576 0 0.7217234 0.3492711 0 0.7423556 0.3492712 0 0.7217234 0.6732442 0 0.7423556 0.6732445 0 0.7423556 0.8352312 0 0.7217234 0.8352308 0 0.7217237 0.5112584 0 0.7423559 0.5112581 0 0.7423559 0.3492715 0 0.7217237 0.3492717 0 0.7217235 0.3492714 0 0.6318001 0.4302646 0 0.7217235 0.511258 0 0.3620295 0.3492714 0 0.451953 0.4302647 0 0.5418765 0.3492714 0 0.3620295 0.6732445 0 0.5418765 0.6732445 0 0.451953 0.5922512 0 0.7217235 0.6732445 0 0.6317999 0.5922512 0 0.6318002 0.4302644 0 0.5418767 0.5112577 0 0.7217237 0.5112576 0 0.366828 0.353593 0 0.4519532 0.4302644 0 0.5418767 0.3492712 0 0.3620296 0.6732442 0 0.4519531 0.5922509 0 0.3620296 0.5112577 0 0.6318002 0.5922509 0 0.5418767 0.6732442 0 0.7217237 0.8352312 0 0.7423559 0.8352317 0 0.7423559 0.9972178 0 0.7217237 0.9972183 0 0.7423559 0.6732451 0 0.7423559 0.1872851 0 0.7217237 0.1872849 0 0.7217237 0.02529842 0 0.7423559 0.02529842 0 0.5418752 0.9972171 0 0.5418752 0.8352305 0 0.6317987 0.9162237 0 0.3620282 0.9972171 0 0.3620282 0.8352305 0 0.4519517 0.9162238 0 0.4519517 0.7542372 0 0.6317987 0.7542372 0 0.5418752 0.6732439 0 0.09225756 0.106291 0 0.1821811 0.1872843 0 0.00233407 0.1872842 0 0.3620281 0.02529764 0 0.3620281 0.1872842 0 0.2721045 0.1062909 0 0.362028 0.02529764 0 0.3620281 0.3492708 0 0.1821811 0.3492708 0 0.2721046 0.2682775 0 0.00233409 0.3492708 0 0.09225758 0.2682775 0 0.7217234 0.9972174 0 0.6317999 0.916224 0 0.7217234 0.8352308 0 0.3620294 0.9972174 0 0.3620294 0.8352308 0 0.451953 0.9162241 0 0.3620295 0.9972174 0 0.451953 0.7542375 0 0.6317999 0.7542375 0 0.5418764 0.8352308 0 0.5418764 0.6732442 0 0.09225893 0.1062913 0 0.1821824 0.1872845 0 0.0023354 0.1872845 0 0.3620294 0.02529794 0 0.3620294 0.1872845 0 0.2721059 0.1062912 0 0.1821824 0.3492711 0 0.2721059 0.2682778 0 0.0023354 0.3492711 0 0.0922589 0.2682778 0 0.7217251 0.02529794 0 0.6318016 0.1062912 0 0.7217251 0.1872845 0 0.3620311 0.02529794 0 0.3620311 0.1872845 0 0.4519547 0.1062912 0 0.4519546 0.2682778 0 0.6318016 0.2682778 0 0.5418781 0.3492711 0 0.00233709 0.9972174 0 0.09226059 0.9162241 0 0.00233709 0.8352308 0 0.3620311 0.9972174 0 0.3620311 0.8352308 0 0.2721076 0.9162241 0 0.2721076 0.7542375 0 0.00233709 0.6732442 0 0.09226059 0.7542375 0 0.1821841 0.6732442 0 0.6317996 0.1062915 0 0.5418762 0.1872848 0 0.7217232 0.1872848 0 0.3620292 0.0252983 0 0.4519527 0.1062916 0 0.5418762 0.02529824 0 0.4519527 0.2682782 0 0.6317997 0.2682781 0 0.00233498 0.9972178 0 0.182182 0.9972178 0 0.0922585 0.9162245 0 0.362029 0.9972178 0 0.2721055 0.9162245 0 0.2721055 0.7542379 0 0.362029 0.8352312 0 0.09225854 0.7542379 0 0.182182 0.8352312 0 0.1821821 0.6732446 0 0.7423557 0.1872846 0 0.7217234 0.1872845 0 0.7217234 0.02529794 0 0.7423557 0.02529794 0 0.7423556 0.9972178 0 0.7217234 0.9972174 0 0.7217234 0.9972174 0 0.5418764 0.9972177 0 0.6317999 0.916224 0 0.7217234 0.9972174 0 0.3620294 0.8352308 0 0.5418764 0.8352308 0 0.451953 0.9162241 0 0.451953 0.7542375 0 0.6317999 0.7542375 0 0.0922589 0.1062912 0 0.1821824 0.1872845 0 0.0023354 0.1872845 0 0.3620294 0.02529794 0 0.3620294 0.1872845 0 0.2721059 0.1062912 0 0.1821824 0.3492711 0 0.2721058 0.2682779 0 0.09225891 0.2682778 0 0.7217234 0.9972174 0 0.6317999 0.9162241 0 0.7217234 0.8352308 0 0.3620294 0.9972174 0 0.3620294 0.8352308 0 0.4519529 0.9162241 0 0.451953 0.7542375 0 0.6317999 0.7542375 0 0.5418764 0.6732442 0 0.0922589 0.1062912 0 0.1821824 0.1872845 0 0.0023354 0.1872845 0 0.3620294 0.02529794 0 0.3620294 0.1872845 0 0.2721059 0.1062912 0 0.2721059 0.2682778 0 0.0922589 0.2682778 0 0.1821824 0.3492711 0 0.7423557 0.8352308 0 0.7217234 0.8352308 0 0.7423557 0.9972174 0 0.7423557 0.9972174 0 0.7217234 0.1872845 0 0.7423557 0.1872844 0 0.7423557 0.0252977 0 0.7217234 0.02529794 0 0.7217237 0.1872851 0 0.7423559 0.1872849 0 0.7423559 0.02529842 0 0.7217237 0.02529842 0 0.7423559 0.8352312 0 0.7217237 0.8352317 0 0.7423559 0.6732447 0 0.7217237 0.673245 0 0.5418766 0.02529824 0 0.5418766 0.1872848 0 0.6318001 0.1062916 0 0.3620296 0.02529824 0 0.3620295 0.1872848 0 0.4519531 0.1062915 0 0.451953 0.2682781 0 0.6318 0.2682781 0 0.09225893 0.9162242 0 0.1821824 0.835231 0 0.00233544 0.8352309 0 0.3620294 0.9972174 0 0.3620294 0.8352311 0 0.2721059 0.9162243 0 0.2721059 0.7542378 0 0.00233546 0.6732444 0 0.09225895 0.7542377 0 0.7217237 0.02529794 0 0.632656 0.1055204 0 0.7217237 0.1872845 0 0.3620297 0.02529806 0 0.3620297 0.1872846 0 0.4519532 0.1062912 0 0.4519532 0.2682779 0 0.6318002 0.2682778 0 0.5418767 0.1872845 0 0.00233546 0.9972174 0 0.09225899 0.9162241 0 0.0023355 0.8352308 0 0.3620296 0.9972174 0 0.3620296 0.8352308 0 0.2721061 0.9162241 0 0.2721061 0.7542375 0 0.00233554 0.6732443 0 0.09225903 0.7542375 0 0.1821826 0.6732442 0 0.0023354 0.6732442 0 0.0922589 0.5922509 0 0.1821824 0.6732442 0 0.0023354 0.3492711 0 0.0922589 0.4302644 0 0.0023354 0.5112576 0 0.272106 0.4302644 0 0.3620294 0.5112576 0 0.2721059 0.5922509 0 0.1821824 0.00466615 0 0.1821824 0.02529794 0 0.0023354 0.02529794 0 0.0023354 0.00466615 0 0.0023354 0.6732442 0 0.0922589 0.5922509 0 0.1821824 0.6732442 0 0.1821824 0.5112576 0 0.0922589 0.4302644 0 0.2721059 0.4302644 0 0.273742 0.5937245 0 0.5418764 0.02529794 0 0.5418764 0.00466615 0 0.5452679 0.00466615 0 0.7217234 0.00466615 0 0.7217234 0.02529794 0 0.00233709 0.3492711 0 0.09226058 0.4302644 0 0.1821841 0.3492711 0 0.09226059 0.5922509 0 0.00233709 0.5112576 0 0.2721076 0.5922509 0 0.2721076 0.4302644 0 0.1821841 0.5112576 0 0.00233558 0.5112578 0 0.09392055 0.428768 0 0.00711917 0.3499802 0 0.09225907 0.5922509 0 0.2721061 0.5922509 0 0.2721061 0.4302644 0 0.0023354 0.9972174 0 0.0922589 0.9162241 0 0.1821824 0.9972174 0 0.09225888 0.7542375 0 0.0023354 0.6732442 0 0.2721059 0.7542375 0 0.2721059 0.9162241 0 0.1821824 0.8352308 0 0.6317999 0.1062912 0 0.5418764 0.1872845 0 0.5418764 0.02529794 0 0.6317999 0.2682778 0 0.4519529 0.2682778 0 0.4519529 0.1062912 0 0.00233709 0.02529794 0 0.09226059 0.1062912 0 0.1821841 0.02529794 0 0.09226059 0.2682778 0 0.2721076 0.2682778 0 0.2721076 0.1062912 0 0.1821841 0.1872845 0 0.6318016 0.9162241 0 0.5418781 0.8352308 0 0.5418781 0.9972174 0 0.7217251 0.6732442 0 0.6318016 0.7542375 0 0.4519546 0.7542375 0 0.3620311 0.9972174 0 0.4519546 0.9162241 0 0.09225891 0.9162241 0 0.1821824 0.8352308 0 0.1821824 0.9972174 0 0.0922589 0.7542375 0 0.2721059 0.7542375 0 0.2721059 0.9162241 0 0.7217234 0.02529794 0 0.6317999 0.1062912 0 0.5418764 0.02529794 0 0.7217234 0.3492711 0 0.6318 0.2682778 0 0.4519529 0.2682778 0 0.4519529 0.1062912 0 0.0023357 0.02529818 0 0.00233566 0.1872847 0 0.09225918 0.1062914 0 0.1821826 0.3492712 0 0.09380622 0.2696714 0 0.2721061 0.2682779 0 0.2721062 0.1062914 0 0.1797411 0.1850856 0 0.6318002 0.9162241 0 0.5418767 0.8352308 0 0.5418766 0.9972174 0 0.7217237 0.6732442 0 0.6318002 0.7542375 0 0.4519531 0.7542375 0 0.3620297 0.9972174 0 0.4519532 0.9162241 0 0.0922589 0.5922509 0 0.1821824 0.5112577 0 0.1821824 0.6732442 0 0.09065666 0.4317075 0 0.0023354 0.5112576 0 0.0023354 0.3521068 0 0.2721059 0.4302644 0 0.2721059 0.5922509 0 0.1821824 0.00466615 0 0.1821824 0.02529794 0 0.0023354 0.02529794 0 0.0023354 0.00466615 0 0.00233413 0.6732439 0 0.09225761 0.5922507 0 0.1821811 0.6732439 0 0.1821811 0.5112574 0 0.09225761 0.4302641 0 0.2721046 0.430264 0 0.2721046 0.5922506 0 0.5418764 0.02529794 0 0.5418764 0.00466615 0 0.7217234 0.00466615 0 0.7217234 0.02529794 0 0.09225862 0.4302648 0 0.1821821 0.5112581 0 0.1821821 0.3492715 0 0.00233506 0.6732447 0 0.09225855 0.5922513 0 0.2721055 0.5922513 0 0.2721056 0.4302648 0 0.3620291 0.511258 0 0.0023355 0.3492713 0 0.09225899 0.4302646 0 0.1821825 0.3492713 0 0.09225897 0.5922512 0 0.00233548 0.5112579 0 0.3620295 0.5112579 0 0.272106 0.5922512 0 0.272106 0.4302646 0 0.00233417 0.9972171 0 0.09225767 0.9162238 0 0.1821812 0.9972171 0 0.09225766 0.7542372 0 0.2721047 0.7542372 0 0.2721047 0.9162238 0 0.7217221 0.02529758 0 0.6317986 0.1062909 0 0.5418751 0.02529764 0 0.7217221 0.3492707 0 0.6317986 0.2682774 0 0.3620281 0.3492707 0 0.4519516 0.2682775 0 0.5418751 0.1872842 0 0.4519516 0.1062909 0 0.5418751 0.1872842 0 0.00233522 0.02529842 0 0.09225872 0.1062917 0 0.1821822 0.02529836 0 0.00233514 0.3492715 0 0.09225861 0.2682782 0 0.00233514 0.3492715 0 0.2721057 0.2682782 0 0.2721056 0.1062917 0 0.1821822 0.1872849 0 0.3620292 0.1872849 0 0.6317995 0.9162245 0 0.541876 0.8352312 0 0.541876 0.9972178 0 0.721723 0.6732446 0 0.6317996 0.7542379 0 0.721723 0.6732447 0 0.4519525 0.7542379 0 0.4519525 0.9162245 0 0.0922589 0.9162241 0 0.1821824 0.9972174 0 0.0023354 0.6732442 0 0.09225891 0.7542375 0 0.272106 0.7542375 0 0.2721059 0.9162241 0 0.1821824 0.8352308 0 0.6317999 0.1062912 0 0.5418764 0.1872845 0 0.5418764 0.02529794 0 0.6317999 0.2682778 0 0.7217234 0.1872845 0 0.4519529 0.2682778 0 0.4519529 0.1062912 0 0.00233554 0.02529818 0 0.00233552 0.1872847 0 0.09225904 0.1062915 0 0.09225902 0.268278 0 0.272106 0.2682781 0 0.2721061 0.1062915 0 0.1821825 0.1872847 0 0.6317999 0.9162244 0 0.5418764 0.8352311 0 0.5418764 0.9972177 0 0.6317999 0.7542378 0 0.451953 0.7542378 0 0.4519529 0.9162244 0 0.5418764 0.5112576 0 0.5418764 0.5112576 0 0.5418765 0.5112579 0 0.7217222 0.8352304 0 0.1821811 0.0252977 0 0.5418764 0.9972177 0 0.1821824 0.02529794 0 0.5418781 0.02529794 0 0.5418781 0.1872845 0 0.1821841 0.8352308 0 0.00233502 0.8352312 0 0.7217234 0.8352308 0 0.1821824 0.02529794 0 0.5418764 0.9972177 0 0.5418764 0.8352308 0 0.1821824 0.02529794 0 0.7217236 0.1872848 0 0.1821824 0.9972175 0 0.5452682 0.025298 0 0.1821825 0.9972174 0 0.1821825 0.8352308 0 0.1821824 0.5112577 0 0.1886099 0.6732442 0 0.1821826 0.5112577 0 0.7217234 0.1872845 0 0.00233709 0.1872845 0 0.7217251 0.8352308 0 0.0023354 0.8352308 0 0.7217234 0.1872845 0 0.5418764 0.1872845 0 0.1821827 0.02529812 0 0.7217237 0.8352308 0 0.0023351 0.5112581 0 0.1821825 0.5112579 0 0.1821812 0.8352305 0 0.7217221 0.1872841 0 0.00233518 0.1872849 0 0.721723 0.8352312 0 0.0023354 0.8352308 0 0.1821826 0.02529818 0 0.7217234 0.8352311 0 0.7217231 0.3492714 0 0.7217232 0.02529818 0 0.0023354 0.8352308 0 0.0023354 0.5112576 0 0.0023354 0.349271 0 0.00233506 0.6732447 0 0.0023354 0.02529794 0 0.7217234 0.02529794 0 0.721723 0.9972178 0 0.7217234 0.02529794 0 0.7217237 0.3492711 0 0.5418767 0.025298 0 0.0023354 0.02529794 0 0.7217237 0.9972183 0 0.0023354 0.02529794 0 0.7217236 0.0252983 0 0.1821825 0.6732445 0 0.1821841 0.9972174 0 0.3620294 0.9972174 0 0.0023354 0.9972174 0 0.00233542 0.9972175 0 0.00233415 0.8352305 0 0.00233411 0.5112574 0 0.7217222 0.6732438 0 0.7217222 0.997217 0 0.7217234 0.9972174 0 0.00233405 0.0252977 0 0.7217251 0.9972174 0 0.8272985 0.2640496 0 0.8272985 0.317472 0 0.7637178 0.317472 0 0.7637178 0.2640496 0 0.8272985 0.2106243 0 0.7637178 0.2106243 0 0.8272985 0.1568711 0 0.7637178 0.1568711 0 0.8272985 0.103189 0 0.7637178 0.1031891 0 0.8272985 0.05134463 0 0.7637178 0.05134463 0 0.8272985 0.01060539 0 0.7637178 0.01060539 0 0.8272985 0.3660291 0 0.8272985 0.4284112 0 0.7637178 0.4284112 0 0.7637178 0.3660291 0 0.9576291 0.2640496 0 0.9576291 0.317472 0 0.8922946 0.317472 0 0.8922946 0.2640496 0 0.9576291 0.2106243 0 0.8922946 0.2106243 0 0.9576291 0.1568711 0 0.8922946 0.1568711 0 0.9576291 0.103189 0 0.8922946 0.103189 0 0.9576291 0.05134463 0 0.8922946 0.05134463 0 0.9576291 0.01060539 0 0.8922946 0.01060539 0 0.9576291 0.3660291 0 0.9576291 0.4284112 0 0.8922946 0.4284112 0 0.8922946 0.3660291 0 0.8779547 0.5103437 0 0.9706399 0.5487353 0 0.9322488 0.5646371 0 0.8938568 0.5487353 0 0.9908471 0.2640496 0 0.9908471 0.317472 0 0.9908471 0.2106243 0 0.9908471 0.1568711 0 0.9908471 0.103189 0 0.9908471 0.05134463 0 0.9908471 0.01060539 0 0.9908471 0.3660291 0 0.9908471 0.4284112 0 0.80022 0.5954219 0 0.80022 0.6656442 0 0.7822455 0.6656442 0 0.782245 0.5954219 0 0.80022 0.5267261 0 0.782245 0.5267261 0 0.80022 0.4656302 0 0.7822455 0.4656302 0 0.8002207 0.8092837 0 0.80022 0.8740603 0 0.7822455 0.8740603 0 0.7822455 0.8092837 0 0.8002207 0.7374832 0 0.7822455 0.7374832 0 0.9017045 0.7218471 0 0.9317954 0.7044737 0 0.9618868 0.7218471 0 0.9618868 0.7565929 0 0.9317955 0.7739661 0 0.9017045 0.7565929 0 0.8945892 0.8657266 0 0.8945892 0.8238312 0 0.9308721 0.8028829 0 0.9671554 0.8238312 0 0.9671554 0.8657266 0 0.9308721 0.8866747 0 0.8144549 0.5947819 0 0.8144549 0.6649762 0 0.768011 0.6649762 0 0.7680105 0.5947826 0 0.8144549 0.5267122 0 0.7680105 0.5267114 0 0.8144549 0.4662544 0 0.768011 0.4662538 0 0.8144553 0.8099645 0 0.8144549 0.8746844 0 0.768011 0.8746844 0 0.768011 0.8099645 0 0.8144553 0.7374997 0 0.768011 0.7374997 0 0.8537324 0.5296015 0 0.8537324 0.59983 0 0.8345738 0.59983 0 0.8345738 0.5296015 0 0.8537324 0.4627835 0 0.8345738 0.4627827 0 0.8537324 0.8105149 0 0.8537324 0.8739231 0 0.8345738 0.8739226 0 0.8345738 0.8105149 0 0.8537332 0.7402866 0 0.8345742 0.7402866 0 0.8537332 0.6700584 0 0.8345742 0.6700584 0 0.9047199 0.6500142 0 0.9047199 0.6166783 0 0.9335891 0.600011 0 0.9624585 0.6166783 0 0.9624585 0.6500142 0 0.9335891 0.6666813 0 0.8272985 0.1571636 0 0.7637178 0.1571636 0 0.7637178 0.103501 0 0.8272985 0.103501 0 0.8272985 0.2112139 0 0.7637178 0.2112139 0 0.8272985 0.2648014 0 0.7637178 0.2648014 0 0.8272985 0.3169365 0 0.7637178 0.3169365 0 0.8272985 0.3655392 0 0.7637178 0.3655392 0 0.8272985 0.4281889 0 0.7637178 0.4281889 0 0.8272985 0.05131084 0 0.7637178 0.05131084 0 0.7637178 0.01028174 0 0.8272985 0.01028174 0 0.9576291 0.1571636 0 0.8922946 0.1571636 0 0.8922946 0.103501 0 0.9576291 0.103501 0 0.9576291 0.2112139 0 0.8922946 0.2112139 0 0.9576291 0.2648014 0 0.8922946 0.2648014 0 0.9576291 0.3169365 0 0.8922946 0.3169365 0 0.9576291 0.3655391 0 0.8922946 0.3655392 0 0.9576291 0.4281888 0 0.8922946 0.4281889 0 0.9576291 0.05131084 0 0.8922946 0.05131084 0 0.8922946 0.01028174 0 0.9576291 0.01028174 0 0.9322488 0.5646371 0 0.9706399 0.5487353 0 0.8779547 0.5103437 0 0.8938568 0.5487353 0 0.9908471 0.103501 0 0.9908471 0.1571636 0 0.9908471 0.2112139 0 0.9908471 0.2648014 0 0.9908471 0.3169365 0 0.9908471 0.3655391 0 0.9908471 0.4281888 0 0.9908471 0.01028174 0 0.9908471 0.05131084 0 0.80022 0.5954219 0 0.782245 0.5954219 0 0.7822455 0.6656442 0 0.80022 0.6656442 0 0.80022 0.5267261 0 0.782245 0.5267261 0 0.80022 0.4656302 0 0.7822455 0.4656302 0 0.8002207 0.8092837 0 0.7822455 0.8092837 0 0.7822455 0.8740603 0 0.80022 0.8740603 0 0.8002207 0.7374832 0 0.7822455 0.7374832 0 0.9317955 0.7739661 0 0.9618868 0.7565929 0 0.9618868 0.7218471 0 0.9317954 0.7044737 0 0.9017045 0.7218471 0 0.9017045 0.7565929 0 0.9671554 0.8657266 0 0.9671554 0.8238312 0 0.9308721 0.8028829 0 0.8945892 0.8238312 0 0.8945892 0.8657266 0 0.9308721 0.8866747 0 0.8144549 0.5947819 0 0.8144549 0.6649762 0 0.768011 0.6649762 0 0.7680105 0.5947826 0 0.8144549 0.5267122 0 0.7680105 0.5267114 0 0.8144549 0.4662544 0 0.768011 0.4662538 0 0.8144553 0.8099645 0 0.8144549 0.8746844 0 0.768011 0.8746844 0 0.768011 0.8099645 0 0.8144553 0.7374997 0 0.768011 0.7374997 0 0.8537324 0.5296015 0 0.8345738 0.5296015 0 0.8345738 0.59983 0 0.8537324 0.59983 0 0.8537324 0.4627835 0 0.8345738 0.4627827 0 0.8537324 0.8105149 0 0.8345738 0.8105149 0 0.8345738 0.8739226 0 0.8537324 0.8739231 0 0.8537332 0.7402866 0 0.8345742 0.7402866 0 0.8537332 0.6700584 0 0.8345742 0.6700584 0 0.9624585 0.6500142 0 0.9624585 0.6166783 0 0.9335891 0.600011 0 0.9047199 0.6166783 0 0.9047199 0.6500142 0 0.9335891 0.6666813 0 0.8938568 0.4719521 0 0.9865422 0.5103437 0 0.9322488 0.4560493 0 0.9706399 0.4719521 0 0.9865422 0.5103437 0 0.8938568 0.4719521 0 0.9706399 0.4719521 0 0.9322488 0.4560493 0 0.80022 0.5954219 0 0.782245 0.5954219 0 0.7822455 0.6656442 0 0.80022 0.6656442 0 0.80022 0.5267261 0 0.782245 0.5267261 0 0.80022 0.4656302 0 0.7822455 0.4656302 0 0.8002207 0.8092837 0 0.7822455 0.8092837 0 0.7822455 0.8740603 0 0.80022 0.8740603 0 0.8002207 0.7374832 0 0.7822455 0.7374832 0 0.9317955 0.7739661 0 0.9618868 0.7565929 0 0.9618868 0.7218471 0 0.9317954 0.7044737 0 0.9017045 0.7218471 0 0.9017045 0.7565929 0 0.9671554 0.8657266 0 0.9671554 0.8238312 0 0.9308721 0.8028829 0 0.8945892 0.8238312 0 0.8945892 0.8657266 0 0.9308721 0.8866747 0 0.8144549 0.5947819 0 0.8144549 0.6649762 0 0.768011 0.6649762 0 0.7680105 0.5947826 0 0.8144549 0.5267122 0 0.7680105 0.5267114 0 0.8144549 0.4662544 0 0.768011 0.4662538 0 0.8144553 0.8099645 0 0.8144549 0.8746844 0 0.768011 0.8746844 0 0.768011 0.8099645 0 0.8144553 0.7374997 0 0.768011 0.7374997 0 0.8537324 0.5296015 0 0.8345738 0.5296015 0 0.8345738 0.59983 0 0.8537324 0.59983 0 0.8537324 0.4627835 0 0.8345738 0.4627827 0 0.8537324 0.8105149 0 0.8345738 0.8105149 0 0.8345738 0.8739226 0 0.8537324 0.8739231 0 0.8537332 0.7402866 0 0.8345742 0.7402866 0 0.8537332 0.6700584 0 0.8345742 0.6700584 0 0.9624585 0.6500142 0 0.9624585 0.6166783 0 0.9335891 0.600011 0 0.9047199 0.6166783 0 0.9047199 0.6500142 0 0.9335891 0.6666813 0 0.8345738 0.4627827 0 0.8345738 0.8105149 0 0.8345742 0.7402866 0 0.8345742 0.7402866 0 0.8345742 0.6700584 0 0.8345738 0.59983 0 0.8345738 0.4627827 0 0.8345742 0.7402866 0 0.8345738 0.59983 0 0.8345738 0.5296015 0 0.8345738 0.4627827 0 0.8345738 0.59983 0 0.8272985 0.3117368 0 0.7637178 0.3117368 0 0.7637178 0.2858483 0 0.8272985 0.2858483 0 0.8272985 0.338834 0 0.7637178 0.338834 0 0.8272985 0.3621871 0 0.7637178 0.3621871 0 0.7637178 0.2043231 0 0.8272985 0.2043231 0 0.9576291 0.3117368 0 0.8922946 0.3117368 0 0.8922946 0.2858483 0 0.9576291 0.2858483 0 0.9576291 0.338834 0 0.8922946 0.338834 0 0.9576291 0.3621871 0 0.8922946 0.3621871 0 0.8922946 0.2043231 0 0.9576291 0.2043231 0 0.9908471 0.2858483 0 0.9908471 0.3117368 0 0.9908471 0.338834 0 0.9908471 0.3621871 0 0.9908471 0.2043231 0 0.8779547 0.5103437 0 0.8938568 0.5487353 0 0.9322484 0.5103437 0 0.8938568 0.4719521 0 0.9322488 0.5646371 0 0.9706399 0.5487353 0 0.7637178 0.3951634 0 0.8272985 0.3951634 0 0.7637178 0.4273965 0 0.8922946 0.3621871 0 0.9908471 0.3951634 0 0.8272985 0.3951634 0 0.8272985 0.3951634 0 0.8272985 0.3621871 0 0.8922946 0.3621871 0 0.9576291 0.3621871 0 0.9908471 0.3621871 0 0.9908471 0.3951634 0 0.9908471 0.3951634 0 0.8922946 0.3621871 0 0.9576291 0.3621871 0 0.9908471 0.3951634 0 0.9908471 0.4273965 0 0.9576291 0.4273965 0 0.9576291 0.4273965 0 0.8922946 0.4273965 0 0.9908471 0.3951634 0 0.8272985 0.3951634 0 0.9908471 0.3951634 0 0.8922946 0.4273965 0 0.8922946 0.4273965 0 0.8272985 0.4273965 0 0.8272985 0.3951634 0 0.8272985 0.3951634 0 0.7637178 0.3621871 0 0.8272985 0.3621871 0 0.8272985 0.3951634 0 0.8272985 0.4273965 0 0.7637178 0.4273965 0 0.8272985 0.3951634 0 0.7637178 0.3951634 0 0.7637178 0.3621871 0 0.9117294 0.6330437 0 0.9333875 0.6337257 0 0.9318617 0.6545232 0 0.9318617 0.6545232 0 0.9174955 0.6478137 0 0.9117294 0.6330437 0 0.9117294 0.6330437 0 0.9178692 0.6187456 0 0.9340105 0.6138602 0 0.9340105 0.6138602 0 0.9333875 0.6337257 0 0.9117294 0.6330437 0 0.8272985 0.1834733 0 0.7637178 0.1834733 0 0.8272985 0.1629201 0 0.8272985 0.2046859 0 0.9576291 0.1629201 0 0.9576291 0.1834733 0 0.8922946 0.1834733 0 0.8922946 0.1629201 0 0.9908471 0.1629201 0 0.9908471 0.1834733 0 0.9576291 0.2046859 0 0.9908471 0.2046859 0 0.8922946 0.2046859 0 0.9322488 0.4560493 0 0.8938568 0.4719521 0 0.9322484 0.5103437 0 0.9706399 0.4719521 0 0.8272985 0.1374386 0 0.8272985 0.1629201 0 0.7637178 0.1629201 0 0.8922946 0.1090681 0 0.9908471 0.1374386 0 0.8272985 0.1374386 0 0.8272985 0.1374386 0 0.8272985 0.1090681 0 0.8922946 0.1090681 0 0.9908471 0.1374386 0 0.9908471 0.1629201 0 0.9576291 0.1629201 0 0.9576291 0.1629201 0 0.8922946 0.1629201 0 0.9908471 0.1374386 0 0.7637178 0.1629201 0 0.8272985 0.1374386 0 0.9908471 0.1374386 0 0.8922946 0.1629201 0 0.8922946 0.1629201 0 0.8272985 0.1629201 0 0.8272985 0.1374386 0 0.7637178 0.2046859 0 0.9576291 0.1090681 0 0.9908471 0.1090681 0 0.9908471 0.1374386 0 0.9908471 0.1374386 0 0.8922946 0.1090681 0 0.9576291 0.1090681 0 0.8272985 0.1374386 0 0.7637178 0.1090681 0 0.8272985 0.1090681 0 0.7637178 0.1629201 0 0.7637178 0.1374386 0 0.8272985 0.1374386 0 0.8272985 0.1374386 0 0.7637178 0.1374386 0 0.7637178 0.1090681 0 0.949439 0.6196543 0 0.9567593 0.6335355 0 0.9338549 0.6339481 0 0.9338549 0.6339481 0 0.93485 0.6138719 0 0.949439 0.6196543 0 0.8272985 0.08223033 0 0.7637178 0.08223033 0 0.8272985 0.06008226 0 0.8272985 0.108501 0 0.9576291 0.08223033 0 0.8922946 0.08223033 0 0.8922946 0.06008226 0 0.9576291 0.06008226 0 0.9576291 0.108501 0 0.8922946 0.108501 0 0.9865422 0.5103437 0 0.9706399 0.4719521 0 0.9322484 0.5103437 0 0.9706399 0.5487353 0 0.9908471 0.06008226 0 0.9908471 0.08223033 0 0.9908471 0.108501 0 0.7637178 0.06008226 0 0.8272985 0.03152734 0 0.8272985 0.06008226 0 0.8922946 0.01069415 0 0.9908471 0.03152734 0 0.8272985 0.03152734 0 0.8272985 0.03152734 0 0.8272985 0.01069415 0 0.8922946 0.01069415 0 0.8922946 0.01069415 0 0.9576291 0.01069415 0 0.9908471 0.01069415 0 0.9908471 0.01069415 0 0.9908471 0.03152734 0 0.8922946 0.01069415 0 0.7637178 0.108501 0 0.7637178 0.06008226 0 0.8272985 0.03152734 0 0.9908471 0.03152734 0 0.8922946 0.06008226 0 0.8922946 0.06008226 0 0.8272985 0.06008226 0 0.8272985 0.03152734 0 0.9908471 0.03152734 0 0.9908471 0.06008226 0 0.9576291 0.06008226 0 0.9576291 0.06008226 0 0.8922946 0.06008226 0 0.9908471 0.03152734 0 0.8272985 0.03152734 0 0.7637178 0.01069415 0 0.8272985 0.01069415 0 0.7637178 0.06008226 0 0.7637178 0.03152734 0 0.8272985 0.03152734 0 0.8272985 0.03152734 0 0.7637178 0.03152734 0 0.7637178 0.01069415 0 0.9565935 0.6336281 0 0.9501118 0.6496869 0 0.933857 0.6343308 0 0.933857 0.6343308 0 0.9501118 0.6496869 0 0.9321465 0.6545165 0 0.80022 0.5954219 0 0.80022 0.6656442 0 0.7822455 0.6656442 0 0.782245 0.5954219 0 0.80022 0.5267261 0 0.782245 0.5267261 0 0.80022 0.4656302 0 0.7822455 0.4656302 0 0.8002207 0.8092837 0 0.80022 0.8740603 0 0.7822455 0.8740603 0 0.7822455 0.8092837 0 0.8002207 0.7374832 0 0.7822455 0.7374832 0 0.9017045 0.7218471 0 0.9317954 0.7044737 0 0.9618868 0.7218471 0 0.9618868 0.7565929 0 0.9317955 0.7739661 0 0.9017045 0.7565929 0 0.8945892 0.8657266 0 0.8945892 0.8238312 0 0.9308721 0.8028829 0 0.9671554 0.8238312 0 0.9671554 0.8657266 0 0.9308721 0.8866747 0 0.8144549 0.5947819 0 0.8144549 0.6649762 0 0.768011 0.6649762 0 0.7680105 0.5947826 0 0.8144549 0.5267122 0 0.7680105 0.5267114 0 0.8144549 0.4662544 0 0.768011 0.4662538 0 0.8144553 0.8099645 0 0.8144549 0.8746844 0 0.768011 0.8746844 0 0.768011 0.8099645 0 0.8144553 0.7374997 0 0.768011 0.7374997 0 0.8537324 0.5296015 0 0.8537324 0.59983 0 0.8345738 0.59983 0 0.8345738 0.5296015 0 0.8537324 0.4627835 0 0.8345738 0.4627827 0 0.8537324 0.8105149 0 0.8537324 0.8739231 0 0.8345738 0.8739226 0 0.8345738 0.8105149 0 0.8537332 0.7402866 0 0.8345742 0.7402866 0 0.8537332 0.6700584 0 0.8345742 0.6700584 0 0.9047199 0.6500142 0 0.9047199 0.6166783 0 0.9335891 0.600011 0 0.9624585 0.6166783 0 0.9624585 0.6500142 0 0.9335891 0.6666813 0 0.8345738 0.59983 0 0.8345742 0.6700584 0 0.8345742 0.7402866 0 0.8345742 0.7402866 0 0.8345738 0.8105149 0 0.8345738 0.4627827 0 0.8345738 0.59983 0 0.8345742 0.7402866 0 0.8345738 0.4627827 0 0.8345738 0.5296015 0 0.8345738 0.59983 0 0.8345738 0.4627827 0 0.8272985 0.1194301 0 0.8272985 0.1349885 0 0.7637178 0.1349885 0 0.7637178 0.1194301 0 0.8272985 0.1002522 0 0.7637178 0.1002522 0 0.8272985 0.07207096 0 0.7637178 0.07207096 0 0.8272985 0.1559439 0 0.7637178 0.155944 0 0.9576291 0.1194301 0 0.9576291 0.1349885 0 0.8922946 0.1349885 0 0.8922946 0.1194301 0 0.9576291 0.1002522 0 0.8922946 0.1002522 0 0.9576291 0.07207096 0 0.8922946 0.07207096 0 0.9576291 0.1559439 0 0.8922946 0.1559439 0 0.9908471 0.1194301 0 0.9908471 0.1349885 0 0.9908471 0.1002522 0 0.9908471 0.07207096 0 0.9908471 0.1559439 0 0.8779547 0.5103437 0 0.8938568 0.4719521 0 0.9322484 0.5103437 0 0.8938568 0.5487353 0 0.9706399 0.5487353 0 0.9322488 0.5646371 0 0.7637178 0.04578608 0 0.7637178 0.01006633 0 0.8272985 0.04578608 0 0.8922946 0.07207096 0 0.8272985 0.07207096 0 0.8272985 0.04578608 0 0.8272985 0.04578608 0 0.9908471 0.04578608 0 0.8922946 0.07207096 0 0.9576291 0.07207096 0 0.8922946 0.07207096 0 0.9908471 0.04578608 0 0.9908471 0.04578608 0 0.9908471 0.07207096 0 0.9576291 0.07207096 0 0.9908471 0.04578608 0 0.8922946 0.01006633 0 0.9576291 0.01006633 0 0.9576291 0.01006633 0 0.9908471 0.01006633 0 0.9908471 0.04578608 0 0.8272985 0.04578608 0 0.8272985 0.01006633 0 0.8922946 0.01006633 0 0.8922946 0.01006633 0 0.9908471 0.04578608 0 0.8272985 0.04578608 0 0.8272985 0.04578608 0 0.8272985 0.07207096 0 0.7637178 0.07207096 0 0.8272985 0.04578608 0 0.7637178 0.01006633 0 0.8272985 0.01006633 0 0.8272985 0.04578608 0 0.7637178 0.07207096 0 0.7637178 0.04578608 0 0.9476193 0.6340798 0 0.9424247 0.6471472 0 0.9296474 0.6530191 0 0.9296474 0.6530191 0 0.925085 0.6341877 0 0.9476193 0.6340798 0 0.9476193 0.6340798 0 0.925085 0.6341877 0 0.9293999 0.61634 0 0.9293999 0.61634 0 0.9422523 0.621366 0 0.9476193 0.6340798 0 0.8272985 0.2673073 0 0.8272985 0.2885671 0 0.7637178 0.2673073 0 0.8272985 0.2406393 0 0.9576291 0.2885669 0 0.8922946 0.2885669 0 0.8922946 0.2673073 0 0.9576291 0.2673073 0 0.9908471 0.2673073 0 0.9908471 0.2885669 0 0.9576291 0.2406393 0 0.9908471 0.2406393 0 0.8922946 0.2406393 0 0.9322488 0.4560493 0 0.9706399 0.4719521 0 0.9322484 0.5103437 0 0.8938568 0.4719521 0 0.8272985 0.1843721 0 0.7637178 0.1560301 0 0.8272985 0.1560301 0 0.8922946 0.2406393 0 0.8272985 0.2406393 0 0.8272985 0.1843721 0 0.8272985 0.1843721 0 0.9908471 0.1843721 0 0.8922946 0.2406393 0 0.9908471 0.1843721 0 0.8922946 0.1560301 0 0.9576291 0.1560301 0 0.9576291 0.1560301 0 0.9908471 0.1560301 0 0.9908471 0.1843721 0 0.7637178 0.2885671 0 0.8272985 0.1843721 0 0.8272985 0.1560301 0 0.8922946 0.1560301 0 0.8922946 0.1560301 0 0.9908471 0.1843721 0 0.8272985 0.1843721 0 0.7637178 0.2406393 0 0.9576291 0.2406393 0 0.8922946 0.2406393 0 0.9908471 0.1843721 0 0.9908471 0.1843721 0 0.9908471 0.2406393 0 0.9576291 0.2406393 0 0.8272985 0.1843721 0 0.8272985 0.2406393 0 0.7637178 0.2406393 0 0.7637178 0.1560301 0 0.8272985 0.1843721 0 0.7637178 0.1843721 0 0.8272985 0.1843721 0 0.7637178 0.2406393 0 0.7637178 0.1843721 0 0.9299593 0.6320356 0 0.9428982 0.6269075 0 0.9412031 0.6425444 0 0.9412031 0.6425444 0 0.9234672 0.6443467 0 0.9299593 0.6320356 0 0.8272985 0.3228136 0 0.8272985 0.3488874 0 0.7637178 0.3228136 0 0.8272985 0.2882729 0 0.9576291 0.3228136 0 0.9576291 0.3488874 0 0.8922946 0.3488874 0 0.8922946 0.3228136 0 0.9576291 0.2882729 0 0.8922946 0.2882729 0 0.9865422 0.5103437 0 0.9706399 0.5487353 0 0.9322484 0.5103437 0 0.9706399 0.4719521 0 0.9908471 0.3228135 0 0.9908471 0.3488874 0 0.9908471 0.2882729 0 0.7637178 0.3488874 0 0.8272985 0.3488874 0 0.8272985 0.3715886 0 0.8922946 0.4274875 0 0.8272985 0.4274875 0 0.8272985 0.3715886 0 0.8272985 0.3715886 0 0.9908471 0.3715886 0 0.8922946 0.4274875 0 0.8922946 0.4274875 0 0.9908471 0.3715886 0 0.9908471 0.4274875 0 0.9908471 0.4274875 0 0.9576291 0.4274875 0 0.8922946 0.4274875 0 0.7637178 0.2882729 0 0.7637178 0.3488874 0 0.8272985 0.3715886 0 0.8272985 0.3488874 0 0.8922946 0.3488874 0 0.8922946 0.3488874 0 0.9908471 0.3715886 0 0.8272985 0.3715886 0 0.9908471 0.3715886 0 0.8922946 0.3488874 0 0.9576291 0.3488874 0 0.9576291 0.3488874 0 0.9908471 0.3488874 0 0.9908471 0.3715886 0 0.8272985 0.3715886 0 0.8272985 0.4274875 0 0.7637178 0.4274875 0 0.7637178 0.3488874 0 0.8272985 0.3715886 0 0.7637178 0.3715886 0 0.8272985 0.3715886 0 0.7637178 0.4274875 0 0.7637178 0.3715886 0 0.9298282 0.6226428 0 0.9416255 0.6304892 0 0.9321804 0.6362578 0 0.9416255 0.6304892 0 0.943562 0.6440912 0 0.9321804 0.6362578 0 0.3620295 0.9972174 0</float_array>
          <technique_common>
            <accessor source="#geom-magic_carpet_lod0-map1-array" count="1358" stride="3">
              <param name="S" type="float"/>
              <param name="T" type="float"/>
              <param name="P" type="float"/>
            </accessor>
          </technique_common>
        </source>
        <vertices id="geom-magic_carpet_lod0-vertices">
          <input semantic="POSITION" source="#geom-magic_carpet_lod0-positions"/>
        </vertices>
        <triangles material="magic_carpet_mat" count="1496">
          <input semantic="VERTEX" source="#geom-magic_carpet_lod0-vertices" offset="0"/>
          <input semantic="NORMAL" source="#geom-magic_carpet_lod0-normals" offset="1"/>
          <input semantic="TEXCOORD" source="#geom-magic_carpet_lod0-map1" offset="2" set="0"/>
          <p>0 0 0 1 1 1 2 2 2 3 3 3 4 4 4 5 5 5 6 6 6 7 7 7 8 8 8 9 9 9 10 10 10 7 7 7 11 11 11 12 12 12 13 13 13 14 14 14 15 15 15 16 16 16 16 16 16 17 17 17 14 14 14 18 18 18 19 19 19 15 15 15 20 20 20 21 21 21 22 22 22 23 23 23 24 24 24 25 25 25 25 25 25 26 26 26 23 23 23 27 27 27 28 28 28 24 24 24 24 24 24 23 23 23 27 27 27 29 29 29 30 30 30 31 31 31 31 31 31 32 32 32 29 29 29 30 30 30 29 29 29 33 33 33 33 33 33 34 34 34 30 30 30 35 35 35 36 36 36 37 37 37 37 37 37 38 38 38 35 35 35 39 39 39 40 40 40 36 36 36 36 36 36 35 35 35 39 39 39 41 41 41 42 42 42 43 43 43 43 43 43 44 44 44 41 41 41 42 42 42 41 41 41 45 45 45 45 45 45 46 46 46 42 42 42 47 47 47 48 48 48 49 49 49 50 50 50 51 51 51 52 52 52 53 53 53 51 51 51 54 54 54 55 55 55 48 48 48 56 56 56 57 57 57 58 58 58 59 59 59 60 60 60 61 61 61 62 62 62 60 60 60 63 63 63 64 64 64 64 64 64 65 65 65 60 60 60 66 66 66 67 67 67 68 68 68 69 69 69 70 70 70 71 71 71 72 72 72 69 69 69 71 71 71 73 73 73 72 72 72 71 71 71 70 70 70 69 69 69 74 74 74 74 74 74 75 75 75 70 70 70 76 76 76 77 77 77 78 78 78 78 78 78 79 79 79 76 76 76 77 77 77 76 76 76 80 80 80 80 80 80 81 81 81 77 77 77 82 82 82 83 83 83 84 84 84 85 85 85 86 86 86 87 87 87 88 88 88 89 89 89 90 90 90 91 91 91 92 92 92 89 89 89 93 93 93 94 94 94 95 95 95 96 96 96 97 97 97 98 98 98 99 99 99 100 100 100 101 101 101 102 102 102 94 94 94 100 100 100 103 103 103 104 104 104 105 105 105 105 105 105 106 106 106 103 103 103 107 107 107 108 108 108 109 109 109 109 109 109 110 110 110 107 107 107 111 111 111 112 112 112 113 113 113 113 113 113 114 114 114 111 111 111 115 115 115 116 116 116 117 117 117 118 118 118 119 119 119 120 120 120 121 121 121 122 122 122 123 123 123 124 124 124 125 125 125 122 122 122 126 126 126 127 127 127 128 128 128 129 129 129 130 130 130 131 131 131 132 132 132 133 133 133 134 134 134 135 135 135 127 127 127 136 136 136 137 137 137 138 138 138 139 139 139 139 139 139 140 140 140 137 137 137 138 138 138 137 137 137 44 44 44 141 141 141 138 138 138 44 44 44 43 43 43 141 141 141 44 44 44 142 142 142 143 143 143 144 144 144 144 144 144 145 145 145 142 142 142 143 143 143 142 142 142 46 46 46 46 46 46 45 45 45 143 143 143 146 146 146 147 147 147 148 148 148 149 149 149 150 150 150 151 151 151 50 50 50 152 152 152 150 150 150 153 153 153 147 147 147 154 154 154 155 155 155 156 156 156 157 157 157 158 158 158 159 159 159 160 160 160 160 160 160 161 161 161 158 158 158 162 162 162 163 163 163 164 164 164 165 165 165 166 166 166 163 163 163 167 167 167 168 168 168 169 169 169 170 170 170 171 171 171 172 172 172 172 172 172 173 173 173 170 170 170 62 62 62 174 174 174 171 171 171 175 175 175 176 176 176 177 177 177 178 178 178 179 179 179 180 180 180 181 181 181 182 182 182 183 183 183 63 63 63 184 184 184 185 185 185 186 186 186 187 187 187 184 184 184 188 188 188 189 189 189 190 190 190 191 191 191 192 192 192 193 193 193 85 85 85 194 194 194 192 192 192 82 82 82 195 195 195 196 196 196 197 197 197 198 198 198 199 199 199 200 200 200 201 201 201 202 202 202 88 88 88 203 203 203 201 201 201 204 204 204 205 205 205 206 206 206 207 207 207 208 208 208 209 209 209 210 210 210 211 211 211 212 212 212 96 96 96 98 98 98 213 213 213 214 214 214 208 208 208 98 98 98 215 215 215 216 216 216 217 217 217 218 218 218 219 219 219 216 216 216 99 99 99 220 220 220 221 221 221 222 222 222 223 223 223 224 224 224 225 225 225 226 226 226 227 227 227 227 227 227 228 228 228 225 225 225 226 226 226 225 225 225 106 106 106 106 106 106 105 105 105 226 226 226 110 110 110 109 109 109 229 229 229 229 229 229 230 230 230 110 110 110 231 231 231 232 232 232 233 233 233 233 233 233 234 234 234 231 231 231 235 235 235 236 236 236 237 237 237 3 3 3 5 5 5 238 238 238 239 239 239 236 236 236 5 5 5 240 240 240 241 241 241 242 242 242 243 243 243 244 244 244 245 245 245 6 6 6 246 246 246 247 247 247 248 248 248 241 241 241 246 246 246 249 249 249 250 250 250 251 251 251 252 252 252 253 253 253 254 254 254 17 17 17 255 255 255 253 253 253 253 253 253 14 14 14 17 17 17 11 11 11 256 256 256 257 257 257 258 258 258 259 259 259 260 260 260 261 261 261 262 262 262 263 263 263 18 18 18 264 264 264 262 262 262 265 265 265 259 259 259 266 266 266 267 267 267 268 268 268 230 230 230 269 269 269 267 267 267 230 230 230 270 270 270 269 269 269 230 230 230 268 268 268 267 267 267 32 32 32 32 32 32 31 31 31 268 268 268 271 271 271 272 272 272 273 273 273 273 273 273 274 274 274 271 271 271 272 272 272 271 271 271 34 34 34 34 34 34 33 33 33 272 272 272 275 275 275 276 276 276 277 277 277 277 277 277 278 278 278 275 275 275 276 276 276 275 275 275 114 114 114 114 114 114 113 113 113 276 276 276 279 279 279 280 280 280 140 140 140 140 140 140 139 139 139 279 279 279 280 280 280 279 279 279 281 281 281 281 281 281 282 282 282 280 280 280 283 283 283 284 284 284 285 285 285 286 286 286 287 287 287 288 288 288 118 118 118 289 289 289 287 287 287 115 115 115 290 290 290 120 120 120 291 291 291 292 292 292 293 293 293 294 294 294 295 295 295 296 296 296 121 121 121 297 297 297 295 295 295 298 298 298 293 293 293 299 299 299 300 300 300 301 301 301 302 302 302 303 303 303 304 304 304 305 305 305 129 129 129 306 306 306 304 304 304 307 307 307 308 308 308 131 131 131 309 309 309 310 310 310 311 311 311 312 312 312 313 313 313 314 314 314 132 132 132 315 315 315 313 313 313 316 316 316 317 317 317 318 318 318 319 319 319 320 320 320 321 321 321 322 322 322 323 323 323 324 324 324 325 325 325 246 246 246 6 6 6 326 326 326 3 3 3 327 327 327 328 328 328 329 329 329 330 330 330 330 330 330 331 331 331 328 328 328 329 329 329 328 328 328 26 26 26 26 26 26 25 25 25 329 329 329 332 332 332 333 333 333 334 334 334 184 184 184 335 335 335 336 336 336 63 63 63 337 337 337 184 184 184 338 338 338 335 335 335 60 60 60 339 339 339 340 340 340 341 341 341 339 339 339 341 341 341 342 342 342 343 343 343 339 339 339 342 342 342 340 340 340 339 339 339 79 79 79 79 79 79 78 78 78 340 340 340 344 344 344 345 345 345 346 346 346 204 204 204 347 347 347 348 348 348 88 88 88 349 349 349 206 206 206 350 350 350 351 351 351 86 86 86 352 352 352 353 353 353 354 354 354 316 316 316 355 355 355 352 352 352 132 132 132 134 134 134 356 356 356 129 129 129 357 357 357 134 134 134 358 358 358 359 359 359 360 360 360 332 332 332 334 334 334 361 361 361 361 361 361 362 362 362 332 332 332 62 62 62 171 171 171 363 363 363 364 364 364 365 365 365 171 171 171 366 366 366 367 367 367 368 368 368 66 66 66 68 68 68 369 369 369 63 63 63 182 182 182 370 370 370 370 370 370 64 64 64 63 63 63 371 371 371 367 367 367 182 182 182 372 372 372 373 373 373 374 374 374 344 344 344 346 346 346 375 375 375 85 85 85 376 376 376 346 346 346 377 377 377 378 378 378 192 192 192 379 379 379 380 380 380 381 381 381 382 382 382 89 89 89 383 383 383 88 88 88 201 201 201 384 384 384 385 385 385 381 381 381 386 386 386 387 387 387 388 388 388 389 389 389 319 319 319 321 321 321 390 390 390 3 3 3 235 235 235 391 391 391 235 235 235 392 392 392 388 388 388 393 393 393 394 394 394 395 395 395 396 396 396 7 7 7 397 397 397 6 6 6 244 244 244 398 398 398 243 243 243 399 399 399 244 244 244 400 400 400 401 401 401 402 402 402 354 354 354 403 403 403 404 404 404 129 129 129 304 304 304 405 405 405 406 406 406 407 407 407 304 304 304 408 408 408 409 409 409 410 410 410 411 411 411 136 136 136 412 412 412 132 132 132 313 313 313 413 413 413 414 414 414 415 415 415 313 313 313 313 313 313 312 312 312 414 414 414 416 416 416 417 417 417 418 418 418 419 419 419 420 420 420 421 421 421 18 18 18 15 15 15 422 422 422 423 423 423 417 417 417 15 15 15 424 424 424 425 425 425 426 426 426 426 426 426 427 427 427 424 424 424 425 425 425 424 424 424 38 38 38 38 38 38 37 37 37 425 425 425 428 428 428 429 429 429 430 430 430 163 163 163 431 431 431 432 432 432 54 54 54 51 51 51 433 433 433 433 433 433 162 162 162 54 54 54 50 50 50 434 434 434 51 51 51 435 435 435 436 436 436 437 437 437 437 437 437 438 438 438 435 435 435 436 436 436 435 435 435 73 73 73 73 73 73 71 71 71 436 436 436 439 439 439 440 440 440 441 441 441 442 442 442 224 224 224 443 443 443 99 99 99 444 444 444 224 224 224 445 445 445 440 440 440 446 446 446 447 447 447 448 448 448 449 449 449 298 298 298 450 450 450 451 451 451 121 121 121 452 452 452 453 453 453 118 118 118 454 454 454 452 452 452 455 455 455 456 456 456 457 457 457 428 428 428 430 430 430 458 458 458 50 50 50 150 150 150 459 459 459 149 149 149 460 460 460 150 150 150 461 461 461 462 462 462 463 463 463 464 464 464 56 56 56 465 465 465 466 466 466 467 467 467 56 56 56 56 56 56 54 54 54 466 466 466 468 468 468 159 159 159 469 469 469 469 469 469 470 470 470 468 468 468 471 471 471 472 472 472 473 473 473 474 474 474 441 441 441 475 475 475 475 475 475 476 476 476 474 474 474 96 96 96 477 477 477 441 441 441 478 478 478 479 479 479 480 480 480 481 481 481 482 482 482 483 483 483 484 484 484 100 100 100 485 485 485 485 485 485 486 486 486 484 484 484 99 99 99 221 221 221 487 487 487 218 218 218 488 488 488 221 221 221 358 358 358 489 489 489 490 490 490 491 491 491 418 418 418 492 492 492 14 14 14 493 493 493 418 418 418 494 494 494 495 495 495 253 253 253 496 496 496 497 497 497 498 498 498 20 20 20 499 499 499 500 500 500 18 18 18 262 262 262 501 501 501 502 502 502 497 497 497 262 262 262 503 503 503 504 504 504 505 505 505 447 447 447 506 506 506 504 504 504 118 118 118 287 287 287 507 507 507 508 508 508 509 509 509 287 287 287 510 510 510 511 511 511 512 512 512 124 124 124 122 122 122 513 513 513 121 121 121 514 514 514 122 122 122 294 294 294 515 515 515 295 295 295 0 0 0 5 5 5 1 1 1 10 10 10 5 5 5 4 4 4 7 7 7 10 10 10 8 8 8 2 2 2 10 10 10 9 9 9 11 11 11 257 257 257 12 12 12 15 15 15 516 516 516 16 16 16 516 516 516 15 15 15 19 19 19 20 20 20 13 13 13 21 21 21 154 154 154 48 48 48 47 47 47 48 48 48 52 52 52 51 51 51 48 48 48 51 51 51 53 53 53 49 49 49 48 48 48 55 55 55 57 57 57 177 177 177 58 58 58 60 60 60 517 517 517 61 61 61 517 517 517 60 60 60 65 65 65 66 66 66 59 59 59 67 67 67 82 82 82 196 196 196 83 83 83 86 86 86 92 92 92 87 87 87 84 84 84 92 92 92 91 91 91 98 98 98 94 94 94 93 93 93 94 94 94 98 98 98 97 97 97 100 100 100 94 94 94 101 101 101 95 95 95 94 94 94 102 102 102 112 112 112 111 111 111 282 282 282 282 282 282 281 281 281 112 112 112 115 115 115 120 120 120 116 116 116 122 122 122 518 518 518 123 123 123 124 124 124 117 117 117 125 125 125 131 131 131 127 127 127 126 126 126 127 127 127 131 131 131 130 130 130 127 127 127 134 134 134 133 133 133 128 128 128 127 127 127 135 135 135 147 147 147 150 150 150 152 152 152 519 519 519 147 147 147 153 153 153 520 520 520 156 156 156 155 155 155 159 159 159 156 156 156 160 160 160 163 163 163 156 156 156 164 164 164 156 156 156 163 163 163 166 166 166 167 167 167 521 521 521 168 168 168 171 171 171 176 176 176 172 172 172 176 176 176 171 171 171 174 174 174 169 169 169 176 176 176 175 175 175 522 522 522 179 179 179 178 178 178 182 182 182 179 179 179 183 183 183 184 184 184 179 179 179 185 185 185 179 179 179 184 184 184 187 187 187 188 188 188 523 523 523 189 189 189 192 192 192 524 524 524 193 193 193 524 524 524 192 192 192 194 194 194 82 82 82 190 190 190 195 195 195 525 525 525 199 199 199 198 198 198 201 201 201 525 525 525 202 202 202 201 201 201 203 203 203 525 525 525 204 204 204 199 199 199 205 205 205 212 212 212 208 208 208 207 207 207 208 208 208 212 212 212 211 211 211 98 98 98 208 208 208 213 213 213 209 209 209 208 208 208 214 214 214 216 216 216 223 223 223 217 217 217 223 223 223 216 216 216 219 219 219 223 223 223 221 221 221 220 220 220 526 526 526 223 223 223 222 222 222 5 5 5 236 236 236 238 238 238 527 527 527 236 236 236 239 239 239 528 528 528 241 241 241 240 240 240 244 244 244 241 241 241 245 245 245 246 246 246 241 241 241 247 247 247 242 242 242 241 241 241 248 248 248 249 249 249 529 529 529 250 250 250 253 253 253 530 530 530 254 254 254 530 530 530 253 253 253 255 255 255 11 11 11 251 251 251 256 256 256 531 531 531 259 259 259 258 258 258 262 262 262 259 259 259 263 263 263 259 259 259 262 262 262 264 264 264 260 260 260 259 259 259 265 265 265 284 284 284 287 287 287 289 289 289 115 115 115 532 532 532 290 290 290 533 533 533 292 292 292 291 291 291 295 295 295 292 292 292 296 296 296 292 292 292 295 295 295 297 297 297 293 293 293 292 292 292 299 299 299 300 300 300 534 534 534 301 301 301 304 304 304 308 308 308 305 305 305 308 308 308 304 304 304 306 306 306 302 302 302 308 308 308 307 307 307 309 309 309 535 535 535 310 310 310 313 313 313 536 536 536 314 314 314 536 536 536 313 313 313 315 315 315 536 536 536 318 318 318 317 317 317 319 319 319 324 324 324 320 320 320 537 537 537 324 324 324 323 323 323 537 537 537 246 246 246 325 325 325 3 3 3 321 321 321 327 327 327 335 335 335 334 334 334 333 333 333 335 335 335 184 184 184 337 337 337 338 338 338 538 538 538 334 334 334 334 334 334 335 335 335 338 338 338 351 351 351 206 206 206 349 349 349 346 346 346 351 351 351 350 350 350 352 352 352 539 539 539 353 353 353 539 539 539 352 352 352 355 355 355 134 134 134 539 539 539 356 356 356 129 129 129 403 403 403 357 357 357 365 365 365 360 360 360 359 359 359 334 334 334 365 365 365 361 361 361 171 171 171 365 365 365 363 363 363 360 360 360 365 365 365 364 364 364 540 540 540 367 367 367 366 366 366 68 68 68 367 367 367 369 369 369 182 182 182 367 367 367 370 370 370 368 368 368 367 367 367 371 371 371 372 372 372 541 541 541 373 373 373 346 346 346 378 378 378 375 375 375 378 378 378 346 346 346 376 376 376 374 374 374 378 378 378 377 377 377 542 542 542 380 380 380 379 379 379 89 89 89 380 380 380 383 383 383 201 201 201 380 380 380 384 384 384 381 381 381 380 380 380 386 386 386 543 543 543 388 388 388 387 387 387 321 321 321 388 388 388 390 390 390 235 235 235 388 388 388 391 391 391 389 389 389 388 388 388 392 392 392 393 393 393 544 544 544 394 394 394 7 7 7 545 545 545 397 397 397 244 244 244 545 545 545 398 398 398 243 243 243 395 395 395 399 399 399 401 401 401 407 407 407 402 402 402 403 403 403 407 407 407 404 404 404 304 304 304 407 407 407 405 405 405 546 546 546 407 407 407 406 406 406 547 547 547 409 409 409 408 408 408 136 136 136 409 409 409 412 412 412 313 313 313 409 409 409 413 413 413 409 409 409 313 313 313 415 415 415 420 420 420 417 417 417 416 416 416 417 417 417 420 420 420 419 419 419 15 15 15 417 417 417 422 422 422 418 418 418 417 417 417 423 423 423 51 51 51 431 431 431 433 433 433 50 50 50 430 430 430 434 434 434 548 548 548 440 440 440 439 439 439 440 440 440 224 224 224 444 444 444 441 441 441 440 440 440 445 445 445 549 549 549 449 449 449 448 448 448 549 549 549 451 451 451 450 450 450 452 452 452 549 549 549 453 453 453 118 118 118 449 449 449 454 454 454 550 550 550 457 457 457 456 456 456 430 430 430 550 550 550 458 458 458 150 150 150 550 550 550 459 459 459 149 149 149 457 457 457 460 460 460 461 461 461 551 551 551 462 462 462 56 56 56 470 470 470 465 465 465 467 467 467 468 468 468 470 470 470 470 470 470 56 56 56 467 467 467 463 463 463 470 470 470 469 469 469 471 471 471 552 552 552 472 472 472 441 441 441 479 479 479 475 475 475 479 479 479 441 441 441 477 477 477 473 473 473 479 479 479 478 478 478 553 553 553 482 482 482 481 481 481 100 100 100 482 482 482 485 485 485 221 221 221 482 482 482 487 487 487 482 482 482 221 221 221 488 488 488 358 358 358 554 554 554 489 489 489 418 418 418 495 495 495 492 492 492 495 495 495 418 418 418 493 493 493 490 490 490 495 495 495 494 494 494 500 500 500 497 497 497 496 496 496 497 497 497 500 500 500 499 499 499 262 262 262 497 497 497 501 501 501 498 498 498 497 497 497 502 502 502 504 504 504 509 509 509 505 505 505 509 509 509 504 504 504 506 506 506 287 287 287 509 509 509 507 507 507 555 555 555 509 509 509 508 508 508 556 556 556 511 511 511 510 510 510 122 122 122 511 511 511 513 513 513 511 511 511 122 122 122 514 514 514 511 511 511 295 295 295 515 515 515 530 530 530 529 529 529 254 254 254 254 254 254 529 529 529 252 252 252 253 253 253 252 252 252 494 494 494 494 494 494 252 252 252 490 490 490 218 218 218 221 221 221 219 219 219 219 219 219 221 221 221 223 223 223 482 482 482 100 100 100 487 487 487 487 487 487 100 100 100 99 99 99 100 100 100 484 484 484 102 102 102 102 102 102 484 484 484 95 95 95 95 95 95 557 557 557 93 93 93 93 93 93 557 557 557 98 98 98 98 98 98 557 557 557 214 214 214 214 214 214 557 557 557 209 209 209 209 209 209 558 558 558 207 207 207 207 207 207 558 558 558 212 212 212 210 210 210 480 480 480 211 211 211 211 211 211 480 480 480 208 208 208 208 208 208 480 480 480 213 213 213 213 213 213 480 480 480 96 96 96 96 96 96 446 446 446 97 97 97 97 97 97 446 446 446 94 94 94 94 94 94 446 446 446 101 101 101 101 101 101 446 446 446 99 99 99 99 99 99 224 224 224 220 220 220 220 220 220 224 224 224 223 223 223 223 223 223 526 526 526 217 217 217 217 217 217 526 526 526 215 215 215 358 358 358 559 559 559 359 359 359 359 359 359 559 559 559 365 365 365 365 365 365 559 559 559 361 361 361 361 361 361 559 559 559 362 362 362 560 560 560 335 335 335 333 333 333 335 335 335 560 560 560 336 336 336 336 336 336 560 560 560 186 186 186 561 561 561 180 180 180 187 187 187 187 187 187 186 186 186 561 561 561 187 187 187 180 180 180 179 179 179 179 179 179 182 182 182 185 185 185 185 185 185 182 182 182 63 63 63 63 63 63 60 60 60 337 337 337 337 337 337 60 60 60 335 335 335 60 60 60 62 62 62 338 338 338 338 338 338 62 62 62 538 538 538 365 365 365 334 334 334 363 363 363 538 538 538 62 62 62 363 363 363 363 363 363 334 334 334 538 538 538 62 62 62 177 177 177 174 174 174 174 174 174 177 177 177 176 176 176 176 176 176 521 521 521 172 172 172 172 172 172 521 521 521 173 173 173 414 414 414 410 410 410 415 415 415 415 415 415 410 410 410 409 409 409 409 409 409 136 136 136 413 413 413 413 413 413 136 136 136 132 132 132 132 132 132 318 318 318 315 315 315 315 315 315 318 318 318 536 536 536 536 536 536 535 535 535 314 314 314 314 314 314 535 535 535 312 312 312 171 171 171 170 170 170 364 364 364 364 364 364 170 170 170 360 360 360 535 535 535 536 536 536 310 310 310 310 310 310 536 536 536 311 311 311 554 554 554 495 495 495 489 489 489 489 489 489 495 495 495 490 490 490 224 224 224 442 442 442 222 222 222 222 222 222 442 442 442 562 562 562 562 562 562 526 526 526 222 222 222 440 440 440 548 548 548 443 443 443 443 443 443 548 548 548 442 442 442 474 474 474 548 548 548 439 439 439 479 479 479 552 552 552 475 475 475 475 475 475 552 552 552 476 476 476 552 552 552 479 479 479 472 472 472 472 472 472 479 479 479 473 473 473 480 480 480 210 210 210 478 478 478 478 478 478 210 210 210 473 473 473 446 446 446 96 96 96 445 445 445 445 445 445 96 96 96 441 441 441 96 96 96 480 480 480 477 477 477 477 477 477 480 480 480 479 479 479 180 180 180 563 563 563 178 178 178 178 178 178 563 563 563 522 522 522 179 179 179 522 522 522 183 183 183 183 183 183 522 522 522 181 181 181 182 182 182 181 181 181 371 371 371 371 371 371 181 181 181 368 368 368 367 367 367 68 68 68 370 370 370 370 370 370 68 68 68 64 64 64 64 64 64 68 68 68 65 65 65 65 65 65 68 68 68 517 517 517 517 517 517 177 177 177 61 61 61 61 61 61 177 177 177 62 62 62 177 177 177 517 517 517 58 58 58 58 58 58 517 517 517 59 59 59 59 59 59 517 517 517 67 67 67 67 67 67 517 517 517 68 68 68 367 367 367 540 540 540 369 369 369 369 369 369 540 540 540 66 66 66 368 368 368 564 564 564 366 366 366 366 366 366 564 564 564 540 540 540 99 99 99 446 446 446 444 444 444 444 444 444 446 446 446 440 440 440 482 482 482 553 553 553 485 485 485 485 485 485 553 553 553 486 486 486 218 218 218 483 483 483 488 488 488 488 488 488 483 483 483 482 482 482 483 483 483 565 565 565 481 481 481 481 481 481 565 565 565 553 553 553 529 529 529 530 530 530 250 250 250 250 250 250 530 530 530 251 251 251 251 251 251 530 530 530 256 256 256 256 256 256 530 530 530 257 257 257 257 257 257 516 516 516 12 12 12 12 12 12 516 516 516 13 13 13 13 13 13 516 516 516 21 21 21 21 21 21 516 516 516 22 22 22 18 18 18 22 22 22 19 19 19 19 19 19 22 22 22 516 516 516 516 516 516 257 257 257 16 16 16 16 16 16 257 257 257 17 17 17 17 17 17 257 257 257 255 255 255 255 255 255 257 257 257 530 530 530 14 14 14 253 253 253 493 493 493 493 493 493 253 253 253 495 495 495 495 495 495 554 554 554 492 492 492 492 492 492 554 554 554 491 491 491 316 316 316 318 318 318 355 355 355 355 355 355 318 318 318 539 539 539 539 539 539 403 403 403 353 353 353 353 353 353 403 403 403 354 354 354 421 421 421 266 266 266 419 419 419 419 419 419 266 266 266 417 417 417 417 417 417 266 266 266 422 422 422 422 422 422 266 266 266 18 18 18 18 18 18 266 266 266 264 264 264 264 264 264 266 266 266 259 259 259 259 259 259 531 531 531 263 263 263 263 263 263 531 531 531 261 261 261 262 262 262 261 261 261 502 502 502 502 502 502 261 261 261 498 498 498 498 498 498 566 566 566 496 496 496 496 496 496 566 566 566 500 500 500 20 20 20 22 22 22 499 499 499 499 499 499 22 22 22 497 497 497 497 497 497 22 22 22 501 501 501 501 501 501 22 22 22 18 18 18 266 266 266 421 421 421 265 265 265 265 265 265 421 421 421 260 260 260 407 407 407 401 401 401 404 404 404 404 404 404 401 401 401 354 354 354 403 403 403 539 539 539 357 357 357 357 357 357 539 539 539 134 134 134 129 129 129 131 131 131 306 306 306 306 306 306 131 131 131 308 308 308 129 129 129 134 134 134 130 130 130 130 130 130 134 134 134 127 127 127 132 132 132 136 136 136 133 133 133 133 133 133 136 136 136 127 127 127 136 136 136 411 411 411 135 135 135 135 135 135 411 411 411 128 128 128 128 128 128 567 567 567 126 126 126 126 126 126 567 567 567 131 131 131 131 131 131 567 567 567 307 307 307 307 307 307 567 567 567 302 302 302 308 308 308 301 301 301 534 534 534 534 534 534 568 568 568 308 308 308 301 301 301 308 308 308 302 302 302 308 308 308 568 568 568 305 305 305 305 305 305 568 568 568 303 303 303 304 304 304 303 303 303 406 406 406 406 406 406 303 303 303 546 546 546 407 407 407 546 546 546 402 402 402 402 402 402 546 546 546 400 400 400 260 260 260 569 569 569 258 258 258 258 258 258 569 569 569 531 531 531 539 539 539 318 318 318 356 356 356 356 356 356 318 318 318 132 132 132 316 316 316 311 311 311 317 317 317 317 317 317 311 311 311 536 536 536 177 177 177 57 57 57 175 175 175 175 175 175 57 57 57 169 169 169 521 521 521 176 176 176 168 168 168 168 168 168 176 176 176 169 169 169 410 410 410 570 570 570 408 408 408 408 408 408 570 570 570 547 547 547 409 409 409 547 547 547 412 412 412 412 412 412 547 547 547 411 411 411 15 15 15 14 14 14 423 423 423 423 423 423 14 14 14 418 418 418 418 418 418 491 491 491 416 416 416 416 416 416 491 491 491 420 420 420 544 544 544 545 545 545 394 394 394 394 394 394 545 545 545 395 395 395 395 395 395 545 545 545 399 399 399 399 399 399 545 545 545 244 244 244 241 241 241 528 528 528 245 245 245 245 245 245 528 528 528 243 243 243 242 242 242 571 571 571 240 240 240 240 240 240 571 571 571 528 528 528 509 509 509 555 555 555 505 505 505 505 505 505 555 555 555 503 503 503 246 246 246 322 322 322 248 248 248 248 248 248 322 322 322 242 242 242 447 447 447 449 449 449 506 506 506 506 506 506 449 449 449 509 509 509 287 287 287 286 286 286 508 508 508 508 508 508 286 286 286 555 555 555 283 283 283 286 286 286 288 288 288 572 572 572 283 283 283 285 285 285 545 545 545 544 544 544 397 397 397 397 397 397 544 544 544 396 396 396 545 545 545 7 7 7 398 398 398 398 398 398 7 7 7 6 6 6 7 7 7 396 396 396 9 9 9 9 9 9 396 396 396 2 2 2 10 10 10 326 326 326 8 8 8 8 8 8 326 326 326 6 6 6 241 241 241 244 244 244 247 247 247 247 247 247 244 244 244 6 6 6 10 10 10 1 1 1 5 5 5 1 1 1 10 10 10 2 2 2 326 326 326 4 4 4 3 3 3 326 326 326 10 10 10 4 4 4 321 321 321 537 537 537 327 327 327 326 326 326 327 327 327 537 537 537 322 322 322 246 246 246 323 323 323 323 323 323 246 246 246 537 537 537 324 324 324 537 537 537 320 320 320 320 320 320 537 537 537 321 321 321 388 388 388 321 321 321 391 391 391 3 3 3 391 391 391 321 321 321 236 236 236 235 235 235 238 238 238 238 238 238 235 235 235 3 3 3 5 5 5 0 0 0 239 239 239 239 239 239 0 0 0 527 527 527 447 447 447 451 451 451 448 448 448 448 448 448 451 451 451 549 549 549 549 549 549 573 573 573 453 453 453 453 453 453 573 573 573 121 121 121 121 121 121 295 295 295 514 514 514 514 514 514 295 295 295 511 511 511 511 511 511 556 556 556 513 513 513 513 513 513 556 556 556 124 124 124 449 449 449 549 549 549 454 454 454 454 454 454 549 549 549 452 452 452 509 509 509 449 449 449 507 507 507 507 507 507 449 449 449 118 118 118 118 118 118 120 120 120 289 289 289 289 289 289 120 120 120 284 284 284 118 118 118 452 452 452 119 119 119 518 518 518 452 452 452 123 123 123 123 123 123 452 452 452 121 121 121 121 121 121 573 573 573 297 297 297 297 297 297 573 573 573 292 292 292 292 292 292 573 573 573 299 299 299 299 299 299 573 573 573 298 298 298 298 298 298 573 573 573 450 450 450 450 450 450 573 573 573 549 549 549 236 236 236 232 232 232 237 237 237 202 202 202 525 525 525 574 574 574 202 202 202 574 574 574 200 200 200 235 235 235 575 575 575 392 392 392 575 575 575 389 389 389 392 392 392 389 389 389 576 576 576 387 387 387 387 387 387 576 576 576 543 543 543 293 293 293 577 577 577 291 291 291 291 291 291 577 577 577 533 533 533 457 457 457 550 550 550 460 460 460 460 460 460 550 550 550 150 150 150 550 550 550 578 578 578 458 458 458 458 458 458 578 578 578 428 428 428 428 428 428 579 579 579 429 429 429 431 431 431 163 163 163 433 433 433 433 433 433 163 163 163 162 162 162 48 48 48 154 154 154 52 52 52 52 52 52 154 154 154 50 50 50 50 50 50 154 154 154 152 152 152 152 152 152 154 154 154 147 147 147 146 146 146 149 149 149 151 151 151 294 294 294 512 512 512 515 515 515 515 515 515 512 512 512 511 511 511 292 292 292 533 533 533 296 296 296 296 296 296 533 533 533 294 294 294 455 455 455 578 578 578 456 456 456 456 456 456 578 578 578 550 550 550 550 550 550 430 430 430 459 459 459 459 459 459 430 430 430 50 50 50 430 430 430 431 431 431 434 434 434 434 434 434 431 431 431 51 51 51 431 431 431 579 579 579 432 432 432 351 351 351 346 346 346 345 345 345 204 204 204 206 206 206 347 347 347 380 380 380 89 89 89 384 384 384 384 384 384 89 89 89 88 88 88 349 349 349 86 86 86 351 351 351 196 196 196 92 92 92 83 83 83 83 83 83 92 92 92 84 84 84 86 86 86 349 349 349 88 88 88 199 199 199 525 525 525 205 205 205 205 205 205 525 525 525 206 206 206 86 86 86 85 85 85 350 350 350 350 350 350 85 85 85 346 346 346 92 92 92 196 196 196 87 87 87 87 87 87 196 196 196 85 85 85 85 85 85 192 192 192 376 376 376 376 376 376 192 192 192 378 378 378 378 378 378 541 541 541 375 375 375 375 375 375 541 541 541 344 344 344 165 165 165 157 157 157 166 166 166 166 166 166 157 157 157 156 156 156 156 156 156 159 159 159 164 164 164 466 466 466 54 54 54 162 162 162 470 470 470 551 551 551 465 465 465 465 465 465 551 551 551 464 464 464 56 56 56 464 464 464 55 55 55 55 55 55 464 464 464 49 49 49 49 49 49 580 580 580 47 47 47 47 47 47 580 580 580 154 154 154 154 154 154 580 580 580 153 153 153 153 153 153 580 580 580 519 519 519 581 581 581 146 146 146 148 148 148 512 512 512 582 582 582 510 510 510 510 510 510 582 582 582 556 556 556 541 541 541 378 378 378 373 373 373 373 373 373 378 378 378 374 374 374 192 192 192 191 191 191 377 377 377 377 377 377 191 191 191 374 374 374 524 524 524 523 523 523 193 193 193 193 193 193 523 523 523 191 191 191 157 157 157 583 583 583 155 155 155 155 155 155 583 583 583 520 520 520 156 156 156 520 520 520 160 160 160 160 160 160 520 520 520 161 161 161 159 159 159 158 158 158 469 469 469 469 469 469 158 158 158 463 463 463 551 551 551 470 470 470 462 462 462 462 462 462 470 470 470 463 463 463 523 523 523 524 524 524 189 189 189 189 189 189 524 524 524 190 190 190 190 190 190 524 524 524 195 195 195 195 195 195 524 524 524 196 196 196 85 85 85 196 196 196 194 194 194 194 194 194 196 196 196 524 524 524 380 380 380 201 201 201 386 386 386 385 385 385 386 386 386 201 201 201 201 201 201 200 200 200 385 385 385 380 380 380 542 542 542 383 383 383 383 383 383 542 542 542 382 382 382 197 197 197 574 574 574 198 198 198 198 198 198 574 574 574 525 525 525 388 388 388 543 543 543 390 390 390 390 390 390 543 543 543 319 319 319 232 232 232 236 236 236 233 233 233 381 381 381 584 584 584 379 379 379 379 379 379 584 584 584 542 542 542 89 89 89 382 382 382 91 91 91 91 91 91 382 382 382 84 84 84 532 532 532 284 284 284 290 290 290 290 290 290 284 284 284 120 120 120 120 120 120 518 518 518 116 116 116 116 116 116 518 518 518 117 117 117 117 117 117 518 518 518 125 125 125 125 125 125 518 518 518 122 122 122 585 585 585 586 586 586 587 587 587 587 587 587 588 588 588 585 585 585 589 589 589 585 585 585 588 588 588 588 588 588 590 590 590 589 589 589 591 591 591 589 589 589 590 590 590 590 590 590 592 592 592 591 591 591 593 593 593 591 591 591 592 592 592 592 592 592 594 594 594 593 593 593 595 595 595 593 593 593 594 594 594 594 594 594 596 596 596 595 595 595 597 597 597 595 595 595 596 596 596 596 596 596 598 598 598 597 597 597 599 599 599 600 600 600 601 601 601 601 601 601 602 602 602 599 599 599 586 586 586 599 599 599 602 602 602 602 602 602 587 587 587 586 586 586 603 603 603 604 604 604 605 605 605 605 605 605 606 606 606 603 603 603 607 607 607 603 603 603 606 606 606 606 606 606 608 608 608 607 607 607 609 609 609 607 607 607 608 608 608 608 608 608 610 610 610 609 609 609 611 611 611 609 609 609 610 610 610 610 610 610 612 612 612 611 611 611 613 613 613 611 611 611 612 612 612 612 612 612 614 614 614 613 613 613 615 615 615 613 613 613 614 614 614 614 614 614 616 616 616 615 615 615 617 617 617 618 618 618 619 619 619 619 619 619 620 620 620 617 617 617 604 604 604 617 617 617 620 620 620 620 620 620 605 605 605 604 604 604 621 621 621 622 622 622 623 623 623 623 623 623 624 624 624 621 621 621 603 603 603 625 625 625 626 626 626 626 626 626 604 604 604 603 603 603 607 607 607 627 627 627 625 625 625 625 625 625 603 603 603 607 607 607 609 609 609 628 628 628 627 627 627 627 627 627 607 607 607 609 609 609 611 611 611 629 629 629 628 628 628 628 628 628 609 609 609 611 611 611 613 613 613 630 630 630 629 629 629 629 629 629 611 611 611 613 613 613 615 615 615 631 631 631 630 630 630 630 630 630 613 613 613 615 615 615 617 617 617 632 632 632 633 633 633 633 633 633 618 618 618 617 617 617 604 604 604 626 626 626 632 632 632 632 632 632 617 617 617 604 604 604 634 634 634 635 635 635 636 636 636 636 636 636 637 637 637 634 634 634 638 638 638 634 634 634 637 637 637 637 637 637 639 639 639 638 638 638 640 640 640 638 638 638 639 639 639 639 639 639 641 641 641 640 640 640 642 642 642 643 643 643 644 644 644 644 644 644 645 645 645 642 642 642 646 646 646 642 642 642 645 645 645 645 645 645 647 647 647 646 646 646 635 635 635 646 646 646 647 647 647 647 647 647 636 636 636 635 635 635 648 648 648 649 649 649 650 650 650 650 650 650 651 651 651 652 652 652 648 648 648 650 650 650 652 652 652 653 653 653 648 648 648 652 652 652 654 654 654 655 655 655 656 656 656 656 656 656 657 657 657 658 658 658 654 654 654 656 656 656 658 658 658 659 659 659 654 654 654 658 658 658 660 660 660 661 661 661 635 635 635 635 635 635 634 634 634 660 660 660 662 662 662 663 663 663 637 637 637 637 637 637 636 636 636 662 662 662 664 664 664 660 660 660 634 634 634 634 634 634 638 638 638 664 664 664 663 663 663 665 665 665 639 639 639 639 639 639 637 637 637 663 663 663 666 666 666 664 664 664 638 638 638 638 638 638 640 640 640 666 666 666 665 665 665 667 667 667 641 641 641 641 641 641 639 639 639 665 665 665 668 668 668 669 669 669 643 643 643 643 643 643 642 642 642 668 668 668 670 670 670 671 671 671 645 645 645 645 645 645 644 644 644 670 670 670 672 672 672 668 668 668 642 642 642 642 642 642 646 646 646 672 672 672 671 671 671 673 673 673 647 647 647 647 647 647 645 645 645 671 671 671 661 661 661 672 672 672 646 646 646 646 646 646 635 635 635 661 661 661 673 673 673 662 662 662 636 636 636 636 636 636 647 647 647 673 673 673 674 674 674 675 675 675 676 676 676 676 676 676 677 677 677 674 674 674 678 678 678 674 674 674 677 677 677 677 677 677 679 679 679 678 678 678 680 680 680 681 681 681 682 682 682 682 682 682 683 683 683 680 680 680 684 684 684 680 680 680 683 683 683 683 683 683 685 685 685 684 684 684 686 686 686 684 684 684 685 685 685 685 685 685 687 687 687 686 686 686 686 686 686 687 687 687 676 676 676 676 676 676 675 675 675 686 686 686 688 688 688 689 689 689 690 690 690 690 690 690 691 691 691 692 692 692 688 688 688 690 690 690 692 692 692 693 693 693 688 688 688 692 692 692 606 606 606 605 605 605 586 586 586 586 586 586 585 585 585 606 606 606 608 608 608 606 606 606 585 585 585 585 585 585 589 589 589 608 608 608 610 610 610 608 608 608 589 589 589 589 589 589 591 591 591 610 610 610 612 612 612 610 610 610 591 591 591 591 591 591 593 593 593 612 612 612 614 614 614 612 612 612 593 593 593 593 593 593 595 595 595 614 614 614 616 616 616 614 614 614 595 595 595 595 595 595 597 597 597 616 616 616 599 599 599 620 620 620 619 619 619 619 619 619 600 600 600 599 599 599 605 605 605 620 620 620 599 599 599 599 599 599 586 586 586 605 605 605 694 694 694 695 695 695 696 696 696 696 696 696 697 697 697 694 694 694 698 698 698 699 699 699 695 695 695 695 695 695 694 694 694 698 698 698 700 700 700 701 701 701 699 699 699 699 699 699 698 698 698 700 700 700 702 702 702 703 703 703 701 701 701 701 701 701 700 700 700 702 702 702 704 704 704 705 705 705 703 703 703 703 703 703 702 702 702 704 704 704 706 706 706 707 707 707 705 705 705 705 705 705 704 704 704 706 706 706 708 708 708 709 709 709 710 710 710 710 710 710 711 711 711 708 708 708 697 697 697 696 696 696 709 709 709 709 709 709 708 708 708 697 697 697 712 712 712 713 713 713 714 714 714 714 714 714 715 715 715 712 712 712 716 716 716 717 717 717 713 713 713 713 713 713 712 712 712 716 716 716 718 718 718 719 719 719 717 717 717 717 717 717 716 716 716 718 718 718 720 720 720 721 721 721 719 719 719 719 719 719 718 718 718 720 720 720 722 722 722 723 723 723 721 721 721 721 721 721 720 720 720 722 722 722 724 724 724 725 725 725 723 723 723 723 723 723 722 722 722 724 724 724 726 726 726 727 727 727 728 728 728 728 728 728 729 729 729 726 726 726 715 715 715 714 714 714 727 727 727 727 727 727 726 726 726 715 715 715 730 730 730 731 731 731 732 732 732 732 732 732 733 733 733 730 730 730 712 712 712 715 715 715 734 734 734 734 734 734 735 735 735 712 712 712 716 716 716 712 712 712 735 735 735 735 735 735 736 736 736 716 716 716 718 718 718 716 716 716 736 736 736 736 736 736 737 737 737 718 718 718 720 720 720 718 718 718 737 737 737 737 737 737 738 738 738 720 720 720 722 722 722 720 720 720 738 738 738 738 738 738 739 739 739 722 722 722 724 724 724 722 722 722 739 739 739 739 739 739 740 740 740 724 724 724 726 726 726 729 729 729 741 741 741 741 741 741 742 742 742 726 726 726 715 715 715 726 726 726 742 742 742 742 742 742 734 734 734 715 715 715 743 743 743 744 744 744 745 745 745 745 745 745 746 746 746 743 743 743 747 747 747 748 748 748 744 744 744 744 744 744 743 743 743 747 747 747 749 749 749 750 750 750 748 748 748 748 748 748 747 747 747 749 749 749 751 751 751 752 752 752 753 753 753 753 753 753 754 754 754 751 751 751 755 755 755 756 756 756 752 752 752 752 752 752 751 751 751 755 755 755 746 746 746 745 745 745 756 756 756 756 756 756 755 755 755 746 746 746 757 757 757 758 758 758 759 759 759 759 759 759 760 760 760 761 761 761 757 757 757 759 759 759 761 761 761 762 762 762 757 757 757 761 761 761 763 763 763 764 764 764 765 765 765 765 765 765 766 766 766 767 767 767 763 763 763 765 765 765 767 767 767 768 768 768 763 763 763 767 767 767 769 769 769 743 743 743 746 746 746 746 746 746 770 770 770 769 769 769 771 771 771 745 745 745 744 744 744 744 744 744 772 772 772 771 771 771 773 773 773 747 747 747 743 743 743 743 743 743 769 769 769 773 773 773 772 772 772 744 744 744 748 748 748 748 748 748 774 774 774 772 772 772 775 775 775 749 749 749 747 747 747 747 747 747 773 773 773 775 775 775 774 774 774 748 748 748 750 750 750 750 750 750 776 776 776 774 774 774 777 777 777 751 751 751 754 754 754 754 754 754 778 778 778 777 777 777 779 779 779 753 753 753 752 752 752 752 752 752 780 780 780 779 779 779 781 781 781 755 755 755 751 751 751 751 751 751 777 777 777 781 781 781 780 780 780 752 752 752 756 756 756 756 756 756 782 782 782 780 780 780 770 770 770 746 746 746 755 755 755 755 755 755 781 781 781 770 770 770 782 782 782 756 756 756 745 745 745 745 745 745 771 771 771 782 782 782 783 783 783 784 784 784 785 785 785 785 785 785 786 786 786 783 783 783 787 787 787 788 788 788 784 784 784 784 784 784 783 783 783 787 787 787 789 789 789 790 790 790 791 791 791 791 791 791 792 792 792 789 789 789 793 793 793 794 794 794 790 790 790 790 790 790 789 789 789 793 793 793 795 795 795 796 796 796 794 794 794 794 794 794 793 793 793 795 795 795 795 795 795 786 786 786 785 785 785 785 785 785 796 796 796 795 795 795 797 797 797 798 798 798 799 799 799 799 799 799 800 800 800 801 801 801 797 797 797 799 799 799 801 801 801 802 802 802 797 797 797 801 801 801 713 713 713 694 694 694 697 697 697 697 697 697 714 714 714 713 713 713 717 717 717 698 698 698 694 694 694 694 694 694 713 713 713 717 717 717 719 719 719 700 700 700 698 698 698 698 698 698 717 717 717 719 719 719 721 721 721 702 702 702 700 700 700 700 700 700 719 719 719 721 721 721 723 723 723 704 704 704 702 702 702 702 702 702 721 721 721 723 723 723 725 725 725 706 706 706 704 704 704 704 704 704 723 723 723 725 725 725 708 708 708 711 711 711 728 728 728 728 728 728 727 727 727 708 708 708 714 714 714 697 697 697 708 708 708 708 708 708 727 727 727 714 714 714 803 803 803 804 804 804 622 622 622 622 622 622 621 621 621 803 803 803 805 805 805 806 806 806 804 804 804 804 804 804 803 803 803 805 805 805 731 731 731 807 807 807 808 808 808 808 808 808 732 732 732 731 731 731 807 807 807 809 809 809 810 810 810 810 810 810 808 808 808 807 807 807 811 811 811 812 812 812 813 813 813 813 813 813 814 814 814 811 811 811 815 815 815 816 816 816 812 812 812 812 812 812 811 811 811 815 815 815 817 817 817 818 818 818 816 816 816 816 816 816 815 815 815 817 817 817 819 819 819 820 820 820 821 821 821 821 821 821 822 822 822 819 819 819 823 823 823 824 824 824 820 820 820 820 820 820 819 819 819 823 823 823 814 814 814 813 813 813 824 824 824 824 824 824 823 823 823 814 814 814 825 825 825 826 826 826 827 827 827 827 827 827 828 828 828 829 829 829 825 825 825 827 827 827 829 829 829 830 830 830 825 825 825 829 829 829 831 831 831 832 832 832 833 833 833 833 833 833 834 834 834 835 835 835 831 831 831 833 833 833 835 835 835 836 836 836 831 831 831 835 835 835 837 837 837 811 811 811 814 814 814 814 814 814 838 838 838 837 837 837 839 839 839 813 813 813 812 812 812 812 812 812 840 840 840 839 839 839 841 841 841 815 815 815 811 811 811 811 811 811 837 837 837 841 841 841 840 840 840 812 812 812 816 816 816 816 816 816 842 842 842 840 840 840 843 843 843 817 817 817 815 815 815 815 815 815 841 841 841 843 843 843 842 842 842 816 816 816 818 818 818 818 818 818 844 844 844 842 842 842 845 845 845 819 819 819 822 822 822 822 822 822 846 846 846 845 845 845 847 847 847 821 821 821 820 820 820 820 820 820 848 848 848 847 847 847 849 849 849 823 823 823 819 819 819 819 819 819 845 845 845 849 849 849 848 848 848 820 820 820 824 824 824 824 824 824 850 850 850 848 848 848 838 838 838 814 814 814 823 823 823 823 823 823 849 849 849 838 838 838 850 850 850 824 824 824 813 813 813 813 813 813 839 839 839 850 850 850 851 851 851 852 852 852 853 853 853 853 853 853 854 854 854 851 851 851 855 855 855 856 856 856 852 852 852 852 852 852 851 851 851 855 855 855 857 857 857 858 858 858 859 859 859 859 859 859 860 860 860 857 857 857 861 861 861 862 862 862 858 858 858 858 858 858 857 857 857 861 861 861 863 863 863 864 864 864 862 862 862 862 862 862 861 861 861 863 863 863 863 863 863 854 854 854 853 853 853 853 853 853 864 864 864 863 863 863 865 865 865 866 866 866 867 867 867 867 867 867 868 868 868 869 869 869 865 865 865 867 867 867 869 869 869 870 870 870 865 865 865 869 869 869 871 871 871 872 872 872 873 873 873 874 874 874 875 875 875 876 876 876 877 877 877 878 878 878 879 879 879 880 880 880 881 881 881 882 882 882 883 883 883 884 884 884 885 885 885 885 885 885 886 886 886 883 883 883 887 887 887 888 888 888 884 884 884 884 884 884 883 883 883 887 887 887 889 889 889 890 890 890 888 888 888 888 888 888 887 887 887 889 889 889 886 886 886 885 885 885 891 891 891 891 891 891 892 892 892 886 886 886 893 893 893 894 894 894 895 895 895 895 895 895 896 896 896 893 893 893 897 897 897 898 898 898 894 894 894 894 894 894 893 893 893 897 897 897 899 899 899 900 900 900 898 898 898 898 898 898 897 897 897 899 899 899 896 896 896 895 895 895 901 901 901 901 901 901 902 902 902 896 896 896 893 893 893 896 896 896 903 903 903 903 903 903 904 904 904 893 893 893 897 897 897 893 893 893 904 904 904 904 904 904 905 905 905 897 897 897 899 899 899 897 897 897 905 905 905 905 905 905 906 906 906 899 899 899 896 896 896 902 902 902 907 907 907 907 907 907 903 903 903 896 896 896 894 894 894 883 883 883 886 886 886 886 886 886 895 895 895 894 894 894 898 898 898 887 887 887 883 883 883 883 883 883 894 894 894 898 898 898 900 900 900 889 889 889 887 887 887 887 887 887 898 898 898 900 900 900 895 895 895 886 886 886 892 892 892 892 892 892 901 901 901 895 895 895 908 908 908 909 909 909 910 910 910 910 910 910 911 911 911 908 908 908 910 910 910 909 909 909 912 912 912 912 912 912 913 913 913 910 910 910 914 914 914 915 915 915 916 916 916 917 917 917 918 918 918 919 919 919 920 920 920 921 921 921 922 922 922 923 923 923 924 924 924 925 925 925 926 926 926 927 927 927 928 928 928 929 929 929 930 930 930 931 931 931 932 932 932 933 933 933 934 934 934 935 935 935 936 936 936 937 937 937 938 938 938 939 939 939 940 940 940 941 941 941 942 942 942 943 943 943 944 944 944 945 945 945 946 946 946 947 947 947 948 948 948 949 949 949 950 950 950 951 951 951 952 952 952 953 953 953 954 954 954 955 955 955 956 956 956 957 957 957 958 958 958 959 959 959 960 960 960 961 961 961 962 962 962 963 963 963 964 964 964 965 965 965 963 963 963 962 962 962 966 966 966 967 967 967 968 968 968 968 968 968 969 969 969 966 966 966 966 966 966 970 970 970 971 971 971 971 971 971 967 967 967 966 966 966 972 972 972 967 967 967 971 971 971 971 971 971 973 973 973 972 972 972 964 964 964 969 969 969 968 968 968 968 968 968 962 962 962 964 964 964 965 965 965 962 962 962 968 968 968 968 968 968 974 974 974 965 965 965 967 967 967 972 972 972 974 974 974 974 974 974 968 968 968 967 967 967 975 975 975 976 976 976 977 977 977 977 977 977 978 978 978 975 975 975 979 979 979 980 980 980 981 981 981 982 982 982 983 983 983 984 984 984 985 985 985 986 986 986 987 987 987 988 988 988 989 989 989 990 990 990 991 991 991 992 992 992 993 993 993 963 963 963 994 994 994 964 964 964 995 995 995 996 996 996 997 997 997 998 998 998 999 999 999 1000 1000 1000 965 965 965 1001 1001 1001 963 963 963 1002 1002 1002 1003 1003 1003 1004 1004 1004 1005 1005 1005 1006 1006 1006 1007 1007 1007 1008 1008 1008 1009 1009 1009 1010 1010 1010 1011 1011 1011 1012 1012 1012 1013 1013 1013 1014 1014 1014 1015 1015 1015 1016 1016 1016 1017 1017 1017 1018 1018 1018 1019 1019 1019 1020 1020 1020 1021 1021 1021 1022 1022 1022 1023 1023 1023 1024 1024 1024 1025 1025 1025 1026 1026 1026 1024 1024 1024 1023 1023 1023 1027 1027 1027 1028 1028 1028 1029 1029 1029 1029 1029 1029 1030 1030 1030 1027 1027 1027 1031 1031 1031 1032 1032 1032 1028 1028 1028 1028 1028 1028 1027 1027 1027 1031 1031 1031 1033 1033 1033 1034 1034 1034 1035 1035 1035 1035 1035 1035 1036 1036 1036 1033 1033 1033 1027 1027 1027 1030 1030 1030 1037 1037 1037 1037 1037 1037 1038 1038 1038 1027 1027 1027 1031 1031 1031 1027 1027 1027 1038 1038 1038 1038 1038 1038 1039 1039 1039 1031 1031 1031 1028 1028 1028 1023 1023 1023 1025 1025 1025 1025 1025 1025 1029 1029 1029 1028 1028 1028 1026 1026 1026 1023 1023 1023 1028 1028 1028 1028 1028 1028 1032 1032 1032 1026 1026 1026 1040 1040 1040 1041 1041 1041 1042 1042 1042 1043 1043 1043 1044 1044 1044 1045 1045 1045 1046 1046 1046 1047 1047 1047 1048 1048 1048 1049 1049 1049 1050 1050 1050 1051 1051 1051 1052 1052 1052 1053 1053 1053 1054 1054 1054 1026 1026 1026 1055 1055 1055 1024 1024 1024 1024 1024 1024 1056 1056 1056 1025 1025 1025 1057 1057 1057 1058 1058 1058 1059 1059 1059 1060 1060 1060 1061 1061 1061 1062 1062 1062 1063 1063 1063 1064 1064 1064 1065 1065 1065 1066 1066 1066 1067 1067 1067 1068 1068 1068 1069 1069 1069 1070 1070 1070 1071 1071 1071 1072 1072 1072 1073 1073 1073 1074 1074 1074 1075 1075 1075 1076 1076 1076 1077 1077 1077 1078 1078 1078 1079 1079 1079 1080 1080 1080 1081 1081 1081 1082 1082 1082 1083 1083 1083 1084 1084 1084 1085 1085 1085 1086 1086 1086 1086 1086 1086 1087 1087 1087 1084 1084 1084 1088 1088 1088 1084 1084 1084 1087 1087 1087 1087 1087 1087 1089 1089 1089 1088 1088 1088 1090 1090 1090 1088 1088 1088 1089 1089 1089 1089 1089 1089 1091 1091 1091 1090 1090 1090 1092 1092 1092 1093 1093 1093 1094 1094 1094 1094 1094 1094 1095 1095 1095 1092 1092 1092 1096 1096 1096 1092 1092 1092 1095 1095 1095 1095 1095 1095 1097 1097 1097 1096 1096 1096 1085 1085 1085 1096 1096 1096 1097 1097 1097 1097 1097 1097 1086 1086 1086 1085 1085 1085 1098 1098 1098 1099 1099 1099 1100 1100 1100 1100 1100 1100 1101 1101 1101 1102 1102 1102 1098 1098 1098 1100 1100 1100 1102 1102 1102 1103 1103 1103 1098 1098 1098 1102 1102 1102 1104 1104 1104 1105 1105 1105 1106 1106 1106 1106 1106 1106 1107 1107 1107 1108 1108 1108 1104 1104 1104 1106 1106 1106 1108 1108 1108 1109 1109 1109 1104 1104 1104 1108 1108 1108 1110 1110 1110 1111 1111 1111 1085 1085 1085 1085 1085 1085 1084 1084 1084 1110 1110 1110 1112 1112 1112 1113 1113 1113 1087 1087 1087 1087 1087 1087 1086 1086 1086 1112 1112 1112 1114 1114 1114 1110 1110 1110 1084 1084 1084 1084 1084 1084 1088 1088 1088 1114 1114 1114 1113 1113 1113 1115 1115 1115 1089 1089 1089 1089 1089 1089 1087 1087 1087 1113 1113 1113 1116 1116 1116 1114 1114 1114 1088 1088 1088 1088 1088 1088 1090 1090 1090 1116 1116 1116 1115 1115 1115 1117 1117 1117 1091 1091 1091 1091 1091 1091 1089 1089 1089 1115 1115 1115 1118 1118 1118 1119 1119 1119 1093 1093 1093 1093 1093 1093 1092 1092 1092 1118 1118 1118 1120 1120 1120 1121 1121 1121 1095 1095 1095 1095 1095 1095 1094 1094 1094 1120 1120 1120 1122 1122 1122 1118 1118 1118 1092 1092 1092 1092 1092 1092 1096 1096 1096 1122 1122 1122 1121 1121 1121 1123 1123 1123 1097 1097 1097 1097 1097 1097 1095 1095 1095 1121 1121 1121 1111 1111 1111 1122 1122 1122 1096 1096 1096 1096 1096 1096 1085 1085 1085 1111 1111 1111 1123 1123 1123 1112 1112 1112 1086 1086 1086 1086 1086 1086 1097 1097 1097 1123 1123 1123 1124 1124 1124 1125 1125 1125 1126 1126 1126 1126 1126 1126 1127 1127 1127 1124 1124 1124 1128 1128 1128 1124 1124 1124 1127 1127 1127 1127 1127 1127 1129 1129 1129 1128 1128 1128 1130 1130 1130 1131 1131 1131 1132 1132 1132 1132 1132 1132 1133 1133 1133 1130 1130 1130 1134 1134 1134 1130 1130 1130 1133 1133 1133 1133 1133 1133 1135 1135 1135 1134 1134 1134 1136 1136 1136 1134 1134 1134 1135 1135 1135 1135 1135 1135 1137 1137 1137 1136 1136 1136 1136 1136 1136 1137 1137 1137 1126 1126 1126 1126 1126 1126 1125 1125 1125 1136 1136 1136 1138 1138 1138 1139 1139 1139 1140 1140 1140 1140 1140 1140 1141 1141 1141 1142 1142 1142 1138 1138 1138 1140 1140 1140 1142 1142 1142 1143 1143 1143 1138 1138 1138 1142 1142 1142 1144 1144 1144 1145 1145 1145 1146 1146 1146 1147 1147 1147 1148 1148 1148 1149 1149 1149 1150 1150 1150 1151 1151 1151 1152 1152 1152 1153 1153 1153 1154 1154 1154 1155 1155 1155 1156 1156 1156 1157 1157 1157 1158 1158 1158 1158 1158 1158 1159 1159 1159 1156 1156 1156 1160 1160 1160 1156 1156 1156 1159 1159 1159 1159 1159 1159 1161 1161 1161 1160 1160 1160 1162 1162 1162 1160 1160 1160 1161 1161 1161 1161 1161 1161 1163 1163 1163 1162 1162 1162 1157 1157 1157 1164 1164 1164 1165 1165 1165 1165 1165 1165 1158 1158 1158 1157 1157 1157 1166 1166 1166 1167 1167 1167 1168 1168 1168 1168 1168 1168 1169 1169 1169 1166 1166 1166 1170 1170 1170 1166 1166 1166 1169 1169 1169 1169 1169 1169 1171 1171 1171 1170 1170 1170 1172 1172 1172 1170 1170 1170 1171 1171 1171 1171 1171 1171 1173 1173 1173 1172 1172 1172 1167 1167 1167 1174 1174 1174 1175 1175 1175 1175 1175 1175 1168 1168 1168 1167 1167 1167 1166 1166 1166 1176 1176 1176 1177 1177 1177 1177 1177 1177 1167 1167 1167 1166 1166 1166 1170 1170 1170 1178 1178 1178 1176 1176 1176 1176 1176 1176 1166 1166 1166 1170 1170 1170 1172 1172 1172 1179 1179 1179 1178 1178 1178 1178 1178 1178 1170 1170 1170 1172 1172 1172 1167 1167 1167 1177 1177 1177 1180 1180 1180 1180 1180 1180 1174 1174 1174 1167 1167 1167 1169 1169 1169 1168 1168 1168 1157 1157 1157 1157 1157 1157 1156 1156 1156 1169 1169 1169 1171 1171 1171 1169 1169 1169 1156 1156 1156 1156 1156 1156 1160 1160 1160 1171 1171 1171 1173 1173 1173 1171 1171 1171 1160 1160 1160 1160 1160 1160 1162 1162 1162 1173 1173 1173 1168 1168 1168 1175 1175 1175 1164 1164 1164 1164 1164 1164 1157 1157 1157 1168 1168 1168 1181 1181 1181 1182 1182 1182 1183 1183 1183 1183 1183 1183 1184 1184 1184 1181 1181 1181 1183 1183 1183 1185 1185 1185 1186 1186 1186 1186 1186 1186 1184 1184 1184 1183 1183 1183 1187 1187 1187 1188 1188 1188 1189 1189 1189 1190 1190 1190 1191 1191 1191 1192 1192 1192 1193 1193 1193 1194 1194 1194 1195 1195 1195 1196 1196 1196 1197 1197 1197 1198 1198 1198 1199 1199 1199 1200 1200 1200 1201 1201 1201 1202 1202 1202 1203 1203 1203 1204 1204 1204 1205 1205 1205 1206 1206 1206 1207 1207 1207 1208 1208 1208 1209 1209 1209 1210 1210 1210 1211 1211 1211 1212 1212 1212 1213 1213 1213 1214 1214 1214 1215 1215 1215 1216 1216 1216 1217 1217 1217 1218 1218 1218 1219 1219 1219 1220 1220 1220 1221 1221 1221 1222 1222 1222 1223 1223 1223 1224 1224 1224 1225 1225 1225 1226 1226 1226 1227 1227 1227 1228 1228 1228 1229 1229 1229 1230 1230 1230 1231 1231 1231 1232 1232 1232 1233 1233 1233 1234 1234 1234 1235 1235 1235 1236 1236 1236 1237 1237 1237 1238 1238 1238 1235 1235 1235 1237 1237 1237 1239 1239 1239 1240 1240 1240 1241 1241 1241 1241 1241 1241 1242 1242 1242 1239 1239 1239 1239 1239 1239 1242 1242 1242 1243 1243 1243 1243 1243 1243 1244 1244 1244 1239 1239 1239 1245 1245 1245 1246 1246 1246 1243 1243 1243 1243 1243 1243 1242 1242 1242 1245 1245 1245 1236 1236 1236 1235 1235 1235 1241 1241 1241 1241 1241 1241 1240 1240 1240 1236 1236 1236 1238 1238 1238 1247 1247 1247 1241 1241 1241 1241 1241 1241 1235 1235 1235 1238 1238 1238 1242 1242 1242 1241 1241 1241 1247 1247 1247 1247 1247 1247 1245 1245 1245 1242 1242 1242 1248 1248 1248 1249 1249 1249 1250 1250 1250 1250 1250 1250 1251 1251 1251 1248 1248 1248 1252 1252 1252 1253 1253 1253 1254 1254 1254 1255 1255 1255 1256 1256 1256 1257 1257 1257 1258 1258 1258 1259 1259 1259 1260 1260 1260 1261 1261 1261 1262 1262 1262 1263 1263 1263 1264 1264 1264 1265 1265 1265 1266 1266 1266 1237 1237 1237 1236 1236 1236 1267 1267 1267 1268 1268 1268 1269 1269 1269 1270 1270 1270 1271 1271 1271 1272 1272 1272 1273 1273 1273 1238 1238 1238 1237 1237 1237 1274 1274 1274 1275 1275 1275 1276 1276 1276 1277 1277 1277 1278 1278 1278 1279 1279 1279 1280 1280 1280 1281 1281 1281 1282 1282 1282 1283 1283 1283 1284 1284 1284 1285 1285 1285 1286 1286 1286 1287 1287 1287 1288 1288 1288 1289 1289 1289 1290 1290 1290 1291 1291 1291 1292 1292 1292 1293 1293 1293 1294 1294 1294 1295 1295 1295 1296 1296 1296 1297 1297 1297 1298 1298 1298 1299 1299 1299 1296 1296 1296 1298 1298 1298 1300 1300 1300 1301 1301 1301 1302 1302 1302 1302 1302 1302 1303 1303 1303 1300 1300 1300 1304 1304 1304 1300 1300 1300 1303 1303 1303 1303 1303 1303 1305 1305 1305 1304 1304 1304 1306 1306 1306 1307 1307 1307 1308 1308 1308 1308 1308 1308 1309 1309 1309 1306 1306 1306 1300 1300 1300 1310 1310 1310 1311 1311 1311 1311 1311 1311 1301 1301 1301 1300 1300 1300 1304 1304 1304 1312 1312 1312 1310 1310 1310 1310 1310 1310 1300 1300 1300 1304 1304 1304 1303 1303 1303 1302 1302 1302 1297 1297 1297 1297 1297 1297 1296 1296 1296 1303 1303 1303 1299 1299 1299 1305 1305 1305 1303 1303 1303 1303 1303 1303 1296 1296 1296 1299 1299 1299 1313 1313 1313 1314 1314 1314 1315 1315 1315 1316 1316 1316 1317 1317 1317 1318 1318 1318 1319 1319 1319 1320 1320 1320 1321 1321 1321 1322 1322 1322 1323 1323 1323 1324 1324 1324 1325 1325 1325 1326 1326 1326 1327 1327 1327 1299 1299 1299 1298 1298 1298 1328 1328 1328 1298 1298 1298 1297 1297 1297 1329 1329 1329 1330 1330 1330 1331 1331 1331 1332 1332 1332 1333 1333 1333 1334 1334 1334 1335 1335 1335 1336 1336 1336 1337 1337 1337 1338 1338 1338 1339 1339 1339 1340 1340 1340 1341 1341 1341 1342 1342 1342 1343 1343 1343 1344 1344 1344 1345 1345 1345 1346 1346 1346 1347 1347 1347 1348 1348 1348 1349 1349 1349 1350 1350 1350 1351 1351 1351 1352 1352 1352 1353 1353 1353 1354 1354 1354 1355 1355 1355 1356 1356 1356 54 54 54 56 56 56 53 53 53 53 53 53 56 56 56 48 48 48 162 162 162 164 164 164 159 159 159 159 159 159 466 466 466 162 162 162 466 466 466 159 159 159 467 467 467 467 467 467 159 159 159 468 468 468 344 344 344 348 348 348 345 345 345 345 345 345 348 348 348 351 351 351 206 206 206 351 351 351 347 347 347 347 347 347 351 351 351 348 348 348 579 579 579 165 165 165 432 432 432 432 432 432 165 165 165 163 163 163 579 579 579 431 431 431 429 429 429 429 429 429 431 431 431 430 430 430 89 89 89 92 92 92 90 90 90 90 90 90 92 92 92 86 86 86 88 88 88 90 90 90 86 86 86 88 88 88 206 206 206 203 203 203 203 203 203 206 206 206 525 525 525 150 150 150 147 147 147 151 151 151 151 151 151 147 147 147 146 146 146 147 147 147 519 519 519 148 148 148 148 148 148 519 519 519 581 581 581 232 232 232 1357 1357 1357 237 237 237 575 575 575 235 235 235 237 237 237 237 237 237 1357 1357 1357 575 575 575 452 452 452 518 518 518 119 119 119 119 119 119 518 518 518 120 120 120 287 287 287 284 284 284 288 288 288 288 288 288 284 284 284 283 283 283 6 6 6 326 326 326 325 325 325 325 325 325 326 326 326 537 537 537 236 236 236 527 527 527 233 233 233 233 233 233 527 527 527 234 234 234 284 284 284 532 532 532 285 285 285 285 285 285 532 532 532 572 572 572 439 439 439 441 441 441 474 474 474 336 336 336 186 186 186 184 184 184 333 333 333 332 332 332 560 560 560 224 224 224 440 440 440 443 443 443 104 104 104 103 103 103 108 108 108 108 108 108 107 107 107 104 104 104 407 407 407 403 403 403 405 405 405 405 405 405 403 403 403 129 129 129</p>
        </triangles>
      </mesh>
    </geometry>
  </library_geometries>
  <library_controllers>
    <controller id="geom-magic_carpet_lod0-skin1">
      <skin source="#geom-magic_carpet_lod0">
        <bind_shape_matrix>0.3937008 0 0 0 0 0.3937008 0 0 0 0 0.3937008 0 0 0 0 1</bind_shape_matrix>
        <source id="geom-magic_carpet_lod0-skin1-joints">
          <Name_array id="geom-magic_carpet_lod0-skin1-joints-array" count="48">joint0 joint1 joint2 joint3 joint4 joint5 joint6 joint7 joint8 joint9 joint10 joint11 joint12 joint13 joint14 joint15 joint16 joint17 joint18 joint19 joint20 joint21 joint22 joint23 joint24 joint25 joint26 joint27 joint28 joint29 joint30 joint31 joint32 joint33 joint34 joint35 joint36 joint37 joint38 joint39 joint40 joint41 joint42 joint43 joint44 joint45 joint46 joint47</Name_array>
          <technique_common>
            <accessor source="#geom-magic_carpet_lod0-skin1-joints-array" count="48" stride="1">
              <param name="JOINT" type="name"/>
            </accessor>
          </technique_common>
        </source>
        <source id="geom-magic_carpet_lod0-skin1-bind_poses">
          <float_array id="geom-magic_carpet_lod0-skin1-bind_poses-array" count="768">3.21968e-6 -2.54 0 0 2.54 3.21968e-6 0 0 0 0 2.54 -616.1651 0 0 0 1 1.34288e-6 1.37727e-6 2.540003 -1527.079 -4.49862e-6 -2.540004 1.37633e-6 13.84239 2.540005 -4.49862e-6 -1.34288e-6 3.31556e-4 0 0 0 1 1.25083 0.01787804 -2.210588 139.5897 0.008920734 -2.539937 -0.01549396 2.858708 -2.210644 -1.33768e-4 -1.250861 526.4979 0 0 0 1 1.696754 -1.7783e-7 1.890144 -1021.898 -2.54626e-6 2.540004 2.52519e-6 0.107949 -1.890146 -3.5819e-6 1.696753 -689.5356 0 0 0 1 1.304147 -0.02825411 2.179454 -1737.055 2.179269 -0.02994037 -1.304421 399.463 0.04020029 2.539672 0.00886894 -21.82357 0 0 0 1 1.834077 -0.03516662 1.756854 -1620.013 1.756749 -0.02140163 -1.834391 858.4907 0.04020032 2.539672 0.008868957 -21.82359 0 0 0 1 1.776508 0.6515993 1.694422 -1523.904 0.4605902 -2.454957 0.4611632 -377.8767 1.755992 -0.01528603 -1.835179 823.7429 0 0 0 1 2.07255 -0.3658205 1.422089 -1403.139 -0.7802431 1.809551 1.602613 -874.2107 -1.24394 -1.744513 1.364151 -621.5853 0 0 0 1 1.835121 -0.01488671 1.756058 -1619.576 -0.02132401 -2.539917 7.5188e-4 48.47154 1.755992 -0.01528595 -1.835179 823.7425 0 0 0 1 1.818356 0.08847779 1.771264 -1623.916 -1.26405 1.844035 1.205541 -491.48 -1.243939 -1.744512 1.36415 -621.5848 0 0 0 1 -2.8482e-6 2.539612 -0.04432606 -1.268776 1.752962 -0.03207563 -1.837849 -255.4528 -1.83813 -0.03059337 -1.752695 478.6189 0 0 0 1 1.650339 0.02850098 1.930593 -1366.844 -0.1576241 2.53324 0.09734467 -35.03264 -1.924361 -0.1830546 1.647711 -661.6329 0 0 0 1 1.694448 -0.1553542 1.885823 -1570.51 0.02641195 -2.529242 -0.2320903 149.3788 1.892029 0.1744379 -1.68565 692.8859 0 0 0 1 1.25083 0.01787804 -2.210589 410.0439 0.00892075 -2.539937 -0.01549395 2.858705 -2.210644 -1.33782e-4 -1.250862 526.4981 0 0 0 1 1.82062 -0.03090692 -1.770869 -367.7596 2.47429e-6 -2.539612 0.04432627 2.051037 -1.771141 -0.03177392 -1.820343 464.5616 0 0 0 1 1.650339 0.02850097 1.930593 -1125.998 -0.157624 2.533239 0.09734465 -35.03262 -1.92436 -0.1830546 1.64771 -661.6326 0 0 0 1 1.34212e-6 -0.002024906 2.540001 -1440.57 -4.49969e-6 -2.540002 -0.002024906 18.93272 2.540004 -4.49862e-6 -1.34571e-6 3.41972e-4 0 0 0 1 -2.27665e-6 -2.27666e-6 2.54 -616.1651 6.399e-6 -2.54 -2.27666e-6 5.52282e-4 2.54 6.39899e-6 2.27666e-6 -5.56465e-4 0 0 0 1 -1.250833 0.01787561 -2.210587 139.5891 -0.008915526 -2.539936 -0.01549411 2.85876 -2.210641 1.29132e-4 1.250864 -526.4986 0 0 0 1 -1.696753 -3.18054e-6 1.890145 -1021.898 -2.54629e-6 2.540004 1.98848e-6 0.1082039 -1.890147 -5.67229e-7 -1.696751 689.5355 0 0 0 1 -1.304145 -0.02825635 2.179456 -1737.056 -2.17927 -0.02994574 -1.304419 399.462 0.04020608 -2.539673 -0.008868075 21.82325 0 0 0 1 -1.834076 -0.03517019 1.756859 -1620.015 -1.756751 -0.0214065 -1.83439 858.4907 0.04020627 -2.539673 -0.008867876 21.82316 0 0 0 1 -1.776508 0.6515961 1.694424 -1523.905 -0.460585 -2.454959 0.4611645 -377.8772 1.755993 0.01528989 1.835177 -823.7422 0 0 0 1 -2.072548 -0.3658243 1.422092 -1403.14 0.7802407 1.809553 1.602612 -874.2104 -1.243945 1.744511 -1.36415 621.5853 0 0 0 1 -1.835121 -0.01488985 1.75606 -1619.577 0.0213289 -2.539917 7.52825e-4 48.47087 1.755993 0.01528997 1.835178 -823.7424 0 0 0 1 -1.818355 0.08847462 1.771267 -1623.918 1.264048 1.84404 1.20554 -491.4802 -1.243945 1.74451 -1.36415 621.5854 0 0 0 1 -2.70703e-6 2.539612 -0.04432714 -1.268824 -1.752963 -0.03208021 -1.837847 -255.4532 -1.838127 0.03059012 1.752697 -478.6194 0 0 0 1 -1.650338 0.02849809 1.930595 -1366.844 0.1576189 2.53324 0.09734396 -35.03236 -1.924362 0.1830504 -1.647709 661.6328 0 0 0 1 -1.694447 -0.1553573 1.885826 -1570.511 -0.02640689 -2.529242 -0.2320897 149.3786 1.892031 -0.1744337 1.685649 -692.8851 0 0 0 1 -1.250833 0.01787562 -2.210588 410.0433 -0.008915528 -2.539937 -0.01549412 2.85876 -2.210642 1.29133e-4 1.250865 -526.4988 0 0 0 1 -1.820621 -0.03091131 -1.770867 -367.7599 2.78524e-6 -2.539611 0.0443272 2.051025 -1.771138 0.03177095 1.820345 -464.562 0 0 0 1 -1.650338 0.02849809 1.930594 -1125.999 0.1576189 2.53324 0.09734394 -35.03233 -1.924361 0.1830503 -1.647709 661.6326 0 0 0 1 1.36194e-6 -0.002024904 2.539999 -685.9365 -4.49969e-6 -2.539999 -0.002024904 0.5228594 2.54 -4.49861e-6 -1.36553e-6 3.36606e-4 0 0 0 1 1.35911e-6 -0.002024904 2.539999 -792.7567 -4.49969e-6 -2.54 -0.002024904 0.6079177 2.540001 -4.49861e-6 -1.3627e-6 3.36081e-4 0 0 0 1 1.35628e-6 -0.002024905 2.54 -899.5768 -4.49969e-6 -2.54 -0.002024905 0.6929758 2.540002 -4.49861e-6 -1.35987e-6 3.35427e-4 0 0 0 1 1.35345e-6 -0.002024905 2.54 -1006.397 -4.49969e-6 -2.540001 -0.002024905 0.7780344 2.540002 -4.49861e-6 -1.35703e-6 3.34665e-4 0 0 0 1 1.35062e-6 -0.002024906 2.54 -1113.217 -4.49969e-6 -2.540001 -0.002024906 0.8630926 2.540003 -4.49862e-6 -1.3542e-6 3.33783e-4 0 0 0 1 1.34778e-6 -0.002024906 2.540001 -1220.038 -4.49969e-6 -2.540002 -0.002024906 0.9481509 2.540004 -4.49862e-6 -1.35137e-6 3.32772e-4 0 0 0 1 1.34495e-6 -0.002024906 2.540001 -1326.858 -4.49969e-6 -2.540002 -0.002024906 1.033209 2.540004 -4.49862e-6 -1.34854e-6 3.31651e-4 0 0 0 1 -0.001430071 0.001430228 -2.539999 513.8791 2.83042e-4 2.54 0.001430069 6.714729 2.54 -2.82189e-4 -0.00143023 0.2886796 0 0 0 1 -0.001430079 0.001430228 -2.539999 391.7016 2.83043e-4 2.540001 0.00143007 6.812015 2.540001 -2.82189e-4 -0.001430239 0.2886817 0 0 0 1 -0.001430088 0.001430229 -2.54 266.775 2.83043e-4 2.540003 0.001430071 6.923312 2.540003 -2.82189e-4 -0.001430249 0.2886836 0 0 0 1 2.539999 3.33071e-6 0.002022648 -131.0808 -0.002022648 6.85053e-6 2.539999 -889.041 3.32525e-6 -2.54 6.85318e-6 14.63247 0 0 0 1 -2.539999 -2.80586e-6 0.002022648 -131.0808 0.002022648 -6.85094e-6 2.539999 -889.0408 -2.80041e-6 2.54 6.85318e-6 -14.63727 0 0 0 1 2.54 3.33071e-6 0.002022648 -262.1794 -0.002022648 6.84777e-6 2.54 -888.9368 3.32525e-6 -2.540002 6.85043e-6 14.63266 0 0 0 1 -2.54 -2.80586e-6 0.002022648 -262.1793 0.002022648 -6.84819e-6 2.54 -888.9368 -2.80041e-6 2.540002 6.85043e-6 -14.63745 0 0 0 1 2.540002 3.33071e-6 0.002022649 -393.7066 -0.002022648 6.84502e-6 2.54 -888.8045 3.32526e-6 -2.540003 6.84767e-6 14.63286 0 0 0 1 -2.540002 -2.80586e-6 0.002022649 -393.7066 0.002022648 -6.84543e-6 2.54 -888.8044 -2.80041e-6 2.540003 6.84768e-6 -14.63764 0 0 0 1</float_array>
          <technique_common>
            <accessor source="#geom-magic_carpet_lod0-skin1-bind_poses-array" count="48" stride="16">
              <param name="TRANSFORM" type="float4x4"/>
            </accessor>
          </technique_common>
        </source>
        <source id="geom-magic_carpet_lod0-skin1-weights">
          <float_array id="geom-magic_carpet_lod0-skin1-weights-array" count="2407">1 0.325 0.35 0.325 0.455 0.3 0.245 0.1818182 0.6181818 0.2 0.1 0.315 0.585 0.25 0.3750001 0.3750001 0.3835 0.35 0.2665 0.1498357 0.5845599 0.2656044 0.4141958 0.5858042 0.085 0.765 0.15 0.4 0.6 0.1 0.675 0.225 0.325 0.35 0.325 0.455 0.3 0.245 0.1818182 0.6181818 0.2 0.1 0.315 0.585 0.03555661 0.4644434 0.5000001 0.25 0.4322901 0.3177099 0.1 0.315 0.585 0.15 0.5844318 0.2655683 0.085 0.765 0.15 0.5860391 0.413961 0.4 0.6 0.4160172 0.5839828 0.8 0.2 0.8 0.2 0.4999999 0.5000001 0.4999999 0.5000001 0.1818182 0.6181818 0.2 0.1818182 0.6181818 0.2 0.325 0.35 0.325 0.325 0.35 0.325 0.5860391 0.413961 0.5860391 0.413961 0.17 0.68 0.15 0.17 0.68 0.15 0.43 0.57 0.43 0.57 0.1 0.702 0.198 0.1 0.702 0.198 0.2 0.336 0.464 0.2 0.336 0.464 0.5 0.5 0.5 0.5 0.1 0.684 0.216 0.25 0.75 0.1 0.702 0.198 0.5710906 0.4289094 0.02018143 0.2 0.7798186 0.1134545 0.1 0.7865455 0.3200123 0.6799878 0.37 0.5436986 0.08630137 0.5 0.5 0.5000001 0.5 0.336 0.2 0.464 0.1 0.684 0.216 0.1 0.702 0.198 0.2 0.778182 0.0218179 0.1 0.7873051 0.1126949 0.4299373 0.5700627 0.37 0.5436986 0.08630137 0.37 0.5436986 0.08630137 0.3200148 0.6799852 0.5 0.5 0.5 0.5 0.5000001 0.5 0.25 0.75 0.25 0.75 0.4999999 0.5000001 0.4999999 0.5000001 0.4999999 0.5000001 0.08290322 0.08224973 0.834847 0.08290322 0.08224973 0.834847 0.65 0.35 0.65 0.35 0.43 0.57 0.43 0.57 0.768775 0.116075 0.11515 0.768775 0.116075 0.11515 0.5 0.5 0.5 0.5 0.1 0.702 0.198 0.37 0.5436986 0.08630137 0.2 0.7798185 0.02018143 0.3200123 0.6799878 0.4289094 0.5710906 0.432 0.2 0.3680001 0.1 0.7865455 0.1134545 0.1 0.684 0.216 0.25 0.75 0.5 0.5 0.25 0.75 0.1 0.702 0.198 0.37 0.5436986 0.08630137 0.3200148 0.6799852 0.5000001 0.5 0.5711004 0.4288996 0.2 0.432 0.3680001 0.1126949 0.1 0.7873051 0.1 0.684 0.216 0.1 0.702 0.198 0.1 0.702 0.198 0.5 0.5 0.5 0.5 0.336 0.2 0.464 0.336 0.2 0.464 0.09599991 0.2 0.7040001 0.09599991 0.2 0.7040001 0.1818182 0.6181818 0.2 0.1818182 0.6181818 0.2 0.5860391 0.413961 0.5860391 0.413961 0.5860391 0.413961 0.4 0.6 0.1818182 0.6181818 0.2 0.15 0.5841705 0.2658296 0.085 0.765 0.15 0.4141958 0.5858042 0.1 0.315 0.585 0.3835 0.35 0.2665 0.25 0.4322901 0.3177099 0.325 0.35 0.325 0.455 0.3 0.245 0.4 0.6 0.1 0.675 0.225 0.1818182 0.6181818 0.2 0.1498904 0.5845173 0.2655923 0.085 0.765 0.15 0.4160172 0.5839828 0.1 0.315 0.585 0.25 0.3750001 0.3750001 0.03555661 0.4644434 0.5000001 0.455 0.3 0.245 0.3835 0.35 0.2665 0.09599991 0.2 0.7040001 0.09599991 0.2 0.7040001 0.15 0.85 0.15 0.85 0.2 0.336 0.464 0.7452844 0.2547156 0.7455471 0.2544529 0.15 0.459 0.3910001 0.2 0.432 0.3680001 0.15 0.2125 0.6375 0.25 0.3870254 0.3629746 0.2447085 0.389756 0.3655355 0.2060052 0.268847 0.5251478 0.3137915 0.2600464 0.4261622 0.16 0.2 0.64 0.2 0.432 0.3680001 0.05 0.3325 0.6174999 0.2950739 0.4182847 0.2866415 0.5000001 0.5 0.4999999 0.5000001 0.5861187 0.1501765 0.2637048 0.5 0.5 0.4999999 0.5000001 0.37 0.5436986 0.08630137 0.25 0.3391654 0.4108345 0.3546397 0.3257938 0.3195665 0.5 0.5000001 0.25 0.5020661 0.2479339 0.15 0.85 0.15 0.2125 0.6375 0.09599991 0.2 0.7040001 0.25 0.3870254 0.3629746 0.2447082 0.3897562 0.3655356 0.2060052 0.268847 0.5251478 0.25 0.3870254 0.3629746 0.3010938 0.2616062 0.4373001 0.16 0.2 0.64 0.2 0.432 0.3680001 0.432 0.2 0.3680001 0.05 0.3325 0.6174999 0.2950739 0.4182847 0.2866415 0.5000001 0.5 0.4999999 0.5000001 0.5861187 0.1501765 0.2637048 0.5 0.5 0.25 0.3391654 0.4108345 0.3546397 0.3257938 0.3195665 0.5 0.5000001 0.25 0.5020661 0.2479339 0.7455471 0.2544529 0.4999999 0.5000001 0.5861187 0.1501765 0.2637048 0.6854416 0.08855836 0.226 0.513383 0.386617 0.1 0.48 0.52 0.5000001 0.5 1.727e-4 0.5174454 0.4823819 0.1585033 0.7846107 0.05688614 0.1441098 0.5739446 0.2819456 0.25 0.3870254 0.3629746 0.2447085 0.389756 0.3655355 0.0666126 0.5250597 0.4083278 0.2 0.5046012 0.2953988 0.4415872 0.4415872 0.1168255 0.2973129 0.2 0.502687 0.2193539 0.6173271 0.1633191 0.79 0.21 0.7452844 0.2547156 0.4999999 0.5000001 0.6854416 0.08855836 0.226 0.8 0.2 0.4876929 0.4123071 0.1 0.48 0.52 1.76e-4 0.5174754 0.4823485 0.3105116 0.2894338 0.4000547 0.1590513 0.7838242 0.05712443 0.25 0.3870254 0.3629746 0.06660656 0.5250558 0.4083377 0.2 0.5020714 0.2979287 0.2447082 0.3897562 0.3655356 0.2973128 0.2 0.5026872 0.3962672 0.1955235 0.4082093 0.2191971 0.6168861 0.1639168 0.7455471 0.2544529 0.7452844 0.2547156 0.15 0.85 0.15 0.85 0.15 0.85 0.15 0.459 0.3910001 0.2 0.2 0.6 0.15 0.85 0.3225806 0.3495713 0.327848 0.25 0.405 0.3450001 0.2553684 0.4910235 0.2536082 0.4038462 0.3522727 0.2438811 0.266 0.3 0.434 0.5145732 0.2135135 0.2719133 0.5007485 0.2 0.2992515 0.230088 0.1866614 0.5832506 0.43 0.57 0.2919708 0.2580291 0.45 0.5754098 0.4245902 0.3461877 0.03139361 0.6224187 0.3243875 0.3406822 0.3349304 0.25 0.4576505 0.2923495 0.15 0.85 0.2 0.2 0.6 0.12 0.25 0.6300001 0.25 0.3870254 0.3629746 0.3225806 0.3495713 0.327848 0.2553684 0.4910235 0.2536082 0.4038462 0.3522727 0.2438811 0.266 0.3 0.434 0.3835 0.35 0.2665 0.56 0.24 0.2 0.5003784 0.2996216 0.2 0.230088 0.1866614 0.5832506 0.43 0.57 0.45 0.2919426 0.2580574 0.4743243 0.35 0.1756757 0.3402247 0.324405 0.3353704 0.25 0.4569777 0.2930223 0.3465406 0.03154373 0.6219156 0.12 0.25 0.6300001 0.12 0.25 0.6300001 0.15 0.85 0.15 0.85 0.8 0.2 0.8 0.2 0.8 0.2 0.8 0.2 0.12 0.25 0.6300001 0.12 0.25 0.6300001 0.325 0.35 0.325 0.325 0.35 0.325 0.17 0.68 0.15 0.6 0.4 0.75 0.25 0.43 0.57 0.45 0.2919708 0.2580291 0.2214286 0.4573315 0.3212399 0.25 0.4522042 0.2977958 0.6999999 0.3 0.06705916 0.7907557 0.1421852 0.2084844 0.3904153 0.4011004 0.3465206 0.6489071 0.00457233 0.25 0.3870254 0.3629746 0.3225806 0.3495713 0.327848 0.5313186 0.0586661 0.4100153 0.5197024 0.1382009 0.3420968 0.2200311 0.7506421 0.02932682 0.0179354 0.7218772 0.2601874 0.75 0.25 0.8 0.2 0.43 0.57 0.2919426 0.2580574 0.45 0.2214286 0.4573315 0.3212399 0.4498731 0.300127 0.25 0.7 0.3 0.6 0.4 1.76e-4 0.5174754 0.4823485 0.06733155 0.7899809 0.1426875 0.347515 0.6478779 0.00460713 0.25 0.3870254 0.3629746 0.3225806 0.3495713 0.327848 0.5313103 0.05866526 0.4100245 0.5197256 0.1381694 0.342105 0.2207403 0.7497926 0.02946706 0.01803107 0.7209761 0.2609929 0.2207403 0.7497926 0.02946702 0.2200311 0.7506421 0.02932682 0.00183175 0.6113129 0.3868554 0.2200312 0.7506419 0.02932683 0.4877007 0.02459867 0.4877007 0.2995203 0.2887666 0.4117131 0.2492967 0.09112582 0.6595774 0.3146981 0.2873718 0.3979301 0.02768855 0.4723115 0.5000001 0.1135194 0.5503617 0.3361189 0.25 0.75 0.25 0.75 0.08290322 0.08224973 0.834847 0.08290322 0.08224973 0.834847 0.4413615 0.4413615 0.1172771 0.3967565 0.3532436 0.25 0.2191971 0.6168861 0.1639168 0.5 0.5 0.25 0.50625 0.24375 0.3 0.4219524 0.2780477 0.1947006 0.5552994 0.25 0.17 0.68 0.15 0.17 0.68 0.15 0.17 0.68 0.15 0.5 0.5000001 0.25 0.50625 0.24375 0.25 0.3391654 0.4108345 0.4197139 0.3302862 0.25 0.5 0.5 0.1956331 0.5543669 0.25 0.3 0.4215138 0.2784862 0.5 0.5 0.2495227 0.09147165 0.6590056 0.3061481 0.2813804 0.4124716 0.4878004 0.02439922 0.4878004 0.00185002 0.6102172 0.3879328 0.1444279 0.5312017 0.3243705 0.3315691 0.2802818 0.3881491 1.76e-4 0.5174754 0.4823485 0.1590513 0.7838242 0.05712443 0.3105116 0.2894338 0.4000547 0.2973128 0.2 0.5026872 0.4413614 0.4413614 0.1172772 0.2 0.5020714 0.2979287 0.06660656 0.5250558 0.4083377 0.3962672 0.1955235 0.4082093 0.79 0.21 0.8 0.2 0.48 0.52 0.4876929 0.4123071 0.1 0.6854416 0.08855836 0.226 0.08290322 0.08224973 0.834847 0.05 0.3325 0.6174999 0.25 0.75 0.25 0.5020661 0.2479339 0.3546397 0.3257938 0.3195665 0.5 0.5 0.2950739 0.4182847 0.2866415 0.15 0.2125 0.6375 0.2 0.432 0.3680001 0.15 0.459 0.3910001 0.336 0.2 0.464 0.16 0.2 0.64 0.3137915 0.2600464 0.4261622 0.25 0.3870254 0.3629746 0.2060052 0.268847 0.5251478 0.06705916 0.7907557 0.1421852 0.2084844 0.3904153 0.4011004 0.3104932 0.2894533 0.4000535 0.0179354 0.7218772 0.2601874 0.5197024 0.1382009 0.3420968 0.5313186 0.0586661 0.4100153 0.75 0.25 0.17 0.68 0.15 0.5860391 0.413961 0.6999999 0.3 0.4522042 0.2977958 0.25 0.2214286 0.4573315 0.3212399 0.768775 0.116075 0.11515 0.230088 0.1866614 0.5832506 0.5145732 0.2135135 0.2719133 0.3465406 0.03154373 0.6219156 0.25 0.4569777 0.2930223 0.2315423 0.4449806 0.3234771 0.5754098 0.4245902 0.444347 0.2 0.3556531 0.2 0.2 0.6 0.25 0.405 0.3450001 0.15 0.459 0.3910001 0.325 0.35 0.325 0.266 0.3 0.434 0.4038462 0.3522727 0.2438811 0.25 0.3870254 0.3629746 0.2553684 0.4910235 0.2536082 0.00185002 0.6102172 0.3879328 0.1044036 0.1701922 0.7254041 0.2207403 0.7497926 0.02946702 0.2970044 0.2972966 0.405699 0.2495227 0.09147165 0.6590056 0.4878004 0.02439922 0.4878004 0.3315691 0.2802818 0.3881491 0.1444279 0.5312017 0.3243705 0.65 0.35 0.65 0.35 0.768775 0.116075 0.11515 0.768775 0.116075 0.11515 0.4415872 0.4415872 0.1168255 0.4197139 0.3302862 0.25 0.2193539 0.6173271 0.1633191 0.5 0.5 0.25 0.50625 0.24375 0.3 0.4215138 0.2784862 0.5543669 0.1956331 0.25 0.8 0.2 0.8 0.2 0.25 0.50625 0.24375 0.5 0.5 0.25 0.3391654 0.4108345 0.4413615 0.4413615 0.1172771 0.3967565 0.3532436 0.25 0.5552994 0.1947006 0.25 0.3 0.4219524 0.2780477 0.0218179 0.2 0.7781821 0.4877007 0.02459867 0.4877007 0.2995203 0.2887666 0.4117131 0.3461877 0.03139361 0.6224187 0.00183175 0.6113129 0.3868554 0.2492967 0.09112582 0.6595774 0.02768855 0.4723115 0.5000001 0.1135194 0.5503617 0.3361189 0.3146981 0.2873718 0.3979301 1.727e-4 0.5174454 0.4823819 0.1585033 0.7846107 0.05688614 0.3104932 0.2894533 0.4000535 0.2973129 0.2 0.502687 0.2 0.5046012 0.2953988 0.0666126 0.5250597 0.4083278 0.8 0.2 0.5 0.5 0.48 0.52 0.37 0.5436986 0.08630137 0.513383 0.386617 0.1 0.79 0.21 0.6854416 0.08855836 0.226 0.79 0.21 0.08290322 0.08224973 0.834847 0.05 0.3325 0.6174999 0.25 0.75 0.5 0.5000001 0.25 0.5020661 0.2479339 0.5 0.5000001 0.3546397 0.3257938 0.3195665 0.5 0.5 0.2950739 0.4182847 0.2866415 0.5861187 0.1501765 0.2637048 0.15 0.2125 0.6375 0.2 0.432 0.3680001 0.15 0.459 0.3910001 0.2 0.336 0.464 0.16 0.2 0.64 0.2 0.336 0.464 0.3010938 0.2616062 0.4373001 0.2060052 0.268847 0.5251478 0.06733155 0.7899809 0.1426875 0.3105116 0.2894338 0.4000547 0.2207403 0.7497926 0.02946706 0.01803107 0.7209761 0.2609929 0.5197256 0.1381694 0.342105 0.5313103 0.05866526 0.4100245 0.209087 0.3898043 0.4011088 0.75 0.25 0.6 0.4 0.17 0.68 0.15 0.7 0.3 0.8 0.2 0.25 0.4498731 0.300127 0.2214286 0.4573315 0.3212399 0.768775 0.116075 0.11515 0.230088 0.1866614 0.5832506 0.56 0.24 0.2 0.25 0.4576505 0.2923495 0.3406822 0.3243875 0.3349304 0.4743243 0.35 0.1756757 0.5007485 0.2992515 0.2 0.2 0.2 0.6 0.25 0.405 0.3450001 0.15 0.459 0.3910001 0.266 0.3 0.434 0.4038462 0.3522727 0.2438811 0.2553684 0.4910235 0.2536082 0.1 0.675 0.225 0.25 0.75 0.1 0.675 0.225 0.09599991 0.2 0.7040001 0.25 0.75 0.15 0.459 0.3910001 0.25 0.75 0.8 0.2 0.79 0.21 0.3968363 0.1949426 0.4082211 0.1439304 0.57323 0.2828396 0.12 0.25 0.6300001 0.65 0.35 0.15 0.459 0.3910001 0.25 0.405 0.3450001 0.65 0.35 0.8 0.2 0.3104932 0.2894533 0.4000535 0.17 0.68 0.15 0.3105116 0.2894338 0.4000547 0.209087 0.3898043 0.4011088 0.1357823 0.1085534 0.7556642 0.2020334 0.6304463 0.1675203 0.1701922 0.1044036 0.7254041 0.7452844 0.2547156 0.5000001 0.5 0.09599991 0.2 0.7040001 0.3465206 0.6489071 0.00457233 0.8 0.2 0.6 0.4 0.65 0.35 0.12 0.25 0.6300001 0.5 0.5 0.1085534 0.1357823 0.7556642 0.3968363 0.1949426 0.4082211 0.7455471 0.2544529 0.5000001 0.5 0.09599991 0.2 0.7040001 0.347515 0.6478779 0.00460713 0.65 0.35 0.12 0.25 0.6300001 0.5 0.5 0.1439304 0.57323 0.2828396 0.5 0.5 0.5 0.5000001 0.4413614 0.4413614 0.1172772 0.08290322 0.08224973 0.834847 0.15 0.85 0.5860391 0.413961 0.17 0.68 0.15 0.768775 0.116075 0.11515 0.15 0.85 0.768775 0.116075 0.11515 0.2200312 0.7506419 0.02932683 0.3104932 0.2894533 0.4000535 0.25 0.3870254 0.3629746 1.727e-4 0.5174454 0.4823819 1.727e-4 0.5174454 0.4823819 0.1441098 0.5739446 0.2819456 0.5 0.5 0.2 0.336 0.464 0.15 0.85 0.15 0.85 0.08290322 0.08224973 0.834847 0.15 0.85 0.6851828 0.3148172 0.688782 0.311218 0.6842912 0.3157088 0.6855071 0.3144929 0.6896538 0.3103462 0.6951886 0.3048114 0.6942177 0.3057823 0.03832712 0.9616728 0.05742071 0.9425793 0.3151819 0.6848181 0.2221238 0.7778763 0.03612661 0.9638734 0.2193714 0.7806286 0.03019657 0.9698035 0.2021991 0.7978008 0.04300019 0.9569998 0.2652463 0.7347537 0.1022321 0.8977679 0.4457145 0.5542855 0.166068 0.833932 0.5659796 0.4340204 0.1205219 0.8794782 0.166068 0.833932 0.5659796 0.4340204 0.484899 0.515101 0.00965023 0.9903498 0.02795425 0.9720457 0.01349954 0.9865004 0.01055062 0.9894493 0.01055062 0.9894493 0.01349954 0.9865004 0.00965023 0.9903498 0.00754176 0.9924582 0.0091679 0.9908321 0.02220787 0.9777921 0.03926722 0.9607328 0.02795425 0.9720457 0.03926722 0.9607328 0.38 0.62 0.38 0.62 0.5039999 0.4960001 0.5039999 0.4960001 0.38 0.62 0.5039999 0.4960001 0.38 0.62 0.5039999 0.4960001 0.38 0.62 0.38 0.62 0.5039999 0.4960001 0.5039999 0.4960001 0.38 0.62 0.5039999 0.4960001 0.65 0.35 0.65 0.35 0.65 0.35 0.65 0.35 0.65 0.35 0.65 0.35 0.2 0.8 0.2 0.8 0.2 0.8 0.2 0.8 0.2 0.8 0.2 0.8 0.2 0.8 0.2 0.8 0.65 0.35 0.65 0.35 0.2 0.8 0.65 0.35 0.2 0.8 0.65 0.35 0.2 0.8 0.2 0.8 0.65 0.35 0.65 0.35 0.2 0.8 0.65 0.35 0.2 0.8 0.2 0.8 0.2 0.8 0.2 0.8 0.2 0.8 0.2 0.8 0.2 0.8 0.6851828 0.3148172 0.688782 0.311218 0.6842912 0.3157088 0.6855071 0.3144929 0.6896538 0.3103462 0.6951886 0.3048114 0.6942177 0.3057823 0.03832712 0.9616728 0.2221238 0.7778763 0.3151819 0.6848181 0.05742071 0.9425793 0.03612661 0.9638734 0.2193714 0.7806286 0.03019657 0.9698035 0.2021991 0.7978008 0.04300019 0.9569998 0.2652463 0.7347537 0.1022321 0.8977679 0.4457145 0.5542855 0.166068 0.833932 0.5659796 0.4340204 0.1205219 0.8794782 0.484899 0.515101 0.5659796 0.4340204 0.166068 0.833932 0.01349954 0.9865004 0.02795425 0.9720457 0.00965023 0.9903498 0.01055062 0.9894493 0.01349954 0.9865004 0.01055062 0.9894493 0.00965023 0.9903498 0.00754176 0.9924582 0.0091679 0.9908321 0.02220787 0.9777921 0.03926722 0.9607328 0.03926722 0.9607328 0.02795425 0.9720457 0.385875 0.614125 0.5 0.5 0.5 0.5 0.385875 0.614125 0.385875 0.614125 0.5 0.5 0.385875 0.614125 0.5 0.5 0.385875 0.614125 0.5 0.5 0.5 0.5 0.385875 0.614125 0.385875 0.614125 0.5 0.5 0.65 0.35 0.65 0.35 0.65 0.35 0.65 0.35 0.65 0.35 0.65 0.35 0.2 0.8 0.2 0.8 0.2 0.8 0.2 0.8 0.2 0.8 0.2 0.8 0.2 0.8 0.2 0.8 0.65 0.35 0.65 0.35 0.2 0.8 0.65 0.35 0.2 0.8 0.65 0.35 0.2 0.8 0.2 0.8 0.65 0.35 0.65 0.35 0.2 0.8 0.65 0.35 0.2 0.8 0.2 0.8 0.2 0.8 0.2 0.8 0.2 0.8 0.2 0.8 0.2 0.8 0.00754176 0.9924582 0.03926722 0.9607328 0.0091679 0.9908321 0.02220787 0.9777921 0.03926722 0.9607328 0.00754176 0.9924582 0.02220787 0.9777921 0.0091679 0.9908321 0.385875 0.614125 0.5 0.5 0.5 0.5 0.385875 0.614125 0.385875 0.614125 0.5 0.5 0.385875 0.614125 0.5 0.5 0.385875 0.614125 0.5 0.5 0.5 0.5 0.385875 0.614125 0.385875 0.614125 0.5 0.5 0.65 0.35 0.65 0.35 0.65 0.35 0.65 0.35 0.65 0.35 0.65 0.35 0.2 0.8 0.2 0.8 0.2 0.8 0.2 0.8 0.2 0.8 0.2 0.8 0.2 0.8 0.2 0.8 0.65 0.35 0.65 0.35 0.2 0.8 0.65 0.35 0.2 0.8 0.65 0.35 0.2 0.8 0.2 0.8 0.65 0.35 0.65 0.35 0.2 0.8 0.65 0.35 0.2 0.8 0.2 0.8 0.2 0.8 0.2 0.8 0.2 0.8 0.2 0.8 0.2 0.8 0.2 0.8 0.2 0.8 0.2 0.8 0.2 0.8 0.2 0.8 0.2 0.8 0.2 0.8 0.2 0.8 0.2 0.8 0.2 0.8 0.2 0.8 0.2 0.8 0.5 0.5 0.5 0.5 0.5 0.5 0.5 0.5 0.5 0.5 0.1 0.9 0.5 0.5 0.5 0.5 0.1 0.9 0.1 0.9 0.5 0.5 0.1 0.9 0.5 0.5 0.5 0.5 0.1 0.9 0.5 0.5 0.5 0.5 0.5 0.5 0.1 0.9 0.5 0.5 0.1 0.9 0.1 0.9 0.1 0.9 0.5 0.5 0.5 0.5 0.5 0.5 0.5 0.5 0.5 0.5 0.5 0.5 0.45 0.05000001 0.5 0.5 0.5 0.4736843 0.5263158 0.1 0.9 0.1 0.9 0.5 0.5 0.5 0.5 0.1 0.9 0.5 0.5 0.5 0.5 0.5 0.5 0.4736843 0.5263158 0.5 0.5 0.1 0.9 0.1 0.9 0.5 0.5 0.5 0.5 0.5 0.5 0.5 0.5 0.1 0.9 0.5 0.5 0.1 0.9 0.4736843 0.5263158 0.5 0.5 0.4736843 0.5263158 0.5 0.5 0.1 0.9 0.5 0.5 0.5 0.5 0.1 0.9 0.1 0.9 0.5 0.5 0.4736843 0.5263158 0.5 0.5 0.5 0.5 0.5 0.5 0.5 0.5 0.1 0.9 0.5 0.5 0.5 0.5 0.5 0.5 0.4736843 0.5263158 0.1 0.9 0.1 0.9 0.5 0.5 0.5 0.5 0.385875 0.614125 0.385875 0.614125 0.5 0.5 0.5 0.5 0.385875 0.614125 0.5 0.5 0.385875 0.614125 0.5 0.5 0.385875 0.614125 0.385875 0.614125 0.5 0.5 0.5 0.5 0.385875 0.614125 0.5 0.5 0.65 0.35 0.65 0.35 0.65 0.35 0.65 0.35 0.65 0.35 0.65 0.35 0.2 0.8 0.2 0.8 0.2 0.8 0.2 0.8 0.2 0.8 0.2 0.8 0.2 0.8 0.2 0.8 0.65 0.35 0.65 0.35 0.2 0.8 0.65 0.35 0.2 0.8 0.65 0.35 0.2 0.8 0.2 0.8 0.65 0.35 0.65 0.35 0.2 0.8 0.65 0.35 0.2 0.8 0.2 0.8 0.2 0.8 0.2 0.8 0.2 0.8 0.2 0.8 0.2 0.8 0.2 0.8 0.2 0.8 0.2 0.8 0.2 0.8 0.2 0.8 0.2 0.8 0.2 0.8 0.2 0.8 0.2 0.8 0.2 0.8 0.2 0.8 0.2 0.8 0.5 0.5 0.5 0.5 0.5 0.5 0.5 0.5 0.5 0.5 0.1 0.9 0.1 0.9 0.5 0.5 0.5 0.5 0.1 0.9 0.5 0.5 0.1 0.9 0.5 0.5 0.1 0.9 0.5 0.5 0.5 0.5 0.5 0.5 0.5 0.5 0.1 0.9 0.5 0.5 0.1 0.9 0.5 0.5 0.1 0.9 0.1 0.9 0.5 0.5 0.5 0.5 0.5 0.5 0.5 0.5 0.5 0.5 0.45 0.05000001 0.5 0.5 0.5 0.4736843 0.5263158 0.1 0.9 0.5 0.5 0.5 0.5 0.1 0.9 0.1 0.9 0.5 0.5 0.5 0.5 0.5 0.5 0.4736843 0.5263158 0.5 0.5 0.5 0.5 0.1 0.9 0.1 0.9 0.5 0.5 0.5 0.5 0.5 0.5 0.1 0.9 0.5 0.5 0.1 0.9 0.4736843 0.5263158 0.5 0.5 0.4736843 0.5263158 0.5 0.5 0.1 0.9 0.1 0.9 0.5 0.5 0.5 0.5 0.1 0.9 0.5 0.5 0.4736843 0.5263158 0.5 0.5 0.5 0.5 0.5 0.5 0.5 0.5 0.1 0.9 0.5 0.5 0.4736843 0.5263158 0.5 0.5 0.5 0.5 0.5 0.5 0.1 0.9 0.1 0.9 0.5 0.5 0.25 0.3870254 0.3629746</float_array>
          <technique_common>
            <accessor source="#geom-magic_carpet_lod0-skin1-weights-array" count="2407" stride="1">
              <param name="WEIGHT" type="float"/>
            </accessor>
          </technique_common>
        </source>
        <joints>
          <input semantic="JOINT" source="#geom-magic_carpet_lod0-skin1-joints"/>
          <input semantic="INV_BIND_MATRIX" source="#geom-magic_carpet_lod0-skin1-bind_poses"/>
        </joints>
        <vertex_weights count="1358">
          <input semantic="JOINT" source="#geom-magic_carpet_lod0-skin1-joints" offset="0"/>
          <input semantic="WEIGHT" source="#geom-magic_carpet_lod0-skin1-weights" offset="1"/>
          <vcount>3 3 3 3 3 3 3 2 3 2 3 3 3 3 3 3 3 3 3 3 2 2 2 2 2 2 2 1 1 3 3 3 3 2 2 3 3 2 2 1 1 3 3 3 3 2 2 3 2 3 2 3 3 2 3 2 2 3 3 3 3 3 2 3 3 2 2 2 2 2 2 2 2 2 3 3 2 2 2 2 3 3 2 2 3 3 3 2 2 3 3 3 2 2 2 3 3 2 2 2 3 3 3 3 3 2 2 3 3 3 3 3 3 2 2 2 2 3 3 3 2 3 3 3 3 3 2 3 3 3 3 2 3 3 3 3 3 3 3 2 2 3 2 2 1 1 3 3 3 3 3 3 3 3 3 3 3 2 2 3 2 2 3 3 3 2 3 2 3 3 3 3 3 3 3 3 3 3 3 3 2 2 3 2 3 3 2 3 1 1 2 2 3 3 3 2 2 3 3 3 3 3 3 3 3 3 3 1 2 2 2 3 2 3 2 3 3 3 3 3 3 3 3 3 3 2 2 1 1 2 2 2 3 3 2 3 3 3 3 3 3 3 3 2 3 2 3 3 3 2 3 3 3 3 3 3 3 3 3 3 3 2 3 3 3 3 3 3 3 2 2 2 2 1 1 2 2 1 1 3 3 3 3 3 2 2 2 3 3 3 2 3 3 3 3 3 3 3 3 3 1 2 2 2 3 3 3 2 2 3 3 3 3 3 3 3 3 3 3 3 3 3 3 3 3 3 3 3 2 2 3 3 3 3 3 2 3 3 3 3 3 3 1 1 2 3 3 3 2 3 3 2 3 3 3 3 3 3 3 3 3 3 3 3 3 3 1 2 2 2 3 3 3 3 2 3 3 2 3 3 3 3 3 3 3 3 3 3 3 3 3 3 3 1 2 3 2 2 3 3 3 3 3 3 3 3 2 3 3 3 3 3 3 3 3 3 3 3 3 3 3 3 3 3 2 2 3 3 3 3 3 2 3 3 3 2 2 1 1 3 2 3 3 3 3 3 3 3 3 3 3 3 3 3 3 3 3 3 3 3 3 1 1 2 2 2 3 3 2 3 2 3 3 2 2 3 2 3 2 3 3 3 3 3 3 3 3 3 3 3 3 3 3 3 3 3 2 2 3 2 2 3 3 3 3 3 3 3 3 3 3 3 3 3 3 3 3 2 3 3 2 3 2 2 2 3 3 3 2 3 3 2 2 3 3 3 3 3 3 3 2 2 3 3 2 2 2 3 2 3 3 2 2 3 3 2 3 2 1 3 2 2 3 3 1 2 1 2 3 3 2 3 1 3 3 3 3 3 3 2 3 2 2 3 2 2 2 1 1 2 1 2 1 2 1 2 1 1 1 2 1 1 1 2 2 2 2 2 2 2 2 2 2 2 2 2 2 2 2 2 2 2 2 2 2 2 2 2 2 2 2 2 2 2 2 2 2 2 2 2 2 2 2 2 2 2 2 2 2 2 2 2 2 2 2 2 2 2 2 2 2 2 2 2 2 2 2 2 2 2 2 2 2 2 1 1 2 2 1 2 1 1 2 2 1 2 1 2 1 1 1 1 1 1 2 1 1 2 2 1 2 1 2 1 2 1 1 1 2 1 1 1 2 2 2 2 2 2 2 2 2 2 2 2 2 2 2 2 2 2 2 2 2 2 2 2 2 2 2 2 2 2 2 2 2 2 2 2 2 2 2 2 2 2 2 2 2 2 2 2 2 2 2 2 2 2 2 2 2 2 2 2 2 2 2 2 2 2 2 2 2 2 2 1 2 2 1 1 2 1 2 2 1 1 2 1 2 1 1 1 1 1 1 2 2 2 2 2 2 2 2 2 2 2 2 2 2 2 2 2 2 2 2 2 2 2 2 2 2 2 2 2 2 2 2 2 2 2 2 2 2 2 2 2 2 2 2 2 2 2 2 1 2 2 1 1 2 1 2 2 1 1 2 1 2 1 1 1 1 1 1 2 2 2 2 2 2 2 2 2 2 2 2 2 1 1 2 2 1 2 1 1 2 2 2 2 2 2 2 2 2 2 2 1 1 1 1 1 1 1 1 1 1 1 1 1 1 2 1 1 1 2 2 2 1 1 1 2 2 1 1 2 2 2 1 1 1 2 2 2 1 1 1 2 1 2 1 1 1 1 1 1 1 1 1 1 1 1 1 1 1 1 3 1 2 2 2 2 2 2 1 1 2 1 2 1 1 1 1 1 2 1 2 1 1 1 2 2 1 1 2 2 2 1 1 1 1 2 2 2 1 1 2 1 1 1 2 2 1 1 2 1 1 1 1 1 1 1 1 1 1 1 1 2 1 2 2 2 2 2 2 2 2 1 1 1 1 1 1 1 1 1 2 2 1 1 1 2 2 2 2 1 1 1 2 1 1 1 1 2 2 2 1 1 1 2 2 2 1 1 1 2 1 1 1 1 1 1 1 1 1 1 1 1 2 2 2 2 2 2 2 2 2 2 2 2 2 2 2 2 2 2 2 2 2 2 2 2 2 2 2 2 2 2 2 2 2 2 2 2 2 2 2 2 1 1 2 2 1 2 1 1 2 2 1 2 1 2 1 1 1 1 1 1 2 2 2 2 2 2 2 2 2 2 2 2 2 2 1 1 2 1 2 1 2 1 2 2 2 2 2 2 2 2 2 2 1 1 1 1 1 1 1 1 1 1 1 1 1 1 2 2 1 1 1 2 2 2 1 1 1 2 1 2 2 2 1 1 1 2 2 2 1 1 1 2 1 1 1 2 1 1 1 1 1 1 1 1 1 1 1 1 1 1 1 3 2 1 2 2 2 2 2 1 1 2 1 2 1 1 1 1 1 1 2 2 2 1 1 1 2 1 2 2 2 1 1 1 1 2 2 2 1 1 1 2 2 1 1 1 2 1 2 1 1 1 1 1 1 1 1 1 1 1 1 1 2 2 1 2 2 2 2 2 2 2 1 1 1 1 1 1 1 1 2 1 2 2 1 1 1 2 2 1 1 1 2 2 1 1 1 2 2 2 1 1 1 2 2 2 1 1 1 2 1 1 1 1 1 1 1 1 1 1 1 1 1 3</vcount>
          <v>15 1 36 2 46 3 15 4 36 5 46 6 11 7 15 8 37 9 15 10 35 11 36 12 15 13 36 14 37 15 15 16 36 17 46 18 11 19 15 20 38 21 11 22 15 23 11 24 15 25 37 26 11 27 15 28 11 29 15 30 37 31 31 32 36 33 47 34 31 35 36 36 47 37 27 38 31 39 37 40 31 41 35 42 36 43 19 44 31 45 37 46 31 47 36 48 37 49 31 50 35 51 36 52 27 53 31 54 38 55 27 56 31 57 37 58 27 59 31 60 27 61 31 62 27 63 31 64 2 65 41 66 2 67 41 68 2 69 41 70 2 71 41 72 2 0 2 0 11 73 15 74 37 75 11 76 15 77 37 78 15 79 36 80 46 81 15 82 36 83 46 84 11 85 15 86 11 87 15 88 1 89 27 90 31 91 1 92 27 93 31 94 1 95 27 96 1 97 27 98 27 0 27 0 18 99 29 100 47 101 18 102 29 103 47 104 17 105 29 106 47 107 17 108 29 109 47 110 18 111 29 112 18 113 29 114 18 115 29 116 47 117 18 118 29 119 18 120 29 121 47 122 17 123 29 124 17 125 18 126 29 127 17 128 18 129 29 130 18 131 29 132 18 133 29 134 40 135 18 136 29 137 18 138 29 139 13 140 17 141 46 142 2 143 13 144 46 145 2 146 13 147 46 148 2 149 13 150 17 151 2 152 13 153 17 154 13 155 17 156 2 157 13 158 40 159 2 160 13 161 40 162 2 163 13 164 2 165 13 166 2 167 13 168 2 169 13 170 18 171 41 172 18 173 41 174 18 175 41 176 18 177 41 178 18 179 41 180 2 181 18 182 41 183 2 184 18 185 41 186 1 187 11 188 1 189 11 190 1 191 11 192 1 193 11 194 1 195 11 196 27 197 1 198 11 199 27 200 2 201 13 202 2 203 13 204 2 205 13 206 46 207 2 208 13 209 40 210 2 211 13 212 17 213 2 214 13 215 13 216 17 217 13 218 17 219 46 220 2 221 13 222 17 223 2 224 13 225 46 226 2 227 13 228 18 229 29 230 18 231 29 232 18 233 29 234 47 235 18 236 29 237 40 238 18 239 29 240 18 241 29 242 17 243 29 244 17 245 29 246 47 247 17 248 18 249 29 250 18 251 29 252 47 253 2 254 13 255 46 256 2 257 13 258 46 259 2 260 13 261 2 262 13 263 13 264 17 265 46 266 13 267 17 268 46 269 13 270 32 271 46 272 13 273 32 274 46 275 27 276 31 277 37 278 27 279 31 280 37 281 27 282 31 283 27 284 31 285 27 286 31 287 27 288 31 289 27 290 31 291 37 292 27 293 31 294 38 295 27 296 31 297 37 298 27 299 31 300 31 301 35 302 36 303 31 304 36 305 47 306 31 307 36 308 37 309 31 310 36 311 47 312 31 313 36 314 47 315 11 316 15 317 11 318 15 319 37 320 11 321 15 322 37 323 11 324 15 325 38 326 11 327 15 328 37 329 11 330 15 331 15 332 35 333 36 334 15 335 36 336 37 337 3 338 15 339 37 340 15 341 36 342 46 343 15 344 36 345 46 346 29 347 32 348 47 349 29 350 32 351 47 352 34 353 47 354 34 355 47 356 17 357 29 358 47 359 18 360 29 361 18 362 29 363 18 0 18 0 34 364 45 365 47 366 32 367 45 368 47 369 33 370 45 371 47 372 33 373 43 374 45 375 32 376 43 377 45 378 33 379 43 380 45 381 17 382 32 383 45 384 29 385 32 386 47 387 17 388 29 389 47 390 18 391 40 392 41 393 18 394 40 395 41 396 40 397 41 398 18 399 41 400 18 401 29 402 41 403 18 404 41 405 18 406 41 407 18 408 29 409 40 410 18 411 39 412 40 413 18 414 29 415 40 416 39 417 40 418 39 419 40 420 41 421 34 422 46 423 33 424 44 425 46 426 13 427 32 428 46 429 33 430 42 431 44 432 32 433 42 434 44 435 33 436 42 437 44 438 33 439 42 440 44 441 17 442 32 443 44 444 13 445 32 446 46 447 32 448 44 449 46 450 13 451 17 452 46 453 2 454 40 455 41 456 2 457 40 458 41 459 40 460 41 461 2 462 41 463 2 464 13 465 41 466 2 467 41 468 2 469 39 470 40 471 2 472 13 473 40 474 39 475 40 476 39 477 40 478 41 479 2 0 2 0 2 480 13 481 2 482 41 483 2 484 13 485 41 486 2 487 13 488 41 489 2 490 13 491 40 492 2 493 13 494 2 495 13 496 32 497 33 498 34 499 32 500 33 501 34 502 0 503 32 504 33 505 33 506 42 507 44 508 32 509 42 510 44 511 32 512 33 513 42 514 17 515 32 516 42 517 0 518 17 519 32 520 0 521 17 522 32 523 0 524 17 525 32 526 18 0 18 527 29 528 18 529 29 530 18 531 41 532 18 533 29 534 41 535 18 536 41 537 18 538 29 539 40 540 18 541 29 542 32 543 33 544 34 545 33 546 34 547 43 548 32 549 33 550 34 551 33 552 43 553 45 554 32 555 33 556 43 557 17 558 32 559 43 560 32 561 43 562 45 563 0 564 17 565 32 566 32 567 33 568 43 569 0 570 17 571 32 572 2 573 13 574 2 575 13 576 2 0 2 0 34 577 46 578 34 579 46 580 34 581 46 582 34 583 44 584 46 585 34 586 44 587 46 588 34 589 46 590 35 591 42 592 44 593 35 594 44 595 46 596 34 597 44 598 46 599 35 600 44 601 46 602 15 603 35 604 46 605 1 606 11 607 16 608 1 609 11 610 16 611 1 612 16 613 38 614 1 615 11 616 11 617 15 618 16 619 1 620 11 621 16 622 37 623 38 624 15 625 16 626 38 627 1 628 16 629 38 630 34 631 47 632 34 633 45 634 47 635 31 636 35 637 47 638 33 639 43 640 45 641 35 642 43 643 45 644 34 645 45 646 47 647 35 648 45 649 47 650 31 651 35 652 47 653 31 654 36 655 47 656 1 657 16 658 27 659 1 660 16 661 27 662 1 663 16 664 38 665 1 666 27 667 16 668 27 669 31 670 1 671 27 672 31 673 16 674 31 675 38 676 1 677 16 678 38 679 16 680 37 681 38 682 15 683 35 684 46 685 15 686 35 687 46 688 34 689 46 690 34 691 46 692 11 693 15 694 11 695 15 696 11 0 11 0 27 697 31 698 27 699 31 700 27 0 27 0 31 701 35 702 47 703 31 704 35 705 47 706 31 707 36 708 47 709 31 710 36 711 47 712 1 713 27 714 31 715 27 716 31 717 27 718 31 719 1 720 27 721 16 722 27 723 31 724 1 725 27 726 31 727 16 728 27 729 31 730 27 731 31 732 33 733 34 734 35 735 34 736 35 737 43 738 34 739 35 740 36 741 33 742 43 743 45 744 35 745 43 746 45 747 34 748 35 749 43 750 35 751 36 752 43 753 35 754 36 755 37 756 34 757 35 758 36 759 11 0 11 760 15 761 11 762 15 763 1 764 11 765 11 766 15 767 16 768 1 769 11 770 15 771 11 772 15 773 16 774 11 775 15 776 11 777 15 778 32 779 33 780 34 781 33 782 34 783 35 784 34 785 35 786 36 787 33 788 42 789 44 790 35 791 42 792 44 793 34 794 35 795 42 796 35 797 36 798 42 799 35 800 36 801 37 802 34 803 35 804 36 805 35 806 36 807 37 808 35 809 36 810 37 811 35 812 36 813 37 814 35 815 36 816 37 817 16 818 37 819 38 820 16 821 37 822 38 823 16 824 36 825 37 826 15 827 37 828 38 829 3 830 15 831 37 832 3 833 36 834 37 835 2 836 41 837 2 838 41 839 2 840 18 841 41 842 2 843 18 844 41 845 0 846 17 847 32 848 0 849 17 850 39 851 0 852 17 853 32 854 17 855 39 856 17 857 39 858 40 859 2 860 13 861 39 862 13 863 17 864 39 865 1 866 11 867 15 868 1 869 11 870 15 871 1 872 11 873 15 874 11 0 11 0 39 875 40 876 17 877 39 878 40 879 2 880 39 881 40 882 0 883 17 884 39 885 17 886 39 887 13 888 17 889 39 890 2 891 13 892 39 893 17 894 39 895 16 896 36 897 37 898 16 899 37 900 38 901 16 902 37 903 38 904 35 905 36 906 37 907 3 908 36 909 37 910 15 911 37 912 38 913 32 914 33 915 34 916 32 917 33 918 34 919 33 920 34 921 42 922 0 923 17 924 32 925 0 926 17 927 32 928 17 929 32 930 42 931 32 932 33 933 42 934 32 935 33 936 42 937 2 0 2 938 13 939 2 940 41 941 2 942 13 943 2 944 13 945 40 946 2 947 13 948 41 949 2 950 18 951 41 952 2 953 40 954 41 955 2 956 41 957 39 958 40 959 41 960 2 961 13 962 40 963 2 964 41 965 2 966 40 967 41 968 33 969 44 970 46 971 32 972 44 973 46 974 34 975 44 976 46 977 13 978 17 979 46 980 13 981 32 982 46 983 17 984 32 985 44 986 33 987 42 988 44 989 33 990 42 991 44 992 33 993 34 994 35 995 34 996 35 997 42 998 33 999 34 1000 42 1001 34 1002 35 1003 36 1004 35 1005 36 1006 42 1007 34 1008 35 1009 42 1010 11 0 11 1011 15 1012 1 1013 11 1014 15 1015 11 1016 15 1017 11 1018 15 1019 11 1020 15 1021 16 1022 1 1023 11 1024 15 1025 1 1026 11 1027 27 1028 1 1029 16 1030 38 1031 1 1032 11 1033 16 1034 16 1035 37 1036 38 1037 1 1038 16 1039 38 1040 15 1041 16 1042 38 1043 1 1044 11 1045 1 1046 11 1047 16 1048 34 1049 44 1050 46 1051 35 1052 44 1053 46 1054 34 1055 44 1056 46 1057 15 1058 36 1059 46 1060 15 1061 35 1062 46 1063 35 1064 44 1065 46 1066 33 1067 42 1068 44 1069 34 1070 44 1071 46 1072 35 1073 36 1074 37 1075 16 1076 19 1077 37 1078 35 1079 36 1080 37 1081 16 1082 37 1083 38 1084 16 1085 36 1086 37 1087 16 1088 37 1089 38 1090 31 1091 37 1092 38 1093 19 1094 36 1095 37 1096 1 1097 27 1098 1 1099 27 1100 1 1101 11 1102 27 1103 1 1104 11 1105 27 1106 0 1107 17 1108 32 1109 0 1110 17 1111 39 1112 0 1113 17 1114 32 1115 17 1116 39 1117 17 1118 39 1119 40 1120 18 1121 29 1122 39 1123 17 1124 29 1125 39 1126 18 1127 41 1128 18 1129 41 1130 18 0 18 0 17 1131 39 1132 40 1133 17 1134 39 1135 18 1136 39 1137 40 1138 0 1139 17 1140 32 1141 0 1142 17 1143 39 1144 17 1145 29 1146 39 1147 18 1148 29 1149 39 1150 17 1151 18 1152 29 1153 16 1154 37 1155 38 1156 16 1157 37 1158 38 1159 16 1160 37 1161 38 1162 35 1163 36 1164 37 1165 16 1166 36 1167 37 1168 19 1169 31 1170 37 1171 19 1172 36 1173 37 1174 31 1175 37 1176 38 1177 32 1178 33 1179 34 1180 32 1181 33 1182 34 1183 33 1184 34 1185 43 1186 0 1187 17 1188 32 1189 17 1190 32 1191 43 1192 32 1193 33 1194 43 1195 18 0 18 0 18 1196 41 1197 18 1198 29 1199 18 1200 29 1201 18 1202 29 1203 40 1204 18 1205 29 1206 40 1207 18 1208 29 1209 18 1210 29 1211 41 1212 18 1213 29 1214 2 1215 18 1216 41 1217 18 1218 40 1219 41 1220 18 1221 41 1222 39 1223 40 1224 39 1225 40 1226 41 1227 39 1228 40 1229 18 1230 29 1231 40 1232 18 1233 41 1234 18 1235 40 1236 41 1237 18 1238 29 1239 41 1240 33 1241 45 1242 47 1243 32 1244 45 1245 47 1246 34 1247 45 1248 47 1249 17 1250 29 1251 47 1252 29 1253 32 1254 47 1255 17 1256 29 1257 47 1258 17 1259 32 1260 45 1261 33 1262 43 1263 45 1264 33 1265 34 1266 35 1267 33 1268 34 1269 43 1270 35 1271 36 1272 37 1273 34 1274 35 1275 36 1276 35 1277 36 1278 43 1279 34 1280 35 1281 43 1282 34 1283 35 1284 43 1285 27 1286 31 1287 27 1288 31 1289 1 1290 27 1291 31 1292 27 1293 31 1294 27 1295 31 1296 16 1297 27 1298 31 1299 1 1300 27 1301 31 1302 1 1303 11 1304 27 1305 1 1306 16 1307 38 1308 1 1309 16 1310 27 1311 1 1312 16 1313 38 1314 16 1315 31 1316 38 1317 1 1318 27 1319 31 1320 1 1321 16 1322 27 1323 34 1324 45 1325 47 1326 35 1327 45 1328 47 1329 34 1330 45 1331 47 1332 31 1333 35 1334 47 1335 35 1336 45 1337 47 1338 34 1339 45 1340 47 1341 27 1342 31 1343 37 1344 2 1345 13 1346 27 1347 31 1348 37 1349 29 1350 32 1351 47 1352 18 1353 41 1354 34 1355 44 1356 46 1357 2 1358 41 1359 2 1360 41 1361 2 1362 13 1363 32 1364 33 1365 42 1366 0 1367 32 1368 33 1369 15 1370 35 1371 46 1372 1 1373 11 1374 34 1375 45 1376 47 1377 35 1378 45 1379 47 1380 1 1381 27 1382 27 1383 31 1384 33 1385 34 1386 43 1387 1 1388 11 1389 15 1390 33 1391 34 1392 42 1393 34 1394 35 1395 42 1396 3 1397 16 1398 37 1399 0 1400 17 1401 32 1402 3 1403 16 1404 37 1405 2 1406 13 1407 40 1408 41 1409 13 1410 32 1411 46 1412 34 1413 35 1414 36 1415 11 1416 15 1417 11 1418 15 1419 1 1420 11 1421 15 1422 35 1423 46 1424 17 1425 39 1426 16 1427 19 1428 37 1429 32 1430 33 1431 43 1432 18 1433 29 1434 40 1435 41 1436 29 1437 32 1438 47 1439 34 1440 35 1441 36 1442 1 1443 27 1444 31 1445 35 1446 47 1447 18 1448 29 1449 18 0 0 1450 32 1451 33 1452 17 1453 39 1454 39 1455 40 1456 0 1457 17 1458 32 1459 2 1460 18 1461 41 1462 2 0 34 1463 47 1464 27 0 11 1465 15 1466 1 1467 11 1468 15 1469 1 1470 11 1471 27 1472 34 1473 46 1474 1 1475 11 1476 27 1477 27 0 35 1478 36 1479 37 1480 33 1481 34 1482 42 1483 33 1484 42 1485 44 1486 32 1487 33 1488 34 1489 32 1490 33 1491 34 1492 0 1493 32 1494 33 1495 17 1496 39 1497 17 1498 29 1499 47 1500 34 1501 47 1502 34 1503 47 1504 2 1505 18 1506 41 1507 34 1508 46 1509 10 1510 14 1511 10 1512 14 1513 10 0 10 0 10 1514 14 1515 10 0 10 1516 14 1517 10 0 10 1518 14 1519 10 0 10 1520 14 1521 10 0 10 0 10 0 10 1522 14 1523 10 0 10 0 10 0 10 1524 14 1525 10 1526 14 1527 10 1528 14 1529 10 1530 14 1531 10 1532 14 1533 10 1534 14 1535 10 1536 14 1537 10 1538 14 1539 10 1540 14 1541 10 1542 14 1543 10 1544 14 1545 10 1546 14 1547 10 1548 14 1549 10 1550 14 1551 10 1552 14 1553 10 1554 14 1555 10 1556 14 1557 10 1558 14 1559 10 1560 14 1561 10 1562 14 1563 10 1564 14 1565 10 1566 14 1567 10 1568 14 1569 10 1570 14 1571 10 1572 14 1573 10 1574 14 1575 10 1576 14 1577 10 1578 14 1579 10 1580 14 1581 10 1582 14 1583 10 1584 14 1585 2 1586 10 1587 2 1588 10 1589 2 1590 10 1591 2 1592 10 1593 2 1594 10 1595 2 1596 10 1597 2 1598 10 1599 2 1600 10 1601 2 1602 10 1603 2 1604 10 1605 2 1606 10 1607 2 1608 10 1609 2 1610 10 1611 2 1612 10 1613 2 1614 10 1615 2 1616 10 1617 2 1618 10 1619 2 1620 10 1621 2 1622 10 1623 2 1624 10 1625 2 1626 10 1627 2 1628 10 1629 2 1630 10 1631 2 1632 10 1633 2 1634 10 1635 2 1636 10 1637 2 1638 10 1639 2 1640 10 1641 2 1642 10 1643 2 1644 10 1645 2 1646 10 1647 2 1648 10 1649 2 1650 10 1651 2 1652 10 1653 2 1654 10 1655 2 1656 10 1657 2 1658 10 1659 2 1660 10 1661 2 1662 10 1663 2 1664 10 1665 10 0 10 0 2 1666 10 1667 2 1668 10 1669 10 0 2 1670 10 1671 10 0 10 0 2 1672 10 1673 2 1674 10 1675 10 0 2 1676 10 1677 10 0 2 1678 10 1679 10 0 10 0 10 0 10 0 10 0 10 0 26 1680 30 1681 26 0 26 0 26 1682 30 1683 26 1684 30 1685 26 0 26 1686 30 1687 26 0 26 1688 30 1689 26 0 26 1690 30 1691 26 0 26 0 26 0 26 1692 30 1693 26 0 26 0 26 0 26 1694 30 1695 26 1696 30 1697 26 1698 30 1699 26 1700 30 1701 26 1702 30 1703 26 1704 30 1705 26 1706 30 1707 26 1708 30 1709 26 1710 30 1711 26 1712 30 1713 26 1714 30 1715 26 1716 30 1717 26 1718 30 1719 26 1720 30 1721 26 1722 30 1723 26 1724 30 1725 26 1726 30 1727 26 1728 30 1729 26 1730 30 1731 26 1732 30 1733 26 1734 30 1735 26 1736 30 1737 26 1738 30 1739 26 1740 30 1741 26 1742 30 1743 26 1744 30 1745 26 1746 30 1747 26 1748 30 1749 26 1750 30 1751 26 1752 30 1753 26 1754 30 1755 18 1756 26 1757 18 1758 26 1759 18 1760 26 1761 18 1762 26 1763 18 1764 26 1765 18 1766 26 1767 18 1768 26 1769 18 1770 26 1771 18 1772 26 1773 18 1774 26 1775 18 1776 26 1777 18 1778 26 1779 18 1780 26 1781 18 1782 26 1783 18 1784 26 1785 18 1786 26 1787 18 1788 26 1789 18 1790 26 1791 18 1792 26 1793 18 1794 26 1795 18 1796 26 1797 18 1798 26 1799 18 1800 26 1801 18 1802 26 1803 18 1804 26 1805 18 1806 26 1807 18 1808 26 1809 18 1810 26 1811 18 1812 26 1813 18 1814 26 1815 18 1816 26 1817 18 1818 26 1819 18 1820 26 1821 18 1822 26 1823 18 1824 26 1825 18 1826 26 1827 18 1828 26 1829 18 1830 26 1831 18 1832 26 1833 18 1834 26 1835 26 0 18 1836 26 1837 18 1838 26 1839 26 0 26 0 18 1840 26 1841 26 0 18 1842 26 1843 18 1844 26 1845 26 0 26 0 18 1846 26 1847 26 0 18 1848 26 1849 26 0 26 0 26 0 26 0 26 0 26 0 10 1850 14 1851 10 1852 14 1853 10 1854 14 1855 10 1856 14 1857 26 1858 30 1859 26 1860 30 1861 26 1862 30 1863 26 1864 30 1865 11 1866 12 1867 11 1868 12 1869 11 1870 12 1871 11 1872 12 1873 11 1874 12 1875 11 1876 12 1877 11 1878 12 1879 11 1880 12 1881 11 1882 12 1883 11 1884 12 1885 11 1886 12 1887 11 1888 12 1889 11 1890 12 1891 11 1892 12 1893 11 1894 12 1895 11 1896 12 1897 11 1898 12 1899 11 1900 12 1901 11 1902 12 1903 11 1904 12 1905 11 1906 12 1907 11 1908 12 1909 11 1910 12 1911 11 1912 12 1913 11 1914 12 1915 11 1916 12 1917 11 1918 12 1919 11 1920 12 1921 11 1922 12 1923 11 1924 12 1925 11 1926 12 1927 11 1928 12 1929 11 1930 12 1931 11 1932 12 1933 11 1934 12 1935 11 1936 12 1937 11 1938 12 1939 11 1940 12 1941 11 1942 12 1943 11 1944 12 1945 12 0 11 1946 12 1947 11 1948 12 1949 12 0 12 0 11 1950 12 1951 12 0 11 1952 12 1953 11 1954 12 1955 12 0 12 0 11 1956 12 1957 12 0 11 1958 12 1959 12 0 12 0 12 0 12 0 12 0 12 0 11 1960 12 1961 11 1962 12 1963 11 1964 12 1965 11 1966 12 1967 11 1968 12 1969 11 1970 12 1971 11 1972 12 1973 11 1974 12 1975 11 1976 12 1977 11 1978 12 1979 11 1980 12 1981 11 1982 12 1983 7 1984 12 1985 12 0 12 0 7 1986 12 1987 7 1988 12 1989 12 0 7 1990 12 1991 12 0 12 0 7 1992 12 1993 7 1994 9 1995 7 1996 9 1997 7 1998 9 1999 7 2000 9 2001 7 2002 9 2003 7 2004 9 2005 7 2006 9 2007 7 2008 9 2009 7 2010 9 2011 7 2012 9 2013 9 0 9 0 9 0 9 0 9 0 9 0 9 0 9 0 9 0 9 0 9 0 12 0 7 0 12 0 7 2014 9 2015 9 0 7 0 7 0 7 2016 12 2017 7 2018 9 2019 7 2020 9 2021 9 0 9 0 9 0 7 2022 9 2023 7 2024 9 2025 9 0 9 0 7 2026 9 2027 7 2028 9 2029 7 2030 9 2031 9 0 7 0 9 0 7 2032 9 2033 7 2034 9 2035 7 2036 12 2037 7 0 7 0 12 0 7 2038 12 2039 7 0 7 2040 12 2041 12 0 7 0 12 0 12 0 12 0 12 0 12 0 12 0 12 0 12 0 12 0 12 0 12 0 12 0 12 0 12 0 4 2042 5 2043 12 2044 12 0 7 2045 12 2046 4 2047 12 2048 4 2049 5 2050 4 2051 5 2052 4 2053 5 2054 4 2055 5 2056 5 0 5 0 4 2057 5 2058 5 0 4 2059 5 2060 5 0 5 0 5 0 5 0 4 0 7 2061 12 2062 12 0 4 2063 5 2064 5 0 4 0 4 0 4 2065 12 2066 4 2067 5 2068 5 0 5 0 4 2069 5 2070 4 2071 5 2072 4 2073 5 2074 5 0 12 0 4 0 5 0 4 2075 5 2076 4 2077 5 2078 7 2079 12 2080 4 0 12 0 4 2081 5 2082 5 0 5 0 5 0 4 2083 5 2084 4 2085 5 2086 4 0 12 0 4 2087 12 2088 12 0 12 0 4 0 4 0 12 0 12 0 12 0 12 0 12 0 12 0 12 0 12 0 6 2089 12 2090 12 0 4 2091 12 2092 7 2093 12 2094 6 2095 8 2096 6 2097 8 2098 6 2099 8 2100 6 2101 8 2102 6 2103 8 2104 6 2105 8 2106 8 0 8 0 8 0 8 0 8 0 8 0 8 0 12 0 6 0 4 2107 12 2108 6 2109 8 2110 8 0 6 0 6 0 7 2111 12 2112 6 2113 8 2114 6 2115 8 2116 6 2117 8 2118 8 0 8 0 8 0 6 2119 8 2120 12 0 12 0 6 0 8 0 6 2121 8 2122 6 2123 8 2124 4 2125 12 2126 6 0 8 0 8 0 6 2127 8 2128 6 2129 8 2130 6 2131 8 2132 8 0 6 0 12 0 7 2133 12 2134 12 0 12 0 6 0 6 0 12 0 12 0 12 0 12 0 12 0 12 0 12 0 12 0 27 2135 28 2136 27 2137 28 2138 27 2139 28 2140 27 2141 28 2142 27 2143 28 2144 27 2145 28 2146 27 2147 28 2148 27 2149 28 2150 27 2151 28 2152 27 2153 28 2154 27 2155 28 2156 27 2157 28 2158 27 2159 28 2160 27 2161 28 2162 27 2163 28 2164 27 2165 28 2166 27 2167 28 2168 27 2169 28 2170 27 2171 28 2172 27 2173 28 2174 27 2175 28 2176 27 2177 28 2178 27 2179 28 2180 27 2181 28 2182 27 2183 28 2184 27 2185 28 2186 27 2187 28 2188 27 2189 28 2190 27 2191 28 2192 27 2193 28 2194 27 2195 28 2196 27 2197 28 2198 27 2199 28 2200 27 2201 28 2202 27 2203 28 2204 27 2205 28 2206 27 2207 28 2208 27 2209 28 2210 27 2211 28 2212 27 2213 28 2214 28 0 28 0 27 2215 28 2216 27 2217 28 2218 28 0 27 2219 28 2220 28 0 28 0 27 2221 28 2222 27 2223 28 2224 28 0 27 2225 28 2226 28 0 27 2227 28 2228 28 0 28 0 28 0 28 0 28 0 28 0 27 2229 28 2230 27 2231 28 2232 27 2233 28 2234 27 2235 28 2236 27 2237 28 2238 27 2239 28 2240 27 2241 28 2242 27 2243 28 2244 27 2245 28 2246 27 2247 28 2248 27 2249 28 2250 27 2251 28 2252 23 2253 28 2254 23 2255 28 2256 28 0 28 0 23 2257 28 2258 28 0 23 2259 28 2260 28 0 23 2261 28 2262 28 0 23 2263 25 2264 23 2265 25 2266 23 2267 25 2268 23 2269 25 2270 23 2271 25 2272 23 2273 25 2274 23 2275 25 2276 23 2277 25 2278 23 2279 25 2280 23 2281 25 2282 25 0 25 0 25 0 25 0 25 0 25 0 25 0 25 0 25 0 25 0 25 0 28 0 28 0 23 0 23 2283 25 2284 23 2285 28 2286 23 0 23 0 25 0 23 2287 25 2288 23 2289 25 2290 23 2291 25 2292 25 0 25 0 25 0 23 2293 25 2294 25 0 23 2295 25 2296 23 2297 25 2298 23 2299 25 2300 25 0 25 0 23 0 23 2301 28 2302 23 2303 25 2304 23 2305 25 2306 25 0 23 0 23 0 23 2307 28 2308 28 0 23 0 28 0 23 2309 28 2310 23 0 28 0 28 0 28 0 28 0 28 0 28 0 28 0 28 0 28 0 28 0 28 0 28 0 28 0 28 0 20 2311 21 2312 28 2313 23 2314 28 2315 28 0 20 2316 28 2317 20 2318 21 2319 20 2320 21 2321 20 2322 21 2323 20 2324 21 2325 21 0 21 0 20 2326 21 2327 21 0 20 2328 21 2329 21 0 21 0 21 0 21 0 20 0 28 0 23 2330 28 2331 20 2332 21 2333 20 2334 28 2335 20 0 20 0 21 0 20 2336 21 2337 21 0 20 2338 21 2339 20 2340 21 2341 20 2342 21 2343 21 0 21 0 28 0 20 0 23 2344 28 2345 20 2346 21 2347 20 2348 21 2349 21 0 20 0 28 0 20 2350 21 2351 20 2352 21 2353 21 0 21 0 21 0 20 2354 21 2355 20 0 20 2356 28 2357 28 0 28 0 20 0 28 0 20 0 28 0 28 0 28 0 28 0 28 0 28 0 28 0 28 0 22 2358 28 2359 20 2360 28 2361 28 0 23 2362 28 2363 22 2364 24 2365 22 2366 24 2367 22 2368 24 2369 22 2370 24 2371 22 2372 24 2373 22 2374 24 2375 24 0 24 0 24 0 24 0 24 0 24 0 24 0 28 0 20 2376 28 2377 22 0 22 2378 24 2379 23 2380 28 2381 22 0 22 0 24 0 22 2382 24 2383 22 2384 24 2385 24 0 24 0 24 0 22 2386 24 2387 22 2388 24 2389 28 0 28 0 22 0 20 2390 28 2391 22 2392 24 2393 22 2394 24 2395 24 0 22 0 24 0 22 2396 24 2397 22 2398 24 2399 22 2400 24 2401 24 0 24 0 22 0 23 2402 28 2403 28 0 28 0 22 0 28 0 22 0 28 0 28 0 28 0 28 0 28 0 28 0 28 0 28 0 33 2404 42 2405 44 2406</v>
        </vertex_weights>
      </skin>
    </controller>
  </library_controllers>
  <library_lights>
    <light id="EnvironmentAmbientLight" name="EnvironmentAmbientLight">
      <technique_common>
        <ambient>
          <color>0 0 0</color>
        </ambient>
      </technique_common>
    </light>
  </library_lights>
  <library_images>
    <image id="magic_carpet_diff_png">
      <init_from>./magic_carpet_diff.png</init_from>
    </image>
  </library_images>
  <library_visual_scenes>
    <visual_scene id="MaxScene">
      <node name="EnvironmentAmbientLight">
        <instance_light url="#EnvironmentAmbientLight"/>
      </node>
      <node id="node-Bip001" name="Bip001" sid="joint0" type="JOINT">
        <translate>0 0 242.5847</translate>
        <rotate>0 0 1 -89.99993</rotate>
        <scale>0.3937008 0.3937008 0.3937008</scale>
        <node id="node-Bip001_Pelvis" name="Bip001_Pelvis" sid="joint17" type="JOINT">
          <rotate>0.5773502 0.5773504 0.5773502 -119.9999</rotate>
          <node id="node-Bip001_Spine" name="Bip001_Spine" sid="joint32" type="JOINT">
            <translate>69.77161 0.02391106 9.04134e-5</translate>
            <rotate>0.005388473 0.001798542 -0.9999838 -0.04562594</rotate>
            <node id="node-Bip001_L_Thigh" name="Bip001_L_Thigh" sid="joint13" type="JOINT">
              <translate>-69.77155 0.03096426 256.291</translate>
              <rotate>-0.003114018 0.9999946 0.001058824 -150.4975</rotate>
              <node id="node-Bip001_L_Calf" name="Bip001_L_Calf" sid="joint2" type="JOINT">
                <translate>270.4541 -1.43051e-6 0</translate>
                <node id="node-Bip001_L_Foot" name="Bip001_L_Foot" sid="joint10" type="JOINT">
                  <translate>270.454 2.38419e-7 -1.2207e-4</translate>
                  <rotate>0.1290197 -0.1177745 0.9846233 -89.67494</rotate>
                  <node id="node-Bip001_L_Toe0" name="Bip001_L_Toe0" sid="joint14" type="JOINT">
                    <translate>0.7821808 94.63753 0.600769</translate>
                    <rotate>0.01873916 -0.0187392 -0.9996488 -90.02014</rotate>
                    <extra>
                      <technique profile="OpenCOLLADA">
                        <cast_shadows sid="cast_shadows" type="bool">1</cast_shadows>
                        <receive_shadows sid="receive_shadows" type="bool">1</receive_shadows>
                        <primary_visibility sid="primary_visibility" type="bool">1</primary_visibility>
                        <secondary_visibility sid="secondary_visibility" type="bool">1</secondary_visibility>
                      </technique>
                    </extra>
                  </node>
                  <extra>
                    <technique profile="OpenCOLLADA">
                      <cast_shadows sid="cast_shadows" type="bool">1</cast_shadows>
                      <receive_shadows sid="receive_shadows" type="bool">1</receive_shadows>
                      <primary_visibility sid="primary_visibility" type="bool">1</primary_visibility>
                      <secondary_visibility sid="secondary_visibility" type="bool">1</secondary_visibility>
                    </technique>
                  </extra>
                </node>
                <extra>
                  <technique profile="OpenCOLLADA">
                    <cast_shadows sid="cast_shadows" type="bool">1</cast_shadows>
                    <receive_shadows sid="receive_shadows" type="bool">1</receive_shadows>
                    <primary_visibility sid="primary_visibility" type="bool">1</primary_visibility>
                    <secondary_visibility sid="secondary_visibility" type="bool">1</secondary_visibility>
                  </technique>
                </extra>
              </node>
              <extra>
                <technique profile="OpenCOLLADA">
                  <cast_shadows sid="cast_shadows" type="bool">1</cast_shadows>
                  <receive_shadows sid="receive_shadows" type="bool">1</receive_shadows>
                  <primary_visibility sid="primary_visibility" type="bool">1</primary_visibility>
                  <secondary_visibility sid="secondary_visibility" type="bool">1</secondary_visibility>
                </technique>
              </extra>
            </node>
            <node id="node-Bip001_R_Thigh" name="Bip001_R_Thigh" sid="joint29" type="JOINT">
              <translate>-69.77148 0.03238523 -256.291</translate>
              <rotate>-0.003113316 0.9999946 -0.001056013 -209.5026</rotate>
              <node id="node-Bip001_R_Calf" name="Bip001_R_Calf" sid="joint18" type="JOINT">
                <translate>270.4541 -9.53674e-7 -6.10352e-5</translate>
                <node id="node-Bip001_R_Foot" name="Bip001_R_Foot" sid="joint26" type="JOINT">
                  <translate>270.454 -5.96046e-6 6.10352e-5</translate>
                  <rotate>-0.1290196 0.1177742 0.9846234 -89.67491</rotate>
                  <node id="node-Bip001_R_Toe0" name="Bip001_R_Toe0" sid="joint30" type="JOINT">
                    <translate>0.782186 94.63748 -0.6008606</translate>
                    <rotate>-0.01873913 0.01873912 -0.9996488 -90.02014</rotate>
                    <extra>
                      <technique profile="OpenCOLLADA">
                        <cast_shadows sid="cast_shadows" type="bool">1</cast_shadows>
                        <receive_shadows sid="receive_shadows" type="bool">1</receive_shadows>
                        <primary_visibility sid="primary_visibility" type="bool">1</primary_visibility>
                        <secondary_visibility sid="secondary_visibility" type="bool">1</secondary_visibility>
                      </technique>
                    </extra>
                  </node>
                  <extra>
                    <technique profile="OpenCOLLADA">
                      <cast_shadows sid="cast_shadows" type="bool">1</cast_shadows>
                      <receive_shadows sid="receive_shadows" type="bool">1</receive_shadows>
                      <primary_visibility sid="primary_visibility" type="bool">1</primary_visibility>
                      <secondary_visibility sid="secondary_visibility" type="bool">1</secondary_visibility>
                    </technique>
                  </extra>
                </node>
                <extra>
                  <technique profile="OpenCOLLADA">
                    <cast_shadows sid="cast_shadows" type="bool">1</cast_shadows>
                    <receive_shadows sid="receive_shadows" type="bool">1</receive_shadows>
                    <primary_visibility sid="primary_visibility" type="bool">1</primary_visibility>
                    <secondary_visibility sid="secondary_visibility" type="bool">1</secondary_visibility>
                  </technique>
                </extra>
              </node>
              <extra>
                <technique profile="OpenCOLLADA">
                  <cast_shadows sid="cast_shadows" type="bool">1</cast_shadows>
                  <receive_shadows sid="receive_shadows" type="bool">1</receive_shadows>
                  <primary_visibility sid="primary_visibility" type="bool">1</primary_visibility>
                  <secondary_visibility sid="secondary_visibility" type="bool">1</secondary_visibility>
                </technique>
              </extra>
            </node>
            <node id="node-Bip001_Spine1" name="Bip001_Spine1" sid="joint33" type="JOINT">
              <translate>106.8202 -0.08505821 -3.59083e-7</translate>
              <node id="node-Bip001_Spine2" name="Bip001_Spine2" sid="joint34" type="JOINT">
                <translate>106.82 -0.08505803 -3.49071e-7</translate>
                <node id="node-Bip001_Spine3" name="Bip001_Spine3" sid="joint35" type="JOINT">
                  <translate>106.8203 -0.08505833 -3.59141e-7</translate>
                  <node id="node-Bip001_Spine4" name="Bip001_Spine4" sid="joint36" type="JOINT">
                    <translate>106.8201 -0.08505815 -3.59054e-7</translate>
                    <node id="node-Bip001_Spine5" name="Bip001_Spine5" sid="joint37" type="JOINT">
                      <translate>106.8201 -0.08505809 -3.49042e-7</translate>
                      <node id="node-Bip001_Spine6" name="Bip001_Spine6" sid="joint38" type="JOINT">
                        <translate>106.8199 -0.0850578 -3.58996e-7</translate>
                        <node id="node-Bip001_Neck" name="Bip001_Neck" sid="joint16" type="JOINT">
                          <translate>113.7125 -17.89951 -1.1927e-5</translate>
                          <node id="node-Bip001_Head" name="Bip001_Head" sid="joint1" type="JOINT">
                            <translate>86.49707 3.872112 8.71357e-6</translate>
                            <rotate>-5.7988e-10 -1.39745e-6 1 -0.04570762</rotate>
                            <extra>
                              <technique profile="OpenCOLLADA">
                                <cast_shadows sid="cast_shadows" type="bool">1</cast_shadows>
                                <receive_shadows sid="receive_shadows" type="bool">1</receive_shadows>
                                <primary_visibility sid="primary_visibility" type="bool">1</primary_visibility>
                                <secondary_visibility sid="secondary_visibility" type="bool">1</secondary_visibility>
                              </technique>
                            </extra>
                          </node>
                          <node id="node-Bip001_L_Clavicle" name="Bip001_L_Clavicle" sid="joint3" type="JOINT">
                            <translate>-219.5072 18.06797 169.5214</translate>
                            <rotate>0.9338498 -3.72267e-4 0.3576654 -180.0162</rotate>
                            <node id="node-Bip001_L_UpperArm" name="Bip001_L_UpperArm" sid="joint15" type="JOINT">
                              <translate>87.78589 -1.14962e-5 1.2207e-4</translate>
                              <rotate>-0.9375269 0.3102516 -0.1574397 -4.399824</rotate>
                              <node id="node-Bip001_L_Forearm" name="Bip001_L_Forearm" sid="joint11" type="JOINT">
                                <translate>240.8446 1.52588e-5 6.10352e-5</translate>
                                <node id="node-Bip001_L_Hand" name="Bip001_L_Hand" sid="joint12" type="JOINT">
                                  <translate>223.7302 -3.43323e-5 -6.10352e-5</translate>
                                  <rotate>0.9992683 -0.03698029 -0.009766117 -180.2229</rotate>
                                  <node id="node-Bip001_L_Finger0" name="Bip001_L_Finger0" sid="joint4" type="JOINT">
                                    <translate>54.59192 -7.026993 -22.64563</translate>
                                    <rotate>-0.9894105 -0.07000851 0.1271445 -86.38844</rotate>
                                    <node id="node-Bip001_L_Finger01" name="Bip001_L_Finger01" sid="joint5" type="JOINT">
                                      <translate>52.32532 6.10352e-5 0</translate>
                                      <rotate>1.12906e-8 -4.10176e-8 -1 -15.33597</rotate>
                                      <extra>
                                        <technique profile="OpenCOLLADA">
                                          <cast_shadows sid="cast_shadows" type="bool">1</cast_shadows>
                                          <receive_shadows sid="receive_shadows" type="bool">1</receive_shadows>
                                          <primary_visibility sid="primary_visibility" type="bool">1</primary_visibility>
                                          <secondary_visibility sid="secondary_visibility" type="bool">1</secondary_visibility>
                                        </technique>
                                      </extra>
                                    </node>
                                    <extra>
                                      <technique profile="OpenCOLLADA">
                                        <cast_shadows sid="cast_shadows" type="bool">1</cast_shadows>
                                        <receive_shadows sid="receive_shadows" type="bool">1</receive_shadows>
                                        <primary_visibility sid="primary_visibility" type="bool">1</primary_visibility>
                                        <secondary_visibility sid="secondary_visibility" type="bool">1</secondary_visibility>
                                      </technique>
                                    </extra>
                                  </node>
                                  <node id="node-Bip001_L_Finger1" name="Bip001_L_Finger1" sid="joint6" type="JOINT">
                                    <translate>52.0249 -28.82579 0.6091309</translate>
                                    <rotate>0.1984491 0.2586946 0.9453545 -19.27131</rotate>
                                    <node id="node-Bip001_L_Finger11" name="Bip001_L_Finger11" sid="joint8" type="JOINT">
                                      <translate>51.71741 -9.15527e-5 1.83105e-4</translate>
                                      <rotate>-1.11585e-8 -5.17931e-7 -1 -15.20062</rotate>
                                      <extra>
                                        <technique profile="OpenCOLLADA">
                                          <cast_shadows sid="cast_shadows" type="bool">1</cast_shadows>
                                          <receive_shadows sid="receive_shadows" type="bool">1</receive_shadows>
                                          <primary_visibility sid="primary_visibility" type="bool">1</primary_visibility>
                                          <secondary_visibility sid="secondary_visibility" type="bool">1</secondary_visibility>
                                        </technique>
                                      </extra>
                                    </node>
                                    <extra>
                                      <technique profile="OpenCOLLADA">
                                        <cast_shadows sid="cast_shadows" type="bool">1</cast_shadows>
                                        <receive_shadows sid="receive_shadows" type="bool">1</receive_shadows>
                                        <primary_visibility sid="primary_visibility" type="bool">1</primary_visibility>
                                        <secondary_visibility sid="secondary_visibility" type="bool">1</secondary_visibility>
                                      </technique>
                                    </extra>
                                  </node>
                                  <node id="node-Bip001_L_Finger2" name="Bip001_L_Finger2" sid="joint7" type="JOINT">
                                    <translate>52.05347 8.807724 9.558105</translate>
                                    <rotate>0.9912276 0.09062926 0.0961992 -141.7122</rotate>
                                    <node id="node-Bip001_L_Finger21" name="Bip001_L_Finger21" sid="joint9" type="JOINT">
                                      <translate>50.96301 -2.44141e-4 -2.44141e-4</translate>
                                      <rotate>1.49012e-8 1.3474e-7 -1 -14.17591</rotate>
                                      <extra>
                                        <technique profile="OpenCOLLADA">
                                          <cast_shadows sid="cast_shadows" type="bool">1</cast_shadows>
                                          <receive_shadows sid="receive_shadows" type="bool">1</receive_shadows>
                                          <primary_visibility sid="primary_visibility" type="bool">1</primary_visibility>
                                          <secondary_visibility sid="secondary_visibility" type="bool">1</secondary_visibility>
                                        </technique>
                                      </extra>
                                    </node>
                                    <extra>
                                      <technique profile="OpenCOLLADA">
                                        <cast_shadows sid="cast_shadows" type="bool">1</cast_shadows>
                                        <receive_shadows sid="receive_shadows" type="bool">1</receive_shadows>
                                        <primary_visibility sid="primary_visibility" type="bool">1</primary_visibility>
                                        <secondary_visibility sid="secondary_visibility" type="bool">1</secondary_visibility>
                                      </technique>
                                    </extra>
                                  </node>
                                  <extra>
                                    <technique profile="OpenCOLLADA">
                                      <cast_shadows sid="cast_shadows" type="bool">1</cast_shadows>
                                      <receive_shadows sid="receive_shadows" type="bool">1</receive_shadows>
                                      <primary_visibility sid="primary_visibility" type="bool">1</primary_visibility>
                                      <secondary_visibility sid="secondary_visibility" type="bool">1</secondary_visibility>
                                    </technique>
                                  </extra>
                                </node>
                                <extra>
                                  <technique profile="OpenCOLLADA">
                                    <cast_shadows sid="cast_shadows" type="bool">1</cast_shadows>
                                    <receive_shadows sid="receive_shadows" type="bool">1</receive_shadows>
                                    <primary_visibility sid="primary_visibility" type="bool">1</primary_visibility>
                                    <secondary_visibility sid="secondary_visibility" type="bool">1</secondary_visibility>
                                  </technique>
                                </extra>
                              </node>
                              <extra>
                                <technique profile="OpenCOLLADA">
                                  <cast_shadows sid="cast_shadows" type="bool">1</cast_shadows>
                                  <receive_shadows sid="receive_shadows" type="bool">1</receive_shadows>
                                  <primary_visibility sid="primary_visibility" type="bool">1</primary_visibility>
                                  <secondary_visibility sid="secondary_visibility" type="bool">1</secondary_visibility>
                                </technique>
                              </extra>
                            </node>
                            <extra>
                              <technique profile="OpenCOLLADA">
                                <cast_shadows sid="cast_shadows" type="bool">1</cast_shadows>
                                <receive_shadows sid="receive_shadows" type="bool">1</receive_shadows>
                                <primary_visibility sid="primary_visibility" type="bool">1</primary_visibility>
                                <secondary_visibility sid="secondary_visibility" type="bool">1</secondary_visibility>
                              </technique>
                            </extra>
                          </node>
                          <node id="node-Bip001_R_Clavicle" name="Bip001_R_Clavicle" sid="joint19" type="JOINT">
                            <translate>-219.507 18.06891 -169.5214</translate>
                            <rotate>0.9338496 -3.71374e-4 -0.3576657 -179.9835</rotate>
                            <node id="node-Bip001_R_UpperArm" name="Bip001_R_UpperArm" sid="joint31" type="JOINT">
                              <translate>87.78571 -1.41189e-5 -6.10352e-5</translate>
                              <rotate>0.9375274 -0.3102502 -0.1574397 -4.39982</rotate>
                              <node id="node-Bip001_R_Forearm" name="Bip001_R_Forearm" sid="joint27" type="JOINT">
                                <translate>240.8447 2.28882e-5 -1.2207e-4</translate>
                                <node id="node-Bip001_R_Hand" name="Bip001_R_Hand" sid="joint28" type="JOINT">
                                  <translate>223.73 -2.28882e-5 3.66211e-4</translate>
                                  <rotate>0.9992683 -0.03698029 0.009765955 -179.7771</rotate>
                                  <node id="node-Bip001_R_Finger0" name="Bip001_R_Finger0" sid="joint20" type="JOINT">
                                    <translate>54.59241 -7.027023 22.64569</translate>
                                    <rotate>0.9894105 0.07000858 0.1271446 -86.38843</rotate>
                                    <node id="node-Bip001_R_Finger01" name="Bip001_R_Finger01" sid="joint21" type="JOINT">
                                      <translate>52.32544 -2.13623e-4 -1.90735e-6</translate>
                                      <rotate>-4.08364e-7 -5.77331e-8 -1 -15.33596</rotate>
                                      <extra>
                                        <technique profile="OpenCOLLADA">
                                          <cast_shadows sid="cast_shadows" type="bool">1</cast_shadows>
                                          <receive_shadows sid="receive_shadows" type="bool">1</receive_shadows>
                                          <primary_visibility sid="primary_visibility" type="bool">1</primary_visibility>
                                          <secondary_visibility sid="secondary_visibility" type="bool">1</secondary_visibility>
                                        </technique>
                                      </extra>
                                    </node>
                                    <extra>
                                      <technique profile="OpenCOLLADA">
                                        <cast_shadows sid="cast_shadows" type="bool">1</cast_shadows>
                                        <receive_shadows sid="receive_shadows" type="bool">1</receive_shadows>
                                        <primary_visibility sid="primary_visibility" type="bool">1</primary_visibility>
                                        <secondary_visibility sid="secondary_visibility" type="bool">1</secondary_visibility>
                                      </technique>
                                    </extra>
                                  </node>
                                  <node id="node-Bip001_R_Finger1" name="Bip001_R_Finger1" sid="joint22" type="JOINT">
                                    <translate>52.0249 -28.82581 -0.6088867</translate>
                                    <rotate>-0.1984491 -0.2586944 0.9453545 -19.27131</rotate>
                                    <node id="node-Bip001_R_Finger11" name="Bip001_R_Finger11" sid="joint24" type="JOINT">
                                      <translate>51.71729 0 -2.44141e-4</translate>
                                      <rotate>-4.7596e-8 -2.86531e-7 -1 -15.20061</rotate>
                                      <extra>
                                        <technique profile="OpenCOLLADA">
                                          <cast_shadows sid="cast_shadows" type="bool">1</cast_shadows>
                                          <receive_shadows sid="receive_shadows" type="bool">1</receive_shadows>
                                          <primary_visibility sid="primary_visibility" type="bool">1</primary_visibility>
                                          <secondary_visibility sid="secondary_visibility" type="bool">1</secondary_visibility>
                                        </technique>
                                      </extra>
                                    </node>
                                    <extra>
                                      <technique profile="OpenCOLLADA">
                                        <cast_shadows sid="cast_shadows" type="bool">1</cast_shadows>
                                        <receive_shadows sid="receive_shadows" type="bool">1</receive_shadows>
                                        <primary_visibility sid="primary_visibility" type="bool">1</primary_visibility>
                                        <secondary_visibility sid="secondary_visibility" type="bool">1</secondary_visibility>
                                      </technique>
                                    </extra>
                                  </node>
                                  <node id="node-Bip001_R_Finger2" name="Bip001_R_Finger2" sid="joint23" type="JOINT">
                                    <translate>52.05371 8.807755 -9.557983</translate>
                                    <rotate>0.9912276 0.09062923 -0.09619924 -218.2878</rotate>
                                    <node id="node-Bip001_R_Finger21" name="Bip001_R_Finger21" sid="joint25" type="JOINT">
                                      <translate>50.96375 1.83105e-4 -1.2207e-4</translate>
                                      <rotate>5.99196e-8 -2.76931e-7 -1 -14.1759</rotate>
                                      <extra>
                                        <technique profile="OpenCOLLADA">
                                          <cast_shadows sid="cast_shadows" type="bool">1</cast_shadows>
                                          <receive_shadows sid="receive_shadows" type="bool">1</receive_shadows>
                                          <primary_visibility sid="primary_visibility" type="bool">1</primary_visibility>
                                          <secondary_visibility sid="secondary_visibility" type="bool">1</secondary_visibility>
                                        </technique>
                                      </extra>
                                    </node>
                                    <extra>
                                      <technique profile="OpenCOLLADA">
                                        <cast_shadows sid="cast_shadows" type="bool">1</cast_shadows>
                                        <receive_shadows sid="receive_shadows" type="bool">1</receive_shadows>
                                        <primary_visibility sid="primary_visibility" type="bool">1</primary_visibility>
                                        <secondary_visibility sid="secondary_visibility" type="bool">1</secondary_visibility>
                                      </technique>
                                    </extra>
                                  </node>
                                  <extra>
                                    <technique profile="OpenCOLLADA">
                                      <cast_shadows sid="cast_shadows" type="bool">1</cast_shadows>
                                      <receive_shadows sid="receive_shadows" type="bool">1</receive_shadows>
                                      <primary_visibility sid="primary_visibility" type="bool">1</primary_visibility>
                                      <secondary_visibility sid="secondary_visibility" type="bool">1</secondary_visibility>
                                    </technique>
                                  </extra>
                                </node>
                                <extra>
                                  <technique profile="OpenCOLLADA">
                                    <cast_shadows sid="cast_shadows" type="bool">1</cast_shadows>
                                    <receive_shadows sid="receive_shadows" type="bool">1</receive_shadows>
                                    <primary_visibility sid="primary_visibility" type="bool">1</primary_visibility>
                                    <secondary_visibility sid="secondary_visibility" type="bool">1</secondary_visibility>
                                  </technique>
                                </extra>
                              </node>
                              <extra>
                                <technique profile="OpenCOLLADA">
                                  <cast_shadows sid="cast_shadows" type="bool">1</cast_shadows>
                                  <receive_shadows sid="receive_shadows" type="bool">1</receive_shadows>
                                  <primary_visibility sid="primary_visibility" type="bool">1</primary_visibility>
                                  <secondary_visibility sid="secondary_visibility" type="bool">1</secondary_visibility>
                                </technique>
                              </extra>
                            </node>
                            <extra>
                              <technique profile="OpenCOLLADA">
                                <cast_shadows sid="cast_shadows" type="bool">1</cast_shadows>
                                <receive_shadows sid="receive_shadows" type="bool">1</receive_shadows>
                                <primary_visibility sid="primary_visibility" type="bool">1</primary_visibility>
                                <secondary_visibility sid="secondary_visibility" type="bool">1</secondary_visibility>
                              </technique>
                            </extra>
                          </node>
                          <extra>
                            <technique profile="OpenCOLLADA">
                              <cast_shadows sid="cast_shadows" type="bool">1</cast_shadows>
                              <receive_shadows sid="receive_shadows" type="bool">1</receive_shadows>
                              <primary_visibility sid="primary_visibility" type="bool">1</primary_visibility>
                              <secondary_visibility sid="secondary_visibility" type="bool">1</secondary_visibility>
                            </technique>
                          </extra>
                        </node>
                        <extra>
                          <technique profile="OpenCOLLADA">
                            <cast_shadows sid="cast_shadows" type="bool">1</cast_shadows>
                            <receive_shadows sid="receive_shadows" type="bool">1</receive_shadows>
                            <primary_visibility sid="primary_visibility" type="bool">1</primary_visibility>
                            <secondary_visibility sid="secondary_visibility" type="bool">1</secondary_visibility>
                          </technique>
                        </extra>
                      </node>
                      <extra>
                        <technique profile="OpenCOLLADA">
                          <cast_shadows sid="cast_shadows" type="bool">1</cast_shadows>
                          <receive_shadows sid="receive_shadows" type="bool">1</receive_shadows>
                          <primary_visibility sid="primary_visibility" type="bool">1</primary_visibility>
                          <secondary_visibility sid="secondary_visibility" type="bool">1</secondary_visibility>
                        </technique>
                      </extra>
                    </node>
                    <extra>
                      <technique profile="OpenCOLLADA">
                        <cast_shadows sid="cast_shadows" type="bool">1</cast_shadows>
                        <receive_shadows sid="receive_shadows" type="bool">1</receive_shadows>
                        <primary_visibility sid="primary_visibility" type="bool">1</primary_visibility>
                        <secondary_visibility sid="secondary_visibility" type="bool">1</secondary_visibility>
                      </technique>
                    </extra>
                  </node>
                  <extra>
                    <technique profile="OpenCOLLADA">
                      <cast_shadows sid="cast_shadows" type="bool">1</cast_shadows>
                      <receive_shadows sid="receive_shadows" type="bool">1</receive_shadows>
                      <primary_visibility sid="primary_visibility" type="bool">1</primary_visibility>
                      <secondary_visibility sid="secondary_visibility" type="bool">1</secondary_visibility>
                    </technique>
                  </extra>
                </node>
                <extra>
                  <technique profile="OpenCOLLADA">
                    <cast_shadows sid="cast_shadows" type="bool">1</cast_shadows>
                    <receive_shadows sid="receive_shadows" type="bool">1</receive_shadows>
                    <primary_visibility sid="primary_visibility" type="bool">1</primary_visibility>
                    <secondary_visibility sid="secondary_visibility" type="bool">1</secondary_visibility>
                  </technique>
                </extra>
              </node>
              <extra>
                <technique profile="OpenCOLLADA">
                  <cast_shadows sid="cast_shadows" type="bool">1</cast_shadows>
                  <receive_shadows sid="receive_shadows" type="bool">1</receive_shadows>
                  <primary_visibility sid="primary_visibility" type="bool">1</primary_visibility>
                  <secondary_visibility sid="secondary_visibility" type="bool">1</secondary_visibility>
                </technique>
              </extra>
            </node>
            <extra>
              <technique profile="OpenCOLLADA">
                <cast_shadows sid="cast_shadows" type="bool">1</cast_shadows>
                <receive_shadows sid="receive_shadows" type="bool">1</receive_shadows>
                <primary_visibility sid="primary_visibility" type="bool">1</primary_visibility>
                <secondary_visibility sid="secondary_visibility" type="bool">1</secondary_visibility>
              </technique>
            </extra>
          </node>
          <extra>
            <technique profile="OpenCOLLADA">
              <cast_shadows sid="cast_shadows" type="bool">1</cast_shadows>
              <receive_shadows sid="receive_shadows" type="bool">1</receive_shadows>
              <primary_visibility sid="primary_visibility" type="bool">1</primary_visibility>
              <secondary_visibility sid="secondary_visibility" type="bool">1</secondary_visibility>
            </technique>
          </extra>
        </node>
        <node id="node-Bip001_BottomBones_1" name="Bip001_BottomBones_1" sid="joint39" type="JOINT">
          <translate>7.004052 -1.12309e-4 -102.2897</translate>
          <rotate>-0.5772203 0.5776102 0.5772203 -239.9665</rotate>
          <node id="node-Bip001_BottomBones_2" name="Bip001_BottomBones_2" sid="joint40" type="JOINT">
            <translate>122.1775 -0.09728289 -6.85453e-7</translate>
            <node id="node-Bip001_BottomBones_3" name="Bip001_BottomBones_3" sid="joint41" type="JOINT">
              <translate>124.9267 -0.1112909 -7.7486e-7</translate>
              <extra>
                <technique profile="OpenCOLLADA">
                  <cast_shadows sid="cast_shadows" type="bool">1</cast_shadows>
                  <receive_shadows sid="receive_shadows" type="bool">1</receive_shadows>
                  <primary_visibility sid="primary_visibility" type="bool">1</primary_visibility>
                  <secondary_visibility sid="secondary_visibility" type="bool">1</secondary_visibility>
                </technique>
              </extra>
            </node>
            <extra>
              <technique profile="OpenCOLLADA">
                <cast_shadows sid="cast_shadows" type="bool">1</cast_shadows>
                <receive_shadows sid="receive_shadows" type="bool">1</receive_shadows>
                <primary_visibility sid="primary_visibility" type="bool">1</primary_visibility>
                <secondary_visibility sid="secondary_visibility" type="bool">1</secondary_visibility>
              </technique>
            </extra>
          </node>
          <extra>
            <technique profile="OpenCOLLADA">
              <cast_shadows sid="cast_shadows" type="bool">1</cast_shadows>
              <receive_shadows sid="receive_shadows" type="bool">1</receive_shadows>
              <primary_visibility sid="primary_visibility" type="bool">1</primary_visibility>
              <secondary_visibility sid="secondary_visibility" type="bool">1</secondary_visibility>
            </technique>
          </extra>
        </node>
        <node id="node-Bip001_SideBones_1_L" name="Bip001_SideBones_1_L" sid="joint42" type="JOINT">
          <translate>-14.63488 130.3728 272.9799</translate>
          <rotate>0.577503 0.5770433 0.5775045 -239.9738</rotate>
          <node id="node-Bip001_SideBones_2_L" name="Bip001_SideBones_2_L" sid="joint44" type="JOINT">
            <translate>131.0985 -0.1044312 -1.7643e-4</translate>
            <node id="node-Bip001_SideBones_3_L" name="Bip001_SideBones_3_L" sid="joint46" type="JOINT">
              <translate>131.527 -0.1322021 -1.85966e-4</translate>
              <extra>
                <technique profile="OpenCOLLADA">
                  <cast_shadows sid="cast_shadows" type="bool">1</cast_shadows>
                  <receive_shadows sid="receive_shadows" type="bool">1</receive_shadows>
                  <primary_visibility sid="primary_visibility" type="bool">1</primary_visibility>
                  <secondary_visibility sid="secondary_visibility" type="bool">1</secondary_visibility>
                </technique>
              </extra>
            </node>
            <extra>
              <technique profile="OpenCOLLADA">
                <cast_shadows sid="cast_shadows" type="bool">1</cast_shadows>
                <receive_shadows sid="receive_shadows" type="bool">1</receive_shadows>
                <primary_visibility sid="primary_visibility" type="bool">1</primary_visibility>
                <secondary_visibility sid="secondary_visibility" type="bool">1</secondary_visibility>
              </technique>
            </extra>
          </node>
          <extra>
            <technique profile="OpenCOLLADA">
              <cast_shadows sid="cast_shadows" type="bool">1</cast_shadows>
              <receive_shadows sid="receive_shadows" type="bool">1</receive_shadows>
              <primary_visibility sid="primary_visibility" type="bool">1</primary_visibility>
              <secondary_visibility sid="secondary_visibility" type="bool">1</secondary_visibility>
            </technique>
          </extra>
        </node>
        <node id="node-Bip001_SideBones_1_R" name="Bip001_SideBones_1_R" sid="joint43" type="JOINT">
          <translate>-14.63489 -130.3728 272.9799</translate>
          <rotate>-0.5771964 0.5776563 0.577198 -119.9736</rotate>
          <node id="node-Bip001_SideBones_2_R" name="Bip001_SideBones_2_R" sid="joint45" type="JOINT">
            <translate>131.0984 -0.1043091 1.72615e-4</translate>
            <node id="node-Bip001_SideBones_3_R" name="Bip001_SideBones_3_R" sid="joint47" type="JOINT">
              <translate>131.5271 -0.1322632 1.83105e-4</translate>
              <extra>
                <technique profile="OpenCOLLADA">
                  <cast_shadows sid="cast_shadows" type="bool">1</cast_shadows>
                  <receive_shadows sid="receive_shadows" type="bool">1</receive_shadows>
                  <primary_visibility sid="primary_visibility" type="bool">1</primary_visibility>
                  <secondary_visibility sid="secondary_visibility" type="bool">1</secondary_visibility>
                </technique>
              </extra>
            </node>
            <extra>
              <technique profile="OpenCOLLADA">
                <cast_shadows sid="cast_shadows" type="bool">1</cast_shadows>
                <receive_shadows sid="receive_shadows" type="bool">1</receive_shadows>
                <primary_visibility sid="primary_visibility" type="bool">1</primary_visibility>
                <secondary_visibility sid="secondary_visibility" type="bool">1</secondary_visibility>
              </technique>
            </extra>
          </node>
          <extra>
            <technique profile="OpenCOLLADA">
              <cast_shadows sid="cast_shadows" type="bool">1</cast_shadows>
              <receive_shadows sid="receive_shadows" type="bool">1</receive_shadows>
              <primary_visibility sid="primary_visibility" type="bool">1</primary_visibility>
              <secondary_visibility sid="secondary_visibility" type="bool">1</secondary_visibility>
            </technique>
          </extra>
        </node>
        <extra>
          <technique profile="OpenCOLLADA">
            <cast_shadows sid="cast_shadows" type="bool">1</cast_shadows>
            <receive_shadows sid="receive_shadows" type="bool">1</receive_shadows>
            <primary_visibility sid="primary_visibility" type="bool">1</primary_visibility>
            <secondary_visibility sid="secondary_visibility" type="bool">1</secondary_visibility>
          </technique>
        </extra>
      </node>
      <node id="node-magic_carpet_lod0" name="magic_carpet_lod0">
        <instance_controller url="#geom-magic_carpet_lod0-skin1">
          <skeleton>#node-Bip001</skeleton>
          <bind_material>
            <technique_common>
              <instance_material symbol="magic_carpet_mat" target="#magic_carpet_mat-material">
                <bind_vertex_input semantic="CHANNEL1" input_semantic="TEXCOORD" input_set="0"/>
              </instance_material>
            </technique_common>
          </bind_material>
        </instance_controller>
        <extra>
          <technique profile="OpenCOLLADA">
            <cast_shadows sid="cast_shadows" type="bool">1</cast_shadows>
            <receive_shadows sid="receive_shadows" type="bool">1</receive_shadows>
            <primary_visibility sid="primary_visibility" type="bool">1</primary_visibility>
            <secondary_visibility sid="secondary_visibility" type="bool">1</secondary_visibility>
          </technique>
        </extra>
      </node>
    </visual_scene>
  </library_visual_scenes>
  <scene>
    <instance_visual_scene url="#MaxScene"/>
  </scene>
</COLLADA>