# File generated by ImageToStl.com - Free Image and 3D model conversion tools

mtllib stylized_temple_wall.mtl

o obj1
v -0.94955915 1.07759976 -0.343503
v -0.95325309 1.06032765 -0.36098775
v -0.97044772 1.06436729 -0.343503
v -1.21224916 0.72857618 -0.34372544
v -1.20315862 0.75143874 -0.34345549
v -1.19528711 0.73499775 -0.36098775
v -0.97044772 1.06436729 0.343503
v -0.95325309 1.06032765 0.36098775
v -0.94955915 1.07759976 0.343503
v -1.20327663 0.75128007 0.34372544
v -1.21227145 0.72837973 0.34345549
v -1.19528711 0.73499775 0.36098775
v -0.97044772 1.06436729 -0.23411594
v -0.95325309 1.06032765 -0.2166312
v -0.94955915 1.07759976 -0.23411594
v -0.94955915 1.07759976 0.23411594
v -0.95325309 1.06032765 0.2166312
v -0.97044772 1.06436729 0.23411594
v -1.20327663 0.75128007 -0.2338935
v -1.21227145 0.72837973 -0.23416346
v -1.19528711 0.73499775 -0.2166312
v -1.21224916 0.72857618 0.2338935
v -1.20315862 0.75143874 0.23416346
v -1.19528711 0.73499775 0.2166312
v -1.24616897 0.38372409 0
v -1.27232087 0.15070784 -0.18156219
v -1.27232087 0.15070784 0.18156219
v -1.23416972 0.39234546 -0.00803155
v -1.23416972 0.39234546 0.00803155
v -1.34706545 0.00547643 0.41982618
v -1.34601462 0.02288128 0.43816358
v -1.36342216 0.02388791 0.41982618
v -1.34714735 0.17374267 0.42147335
v -1.32975292 0.17261505 0.43816358
v -1.32865822 0.19001149 0.42147335
v -1.36342216 0.02388791 -0.41982618
v -1.34601462 0.02288128 -0.43816358
v -1.34706545 0.00547642 -0.41982618
v -1.32866764 0.19003326 -0.42148322
v -1.32975078 0.17263561 -0.43816358
v -1.34714627 0.17375247 -0.42148322
v -0.8656317 2.96727681 -0.88367611
v -0.75725752 3.10930371 -0.78292704
v -0.69907963 2.95979691 -0.88367003
v -0.77066463 3.10755134 -0.77191418
v -0.87777609 2.96711373 -0.87203234
v -0.87611079 2.9605453 -0.72083926
v -0.88189262 2.95127606 -0.87604034
v -0.84620887 2.70480609 -0.84195179
v -0.88041639 2.94411922 -0.72235894
v -0.83318657 2.70379066 -0.85420692
v -0.87040269 2.95134234 -0.88762325
v -0.70267224 2.94296813 -0.88739675
v -0.73353398 3.10803866 -0.7477212
v -0.834288 2.9560008 -0.70453578
v -0.68346363 2.9559269 -0.84117353
v -0.68404025 2.93963623 -0.84624338
v -0.84010667 2.93972325 -0.70484871
v -0.81481695 2.6821022 -0.82304454
v 0.88367611 2.96727681 -0.8656317
v 0.78292704 3.10930371 -0.75725752
v 0.88367003 2.95979691 -0.69907963
v 0.77191418 3.10755134 -0.77066463
v 0.87203234 2.96711373 -0.87777609
v 0.72083926 2.9605453 -0.87611079
v 0.87604034 2.95127606 -0.88189262
v 0.84195179 2.70480609 -0.84620887
v 0.72235894 2.94411922 -0.88041639
v 0.85420692 2.70379066 -0.83318657
v 0.88762325 2.95134234 -0.87040269
v 0.88739675 2.94296813 -0.70267224
v 0.7477212 3.10803866 -0.73353398
v 0.70453578 2.9560008 -0.834288
v 0.84117353 2.9559269 -0.68346363
v 0.84624338 2.93963623 -0.68404025
v 0.70484871 2.93972325 -0.84010667
v 0.82304454 2.6821022 -0.81481695
v -0.74685246 3.11833715 -0.74953675
v -0.73503739 3.11831403 -0.76075554
v -0.81992006 2.67232728 -0.83894277
v -0.83102143 2.6725924 -0.82828134
v 0.74953675 3.11833715 -0.74685246
v 0.76075554 3.11831403 -0.73503739
v 0.83894277 2.67232728 -0.81992006
v 0.82828134 2.6725924 -0.83102143
v 0.01461133 2.56906724 -0.85704249
v -0.01461134 2.56906724 -0.85704249
v -0 2.58367872 -0.87770605
v -0.35148907 2.9059453 -0.85704249
v -0.35148907 2.93516779 -0.85704249
v -0.33687773 2.92055655 -0.87770605
v 0.35148907 2.93516779 -0.85704249
v 0.35148907 2.9059453 -0.85704249
v 0.33687773 2.92055655 -0.87770605
v -0.01461134 3.27204561 -0.85704249
v 0.01461134 3.27204561 -0.85704249
v -0 3.25743413 -0.87770605
v 0.35148907 2.9059453 -0.69171339
v 0.35148907 2.93516779 -0.69171339
v 0.33687773 2.92055655 -0.67104983
v -0 3.25743413 -0.67104983
v 0.01461134 3.27204561 -0.69171339
v -0.01461134 3.27204561 -0.69171339
v 0.01461134 2.56906724 -0.69171339
v -0 2.58367872 -0.67104983
v -0.01461134 2.56906724 -0.69171339
v -0.35148907 2.9059453 -0.69171339
v -0.33687773 2.92055655 -0.67104983
v -0.35148907 2.93516779 -0.69171339
v 5.51097298 1.90269864 -0.59551293
v 5.40515614 2.05373502 -0.48169839
v 5.51093674 1.89488077 -0.42048621
v 5.3972168 2.05242872 -0.49138796
v 5.50258112 1.90258169 -0.60425854
v 5.34312916 1.89556587 -0.60256934
v 5.50547075 1.89117146 -0.60722607
v 5.46997738 1.62064648 -0.56976825
v 5.34402418 1.88370466 -0.60568333
v 5.47878027 1.61985362 -0.56044173
v 5.51381636 1.89121854 -0.59894776
v 5.51362419 1.88272858 -0.42289737
v 5.37233114 2.05063653 -0.45726019
v 5.32749414 1.89100361 -0.56312937
v 5.47063637 1.89094746 -0.4051179
v 5.47430658 1.87923288 -0.40563786
v 5.327806 1.87929428 -0.56735098
v 5.45136976 1.61808527 -0.5424546
v 4.30926561 1.90266049 -0.59561306
v 4.3095541 1.89523494 -0.42103824
v 4.41487646 2.05338955 -0.48173237
v 4.4230876 2.05279565 -0.49112096
v 4.47761393 1.89525521 -0.60277396
v 4.31779242 1.90262306 -0.60422409
v 4.31479692 1.89117146 -0.60722607
v 4.47539616 1.88319957 -0.60561627
v 4.35053158 1.62185836 -0.56993479
v 4.34163713 1.6187079 -0.56068784
v 4.30664349 1.88272858 -0.42289737
v 4.30645132 1.89121854 -0.59894776
v 4.44793034 2.05060124 -0.45726603
v 4.34973049 1.89100754 -0.40520623
v 4.49283934 1.89095235 -0.56322008
v 4.34591722 1.87927616 -0.4055714
v 4.36889458 1.61806834 -0.54245812
v 4.49240971 1.87925553 -0.56730998
v 5.37332773 2.05872893 -0.46646494
v 5.38136053 2.05870175 -0.45803234
v 5.46250391 1.60638309 -0.54614717
v 5.45530796 1.60655379 -0.55374706
v 4.43890715 2.05870175 -0.45803234
v 4.44693995 2.05872893 -0.46646494
v 4.36495972 1.60655379 -0.55374706
v 4.35776377 1.60638309 -0.54614717
v 4.91013384 1.48717618 -0.5266602
v 4.91013384 1.57469273 -0.52666014
v 5.02141905 1.57496357 -0.5266602
v 4.79884863 1.57496357 -0.5266602
v 5.08339405 1.5382309 -0.52953857
v 5.07533646 1.52187145 -0.52937472
v 5.07123709 1.53408837 -0.54235154
v 4.91913271 1.39864993 -0.529625
v 4.90108013 1.39869308 -0.52954757
v 4.91013384 1.40735888 -0.54235154
v 5.07356167 1.92657042 -0.52970171
v 5.08610344 1.91386795 -0.52964789
v 5.07345438 1.91392124 -0.54235083
v 4.74483013 1.52195108 -0.52953857
v 4.73687267 1.53835952 -0.52937472
v 4.74903059 1.53408837 -0.54235154
v 4.73416376 1.91392171 -0.52970171
v 4.74675989 1.92657042 -0.52964789
v 4.7468133 1.91392124 -0.54235083
v 0.65714371 1.32452857 0.36503088
v 0.65714371 1.32452857 -6E-08
v 0.63285238 1.46528745 0.15057535
v 0.65714371 1.32452857 -0.36503088
v 0.63285238 1.46528745 -0.15057538
v 0.60455263 1.32452857 -6E-08
v 0.57808322 1.46528745 -0.1505754
v 0.57808322 1.46528745 0.15057534
v 0.36503083 1.32452857 -0.65714377
v -1.2E-07 1.32452857 -0.65714377
v 0.1505753 1.46528745 -0.63285244
v -0.36503094 1.32452857 -0.65714377
v -0.15057544 1.46528745 -0.63285244
v -1.2E-07 1.32452857 -0.60455269
v -0.15057546 1.46528745 -0.57808328
v 0.15057528 1.46528745 -0.57808328
v 0.343503 1.07759976 -0.94955915
v 0.36098775 1.06032765 -0.95325309
v 0.343503 1.06436729 -0.97044772
v 0.34372544 0.72857618 -1.21224916
v 0.34345549 0.75143874 -1.20315862
v 0.36098775 0.73499775 -1.19528711
v -0.343503 1.06436729 -0.97044772
v -0.36098775 1.06032765 -0.95325309
v -0.343503 1.07759976 -0.94955915
v -0.34372544 0.75128007 -1.20327663
v -0.34345549 0.72837973 -1.21227145
v -0.36098775 0.73499775 -1.19528711
v 0.23411594 1.06436729 -0.97044772
v 0.2166312 1.06032765 -0.95325309
v 0.23411594 1.07759976 -0.94955915
v -0.23411594 1.07759976 -0.94955915
v -0.2166312 1.06032765 -0.95325309
v -0.23411594 1.06436729 -0.97044772
v 0.2338935 0.75128007 -1.20327663
v 0.23416346 0.72837973 -1.21227145
v 0.2166312 0.73499775 -1.19528711
v -0.2338935 0.72857618 -1.21224916
v -0.23416346 0.75143874 -1.20315862
v -0.2166312 0.73499775 -1.19528711
v -0 0.38372409 -1.24616897
v 0.18156219 0.15070784 -1.27232087
v -0.18156219 0.15070784 -1.27232087
v 0.00803155 0.39234546 -1.23416972
v -0.00803155 0.39234546 -1.23416972
v -0.41982618 0.00547643 -1.34706545
v -0.43816358 0.02288128 -1.34601462
v -0.41982618 0.02388791 -1.36342216
v -0.42147335 0.17374267 -1.34714735
v -0.43816358 0.17261505 -1.32975292
v -0.42147335 0.19001149 -1.32865822
v 0.41982618 0.02388791 -1.36342216
v 0.43816358 0.02288128 -1.34601462
v 0.41982618 0.00547642 -1.34706545
v 0.42148322 0.19003326 -1.32866764
v 0.43816358 0.17263561 -1.32975078
v 0.42148322 0.17375247 -1.34714627
v -0.65714383 1.32452857 -0.36503088
v -0.65714383 1.32452857 6E-08
v -0.63285249 1.46528745 -0.15057535
v -0.65714383 1.32452857 0.36503088
v -0.63285249 1.46528745 0.15057538
v -0.60455275 1.32452857 6E-08
v -0.57808334 1.46528745 0.1505754
v -0.57808334 1.46528745 -0.15057534
v 5.33543158 0.17825323 0.68756592
v 5.30006933 0.16142188 0.73654377
v 5.36673927 0.17802411 0.73494154
v 5.58516359 0.66322505 0.6881175
v 5.53968334 0.54528213 0.69949949
v 5.60777521 0.54528213 0.71072888
v 5.62086248 0.54528213 0.69764173
v 5.60963297 0.54528213 0.62954956
v 5.59825087 0.66322505 0.67503023
v 5.29699183 0.15609455 0.74933934
v 5.3537693 -0 0.80554605
v 5.3537693 0.15609455 0.78741032
v 5.64664221 0.16177942 0.39246354
v 5.59769058 0.17834908 0.4250837
v 5.64516449 0.17708981 0.45744887
v 5.70954847 -0 0.45206699
v 5.65877056 0.15609461 0.39026034
v 5.69141197 0.15609461 0.45206699
v 5.33543158 0.17825323 -0.68756592
v 5.36673927 0.17802411 -0.73494154
v 5.30006933 0.16142188 -0.73654377
v 5.58516359 0.66322505 -0.6881175
v 5.60777521 0.54528213 -0.71072888
v 5.53968334 0.54528213 -0.69949949
v 5.62086248 0.54528213 -0.69764173
v 5.59825087 0.66322505 -0.67503023
v 5.60963297 0.54528213 -0.62954956
v 5.29699183 0.15609455 -0.74933934
v 5.3537693 0.15609455 -0.78741032
v 5.3537693 0 -0.80554605
v 5.64664221 0.16177942 -0.39246354
v 5.64516449 0.17708981 -0.45744887
v 5.59769058 0.17834908 -0.4250837
v 5.70954847 0 -0.45206699
v 5.69141197 0.15609461 -0.45206699
v 5.65877056 0.15609461 -0.39026034
v 4.47452784 0.17825323 0.68756592
v 4.44322014 0.17802411 0.73494154
v 4.50989008 0.16142188 0.73654377
v 4.22479582 0.66322505 0.6881175
v 4.2021842 0.54528213 0.71072888
v 4.27027607 0.54528213 0.69949949
v 4.18909693 0.54528213 0.69764173
v 4.21170855 0.66322505 0.67503023
v 4.20032644 0.54528213 0.62954956
v 4.51296759 0.15609455 0.74933934
v 4.45619011 0.15609455 0.78741032
v 4.45619011 -0 0.80554605
v 4.1633172 0.16177942 0.39246354
v 4.16479492 0.17708981 0.45744887
v 4.21226883 0.17834908 0.4250837
v 4.10041094 -0 0.45206699
v 4.11854744 0.15609461 0.45206699
v 4.15118885 0.15609461 0.39026034
v 4.47452784 0.17825323 -0.68756592
v 4.50989008 0.16142188 -0.73654377
v 4.44322014 0.17802411 -0.73494154
v 4.22479582 0.66322505 -0.6881175
v 4.27027607 0.54528213 -0.69949949
v 4.2021842 0.54528213 -0.71072888
v 4.18909693 0.54528213 -0.69764173
v 4.20032644 0.54528213 -0.62954956
v 4.21170855 0.66322505 -0.67503023
v 4.51296759 0.15609455 -0.74933934
v 4.45619011 0 -0.80554605
v 4.45619011 0.15609455 -0.78741032
v 4.1633172 0.16177942 -0.39246354
v 4.21226883 0.17834908 -0.4250837
v 4.16479492 0.17708981 -0.45744887
v 4.10041094 0 -0.45206699
v 4.15118885 0.15609461 -0.39026034
v 4.11854744 0.15609461 -0.45206699
v 0.67801142 0.17825323 0.9372068
v 0.74987668 0.16593103 1.04653144
v 0.79843903 0.17802411 1.0453645
v 1.08141756 0.12991245 0.67875713
v 1.10027158 0.15609461 0.71924198
v 1.09395504 -0 0.67875725
v 1.01428318 0.65653408 0.9991861
v 0.97138309 0.54528213 1.00992239
v 1.03582454 0.54528213 1.02054977
v 1.05196023 0.54528213 1.00441432
v 1.04133272 0.54528213 0.93997252
v 1.03054869 0.65702653 0.98306292
v 1.07787776 0.16659117 0.72330999
v 0.94027042 0.17834908 0.67472458
v 1.07686448 0.17708981 0.7678718
v 0.74419498 0.15609455 1.07015741
v 0.71037626 0.12991236 1.05000746
v 0.71037626 -0 1.06254458
v 0.67801142 0.17825323 -0.9372068
v 0.79843903 0.17802411 -1.0453645
v 0.74987668 0.16593103 -1.04653144
v 1.08141756 0.12991245 -0.67875713
v 1.09395504 0 -0.67875725
v 1.10027158 0.15609461 -0.71924198
v 1.01428318 0.65653408 -0.9991861
v 1.03582454 0.54528213 -1.02054977
v 0.97138309 0.54528213 -1.00992239
v 1.05196023 0.54528213 -1.00441432
v 1.03054869 0.65702653 -0.98306292
v 1.04133272 0.54528213 -0.93997252
v 1.07787776 0.16659117 -0.72330999
v 1.07686448 0.17708981 -0.7678718
v 0.94027042 0.17834908 -0.67472458
v 0.74419498 0.15609455 -1.07015741
v 0.71037626 0 -1.06254458
v 0.71037626 0.12991236 -1.05000746
v -0.67801142 0.17825323 0.9372068
v -0.79843903 0.17802411 1.0453645
v -0.74987668 0.16593103 1.04653144
v -1.08141756 0.12991245 0.67875713
v -1.09395504 -0 0.67875725
v -1.10027158 0.15609461 0.71924198
v -1.01428318 0.65653408 0.9991861
v -1.03582454 0.54528213 1.02054977
v -0.97138309 0.54528213 1.00992239
v -1.05196023 0.54528213 1.00441432
v -1.03054869 0.65702653 0.98306292
v -1.04133272 0.54528213 0.93997252
v -1.07787776 0.16659117 0.72330999
v -1.07686448 0.17708981 0.7678718
v -0.94027042 0.17834908 0.67472458
v -0.74419498 0.15609455 1.07015741
v -0.71037626 -0 1.06254458
v -0.71037626 0.12991236 1.05000746
v -0.67801142 0.17825323 -0.9372068
v -0.74987668 0.16593103 -1.04653144
v -0.79843903 0.17802411 -1.0453645
v -1.08141756 0.12991245 -0.67875713
v -1.10027158 0.15609461 -0.71924198
v -1.09395504 0 -0.67875725
v -1.01428318 0.65653408 -0.9991861
v -0.97138309 0.54528213 -1.00992239
v -1.03582454 0.54528213 -1.02054977
v -1.05196023 0.54528213 -1.00441432
v -1.04133272 0.54528213 -0.93997252
v -1.03054869 0.65702653 -0.98306292
v -1.07787776 0.16659117 -0.72330999
v -0.94027042 0.17834908 -0.67472458
v -1.07686448 0.17708981 -0.7678718
v -0.74419498 0.15609455 -1.07015741
v -0.71037626 0.12991236 -1.05000746
v -0.71037626 0 -1.06254458
v 4.3092947 1.90269864 0.59551293
v 4.41511154 2.05373502 0.48169839
v 4.30933094 1.89488077 0.42048621
v 4.42305088 2.05242872 0.49138796
v 4.31768656 1.90258169 0.60425854
v 4.47713852 1.89556587 0.60256934
v 4.31479692 1.89117146 0.60722607
v 4.3502903 1.62064648 0.56976825
v 4.4762435 1.88370466 0.60568333
v 4.34148741 1.61985362 0.56044173
v 4.30645132 1.89121854 0.59894776
v 4.30664349 1.88272858 0.42289737
v 4.44793653 2.05063653 0.45726019
v 4.49277353 1.89100361 0.56312937
v 4.34963131 1.89094746 0.4051179
v 4.34596109 1.87923288 0.40563786
v 4.49246168 1.87929428 0.56735098
v 4.36889791 1.61808527 0.5424546
v 5.51100206 1.90266049 0.59561306
v 5.51071358 1.89523494 0.42103824
v 5.40539122 2.05338955 0.48173237
v 5.39718008 2.05279565 0.49112096
v 5.34265375 1.89525521 0.60277396
v 5.50247526 1.90262306 0.60422409
v 5.50547075 1.89117146 0.60722607
v 5.34487152 1.88319957 0.60561627
v 5.4697361 1.62185836 0.56993479
v 5.47863054 1.6187079 0.56068784
v 5.51362419 1.88272858 0.42289737
v 5.51381636 1.89121854 0.59894776
v 5.37233734 2.05060124 0.45726603
v 5.47053719 1.89100754 0.40520623
v 5.32742834 1.89095235 0.56322008
v 5.47435045 1.87927616 0.4055714
v 5.4513731 1.61806834 0.54245812
v 5.32785797 1.87925553 0.56730998
v 4.44693995 2.05872893 0.46646494
v 4.43890715 2.05870175 0.45803234
v 4.35776377 1.60638309 0.54614717
v 4.36495972 1.60655379 0.55374706
v 5.38136053 2.05870175 0.45803234
v 5.37332773 2.05872893 0.46646494
v 5.45530796 1.60655379 0.55374706
v 5.46250391 1.60638309 0.54614717
v 4.91013384 1.48717618 0.5266602
v 4.91013384 1.57469273 0.52666014
v 4.79884863 1.57496357 0.5266602
v 5.02141905 1.57496357 0.5266602
v 4.73687363 1.5382309 0.52953857
v 4.74493122 1.52187145 0.52937472
v 4.74903059 1.53408837 0.54235154
v 4.90113497 1.39864993 0.529625
v 4.91918755 1.39869308 0.52954757
v 4.91013384 1.40735888 0.54235154
v 4.74670601 1.92657042 0.52970171
v 4.73416424 1.91386795 0.52964789
v 4.7468133 1.91392124 0.54235083
v 5.07543755 1.52195108 0.52953857
v 5.083395 1.53835952 0.52937472
v 5.07123709 1.53408837 0.54235154
v 5.08610392 1.91392171 0.52970171
v 5.07350779 1.92657042 0.52964789
v 5.07345438 1.91392124 0.54235083
v -0.343503 1.07759976 0.94955915
v -0.36098775 1.06032765 0.95325309
v -0.343503 1.06436729 0.97044772
v -0.34372544 0.72857618 1.21224916
v -0.34345549 0.75143874 1.20315862
v -0.36098775 0.73499775 1.19528711
v 0.343503 1.06436729 0.97044772
v 0.36098775 1.06032765 0.95325309
v 0.343503 1.07759976 0.94955915
v 0.34372544 0.75128007 1.20327663
v 0.34345549 0.72837973 1.21227145
v 0.36098775 0.73499775 1.19528711
v -0.23411594 1.06436729 0.97044772
v -0.2166312 1.06032765 0.95325309
v -0.23411594 1.07759976 0.94955915
v 0.23411594 1.07759976 0.94955915
v 0.2166312 1.06032765 0.95325309
v 0.23411594 1.06436729 0.97044772
v -0.2338935 0.75128007 1.20327663
v -0.23416346 0.72837973 1.21227145
v -0.2166312 0.73499775 1.19528711
v 0.2338935 0.72857618 1.21224916
v 0.23416346 0.75143874 1.20315862
v 0.2166312 0.73499775 1.19528711
v -0 0.38372409 1.24616897
v -0.18156219 0.15070784 1.27232087
v 0.18156219 0.15070784 1.27232087
v -0.00803155 0.39234546 1.23416972
v 0.00803155 0.39234546 1.23416972
v 0.41982618 0.00547643 1.34706545
v 0.43816358 0.02288128 1.34601462
v 0.41982618 0.02388791 1.36342216
v 0.42147335 0.17374267 1.34714735
v 0.43816358 0.17261505 1.32975292
v 0.42147335 0.19001149 1.32865822
v -0.41982618 0.02388791 1.36342216
v -0.43816358 0.02288128 1.34601462
v -0.41982618 0.00547642 1.34706545
v -0.42148322 0.19003326 1.32866764
v -0.43816358 0.17263561 1.32975078
v -0.42148322 0.17375247 1.34714627
v -0.36503094 1.32452857 0.65714377
v -0 1.32452857 0.65714377
v -0.15057541 1.46528745 0.63285244
v 0.36503083 1.32452857 0.65714377
v 0.15057532 1.46528745 0.63285244
v -0 1.32452857 0.60455269
v 0.15057534 1.46528745 0.57808328
v -0.1505754 1.46528745 0.57808328
v 4.48301315 1.9907937 0.39538896
v 4.51492453 1.9907937 0.42668787
v 4.90497971 1.94041467 -0.00104329
v 4.48344612 1.9907937 -0.39520964
v 4.51474524 1.9907937 -0.42712077
v 5.30552244 1.9907937 0.42712077
v 5.33682156 1.9907937 0.39520964
v 5.33725452 1.9907937 -0.39538896
v 5.30534315 1.9907937 -0.42668787
v 5.09698915 2.20364428 -0.08263098
v 5.05018282 2.20364428 -0.15268223
v 4.89750051 2.19254375 1E-08
v 4.98013163 2.20364428 -0.199489
v 4.89750051 2.20364428 -0.21592537
v 4.8148694 2.20364428 -0.19948907
v 4.74481821 2.20364428 -0.15268241
v 4.69801188 2.20364428 -0.08263118
v 4.6815753 2.20364428 -7E-08
v 4.69801188 2.20364428 0.08263104
v 4.74481821 2.20364428 0.1526823
v 4.8148694 2.20364428 0.19948903
v 4.89750051 2.20364428 0.2159254
v 4.98013115 2.20364428 0.19948906
v 5.05018282 2.20364428 0.15268233
v 5.09698915 2.20364428 0.08263111
v 5.11342525 2.20364428 1E-08
v -0.37223309 1.22834921 -0.37223247
v -0.75849766 1.22834921 -0.77980042
v -0.77980042 1.22834921 -0.75849766
v -0.05748858 3.77932262 -0.05039801
v -0.05969106 3.77932262 0
v 0 3.77932334 0
v -0 3.77932262 -0.05969106
v -0.05043421 3.77932262 -0.05763078
v -0.7983312 1.22834921 -0.37223247
v -0.37223247 1.22834921 -0.7983312
v 0.37223309 1.22834921 -0.37223247
v 0.77980042 1.22834921 -0.75849766
v 0.75849766 1.22834921 -0.77980042
v 0.05748858 3.77932262 -0.05039801
v 0.05969106 3.77932262 0
v 0.05043421 3.77932262 -0.05763078
v 0.7983312 1.22834921 -0.37223247
v 0.37223247 1.22834921 -0.7983312
v 0.37223309 1.22834921 0.37223247
v 0.75849766 1.22834921 0.77980042
v 0.77980042 1.22834921 0.75849766
v 0.05748858 3.77932262 0.05039801
v -0 3.77932262 0.05969106
v 0.05043421 3.77932262 0.05763078
v 0.7983312 1.22834921 0.37223247
v 0.37223247 1.22834921 0.7983312
v -0.37223309 1.22834921 0.37223247
v -0.77980042 1.22834921 0.75849766
v -0.75849766 1.22834921 0.77980042
v -0.05748858 3.77932262 0.05039801
v -0.05043421 3.77932262 0.05763078
v -0.7983312 1.22834921 0.37223247
v -0.37223247 1.22834921 0.7983312
v 0.8656317 2.96727681 0.88367611
v 0.75725752 3.10930371 0.78292704
v 0.69907963 2.95979691 0.88367003
v 0.77066463 3.10755134 0.77191418
v 0.87777609 2.96711373 0.87203234
v 0.87611079 2.9605453 0.72083926
v 0.88189262 2.95127606 0.87604034
v 0.84620887 2.70480609 0.84195179
v 0.88041639 2.94411922 0.72235894
v 0.83318657 2.70379066 0.85420692
v 0.87040269 2.95134234 0.88762325
v 0.70267224 2.94296813 0.88739675
v 0.73353398 3.10803866 0.7477212
v 0.834288 2.9560008 0.70453578
v 0.68346363 2.9559269 0.84117353
v 0.68404025 2.93963623 0.84624338
v 0.84010667 2.93972325 0.70484871
v 0.81481695 2.6821022 0.82304454
v -0.88367611 2.96727681 0.8656317
v -0.78292704 3.10930371 0.75725752
v -0.88367003 2.95979691 0.69907963
v -0.77191418 3.10755134 0.77066463
v -0.87203234 2.96711373 0.87777609
v -0.72083926 2.9605453 0.87611079
v -0.87604034 2.95127606 0.88189262
v -0.84195179 2.70480609 0.84620887
v -0.72235894 2.94411922 0.88041639
v -0.85420692 2.70379066 0.83318657
v -0.88762325 2.95134234 0.87040269
v -0.88739675 2.94296813 0.70267224
v -0.7477212 3.10803866 0.73353398
v -0.70453578 2.9560008 0.834288
v -0.84117353 2.9559269 0.68346363
v -0.84624338 2.93963623 0.68404025
v -0.70484871 2.93972325 0.84010667
v -0.82304454 2.6821022 0.81481695
v 0.74685246 3.11833715 0.74953675
v 0.73503739 3.11831403 0.76075554
v 0.81992006 2.67232728 0.83894277
v 0.83102143 2.6725924 0.82828134
v -0.74953675 3.11833715 0.74685246
v -0.76075554 3.11831403 0.73503739
v -0.83894277 2.67232728 0.81992006
v -0.82828134 2.6725924 0.83102143
v -0.01461133 2.56906724 0.85704249
v 0.01461134 2.56906724 0.85704249
v 0 2.58367872 0.87770605
v 0.35148907 2.9059453 0.85704249
v 0.35148907 2.93516779 0.85704249
v 0.33687773 2.92055655 0.87770605
v -0.35148907 2.93516779 0.85704249
v -0.35148907 2.9059453 0.85704249
v -0.33687773 2.92055655 0.87770605
v 0.01461134 3.27204561 0.85704249
v -0.01461134 3.27204561 0.85704249
v 0 3.25743413 0.87770605
v -0.35148907 2.9059453 0.69171339
v -0.35148907 2.93516779 0.69171339
v -0.33687773 2.92055655 0.67104983
v -0 3.25743413 0.67104983
v -0.01461134 3.27204561 0.69171339
v 0.01461134 3.27204561 0.69171339
v -0.01461134 2.56906724 0.69171339
v 0 2.58367872 0.67104983
v 0.01461134 2.56906724 0.69171339
v 0.35148907 2.9059453 0.69171339
v 0.33687773 2.92055655 0.67104983
v 0.35148907 2.93516779 0.69171339
v -0.95196652 1.00626493 0.2166312
v -0.95196652 1.00626493 -0.2166312
v -1.13357317 0.74049741 -0.2166312
v -1.13357317 0.74049741 0.2166312
v -0.34210756 1.16549075 0.2166312
v -0.34210756 1.16549075 -0.2166312
v -0.90626532 1.03735292 -0.2166312
v -0.90626532 1.03735292 0.2166312
v -1.15263879 0.68861711 0.2166312
v -1.15263879 0.68861711 -0.2166312
v -1.20710087 0.1713199 -0.2166312
v -1.20710087 0.1713199 0.2166312
v -0.30970728 1.20596004 -0.34374061
v -0.29102343 1.19153965 -0.36098775
v -0.30947834 1.20600593 -0.23366702
v -0.29102343 1.19176233 -0.2166312
v -1.25723159 0.1790199 -0.36098775
v -1.27273679 0.19694699 -0.34294498
v -0.30947834 1.20600593 0.34395194
v -0.29102343 1.19176233 0.36098775
v -0.29102343 1.19153965 0.2166312
v -0.30970728 1.20596004 0.23387834
v -1.27284932 0.1959575 0.34394085
v -1.25723159 0.1790199 0.36098775
v -1.27273679 0.19694699 0.23467396
v -1.25723159 0.1790199 0.2166312
v -1.25723159 0.1790199 -0.2166312
v -1.27284932 0.1959575 -0.23367809
v -1.19528711 0.73499775 0.36098775
v -1.25723159 0.1790199 0.36098775
v -0.29102373 0.1790199 0.36098775
v -0.29102314 0.74113631 0.36098775
v -1.25723159 0.1790199 -0.36098775
v -1.19528711 0.73499775 -0.36098775
v -0.29102314 0.74113631 -0.36098775
v -0.29102373 0.1790199 -0.36098775
v -1.19528711 0.73499775 -0.2166312
v -1.25723159 0.1790199 -0.2166312
v -0.29102373 0.1790199 -0.2166312
v -0.29102314 0.74113631 -0.2166312
v -1.25723159 0.1790199 0.2166312
v -1.19528711 0.73499775 0.2166312
v -0.29102314 0.74113631 0.2166312
v -0.29102373 0.1790199 0.2166312
v -0.29102343 1.19176233 0.36098775
v -0.95325309 1.06032765 0.36098775
v -0.29102343 1.19176233 -0.2166312
v -0.95325309 1.06032765 -0.2166312
v -0.95325309 1.06032765 0.2166312
v -0.29102343 1.19153965 0.2166312
v -0.95325309 1.06032765 -0.36098775
v -0.29102343 1.19153965 -0.36098775
v -1.23416972 0.39234546 -0.00803155
v -1.23416972 0.39234546 0.00803155
v -1.16983807 0.3920868 0.00823255
v -1.16983807 0.3920868 -0.00823255
v -1.26101315 0.15070784 -0.195793
v -1.26101315 0.15070784 0.195793
v -1.26101315 0.15070784 0.195793
v -1.19692862 0.15070784 0.195793
v -1.19692862 0.15070784 -0.195793
v -1.26101315 0.15070784 -0.195793
v -0.22086197 -0.00565774 0.42074919
v -0.22086197 0.0117575 0.43816358
v -0.22086197 0.15110888 0.43816358
v -0.22086197 0.168541 0.42076364
v -0.22086197 0.01175749 -0.43816358
v -0.22086197 -0.00565775 -0.42074919
v -0.22086197 0.16993859 -0.42073473
v -0.22086197 0.15253583 -0.43816358
v -1.32865822 0.19001149 0.42147335
v -0.22086197 0.168541 0.42076364
v -0.22086197 0.16993859 -0.42073473
v -1.32866764 0.19003326 -0.42148322
v -0 2.72455406 -0.88927746
v -0.19600242 2.92055655 -0.88927746
v -0 3.11655879 -0.88927746
v 0.19600242 2.92055655 -0.88927746
v -0 2.70282078 -0.86458623
v -0.21773559 2.92055655 -0.86458623
v -0 3.13829207 -0.86458623
v 0.21773559 2.92055655 -0.86458623
v -0 2.67939043 -0.87770605
v -0.24116598 2.92055655 -0.87770605
v -0.21773559 2.92055655 -0.86458623
v -0 2.70282078 -0.86458623
v -0 3.16172242 -0.87770605
v -0 3.13829207 -0.86458623
v 0.24116598 2.92055655 -0.87770605
v 0.21773559 2.92055655 -0.86458623
v -0.68745089 2.94252992 -0.87881327
v -0.68579531 2.95870447 -0.87431693
v -0.6784029 2.95677304 -0.85955602
v -0.6797061 2.9403522 -0.86242342
v -0.68745089 2.94252992 -0.87881327
v -0.82839757 2.67926574 -0.84732145
v -0.68579531 2.95870447 -0.87431693
v -0.74543154 3.11872101 -0.77094454
v -0.74543154 3.11872101 -0.77094454
v -0.75699973 3.11873341 -0.76018327
v -0.75699973 3.11873341 -0.76018327
v -0.86695361 2.95887566 -0.7070809
v -0.86695361 2.95887566 -0.7070809
v -0.87173963 2.94278622 -0.70873898
v -0.85642946 2.94050574 -0.70158553
v -0.85324222 2.95684361 -0.70028865
v -0.87173963 2.94278622 -0.70873898
v -0.83923793 2.67965627 -0.83711439
v -0.83923793 2.67965627 -0.83711439
v -0.82839757 2.67926574 -0.84732145
v 0.87881327 2.94252992 -0.68745089
v 0.87431693 2.95870447 -0.68579531
v 0.85955602 2.95677304 -0.6784029
v 0.86242342 2.9403522 -0.6797061
v 0.87881327 2.94252992 -0.68745089
v 0.84732145 2.67926574 -0.82839757
v 0.87431693 2.95870447 -0.68579531
v 0.77094454 3.11872101 -0.74543154
v 0.77094454 3.11872101 -0.74543154
v 0.76018327 3.11873341 -0.75699973
v 0.76018327 3.11873341 -0.75699973
v 0.7070809 2.95887566 -0.86695361
v 0.7070809 2.95887566 -0.86695361
v 0.70873898 2.94278622 -0.87173963
v 0.70158553 2.94050574 -0.85642946
v 0.70028865 2.95684361 -0.85324222
v 0.70873898 2.94278622 -0.87173963
v 0.83711439 2.67965627 -0.83923793
v 0.83711439 2.67965627 -0.83923793
v 0.84732145 2.67926574 -0.82839757
v -0.01461134 2.56906724 -0.85704249
v 0.01461133 2.56906724 -0.85704249
v -0.35148907 2.93516779 -0.85704249
v -0.35148907 2.9059453 -0.85704249
v 0.35148907 2.9059453 -0.85704249
v 0.35148907 2.93516779 -0.85704249
v 0.01461134 3.27204561 -0.85704249
v -0.01461134 3.27204561 -0.85704249
v -0 2.58367872 -0.67104983
v 0.01461134 2.56906724 -0.69171339
v 0.01461133 2.56906724 -0.85704249
v 5.50747728 1.88241529 -0.41203374
v 5.50426865 1.89407408 -0.41094655
v 5.48390627 1.89157581 -0.40145543
v 5.48600054 1.87977707 -0.40248486
v 5.50747728 1.88241529 -0.41203374
v 5.47255707 1.60560679 -0.55563253
v 5.50426865 1.89407408 -0.41094655
v 5.39648485 2.05999279 -0.47315702
v 5.39648485 2.05999279 -0.47315702
v 5.38876772 2.06002283 -0.48147818
v 5.38876772 2.06002283 -0.48147818
v 5.33322096 1.89432704 -0.59604967
v 5.33322096 1.89432704 -0.59604967
v 5.33431387 1.88272846 -0.59946537
v 5.32543516 1.87988102 -0.57914293
v 5.32441521 1.89162385 -0.5768218
v 5.33431387 1.88272846 -0.59946537
v 5.46526814 1.60577679 -0.56357849
v 5.46526814 1.60577679 -0.56357849
v 5.47255707 1.60560679 -0.55563253
v 4.49585247 1.89162385 -0.5768218
v 4.49483252 1.87988102 -0.57914293
v 4.4859457 1.88249457 -0.59922826
v 4.48705149 1.89435279 -0.59599227
v 4.33426714 1.87977707 -0.40248486
v 4.33636141 1.89157581 -0.40145543
v 4.31599903 1.89407408 -0.41094655
v 4.31294966 1.88226223 -0.41204312
v 4.43168688 2.05981803 -0.48150906
v 4.42376137 2.05978513 -0.47296169
v 4.34786177 1.60625005 -0.55506992
v 4.35555649 1.60644495 -0.56344122
v 4.31294966 1.88226223 -0.41204312
v 4.34786177 1.60625005 -0.55506992
v 4.31599903 1.89407408 -0.41094655
v 4.42376137 2.05978513 -0.47296169
v 4.43168688 2.05981803 -0.48150906
v 4.48705149 1.89435279 -0.59599227
v 4.4859457 1.88249457 -0.59922826
v 4.35555649 1.60644495 -0.56344122
v 4.91013384 1.72154546 -0.52665997
v 5.02234459 1.7215445 -0.52666003
v 5.02326965 1.83094549 -0.52665961
v 4.91013384 1.83094549 -0.52665961
v 4.79792309 1.7215445 -0.52666003
v 4.79699802 1.83094549 -0.52665961
v 5.08477068 1.75630617 -0.52885228
v 5.07297707 1.74973881 -0.54235137
v 5.0833931 1.53810239 -0.45029873
v 5.07553816 1.52203071 -0.45029873
v 4.91907835 1.39860678 -0.45029873
v 4.90118933 1.39860678 -0.45029873
v 4.91013384 1.40735888 -0.54235154
v 4.90108013 1.39869308 -0.52954757
v 4.91013384 1.91392124 -0.54235083
v 4.91013384 1.92657042 -0.52970171
v 5.07350779 1.92657042 -0.45029798
v 5.08610344 1.91386795 -0.45029801
v 4.74472952 1.52203071 -0.45029873
v 4.73687458 1.53810239 -0.45029873
v 4.735497 1.75630617 -0.52885938
v 4.74728489 1.74974227 -0.54235137
v 4.73416424 1.91386795 -0.45029801
v 4.74675989 1.92657042 -0.45029798
v 5.0523839 1.55423236 -0.54235148
v 5.03560734 1.56424153 -0.53727758
v 5.03572416 1.72899485 -0.53658968
v 5.0527401 1.73847008 -0.54235131
v 4.91013384 1.44294703 -0.54235148
v 4.91013384 1.46486652 -0.53746903
v 5.03860331 1.85424197 -0.53794652
v 5.05559731 1.87255013 -0.54235089
v 4.91013384 1.85507417 -0.53834969
v 4.91013384 1.87250948 -0.54235089
v 4.78154755 1.85441911 -0.53803235
v 4.76488447 1.8723706 -0.54235089
v 4.76753759 1.73846447 -0.54235131
v 4.78453493 1.7289995 -0.53659594
v 4.78466034 1.56424153 -0.53727758
v 4.76861095 1.5545876 -0.54235148
v 5.08477068 1.75630617 -0.45029852
v 4.91013384 1.92657042 -0.45029798
v 4.735497 1.75630617 -0.45029852
v 4.90118933 1.39860678 -0.45029873
v 5.07297707 1.74973881 -0.54235137
v 5.07123709 1.53408837 -0.54235154
v 5.07345438 1.91392124 -0.54235083
v 4.91013384 1.91392124 -0.54235083
v 4.74903059 1.53408837 -0.54235154
v 4.74728489 1.74974227 -0.54235137
v 4.7468133 1.91392124 -0.54235083
v 4.91013384 1.40735888 -0.54235154
v 0.60455263 1.32452857 -6E-08
v 0.57808322 1.46528745 0.15057534
v 0.63285238 1.46528745 0.15057535
v 0.65714371 1.32452857 -6E-08
v 0.42476657 2.46001363 0.15057535
v 0.47735783 2.47230577 0.15057535
v 0.47735783 2.47230577 0.15057535
v 0.47735783 2.47230577 0.29646975
v 0.60455263 1.32452857 -6E-08
v 0.65714371 1.32452857 -6E-08
v 0.63285238 1.46528745 -0.15057538
v 0.57808322 1.46528745 -0.1505754
v 0.47735783 2.47230577 -0.15057538
v 0.42476657 2.46001363 -0.15057538
v 0.47735783 2.47230577 -0.29646987
v 0.47735783 2.47230577 -0.15057538
v 0.42476657 2.46001363 0.15057535
v 0.42476657 2.46001363 -0.15057538
v 0.67750704 1.206532 0.36503088
v 0.67750704 1.206532 -6E-08
v 0.67750704 1.206532 -0.36503088
v -1.2E-07 1.32452857 -0.60455269
v 0.15057528 1.46528745 -0.57808328
v 0.1505753 1.46528745 -0.63285244
v -1.2E-07 1.32452857 -0.65714377
v 0.1505753 2.46001363 -0.42476663
v 0.1505753 2.47230577 -0.47735789
v 0.1505753 2.47230577 -0.47735789
v 0.29646969 2.47230577 -0.47735789
v -1.2E-07 1.32452857 -0.60455269
v -1.2E-07 1.32452857 -0.65714377
v -0.15057544 1.46528745 -0.63285244
v -0.15057546 1.46528745 -0.57808328
v -0.15057544 2.47230577 -0.47735789
v -0.15057544 2.46001363 -0.42476663
v -0.29646993 2.47230577 -0.47735789
v -0.15057544 2.47230577 -0.47735789
v 0.1505753 2.46001363 -0.42476663
v -0.15057544 2.46001363 -0.42476663
v 0.36503083 1.206532 -0.6775071
v -1.2E-07 1.206532 -0.6775071
v -0.36503094 1.206532 -0.6775071
v -0.2166312 1.00626493 -0.95196652
v 0.2166312 1.00626493 -0.95196652
v 0.2166312 0.74049741 -1.13357317
v -0.2166312 0.74049741 -1.13357317
v -0.2166312 1.16549075 -0.34210756
v 0.2166312 1.16549075 -0.34210756
v 0.2166312 1.03735292 -0.90626532
v -0.2166312 1.03735292 -0.90626532
v -0.2166312 0.68861711 -1.15263879
v 0.2166312 0.68861711 -1.15263879
v 0.2166312 0.1713199 -1.20710087
v -0.2166312 0.1713199 -1.20710087
v 0.34374061 1.20596004 -0.30970728
v 0.36098775 1.19153965 -0.29102343
v 0.23366702 1.20600593 -0.30947834
v 0.2166312 1.19176233 -0.29102343
v 0.36098775 0.1790199 -1.25723159
v 0.34294498 0.19694699 -1.27273679
v -0.34395194 1.20600593 -0.30947834
v -0.36098775 1.19176233 -0.29102343
v -0.2166312 1.19153965 -0.29102343
v -0.23387834 1.20596004 -0.30970728
v -0.34394085 0.1959575 -1.27284932
v -0.36098775 0.1790199 -1.25723159
v -0.23467396 0.19694699 -1.27273679
v -0.2166312 0.1790199 -1.25723159
v 0.2166312 0.1790199 -1.25723159
v 0.23367809 0.1959575 -1.27284932
v -0.36098775 0.73499775 -1.19528711
v -0.36098775 0.1790199 -1.25723159
v -0.36098775 0.1790199 -0.29102373
v -0.36098775 0.74113631 -0.29102314
v 0.36098775 0.1790199 -1.25723159
v 0.36098775 0.73499775 -1.19528711
v 0.36098775 0.74113631 -0.29102314
v 0.36098775 0.1790199 -0.29102373
v 0.2166312 0.73499775 -1.19528711
v 0.2166312 0.1790199 -1.25723159
v 0.2166312 0.1790199 -0.29102373
v 0.2166312 0.74113631 -0.29102314
v -0.2166312 0.1790199 -1.25723159
v -0.2166312 0.73499775 -1.19528711
v -0.2166312 0.74113631 -0.29102314
v -0.2166312 0.1790199 -0.29102373
v -0.36098775 1.19176233 -0.29102343
v -0.36098775 1.06032765 -0.95325309
v 0.2166312 1.19176233 -0.29102343
v 0.2166312 1.06032765 -0.95325309
v -0.2166312 1.06032765 -0.95325309
v -0.2166312 1.19153965 -0.29102343
v 0.36098775 1.06032765 -0.95325309
v 0.36098775 1.19153965 -0.29102343
v 0.00803155 0.39234546 -1.23416972
v -0.00803155 0.39234546 -1.23416972
v -0.00823255 0.3920868 -1.16983807
v 0.00823255 0.3920868 -1.16983807
v 0.195793 0.15070784 -1.26101315
v -0.195793 0.15070784 -1.26101315
v -0.195793 0.15070784 -1.26101315
v -0.195793 0.15070784 -1.19692862
v 0.195793 0.15070784 -1.19692862
v 0.195793 0.15070784 -1.26101315
v -0.42074919 -0.00565774 -0.22086197
v -0.43816358 0.0117575 -0.22086197
v -0.43816358 0.15110888 -0.22086197
v -0.42076364 0.168541 -0.22086197
v 0.43816358 0.01175749 -0.22086197
v 0.42074919 -0.00565775 -0.22086197
v 0.42073473 0.16993859 -0.22086197
v 0.43816358 0.15253583 -0.22086197
v -0.42147335 0.19001149 -1.32865822
v -0.42076364 0.168541 -0.22086197
v 0.42073473 0.16993859 -0.22086197
v 0.42148322 0.19003326 -1.32866764
v -0.60455275 1.32452857 6E-08
v -0.57808334 1.46528745 -0.15057534
v -0.63285249 1.46528745 -0.15057535
v -0.65714383 1.32452857 6E-08
v -0.42476669 2.46001363 -0.15057535
v -0.47735795 2.47230577 -0.15057535
v -0.47735795 2.47230577 -0.15057535
v -0.47735795 2.47230577 -0.29646975
v -0.60455275 1.32452857 6E-08
v -0.65714383 1.32452857 6E-08
v -0.63285249 1.46528745 0.15057538
v -0.57808334 1.46528745 0.1505754
v -0.47735795 2.47230577 0.15057538
v -0.42476669 2.46001363 0.15057538
v -0.47735795 2.47230577 0.29646987
v -0.47735795 2.47230577 0.15057538
v -0.42476669 2.46001363 -0.15057535
v -0.42476669 2.46001363 0.15057538
v -0.67750716 1.206532 -0.36503088
v -0.67750716 1.206532 6E-08
v -0.67750716 1.206532 0.36503088
v 4.48408794 1.66500688 0.41131356
v 4.4988203 1.66500688 0.42604598
v 4.41183758 1.72080982 0.51404035
v 4.39596558 1.72089088 0.49862194
v 4.38699579 1.73924744 0.50859147
v 4.38699579 1.73924744 -0.50859147
v 4.39596558 1.72089088 -0.49862194
v 4.40154219 1.73924744 0.52313763
v 5.40875578 1.72089112 0.5141682
v 5.41892529 1.73909402 0.52315122
v 4.38699579 1.73924744 0.50859147
v 4.40154219 1.73924744 0.52313763
v 4.41169119 1.85875738 0.51256585
v 4.39754534 1.85849845 0.49816105
v 5.32144737 1.66500688 0.42604598
v 5.33617973 1.66500688 0.41131356
v 5.4243021 1.72089112 0.49862197
v 5.43327188 1.73924768 0.50859147
v 5.4243021 1.72089112 -0.49862197
v 5.43328524 1.73909402 -0.50879133
v 5.41892529 1.73909402 0.52315122
v 5.43327188 1.73924768 0.50859147
v 5.42272282 1.85849857 0.49816105
v 5.40829515 1.85849857 0.5125888
v 5.32387018 1.90038443 0.39900404
v 5.30913782 1.90038443 0.41373643
v 5.39380646 1.87455368 0.49899217
v 5.40936613 1.87448108 0.48420599
v 5.42272282 1.85849857 0.49816105
v 5.42272282 1.85849857 -0.49816105
v 5.40912628 1.87455368 -0.48367262
v 5.40829515 1.85849857 0.5125888
v 4.42592812 1.87448084 0.49923199
v 4.41169119 1.85875738 0.51256585
v 4.51112986 1.90038443 0.41373643
v 4.4963975 1.90038443 0.39900401
v 4.41090202 1.87448084 0.48420593
v 4.39754534 1.85849845 0.49816105
v 4.41090202 1.87448084 -0.48420593
v 4.39754534 1.85849845 -0.49816105
v 5.33617973 1.66500688 -0.41131356
v 5.32144737 1.66500688 -0.42604598
v 5.40875578 1.72089112 -0.5141682
v 5.41872549 1.73924768 -0.52313763
v 4.4115119 1.72089088 -0.5141682
v 4.40134239 1.73909378 -0.52315122
v 5.43328524 1.73909402 -0.50879133
v 5.41872549 1.73924768 -0.52313763
v 5.40829515 1.85849857 -0.5125888
v 5.42272282 1.85849857 -0.49816105
v 5.30913782 1.90038443 -0.41373643
v 5.32387018 1.90038443 -0.39900404
v 5.39434004 1.87448108 -0.49923196
v 5.40829515 1.85849857 -0.5125888
v 4.411973 1.85849833 -0.5125888
v 4.42646122 1.87455356 -0.4989922
v 4.4988203 1.66500688 -0.42604598
v 4.48408794 1.66500688 -0.41131356
v 4.40134239 1.73909378 -0.52315122
v 4.38699579 1.73924744 -0.50859147
v 4.39754534 1.85849845 -0.49816105
v 4.411973 1.85849833 -0.5125888
v 4.4963975 1.90038443 -0.39900401
v 4.51112986 1.90038443 -0.41373643
v 5.43328524 1.73909402 -0.50879133
v 5.42272282 1.85849857 -0.49816105
v 5.40997505 0.43902004 0.66402221
v 5.37265205 0.23446965 0.68249035
v 5.40438175 0.23382884 0.72955614
v 5.44439983 0.43902004 0.70975423
v 5.49911928 0.54528213 0.65442818
v 5.57415581 0.43902004 0.49801666
v 5.56456184 0.54528213 0.58898538
v 5.61988783 0.43902004 0.53231567
v 5.6396637 0.23409492 0.49376217
v 5.5926013 0.23471862 0.46205705
v 5.59969997 0.15609461 0.36833388
v 5.63294506 0.15609461 0.36833411
v 5.68894958 0.15609455 0.79805118
v 5.70196152 0.15609455 0.78485638
v 5.66557264 0.19377454 0.74225217
v 5.65256643 0.19383113 0.75545108
v 5.7124877 -0 0.82169914
v 5.72557497 -0 0.80861223
v 5.63852072 0.31773922 0.71529669
v 5.62543821 0.31771737 0.72838885
v 5.62961388 0.43902004 0.70638889
v 5.61652279 0.43902004 0.71947229
v 5.55408192 0.66135556 0.63086116
v 5.54099464 0.66135556 0.64394838
v 5.64855957 0.14191459 0.3683342
v 5.66225529 -0 0.36833429
v 4.90497971 0.15609455 0.72281194
v 4.90497971 0.14191452 0.73842633
v 5.27867603 0.14191452 0.73842633
v 5.27867603 0.15609455 0.72281194
v 5.64855957 0.14191453 0
v 5.63294506 0.15609455 0
v 5.59969997 0.15609455 0
v 5.27867556 0.15609455 0.68956655
v 4.90497971 0.15609455 0.68956655
v 5.66225529 0 -0
v 4.90497971 -0 0.75212169
v 5.27867603 -0 0.75212169
v 5.40997505 0.43902004 -0.66402221
v 5.44439983 0.43902004 -0.70975423
v 5.40438175 0.23382884 -0.72955614
v 5.37265205 0.23446965 -0.68249035
v 5.49911928 0.54528213 -0.65442818
v 5.57415581 0.43902004 -0.49801666
v 5.61988783 0.43902004 -0.53231567
v 5.56456184 0.54528213 -0.58898538
v 5.6396637 0.23409492 -0.49376217
v 5.5926013 0.23471862 -0.46205705
v 5.59969997 0.15609461 -0.36833388
v 5.63294506 0.15609461 -0.36833411
v 5.68894958 0.15609455 -0.79805118
v 5.65256643 0.19383113 -0.75545108
v 5.66557264 0.19377454 -0.74225217
v 5.70196152 0.15609455 -0.78485638
v 5.72557497 -0 -0.80861223
v 5.7124877 0 -0.82169914
v 5.62543821 0.31771737 -0.72838885
v 5.63852072 0.31773922 -0.71529669
v 5.62961388 0.43902004 -0.70638889
v 5.61652279 0.43902004 -0.71947229
v 5.55408192 0.66135556 -0.63086116
v 5.54099464 0.66135556 -0.64394838
v 5.64855957 0.14191459 -0.3683342
v 5.66225529 0 -0.36833429
v 4.90497971 0.15609455 -0.72281194
v 5.27867603 0.15609455 -0.72281194
v 5.27867603 0.14191452 -0.73842633
v 4.90497971 0.14191452 -0.73842633
v 4.90497971 0.15609455 -0.68956655
v 5.27867556 0.15609455 -0.68956655
v 5.27867603 0 -0.75212169
v 4.90497971 0 -0.75212169
v 4.39998436 0.43902004 0.66402221
v 4.36555958 0.43902004 0.70975423
v 4.40557766 0.23382884 0.72955614
v 4.43730736 0.23446965 0.68249035
v 4.31084013 0.54528213 0.65442818
v 4.2358036 0.43902004 0.49801666
v 4.19007158 0.43902004 0.53231567
v 4.24539757 0.54528213 0.58898538
v 4.17029572 0.23409492 0.49376217
v 4.21735811 0.23471862 0.46205705
v 4.21025944 0.15609461 0.36833388
v 4.17701435 0.15609461 0.36833411
v 4.12100983 0.15609455 0.79805118
v 4.15739298 0.19383113 0.75545108
v 4.14438677 0.19377454 0.74225217
v 4.10799789 0.15609455 0.78485638
v 4.08438444 -0 0.80861223
v 4.09747171 -0 0.82169914
v 4.1845212 0.31771737 0.72838885
v 4.17143869 0.31773922 0.71529669
v 4.18034554 0.43902004 0.70638889
v 4.19343662 0.43902004 0.71947229
v 4.25587749 0.66135556 0.63086116
v 4.26896477 0.66135556 0.64394838
v 4.16139984 0.14191459 0.3683342
v 4.14770412 -0 0.36833429
v 4.53128338 0.15609455 0.72281194
v 4.53128338 0.14191452 0.73842633
v 4.16139984 0.14191453 0
v 4.17701435 0.15609455 0
v 4.21025944 0.15609455 0
v 4.53128386 0.15609455 0.68956655
v 4.14770412 0 -0
v 4.53128338 -0 0.75212169
v 4.39998436 0.43902004 -0.66402221
v 4.43730736 0.23446965 -0.68249035
v 4.40557766 0.23382884 -0.72955614
v 4.36555958 0.43902004 -0.70975423
v 4.31084013 0.54528213 -0.65442818
v 4.2358036 0.43902004 -0.49801666
v 4.24539757 0.54528213 -0.58898538
v 4.19007158 0.43902004 -0.53231567
v 4.17029572 0.23409492 -0.49376217
v 4.21735811 0.23471862 -0.46205705
v 4.21025944 0.15609461 -0.36833388
v 4.17701435 0.15609461 -0.36833411
v 4.12100983 0.15609455 -0.79805118
v 4.10799789 0.15609455 -0.78485638
v 4.14438677 0.19377454 -0.74225217
v 4.15739298 0.19383113 -0.75545108
v 4.09747171 0 -0.82169914
v 4.08438444 -0 -0.80861223
v 4.17143869 0.31773922 -0.71529669
v 4.1845212 0.31771737 -0.72838885
v 4.18034554 0.43902004 -0.70638889
v 4.19343662 0.43902004 -0.71947229
v 4.25587749 0.66135556 -0.63086116
v 4.26896477 0.66135556 -0.64394838
v 4.16139984 0.14191459 -0.3683342
v 4.14770412 0 -0.36833429
v 4.53128338 0.14191452 -0.73842633
v 4.53128338 0.15609455 -0.72281194
v 4.53128386 0.15609455 -0.68956655
v 4.53128338 0 -0.75212169
v 0.75255489 0.43902004 0.91366309
v 0.7152319 0.23446965 0.93213123
v 0.8360815 0.23382884 1.0399791
v 0.87609959 0.43902004 1.02017713
v 0.84169912 0.54528213 0.90406907
v 0.91673565 0.43902004 0.74765754
v 0.90714169 0.54528213 0.83862627
v 1.05158758 0.43902004 0.84273863
v 1.07136345 0.23409492 0.80418509
v 0.93518114 0.23471862 0.71169794
v 0.94227982 0.15609461 0.61797476
v 1.05258703 0.15609461 0.66705376
v 0.78546906 0.15609455 1.09783328
v 0 0.15609455 0.93920743
v 0 0.15609455 1.02117693
v 0.68872541 0.15609455 1.02117693
v 0.62125587 0.15609455 0.93920738
v 0 0.12991235 1.05000746
v 0 -0 1.06254458
v 1.05258703 0.15609461 0
v 0.94227982 0.15609461 0
v 1.09395504 -0 -0
v 1.08141756 0.12991245 0
v 0.78546906 -0 1.11596894
v 1.12311172 0.15609461 0.76248991
v 1.11751795 0.15609455 1.10837471
v 1.1335609 0.15609455 1.09210646
v 1.09703541 0.1935807 1.04936635
v 1.08099949 0.19365048 1.06563962
v 1.1409955 -0 1.13197839
v 1.15713131 -0 1.11584318
v 1.07023609 0.31659392 1.02268612
v 1.05410659 0.31656694 1.03882778
v 1.06113327 0.43902004 1.01358199
v 1.04499304 0.43902004 1.0297128
v 1.03582454 0.54528213 1.02054977
v 1.01428318 0.65653408 0.9991861
v 0.89727432 0.65457028 0.87805408
v 0.8809576 0.65410185 0.89424419
v 1.04499304 0.43902004 1.0297128
v 1.05410659 0.31656694 1.03882778
v 1.14124823 -0 0.76248991
v 0.8809576 0.65410185 0.89424419
v 1.1409955 -0 1.13197839
v 1.11751795 0.15609455 1.10837471
v 1.08099949 0.19365048 1.06563962
v 0.75255489 0.43902004 -0.91366309
v 0.87609959 0.43902004 -1.02017713
v 0.8360815 0.23382884 -1.0399791
v 0.7152319 0.23446965 -0.93213123
v 0.84169912 0.54528213 -0.90406907
v 0.91673565 0.43902004 -0.74765754
v 1.05158758 0.43902004 -0.84273863
v 0.90714169 0.54528213 -0.83862627
v 1.07136345 0.23409492 -0.80418509
v 0.93518114 0.23471862 -0.71169794
v 0.94227982 0.15609461 -0.61797476
v 1.05258703 0.15609461 -0.66705376
v 0.78546906 0.15609455 -1.09783328
v 0 0.15609455 -0.93920743
v 0.62125587 0.15609455 -0.93920738
v 0.68872541 0.15609455 -1.02117693
v 0 0.15609455 -1.02117693
v 0 0 -1.06254458
v 0 0.12991235 -1.05000746
v 0.78546906 0 -1.11596894
v 1.12311172 0.15609461 -0.76248991
v 1.11751795 0.15609455 -1.10837471
v 1.08099949 0.19365048 -1.06563962
v 1.09703541 0.1935807 -1.04936635
v 1.1335609 0.15609455 -1.09210646
v 1.15713131 0 -1.11584318
v 1.1409955 0 -1.13197839
v 1.05410659 0.31656694 -1.03882778
v 1.07023609 0.31659392 -1.02268612
v 1.06113327 0.43902004 -1.01358199
v 1.04499304 0.43902004 -1.0297128
v 1.03582454 0.54528213 -1.02054977
v 1.01428318 0.65653408 -0.9991861
v 0.89727432 0.65457028 -0.87805408
v 0.8809576 0.65410185 -0.89424419
v 1.04499304 0.43902004 -1.0297128
v 1.05410659 0.31656694 -1.03882778
v 1.14124823 0 -0.76248991
v 0.8809576 0.65410185 -0.89424419
v 1.11751795 0.15609455 -1.10837471
v 1.1409955 0 -1.13197839
v 1.08099949 0.19365048 -1.06563962
v -0.75255489 0.43902004 0.91366309
v -0.87609959 0.43902004 1.02017713
v -0.8360815 0.23382884 1.0399791
v -0.7152319 0.23446965 0.93213123
v -0.84169912 0.54528213 0.90406907
v -0.91673565 0.43902004 0.74765754
v -1.05158758 0.43902004 0.84273863
v -0.90714169 0.54528213 0.83862627
v -1.07136345 0.23409492 0.80418509
v -0.93518114 0.23471862 0.71169794
v -0.94227982 0.15609461 0.61797476
v -1.05258703 0.15609461 0.66705376
v -0.78546906 0.15609455 1.09783328
v -0.62125587 0.15609455 0.93920738
v -0.68872541 0.15609455 1.02117693
v -0.94227982 0.15609461 0
v -1.05258703 0.15609461 0
v -1.08141756 0.12991245 0
v -1.09395504 0 0
v -0.78546906 -0 1.11596894
v -1.12311172 0.15609461 0.76248991
v -1.11751795 0.15609455 1.10837471
v -1.08099949 0.19365048 1.06563962
v -1.09703541 0.1935807 1.04936635
v -1.1335609 0.15609455 1.09210646
v -1.15713131 -0 1.11584318
v -1.1409955 -0 1.13197839
v -1.05410659 0.31656694 1.03882778
v -1.07023609 0.31659392 1.02268612
v -1.06113327 0.43902004 1.01358199
v -1.04499304 0.43902004 1.0297128
v -1.03582454 0.54528213 1.02054977
v -1.01428318 0.65653408 0.9991861
v -0.89727432 0.65457028 0.87805408
v -0.8809576 0.65410185 0.89424419
v -1.04499304 0.43902004 1.0297128
v -1.05410659 0.31656694 1.03882778
v -1.14124823 -0 0.76248991
v -0.8809576 0.65410185 0.89424419
v -1.11751795 0.15609455 1.10837471
v -1.1409955 -0 1.13197839
v -1.08099949 0.19365048 1.06563962
v -0.75255489 0.43902004 -0.91366309
v -0.7152319 0.23446965 -0.93213123
v -0.8360815 0.23382884 -1.0399791
v -0.87609959 0.43902004 -1.02017713
v -0.84169912 0.54528213 -0.90406907
v -0.91673565 0.43902004 -0.74765754
v -0.90714169 0.54528213 -0.83862627
v -1.05158758 0.43902004 -0.84273863
v -1.07136345 0.23409492 -0.80418509
v -0.93518114 0.23471862 -0.71169794
v -0.94227982 0.15609461 -0.61797476
v -1.05258703 0.15609461 -0.66705376
v -0.78546906 0.15609455 -1.09783328
v -0.68872541 0.15609455 -1.02117693
v -0.62125587 0.15609455 -0.93920738
v -0.78546906 0 -1.11596894
v -1.12311172 0.15609461 -0.76248991
v -1.11751795 0.15609455 -1.10837471
v -1.1335609 0.15609455 -1.09210646
v -1.09703541 0.1935807 -1.04936635
v -1.08099949 0.19365048 -1.06563962
v -1.1409955 0 -1.13197839
v -1.15713131 0 -1.11584318
v -1.07023609 0.31659392 -1.02268612
v -1.05410659 0.31656694 -1.03882778
v -1.06113327 0.43902004 -1.01358199
v -1.04499304 0.43902004 -1.0297128
v -1.03582454 0.54528213 -1.02054977
v -1.01428318 0.65653408 -0.9991861
v -0.89727432 0.65457028 -0.87805408
v -0.8809576 0.65410185 -0.89424419
v -1.04499304 0.43902004 -1.0297128
v -1.05410659 0.31656694 -1.03882778
v -1.14124823 0 -0.76248991
v -0.8809576 0.65410185 -0.89424419
v -1.1409955 0 -1.13197839
v -1.11751795 0.15609455 -1.10837471
v -1.08099949 0.19365048 -1.06563962
v -0.82863492 2.91579437 0.82434922
v -0.84086674 2.90013671 0.83651781
v 0.84086674 2.90013671 0.83651781
v 0.82863492 2.91579437 0.82434922
v -0.82863492 2.91579437 -0.82434922
v -0.84086674 2.90013671 -0.83651781
v 0.82863492 2.91579437 -0.82434922
v 0.84086674 2.90013671 -0.83651781
v -0.84086674 2.79927135 0.83651781
v -0.82863492 2.78361368 0.82434922
v 0.82863492 2.78361368 0.82434922
v 0.84086674 2.79927135 0.83651781
v -0.84086674 2.79927135 -0.83651781
v -0.82863492 2.78361368 -0.82434922
v 0.84086674 2.79927135 -0.83651781
v 0.82863492 2.78361368 -0.82434922
v -0.84086674 2.79927135 0.83651781
v -0.84086674 2.90013671 0.83651781
v -0.84086674 2.90013671 -0.83651781
v -0.84086674 2.79927135 -0.83651781
v 0.84086674 2.79927135 0.83651781
v 0.84086674 2.90013671 0.83651781
v 0.84086674 2.90013671 0.83651781
v 0.84086674 2.79927135 0.83651781
v 0.84086674 2.79927135 -0.83651781
v 0.84086674 2.90013671 -0.83651781
v -0.62570989 2.96641135 0.62247354
v -0.62570989 2.96641135 -0.62247354
v -0.62570989 2.7329967 -0.62247354
v -0.62570989 2.7329967 0.62247354
v 0.62570989 2.7329967 0.62247354
v 0.62570989 2.96641135 0.62247354
v 0.62570989 2.7329967 -0.62247354
v 0.62570989 2.96641135 -0.62247354
v 0.43060303 -0 0.40234029
v 4.73310947 -0 0.40234029
v 4.73310947 0.1369223 0.40234029
v 0.43060303 0.1369223 0.40234029
v 0.43060279 0.13711879 -0.40234029
v 4.73310947 0.13711879 -0.40234029
v 4.73310947 0 -0.40234029
v 0.43060279 0 -0.40234029
v 0.43060303 0.14239182 0.38016021
v 4.73310947 0.14239182 0.38016021
v 4.73310947 0.14239182 -0.38035673
v 0.43060279 0.14239182 -0.38035673
v 1.38811874 1.10523605 0.32916781
v 1.04177713 1.54936719 0.32916781
v 0.50407863 1.64232516 0.32916781
v 0.50407863 1.10523605 0.32916781
v 0.50407863 0.1305455 0.32916781
v 1.38811874 0.1305455 0.32916781
v 4.67522335 0.1305455 0.32916781
v 4.67522335 1.10523605 0.32916781
v 0.50770319 1.63237166 0.38932428
v 0.50407887 1.61048973 0.3671442
v 1.04177725 1.52143073 0.3671442
v 1.05368125 1.54194129 0.38932428
v 1.38811886 1.095927 0.3671442
v 1.398664 1.11810708 0.38932428
v 4.65963364 1.095927 0.3671442
v 4.65963364 1.11810708 0.38932428
v 1.398664 1.11810708 0.38932428
v 1.38811886 1.095927 0.3671442
v 1.46172166 1.251068 0.38932428
v 1.4724884 1.27338529 0.3671442
v 1.14392281 1.69742692 0.3671442
v 1.13137448 1.67740881 0.38932428
v 4.65963364 1.29131544 0.38932428
v 4.65963364 1.3134973 0.3671442
v 0.53963065 1.82513571 0.3671442
v 0.53600281 1.80323243 0.38932428
v 0.48241308 1.95697761 -0.26730412
v 0.48241308 1.97944403 -0.24512406
v 1.11594474 1.87732553 -0.24512406
v 1.10409498 1.8567692 -0.26730412
v 1.47956836 1.43201804 -0.24512406
v 1.46915209 1.40970623 -0.26730412
v 0.48241308 1.97944403 0.24512406
v 0.48241308 1.95697761 0.26730412
v 1.10409498 1.8567692 0.26730412
v 1.11594474 1.87732553 0.24512406
v 1.46915209 1.40970623 0.26730412
v 1.47956836 1.43201804 0.24512406
v 4.67675829 1.47193527 -0.24512406
v 4.67675829 1.44975352 -0.26730412
v 4.67675829 1.44975352 0.26730412
v 4.67675829 1.47193527 0.24512406
v 4.65963364 1.11810708 0.38932428
v 1.11594474 1.87732553 -0.24512406
v 0.48241308 1.97944403 -0.24512406
v 0.48241308 1.97944403 0.24512406
v 1.11594474 1.87732553 0.24512406
v 1.47956836 1.43201804 0.24512406
v 1.47956836 1.43201804 -0.24512406
v 4.67675829 1.47193527 0.24512406
v 4.67675829 1.47193527 -0.24512406
v 1.11594474 1.69003868 -0.26730412
v 0.48241308 1.79215717 -0.26730412
v 0.48241308 1.79215717 0.26730412
v 1.11594474 1.69003868 0.26730412
v 1.47956836 1.24473119 -0.26730412
v 1.47956836 1.24473119 0.26730412
v 4.67675829 1.28464842 -0.26730412
v 4.67675829 1.28464842 0.26730412
v 0.50407887 1.61048973 -0.36734071
v 0.50767106 1.63217783 -0.38932428
v 1.05357587 1.54175961 -0.38932428
v 1.04177725 1.52143073 -0.36734071
v 1.39857054 1.11791062 -0.38932428
v 1.38811886 1.095927 -0.36734071
v 4.65963364 1.11791062 -0.38932428
v 4.65963364 1.095927 -0.36734071
v 1.46181703 1.25126565 -0.38932428
v 1.4724884 1.27338529 -0.36734071
v 4.65963364 1.3134973 -0.36734071
v 4.65963364 1.29151201 -0.38932428
v 1.1314857 1.6775862 -0.38932428
v 1.14392281 1.69742692 -0.36734071
v 0.53603494 1.8034265 -0.38932428
v 0.53963065 1.82513571 -0.36734071
v 1.4724884 1.27338529 -0.36734071
v 1.4724884 1.27338529 0.3671442
v 4.65963364 1.3134973 0.3671442
v 4.65963364 1.3134973 -0.36734071
v 1.14392281 1.69742692 -0.36734071
v 1.14392281 1.69742692 0.3671442
v 0.53963065 1.82513571 0.3671442
v 0.53963065 1.82513571 -0.36734071
v 1.38811886 1.095927 -0.36734071
v 4.65963364 1.095927 -0.36734071
v 4.65963364 1.095927 0.3671442
v 1.38811886 1.095927 0.3671442
v 1.04177725 1.52143073 -0.36734071
v 1.04177725 1.52143073 0.3671442
v 0.50407887 1.61048973 0.3671442
v 0.50407887 1.61048973 -0.36734071
v 1.38811874 1.10523605 -0.33160114
v 0.50407863 1.10523605 -0.33160114
v 0.50407863 1.64232516 -0.33160114
v 1.04177713 1.54936719 -0.33160114
v 1.38811874 0.1305455 -0.33160114
v 0.50407863 0.1305455 -0.33160114
v 4.67522335 1.10523605 -0.33160114
v 4.67522335 0.1305455 -0.33160114
v 4.31279039 1.88241529 0.41203374
v 4.31599903 1.89407408 0.41094655
v 4.33636141 1.89157581 0.40145543
v 4.33426714 1.87977707 0.40248486
v 4.31279039 1.88241529 0.41203374
v 4.34771061 1.60560679 0.55563253
v 4.31599903 1.89407408 0.41094655
v 4.42378283 2.05999279 0.47315702
v 4.42378283 2.05999279 0.47315702
v 4.43149996 2.06002283 0.48147818
v 4.43149996 2.06002283 0.48147818
v 4.48704672 1.89432704 0.59604967
v 4.48704672 1.89432704 0.59604967
v 4.48595381 1.88272846 0.59946537
v 4.49483252 1.87988102 0.57914293
v 4.49585247 1.89162385 0.5768218
v 4.48595381 1.88272846 0.59946537
v 4.35499954 1.60577679 0.56357849
v 4.35499954 1.60577679 0.56357849
v 4.34771061 1.60560679 0.55563253
v 5.32441521 1.89162385 0.5768218
v 5.32543516 1.87988102 0.57914293
v 5.33432198 1.88249457 0.59922826
v 5.33321619 1.89435279 0.59599227
v 5.48600054 1.87977707 0.40248486
v 5.48390627 1.89157581 0.40145543
v 5.50426865 1.89407408 0.41094655
v 5.50731802 1.88226223 0.41204312
v 5.3885808 2.05981803 0.48150906
v 5.39650631 2.05978513 0.47296169
v 5.47240591 1.60625005 0.55506992
v 5.46471119 1.60644495 0.56344122
v 5.50731802 1.88226223 0.41204312
v 5.47240591 1.60625005 0.55506992
v 5.50426865 1.89407408 0.41094655
v 5.39650631 2.05978513 0.47296169
v 5.3885808 2.05981803 0.48150906
v 5.33321619 1.89435279 0.59599227
v 5.33432198 1.88249457 0.59922826
v 5.46471119 1.60644495 0.56344122
v 4.91013384 1.72154546 0.52665997
v 4.79792309 1.7215445 0.52666003
v 4.79699802 1.83094549 0.52665961
v 4.91013384 1.83094549 0.52665961
v 5.02234459 1.7215445 0.52666003
v 5.02326965 1.83094549 0.52665961
v 4.735497 1.75630617 0.52885228
v 4.74729061 1.74973881 0.54235137
v 4.73687458 1.53810239 0.45029873
v 4.74472952 1.52203071 0.45029873
v 4.90118933 1.39860678 0.45029873
v 4.91907835 1.39860678 0.45029873
v 4.91013384 1.40735888 0.54235154
v 4.91918755 1.39869308 0.52954757
v 4.91013384 1.91392124 0.54235083
v 4.91013384 1.92657042 0.52970171
v 4.74675989 1.92657042 0.45029798
v 4.73416424 1.91386795 0.45029801
v 5.07553816 1.52203071 0.45029873
v 5.0833931 1.53810239 0.45029873
v 5.08477068 1.75630617 0.52885938
v 5.07298279 1.74974227 0.54235137
v 5.08610344 1.91386795 0.45029801
v 5.07350779 1.92657042 0.45029798
v 4.76788378 1.55423236 0.54235148
v 4.78466034 1.56424153 0.53727758
v 4.78454351 1.72899485 0.53658968
v 4.76752758 1.73847008 0.54235131
v 4.91013384 1.44294703 0.54235148
v 4.91013384 1.46486652 0.53746903
v 4.78166437 1.85424197 0.53794652
v 4.76467037 1.87255013 0.54235089
v 4.91013384 1.85507417 0.53834969
v 4.91013384 1.87250948 0.54235089
v 5.03872013 1.85441911 0.53803235
v 5.05538321 1.8723706 0.54235089
v 5.05273008 1.73846447 0.54235131
v 5.03573275 1.7289995 0.53659594
v 5.03560734 1.56424153 0.53727758
v 5.05165672 1.5545876 0.54235148
v 4.735497 1.75630617 0.45029852
v 4.91013384 1.92657042 0.45029798
v 5.08477068 1.75630617 0.45029852
v 4.91907835 1.39860678 0.45029873
v 4.74729061 1.74973881 0.54235137
v 4.74903059 1.53408837 0.54235154
v 4.7468133 1.91392124 0.54235083
v 4.91013384 1.91392124 0.54235083
v 5.07123709 1.53408837 0.54235154
v 5.07298279 1.74974227 0.54235137
v 5.07345438 1.91392124 0.54235083
v 4.91013384 1.40735888 0.54235154
v 0.2166312 1.00626493 0.95196652
v -0.2166312 1.00626493 0.95196652
v -0.2166312 0.74049741 1.13357317
v 0.2166312 0.74049741 1.13357317
v 0.2166312 1.16549075 0.34210756
v -0.2166312 1.16549075 0.34210756
v -0.2166312 1.03735292 0.90626532
v 0.2166312 1.03735292 0.90626532
v 0.2166312 0.68861711 1.15263879
v -0.2166312 0.68861711 1.15263879
v -0.2166312 0.1713199 1.20710087
v 0.2166312 0.1713199 1.20710087
v -0.34374061 1.20596004 0.30970728
v -0.36098775 1.19153965 0.29102343
v -0.23366702 1.20600593 0.30947834
v -0.2166312 1.19176233 0.29102343
v -0.36098775 0.1790199 1.25723159
v -0.34294498 0.19694699 1.27273679
v 0.34395194 1.20600593 0.30947834
v 0.36098775 1.19176233 0.29102343
v 0.2166312 1.19153965 0.29102343
v 0.23387834 1.20596004 0.30970728
v 0.34394085 0.1959575 1.27284932
v 0.36098775 0.1790199 1.25723159
v 0.23467396 0.19694699 1.27273679
v 0.2166312 0.1790199 1.25723159
v -0.2166312 0.1790199 1.25723159
v -0.23367809 0.1959575 1.27284932
v 0.36098775 0.73499775 1.19528711
v 0.36098775 0.1790199 1.25723159
v 0.36098775 0.1790199 0.29102373
v 0.36098775 0.74113631 0.29102314
v -0.36098775 0.1790199 1.25723159
v -0.36098775 0.73499775 1.19528711
v -0.36098775 0.74113631 0.29102314
v -0.36098775 0.1790199 0.29102373
v -0.2166312 0.73499775 1.19528711
v -0.2166312 0.1790199 1.25723159
v -0.2166312 0.1790199 0.29102373
v -0.2166312 0.74113631 0.29102314
v 0.2166312 0.1790199 1.25723159
v 0.2166312 0.73499775 1.19528711
v 0.2166312 0.74113631 0.29102314
v 0.2166312 0.1790199 0.29102373
v 0.36098775 1.19176233 0.29102343
v 0.36098775 1.06032765 0.95325309
v -0.2166312 1.19176233 0.29102343
v -0.2166312 1.06032765 0.95325309
v 0.2166312 1.06032765 0.95325309
v 0.2166312 1.19153965 0.29102343
v -0.36098775 1.06032765 0.95325309
v -0.36098775 1.19153965 0.29102343
v -0.00803155 0.39234546 1.23416972
v 0.00803155 0.39234546 1.23416972
v 0.00823255 0.3920868 1.16983807
v -0.00823255 0.3920868 1.16983807
v -0.195793 0.15070784 1.26101315
v 0.195793 0.15070784 1.26101315
v 0.195793 0.15070784 1.26101315
v 0.195793 0.15070784 1.19692862
v -0.195793 0.15070784 1.19692862
v -0.195793 0.15070784 1.26101315
v 0.42074919 -0.00565774 0.22086197
v 0.43816358 0.0117575 0.22086197
v 0.43816358 0.15110888 0.22086197
v 0.42076364 0.168541 0.22086197
v -0.43816358 0.01175749 0.22086197
v -0.42074919 -0.00565775 0.22086197
v -0.42073473 0.16993859 0.22086197
v -0.43816358 0.15253583 0.22086197
v 0.42147335 0.19001149 1.32865822
v 0.42076364 0.168541 0.22086197
v -0.42073473 0.16993859 0.22086197
v -0.42148322 0.19003326 1.32866764
v -0 1.32452857 0.60455269
v -0.1505754 1.46528745 0.57808328
v -0.15057541 1.46528745 0.63285244
v -0 1.32452857 0.65714377
v -0.15057541 2.46001363 0.42476663
v -0.15057541 2.47230577 0.47735789
v -0.15057541 2.47230577 0.47735789
v -0.29646981 2.47230577 0.47735789
v -0 1.32452857 0.60455269
v -0 1.32452857 0.65714377
v 0.15057532 1.46528745 0.63285244
v 0.15057534 1.46528745 0.57808328
v 0.15057532 2.47230577 0.47735789
v 0.15057532 2.46001363 0.42476663
v 0.29646981 2.47230577 0.47735789
v 0.15057532 2.47230577 0.47735789
v -0.15057541 2.46001363 0.42476663
v 0.15057532 2.46001363 0.42476663
v -0.36503094 1.206532 0.6775071
v -0 1.206532 0.6775071
v 0.36503083 1.206532 0.6775071
v 4.29559231 0.98706484 0.56957424
v 4.34055996 0.98706484 0.61454123
v 4.36328602 1.23877692 0.59181505
v 4.31831884 1.23877692 0.54684806
v 4.44879436 1.37720728 0.50630653
v 4.40382719 1.37720728 0.46133956
v 5.47970772 0.98706484 0.61454117
v 5.52467489 0.98706484 0.56957424
v 5.50194883 1.23877692 0.54684806
v 5.45698166 1.23877692 0.59181505
v 5.41644049 1.37720728 0.46133956
v 5.37147331 1.37720728 0.50630653
v 4.36328602 1.23877692 -0.59181505
v 4.31831884 1.23877692 -0.54684806
v 4.40382719 1.37720728 -0.46133956
v 4.44879436 1.37720728 -0.50630653
v 4.34055996 0.98706484 -0.61454117
v 4.29559278 0.98706484 -0.56957424
v 5.50194883 1.23877692 -0.54684806
v 5.45698166 1.23877692 -0.59181505
v 5.37147331 1.37720728 -0.50630653
v 5.41644049 1.37720728 -0.46133956
v 5.51813841 0.98706484 -0.57611024
v 5.47970772 0.98706484 -0.61454123
v 4.36328602 1.23877692 -0.59181505
v 4.34055996 0.98706484 -0.61454117
v 4.44879436 1.37720728 -0.50630653
v 4.25601768 0.04543006 0.70580381
v 5.56688547 0.04543006 0.70580375
v 5.61863089 0.04543006 0.65405828
v 5.61110973 0.04543006 -0.66433156
v 5.56688547 0.04543006 -0.70855564
v 4.25601768 0.04543006 -0.70855558
v 4.25601768 0.04543006 -0.70855558
v 4.20427179 0.04543006 -0.6568101
v 4.20427132 0.04543006 0.65405828
v 4.45833302 1.96817493 0.40683383
v 4.50330019 1.96817493 0.45180079
v 4.45833302 1.96817493 -0.40683383
v 4.50330019 1.96817493 -0.45180079
v 5.31696749 1.96817493 0.45180079
v 5.36193466 1.96817493 0.40683383
v 5.36193466 1.96817493 -0.40683383
v 5.31696749 1.96817493 -0.45180079
v 4.40382719 1.37720716 0.46133956
v 4.44879436 1.37720716 0.50630653
v 4.50330019 1.96817493 0.45180079
v 4.45833302 1.96817493 0.40683383
v 5.37147331 1.37720716 0.50630653
v 5.41644049 1.37720716 0.46133956
v 5.36193466 1.96817493 0.40683383
v 5.31696749 1.96817493 0.45180079
v 5.41644049 1.37720716 -0.46133956
v 5.37147331 1.37720716 -0.50630653
v 5.31696749 1.96817493 -0.45180079
v 5.36193466 1.96817493 -0.40683383
v 4.44879436 1.37720716 -0.50630653
v 4.40382719 1.37720716 -0.46133956
v 4.45833302 1.96817493 -0.40683383
v 4.50330019 1.96817493 -0.45180079
v 4.44879436 1.37720716 -0.50630653
v 4.50330019 1.96817493 -0.45180079
v 5.30408525 2.26923037 -0.16841261
v 5.23401546 2.22640491 -0.13938878
v 5.15505791 2.22640491 -0.25755706
v 5.20868683 2.26923037 -0.31118616
v 5.3375845 2.26923037 0
v 5.26174164 2.22640491 0
v 5.30408525 2.26923037 0.16841286
v 5.23401546 2.22640491 0.13938899
v 5.20868683 2.26923037 0.31118637
v 5.15505791 2.22640491 0.25755724
v 5.0659132 2.26923037 0.40658456
v 5.03688908 2.22640491 0.33651474
v 4.89750051 2.26923037 0.44008398
v 4.89750051 2.22640491 0.36424094
v 4.72908783 2.26923037 0.40658453
v 4.75811195 2.22640491 0.33651471
v 4.5863142 2.26923037 0.31118628
v 4.63994312 2.22640491 0.25755715
v 4.49091578 2.26923037 0.16841272
v 4.56098557 2.22640491 0.13938887
v 4.45741653 2.26923037 -1.6E-07
v 4.53325844 2.22640491 -1.3E-07
v 4.49091578 2.26923037 -0.168413
v 4.56098557 2.22640491 -0.1393891
v 4.5863142 2.26923037 -0.31118649
v 4.63994312 2.22640491 -0.25755736
v 4.72908783 2.26923037 -0.40658462
v 4.75811195 2.22640491 -0.33651477
v 4.89750051 2.26923037 -0.44008392
v 4.89750051 2.22640491 -0.36424088
v 4.89750051 2.22640491 -0.36424088
v 4.89750051 2.26923037 -0.44008392
v 5.06591368 2.26923037 -0.40658447
v 5.03688955 2.22640491 -0.33651468
v 5.28345108 2.33022833 -0.1598658
v 5.3152504 2.33022833 0
v 5.28345108 2.33022833 0.15986605
v 5.19289446 2.33022833 0.29539391
v 5.05736637 2.33022833 0.38595074
v 4.89750051 2.33022833 0.41775009
v 4.73763466 2.33022833 0.38595068
v 4.60210657 2.33022833 0.29539382
v 4.51154995 2.33022833 0.1598659
v 4.47975063 2.33022833 -1.5E-07
v 4.51154995 2.33022833 -0.15986618
v 4.60210657 2.33022833 -0.29539403
v 4.73763466 2.33022833 -0.3859508
v 4.89750051 2.33022833 -0.41775006
v 4.89750051 2.33022833 -0.41775006
v 5.05736685 2.33022833 -0.38595062
v 5.19289446 2.33022833 -0.29539371
v 5.34003544 2.09160972 -0.18330377
v 5.33559036 2.15605593 -0.18146276
v 5.3716855 2.15605593 -0
v 5.37649679 2.09160972 -0
v 5.23620224 2.09160972 -0.33870149
v 5.23280048 2.15605593 -0.33529967
v 5.08080482 2.09160972 -0.44253495
v 5.07896376 2.15605545 -0.43809035
v 4.89750051 2.09160972 -0.47899643
v 4.89750051 2.15605545 -0.47418565
v 4.89750051 2.15605545 -0.47418565
v 4.89750051 2.09160972 -0.47899643
v 4.71419668 2.09160972 -0.4425351
v 4.71603823 2.15605545 -0.43809053
v 4.55879927 2.09160972 -0.33870184
v 4.56220055 2.15605593 -0.33530006
v 4.45496559 2.09160972 -0.18330421
v 4.45940971 2.15605593 -0.18146317
v 4.41850328 2.09160972 -1.7E-07
v 4.42331505 2.15605593 -1.7E-07
v 4.45496559 2.09160972 0.18330388
v 4.45940971 2.15605593 0.18146284
v 4.55879927 2.09160972 0.33870161
v 4.56220055 2.15605593 0.33529979
v 4.71419668 2.09160972 0.44253501
v 4.71603823 2.15605545 0.43809038
v 4.89750051 2.09160972 0.47899649
v 4.89750051 2.15605545 0.47418571
v 5.08080435 2.09160972 0.44253501
v 5.07896328 2.15605545 0.43809041
v 5.23620224 2.09160972 0.33870167
v 5.23280048 2.15605593 0.33529991
v 5.34003544 2.09160972 0.18330403
v 5.33559036 2.15605593 0.18146302
v 5.24675465 1.98450577 -0.1446656
v 5.1648078 1.98450577 -0.26730737
v 5.04216623 1.98450577 -0.34925404
v 4.89750051 1.98450577 -0.37802991
v 4.89750051 1.98450577 -0.37802991
v 4.7528348 1.98450577 -0.34925419
v 4.63019323 1.98450577 -0.26730764
v 4.54824638 1.98450577 -0.14466593
v 4.51947069 1.98450577 -1.3E-07
v 4.54824638 1.98450577 0.14466569
v 4.63019323 1.98450577 0.26730749
v 4.7528348 1.98450577 0.3492541
v 4.89750051 1.98450577 0.37802994
v 5.04216623 1.98450577 0.34925413
v 5.1648078 1.98450577 0.26730755
v 5.24675465 1.98450577 0.14466581
v 5.27553034 1.98450577 0
v 5.15505791 2.22640491 -0.25755706
v 5.23401546 2.22640491 -0.13938878
v 5.03688955 2.22640491 -0.33651468
v 4.89750051 2.22640491 -0.36424088
v 4.75811195 2.22640491 -0.33651477
v 4.89750051 2.22640491 -0.36424088
v 4.63994312 2.22640491 -0.25755736
v 4.56098557 2.22640491 -0.1393891
v 4.53325844 2.22640491 -1.3E-07
v 4.56098557 2.22640491 0.13938887
v 4.63994312 2.22640491 0.25755715
v 4.75811195 2.22640491 0.33651471
v 4.89750051 2.22640491 0.36424094
v 5.03688908 2.22640491 0.33651474
v 5.15505791 2.22640491 0.25755724
v 5.23401546 2.22640491 0.13938899
v 5.26174164 2.22640491 0
v 5.28345108 2.33022833 -0.1598658
v 5.19289446 2.33022833 -0.29539371
v 5.13074589 2.33022833 -0.23324515
v 5.20225 2.33022833 -0.12623127
v 5.05736685 2.33022833 -0.38595062
v 5.02373219 2.33022833 -0.30474961
v 4.89750051 2.33022833 -0.41775006
v 4.89750051 2.33022833 -0.32985866
v 4.73763466 2.33022833 -0.3859508
v 4.77126932 2.33022833 -0.30474973
v 4.60210657 2.33022833 -0.29539403
v 4.66425467 2.33022833 -0.23324542
v 4.51154995 2.33022833 -0.15986618
v 4.59275103 2.33022833 -0.12623158
v 4.47975063 2.33022833 -1.5E-07
v 4.56764174 2.33022833 -1.1E-07
v 4.51154995 2.33022833 0.1598659
v 4.59275103 2.33022833 0.12623136
v 4.60210657 2.33022833 0.29539382
v 4.66425467 2.33022833 0.23324525
v 4.73763466 2.33022833 0.38595068
v 4.77126932 2.33022833 0.30474967
v 4.89750051 2.33022833 0.41775009
v 4.89750051 2.33022833 0.32985869
v 5.05736637 2.33022833 0.38595074
v 5.02373123 2.33022833 0.3047497
v 5.19289446 2.33022833 0.29539391
v 5.13074589 2.33022833 0.23324531
v 5.28345108 2.33022833 0.15986605
v 5.20225 2.33022833 0.12623146
v 5.3152504 2.33022833 0
v 5.22735882 2.33022833 0
v 5.20225 2.33022833 -0.12623127
v 5.13074589 2.33022833 -0.23324515
v 5.05018282 2.20364428 -0.15268223
v 5.09698915 2.20364428 -0.08263098
v 5.02373219 2.33022833 -0.30474961
v 4.98013163 2.20364428 -0.199489
v 4.89750051 2.33022833 -0.32985866
v 4.89750051 2.20364428 -0.21592537
v 4.89750051 2.33022833 -0.32985866
v 4.77126932 2.33022833 -0.30474973
v 4.8148694 2.20364428 -0.19948907
v 4.89750051 2.20364428 -0.21592537
v 4.66425467 2.33022833 -0.23324542
v 4.74481821 2.20364428 -0.15268241
v 4.59275103 2.33022833 -0.12623158
v 4.69801188 2.20364428 -0.08263118
v 4.56764174 2.33022833 -1.1E-07
v 4.6815753 2.20364428 -7E-08
v 4.59275103 2.33022833 0.12623136
v 4.69801188 2.20364428 0.08263104
v 4.66425467 2.33022833 0.23324525
v 4.74481821 2.20364428 0.1526823
v 4.77126932 2.33022833 0.30474967
v 4.8148694 2.20364428 0.19948903
v 4.89750051 2.33022833 0.32985869
v 4.89750051 2.20364428 0.2159254
v 5.02373123 2.33022833 0.3047497
v 4.98013115 2.20364428 0.19948906
v 5.13074589 2.33022833 0.23324531
v 5.05018282 2.20364428 0.15268233
v 5.20225 2.33022833 0.12623146
v 5.09698915 2.20364428 0.08263111
v 5.22735882 2.33022833 0
v 5.11342525 2.20364428 1E-08
v -0 1.22834921 -0.7983312
v -0 1.19577754 -0.83397985
v -0.37223247 1.19577754 -0.82724369
v -0.83397985 1.04920506 0
v -0.83397985 1.19577754 0
v -0.82709569 1.19577754 -0.37223247
v -0.82498795 1.04920506 -0.37223247
v -0.82709569 1.19577754 -0.37223247
v -0.83397985 1.19577754 0
v -0.7983312 1.22834921 0
v -0.37223247 1.19577754 -0.82724369
v -0 1.19577754 -0.83397985
v -0 1.04920506 -0.83397985
v -0.37223247 1.04920506 -0.82335794
v -0.37223309 1.22834921 0
v -0 1.22834921 -0.37223247
v -0.57117617 2.44953704 -0.58535594
v -0.58535594 2.44953704 -0.57117617
v -0.75438529 2.66501164 -0.74020553
v -0.74020553 2.66501164 -0.75438529
v -0.77713245 2.9392333 -0.76295269
v -0.76295269 2.9392333 -0.77713245
v -0.67750973 3.09753156 -0.66332996
v -0.66332996 3.09753156 -0.67750973
v -0.5643059 3.36730218 -0.55012614
v -0.55012614 3.36730218 -0.5643059
v -0.56554186 3.33421588 -0.57972163
v -0.57972163 3.33421588 -0.56554186
v -0.56554186 3.16193819 -0.57972163
v -0.57972163 3.16193819 -0.56554186
v -0.65023988 3.10939693 -0.66441965
v -0.66441965 3.10939693 -0.65023988
v -0.58900762 3.1467669 -0.57482785
v -0.57482785 3.1467669 -0.58900762
v -0.57482785 3.1467669 -0.58900762
v -0.58900762 3.1467669 -0.57482785
v -0 2.44953704 -0.59966141
v -0 2.66501164 -0.77292401
v -0 2.9392333 -0.79624099
v -0.77292401 2.66501164 0
v -0.59966141 2.44953704 0
v -0.79624099 2.9392333 0
v -0.59388584 3.33421588 0
v -0.57808405 3.36730218 0
v -0 3.36730218 -0.57808405
v -0 3.33421588 -0.59388584
v -0.69412315 3.09753156 0
v -0.68070519 3.10939693 0
v -0 3.10939693 -0.68070519
v -0 3.09753156 -0.69412315
v -0 3.16193819 -0.59388584
v -0 3.1467669 -0.6034044
v -0.6034044 3.1467669 0
v -0.59388584 3.16193819 0
v -0 3.1467669 -0.6034044
v -0.6034044 3.1467669 0
v -0 3.77389812 -0.07503302
v -0.05827894 3.77479911 -0.07245868
v -0.07503302 3.77389812 0
v -0.0725418 3.77473021 -0.05836207
v -0.55012614 3.36730218 -0.5643059
v -0.5643059 3.36730218 -0.55012614
v -0 3.36730218 -0.57808405
v -0.57808405 3.36730218 0
v -0.79279739 1.04920506 -0.81406265
v -0.81413943 1.04920506 -0.79279917
v -0.81423461 1.19577754 -0.79293519
v -0.79293537 1.19577754 -0.81424153
v -0.79293537 1.19577754 -0.81424153
v -0.81423461 1.19577754 -0.79293519
v -0.83397985 1.04920506 0
v -0.82498795 1.04920506 -0.37223247
v -0.93719256 0.98405135 -0.42285895
v -0.94740766 0.98405135 0
v -0.37223247 1.04920506 -0.82335794
v -0 1.04920506 -0.83397985
v -0 0.98405135 -0.94740766
v -0.42285895 0.98405135 -0.935341
v -0.81413943 1.04920506 -0.79279917
v -0.9248687 0.98405135 -0.90062606
v -0.79279739 1.04920506 -0.81406265
v -0.90062416 0.98405135 -0.92478162
v -0.94740766 0.98405135 0
v -0.93719256 0.98405135 -0.42285895
v -0.94970447 0.95628178 -0.42850432
v -0.96005601 0.95628178 0
v -0.42285895 0.98405135 -0.935341
v -0 0.98405135 -0.94740766
v -0 0.95628178 -0.96005601
v -0.42850432 0.95628178 -0.94782817
v -0.9248687 0.98405135 -0.90062606
v -0.9372161 0.95628178 -0.91264975
v -0.90062416 0.98405135 -0.92478162
v -0.9126479 0.95628178 -0.93712783
v -0.97777528 0.14076847 -0.44116977
v -0.98843277 0.14076847 0
v -0 0.14076847 -0.98843277
v -0.44116977 0.14076847 -0.97584349
v -0.96491778 0.14076847 -0.93962532
v -0.93962336 0.14076847 -0.96482688
v -0.37319493 1.21038663 -0.80321276
v -0.39130223 1.21328235 -0.81994879
v -0.35411614 1.79251242 -0.71689683
v -0.33598053 1.79077649 -0.69984353
v -0.35937667 1.82684529 -0.70076823
v -0.34122926 1.82513785 -0.68372411
v -0.77942407 1.21328235 -0.79822004
v -0.79698062 1.21328235 -0.78070962
v -0.69907701 1.79251242 -0.68166053
v -0.68152952 1.79251242 -0.69918013
v -0.68420643 1.82684529 -0.66667324
v -0.66665965 1.82684529 -0.68419343
v -0.81989586 1.21328235 -0.39132607
v -0.80318701 1.21038246 -0.37319478
v -0.7003994 1.79077494 -0.33540881
v -0.71743435 1.79251242 -0.35356063
v -0.68432492 1.82513642 -0.34061331
v -0.7013517 1.82684529 -0.35877603
v -0.30894578 2.49560761 -0.591829
v -0.29082334 2.49560761 -0.57440555
v -0.58021045 2.49560761 -0.56140864
v -0.56267923 2.49560761 -0.5789445
v -0.5756731 2.49560761 -0.28955767
v -0.59309459 2.49560761 -0.30768225
v -0.34076637 1.81470299 -0.57360405
v -0.33545971 1.77954316 -0.58316576
v -0.57421994 1.81470335 -0.34015036
v -0.58373743 1.77954316 -0.33488798
v -0.3722325 1.1896286 -0.67602772
v -0.67602777 1.1896286 -0.37223247
v -0.47171143 2.49560761 -0.28955767
v -0.29082334 2.49560761 -0.47044575
v 0.37223247 1.19577754 -0.82724369
v 0.83397985 1.04920506 -0
v 0.82498795 1.04920506 -0.37223247
v 0.82709569 1.19577754 -0.37223247
v 0.83397985 1.19577754 -0
v 0.7983312 1.22834921 -0
v 0.83397985 1.19577754 -0
v 0.82709569 1.19577754 -0.37223247
v 0.37223247 1.19577754 -0.82724369
v 0.37223247 1.04920506 -0.82335794
v 0.37223309 1.22834921 0
v 0.57117617 2.44953704 -0.58535594
v 0.74020553 2.66501164 -0.75438529
v 0.75438529 2.66501164 -0.74020553
v 0.58535594 2.44953704 -0.57117617
v 0.76295269 2.9392333 -0.77713245
v 0.77713245 2.9392333 -0.76295269
v 0.66332996 3.09753156 -0.67750973
v 0.67750973 3.09753156 -0.66332996
v 0.5643059 3.36730218 -0.55012614
v 0.57972163 3.33421588 -0.56554186
v 0.56554186 3.33421588 -0.57972163
v 0.55012614 3.36730218 -0.5643059
v 0.57972163 3.16193819 -0.56554186
v 0.56554186 3.16193819 -0.57972163
v 0.65023988 3.10939693 -0.66441965
v 0.57482785 3.1467669 -0.58900762
v 0.58900762 3.1467669 -0.57482785
v 0.66441965 3.10939693 -0.65023988
v 0.57482785 3.1467669 -0.58900762
v 0.58900762 3.1467669 -0.57482785
v 0.77292401 2.66501164 0
v 0.59966141 2.44953704 0
v 0.79624099 2.9392333 0
v 0.57808405 3.36730218 0
v 0.59388584 3.33421588 0
v 0.68070519 3.10939693 0
v 0.69412315 3.09753156 0
v 0.59388584 3.16193819 0
v 0.6034044 3.1467669 0
v 0.6034044 3.1467669 0
v 0.05827894 3.77479911 -0.07245868
v 0.07503302 3.77389812 0
v 0.0725418 3.77473021 -0.05836207
v 0.55012614 3.36730218 -0.5643059
v 0.5643059 3.36730218 -0.55012614
v 0.57808405 3.36730218 0
v 0.79279739 1.04920506 -0.81406265
v 0.79293537 1.19577754 -0.81424153
v 0.81423461 1.19577754 -0.79293519
v 0.81413943 1.04920506 -0.79279917
v 0.79293537 1.19577754 -0.81424153
v 0.81423461 1.19577754 -0.79293519
v 0.83397985 1.04920506 -0
v 0.94740766 0.98405135 -0
v 0.93719256 0.98405135 -0.42285895
v 0.82498795 1.04920506 -0.37223247
v 0.37223247 1.04920506 -0.82335794
v 0.42285895 0.98405135 -0.935341
v 0.9248687 0.98405135 -0.90062606
v 0.81413943 1.04920506 -0.79279917
v 0.79279739 1.04920506 -0.81406265
v 0.90062416 0.98405135 -0.92478162
v 0.94740766 0.98405135 -0
v 0.96005601 0.95628178 -0
v 0.94970447 0.95628178 -0.42850432
v 0.93719256 0.98405135 -0.42285895
v 0.42285895 0.98405135 -0.935341
v 0.42850432 0.95628178 -0.94782817
v 0.9372161 0.95628178 -0.91264975
v 0.9248687 0.98405135 -0.90062606
v 0.90062416 0.98405135 -0.92478162
v 0.9126479 0.95628178 -0.93712783
v 0.98843277 0.14076847 -0
v 0.97777528 0.14076847 -0.44116977
v 0.44116977 0.14076847 -0.97584349
v 0.96491778 0.14076847 -0.93962532
v 0.93962336 0.14076847 -0.96482688
v 0.37319493 1.21038663 -0.80321276
v 0.33598053 1.79077649 -0.69984353
v 0.35411614 1.79251242 -0.71689683
v 0.39130223 1.21328235 -0.81994879
v 0.34122926 1.82513785 -0.68372411
v 0.35937667 1.82684529 -0.70076823
v 0.77942407 1.21328235 -0.79822004
v 0.68152952 1.79251242 -0.69918013
v 0.69907701 1.79251242 -0.68166053
v 0.79698062 1.21328235 -0.78070962
v 0.66665965 1.82684529 -0.68419343
v 0.68420643 1.82684529 -0.66667324
v 0.81989586 1.21328235 -0.39132607
v 0.71743435 1.79251242 -0.35356063
v 0.7003994 1.79077494 -0.33540881
v 0.80318701 1.21038246 -0.37319478
v 0.7013517 1.82684529 -0.35877603
v 0.68432492 1.82513642 -0.34061331
v 0.29082334 2.49560761 -0.57440555
v 0.30894578 2.49560761 -0.591829
v 0.56267923 2.49560761 -0.5789445
v 0.58021045 2.49560761 -0.56140864
v 0.59309459 2.49560761 -0.30768225
v 0.5756731 2.49560761 -0.28955767
v 0.33545971 1.77954316 -0.58316576
v 0.34076637 1.81470299 -0.57360405
v 0.57421994 1.81470335 -0.34015036
v 0.58373743 1.77954316 -0.33488798
v 0.3722325 1.1896286 -0.67602772
v 0.67602777 1.1896286 -0.37223247
v 0.47171143 2.49560761 -0.28955767
v 0.29082334 2.49560761 -0.47044575
v 0 1.22834921 0.7983312
v 0 1.19577754 0.83397985
v 0.37223247 1.19577754 0.82724369
v 0.82709569 1.19577754 0.37223247
v 0.82498795 1.04920506 0.37223247
v 0.82709569 1.19577754 0.37223247
v 0.37223247 1.19577754 0.82724369
v 0 1.19577754 0.83397985
v 0 1.04920506 0.83397985
v 0.37223247 1.04920506 0.82335794
v 0 1.22834921 0.37223247
v 0.57117617 2.44953704 0.58535594
v 0.58535594 2.44953704 0.57117617
v 0.75438529 2.66501164 0.74020553
v 0.74020553 2.66501164 0.75438529
v 0.77713245 2.9392333 0.76295269
v 0.76295269 2.9392333 0.77713245
v 0.67750973 3.09753156 0.66332996
v 0.66332996 3.09753156 0.67750973
v 0.5643059 3.36730218 0.55012614
v 0.55012614 3.36730218 0.5643059
v 0.56554186 3.33421588 0.57972163
v 0.57972163 3.33421588 0.56554186
v 0.56554186 3.16193819 0.57972163
v 0.57972163 3.16193819 0.56554186
v 0.65023988 3.10939693 0.66441965
v 0.66441965 3.10939693 0.65023988
v 0.58900762 3.1467669 0.57482785
v 0.57482785 3.1467669 0.58900762
v 0.57482785 3.1467669 0.58900762
v 0.58900762 3.1467669 0.57482785
v 0 2.44953704 0.59966141
v 0 2.66501164 0.77292401
v 0 2.9392333 0.79624099
v 0.75438529 2.66501164 0.74020553
v 0.58535594 2.44953704 0.57117617
v 0.77713245 2.9392333 0.76295269
v 0.5643059 3.36730218 0.55012614
v 0.57972163 3.33421588 0.56554186
v 0 3.36730218 0.57808405
v 0 3.33421588 0.59388584
v 0.66441965 3.10939693 0.65023988
v 0.67750973 3.09753156 0.66332996
v -0 3.10939693 0.68070519
v 0 3.09753156 0.69412315
v 0 3.16193819 0.59388584
v -0 3.1467669 0.6034044
v 0.57972163 3.16193819 0.56554186
v 0.58900762 3.1467669 0.57482785
v -0 3.1467669 0.6034044
v 0.58900762 3.1467669 0.57482785
v -0 3.77389812 0.07503302
v 0.05827894 3.77479911 0.07245868
v 0.0725418 3.77473021 0.05836207
v 0.55012614 3.36730218 0.5643059
v 0.5643059 3.36730218 0.55012614
v 0 3.36730218 0.57808405
v 0.79279739 1.04920506 0.81406265
v 0.81413943 1.04920506 0.79279917
v 0.81423461 1.19577754 0.79293519
v 0.79293537 1.19577754 0.81424153
v 0.79293537 1.19577754 0.81424153
v 0.81423461 1.19577754 0.79293519
v 0.81423461 1.19577754 0.79293519
v 0.81413943 1.04920506 0.79279917
v 0.82498795 1.04920506 0.37223247
v 0.93719256 0.98405135 0.42285895
v 0.37223247 1.04920506 0.82335794
v 0 1.04920506 0.83397985
v 0 0.98405135 0.94740766
v 0.42285895 0.98405135 0.935341
v 0.81413943 1.04920506 0.79279917
v 0.9248687 0.98405135 0.90062606
v 0.79279739 1.04920506 0.81406265
v 0.90062416 0.98405135 0.92478162
v 0.93719256 0.98405135 0.42285895
v 0.94970447 0.95628178 0.42850432
v 0.42285895 0.98405135 0.935341
v 0 0.98405135 0.94740766
v 0 0.95628178 0.96005601
v 0.42850432 0.95628178 0.94782817
v 0.9248687 0.98405135 0.90062606
v 0.9372161 0.95628178 0.91264975
v 0.90062416 0.98405135 0.92478162
v 0.9126479 0.95628178 0.93712783
v 0.9248687 0.98405135 0.90062606
v 0.9372161 0.95628178 0.91264975
v 0.97777528 0.14076847 0.44116977
v 0 0.14076847 0.98843277
v 0.44116977 0.14076847 0.97584349
v 0.96491778 0.14076847 0.93962532
v 0.93962336 0.14076847 0.96482688
v 0.96491778 0.14076847 0.93962532
v 0.37319493 1.21038663 0.80321276
v 0.39130223 1.21328235 0.81994879
v 0.35411614 1.79251242 0.71689683
v 0.33598053 1.79077649 0.69984353
v 0.35937667 1.82684529 0.70076823
v 0.34122926 1.82513785 0.68372411
v 0.77942407 1.21328235 0.79822004
v 0.79698062 1.21328235 0.78070962
v 0.69907701 1.79251242 0.68166053
v 0.68152952 1.79251242 0.69918013
v 0.68420643 1.82684529 0.66667324
v 0.66665965 1.82684529 0.68419343
v 0.81989586 1.21328235 0.39132607
v 0.80318701 1.21038246 0.37319478
v 0.7003994 1.79077494 0.33540881
v 0.71743435 1.79251242 0.35356063
v 0.68432492 1.82513642 0.34061331
v 0.7013517 1.82684529 0.35877603
v 0.30894578 2.49560761 0.591829
v 0.29082334 2.49560761 0.57440555
v 0.58021045 2.49560761 0.56140864
v 0.56267923 2.49560761 0.5789445
v 0.5756731 2.49560761 0.28955767
v 0.59309459 2.49560761 0.30768225
v 0.34076637 1.81470299 0.57360405
v 0.33545971 1.77954316 0.58316576
v 0.57421994 1.81470335 0.34015036
v 0.58373743 1.77954316 0.33488798
v 0.3722325 1.1896286 0.67602772
v 0.67602777 1.1896286 0.37223247
v 0.47171143 2.49560761 0.28955767
v 0.29082334 2.49560761 0.47044575
v -0.37223247 1.19577754 0.82724369
v -0.82498795 1.04920506 0.37223247
v -0.82709569 1.19577754 0.37223247
v -0.82709569 1.19577754 0.37223247
v -0.37223247 1.19577754 0.82724369
v -0.37223247 1.04920506 0.82335794
v -0.57117617 2.44953704 0.58535594
v -0.74020553 2.66501164 0.75438529
v -0.75438529 2.66501164 0.74020553
v -0.58535594 2.44953704 0.57117617
v -0.76295269 2.9392333 0.77713245
v -0.77713245 2.9392333 0.76295269
v -0.66332996 3.09753156 0.67750973
v -0.67750973 3.09753156 0.66332996
v -0.5643059 3.36730218 0.55012614
v -0.57972163 3.33421588 0.56554186
v -0.56554186 3.33421588 0.57972163
v -0.55012614 3.36730218 0.5643059
v -0.57972163 3.16193819 0.56554186
v -0.56554186 3.16193819 0.57972163
v -0.65023988 3.10939693 0.66441965
v -0.57482785 3.1467669 0.58900762
v -0.58900762 3.1467669 0.57482785
v -0.66441965 3.10939693 0.65023988
v -0.57482785 3.1467669 0.58900762
v -0.58900762 3.1467669 0.57482785
v -0.05827894 3.77479911 0.07245868
v -0.0725418 3.77473021 0.05836207
v -0.55012614 3.36730218 0.5643059
v -0.5643059 3.36730218 0.55012614
v -0.79279739 1.04920506 0.81406265
v -0.79293537 1.19577754 0.81424153
v -0.81423461 1.19577754 0.79293519
v -0.81413943 1.04920506 0.79279917
v -0.79293537 1.19577754 0.81424153
v -0.81423461 1.19577754 0.79293519
v -0.93719256 0.98405135 0.42285895
v -0.82498795 1.04920506 0.37223247
v -0.37223247 1.04920506 0.82335794
v -0.42285895 0.98405135 0.935341
v -0.9248687 0.98405135 0.90062606
v -0.81413943 1.04920506 0.79279917
v -0.79279739 1.04920506 0.81406265
v -0.90062416 0.98405135 0.92478162
v -0.94970447 0.95628178 0.42850432
v -0.93719256 0.98405135 0.42285895
v -0.42285895 0.98405135 0.935341
v -0.42850432 0.95628178 0.94782817
v -0.9372161 0.95628178 0.91264975
v -0.9248687 0.98405135 0.90062606
v -0.90062416 0.98405135 0.92478162
v -0.9126479 0.95628178 0.93712783
v -0.97777528 0.14076847 0.44116977
v -0.44116977 0.14076847 0.97584349
v -0.96491778 0.14076847 0.93962532
v -0.93962336 0.14076847 0.96482688
v -0.37319493 1.21038663 0.80321276
v -0.33598053 1.79077649 0.69984353
v -0.35411614 1.79251242 0.71689683
v -0.39130223 1.21328235 0.81994879
v -0.34122926 1.82513785 0.68372411
v -0.35937667 1.82684529 0.70076823
v -0.77942407 1.21328235 0.79822004
v -0.68152952 1.79251242 0.69918013
v -0.69907701 1.79251242 0.68166053
v -0.79698062 1.21328235 0.78070962
v -0.66665965 1.82684529 0.68419343
v -0.68420643 1.82684529 0.66667324
v -0.81989586 1.21328235 0.39132607
v -0.71743435 1.79251242 0.35356063
v -0.7003994 1.79077494 0.33540881
v -0.80318701 1.21038246 0.37319478
v -0.7013517 1.82684529 0.35877603
v -0.68432492 1.82513642 0.34061331
v -0.29082334 2.49560761 0.57440555
v -0.30894578 2.49560761 0.591829
v -0.56267923 2.49560761 0.5789445
v -0.58021045 2.49560761 0.56140864
v -0.59309459 2.49560761 0.30768225
v -0.5756731 2.49560761 0.28955767
v -0.33545971 1.77954316 0.58316576
v -0.34076637 1.81470299 0.57360405
v -0.57421994 1.81470335 0.34015036
v -0.58373743 1.77954316 0.33488798
v -0.3722325 1.1896286 0.67602772
v -0.67602777 1.1896286 0.37223247
v -0.47171143 2.49560761 0.28955767
v -0.29082334 2.49560761 0.47044575
v 0 2.72455406 0.88927746
v 0.19600242 2.92055655 0.88927746
v 0 3.11655879 0.88927746
v -0.19600242 2.92055655 0.88927746
v 0 2.70282078 0.86458623
v 0.21773559 2.92055655 0.86458623
v 0 3.13829207 0.86458623
v -0.21773559 2.92055655 0.86458623
v 0 2.67939043 0.87770605
v 0.24116598 2.92055655 0.87770605
v 0.21773559 2.92055655 0.86458623
v 0 2.70282078 0.86458623
v 0 3.16172242 0.87770605
v 0 3.13829207 0.86458623
v -0.24116598 2.92055655 0.87770605
v -0.21773559 2.92055655 0.86458623
v 0.68745089 2.94252992 0.87881327
v 0.68579531 2.95870447 0.87431693
v 0.6784029 2.95677304 0.85955602
v 0.6797061 2.9403522 0.86242342
v 0.68745089 2.94252992 0.87881327
v 0.82839757 2.67926574 0.84732145
v 0.68579531 2.95870447 0.87431693
v 0.74543154 3.11872101 0.77094454
v 0.74543154 3.11872101 0.77094454
v 0.75699973 3.11873341 0.76018327
v 0.75699973 3.11873341 0.76018327
v 0.86695361 2.95887566 0.7070809
v 0.86695361 2.95887566 0.7070809
v 0.87173963 2.94278622 0.70873898
v 0.85642946 2.94050574 0.70158553
v 0.85324222 2.95684361 0.70028865
v 0.87173963 2.94278622 0.70873898
v 0.83923793 2.67965627 0.83711439
v 0.83923793 2.67965627 0.83711439
v 0.82839757 2.67926574 0.84732145
v -0.87881327 2.94252992 0.68745089
v -0.87431693 2.95870447 0.68579531
v -0.85955602 2.95677304 0.6784029
v -0.86242342 2.9403522 0.6797061
v -0.87881327 2.94252992 0.68745089
v -0.84732145 2.67926574 0.82839757
v -0.87431693 2.95870447 0.68579531
v -0.77094454 3.11872101 0.74543154
v -0.77094454 3.11872101 0.74543154
v -0.76018327 3.11873341 0.75699973
v -0.76018327 3.11873341 0.75699973
v -0.7070809 2.95887566 0.86695361
v -0.7070809 2.95887566 0.86695361
v -0.70873898 2.94278622 0.87173963
v -0.70158553 2.94050574 0.85642946
v -0.70028865 2.95684361 0.85324222
v -0.70873898 2.94278622 0.87173963
v -0.83711439 2.67965627 0.83923793
v -0.83711439 2.67965627 0.83923793
v -0.84732145 2.67926574 0.82839757
v 0.01461134 2.56906724 0.85704249
v -0.01461133 2.56906724 0.85704249
v 0.35148907 2.93516779 0.85704249
v 0.35148907 2.9059453 0.85704249
v -0.35148907 2.9059453 0.85704249
v -0.35148907 2.93516779 0.85704249
v -0.01461134 3.27204561 0.85704249
v 0.01461134 3.27204561 0.85704249
v 0 2.58367872 0.67104983
v -0.01461134 2.56906724 0.69171339
v -0.01461133 2.56906724 0.85704249
v -0 2.44953704 0
v -0.57117617 2.44953704 -0.58535594
v -0 2.44953704 -0.59966141
v -0.58535594 2.44953704 -0.57117617
v -0.59966141 2.44953704 0
v 0.57117617 2.44953704 -0.58535594
v 0.58535594 2.44953704 -0.57117617
v 0.59966141 2.44953704 0
v 0.58535594 2.44953704 0.57117617
v 0 2.44953704 0.59966141
v 0.57117617 2.44953704 0.58535594
v -0.58535594 2.44953704 0.57117617
v -0.57117617 2.44953704 0.58535594
vn -0.14259 0.70083 -0.69894
vn -0.31731 0.62437 -0.71378
vn -0.5875 0.44262 -0.67745
vn -0.72082 0.08308 -0.68813
vn -0.59194 0.43644 -0.67759
vn -0.67885 0.2337 -0.69609
vn -0.58528 0.44127 0.68024
vn -0.31681 0.62362 0.71465
vn -0.14285 0.70087 0.69884
vn -0.58991 0.43481 0.6804
vn -0.71361 0.08287 0.69562
vn -0.67307 0.23414 0.70154
vn -0.58528 0.44127 0.68024
vn -0.31681 0.62362 0.71465
vn -0.14285 0.70087 0.69884
vn -0.14259 0.70083 -0.69894
vn -0.31731 0.62437 -0.71378
vn -0.5875 0.44262 -0.67745
vn -0.58991 0.43481 0.6804
vn -0.71361 0.08287 0.69562
vn -0.67307 0.23414 0.70154
vn -0.72082 0.08308 -0.68813
vn -0.59194 0.43644 -0.67759
vn -0.67886 0.2337 -0.69609
vn -0.99376 0.11153 0
vn -0.99376 0.11153 0
vn -0.5835 0.81211 0
vn -0.5835 0.81211 0
vn -0.62015 -0.55095 0.55846
vn -0.62015 -0.55095 0.55846
vn -0.62015 -0.55095 0.55846
vn -0.53121 0.60372 0.59442
vn -0.53121 0.60372 0.59442
vn -0.62015 -0.55095 -0.55846
vn -0.62015 -0.55095 -0.55846
vn -0.62015 -0.55095 -0.55846
vn -0.53149 0.60324 -0.59467
vn -0.53149 0.60324 -0.59467
vn 0.02222 0.48731 -0.87294
vn 0.15235 0.5893 -0.79342
vn 0.09168 0.53377 -0.84064
vn -0.77184 0.61017 0.17873
vn -0.8556 0.51665 0.0318
vn -0.82741 0.55058 0.11068
vn -0.99521 -0.09759 0.00505
vn -0.9601 -0.2187 0.1743
vn -0.9873 -0.12915 0.09252
vn 0.15149 -0.21158 -0.96555
vn -0.00344 -0.09293 -0.99567
vn 0.08353 -0.1257 -0.98855
vn 0.65362 -0.22818 0.72161
vn 0.65278 -0.23343 0.72068
vn 0.65281 -0.23324 0.72072
vn 0.64786 -0.26209 0.71525
vn 0.64783 -0.26226 0.71522
vn 0.64744 -0.26439 0.71479
vn 0.87294 0.48731 0.02222
vn 0.79342 0.5893 0.15235
vn 0.84064 0.53377 0.09168
vn -0.17873 0.61018 -0.77184
vn -0.0318 0.51665 -0.8556
vn -0.11068 0.55058 -0.82741
vn -0.00505 -0.09759 -0.99521
vn -0.1743 -0.2187 -0.9601
vn -0.09252 -0.12915 -0.9873
vn 0.96555 -0.21158 0.15149
vn 0.99567 -0.09293 -0.00344
vn 0.98855 -0.1257 0.08353
vn -0.72161 -0.22818 0.65362
vn -0.72068 -0.23344 0.65278
vn -0.72072 -0.23324 0.65281
vn -0.71525 -0.26209 0.64786
vn -0.71522 -0.26226 0.64783
vn -0.71479 -0.26438 0.64744
vn 0.4829 0.7139 0.5071
vn 0.36421 -0.84097 0.40015
vn 0.36421 -0.84097 0.40015
vn 0.36421 -0.84097 0.40015
vn -0.50709 0.71391 0.48291
vn -0.50709 0.71391 0.48291
vn -0.50709 0.71391 0.48291
vn -0.40015 -0.84097 0.36421
vn -0.40015 -0.84097 0.36421
vn -0.40015 -0.84097 0.36421
vn 0 -0.81649 -0.57736
vn 0 -0.81649 -0.57736
vn -0.8165 0 -0.57735
vn 0.8165 0 -0.57735
vn 0 0.8165 -0.57735
vn 0 0.8165 -0.57735
vn 0.8165 0 0.57735
vn 0 0.8165 0.57735
vn 0 0.8165 0.57735
vn 0 -0.81649 0.57736
vn 0 -0.81649 0.57736
vn -0.8165 0 0.57735
vn 0.86311 0.5045 0.02287
vn 0.80399 0.5814 0.1248
vn 0.84083 0.5351 0.08165
vn -0.15 0.60399 -0.78275
vn -0.03238 0.53319 -0.84537
vn -0.09199 0.55822 -0.82458
vn -0.0046 -0.10633 -0.99432
vn -0.16539 -0.20904 -0.96382
vn -0.07994 -0.13361 -0.98781
vn 0.96929 -0.20114 0.14151
vn 0.99489 -0.10093 -0.00385
vn 0.9889 -0.12975 0.07234
vn -0.72117 -0.23066 0.65323
vn -0.7203 -0.23555 0.65244
vn -0.72034 -0.23534 0.65247
vn -0.71292 -0.27341 0.64575
vn -0.71289 -0.27357 0.64572
vn -0.71247 -0.27552 0.64534
vn -0.86318 0.50437 0.02295
vn -0.84093 0.53476 0.08292
vn -0.80392 0.58141 0.12523
vn 0.15034 0.60412 -0.78258
vn 0.08739 0.56139 -0.82293
vn 0.03233 0.53127 -0.84659
vn 0.00459 -0.10679 -0.99427
vn 0.08293 -0.13446 -0.98744
vn 0.16875 -0.21036 -0.96295
vn -0.96903 -0.20161 0.14257
vn -0.98863 -0.13063 0.07442
vn -0.99495 -0.10026 -0.00378
vn 0.72117 -0.23066 0.65323
vn 0.72034 -0.23537 0.65247
vn 0.72031 -0.23551 0.65245
vn 0.71292 -0.27342 0.64575
vn 0.71247 -0.27552 0.64535
vn 0.71289 -0.27355 0.64572
vn -0.5438 0.65861 0.52012
vn -0.5438 0.65861 0.52012
vn -0.5438 0.65861 0.52012
vn -0.54346 -0.6747 0.49943
vn -0.54346 -0.6747 0.49943
vn -0.54346 -0.6747 0.49943
vn 0.54509 0.65657 0.52133
vn 0.54509 0.65657 0.52133
vn 0.54509 0.65657 0.52133
vn 0.54321 -0.67508 0.49919
vn 0.54321 -0.67508 0.49919
vn 0.54321 -0.67508 0.49919
vn 0 0 -1
vn 0 0 -1
vn 0 0 -1
vn -0 0 -1
vn -0 0 -1
vn 0.74126 -0.01198 -0.67111
vn 0.45493 -0.56418 -0.68901
vn 0.63389 -0.29212 -0.71614
vn -0.00439 -0.82671 -0.56262
vn -0.00439 -0.82671 -0.56262
vn -0.00439 -0.82671 -0.56262
vn 0.58226 0.57235 -0.57739
vn 0.58226 0.57235 -0.57739
vn 0.58226 0.57235 -0.57739
vn -0.45423 -0.56321 -0.69027
vn -0.74338 -0.01183 -0.66877
vn -0.63442 -0.29225 -0.71561
vn -0.57731 0.57738 -0.57736
vn -0.57731 0.57738 -0.57736
vn 0.98792 0.15484 -0.00611
vn 0.98543 0.17006 0
vn 0.98786 0.1552 -0.00597
vn 0.98792 0.15484 0.00611
vn 0.98786 0.1552 0.00597
vn 0.98543 0.17006 0
vn 0.98277 0.18481 0
vn 0.98277 0.18481 0
vn 0.98277 0.18481 0
vn -0.00611 0.15484 -0.98792
vn 0 0.17006 -0.98543
vn -0.00597 0.1552 -0.98786
vn 0.00611 0.15484 -0.98792
vn 0.00597 0.1552 -0.98786
vn 0 0.17006 -0.98543
vn 0 0.18481 -0.98277
vn 0 0.18481 -0.98277
vn 0.69893 0.70083 -0.14259
vn 0.71378 0.62437 -0.31731
vn 0.67745 0.44262 -0.5875
vn 0.68813 0.08308 -0.72082
vn 0.67759 0.43644 -0.59194
vn 0.69609 0.2337 -0.67885
vn -0.68024 0.44127 -0.58528
vn -0.71465 0.62362 -0.31681
vn -0.69884 0.70087 -0.14285
vn -0.6804 0.43481 -0.58991
vn -0.69562 0.08287 -0.71361
vn -0.70154 0.23414 -0.67307
vn -0.68024 0.44127 -0.58528
vn -0.71465 0.62362 -0.31681
vn -0.69884 0.70087 -0.14285
vn 0.69893 0.70083 -0.14259
vn 0.71378 0.62437 -0.31731
vn 0.67745 0.44262 -0.5875
vn -0.6804 0.43481 -0.58991
vn -0.69562 0.08287 -0.71361
vn -0.70154 0.23414 -0.67307
vn 0.68813 0.08308 -0.72082
vn 0.67759 0.43644 -0.59194
vn 0.69609 0.2337 -0.67885
vn 0 0.11153 -0.99376
vn 0 0.11153 -0.99376
vn 0 0.81211 -0.5835
vn 0 0.81211 -0.5835
vn -0.55846 -0.55094 -0.62015
vn -0.55846 -0.55094 -0.62015
vn -0.55846 -0.55094 -0.62015
vn -0.59442 0.60372 -0.53122
vn -0.59442 0.60372 -0.53122
vn 0.55846 -0.55094 -0.62015
vn 0.55846 -0.55094 -0.62015
vn 0.55846 -0.55094 -0.62015
vn 0.59466 0.60324 -0.53149
vn 0.59466 0.60324 -0.53149
vn 0.59466 0.60324 -0.53149
vn -0.98792 0.15484 0.00611
vn -0.98543 0.17006 0
vn -0.98786 0.1552 0.00597
vn -0.98792 0.15484 -0.00611
vn -0.98786 0.1552 -0.00597
vn -0.98543 0.17006 0
vn -0.98277 0.18481 0
vn -0.98277 0.18481 0
vn -0.98277 0.18481 0
vn -0.28045 0.95341 0.11117
vn -0.29412 0.92871 0.2258
vn -0.23491 0.95878 0.15987
vn -0.16072 0.15603 0.97459
vn -0.09719 0.12831 0.98696
vn -0.10164 0.13027 0.98626
vn 0.98627 0.13067 -0.10102
vn 0.98697 0.12874 -0.09651
vn 0.97459 0.15603 -0.16073
vn -0.55159 0.28482 0.78398
vn -0.57026 0.08442 0.81712
vn -0.20605 0.72967 0.65202
vn 0.25363 0.92411 -0.28582
vn 0.12194 0.95386 -0.27438
vn 0.17672 0.95892 -0.2219
vn 0.98737 0.12607 -0.09593
vn 0.84374 0.25729 -0.47107
vn 0.95255 0.29335 -0.08121
vn -0.28045 0.95341 -0.11118
vn -0.23491 0.95878 -0.15988
vn -0.29412 0.92871 -0.2258
vn -0.16072 0.15603 -0.97459
vn -0.10164 0.13027 -0.98626
vn -0.09719 0.12831 -0.98696
vn 0.98627 0.13067 0.10102
vn 0.97459 0.15603 0.16072
vn 0.98697 0.12873 0.09651
vn -0.55159 0.28482 -0.78398
vn -0.20605 0.72967 -0.65202
vn -0.57026 0.08442 -0.81712
vn 0.25363 0.92411 0.28581
vn 0.17672 0.95892 0.2219
vn 0.12194 0.95386 0.27438
vn 0.98737 0.12607 0.09593
vn 0.95255 0.29335 0.08121
vn 0.84374 0.25729 0.47107
vn 0.28045 0.95341 0.11118
vn 0.23491 0.95878 0.15988
vn 0.29412 0.92871 0.2258
vn 0.16072 0.15603 0.97459
vn 0.10164 0.13027 0.98626
vn 0.09719 0.12831 0.98696
vn -0.98627 0.13067 -0.10102
vn -0.97459 0.15603 -0.16072
vn -0.98697 0.12874 -0.09651
vn 0.55159 0.28482 0.78398
vn 0.20605 0.72967 0.65202
vn 0.57026 0.08442 0.81712
vn -0.25363 0.92411 -0.28582
vn -0.17671 0.95892 -0.2219
vn -0.12194 0.95386 -0.27438
vn -0.98737 0.12607 -0.09593
vn -0.95255 0.29335 -0.08121
vn -0.84374 0.25729 -0.47107
vn 0.28045 0.95341 -0.11118
vn 0.29412 0.92871 -0.2258
vn 0.23491 0.95878 -0.15988
vn 0.16072 0.15603 -0.97459
vn 0.09719 0.12831 -0.98696
vn 0.10164 0.13027 -0.98626
vn -0.98627 0.13067 0.10102
vn -0.98697 0.12874 0.09651
vn -0.97459 0.15603 0.16072
vn 0.55159 0.28482 -0.78398
vn 0.57026 0.08442 -0.81712
vn 0.20605 0.72967 -0.65202
vn -0.25363 0.92411 0.28582
vn -0.12194 0.95386 0.27438
vn -0.17671 0.95892 0.2219
vn -0.98737 0.12607 0.09593
vn -0.84374 0.25729 0.47107
vn -0.95255 0.29335 0.08121
vn -0.29758 0.91346 0.27757
vn -0.29919 0.8903 0.34331
vn -0.22782 0.93954 0.25566
vn 0.99518 0.09604 -0.01977
vn 0.83947 0.25313 -0.48085
vn 0.99402 0.09705 -0.0501
vn -0.57213 0.28579 0.76876
vn -0.42257 0.30831 0.85228
vn -0.09995 0.13097 0.98633
vn 0.98633 0.13141 -0.09938
vn 0.98699 0.12967 -0.09509
vn 0.97459 0.15603 -0.16073
vn 0.2731 0.91418 -0.29949
vn 0.16469 0.93947 -0.30045
vn 0.16084 0.96149 -0.22287
vn -0.55608 0.26897 0.7864
vn -0.55514 0.0799 0.82791
vn -0.56888 0.08883 0.81761
vn -0.29758 0.91346 -0.27757
vn -0.22782 0.93954 -0.25566
vn -0.29919 0.8903 -0.34331
vn 0.99518 0.09604 0.01977
vn 0.99402 0.09705 0.0501
vn 0.83947 0.25313 0.48085
vn -0.57213 0.28579 -0.76876
vn -0.09995 0.13097 -0.98633
vn -0.42257 0.30831 -0.85228
vn 0.98633 0.13141 0.09938
vn 0.97459 0.15603 0.16073
vn 0.98699 0.12967 0.09509
vn 0.2731 0.91418 0.29949
vn 0.16084 0.96149 0.22287
vn 0.16469 0.93947 0.30045
vn -0.55608 0.26897 -0.7864
vn -0.56888 0.08883 -0.81761
vn -0.55514 0.0799 -0.82791
vn 0.29758 0.91346 0.27757
vn 0.22782 0.93954 0.25566
vn 0.29919 0.8903 0.34331
vn -0.99518 0.09604 -0.01977
vn -0.99402 0.09705 -0.0501
vn -0.83947 0.25313 -0.48085
vn 0.57213 0.28579 0.76876
vn 0.09995 0.13097 0.98633
vn 0.42257 0.30831 0.85228
vn -0.98633 0.13141 -0.09938
vn -0.97459 0.15603 -0.16073
vn -0.98699 0.12967 -0.09509
vn -0.2731 0.91418 -0.29949
vn -0.16084 0.96149 -0.22287
vn -0.16469 0.93947 -0.30045
vn 0.55608 0.26897 0.7864
vn 0.56888 0.08883 0.81761
vn 0.55514 0.0799 0.82791
vn 0.29758 0.91346 -0.27757
vn 0.29919 0.8903 -0.34331
vn 0.22782 0.93954 -0.25566
vn -0.99518 0.09604 0.01977
vn -0.83947 0.25313 0.48085
vn -0.99402 0.09705 0.0501
vn 0.57213 0.28579 -0.76876
vn 0.42256 0.30831 -0.85228
vn 0.09995 0.13097 -0.98633
vn -0.98633 0.13141 0.09938
vn -0.98699 0.12967 0.09509
vn -0.97459 0.15603 0.16073
vn -0.2731 0.91418 0.29949
vn -0.16469 0.93947 0.30045
vn -0.16084 0.96149 0.22287
vn 0.55608 0.26897 -0.7864
vn 0.55514 0.0799 -0.82791
vn 0.56888 0.08883 -0.81761
vn -0.86311 0.5045 -0.02287
vn -0.80399 0.5814 -0.1248
vn -0.84083 0.5351 -0.08165
vn 0.15 0.60398 0.78275
vn 0.03238 0.53319 0.84537
vn 0.09199 0.55822 0.82458
vn 0.0046 -0.10633 0.99432
vn 0.16539 -0.20904 0.96382
vn 0.07994 -0.13361 0.98781
vn -0.96929 -0.20114 -0.14151
vn -0.99489 -0.10093 0.00385
vn -0.9889 -0.12975 -0.07234
vn 0.72117 -0.23066 -0.65323
vn 0.7203 -0.23555 -0.65244
vn 0.72034 -0.23534 -0.65247
vn 0.71292 -0.27341 -0.64575
vn 0.71289 -0.27357 -0.64572
vn 0.71247 -0.27552 -0.64534
vn 0.86318 0.50437 -0.02295
vn 0.84093 0.53476 -0.08292
vn 0.80392 0.58141 -0.12523
vn -0.15034 0.60412 0.78259
vn -0.08739 0.56138 0.82293
vn -0.03233 0.53127 0.84659
vn -0.00459 -0.10679 0.99427
vn -0.08293 -0.13446 0.98744
vn -0.16875 -0.21036 0.96295
vn 0.96903 -0.20161 -0.14257
vn 0.98863 -0.13063 -0.07442
vn 0.99495 -0.10026 0.00378
vn -0.72117 -0.23066 -0.65323
vn -0.72033 -0.23537 -0.65247
vn -0.72031 -0.23552 -0.65245
vn -0.71291 -0.27343 -0.64575
vn -0.71247 -0.27552 -0.64535
vn -0.71289 -0.27355 -0.64572
vn 0.5438 0.65861 -0.52012
vn 0.5438 0.65861 -0.52012
vn 0.5438 0.65861 -0.52012
vn 0.54343 -0.67475 -0.4994
vn 0.54343 -0.67475 -0.4994
vn -0.54511 0.65654 -0.52135
vn -0.54511 0.65654 -0.52135
vn -0.54511 0.65654 -0.52135
vn -0.54323 -0.67505 -0.49921
vn -0.54323 -0.67505 -0.49921
vn 0 0 1
vn -0 0 1
vn -0 0 1
vn 0 0 1
vn 0 0 1
vn -0.74126 -0.01197 0.67111
vn -0.45493 -0.56418 0.68901
vn -0.63389 -0.29212 0.71614
vn 0.00439 -0.8267 0.56263
vn 0.00439 -0.8267 0.56263
vn 0.00439 -0.8267 0.56263
vn -0.58224 0.5724 0.57737
vn -0.58224 0.5724 0.57737
vn -0.58224 0.5724 0.57737
vn 0.45423 -0.56321 0.69027
vn 0.74338 -0.01183 0.66877
vn 0.63442 -0.29225 0.71561
vn 0.5773 0.5774 0.57735
vn 0.5773 0.5774 0.57735
vn -0.69893 0.70083 0.14259
vn -0.71378 0.62437 0.31731
vn -0.67745 0.44262 0.5875
vn -0.68813 0.08308 0.72082
vn -0.67759 0.43644 0.59194
vn -0.69609 0.2337 0.67885
vn 0.68024 0.44127 0.58528
vn 0.71465 0.62362 0.31681
vn 0.69884 0.70087 0.14285
vn 0.6804 0.43481 0.58991
vn 0.69562 0.08287 0.71361
vn 0.70154 0.23414 0.67307
vn 0.68024 0.44127 0.58528
vn 0.71465 0.62362 0.31681
vn 0.69884 0.70087 0.14285
vn -0.69893 0.70083 0.14259
vn -0.71378 0.62437 0.31731
vn -0.67745 0.44262 0.5875
vn 0.6804 0.43481 0.58991
vn 0.69562 0.08287 0.71361
vn 0.70154 0.23414 0.67307
vn -0.68813 0.08308 0.72082
vn -0.67759 0.43644 0.59194
vn -0.69609 0.2337 0.67885
vn 0 0.11153 0.99376
vn 0 0.11153 0.99376
vn 0 0.81211 0.5835
vn 0 0.81211 0.5835
vn 0.55846 -0.55094 0.62015
vn 0.55846 -0.55094 0.62015
vn 0.55846 -0.55094 0.62015
vn 0.59442 0.60372 0.53122
vn 0.59442 0.60372 0.53122
vn -0.55846 -0.55094 0.62015
vn -0.55846 -0.55094 0.62015
vn -0.55846 -0.55094 0.62015
vn -0.59466 0.60324 0.53149
vn -0.59466 0.60324 0.53149
vn -0.59466 0.60324 0.53149
vn 0.00611 0.15484 0.98792
vn 0 0.17006 0.98543
vn 0.00597 0.1552 0.98786
vn -0.00611 0.15484 0.98792
vn -0.00597 0.1552 0.98786
vn 0 0.17006 0.98543
vn 0 0.18481 0.98277
vn 0 0.18481 0.98277
vn 0.06075 0.99623 -0.06194
vn 0.06075 0.99623 -0.06194
vn 0.06075 0.99623 -0.06194
vn 0.11861 0.99294 6E-05
vn 0.11861 0.99294 6E-05
vn 0.11861 0.99294 6E-05
vn 0.0621 0.99621 0.06091
vn 0.0621 0.99621 0.06091
vn 0.0621 0.99621 0.06091
vn 6E-05 0.99314 -0.11692
vn 6E-05 0.99314 -0.11692
vn -0.06118 0.99632 -0.06
vn -0.06118 0.99632 -0.06
vn -0.06118 0.99632 -0.06
vn -0.11582 0.99327 -6E-05
vn -0.11582 0.99327 -6E-05
vn -0.06016 0.9963 0.06134
vn -0.06016 0.9963 0.06134
vn -6E-05 0.99308 0.11748
vn -6E-05 0.99308 0.11748
vn -6E-05 0.99308 0.11748
vn -0.04743 0.99868 0.01965
vn -0.0363 0.99868 0.0363
vn 0 1 -0
vn -0.01965 0.99868 0.04743
vn -0 0.99868 0.05134
vn 0.01965 0.99868 0.04743
vn 0.0363 0.99868 0.0363
vn 0.04743 0.99868 0.01965
vn 0.05134 0.99868 0
vn 0.04743 0.99868 -0.01965
vn 0.0363 0.99868 -0.0363
vn 0.01965 0.99868 -0.04743
vn 0 0.99868 -0.05134
vn -0.01965 0.99868 -0.04744
vn -0.0363 0.99868 -0.0363
vn -0.04743 0.99868 -0.01965
vn -0.05134 0.99868 -0
vn 0 1 1E-05
vn 0 1 1E-05
vn -0.15552 0.98753 -0.02434
vn -0.12033 0.99273 -0.00238
vn 0 1 -1E-05
vn -0 0.99283 -0.11955
vn -0.02477 0.98755 -0.15536
vn 0 1 0
vn 0 1 -0
vn 0 1 -0
vn 0 1 -0
vn 0 1 0
vn 0 1 0
vn 0.15552 0.98753 -0.02435
vn 0.12033 0.99273 -0.00239
vn 0.02477 0.98755 -0.15536
vn 0 1 -0
vn 0 1 -0
vn 0 1 -0
vn 0 1 -1E-05
vn 0 1 -1E-05
vn 0.15552 0.98753 0.02434
vn 0.12033 0.99273 0.00238
vn 0 1 1E-05
vn 0 0.99283 0.11955
vn 0.02477 0.98755 0.15536
vn 0 1 0
vn 0 1 0
vn 0 1 0
vn 0 1 -0
vn 0 1 -0
vn -0.15552 0.98753 0.02435
vn -0.12033 0.99273 0.00239
vn -0.02477 0.98755 0.15536
vn 0 1 0
vn 0 1 0
vn 0 1 0
vn -0.02222 0.48731 0.87294
vn -0.15235 0.5893 0.79342
vn -0.09168 0.53377 0.84064
vn 0.77184 0.61017 -0.17873
vn 0.8556 0.51665 -0.0318
vn 0.82741 0.55058 -0.11068
vn 0.99521 -0.09759 -0.00505
vn 0.9601 -0.2187 -0.1743
vn 0.9873 -0.12915 -0.09252
vn -0.15149 -0.21158 0.96555
vn 0.00344 -0.09293 0.99567
vn -0.08353 -0.1257 0.98855
vn -0.65362 -0.22818 -0.72161
vn -0.65278 -0.23343 -0.72068
vn -0.65281 -0.23324 -0.72072
vn -0.64786 -0.26209 -0.71525
vn -0.64783 -0.26226 -0.71522
vn -0.64744 -0.26439 -0.71479
vn -0.87294 0.48731 -0.02222
vn -0.79342 0.5893 -0.15235
vn -0.84064 0.53377 -0.09168
vn 0.17873 0.61018 0.77184
vn 0.0318 0.51665 0.8556
vn 0.11068 0.55058 0.82741
vn 0.00505 -0.09759 0.99521
vn 0.1743 -0.2187 0.9601
vn 0.09252 -0.12915 0.9873
vn -0.96555 -0.21158 -0.15149
vn -0.99567 -0.09293 0.00344
vn -0.98855 -0.1257 -0.08353
vn 0.72161 -0.22818 -0.65362
vn 0.72068 -0.23344 -0.65278
vn 0.72072 -0.23324 -0.65281
vn 0.71525 -0.26209 -0.64786
vn 0.71522 -0.26226 -0.64783
vn 0.71479 -0.26438 -0.64744
vn -0.4829 0.7139 -0.5071
vn -0.36421 -0.84097 -0.40015
vn -0.36421 -0.84097 -0.40015
vn -0.36421 -0.84097 -0.40015
vn 0.50709 0.71391 -0.48291
vn 0.50709 0.71391 -0.48291
vn 0.50709 0.71391 -0.48291
vn 0.40015 -0.84097 -0.36421
vn 0.40015 -0.84097 -0.36421
vn 0.40015 -0.84097 -0.36421
vn 0 0.8165 0.57735
vn 0 0.8165 -0.57735
vn -0.79397 0.60796 0
vn -0.84543 0.53409 0
vn -0.22149 0.97516 0
vn -0.25262 0.96757 0
vn -0.99176 0.12812 0
vn -0.9945 0.1047 0
vn -0.1398 0.70065 -0.69968
vn -0.1398 0.70065 -0.69968
vn 0.61099 0.79164 -0.00139
vn 0.61099 0.79164 -0.00139
vn 0.61099 0.79164 -0.00139
vn -0.20949 0.97781 0
vn -0.78946 0.6138 0
vn -0.78947 0.6138 0
vn -0.20949 0.97781 0
vn -0.72045 0.08061 -0.68881
vn -0.81161 0.5842 0
vn -0.99223 0.12438 0
vn -0.99222 0.12447 0
vn -0.81154 0.5843 0
vn 0.61099 0.79164 -0.00139
vn 0.61099 0.79164 -0.00139
vn 0.61099 0.79164 -0.00139
vn 0.61099 0.79164 -0.00139
vn -0.14005 0.70069 0.69958
vn -0.14005 0.70069 0.69958
vn -0.78947 0.6138 0
vn -0.20949 0.97781 0
vn -0.20949 0.97781 0
vn -0.78946 0.6138 0
vn -0.99222 0.12447 0
vn -0.81154 0.5843 0
vn -0.81161 0.5842 0
vn -0.99223 0.12438 0
vn -0.71312 0.08059 0.6964
vn -0.71312 0.08059 0.6964
vn -0.74604 -0.66589 -0.00293
vn -0.74604 -0.66589 -0.00293
vn -0.74604 -0.66589 -0.00293
vn -0.74604 -0.66589 -0.00293
vn -0.74604 -0.66589 -0.00293
vn -0.74604 -0.66589 -0.00293
vn -0.74604 -0.66589 -0.00293
vn -0.74604 -0.66589 -0.00293
vn -0.14005 0.70069 0.69958
vn -0.14005 0.70069 0.69958
vn -0.1398 0.70065 -0.69968
vn -0.1398 0.70065 -0.69968
vn -0.71312 0.08059 0.6964
vn -0.71312 0.08059 0.6964
vn -0.72045 0.08061 -0.68881
vn -0.72045 0.08061 -0.68881
vn -0.99359 0.11305 0
vn -0.99359 0.11305 0
vn -0.19669 0.98047 0
vn -0.19669 0.98047 0
vn -0.19669 0.98047 0
vn -0.19669 0.98047 0
vn -0.99359 0.11305 0
vn -0.99359 0.11305 0
vn -0 0 1
vn -0 0 1
vn -0 0 1
vn -0 0 1
vn 0 0 -1
vn -0 0 1
vn -0 0 1
vn -0 0 1
vn -0 0 1
vn -0 0 1
vn -0 0 1
vn -0 0 1
vn -0 0 1
vn 0.00402 0.99999 0
vn 0.00402 0.99999 0
vn -0.68982 0.49099 -0.53204
vn -0.68982 0.49099 -0.53204
vn -0.68982 0.49099 -0.53204
vn -0.68982 0.49099 -0.53204
vn -0.68982 0.49099 0.53204
vn -0.68982 0.49099 0.53204
vn -0.68982 0.49099 0.53204
vn -0 0.61358 0.78964
vn -0 0.61358 0.78964
vn -0 0.61358 0.78964
vn -0 0.61358 0.78964
vn -0 0.61358 -0.78964
vn -0 0.61358 -0.78964
vn -0 0.61358 -0.78964
vn -0 0.61358 -0.78964
vn -0.74759 -0.66416 0
vn -0.00737 -0.71625 0.6978
vn -0.00737 -0.71625 0.6978
vn -0.00737 -0.71625 0.6978
vn -0.70529 0.07272 0.70518
vn -0.70529 0.07272 0.70518
vn -0.70529 0.07272 0.70518
vn -0.70529 0.07272 0.70518
vn -0.66083 0.75053 2E-05
vn -0.66083 0.75053 2E-05
vn 0.01378 0.6992 0.71479
vn 0.01378 0.6992 0.71479
vn 0.01378 0.6992 0.71479
vn -0.70519 0.07269 -0.70528
vn -0.70519 0.07269 -0.70528
vn -0.70519 0.07269 -0.70528
vn -0.00737 -0.71625 -0.6978
vn -0.00737 -0.71625 -0.6978
vn -0.00737 -0.71625 -0.6978
vn 0.01293 0.69971 -0.71431
vn 0.01293 0.69971 -0.71431
vn 0.01293 0.69971 -0.71431
vn 0 0 1
vn 0 0 1
vn 0 0 1
vn -0.99415 0.10797 -0
vn -0.99415 0.10797 -0
vn -0.99415 0.10797 -0
vn -0.99415 0.10797 -0
vn 0.01876 0.99982 0.00084
vn 0.01876 0.99982 0.00084
vn 0.01876 0.99982 0.00084
vn 0.01876 0.99982 0.00084
vn 0 0 -1
vn 0 0 -1
vn -0.60033 -0.60033 -0.52841
vn -0.60033 -0.60033 -0.52841
vn -0.60033 0.60033 -0.52841
vn -0.60033 0.60033 -0.52841
vn -0.60033 0.60033 -0.52841
vn 0.60033 0.60033 -0.52841
vn 0.60033 0.60033 -0.52841
vn 0.60033 -0.60033 -0.52841
vn 0.60033 -0.60033 -0.52841
vn 0.60033 -0.60033 -0.52841
vn 0.43898 0.43898 -0.78396
vn 0.43898 0.43898 -0.78396
vn 0.43898 0.43898 -0.78396
vn 0.43898 0.43898 -0.78396
vn 0.43898 -0.43897 -0.78397
vn 0.43898 -0.43897 -0.78397
vn -0.43897 -0.43897 -0.78397
vn -0.43897 -0.43897 -0.78397
vn -0.43897 -0.43897 -0.78397
vn -0.43897 -0.43897 -0.78397
vn -0.43898 0.43898 -0.78396
vn -0.43898 0.43898 -0.78396
vn -0.43898 0.43898 -0.78396
vn -0.68743 -0.19696 -0.69903
vn -0.68743 -0.19696 -0.69903
vn -0.68527 -0.20849 -0.69781
vn -0.68559 -0.20681 -0.69799
vn -0.50406 0.69992 -0.506
vn -0.50562 0.69763 -0.50761
vn -0.4811 0.73265 -0.48142
vn -0.47737 0.73787 -0.47714
vn 0.90017 0.01662 -0.43523
vn 0.90017 0.01662 -0.43523
vn 0.90017 0.01662 -0.43523
vn 0.90017 0.01662 -0.43523
vn 0.54263 -0.35855 -0.7596
vn 0.59516 -0.39492 -0.69988
vn 0.5426 0.58897 -0.59892
vn 0.59666 0.57742 -0.5573
vn 0.01959 0.99962 0.01922
vn 0.01959 0.99962 0.01922
vn 0.01959 0.99962 0.01922
vn -0.55426 0.57509 0.60172
vn -0.61513 0.57683 0.53748
vn -0.43016 0.02353 0.90244
vn -0.76628 -0.32702 0.55307
vn -0.61169 -0.37176 0.6983
vn -0.43016 0.02353 0.90244
vn -0.7054 -0.3733 0.60254
vn -0.36094 -0.86346 -0.35237
vn -0.36094 -0.86346 -0.35237
vn -0.36094 -0.86346 -0.35237
vn -0.36094 -0.86346 -0.35237
vn 0.14004 0.19374 0.97101
vn 0.14941 0.15387 0.97673
vn 0.14369 0.17835 0.97342
vn 0.95942 0.21348 0.1842
vn 0.95942 0.21348 0.1842
vn 0.96238 0.19537 0.18882
vn 0.96592 0.17005 0.19513
vn 0.89581 -0.42924 0.11525
vn 0.89516 -0.4308 0.11445
vn 0.88764 -0.44833 0.10533
vn 0.88764 -0.44833 0.10533
vn 0.06594 -0.39963 0.9143
vn 0.06612 -0.39929 0.91444
vn 0.0569 -0.41718 0.90704
vn 0.0569 -0.41718 0.90704
vn 0.69903 -0.19696 -0.68743
vn 0.69903 -0.19696 -0.68743
vn 0.69781 -0.20849 -0.68528
vn 0.69799 -0.20681 -0.68559
vn 0.506 0.69991 -0.50407
vn 0.50761 0.69763 -0.50562
vn 0.48142 0.73265 -0.48111
vn 0.47714 0.73787 -0.47737
vn 0.43523 0.01662 0.90017
vn 0.43523 0.01662 0.90017
vn 0.43523 0.01662 0.90017
vn 0.7596 -0.35855 0.54263
vn 0.69988 -0.39492 0.59516
vn 0.59892 0.58897 0.5426
vn 0.5573 0.57742 0.59666
vn -0.01922 0.99962 0.01958
vn -0.01922 0.99962 0.01958
vn -0.01922 0.99962 0.01958
vn -0.60172 0.57509 -0.55426
vn -0.53748 0.57683 -0.61513
vn -0.90245 0.02353 -0.43015
vn -0.55307 -0.32702 -0.76627
vn -0.69831 -0.37176 -0.61169
vn -0.90245 0.02353 -0.43015
vn -0.60254 -0.3733 -0.7054
vn 0.35237 -0.86346 -0.36093
vn 0.35237 -0.86346 -0.36093
vn 0.35237 -0.86346 -0.36093
vn 0.35237 -0.86346 -0.36093
vn -0.971 0.19374 0.14005
vn -0.971 0.19374 0.14005
vn -0.97673 0.15387 0.14941
vn -0.97342 0.17835 0.1437
vn -0.18421 0.21348 0.95942
vn -0.18421 0.21348 0.95942
vn -0.18883 0.19537 0.96238
vn -0.19514 0.17005 0.96592
vn -0.11526 -0.42924 0.89581
vn -0.11445 -0.4308 0.89516
vn -0.10533 -0.44833 0.88764
vn -0.10533 -0.44833 0.88764
vn -0.9143 -0.39963 0.06595
vn -0.91444 -0.39929 0.06612
vn -0.90704 -0.41718 0.0569
vn -0.90704 -0.41718 0.0569
vn 0.70782 0.5413 -0.45387
vn 0.70782 0.5413 -0.45387
vn -0.46192 0.53603 0.70661
vn -0.46192 0.53603 0.70661
vn -0.61848 -0.39401 0.67989
vn 0.67955 -0.42173 -0.6003
vn 0.67955 -0.42173 -0.6003
vn 0.45387 0.5413 0.70782
vn 0.45387 0.5413 0.70782
vn -0.70661 0.53603 -0.46192
vn -0.67989 -0.39401 -0.61848
vn 0.6003 -0.42173 0.67955
vn 0.6003 -0.42173 0.67955
vn -0.6581 0.35089 -0.66617
vn -0.6581 0.35089 -0.66617
vn 0.53323 0.12372 -0.83688
vn 0.53323 0.12372 -0.83688
vn -0.36741 0.86061 -0.35266
vn -0.36741 0.86061 -0.35266
vn -0.6599 -0.31698 -0.68121
vn -0.6599 -0.31698 -0.68121
vn 0.66617 0.35088 -0.6581
vn 0.66617 0.35088 -0.6581
vn 0.83688 0.12372 0.53323
vn 0.83688 0.12372 0.53323
vn 0.35265 0.86061 -0.3674
vn 0.35265 0.86061 -0.3674
vn 0.68121 -0.31698 -0.65991
vn 0.5 -0.5 -0.7071
vn 0.5 -0.5 -0.7071
vn 0 -1 0
vn -0.5 -0.5 -0.7071
vn -0.5 -0.5 -0.7071
vn -1 0 0
vn -0.5 0.5 -0.70711
vn -0.5 0.5 -0.70711
vn -0.5 0.5 -0.70711
vn 0.5 0.5 -0.70711
vn 0.5 0.5 -0.70711
vn 1 0 0
vn 0 1 -0
vn 0.5 -0.5 0.7071
vn 0.5 -0.5 0.7071
vn 0.5 0.5 0.70711
vn 0.5 0.5 0.70711
vn 0.5 0.5 0.70711
vn 0.5 0.5 0.70711
vn -0.5 0.5 0.70711
vn -0.5 0.5 0.70711
vn -0.5 0.5 0.70711
vn -0.5 -0.5 0.7071
vn -0.5 -0.5 0.7071
vn 0.70711 0.70711 0
vn -0.70711 -0.70711 0
vn -0.70711 0.70711 0
vn 0.70711 -0.70711 0
vn 0 0 -1
vn -0 0 -1
vn -0 0 -1
vn 0 0 -1
vn 0.69961 -0.1877 -0.68943
vn 0.69961 -0.1877 -0.68943
vn 0.69747 -0.20431 -0.68687
vn 0.69783 -0.20165 -0.68729
vn 0.50403 0.70227 -0.50276
vn 0.50515 0.70068 -0.50385
vn 0.48628 0.72598 -0.4863
vn 0.48271 0.73041 -0.48321
vn 0.48131 -0.42814 0.76488
vn 0.41303 0.01121 0.91065
vn 0.41303 0.01121 0.91065
vn 0.48119 -0.42511 0.76664
vn 0.86846 -0.2928 0.40004
vn 0.86516 -0.3151 0.39014
vn 0.55752 0.56644 0.60689
vn 0.51182 0.56197 0.64979
vn -0.04207 0.99819 0.04295
vn -0.04207 0.99819 0.04295
vn -0.04207 0.99819 0.04295
vn -0.04207 0.99819 0.04295
vn -0.65532 0.55691 -0.5103
vn -0.60093 0.5678 -0.56257
vn -0.91365 0.01714 -0.40613
vn -0.66124 -0.36912 -0.65308
vn -0.76964 -0.39676 -0.50024
vn -0.91365 0.01714 -0.40613
vn -0.67997 -0.39641 -0.61684
vn -0.05191 -0.9983 0.02648
vn -0.05191 -0.9983 0.02648
vn -0.05191 -0.9983 0.02648
vn -0.97204 0.17604 0.15539
vn -0.97204 0.17604 0.15539
vn -0.97582 0.14822 0.16067
vn -0.97356 0.16556 0.1574
vn -0.20078 0.19589 0.95985
vn -0.20078 0.19589 0.95985
vn -0.20339 0.18344 0.96176
vn -0.20709 0.16545 0.96423
vn -0.19867 -0.42914 0.88112
vn -0.19839 -0.43029 0.88062
vn -0.1955 -0.44229 0.8753
vn -0.1955 -0.44229 0.8753
vn -0.90519 -0.40183 0.13841
vn -0.9053 -0.40156 0.13848
vn -0.90015 -0.41406 0.1352
vn -0.90015 -0.41406 0.1352
vn 0.91235 0.01413 -0.40916
vn 0.77055 -0.39633 -0.49918
vn 0.76919 -0.39863 -0.49943
vn 0.91235 0.01413 -0.40916
vn 0.97362 0.16603 0.15652
vn 0.97589 0.14875 0.15975
vn 0.97205 0.17681 0.15448
vn 0.97205 0.17681 0.15448
vn 0.9052 -0.40152 0.13927
vn 0.90502 -0.40196 0.13916
vn 0.9001 -0.4139 0.13606
vn 0.9001 -0.4139 0.13606
vn -0.4801 -0.42485 0.76747
vn -0.41483 0.00846 0.90986
vn -0.41483 0.00846 0.90986
vn -0.48021 -0.42802 0.76564
vn 0.19717 -0.43019 0.88094
vn 0.19741 -0.42924 0.88135
vn 0.19412 -0.44255 0.87548
vn 0.19412 -0.44255 0.87548
vn 0.20932 0.16423 0.96396
vn 0.20563 0.18227 0.96151
vn 0.20313 0.19429 0.95968
vn 0.20313 0.19429 0.95968
vn 0.03524 0.99871 0.03665
vn 0.03524 0.99871 0.03665
vn 0.03524 0.99871 0.03665
vn 0.03524 0.99871 0.03665
vn 0.01822 -0.99982 -0.00591
vn 0.01822 -0.99982 -0.00591
vn 0.01822 -0.99982 -0.00591
vn 0.01822 -0.99982 -0.00591
vn -0.86221 -0.29643 0.41075
vn -0.85806 -0.31996 0.4017
vn -0.55987 0.56631 0.60484
vn -0.51392 0.5625 0.64767
vn -0.68336 -0.18783 -0.7055
vn -0.68336 -0.18783 -0.7055
vn -0.68067 -0.20099 -0.70448
vn -0.67841 -0.21156 -0.70357
vn -0.50896 0.70087 -0.49975
vn -0.50828 0.70186 -0.49904
vn -0.48779 0.73028 -0.47829
vn -0.49004 0.72732 -0.48049
vn 0.65612 0.55671 -0.50949
vn 0.60241 0.5748 -0.55381
vn 0.40952 -0.28412 -0.86693
vn 0.39962 -0.30479 -0.86453
vn 0.44191 0.53572 0.71953
vn 0.44191 0.53572 0.71953
vn -0.72041 0.52915 -0.44834
vn -0.72041 0.52915 -0.44834
vn -0.75837 -0.4154 -0.50232
vn 0.4819 -0.44519 0.75471
vn 0.4819 -0.44519 0.75471
vn -0.44127 0.53541 0.72015
vn -0.44127 0.53541 0.72015
vn 0.72095 0.52883 -0.44784
vn 0.72095 0.52883 -0.44784
vn 0.75911 -0.41543 -0.50117
vn 0.75911 -0.41543 -0.50117
vn -0.48072 -0.44529 0.7554
vn -0.48072 -0.44529 0.7554
vn 0.66604 0.35094 -0.6582
vn 0.66604 0.35094 -0.6582
vn 0.33143 0.87609 -0.35016
vn 0.33143 0.87609 -0.35016
vn 0.63259 -0.47003 -0.61555
vn 0.63259 -0.47003 -0.61555
vn -0.66149 0.35129 -0.66259
vn -0.66149 0.35129 -0.66259
vn -0.33365 0.88386 -0.32782
vn -0.33365 0.88386 -0.32782
vn 0.55277 0.13229 -0.82277
vn 0.55277 0.13229 -0.82277
vn -0.57578 -0.51007 -0.63899
vn -0.57578 -0.51007 -0.63899
vn -0 0 -1
vn 0 0 -1
vn -0 -0.11488 -0.99338
vn -0 -0.0912 -0.99583
vn -0 0 -1
vn 0 -0.11522 -0.99334
vn 0.73581 -0.00509 -0.67717
vn 0.73768 -0.00475 -0.67514
vn 0.73194 -0.0058 -0.68135
vn 0.73194 -0.0058 -0.68135
vn 0.64737 -0.76217 -9E-05
vn 0.99921 -0.03972 -8E-05
vn 0.9992 -0.03996 -8E-05
vn 0.64745 -0.76211 -9E-05
vn 0.44789 -0.56789 -0.69058
vn 0.44789 -0.56789 -0.69058
vn -0.0012 -1 -0.00082
vn -0.0012 -1 -0.00082
vn -0.0012 -1 -0.00082
vn -0.44683 -0.56722 -0.69181
vn -0.44683 -0.56722 -0.69181
vn 0 0.70711 -0.70711
vn 0 0.70711 -0.70711
vn -6E-05 0.70748 -0.70673
vn -6E-05 0.70748 -0.70673
vn 0.71085 0.70334 0.00024
vn 0.71085 0.70334 0.00024
vn 0.71085 0.70334 0.00024
vn 0.71085 0.70334 0.00024
vn -0.00012 0.70785 -0.70636
vn -0.00012 0.70785 -0.70636
vn -0.99921 -0.03982 -8E-05
vn -0.64731 -0.76222 -9E-05
vn -0.64756 -0.76201 -9E-05
vn -0.99921 -0.03984 -8E-05
vn -0.73642 -0.00527 -0.67651
vn -0.73891 -0.00498 -0.67379
vn -0.73124 -0.00589 -0.6821
vn -0.73124 -0.00589 -0.6821
vn -0.70935 0.70486 0.00024
vn -0.70935 0.70486 0.00024
vn -0.70935 0.70486 0.00024
vn -0.06509 0.03263 -0.99735
vn -0.31549 0.15977 -0.93538
vn -0.44107 0.0032 -0.89747
vn -0.12561 0.00074 -0.99208
vn -4E-05 0.04157 -0.99914
vn 0.0001 0.28364 -0.95893
vn -0.15441 -0.17987 -0.9715
vn -0.02005 -0.02001 -0.9996
vn 7E-05 -0.34673 -0.93797
vn 4E-05 -0.06483 -0.9979
vn 0.15467 -0.18043 -0.97135
vn 0.01989 -0.01981 -0.99961
vn 0.12423 0.00074 -0.99225
vn 0.44493 0.0034 -0.89556
vn 0.3198 0.16184 -0.93356
vn 0.06498 0.03267 -0.99735
vn 0.99997 -0.00721 0
vn 0.99997 -0.00721 0
vn 0.99996 -0.00846 0
vn -0.99997 -0.00721 0
vn -0.99997 -0.00721 0
vn -0.99996 -0.00845 0
vn -0.99996 -0.00845 0
vn 0.61934 -0.78512 0
vn 0.61934 -0.78512 0
vn -0.61934 -0.78512 0
vn -0.61934 -0.78512 0
vn -1E-05 0 -1
vn -0 0 -1
vn -0 0 -1
vn 0 0 -1
vn 0 0 -1
vn 1E-05 0 -1
vn 0 0 -1
vn 0 0 -1
vn -0.47773 0.21204 -0.85253
vn -0.59745 0.00417 -0.8019
vn -0.59777 0.00505 -0.80165
vn 0.59745 0.00417 -0.8019
vn 0.47775 0.21201 -0.85253
vn 0.59776 0.00506 -0.80166
vn -0.32525 0.4123 -0.85101
vn 0.32525 0.41231 -0.85101
vn 0 0.73052 -0.68289
vn 0 0.11025 -0.9939
vn 0 0.14947 -0.98877
vn 0 0.73052 -0.68289
vn 0 0 -1
vn 0 0 -1
vn 0.98812 0.15354 -0.00664
vn 0.98812 0.15354 -0.00664
vn -0 0.73052 0.68289
vn -0 0.73052 0.68289
vn -0 0.14947 0.98877
vn -0 0.11025 0.9939
vn 0 -0 1
vn 0 -0 1
vn 0.98812 0.15354 0.00664
vn 0.98812 0.15354 0.00664
vn 0.98833 0.15233 0
vn 0.98543 0.17006 0
vn 0.98543 0.17006 0
vn -0.68289 0.73052 0
vn -0.9939 0.11025 -0
vn -0.98877 0.14947 -0
vn -0.68289 0.73052 0
vn -1 0 -0
vn -1 0 -0
vn -0.00664 0.15354 -0.98812
vn -0.00664 0.15354 -0.98812
vn 0.68289 0.73052 0
vn 0.98877 0.14947 0
vn 0.9939 0.11025 0
vn 1 -0 0
vn 1 -0 0
vn 0.00664 0.15354 -0.98812
vn 0.00664 0.15354 -0.98812
vn 0 0.15233 -0.98833
vn 0 0.17006 -0.98543
vn 0 0.17006 -0.98543
vn 0 0.60796 -0.79397
vn 0 0.53409 -0.84543
vn 0 0.97516 -0.22149
vn 0 0.96757 -0.25262
vn 0 0.12812 -0.99176
vn 0 0.1047 -0.9945
vn 0.69967 0.70065 -0.1398
vn 0.69967 0.70065 -0.1398
vn 0.00139 0.79164 0.61098
vn 0.00139 0.79164 0.61098
vn 0.00139 0.79164 0.61098
vn -0 0.97781 -0.20949
vn 0 0.6138 -0.78946
vn 0 0.6138 -0.78947
vn -0 0.97781 -0.20949
vn 0.68881 0.08061 -0.72045
vn 0.68881 0.08061 -0.72045
vn -0 0.5842 -0.81161
vn -0 0.12438 -0.99223
vn -0 0.12447 -0.99222
vn -0 0.5843 -0.81154
vn 0.00139 0.79164 0.61098
vn 0.00139 0.79164 0.61098
vn 0.00139 0.79164 0.61098
vn 0.00139 0.79164 0.61098
vn -0.69958 0.70069 -0.14005
vn -0.69958 0.70069 -0.14005
vn 0 0.6138 -0.78947
vn -0 0.97781 -0.20949
vn -0 0.97781 -0.20949
vn 0 0.6138 -0.78946
vn -0 0.12447 -0.99222
vn 0 0.5843 -0.81154
vn 0 0.5842 -0.81161
vn -0 0.12438 -0.99223
vn -0.6964 0.08059 -0.71312
vn -0.6964 0.08059 -0.71312
vn 0.00293 -0.66589 -0.74604
vn 0.00293 -0.66589 -0.74604
vn 0.00293 -0.66589 -0.74604
vn 0.00293 -0.66589 -0.74604
vn 0.00293 -0.66589 -0.74604
vn 0.00293 -0.66589 -0.74604
vn -0.69958 0.70069 -0.14005
vn -0.69958 0.70069 -0.14005
vn 0.69967 0.70065 -0.1398
vn 0.69967 0.70065 -0.1398
vn -0.6964 0.08059 -0.71312
vn 0.68881 0.08061 -0.72045
vn 0.68881 0.08061 -0.72045
vn -0 0.11305 -0.99359
vn -0 0.11305 -0.99359
vn -0 0.98047 -0.19669
vn -0 0.98047 -0.19669
vn -0 0.98047 -0.19669
vn -0 0.98047 -0.19669
vn 0 0.11305 -0.99359
vn 0 0.11305 -0.99359
vn -1 0 0
vn -1 0 0
vn -1 0 0
vn -1 0 0
vn 1 0 0
vn 1 0 0
vn 1 0 0
vn 1 0 0
vn -1 -0 0
vn -1 -0 0
vn 1 -0 0
vn 1 -0 0
vn -1 -0 0
vn -1 -0 0
vn -1 -0 0
vn 1 -0 0
vn 1 -0 0
vn 0 0.99999 0.00402
vn 0 0.99999 0.00402
vn 0.53204 0.491 -0.68982
vn 0.53204 0.491 -0.68982
vn -0.53204 0.491 -0.68982
vn -0.53204 0.491 -0.68982
vn -0.78964 0.61358 -0
vn -0.78964 0.61358 -0
vn -0.78964 0.61358 -0
vn -0.78964 0.61358 -0
vn 0.78964 0.61358 -0
vn 0.78964 0.61358 -0
vn 0.78964 0.61358 -0
vn 0.78964 0.61358 -0
vn 0 -0.66416 -0.74759
vn -0.6978 -0.71625 -0.00737
vn -0.6978 -0.71625 -0.00737
vn -0.6978 -0.71625 -0.00737
vn -0.6978 -0.71625 -0.00737
vn -0.70518 0.07272 -0.70529
vn -0.70518 0.07272 -0.70529
vn -0.70518 0.07272 -0.70529
vn -0.70518 0.07272 -0.70529
vn -2E-05 0.75053 -0.66083
vn -0.71479 0.6992 0.01378
vn -0.71479 0.6992 0.01378
vn -0.71479 0.6992 0.01378
vn 0.70528 0.07269 -0.7052
vn 0.70528 0.07269 -0.7052
vn 0.70528 0.07269 -0.7052
vn 0.70528 0.07269 -0.7052
vn 0.6978 -0.71625 -0.00737
vn 0.6978 -0.71625 -0.00737
vn 0.6978 -0.71625 -0.00737
vn 0.6978 -0.71625 -0.00737
vn 0.71431 0.69971 0.01293
vn 0.71431 0.69971 0.01293
vn 0.71431 0.69971 0.01293
vn 0.71431 0.69971 0.01293
vn -1 -0 0
vn -1 -0 0
vn 1 -0 0
vn 1 -0 0
vn -0 0.10797 -0.99415
vn -0 0.10797 -0.99415
vn -0 0.10797 -0.99415
vn -0 0.10797 -0.99415
vn -0.00084 0.99982 0.01876
vn -0.00084 0.99982 0.01876
vn -0.00084 0.99982 0.01876
vn -0.00084 0.99982 0.01876
vn -0 0.73052 0.68289
vn -0 0.11025 0.9939
vn -0 0.14947 0.98877
vn -0 0.73052 0.68289
vn -0 0 1
vn -0 0 1
vn -0.98812 0.15354 0.00664
vn -0.98812 0.15354 0.00664
vn 0 0.73052 -0.68289
vn 0 0.73052 -0.68289
vn 0 0.14947 -0.98877
vn 0 0.11025 -0.9939
vn 0 -0 -1
vn 0 -0 -1
vn -0.98812 0.15354 -0.00664
vn -0.98812 0.15354 -0.00664
vn -0.98833 0.15233 0
vn -0.98543 0.17006 0
vn -0.98543 0.17006 0
vn -0.53123 -0.84721 0.0061
vn -0.00608 -0.84719 0.53125
vn -0.01997 -0.85033 0.52588
vn -0.52596 -0.85027 0.01997
vn -0.89848 -0.43902 0
vn -0.89848 -0.43902 0
vn -8E-05 -0.44251 0.89676
vn -8E-05 -0.44251 0.89676
vn -8E-05 -0.44251 0.89676
vn -8E-05 -0.44251 0.89676
vn -0.70547 0.12256 0.69807
vn -0.70547 0.12256 0.69807
vn -0.70547 0.12256 0.69807
vn -0.70547 0.12256 0.69807
vn 0.00607 -0.8472 0.53125
vn 0.53125 -0.84719 0.00607
vn 0.52594 -0.85029 0.01987
vn 0.01993 -0.85033 0.52588
vn 0.89761 -0.44079 4E-05
vn 0.89761 -0.44079 4E-05
vn 0.89761 -0.44079 4E-05
vn 0.70391 0.12399 0.69939
vn 0.70391 0.12399 0.69939
vn 0.70391 0.12399 0.69939
vn 0.70391 0.12399 0.69939
vn 0.28699 0.95793 0.00326
vn 0.00323 0.95792 0.28702
vn 0.01414 0.95868 0.28414
vn 0.28426 0.95864 0.0143
vn 0.76521 0.64378 -7E-05
vn 0.76521 0.64378 -7E-05
vn 0.76521 0.64378 -7E-05
vn 0.00015 0.64651 0.7629
vn 0.00015 0.64651 0.7629
vn 0.00015 0.64651 0.7629
vn 0.00015 0.64651 0.7629
vn -0.00323 0.95792 0.28701
vn -0.28702 0.95792 0.00322
vn -0.28423 0.95865 0.01403
vn -0.01415 0.95869 0.28409
vn -0.76732 0.64126 0
vn -0.76732 0.64126 0
vn 0.53125 -0.84719 -0.00607
vn 0.00607 -0.84719 -0.53125
vn 0.01987 -0.85029 -0.52594
vn 0.52589 -0.85032 -0.01991
vn 4E-05 -0.44077 -0.89762
vn 4E-05 -0.44077 -0.89762
vn 4E-05 -0.44077 -0.89762
vn 4E-05 -0.44077 -0.89762
vn 0.69938 0.12399 -0.70391
vn 0.69938 0.12399 -0.70391
vn 0.69938 0.12399 -0.70391
vn 0.69938 0.12399 -0.70391
vn 0.00326 0.95793 -0.28699
vn 0.28702 0.95792 -0.00323
vn 0.28414 0.95868 -0.01414
vn 0.0143 0.95864 -0.28426
vn -7E-05 0.64378 -0.76521
vn -7E-05 0.64378 -0.76521
vn -7E-05 0.64378 -0.76521
vn -0.00607 -0.84719 -0.53125
vn -0.53125 -0.8472 -0.00607
vn -0.52593 -0.85029 -0.01987
vn -0.01991 -0.85032 -0.52589
vn -0.70391 0.12399 -0.69939
vn -0.70391 0.12399 -0.69939
vn -0.70391 0.12399 -0.69939
vn -0.70391 0.12399 -0.69939
vn -0.287 0.95793 -0.00325
vn -0.00323 0.95792 -0.28702
vn -0.01414 0.95868 -0.28414
vn -0.28427 0.95864 -0.01427
vn -0 0.08812 0.99611
vn -0 0.08812 0.99611
vn -0 0.08812 0.99611
vn -0 0.08812 0.99611
vn 0.99611 0.08812 -0
vn 0.99611 0.08812 -0
vn 0.99611 0.08812 -0
vn 0 0.08812 -0.99611
vn 0 0.08812 -0.99611
vn 0 0.08812 -0.99611
vn 0 0.08812 -0.99611
vn -0.99611 0.08812 0
vn -0.99611 0.08812 0
vn -0.56583 -0.59308 0.57279
vn -0.56583 -0.59308 0.57279
vn 0.5728 -0.59317 0.56572
vn 0.5728 -0.59317 0.56572
vn 0.44277 0.77404 0.45257
vn 0.44277 0.77404 0.45257
vn -0.45274 0.77441 0.44195
vn 0.56573 -0.59315 -0.57281
vn 0.56573 -0.59315 -0.57281
vn 0.45257 0.77404 -0.44277
vn 0.45257 0.77404 -0.44277
vn -0.57281 -0.59317 -0.56572
vn -0.57281 -0.59317 -0.56572
vn -0.44278 0.77404 -0.45257
vn -0.44278 0.77404 -0.45257
vn -0.79656 0.20353 0.56927
vn -0.78208 0.29079 0.55118
vn -0.78586 0.27154 0.5556
vn -0.79656 0.20353 0.56927
vn -0.65876 0.48291 0.57691
vn -0.62319 0.58887 0.51465
vn -0.62319 0.58887 0.51465
vn -0.6711 0.43337 0.60152
vn 0.51069 0.59624 -0.61943
vn 0.57464 0.48824 -0.65681
vn 0.60028 0.43676 -0.67
vn 0.55751 0.26583 -0.78646
vn 0.55397 0.28377 -0.78269
vn 0.56898 0.19845 -0.79805
vn 0.56898 0.19845 -0.79805
vn -0.70901 0.51846 0.47802
vn -0.70901 0.51846 0.47802
vn 0.00779 0.99895 -0.04523
vn 0.02204 0.9973 -0.06999
vn 0.49118 0.50476 -0.7099
vn 0.49118 0.50476 -0.7099
vn -0.06374 0.8501 0.52276
vn -0.00397 0.84789 0.53016
vn 0.57566 0.81766 0.00731
vn 0.58698 0.80908 -0.0291
vn -0.02531 0.84461 0.53478
vn 0.69383 0.20941 0.68902
vn 0.69383 0.20941 0.68902
vn 0.69383 0.20941 0.68902
vn 0.69383 0.20941 0.68902
vn 0.67845 0.29495 0.67284
vn 0.67845 0.29495 0.67284
vn 0.69382 0.20304 0.69093
vn 0.69381 0.20317 0.69091
vn 0.70283 0.10909 0.70294
vn 0.70283 0.10909 0.70294
vn 0.69362 0.19404 0.69372
vn 0.69362 0.19404 0.69372
vn 0.68247 0.26168 0.68247
vn -0.02115 0.99955 -0.02115
vn -0.02115 0.99955 -0.02115
vn -0.05329 0.10009 0.99355
vn -0.04859 0.09674 0.99412
vn -0.06175 0.14942 0.98684
vn -0.05263 0.12374 0.99092
vn 0.99357 0.10008 -0.05292
vn 0.99415 0.09661 -0.04821
vn 0.99099 0.12321 -0.05244
vn 0.98704 0.14822 -0.06148
vn 0.99083 0.1296 -0.0382
vn -0.69074 0.31849 0.64918
vn -0.69074 0.31849 0.64918
vn 0.64918 0.3185 -0.69074
vn 0.64918 0.3185 -0.69074
vn -0.03826 0.12973 0.99081
vn -0.03826 0.12973 0.99081
vn -0.03826 0.12973 0.99081
vn 0.57432 0.81588 -0.0671
vn 0.98091 0.18022 -0.07303
vn 0.98091 0.18022 -0.07303
vn -0.07309 0.18137 0.9807
vn -0.07309 0.18137 0.9807
vn 0.99098 0.09633 -0.0932
vn 0.99243 0.09635 -0.07612
vn 0 0.74029 0.67229
vn 0.67228 0.74029 0
vn 0.67228 0.74029 0
vn 0.67228 0.74029 -0
vn 0.67228 0.74029 -0
vn 0 1 0
vn -0.06977 0.99741 0.01768
vn -0.04422 0.999 0.00618
vn 0.99538 0.09606 -0
vn 0 0.09606 0.99538
vn 0 0.09606 0.99538
vn -0.59443 0.69152 0.41043
vn 0.4603 0.70299 -0.54216
vn -0.57373 0.08185 0.81494
vn -0.57373 0.08185 0.81494
vn -0.79656 0.20353 -0.56927
vn -0.78586 0.27154 -0.5556
vn -0.78208 0.29079 -0.55118
vn -0.65876 0.48291 -0.57691
vn -0.6711 0.43337 -0.60152
vn -0.62319 0.58887 -0.51465
vn -0.62319 0.58887 -0.51465
vn 0.51069 0.59623 0.61943
vn 0.60028 0.43676 0.67
vn 0.57464 0.48824 0.65682
vn 0.55751 0.26583 0.78646
vn 0.56898 0.19845 0.79805
vn 0.56898 0.19845 0.79805
vn 0.55397 0.28377 0.78269
vn -0.70901 0.51846 -0.47802
vn -0.70901 0.51846 -0.47802
vn 0.00779 0.99895 0.04522
vn 0.02204 0.9973 0.06999
vn 0.49118 0.50476 0.7099
vn 0.49118 0.50476 0.7099
vn -0.06374 0.8501 -0.52275
vn -0.00397 0.84789 -0.53016
vn -0.02531 0.84461 -0.53478
vn 0.58698 0.80908 0.0291
vn 0.57566 0.81766 -0.00731
vn 0.69383 0.20942 -0.68902
vn 0.69383 0.20942 -0.68902
vn 0.69383 0.20942 -0.68902
vn 0.67845 0.29495 -0.67284
vn 0.69381 0.20317 -0.69091
vn 0.69382 0.20304 -0.69093
vn 0.67845 0.29495 -0.67284
vn 0.70283 0.10909 -0.70294
vn 0.70283 0.10909 -0.70294
vn 0.69362 0.19404 -0.69372
vn 0.69362 0.19404 -0.69372
vn 0.68247 0.26168 -0.68247
vn 0.68247 0.26168 -0.68247
vn -0.02115 0.99955 0.02115
vn -0.02115 0.99955 0.02115
vn -0.05329 0.10009 -0.99355
vn -0.05263 0.12374 -0.99092
vn -0.06175 0.14942 -0.98684
vn -0.04859 0.09674 -0.99412
vn 0.99357 0.10008 0.05292
vn 0.99415 0.09661 0.04821
vn 0.99099 0.12321 0.05244
vn 0.98704 0.14821 0.06148
vn 0.99083 0.1296 0.0382
vn 0.99083 0.1296 0.0382
vn -0.69074 0.31849 -0.64918
vn -0.69074 0.31849 -0.64918
vn 0.64918 0.31849 0.69074
vn 0.64918 0.31849 0.69074
vn -0.03826 0.12973 -0.99081
vn -0.03826 0.12973 -0.99081
vn -0.03826 0.12973 -0.99081
vn -0.03826 0.12973 -0.99081
vn 0.57431 0.81588 0.0671
vn 0.98091 0.18022 0.07303
vn 0.98091 0.18022 0.07303
vn -0.07309 0.18137 -0.9807
vn -0.07309 0.18137 -0.9807
vn 0.99098 0.09633 0.0932
vn 0.99243 0.09635 0.07612
vn 0 0.74029 -0.67229
vn 0.67228 0.74029 0
vn 0.67228 0.74029 0
vn -0.04422 0.999 -0.00618
vn -0.06977 0.99741 -0.01768
vn 0 0.09606 -0.99538
vn 0 0.09606 -0.99538
vn -0.59444 0.69151 -0.41043
vn 0.4603 0.70299 0.54215
vn -0.57373 0.08185 -0.81494
vn -0.57373 0.08185 -0.81494
vn 0.79656 0.20353 0.56927
vn 0.79656 0.20353 0.56927
vn 0.78586 0.27154 0.5556
vn 0.78208 0.29079 0.55118
vn 0.65876 0.48291 0.57691
vn 0.6711 0.43337 0.60152
vn 0.62319 0.58887 0.51465
vn -0.51069 0.59624 -0.61943
vn -0.60028 0.43677 -0.67
vn -0.57464 0.48824 -0.65681
vn -0.55751 0.26583 -0.78646
vn -0.56898 0.19845 -0.79805
vn -0.56898 0.19845 -0.79805
vn -0.55397 0.28377 -0.78269
vn 0.70901 0.51846 0.47802
vn 0.70901 0.51846 0.47802
vn -0.00779 0.99895 -0.04522
vn -0.02204 0.9973 -0.06999
vn -0.49118 0.50476 -0.7099
vn 0.06374 0.8501 0.52275
vn 0.00397 0.84789 0.53016
vn 0.02531 0.84461 0.53478
vn -0.58697 0.80908 -0.0291
vn -0.57565 0.81766 0.00731
vn -0.69383 0.20941 0.68902
vn -0.69383 0.20941 0.68902
vn -0.67845 0.29495 0.67284
vn -0.69381 0.20317 0.69091
vn -0.69382 0.20304 0.69093
vn -0.67845 0.29495 0.67284
vn -0.70283 0.10909 0.70294
vn -0.70283 0.10909 0.70294
vn -0.69362 0.19404 0.69372
vn -0.69362 0.19404 0.69372
vn -0.68247 0.26168 0.68247
vn -0.68247 0.26168 0.68247
vn 0.02115 0.99955 -0.02115
vn 0.02115 0.99955 -0.02115
vn 0.02115 0.99955 -0.02115
vn 0.05329 0.10009 0.99355
vn 0.05263 0.12374 0.99092
vn 0.06175 0.14942 0.98684
vn 0.04859 0.09674 0.99412
vn -0.99357 0.10008 -0.05292
vn -0.99415 0.09661 -0.04821
vn -0.99099 0.12321 -0.05244
vn -0.98704 0.14821 -0.06148
vn -0.99083 0.1296 -0.0382
vn -0.99083 0.1296 -0.0382
vn 0.69074 0.31849 0.64918
vn 0.69074 0.31849 0.64918
vn -0.64918 0.3185 -0.69074
vn -0.64918 0.3185 -0.69074
vn 0.03826 0.12973 0.99081
vn 0.03826 0.12973 0.99081
vn 0.03826 0.12973 0.99081
vn 0.03826 0.12973 0.99081
vn -0.57431 0.81588 -0.0671
vn -0.98091 0.18022 -0.07303
vn -0.98091 0.18022 -0.07303
vn 0.07309 0.18137 0.9807
vn 0.07309 0.18137 0.9807
vn -0.99098 0.09633 -0.0932
vn -0.99243 0.09634 -0.07612
vn -0.67228 0.74029 0
vn -0.67228 0.74029 -0
vn -0.67228 0.74029 -0
vn -0.67228 0.74029 0
vn -0 1 -0
vn 0.04422 0.999 0.00618
vn 0.06977 0.99741 0.01768
vn -0.99538 0.09606 -0
vn -0.99538 0.09606 -0
vn 0 0.09606 0.99538
vn 0.59445 0.6915 0.41043
vn -0.4603 0.70299 -0.54216
vn 0.57373 0.08185 0.81494
vn 0.57373 0.08185 0.81494
vn 0.79656 0.20353 -0.56927
vn 0.78208 0.29079 -0.55118
vn 0.78586 0.27154 -0.5556
vn 0.79656 0.20353 -0.56927
vn 0.65876 0.48291 -0.57691
vn 0.62319 0.58887 -0.51465
vn 0.62319 0.58887 -0.51465
vn 0.6711 0.43337 -0.60152
vn -0.51069 0.59624 0.61943
vn -0.57464 0.48824 0.65681
vn -0.60028 0.43677 0.67
vn -0.51069 0.59624 0.61943
vn -0.55751 0.26583 0.78646
vn -0.55397 0.28377 0.78269
vn -0.56898 0.19845 0.79805
vn -0.56898 0.19845 0.79805
vn 0.70901 0.51846 -0.47802
vn -0.00779 0.99895 0.04523
vn -0.02204 0.9973 0.06999
vn -0.49118 0.50477 0.7099
vn -0.49118 0.50477 0.7099
vn 0.06374 0.8501 -0.52275
vn 0.00397 0.84789 -0.53016
vn -0.57565 0.81766 -0.00731
vn -0.58697 0.80908 0.0291
vn 0.02531 0.84461 -0.53478
vn -0.69383 0.20941 -0.68902
vn -0.69383 0.20941 -0.68902
vn -0.69383 0.20941 -0.68902
vn -0.67845 0.29495 -0.67284
vn -0.67845 0.29495 -0.67284
vn -0.69382 0.20304 -0.69093
vn -0.6938 0.20317 -0.69091
vn -0.70283 0.10909 -0.70294
vn -0.70283 0.10909 -0.70294
vn -0.69362 0.19404 -0.69372
vn -0.69362 0.19404 -0.69372
vn -0.68247 0.26168 -0.68247
vn -0.68247 0.26168 -0.68247
vn 0.02115 0.99955 0.02115
vn 0.02115 0.99955 0.02115
vn 0.02115 0.99955 0.02115
vn 0.05329 0.10009 -0.99355
vn 0.04859 0.09674 -0.99412
vn 0.06175 0.14942 -0.98684
vn 0.05263 0.12374 -0.99092
vn -0.99357 0.10008 0.05292
vn -0.99415 0.09661 0.04821
vn -0.99099 0.12321 0.05244
vn -0.98704 0.14821 0.06148
vn -0.99083 0.1296 0.0382
vn -0.99083 0.1296 0.0382
vn 0.69074 0.31849 -0.64918
vn 0.69074 0.31849 -0.64918
vn -0.64918 0.3185 0.69074
vn -0.64918 0.3185 0.69074
vn 0.03826 0.12973 -0.99081
vn 0.03826 0.12973 -0.99081
vn 0.03826 0.12973 -0.99081
vn -0.57431 0.81588 0.0671
vn -0.98091 0.18022 0.07303
vn -0.98091 0.18022 0.07303
vn 0.07309 0.18137 -0.9807
vn 0.07309 0.18137 -0.9807
vn -0.99098 0.09633 0.0932
vn -0.99243 0.09634 0.07612
vn -0.67228 0.74029 0
vn -0.67228 0.74029 0
vn 0.06977 0.99741 -0.01768
vn 0.04422 0.999 -0.00618
vn 0 0.09606 -0.99538
vn 0.59445 0.6915 -0.41044
vn -0.4603 0.70299 0.54216
vn 0.57373 0.08185 -0.81494
vn 0.57373 0.08185 -0.81494
vn -0.64697 0.19107 0.73819
vn -0.63677 0.26782 0.72305
vn -0.64087 0.24055 0.72898
vn -0.64697 0.19107 0.73819
vn -0.56993 0.44447 0.6911
vn -0.54388 0.53255 0.64853
vn 0.46714 0.61024 -0.63983
vn 0.51601 0.50576 -0.69133
vn 0.5332 0.46187 -0.70879
vn 0.46714 0.61024 -0.63983
vn 0.54822 0.26549 -0.79308
vn 0.5449 0.28459 -0.78873
vn 0.55801 0.19882 -0.80566
vn 0.55801 0.19882 -0.80566
vn -0.59214 0.45766 0.66326
vn -0.59214 0.45766 0.66326
vn 0.00924 0.99981 -0.01713
vn 0.03835 0.99741 -0.06089
vn 0.48779 0.50558 -0.71165
vn 0.48779 0.50558 -0.71165
vn -0.3093 0.61096 0.72874
vn -0.06163 0.84983 0.52345
vn 0 0.09606 0.99538
vn -0 0.09606 0.99538
vn 0.99538 0.09606 0
vn -0.56949 0.08923 0.81714
vn 0.5757 0.81511 -0.0645
vn 0.95408 0.27666 -0.11485
vn 0 0.74029 0.67229
vn 0.67229 0.74029 0
vn 0.67229 0.74029 0
vn 0.67229 0.74029 0
vn -0.5173 0.62385 0.58584
vn -0.32774 0.89126 0.31345
vn 0.5513 0.66507 -0.50373
vn 0.00569 0.85038 0.52613
vn 0.56953 0.82174 0.01956
vn 0.58349 0.81177 -0.02397
vn -0.02002 0.84656 0.53191
vn 0.69388 0.20906 0.68907
vn 0.69388 0.20906 0.68907
vn 0.69388 0.20906 0.68907
vn 0.67854 0.29451 0.67294
vn 0.67854 0.29451 0.67294
vn 0.69387 0.2026 0.69101
vn 0.69386 0.20271 0.69099
vn 0.70258 0.1123 0.70269
vn 0.70258 0.1123 0.70269
vn 0.69167 0.19488 0.69542
vn 0.69167 0.19491 0.69542
vn 0.67887 0.26214 0.68587
vn -0.02327 0.99971 0.00627
vn -0.02327 0.99971 0.00627
vn -0.02327 0.99971 0.00627
vn -0.02327 0.99971 0.00627
vn -0.05291 0.10053 0.99353
vn -0.04837 0.09712 0.9941
vn -0.06169 0.1492 0.98688
vn -0.05259 0.12368 0.99093
vn 0.99355 0.10052 -0.05255
vn 0.99413 0.09698 -0.048
vn 0.99101 0.12314 -0.05239
vn 0.98708 0.14799 -0.06141
vn 0.99085 0.12947 -0.0382
vn 0.99085 0.12947 -0.0382
vn 0.98543 0.1256 -0.11472
vn -0.59952 0.29339 0.74464
vn 0.57409 0.33291 -0.74806
vn -0.03826 0.1296 0.99083
vn -0.03826 0.1296 0.99083
vn -0.03826 0.1296 0.99083
vn 0.98097 0.17992 -0.07298
vn 0.98097 0.17992 -0.07298
vn -0.07305 0.18108 0.98075
vn -0.07305 0.18108 0.98075
vn -0.30258 0.91134 0.2791
vn -0.64697 0.19107 -0.73819
vn -0.64697 0.19107 -0.73819
vn -0.64087 0.24055 -0.72898
vn -0.63677 0.26782 -0.72305
vn -0.56993 0.44447 -0.6911
vn -0.54388 0.53255 -0.64853
vn -0.54388 0.53255 -0.64853
vn 0.46714 0.61024 0.63983
vn 0.46714 0.61024 0.63983
vn 0.5332 0.46187 0.70879
vn 0.51601 0.50576 0.69133
vn 0.54822 0.26549 0.79308
vn 0.55801 0.19882 0.80566
vn 0.55801 0.19882 0.80566
vn 0.5449 0.28459 0.78873
vn -0.59214 0.45766 -0.66326
vn -0.59214 0.45766 -0.66326
vn 0.00924 0.99981 0.01713
vn 0.03835 0.99741 0.06089
vn 0.48779 0.50558 0.71165
vn 0.48779 0.50558 0.71165
vn -0.3093 0.61096 -0.72874
vn -0.06163 0.84983 -0.52345
vn 0 0.09606 -0.99538
vn 0 0.09606 -0.99538
vn -0.56949 0.08923 -0.81714
vn 0.95408 0.27666 0.11485
vn 0.5757 0.81511 0.0645
vn 0 0.74029 -0.67229
vn 0 0.74029 -0.67229
vn 0 0.74029 -0.67229
vn 0.67229 0.74029 0
vn 0.67229 0.74029 0
vn -0.5173 0.62385 -0.58584
vn -0.32774 0.89126 -0.31345
vn 0.5513 0.66507 0.50373
vn 0.00569 0.85038 -0.52613
vn -0.02002 0.84656 -0.53191
vn 0.58349 0.81177 0.02397
vn 0.56953 0.82174 -0.01956
vn 0.69388 0.20906 -0.68907
vn 0.69388 0.20906 -0.68907
vn 0.69388 0.20906 -0.68907
vn 0.67854 0.29451 -0.67293
vn 0.69386 0.20271 -0.69099
vn 0.69388 0.20259 -0.69101
vn 0.70258 0.1123 -0.70269
vn 0.70258 0.1123 -0.70269
vn 0.69167 0.19491 -0.69542
vn 0.69167 0.19488 -0.69542
vn 0.67887 0.26214 -0.68587
vn 0.67887 0.26214 -0.68587
vn -0.02327 0.99971 -0.00627
vn -0.02327 0.99971 -0.00627
vn -0.02327 0.99971 -0.00627
vn -0.05291 0.10053 -0.99353
vn -0.05259 0.12368 -0.99093
vn -0.06169 0.1492 -0.98688
vn -0.04837 0.09712 -0.9941
vn 0.99355 0.10052 0.05255
vn 0.99413 0.09698 0.048
vn 0.99101 0.12314 0.05239
vn 0.98708 0.14799 0.06141
vn 0.99085 0.12947 0.0382
vn 0.98543 0.1256 0.11472
vn 0.99085 0.12947 0.0382
vn -0.59952 0.29339 -0.74464
vn 0.57409 0.33291 0.74806
vn 0.57409 0.33291 0.74806
vn -0.03826 0.1296 -0.99083
vn -0.03826 0.1296 -0.99083
vn -0.03826 0.1296 -0.99083
vn 0.98097 0.17992 0.07298
vn -0.07305 0.18108 -0.98075
vn -0.07305 0.18108 -0.98075
vn -0.30258 0.91134 -0.2791
vn 0.64697 0.19107 0.73819
vn 0.64697 0.19107 0.73819
vn 0.64087 0.24055 0.72898
vn 0.63677 0.26782 0.72305
vn 0.56993 0.44447 0.6911
vn 0.54388 0.53255 0.64853
vn 0.54388 0.53255 0.64853
vn -0.46714 0.61024 -0.63983
vn -0.46714 0.61024 -0.63983
vn -0.5332 0.46187 -0.70879
vn -0.51601 0.50576 -0.69133
vn -0.54822 0.26549 -0.79308
vn -0.55801 0.19882 -0.80566
vn -0.55801 0.19882 -0.80566
vn -0.5449 0.28459 -0.78873
vn 0.59214 0.45766 0.66326
vn 0.59214 0.45766 0.66326
vn -0.00924 0.99981 -0.01713
vn -0.03835 0.99741 -0.06089
vn -0.48779 0.50558 -0.71165
vn -0.48779 0.50558 -0.71165
vn 0.3093 0.61096 0.72874
vn 0.06163 0.84983 0.52345
vn -0 0.09606 0.99538
vn -0.99538 0.09606 0
vn 0.56949 0.08923 0.81714
vn -0.95408 0.27666 -0.11485
vn -0.5757 0.81511 -0.0645
vn 0 0.74029 0.67229
vn 0 0.74029 0.67229
vn -0.67229 0.74029 0
vn -0.67229 0.74029 0
vn -0.67229 0.74029 0
vn 0.5173 0.62385 0.58584
vn 0.32774 0.89126 0.31345
vn -0.5513 0.66507 -0.50373
vn -0.00569 0.85038 0.52613
vn 0.02002 0.84656 0.53191
vn -0.58349 0.81177 -0.02397
vn -0.56953 0.82174 0.01956
vn -0.69388 0.20906 0.68907
vn -0.69388 0.20906 0.68907
vn -0.69388 0.20906 0.68907
vn -0.67854 0.29451 0.67293
vn -0.69386 0.20271 0.69099
vn -0.69388 0.20259 0.69101
vn -0.70258 0.1123 0.70269
vn -0.70258 0.1123 0.70269
vn -0.69167 0.19491 0.69542
vn -0.69167 0.19488 0.69542
vn -0.67887 0.26214 0.68587
vn -0.67887 0.26214 0.68587
vn 0.02327 0.99971 0.00627
vn 0.02327 0.99971 0.00627
vn 0.02327 0.99971 0.00627
vn 0.05291 0.10053 0.99353
vn 0.05259 0.12368 0.99093
vn 0.06169 0.1492 0.98688
vn 0.04837 0.09712 0.9941
vn -0.99355 0.10052 -0.05255
vn -0.99413 0.09698 -0.048
vn -0.99101 0.12314 -0.05239
vn -0.98708 0.14799 -0.06141
vn -0.99085 0.12947 -0.0382
vn -0.98543 0.1256 -0.11472
vn -0.99085 0.12947 -0.0382
vn 0.59952 0.29339 0.74464
vn -0.57409 0.33291 -0.74806
vn -0.57409 0.33291 -0.74806
vn 0.03826 0.1296 0.99083
vn 0.03826 0.1296 0.99083
vn 0.03826 0.1296 0.99083
vn -0.98097 0.17992 -0.07298
vn 0.07305 0.18108 0.98075
vn 0.07305 0.18108 0.98075
vn 0.30258 0.91134 0.2791
vn 0.64697 0.19107 -0.73819
vn 0.63677 0.26782 -0.72305
vn 0.64087 0.24055 -0.72898
vn 0.64697 0.19107 -0.73819
vn 0.56993 0.44447 -0.6911
vn 0.54388 0.53255 -0.64853
vn -0.46714 0.61024 0.63983
vn -0.51601 0.50576 0.69133
vn -0.5332 0.46187 0.70879
vn -0.46714 0.61024 0.63983
vn -0.54822 0.26549 0.79308
vn -0.5449 0.28459 0.78873
vn -0.55801 0.19882 0.80566
vn -0.55801 0.19882 0.80566
vn 0.59214 0.45766 -0.66326
vn 0.59214 0.45766 -0.66326
vn -0.00924 0.99981 0.01713
vn -0.03835 0.99741 0.06089
vn -0.48779 0.50558 0.71165
vn -0.48779 0.50558 0.71165
vn 0.3093 0.61096 -0.72874
vn 0.06163 0.84983 -0.52345
vn 0 0.09606 -0.99538
vn 0.56949 0.08923 -0.81714
vn -0.5757 0.81511 0.0645
vn -0.95408 0.27666 0.11485
vn -0.67229 0.74029 0
vn -0.67229 0.74029 0
vn 0.5173 0.62385 -0.58584
vn 0.32774 0.89126 -0.31345
vn -0.5513 0.66507 0.50373
vn -0.00569 0.85038 -0.52613
vn -0.56953 0.82174 -0.01956
vn -0.58349 0.81177 0.02397
vn 0.02002 0.84656 -0.53191
vn -0.69388 0.20906 -0.68907
vn -0.69388 0.20906 -0.68907
vn -0.69388 0.20906 -0.68907
vn -0.67854 0.29451 -0.67294
vn -0.67854 0.29451 -0.67294
vn -0.69387 0.2026 -0.69101
vn -0.69386 0.20271 -0.69099
vn -0.70258 0.1123 -0.70269
vn -0.70258 0.1123 -0.70269
vn -0.69167 0.19488 -0.69542
vn -0.69167 0.19491 -0.69542
vn -0.67887 0.26214 -0.68587
vn 0.02327 0.99971 -0.00627
vn 0.02327 0.99971 -0.00627
vn 0.02327 0.99971 -0.00627
vn 0.02327 0.99971 -0.00627
vn 0.05291 0.10053 -0.99353
vn 0.04837 0.09712 -0.9941
vn 0.06169 0.1492 -0.98688
vn 0.05259 0.12368 -0.99093
vn -0.99355 0.10052 0.05255
vn -0.99413 0.09698 0.048
vn -0.99101 0.12314 0.05239
vn -0.98708 0.14799 0.06141
vn -0.99085 0.12947 0.0382
vn -0.99085 0.12947 0.0382
vn -0.98543 0.1256 0.11472
vn 0.59952 0.29339 -0.74464
vn -0.57409 0.33291 0.74806
vn 0.03826 0.1296 -0.99083
vn 0.03826 0.1296 -0.99083
vn 0.03826 0.1296 -0.99083
vn -0.98097 0.17992 0.07298
vn -0.98097 0.17992 0.07298
vn 0.07305 0.18108 -0.98075
vn 0.07305 0.18108 -0.98075
vn 0.30258 0.91134 -0.2791
vn 0 0.61364 0.78959
vn -0.78804 0.61562 0
vn -0.78804 0.61562 0
vn 0 0.61364 -0.78959
vn 0 -0.61364 0.78959
vn 0 -0.61364 0.78959
vn -0.78804 -0.61562 0
vn -0.78804 -0.61562 0
vn 0 -0.61364 -0.78959
vn 0 -0.61364 -0.78959
vn 0.78804 -0.61562 0
vn 0.78804 -0.61562 0
vn 0.78804 0.61562 0
vn 0.78804 0.61562 0
vn 0 0 1
vn -0.12268 0.98472 0.12358
vn -0.12268 0.98472 -0.12358
vn -0.1232 0.98472 -0.12306
vn -0.1232 0.98472 0.12306
vn -0.12268 -0.98472 -0.12358
vn -0.12268 -0.98472 0.12358
vn -0.1232 -0.98472 0.12306
vn -0.1232 -0.98472 -0.12306
vn 0.12268 -0.98472 0.12358
vn 0.1232 -0.98472 0.12306
vn 0.12268 0.98472 0.12358
vn 0.1232 0.98472 0.12306
vn 0.12268 -0.98472 -0.12358
vn 0.1232 -0.98472 -0.12306
vn 0.12268 0.98472 -0.12358
vn 0.1232 0.98472 -0.12306
vn 0 1 -0
vn 0 1 -0
vn 0 1 -0
vn -0.11554 -0.6976 0.70711
vn -0.11554 -0.6976 0.70711
vn -0.34255 -0.59098 0.73035
vn -0.34254 -0.59098 0.73035
vn -0.5484 -0.44638 0.70711
vn -0.5484 -0.44638 0.70711
vn 0 -0.70711 0.70711
vn 0 -0.70711 0.70711
vn 0.55895 0.4331 0.70711
vn 0.55895 0.4331 0.70711
vn 0.34958 0.58856 0.72896
vn 0.34958 0.58856 0.72896
vn -0.0089 0.70705 0.7071
vn -0.0089 0.70705 0.7071
vn -0.0089 0.70705 0.7071
vn -0.0089 0.70705 0.7071
vn 0.14621 0.69183 0.7071
vn 0.14621 0.69183 0.7071
vn 0 0.97092 0.23942
vn 0.11253 0.6981 -0.70711
vn 0.11253 0.6981 -0.70711
vn 0.32995 0.59796 -0.73046
vn 0.32995 0.59796 -0.73046
vn 0.5477 0.44724 -0.70711
vn 0.5477 0.44724 -0.70711
vn 0.11253 0.6981 0.70711
vn 0.11253 0.6981 0.70711
vn 0.32995 0.59796 0.73046
vn 0.32995 0.59796 0.73046
vn 0.5477 0.44724 0.70711
vn 0.5477 0.44724 0.70711
vn -0.00883 0.70706 -0.7071
vn -0.00883 0.70706 -0.7071
vn -0.00883 0.70706 -0.7071
vn -0.00883 0.70706 0.7071
vn -0.00883 0.70706 0.7071
vn -0.00883 0.70706 0.7071
vn 0 0 1
vn -0 0 1
vn 0 0 1
vn 0 0 1
vn 0 0 1
vn 0.15914 0.98726 0
vn 0.77457 0.63249 0
vn -0.01248 0.99992 0
vn -0 0 -1
vn -0 0 -1
vn -0 0 -1
vn -0 0 -1
vn -0.11554 -0.6976 -0.70711
vn -0.34255 -0.59098 -0.73035
vn -0.34255 -0.59098 -0.73035
vn -0.5484 -0.44638 -0.70711
vn -0.5484 -0.44638 -0.70711
vn 0 -0.70711 -0.70711
vn 0 -0.70711 -0.70711
vn 0 -0.70711 -0.70711
vn -0.0089 0.70705 -0.70711
vn -0.0089 0.70705 -0.70711
vn -0.0089 0.70705 -0.70711
vn -0.0089 0.70705 -0.70711
vn 0.55895 0.4331 -0.70711
vn 0.55895 0.4331 -0.70711
vn 0.34957 0.58857 -0.72896
vn 0.34957 0.58857 -0.72896
vn 0.14621 0.69183 -0.7071
vn 0.14621 0.69183 -0.7071
vn 0 0.97242 -0.23325
vn -0 0 -1
vn -0 0 -1
vn -0 0 -1
vn 0 0 -1
vn 0 0 -1
vn -0.01258 0.99992 0
vn 0.79048 0.61249 0
vn 0.20677 0.97839 0
vn -0.77556 -0.63127 0
vn -0.1634 -0.98656 0
vn -0.69961 -0.1877 0.68943
vn -0.69747 -0.20432 0.68687
vn -0.69783 -0.20166 0.68729
vn -0.50403 0.70227 0.50276
vn -0.50515 0.70069 0.50385
vn -0.48628 0.72598 0.4863
vn -0.48271 0.73041 0.48321
vn -0.48131 -0.42815 -0.76487
vn -0.41303 0.01122 -0.91065
vn -0.41303 0.01122 -0.91065
vn -0.48119 -0.42512 -0.76664
vn -0.86847 -0.29279 -0.40005
vn -0.86517 -0.31508 -0.39014
vn -0.55752 0.56644 -0.60689
vn -0.51182 0.56197 -0.64979
vn 0.04206 0.99819 -0.04295
vn 0.04206 0.99819 -0.04295
vn 0.04206 0.99819 -0.04295
vn 0.04206 0.99819 -0.04295
vn 0.65532 0.5569 0.5103
vn 0.60094 0.56779 0.56258
vn 0.91365 0.01714 0.40613
vn 0.66124 -0.36912 0.65308
vn 0.76964 -0.39676 0.50024
vn 0.91365 0.01714 0.40613
vn 0.67997 -0.39641 0.61684
vn 0.05192 -0.9983 -0.02648
vn 0.05192 -0.9983 -0.02648
vn 0.05192 -0.9983 -0.02648
vn 0.05192 -0.9983 -0.02648
vn 0.97204 0.17607 -0.15539
vn 0.97204 0.17607 -0.15539
vn 0.97581 0.14824 -0.16067
vn 0.97356 0.16558 -0.1574
vn 0.20078 0.1959 -0.95985
vn 0.20078 0.1959 -0.95985
vn 0.20339 0.18345 -0.96176
vn 0.20709 0.16546 -0.96423
vn 0.19867 -0.42915 -0.88111
vn 0.19839 -0.43031 -0.88061
vn 0.1955 -0.44231 -0.8753
vn 0.1955 -0.44231 -0.8753
vn 0.90519 -0.40183 -0.13841
vn 0.9053 -0.40157 -0.13848
vn 0.90015 -0.41406 -0.1352
vn 0.90015 -0.41406 -0.1352
vn -0.91235 0.0141 0.40916
vn -0.77054 -0.39633 0.49918
vn -0.76919 -0.39863 0.49943
vn -0.91235 0.0141 0.40916
vn -0.97362 0.16603 -0.15652
vn -0.97589 0.14875 -0.15975
vn -0.97205 0.17681 -0.15448
vn -0.97205 0.17681 -0.15448
vn -0.9052 -0.40151 -0.13927
vn -0.90502 -0.40196 -0.13916
vn -0.9001 -0.4139 -0.13606
vn -0.9001 -0.4139 -0.13606
vn 0.4801 -0.42484 -0.76747
vn 0.41483 0.00845 -0.90986
vn 0.41483 0.00845 -0.90986
vn 0.48021 -0.42802 -0.76564
vn -0.19717 -0.43019 -0.88094
vn -0.19741 -0.42924 -0.88135
vn -0.19412 -0.44255 -0.87548
vn -0.19412 -0.44255 -0.87548
vn -0.20932 0.16423 -0.96396
vn -0.20563 0.18227 -0.96151
vn -0.20312 0.1943 -0.95968
vn -0.20312 0.1943 -0.95968
vn -0.03524 0.99871 -0.03665
vn -0.03524 0.99871 -0.03665
vn -0.03524 0.99871 -0.03665
vn -0.01822 -0.99982 0.00591
vn -0.01822 -0.99982 0.00591
vn -0.01822 -0.99982 0.00591
vn -0.01822 -0.99982 0.00591
vn 0.86221 -0.29643 -0.41075
vn 0.85806 -0.31996 -0.4017
vn 0.55987 0.56631 -0.60484
vn 0.51392 0.56251 -0.64767
vn 0.68336 -0.18783 0.7055
vn 0.68336 -0.18783 0.7055
vn 0.68067 -0.20099 0.70448
vn 0.67841 -0.21156 0.70357
vn 0.50895 0.70087 0.49974
vn 0.50828 0.70187 0.49903
vn 0.48778 0.73028 0.47829
vn 0.49004 0.72732 0.48049
vn -0.65612 0.55671 0.50949
vn -0.60241 0.5748 0.55381
vn -0.40952 -0.28412 0.86693
vn -0.39962 -0.30479 0.86453
vn -0.44191 0.53571 -0.71953
vn -0.44191 0.53571 -0.71953
vn 0.72041 0.52914 0.44834
vn 0.72041 0.52914 0.44834
vn 0.75837 -0.4154 0.50232
vn -0.4819 -0.4452 -0.7547
vn -0.4819 -0.4452 -0.7547
vn 0.44127 0.53542 -0.72015
vn 0.44127 0.53542 -0.72015
vn -0.72095 0.52884 0.44784
vn -0.72095 0.52884 0.44784
vn -0.75911 -0.41543 0.50117
vn -0.75911 -0.41543 0.50117
vn 0.48072 -0.44528 -0.7554
vn 0.48072 -0.44528 -0.7554
vn -0.66604 0.35094 0.6582
vn -0.66604 0.35094 0.6582
vn -0.33143 0.87609 0.35016
vn -0.33143 0.87609 0.35016
vn -0.63258 -0.47004 0.61555
vn -0.63258 -0.47004 0.61555
vn 0.6615 0.35127 0.66259
vn 0.6615 0.35127 0.66259
vn 0.33366 0.88386 0.32783
vn 0.33366 0.88386 0.32783
vn -0.55277 0.13231 0.82276
vn 0.57577 -0.51008 0.63899
vn 0 0 1
vn -0 0 1
vn 0 -0.11488 0.99338
vn 0 -0.0912 0.99583
vn 0 0 1
vn -0 -0.11522 0.99334
vn -0.73581 -0.00509 0.67717
vn -0.73768 -0.00475 0.67514
vn -0.73194 -0.0058 0.68135
vn -0.73194 -0.0058 0.68135
vn -0.64737 -0.76217 9E-05
vn -0.99921 -0.03972 8E-05
vn -0.9992 -0.03996 8E-05
vn -0.64745 -0.76211 9E-05
vn -0.44789 -0.56789 0.69058
vn -0.44789 -0.56789 0.69058
vn 0.0012 -1 0.00082
vn 0.0012 -1 0.00082
vn 0.0012 -1 0.00082
vn 0.44683 -0.56722 0.69181
vn 0.44683 -0.56722 0.69181
vn 0 0.7071 0.70711
vn 0 0.7071 0.70711
vn 6E-05 0.70748 0.70673
vn 6E-05 0.70748 0.70673
vn -0.71085 0.70334 -0.00024
vn -0.71085 0.70334 -0.00024
vn -0.71085 0.70334 -0.00024
vn -0.71085 0.70334 -0.00024
vn 0.00012 0.70785 0.70636
vn 0.00012 0.70785 0.70636
vn 0.99921 -0.03982 8E-05
vn 0.64731 -0.76222 9E-05
vn 0.64756 -0.76201 9E-05
vn 0.99921 -0.03984 8E-05
vn 0.73642 -0.00527 0.67651
vn 0.73891 -0.00498 0.67379
vn 0.73124 -0.00589 0.6821
vn 0.70934 0.70487 -0.00024
vn 0.70934 0.70487 -0.00024
vn 0.70934 0.70487 -0.00024
vn 0.06509 0.03263 0.99735
vn 0.31549 0.15977 0.93538
vn 0.44107 0.0032 0.89747
vn 0.12561 0.00074 0.99208
vn 4E-05 0.04157 0.99914
vn -0.0001 0.28364 0.95893
vn 0.15441 -0.17987 0.9715
vn 0.02005 -0.02001 0.9996
vn -7E-05 -0.34673 0.93797
vn -4E-05 -0.06483 0.9979
vn -0.15467 -0.18043 0.97135
vn -0.01989 -0.01981 0.99961
vn -0.12423 0.00074 0.99225
vn -0.44493 0.0034 0.89556
vn -0.3198 0.16184 0.93356
vn -0.06498 0.03267 0.99735
vn -0.99997 -0.00721 -0
vn -0.99997 -0.00721 -0
vn -0.99996 -0.00846 0
vn -0.99996 -0.00846 0
vn 0.99997 -0.00721 -0
vn 0.99997 -0.00721 -0
vn 0.99996 -0.00846 -0
vn -0.61934 -0.78512 -0
vn -0.61934 -0.78512 -0
vn 0.61934 -0.78512 -0
vn 0.61934 -0.78512 -0
vn 1E-05 0 1
vn 0 0 1
vn 0 0 1
vn 0 0 1
vn -0 0 1
vn -1E-05 0 1
vn -0 0 1
vn -0 0 1
vn 0.47773 0.21204 0.85253
vn 0.59745 0.00416 0.8019
vn 0.59777 0.00505 0.80165
vn -0.59745 0.00417 0.8019
vn -0.47775 0.21201 0.85253
vn -0.59776 0.00506 0.80166
vn 0.32525 0.41231 0.85101
vn -0.32525 0.4123 0.85101
vn 0 0.60796 0.79397
vn 0 0.53409 0.84543
vn 0 0.97516 0.22149
vn 0 0.96757 0.25262
vn 0 0.12812 0.99176
vn 0 0.1047 0.9945
vn -0.69967 0.70065 0.1398
vn -0.69967 0.70065 0.1398
vn -0.00139 0.79164 -0.61098
vn -0.00139 0.79164 -0.61098
vn -0.00139 0.79164 -0.61098
vn 0 0.97781 0.20949
vn 0 0.6138 0.78946
vn 0 0.6138 0.78947
vn 0 0.97781 0.20949
vn -0.68881 0.08061 0.72045
vn -0.68881 0.08061 0.72045
vn 0 0.5842 0.81161
vn 0 0.12438 0.99223
vn 0 0.12447 0.99222
vn 0 0.5843 0.81154
vn -0.00139 0.79164 -0.61098
vn -0.00139 0.79164 -0.61098
vn -0.00139 0.79164 -0.61098
vn -0.00139 0.79164 -0.61098
vn 0.69958 0.70069 0.14005
vn 0.69958 0.70069 0.14005
vn 0 0.6138 0.78947
vn 0 0.97781 0.20949
vn 0 0.97781 0.20949
vn 0 0.6138 0.78946
vn 0 0.12447 0.99222
vn -0 0.5843 0.81154
vn -0 0.5842 0.81161
vn 0 0.12438 0.99223
vn 0.6964 0.08059 0.71312
vn 0.6964 0.08059 0.71312
vn -0.00293 -0.66589 0.74604
vn -0.00293 -0.66589 0.74604
vn -0.00293 -0.66589 0.74604
vn -0.00293 -0.66589 0.74604
vn -0.00293 -0.66589 0.74604
vn -0.00293 -0.66589 0.74604
vn 0.69958 0.70069 0.14005
vn 0.69958 0.70069 0.14005
vn -0.69967 0.70065 0.1398
vn -0.69967 0.70065 0.1398
vn 0.6964 0.08059 0.71312
vn -0.68881 0.08061 0.72045
vn -0.68881 0.08061 0.72045
vn 0 0.11305 0.99359
vn 0 0.11305 0.99359
vn 0 0.98047 0.19669
vn 0 0.98047 0.19669
vn 0 0.98047 0.19669
vn 0 0.98047 0.19669
vn 0 0.11305 0.99359
vn 0 0.11305 0.99359
vn 1 0 0
vn 1 0 0
vn -1 0 0
vn -1 0 0
vn 1 -0 0
vn 1 -0 0
vn -1 -0 0
vn -1 -0 0
vn 1 -0 0
vn 1 -0 0
vn 1 -0 0
vn -1 -0 0
vn -1 -0 0
vn 0 0.99999 -0.00402
vn 0 0.99999 -0.00402
vn -0.53204 0.491 0.68982
vn -0.53204 0.491 0.68982
vn 0.53204 0.491 0.68982
vn 0.53204 0.491 0.68982
vn 0.78964 0.61358 0
vn 0.78964 0.61358 0
vn 0.78964 0.61358 0
vn 0.78964 0.61358 0
vn -0.78964 0.61358 0
vn -0.78964 0.61358 0
vn -0.78964 0.61358 0
vn -0.78964 0.61358 0
vn -0 -0.66416 0.74759
vn 0.6978 -0.71625 0.00737
vn 0.6978 -0.71625 0.00737
vn 0.6978 -0.71625 0.00737
vn 0.6978 -0.71625 0.00737
vn 0.70518 0.07272 0.70529
vn 0.70518 0.07272 0.70529
vn 0.70518 0.07272 0.70529
vn 0.70518 0.07272 0.70529
vn 2E-05 0.75053 0.66083
vn 0.71479 0.6992 -0.01378
vn 0.71479 0.6992 -0.01378
vn 0.71479 0.6992 -0.01378
vn -0.70528 0.07269 0.7052
vn -0.70528 0.07269 0.7052
vn -0.70528 0.07269 0.7052
vn -0.70528 0.07269 0.7052
vn -0.6978 -0.71625 0.00737
vn -0.6978 -0.71625 0.00737
vn -0.6978 -0.71625 0.00737
vn -0.6978 -0.71625 0.00737
vn -0.71431 0.69971 -0.01293
vn -0.71431 0.69971 -0.01293
vn -0.71431 0.69971 -0.01293
vn -0.71431 0.69971 -0.01293
vn 1 -0 0
vn 1 -0 0
vn -1 -0 0
vn -1 -0 0
vn 0 0.10797 0.99415
vn 0 0.10797 0.99415
vn 0 0.10797 0.99415
vn 0 0.10797 0.99415
vn 0.00084 0.99982 -0.01876
vn 0.00084 0.99982 -0.01876
vn 0.00084 0.99982 -0.01876
vn 0.00084 0.99982 -0.01876
vn 0.68289 0.73052 -0
vn 0.9939 0.11025 0
vn 0.98877 0.14947 0
vn 0.68289 0.73052 -0
vn 1 0 0
vn 1 0 0
vn 0.00664 0.15354 0.98812
vn 0.00664 0.15354 0.98812
vn -0.68289 0.73052 0
vn -0.68289 0.73052 0
vn -0.98877 0.14947 -0
vn -0.9939 0.11025 -0
vn -1 -0 -0
vn -1 -0 -0
vn -0.00664 0.15354 0.98812
vn -0.00664 0.15354 0.98812
vn 0 0.15233 0.98833
vn 0 0.17006 0.98543
vn 0 0.17006 0.98543
vn -0.70141 0.12666 0.70142
vn -0.70141 0.12666 0.70142
vn -0.70141 0.12666 0.70142
vn -0.53253 0.65789 0.53253
vn -0.53253 0.65789 0.53253
vn -0.53253 0.65789 0.53253
vn 0.70141 0.12666 0.70141
vn 0.70141 0.12666 0.70141
vn 0.53253 0.65789 0.53253
vn 0.53253 0.65789 0.53253
vn -0.53253 0.65789 -0.53253
vn -0.53253 0.65789 -0.53253
vn -0.53253 0.65789 -0.53253
vn -0.70141 0.12666 -0.70141
vn -0.70141 0.12666 -0.70141
vn -0.70141 0.12666 -0.70141
vn 0.53253 0.65789 -0.53253
vn 0.53253 0.65789 -0.53253
vn 0.53253 0.65789 -0.53253
vn 0.70141 0.12665 -0.70141
vn 0.70141 0.12665 -0.70141
vn 0.70141 0.12665 -0.70141
vn 0.70141 0.12665 -0.70141
vn 0 0.21456 0.97671
vn 0 0.08992 0.99595
vn 0 0.21456 -0.97671
vn 0 0.08992 -0.99595
vn 0.97873 0.20516 -0.00216
vn 0.99702 0.07711 -0.00291
vn 0.99702 0.07711 -0.00291
vn 0.97903 0.20372 -0.00217
vn -0.97671 0.21457 -0
vn -0.99595 0.08992 -0
vn 0 0.52553 0.85078
vn 0.85078 0.52552 0
vn 0 0.52553 -0.85078
vn -0.85078 0.52552 0
vn 0 0.09647 0.99534
vn 0 0.09647 0.99534
vn 0 0.09647 0.99534
vn 0 0.09647 0.99534
vn 0.70084 0.13281 0.70084
vn 0.99509 0.09878 -0.00568
vn 0.99509 0.09878 -0.00568
vn 0.99509 0.09878 -0.00568
vn 0.99509 0.09878 -0.00568
vn -0 0.09935 -0.99505
vn -0 0.09935 -0.99505
vn -0 0.09935 -0.99505
vn -0 0.09935 -0.99505
vn -0.70083 0.1329 -0.70084
vn -0.70083 0.1329 -0.70084
vn -0.70083 0.1329 -0.70084
vn -0.99533 0.09653 -0
vn -0.99533 0.09653 -0
vn -0.99533 0.09653 -0
vn -0.70102 0.13088 0.70103
vn -0.70102 0.13088 0.70103
vn -0.70102 0.13088 0.70103
vn -0.70102 0.13088 0.70103
vn 0.70065 0.13482 -0.70065
vn 0.70065 0.13482 -0.70065
vn 0.70065 0.13482 -0.70065
vn -0.66457 0.74665 0.02939
vn -0.66394 0.74711 0.03164
vn -0.03171 0.74698 0.66409
vn -0.0293 0.74649 0.66476
vn -0.66475 0.74649 -0.0293
vn -0.66409 0.74698 -0.03171
vn -0.02939 0.74664 -0.66457
vn -0.03164 0.74711 -0.66395
vn 0.03164 0.74711 0.66395
vn 0.02939 0.74664 0.66457
vn 0.66408 0.74699 0.03171
vn 0.66475 0.74649 0.0293
vn 0.66394 0.74712 -0.03164
vn 0.66456 0.74665 -0.02939
vn 0.03171 0.74698 -0.66409
vn 0.0293 0.74649 -0.66476
vn -0.70117 0.12934 0.70117
vn 0.70117 0.12934 0.70117
vn 0.70117 0.12934 -0.70117
vn 0.70117 0.12934 -0.70117
vn -0.70117 0.12934 -0.70117
vn 0 0.09184 0.99577
vn 0 0.09184 0.99577
vn 0.99577 0.09184 0
vn 0 0.09184 -0.99577
vn 0 0.09184 -0.99577
vn -0.99577 0.09184 0
vn 0.84377 -0.40732 -0.3495
vn 0.45426 -0.87077 -0.18816
vn 0.34768 -0.87077 -0.34768
vn 0.64579 -0.40732 -0.64579
vn 0.91329 -0.40732 0
vn 0.49169 -0.87077 0
vn 0.84377 -0.40732 0.3495
vn 0.45426 -0.87077 0.18816
vn 0.64579 -0.40732 0.64579
vn 0.34768 -0.87077 0.34768
vn 0.3495 -0.40732 0.84377
vn 0.18816 -0.87077 0.45426
vn -0 -0.40732 0.91329
vn -0 -0.87077 0.49169
vn -0.3495 -0.40732 0.84377
vn -0.18816 -0.87077 0.45426
vn -0.64579 -0.40732 0.64579
vn -0.34768 -0.87077 0.34768
vn -0.84377 -0.40731 0.3495
vn -0.45426 -0.87077 0.18816
vn -0.91329 -0.40731 -0
vn -0.49169 -0.87077 -0
vn -0.84377 -0.40732 -0.3495
vn -0.45426 -0.87077 -0.18816
vn -0.64579 -0.40732 -0.64579
vn -0.34768 -0.87077 -0.34768
vn -0.3495 -0.40732 -0.84377
vn -0.18816 -0.87077 -0.45426
vn 0 -0.40732 -0.91329
vn 0 -0.87077 -0.49169
vn 0.3495 -0.40732 -0.84377
vn 0.18816 -0.87077 -0.45426
vn 0.86755 0.34382 -0.35935
vn 0.93903 0.34383 -0
vn 0.86755 0.34383 0.35935
vn 0.664 0.34382 0.664
vn 0.35935 0.34382 0.86756
vn -0 0.34382 0.93904
vn -0.35935 0.34382 0.86756
vn -0.664 0.34382 0.664
vn -0.86755 0.34382 0.35935
vn -0.93903 0.34383 0
vn -0.86755 0.34382 -0.35935
vn -0.664 0.34382 -0.664
vn -0.35935 0.34382 -0.86756
vn 0 0.34382 -0.93904
vn 0.35935 0.34382 -0.86756
vn 0.664 0.34382 -0.664
vn 0.92132 0.07444 -0.38162
vn 0.92132 0.07444 -0.38162
vn 0.99722 0.07445 -0
vn 0.99722 0.07445 -0
vn 0.70515 0.07444 -0.70514
vn 0.70515 0.07444 -0.70514
vn 0.38162 0.07444 -0.92132
vn 0.38162 0.07444 -0.92132
vn 0 0.07444 -0.99723
vn 0 0.07444 -0.99723
vn -0.38162 0.07444 -0.92132
vn -0.38162 0.07444 -0.92132
vn -0.70514 0.07444 -0.70515
vn -0.70515 0.07444 -0.70514
vn -0.92132 0.07444 -0.38162
vn -0.92132 0.07444 -0.38162
vn -0.99723 0.07445 0
vn -0.99723 0.07445 0
vn -0.92132 0.07443 0.38162
vn -0.92132 0.07443 0.38162
vn -0.70514 0.07443 0.70515
vn -0.70515 0.07443 0.70514
vn -0.38162 0.07444 0.92132
vn -0.38162 0.07444 0.92132
vn -0 0.07444 0.99723
vn -0 0.07444 0.99723
vn 0.38162 0.07444 0.92132
vn 0.38162 0.07444 0.92132
vn 0.70514 0.07444 0.70514
vn 0.70514 0.07444 0.70514
vn 0.92132 0.07445 0.38162
vn 0.92132 0.07445 0.38162
vn 0.67226 -0.68595 -0.27846
vn 0.51452 -0.68595 -0.51452
vn 0.51452 -0.68595 -0.51452
vn 0.27846 -0.68595 -0.67226
vn 0.27846 -0.68595 -0.67226
vn 0 -0.68595 -0.72765
vn 0 -0.68595 -0.72765
vn -0.27846 -0.68595 -0.67226
vn -0.27846 -0.68595 -0.67226
vn -0.51452 -0.68595 -0.51453
vn -0.51452 -0.68595 -0.51453
vn -0.67226 -0.68595 -0.27846
vn -0.67226 -0.68595 -0.27846
vn -0.72765 -0.68595 0
vn -0.72765 -0.68595 0
vn -0.67226 -0.68595 0.27846
vn -0.67226 -0.68595 0.27846
vn -0.51453 -0.68595 0.51453
vn -0.51453 -0.68595 0.51453
vn -0.27846 -0.68595 0.67226
vn -0.27846 -0.68595 0.67226
vn -0 -0.68595 0.72765
vn -0 -0.68595 0.72765
vn 0.27846 -0.68595 0.67226
vn 0.27846 -0.68595 0.67226
vn 0.51452 -0.68595 0.51452
vn 0.51452 -0.68595 0.51452
vn 0.67226 -0.68595 0.27846
vn 0.67226 -0.68595 0.27846
vn 0.72765 -0.68595 0
vn 0.72765 -0.68595 0
vn 0.49794 0.84232 -0.20625
vn 0.38111 0.84233 -0.38111
vn 0.38111 0.84232 -0.38111
vn 0.49794 0.84232 -0.20625
vn 0.20625 0.84232 -0.49795
vn 0.20625 0.84232 -0.49795
vn 0 0.84232 -0.53897
vn 0 0.84232 -0.53897
vn -0.20625 0.84232 -0.49794
vn -0.20625 0.84232 -0.49794
vn -0.38111 0.84233 -0.38111
vn -0.38111 0.84233 -0.38111
vn -0.49794 0.84233 -0.20626
vn -0.49794 0.84233 -0.20626
vn -0.53897 0.84232 -0
vn -0.53897 0.84232 0
vn -0.49794 0.84233 0.20625
vn -0.49794 0.84233 0.20626
vn -0.38111 0.84233 0.38111
vn -0.38111 0.84233 0.38111
vn -0.20625 0.84232 0.49794
vn -0.20625 0.84232 0.49794
vn -0 0.84232 0.53897
vn -0 0.84232 0.53897
vn 0.20625 0.84233 0.49794
vn 0.20625 0.84233 0.49794
vn 0.38111 0.84233 0.38111
vn 0.38111 0.84233 0.38111
vn 0.49795 0.84232 0.20626
vn 0.49795 0.84232 0.20625
vn 0.53897 0.84232 0
vn 0.53897 0.84232 0
vn 0 1 0
vn 0 1 0
vn 0 1 -0
vn 0 1 -0
vn 0 1 -0
vn 0 1 0
vn 0 1 0
vn 0 1 -0
vn 0 1 -0
vn 0 1 -0
vn 0 1 -0
vn 0 1 -0
vn 0 1 -0
vn 0 1 -0
vn 0 1 -0
vn -0.68669 0.66899 0.28444
vn -0.52557 0.66899 0.52557
vn -0.52557 0.66899 0.52557
vn -0.68669 0.66899 0.28444
vn -0.28444 0.66899 0.68669
vn -0.28444 0.66899 0.68669
vn -0 0.66899 0.74327
vn -0 0.66899 0.74327
vn 0.28444 0.66899 0.68669
vn 0.28444 0.66899 0.68669
vn 0.52557 0.66899 0.52557
vn 0.52557 0.66899 0.52557
vn 0.68669 0.66899 0.28444
vn 0.68669 0.66899 0.28444
vn 0.74327 0.66899 0
vn 0.74327 0.66899 0
vn 0.68669 0.66899 -0.28444
vn 0.68669 0.66899 -0.28444
vn 0.52557 0.66899 -0.52557
vn 0.52557 0.66899 -0.52557
vn 0.28444 0.66899 -0.68669
vn 0.28444 0.66899 -0.68669
vn -0 0.66899 -0.74327
vn -0 0.66899 -0.74327
vn -0.28444 0.66899 -0.68669
vn -0.28444 0.66899 -0.68669
vn -0.52557 0.66899 -0.52557
vn -0.52557 0.66899 -0.52557
vn -0.68669 0.66899 -0.28444
vn -0.68669 0.66899 -0.28444
vn -0.74327 0.66899 -0
vn -0.74327 0.66899 -0
vn -0.01761 0.70422 -0.70977
vn 0 0.70393 -0.71027
vn 0 0.70393 -0.71027
vn -0.0174 0.70421 -0.70978
vn -0.99975 -0.00719 -0.02132
vn -0.99966 -0.00737 -0.02495
vn -0.99966 -0.00737 -0.02496
vn -0.71061 0.70336 -0.01764
vn -0.71062 0.70336 -0.01742
vn -0.71107 0.7031 -0.00658
vn -0.71107 0.7031 -0.00658
vn -0.025 -0.01358 -0.9996
vn 0 -0.01325 -0.99991
vn -0.025 -0.01358 -0.9996
vn 0 1 0
vn -0.47344 -0.74278 -0.47344
vn -0.70229 -0.11651 -0.70229
vn -0.5282 0.66483 -0.5282
vn -0.83007 0.55665 -0.03345
vn -0.03345 0.55665 -0.83007
vn -0.66104 0.74828 -0.05566
vn -0.05566 0.74829 -0.66104
vn -0.59045 0.55021 -0.59045
vn -0.70711 0 -0.70711
vn -0.0271 0.86038 -0.50893
vn -0.50893 0.86038 -0.0271
vn -0.43087 0.90219 -0.02001
vn -0.02001 0.90219 -0.43087
vn -0.53463 0.65447 -0.53464
vn 0 -0.62664 -0.77931
vn -0.01951 -0.62652 -0.77916
vn -0.01951 -0.62652 -0.77916
vn 0 -0.62664 -0.77931
vn -0 -0.08472 -0.9964
vn -0 -0.08472 -0.9964
vn -0.02495 -0.0847 -0.99609
vn -0.02495 -0.0847 -0.99609
vn -0.77916 -0.62652 -0.01951
vn -0.77916 -0.62652 -0.01951
vn -0.77916 -0.62652 -0.01951
vn -0.99609 -0.0847 -0.02495
vn -0.99609 -0.0847 -0.02495
vn -0.99609 -0.0847 -0.02495
vn -0.99609 -0.0847 -0.02495
vn -0.99792 0.05946 -0.02499
vn -0.99684 0.07539 -0.02497
vn -0.6603 0.75082 -0.01654
vn -0.02499 0.05946 -0.99792
vn -0 0.75092 -0.66039
vn -0 0.07541 -0.99715
vn -0.82834 0.55984 -0.02075
vn -0.48037 0.87699 -0.01203
vn 0 0.87705 -0.4804
vn 0 0.55997 -0.82852
vn -0.02121 0.53134 -0.84689
vn -0.02121 0.53135 -0.84689
vn -0 0.53146 -0.84708
vn -0 0.53146 -0.84708
vn -0.84689 0.53134 -0.02121
vn 0 0.54209 -0.84032
vn -0.02104 0.54197 -0.84014
vn 0 0.90031 -0.43524
vn -0.84013 0.54197 -0.02104
vn -0.43522 0.90026 -0.0109
vn -0.02504 0 -0.99969
vn -0.99969 0 -0.02504
vn -0 0.77865 -0.62746
vn -0.03493 0.78709 -0.61584
vn -0.62737 0.77857 -0.01571
vn -0.61575 0.78716 -0.03507
vn -0.70651 -0.00132 -0.7077
vn -0.70651 -0.00132 -0.7077
vn -0.70651 -0.00132 -0.7077
vn -0.0779 0.73213 -0.6767
vn -0.67746 0.73143 -0.07789
vn -0.69489 0.71726 -0.05168
vn -0.05174 0.71806 -0.69406
vn -0.02649 -0.01387 -0.99955
vn -0.02649 -0.01387 -0.99955
vn -0.99957 -0.00752 -0.02817
vn -0.99957 -0.00752 -0.02817
vn -0.49805 0.86707 -0.01203
vn -0.49805 0.86707 -0.01203
vn -0.49805 0.86707 -0.01203
vn -0.49805 0.86707 -0.01203
vn -0.01421 0.86704 -0.49803
vn 0 0.86713 -0.49808
vn 0 0.86713 -0.49808
vn -0.01421 0.86704 -0.49803
vn -0.49777 0.86721 -0.01284
vn -0.49777 0.86721 -0.01284
vn -0.49777 0.86721 -0.01284
vn -0.49777 0.86721 -0.01284
vn -0.01103 0.86646 -0.49913
vn -0.01103 0.86646 -0.49913
vn -0.01103 0.86646 -0.49913
vn -0.01103 0.86646 -0.49913
vn -0.2742 0.92145 -0.27521
vn -0.2742 0.92145 -0.27521
vn -0.2742 0.92145 -0.27521
vn -0.90983 0.4144 -0.02198
vn -0.90983 0.4144 -0.02198
vn -0.90983 0.4144 -0.02198
vn -0.90983 0.4144 -0.02198
vn -0.02596 0.41436 -0.90974
vn -0 0.4145 -0.91005
vn -0 0.4145 -0.91005
vn -0.02596 0.41436 -0.90974
vn -0.90968 0.41464 -0.02346
vn -0.90968 0.41464 -0.02346
vn -0.90968 0.41464 -0.02346
vn -0.90968 0.41464 -0.02346
vn -0.02012 0.41343 -0.91031
vn -0.02012 0.41343 -0.91031
vn -0.02012 0.41343 -0.91031
vn -0.02012 0.41343 -0.91031
vn -0.59972 0.52728 -0.60193
vn -0.59972 0.52728 -0.60193
vn -0.9991 0.03477 -0.02414
vn -0.9991 0.03477 -0.02414
vn -0.9991 0.03477 -0.02414
vn -0.02851 0.03476 -0.99899
vn 0 0.03478 -0.9994
vn -0.02851 0.03476 -0.99899
vn -0.99906 0.03479 -0.02577
vn -0.99906 0.03479 -0.02577
vn -0.99906 0.03479 -0.02577
vn -0.02208 0.03467 -0.99915
vn -0.02208 0.03467 -0.99915
vn -0.02208 0.03467 -0.99915
vn -0.02208 0.03467 -0.99915
vn -0.70501 0.04735 -0.70761
vn -0.70501 0.04735 -0.70761
vn -0.70501 0.04735 -0.70761
vn -0.70501 0.04735 -0.70761
vn 0.68523 0.0848 -0.72337
vn 0.68523 0.0848 -0.72337
vn 0.68506 0.10198 -0.72131
vn 0.68497 0.10725 -0.72064
vn 0.68882 0.08653 -0.71975
vn 0.68889 0.08161 -0.72026
vn -0.68679 0.23376 -0.68824
vn -0.68679 0.23376 -0.68824
vn -0.68341 0.25292 -0.68483
vn -0.68342 0.25285 -0.68484
vn -0.68728 0.23377 -0.68774
vn -0.68727 0.23383 -0.68773
vn -0.72435 0.08362 0.68434
vn -0.72435 0.08362 0.68434
vn -0.72162 0.10605 0.68412
vn -0.7223 0.10079 0.6842
vn -0.72074 0.08031 0.68854
vn -0.72024 0.08521 0.68847
vn 0.689 0.06575 -0.72177
vn 0.689 0.06575 -0.72177
vn -0.6902 0.21602 -0.69063
vn -0.6902 0.21602 -0.69063
vn -0.72222 0.06445 0.68865
vn 0.99827 -0.05853 -0.0047
vn 0.998 -0.06303 -0.00501
vn 0.99876 -0.04815 -0.01261
vn 0.99854 -0.0524 -0.01309
vn -0.05165 0.18415 -0.98154
vn -0.05167 0.18001 -0.98231
vn -0.05399 0.19009 -0.98028
vn -0.05403 0.1872 -0.98083
vn -0.98248 0.17877 -0.05267
vn -0.98171 0.18296 -0.05266
vn -0.98092 0.18605 -0.05637
vn -0.98037 0.18897 -0.05632
vn -0.00506 -0.06398 0.99794
vn -0.00475 -0.05952 0.99822
vn -0.01322 -0.05337 0.99849
vn -0.01273 -0.04915 0.99871
vn 0.99805 -0.06074 -0.01404
vn 0.99805 -0.06074 -0.01404
vn -0.05417 0.17773 -0.98259
vn -0.05417 0.17773 -0.98259
vn -0.98265 0.17663 -0.05653
vn -0.98265 0.17663 -0.05653
vn -0.01417 -0.06171 0.99799
vn -0.01417 -0.06171 0.99799
vn -0.00577 -0.07411 0.99723
vn -0.00577 -0.07411 0.99723
vn -0.9853 0.16252 -0.05268
vn -0.9853 0.16252 -0.05268
vn -0.05173 0.16373 -0.98515
vn -0.05173 0.16373 -0.98515
vn 0.9973 -0.07316 -0.00572
vn 0.9973 -0.07316 -0.00572
vn 0.01761 0.70421 -0.70977
vn 0.0174 0.70421 -0.70978
vn 0.99975 -0.00719 -0.02132
vn 0.99966 -0.00737 -0.02496
vn 0.99966 -0.00737 -0.02495
vn 0.71061 0.70336 -0.01764
vn 0.71107 0.7031 -0.00658
vn 0.71107 0.7031 -0.00658
vn 0.71062 0.70336 -0.01742
vn 0.025 -0.01358 -0.9996
vn 0.025 -0.01358 -0.9996
vn 0.47344 -0.74278 -0.47343
vn 0.70229 -0.11651 -0.70229
vn 0.5282 0.66483 -0.5282
vn 0.03345 0.55665 -0.83007
vn 0.83007 0.55665 -0.03345
vn 0.66104 0.74828 -0.05566
vn 0.59045 0.55021 -0.59045
vn 0.05566 0.74828 -0.66104
vn 0.70711 0 -0.70711
vn 0.0271 0.86038 -0.50893
vn 0.02001 0.90219 -0.43087
vn 0.43087 0.90219 -0.02001
vn 0.50893 0.86038 -0.0271
vn 0.53463 0.65447 -0.53464
vn 0.01951 -0.62652 -0.77916
vn 0.01951 -0.62652 -0.77916
vn 0.02495 -0.0847 -0.99609
vn 0.02495 -0.0847 -0.99609
vn 0.77916 -0.62652 -0.01951
vn 0.77916 -0.62652 -0.01951
vn 0.77916 -0.62652 -0.01951
vn 0.99609 -0.0847 -0.02495
vn 0.99609 -0.0847 -0.02495
vn 0.99609 -0.0847 -0.02495
vn 0.99609 -0.0847 -0.02495
vn 0.6603 0.75082 -0.01654
vn 0.99684 0.07538 -0.02497
vn 0.99792 0.05946 -0.02499
vn 0.02499 0.05946 -0.99792
vn 0.48037 0.87699 -0.01203
vn 0.82834 0.55984 -0.02075
vn 0.02121 0.53134 -0.84689
vn 0.84689 0.53134 -0.02121
vn 0.84689 0.53134 -0.02121
vn 0.84689 0.53134 -0.02121
vn 0.02104 0.54197 -0.84014
vn 0.84013 0.54197 -0.02104
vn 0.84013 0.54197 -0.02104
vn 0.43522 0.90026 -0.0109
vn 0.02504 0 -0.99969
vn 0.99969 0 -0.02504
vn 0.03493 0.78709 -0.61584
vn 0.62737 0.77857 -0.01571
vn 0.61575 0.78716 -0.03507
vn 0.70651 -0.00132 -0.7077
vn 0.70651 -0.00132 -0.7077
vn 0.70651 -0.00132 -0.7077
vn 0.70651 -0.00132 -0.7077
vn 0.0779 0.73213 -0.6767
vn 0.05174 0.71806 -0.69406
vn 0.69489 0.71726 -0.05168
vn 0.67746 0.73143 -0.07789
vn 0.02649 -0.01387 -0.99955
vn 0.02649 -0.01387 -0.99955
vn 0.99957 -0.00752 -0.02817
vn 0.99957 -0.00752 -0.02817
vn 0.49805 0.86707 -0.01203
vn 0.49805 0.86707 -0.01203
vn 0.49805 0.86707 -0.01203
vn 0.49805 0.86707 -0.01203
vn 0.01421 0.86704 -0.49803
vn 0.01421 0.86704 -0.49803
vn 0.49777 0.86721 -0.01284
vn 0.49777 0.86721 -0.01284
vn 0.49777 0.86721 -0.01284
vn 0.49777 0.86721 -0.01284
vn 0.01103 0.86646 -0.49913
vn 0.01103 0.86646 -0.49913
vn 0.01103 0.86646 -0.49913
vn 0.2742 0.92145 -0.27521
vn 0.2742 0.92145 -0.27521
vn 0.2742 0.92145 -0.27521
vn 0.90983 0.4144 -0.02198
vn 0.90983 0.4144 -0.02198
vn 0.90983 0.4144 -0.02198
vn 0.90983 0.4144 -0.02198
vn 0.02596 0.41436 -0.90974
vn 0.02596 0.41436 -0.90974
vn 0.90968 0.41464 -0.02346
vn 0.90968 0.41464 -0.02346
vn 0.90968 0.41464 -0.02346
vn 0.90968 0.41464 -0.02346
vn 0.02012 0.41343 -0.91031
vn 0.02012 0.41343 -0.91031
vn 0.02012 0.41343 -0.91031
vn 0.02012 0.41343 -0.91031
vn 0.59972 0.52728 -0.60193
vn 0.59972 0.52728 -0.60193
vn 0.9991 0.03477 -0.02414
vn 0.9991 0.03477 -0.02414
vn 0.9991 0.03477 -0.02414
vn 0.02851 0.03476 -0.99899
vn 0.02851 0.03476 -0.99899
vn 0.99906 0.03479 -0.02577
vn 0.99906 0.03479 -0.02577
vn 0.99906 0.03479 -0.02577
vn 0.02208 0.03467 -0.99915
vn 0.02208 0.03467 -0.99915
vn 0.02208 0.03467 -0.99915
vn 0.02208 0.03467 -0.99915
vn 0.70501 0.04735 -0.70761
vn 0.70501 0.04735 -0.70761
vn 0.70501 0.04735 -0.70761
vn -0.68524 0.0848 -0.72337
vn -0.68497 0.10725 -0.72063
vn -0.68506 0.10198 -0.72131
vn -0.68524 0.0848 -0.72337
vn -0.68889 0.08161 -0.72026
vn -0.68882 0.08653 -0.71975
vn 0.68679 0.23376 -0.68824
vn 0.68342 0.25285 -0.68484
vn 0.68341 0.25292 -0.68483
vn 0.68679 0.23376 -0.68824
vn 0.68727 0.23383 -0.68773
vn 0.68728 0.23377 -0.68774
vn 0.72435 0.08362 0.68434
vn 0.7223 0.10079 0.6842
vn 0.72162 0.10605 0.68411
vn 0.72435 0.08362 0.68434
vn 0.72024 0.08521 0.68847
vn 0.72074 0.08031 0.68854
vn -0.689 0.06575 -0.72177
vn -0.689 0.06575 -0.72177
vn 0.69019 0.21602 -0.69063
vn 0.72222 0.06445 0.68865
vn -0.99827 -0.05853 -0.0047
vn -0.99854 -0.0524 -0.01309
vn -0.99876 -0.04815 -0.01261
vn -0.998 -0.06303 -0.00501
vn 0.05165 0.18415 -0.98154
vn 0.05403 0.1872 -0.98083
vn 0.05399 0.19009 -0.98028
vn 0.05167 0.18001 -0.98231
vn 0.98248 0.17877 -0.05267
vn 0.98037 0.18897 -0.05632
vn 0.98092 0.18605 -0.05637
vn 0.98171 0.18296 -0.05266
vn 0.00506 -0.06398 0.99794
vn 0.01273 -0.04915 0.99871
vn 0.01322 -0.05337 0.99849
vn 0.00475 -0.05952 0.99822
vn -0.99805 -0.06074 -0.01404
vn -0.99805 -0.06074 -0.01404
vn 0.05417 0.17773 -0.98259
vn 0.05417 0.17773 -0.98259
vn 0.98265 0.17663 -0.05653
vn 0.98265 0.17663 -0.05653
vn 0.01417 -0.06171 0.99799
vn 0.01417 -0.06171 0.99799
vn 0.00577 -0.07411 0.99723
vn 0.00577 -0.07411 0.99723
vn 0.9853 0.16252 -0.05268
vn 0.9853 0.16252 -0.05268
vn 0.05173 0.16373 -0.98515
vn 0.05173 0.16373 -0.98515
vn -0.9973 -0.07316 -0.00572
vn -0.9973 -0.07316 -0.00572
vn 0.01761 0.70422 0.70977
vn 0 0.70393 0.71027
vn 0 0.70393 0.71027
vn 0.0174 0.70421 0.70978
vn 0.99975 -0.00719 0.02132
vn 0.99966 -0.00737 0.02495
vn 0.99966 -0.00737 0.02496
vn 0.71061 0.70336 0.01764
vn 0.71062 0.70336 0.01742
vn 0.71107 0.7031 0.00658
vn 0.71107 0.7031 0.00658
vn 0.025 -0.01358 0.9996
vn 0 -0.01325 0.99991
vn 0.025 -0.01358 0.9996
vn 0 1 -0
vn 0.47344 -0.74278 0.47344
vn 0.70229 -0.11651 0.70229
vn 0.5282 0.66483 0.5282
vn 0.83007 0.55665 0.03345
vn 0.03345 0.55665 0.83007
vn 0.66104 0.74828 0.05566
vn 0.05566 0.74829 0.66104
vn 0.59045 0.55021 0.59045
vn 0.70711 0 0.70711
vn 0.0271 0.86038 0.50893
vn 0.50893 0.86038 0.0271
vn 0.43087 0.90219 0.02001
vn 0.02001 0.90219 0.43087
vn 0.53463 0.65447 0.53464
vn 0 -0.62664 0.77931
vn 0.01951 -0.62652 0.77916
vn 0.01951 -0.62652 0.77916
vn 0 -0.62664 0.77931
vn 0 -0.08472 0.9964
vn 0 -0.08472 0.9964
vn 0.02495 -0.0847 0.99609
vn 0.02495 -0.0847 0.99609
vn 0.77916 -0.62652 0.01951
vn 0.77916 -0.62652 0.01951
vn 0.77916 -0.62652 0.01951
vn 0.99609 -0.0847 0.02495
vn 0.99609 -0.0847 0.02495
vn 0.99609 -0.0847 0.02495
vn 0.99609 -0.0847 0.02495
vn 0.99792 0.05946 0.02499
vn 0.99684 0.07539 0.02497
vn 0.6603 0.75082 0.01654
vn 0.02499 0.05946 0.99792
vn 0 0.75092 0.66039
vn 0 0.07541 0.99715
vn 0.82834 0.55984 0.02075
vn 0.48037 0.87699 0.01203
vn -0 0.87705 0.4804
vn -0 0.55997 0.82852
vn 0.02121 0.53134 0.84689
vn 0.02121 0.53135 0.84689
vn 0 0.53146 0.84708
vn 0 0.53146 0.84708
vn 0.84689 0.53134 0.02121
vn -0 0.54209 0.84032
vn 0.02104 0.54197 0.84014
vn -0 0.90031 0.43524
vn 0.84013 0.54197 0.02104
vn 0.43522 0.90026 0.0109
vn 0.02504 0 0.99969
vn 0.99969 0 0.02504
vn 0 0.77865 0.62746
vn 0.03493 0.78709 0.61584
vn 0.62737 0.77857 0.01571
vn 0.61575 0.78716 0.03507
vn 0.70651 -0.00132 0.7077
vn 0.70651 -0.00132 0.7077
vn 0.70651 -0.00132 0.7077
vn 0.0779 0.73213 0.6767
vn 0.67746 0.73143 0.07789
vn 0.69489 0.71726 0.05168
vn 0.05174 0.71806 0.69406
vn 0.02649 -0.01387 0.99955
vn 0.02649 -0.01387 0.99955
vn 0.99957 -0.00752 0.02817
vn 0.99957 -0.00752 0.02817
vn 0.49805 0.86707 0.01203
vn 0.49805 0.86707 0.01203
vn 0.49805 0.86707 0.01203
vn 0.49805 0.86707 0.01203
vn 0.01421 0.86704 0.49803
vn -0 0.86713 0.49808
vn -0 0.86713 0.49808
vn 0.01421 0.86704 0.49803
vn 0.49777 0.86721 0.01284
vn 0.49777 0.86721 0.01284
vn 0.49777 0.86721 0.01284
vn 0.49777 0.86721 0.01284
vn 0.01103 0.86646 0.49913
vn 0.01103 0.86646 0.49913
vn 0.01103 0.86646 0.49913
vn 0.01103 0.86646 0.49913
vn 0.2742 0.92145 0.27521
vn 0.2742 0.92145 0.27521
vn 0.2742 0.92145 0.27521
vn 0.90983 0.4144 0.02198
vn 0.90983 0.4144 0.02198
vn 0.90983 0.4144 0.02198
vn 0.90983 0.4144 0.02198
vn 0.02596 0.41436 0.90974
vn 0 0.4145 0.91005
vn 0 0.4145 0.91005
vn 0.02596 0.41436 0.90974
vn 0.90968 0.41464 0.02346
vn 0.90968 0.41464 0.02346
vn 0.90968 0.41464 0.02346
vn 0.90968 0.41464 0.02346
vn 0.02012 0.41343 0.91031
vn 0.02012 0.41343 0.91031
vn 0.02012 0.41343 0.91031
vn 0.02012 0.41343 0.91031
vn 0.59972 0.52728 0.60193
vn 0.59972 0.52728 0.60193
vn 0.9991 0.03477 0.02414
vn 0.9991 0.03477 0.02414
vn 0.9991 0.03477 0.02414
vn 0.02851 0.03476 0.99899
vn 0 0.03478 0.9994
vn 0.02851 0.03476 0.99899
vn 0.99906 0.03479 0.02577
vn 0.99906 0.03479 0.02577
vn 0.99906 0.03479 0.02577
vn 0.02208 0.03467 0.99915
vn 0.02208 0.03467 0.99915
vn 0.02208 0.03467 0.99915
vn 0.02208 0.03467 0.99915
vn 0.70501 0.04735 0.70761
vn 0.70501 0.04735 0.70761
vn 0.70501 0.04735 0.70761
vn 0.70501 0.04735 0.70761
vn -0.68523 0.0848 0.72337
vn -0.68523 0.0848 0.72337
vn -0.68506 0.10198 0.72131
vn -0.68497 0.10725 0.72064
vn -0.68882 0.08653 0.71975
vn -0.68889 0.08161 0.72026
vn 0.68679 0.23376 0.68824
vn 0.68679 0.23376 0.68824
vn 0.68341 0.25292 0.68483
vn 0.68342 0.25285 0.68484
vn 0.68728 0.23377 0.68774
vn 0.68727 0.23383 0.68773
vn 0.72435 0.08362 -0.68434
vn 0.72435 0.08362 -0.68434
vn 0.72162 0.10605 -0.68412
vn 0.7223 0.10079 -0.6842
vn 0.72074 0.08031 -0.68854
vn 0.72024 0.08521 -0.68847
vn -0.689 0.06575 0.72177
vn -0.689 0.06575 0.72177
vn 0.6902 0.21602 0.69063
vn 0.6902 0.21602 0.69063
vn 0.72222 0.06445 -0.68865
vn -0.99827 -0.05853 0.0047
vn -0.998 -0.06303 0.00501
vn -0.99876 -0.04815 0.01261
vn -0.99854 -0.0524 0.01309
vn 0.05165 0.18415 0.98154
vn 0.05167 0.18001 0.98231
vn 0.05399 0.19009 0.98028
vn 0.05403 0.1872 0.98083
vn 0.98248 0.17877 0.05267
vn 0.98171 0.18296 0.05266
vn 0.98092 0.18605 0.05637
vn 0.98037 0.18897 0.05632
vn 0.00506 -0.06398 -0.99794
vn 0.00475 -0.05952 -0.99822
vn 0.01322 -0.05337 -0.99849
vn 0.01273 -0.04915 -0.99871
vn -0.99805 -0.06074 0.01404
vn -0.99805 -0.06074 0.01404
vn 0.05417 0.17773 0.98259
vn 0.05417 0.17773 0.98259
vn 0.98265 0.17663 0.05653
vn 0.98265 0.17663 0.05653
vn 0.01417 -0.06171 -0.99799
vn 0.01417 -0.06171 -0.99799
vn 0.00577 -0.07411 -0.99723
vn 0.00577 -0.07411 -0.99723
vn 0.9853 0.16252 0.05268
vn 0.9853 0.16252 0.05268
vn 0.05173 0.16373 0.98515
vn 0.05173 0.16373 0.98515
vn -0.9973 -0.07316 0.00572
vn -0.9973 -0.07316 0.00572
vn -0.01761 0.70421 0.70977
vn -0.0174 0.70421 0.70978
vn -0.99975 -0.00719 0.02132
vn -0.99966 -0.00737 0.02496
vn -0.99966 -0.00737 0.02495
vn -0.71061 0.70336 0.01764
vn -0.71107 0.7031 0.00658
vn -0.71107 0.7031 0.00658
vn -0.71062 0.70336 0.01742
vn -0.025 -0.01358 0.9996
vn -0.025 -0.01358 0.9996
vn -0.47344 -0.74278 0.47343
vn -0.70229 -0.11651 0.70229
vn -0.5282 0.66483 0.5282
vn -0.03345 0.55665 0.83007
vn -0.83007 0.55665 0.03345
vn -0.66104 0.74828 0.05566
vn -0.59045 0.55021 0.59045
vn -0.05566 0.74828 0.66104
vn -0.70711 0 0.70711
vn -0.0271 0.86038 0.50893
vn -0.02001 0.90219 0.43087
vn -0.43087 0.90219 0.02001
vn -0.50893 0.86038 0.0271
vn -0.53463 0.65447 0.53464
vn -0.01951 -0.62652 0.77916
vn -0.01951 -0.62652 0.77916
vn -0.02495 -0.0847 0.99609
vn -0.02495 -0.0847 0.99609
vn -0.77916 -0.62652 0.01951
vn -0.77916 -0.62652 0.01951
vn -0.77916 -0.62652 0.01951
vn -0.99609 -0.0847 0.02495
vn -0.99609 -0.0847 0.02495
vn -0.99609 -0.0847 0.02495
vn -0.99609 -0.0847 0.02495
vn -0.6603 0.75082 0.01654
vn -0.99684 0.07538 0.02497
vn -0.99792 0.05946 0.02499
vn -0.02499 0.05946 0.99792
vn -0.48037 0.87699 0.01203
vn -0.82834 0.55984 0.02075
vn -0.02121 0.53134 0.84689
vn -0.84689 0.53134 0.02121
vn -0.84689 0.53134 0.02121
vn -0.84689 0.53134 0.02121
vn -0.02104 0.54197 0.84014
vn -0.84013 0.54197 0.02104
vn -0.84013 0.54197 0.02104
vn -0.43522 0.90026 0.0109
vn -0.02504 0 0.99969
vn -0.99969 0 0.02504
vn -0.03493 0.78709 0.61584
vn -0.62737 0.77857 0.01571
vn -0.61575 0.78716 0.03507
vn -0.70651 -0.00132 0.7077
vn -0.70651 -0.00132 0.7077
vn -0.70651 -0.00132 0.7077
vn -0.70651 -0.00132 0.7077
vn -0.0779 0.73213 0.6767
vn -0.05174 0.71806 0.69406
vn -0.69489 0.71726 0.05168
vn -0.67746 0.73143 0.07789
vn -0.02649 -0.01387 0.99955
vn -0.02649 -0.01387 0.99955
vn -0.99957 -0.00752 0.02817
vn -0.99957 -0.00752 0.02817
vn -0.49805 0.86707 0.01203
vn -0.49805 0.86707 0.01203
vn -0.49805 0.86707 0.01203
vn -0.49805 0.86707 0.01203
vn -0.01421 0.86704 0.49803
vn -0.01421 0.86704 0.49803
vn -0.49777 0.86721 0.01284
vn -0.49777 0.86721 0.01284
vn -0.49777 0.86721 0.01284
vn -0.49777 0.86721 0.01284
vn -0.01103 0.86646 0.49913
vn -0.01103 0.86646 0.49913
vn -0.01103 0.86646 0.49913
vn -0.2742 0.92145 0.27521
vn -0.2742 0.92145 0.27521
vn -0.2742 0.92145 0.27521
vn -0.90983 0.4144 0.02198
vn -0.90983 0.4144 0.02198
vn -0.90983 0.4144 0.02198
vn -0.90983 0.4144 0.02198
vn -0.02596 0.41436 0.90974
vn -0.02596 0.41436 0.90974
vn -0.90968 0.41464 0.02346
vn -0.90968 0.41464 0.02346
vn -0.90968 0.41464 0.02346
vn -0.90968 0.41464 0.02346
vn -0.02012 0.41343 0.91031
vn -0.02012 0.41343 0.91031
vn -0.02012 0.41343 0.91031
vn -0.02012 0.41343 0.91031
vn -0.59972 0.52728 0.60193
vn -0.59972 0.52728 0.60193
vn -0.9991 0.03477 0.02414
vn -0.9991 0.03477 0.02414
vn -0.9991 0.03477 0.02414
vn -0.02851 0.03476 0.99899
vn -0.02851 0.03476 0.99899
vn -0.99906 0.03479 0.02577
vn -0.99906 0.03479 0.02577
vn -0.99906 0.03479 0.02577
vn -0.02208 0.03467 0.99915
vn -0.02208 0.03467 0.99915
vn -0.02208 0.03467 0.99915
vn -0.02208 0.03467 0.99915
vn -0.70501 0.04735 0.70761
vn -0.70501 0.04735 0.70761
vn -0.70501 0.04735 0.70761
vn 0.68524 0.0848 0.72337
vn 0.68497 0.10725 0.72063
vn 0.68506 0.10198 0.72131
vn 0.68524 0.0848 0.72337
vn 0.68889 0.08161 0.72026
vn 0.68882 0.08653 0.71975
vn -0.68679 0.23376 0.68824
vn -0.68342 0.25285 0.68484
vn -0.68341 0.25292 0.68483
vn -0.68679 0.23376 0.68824
vn -0.68727 0.23383 0.68773
vn -0.68728 0.23377 0.68774
vn -0.72435 0.08362 -0.68434
vn -0.7223 0.10079 -0.6842
vn -0.72162 0.10605 -0.68411
vn -0.72435 0.08362 -0.68434
vn -0.72024 0.08521 -0.68847
vn -0.72074 0.08031 -0.68854
vn 0.689 0.06575 0.72177
vn 0.689 0.06575 0.72177
vn -0.69019 0.21602 0.69063
vn -0.72222 0.06445 -0.68865
vn 0.99827 -0.05853 0.0047
vn 0.99854 -0.0524 0.01309
vn 0.99876 -0.04815 0.01261
vn 0.998 -0.06303 0.00501
vn -0.05165 0.18415 0.98154
vn -0.05403 0.1872 0.98083
vn -0.05399 0.19009 0.98028
vn -0.05167 0.18001 0.98231
vn -0.98248 0.17877 0.05267
vn -0.98037 0.18897 0.05632
vn -0.98092 0.18605 0.05637
vn -0.98171 0.18296 0.05266
vn -0.00506 -0.06398 -0.99794
vn -0.01273 -0.04915 -0.99871
vn -0.01322 -0.05337 -0.99849
vn -0.00475 -0.05952 -0.99822
vn 0.99805 -0.06074 0.01404
vn 0.99805 -0.06074 0.01404
vn -0.05417 0.17773 0.98259
vn -0.05417 0.17773 0.98259
vn -0.98265 0.17663 0.05653
vn -0.98265 0.17663 0.05653
vn -0.01417 -0.06171 -0.99799
vn -0.01417 -0.06171 -0.99799
vn -0.00577 -0.07411 -0.99723
vn -0.00577 -0.07411 -0.99723
vn -0.9853 0.16252 0.05268
vn -0.9853 0.16252 0.05268
vn -0.05173 0.16373 0.98515
vn -0.05173 0.16373 0.98515
vn 0.9973 -0.07316 0.00572
vn 0.9973 -0.07316 0.00572
vn -0 0 1
vn -0 0 1
vn 0.60033 -0.60033 0.52841
vn 0.60033 -0.60033 0.52841
vn 0.60033 0.60033 0.52841
vn 0.60033 0.60033 0.52841
vn 0.60033 0.60033 0.52841
vn -0.60033 0.60033 0.52841
vn -0.60033 0.60033 0.52841
vn -0.60033 -0.60033 0.52841
vn -0.60033 -0.60033 0.52841
vn -0.60033 -0.60033 0.52841
vn -0.43898 0.43898 0.78396
vn -0.43898 0.43898 0.78396
vn -0.43898 0.43898 0.78396
vn -0.43898 0.43898 0.78396
vn -0.43898 -0.43897 0.78397
vn -0.43898 -0.43897 0.78397
vn 0.43897 -0.43897 0.78397
vn 0.43897 -0.43897 0.78397
vn 0.43897 -0.43897 0.78397
vn 0.43897 -0.43897 0.78397
vn 0.43898 0.43898 0.78396
vn 0.43898 0.43898 0.78396
vn 0.43898 0.43898 0.78396
vn 0.68743 -0.19696 0.69903
vn 0.68743 -0.19696 0.69903
vn 0.68527 -0.20849 0.69781
vn 0.68559 -0.20681 0.69799
vn 0.50406 0.69992 0.506
vn 0.50562 0.69763 0.50761
vn 0.4811 0.73265 0.48142
vn 0.47737 0.73787 0.47714
vn -0.90017 0.01662 0.43523
vn -0.90017 0.01662 0.43523
vn -0.90017 0.01662 0.43523
vn -0.90017 0.01662 0.43523
vn -0.54263 -0.35855 0.7596
vn -0.59516 -0.39492 0.69988
vn -0.5426 0.58897 0.59892
vn -0.59666 0.57742 0.5573
vn -0.01959 0.99962 -0.01922
vn -0.01959 0.99962 -0.01922
vn -0.01959 0.99962 -0.01922
vn 0.55426 0.57509 -0.60172
vn 0.61513 0.57683 -0.53748
vn 0.43016 0.02353 -0.90244
vn 0.76628 -0.32702 -0.55307
vn 0.61169 -0.37176 -0.6983
vn 0.43016 0.02353 -0.90244
vn 0.7054 -0.3733 -0.60254
vn 0.36094 -0.86346 0.35237
vn 0.36094 -0.86346 0.35237
vn 0.36094 -0.86346 0.35237
vn 0.36094 -0.86346 0.35237
vn -0.14004 0.19374 -0.97101
vn -0.14941 0.15387 -0.97673
vn -0.14369 0.17835 -0.97342
vn -0.95942 0.21348 -0.1842
vn -0.95942 0.21348 -0.1842
vn -0.96238 0.19537 -0.18882
vn -0.96592 0.17005 -0.19513
vn -0.89581 -0.42924 -0.11525
vn -0.89516 -0.4308 -0.11445
vn -0.88764 -0.44833 -0.10533
vn -0.88764 -0.44833 -0.10533
vn -0.06594 -0.39963 -0.9143
vn -0.06612 -0.39929 -0.91444
vn -0.0569 -0.41718 -0.90704
vn -0.0569 -0.41718 -0.90704
vn -0.69903 -0.19696 0.68743
vn -0.69903 -0.19696 0.68743
vn -0.69781 -0.20849 0.68528
vn -0.69799 -0.20681 0.68559
vn -0.506 0.69991 0.50407
vn -0.50761 0.69763 0.50562
vn -0.48142 0.73265 0.48111
vn -0.47714 0.73787 0.47737
vn -0.43523 0.01662 -0.90017
vn -0.43523 0.01662 -0.90017
vn -0.43523 0.01662 -0.90017
vn -0.7596 -0.35855 -0.54263
vn -0.69988 -0.39492 -0.59516
vn -0.59892 0.58897 -0.5426
vn -0.5573 0.57742 -0.59666
vn 0.01922 0.99962 -0.01958
vn 0.01922 0.99962 -0.01958
vn 0.01922 0.99962 -0.01958
vn 0.60172 0.57509 0.55426
vn 0.53748 0.57683 0.61513
vn 0.90245 0.02353 0.43015
vn 0.55307 -0.32702 0.76627
vn 0.69831 -0.37176 0.61169
vn 0.90245 0.02353 0.43015
vn 0.60254 -0.3733 0.7054
vn -0.35237 -0.86346 0.36093
vn -0.35237 -0.86346 0.36093
vn -0.35237 -0.86346 0.36093
vn -0.35237 -0.86346 0.36093
vn 0.971 0.19374 -0.14005
vn 0.971 0.19374 -0.14005
vn 0.97673 0.15387 -0.14941
vn 0.97342 0.17835 -0.1437
vn 0.18421 0.21348 -0.95942
vn 0.18421 0.21348 -0.95942
vn 0.18883 0.19537 -0.96238
vn 0.19514 0.17005 -0.96592
vn 0.11526 -0.42924 -0.89581
vn 0.11445 -0.4308 -0.89516
vn 0.10533 -0.44833 -0.88764
vn 0.10533 -0.44833 -0.88764
vn 0.9143 -0.39963 -0.06595
vn 0.91444 -0.39929 -0.06612
vn 0.90704 -0.41718 -0.0569
vn 0.90704 -0.41718 -0.0569
vn -0.70782 0.5413 0.45387
vn -0.70782 0.5413 0.45387
vn 0.46192 0.53603 -0.70661
vn 0.46192 0.53603 -0.70661
vn 0.61848 -0.39401 -0.67989
vn -0.67955 -0.42173 0.6003
vn -0.67955 -0.42173 0.6003
vn -0.45387 0.5413 -0.70782
vn -0.45387 0.5413 -0.70782
vn 0.70661 0.53603 0.46192
vn 0.67989 -0.39401 0.61848
vn -0.6003 -0.42173 -0.67955
vn -0.6003 -0.42173 -0.67955
vn 0.6581 0.35089 0.66617
vn 0.6581 0.35089 0.66617
vn -0.53323 0.12372 0.83688
vn -0.53323 0.12372 0.83688
vn 0.36741 0.86061 0.35266
vn 0.36741 0.86061 0.35266
vn 0.6599 -0.31698 0.68121
vn 0.6599 -0.31698 0.68121
vn -0.66617 0.35088 0.6581
vn -0.66617 0.35088 0.6581
vn -0.83688 0.12372 -0.53323
vn -0.83688 0.12372 -0.53323
vn -0.35265 0.86061 0.3674
vn -0.35265 0.86061 0.3674
vn -0.68121 -0.31698 0.65991
vn 0.5 -0.5 0.7071
vn 0.5 -0.5 0.7071
vn 0.5 0.5 0.70711
vn 0.5 0.5 0.70711
vn 0.5 0.5 0.70711
vn -0.5 0.5 0.70711
vn -0.5 0.5 0.70711
vn 0 1 0
vn -0.5 -0.5 -0.7071
vn -0.5 -0.5 -0.7071
vn -0.5 0.5 -0.70711
vn -0.5 0.5 -0.70711
vn -0.5 0.5 -0.70711
vn -0.5 0.5 -0.70711
vn 0.5 0.5 -0.70711
vn 0.5 0.5 -0.70711
vn 0.5 0.5 -0.70711
vn -0 0 1
vn 0 0 1
vn 0 0 1
vn -0 0 1
vn 0 -1 -0
vn 0 -1 -0
vn 0 -1 -0
vn 0 -1 0
vn 0 -1 0
vn 0 -1 0
vt 0.7822 0.56112
vt 0.77984 0.56214
vt 0.7822 0.5632
vt 0.7822 0.60403
vt 0.7822 0.60185
vt 0.77985 0.60296
vt 0.40312 0.34613
vt 0.40548 0.34506
vt 0.40312 0.34404
vt 0.40318 0.38475
vt 0.40315 0.38692
vt 0.40551 0.38583
vt 0.79303 0.56323
vt 0.79539 0.56217
vt 0.79303 0.56114
vt 0.39228 0.34403
vt 0.38992 0.34506
vt 0.39228 0.34612
vt 0.7931 0.60184
vt 0.79306 0.60402
vt 0.79542 0.60293
vt 0.39228 0.38694
vt 0.39229 0.38476
vt 0.38994 0.38587
vt 0.42219 0.79655
vt 0.4451 0.81463
vt 0.4451 0.77847
vt 0.42081 0.79751
vt 0.42081 0.7956
vt 0.99585 0.80176
vt 0.99336 0.80176
vt 0.97922 0.80176
vt 0.97673 0.80176
vt 0.99336 0.88658
vt 0.99336 0.88658
vt 0.99585 0.88658
vt 0.97673 0.88658
vt 0.97922 0.88658
vt 0.74572 0.70467
vt 0.73136 0.69278
vt 0.73342 0.71449
vt 0.73281 0.69151
vt 0.74681 0.70353
vt 0.75447 0.69154
vt 0.74778 0.70447
vt 0.76569 0.72094
vt 0.75614 0.69261
vt 0.7645 0.72242
vt 0.74681 0.70553
vt 0.73481 0.71592
vt 0.35149 0.90849
vt 0.33318 0.90531
vt 0.34156 0.92392
vt 0.34023 0.92486
vt 0.33154 0.90559
vt 0.31149 0.92554
vt 0.7842 0.82788
vt 0.79609 0.81352
vt 0.77438 0.81558
vt 0.79736 0.81497
vt 0.78534 0.82897
vt 0.79733 0.83663
vt 0.7844 0.82994
vt 0.76794 0.84786
vt 0.79626 0.8383
vt 0.76646 0.84666
vt 0.78334 0.82898
vt 0.77295 0.81698
vt 0.41192 0.80018
vt 0.40868 0.81834
vt 0.42747 0.80963
vt 0.42842 0.81094
vt 0.40896 0.81997
vt 0.42915 0.83942
vt 0.35223 0.90711
vt 0.35296 0.90885
vt 0.3104 0.92702
vt 0.30961 0.92529
vt 0.41054 0.79939
vt 0.41221 0.79865
vt 0.43065 0.84054
vt 0.42895 0.84133
vt 0.7801 0.77771
vt 0.78288 0.77494
vt 0.78001 0.77485
vt 0.78289 0.72725
vt 0.78012 0.72447
vt 0.78003 0.72734
vt 0.72967 0.77515
vt 0.73219 0.7777
vt 0.7325 0.77483
vt 0.73221 0.72448
vt 0.72965 0.727
vt 0.73252 0.72732
vt 0.93506 0.78577
vt 0.93482 0.78761
vt 0.93772 0.78712
vt 0.93425 0.8349
vt 0.9314 0.83398
vt 0.93145 0.83582
vt 0.94667 0.93223
vt 0.94862 0.92898
vt 0.94579 0.92956
vt 0.93512 0.884
vt 0.93774 0.88266
vt 0.93478 0.88218
vt 0.23667 0.713
vt 0.24925 0.69779
vt 0.22613 0.70012
vt 0.25018 0.69885
vt 0.2375 0.71379
vt 0.25016 0.72203
vt 0.23684 0.71448
vt 0.21869 0.73423
vt 0.24939 0.72328
vt 0.21762 0.73338
vt 0.23606 0.71378
vt 0.22506 0.70114
vt 0.4239 0.87672
vt 0.4403 0.86667
vt 0.42042 0.85811
vt 0.42065 0.857
vt 0.44103 0.86576
vt 0.44202 0.83688
vt 0.18635 0.81951
vt 0.17348 0.80903
vt 0.17114 0.83203
vt 0.17214 0.83301
vt 0.1954 0.83302
vt 0.18712 0.82035
vt 0.18782 0.81967
vt 0.1966 0.83214
vt 0.20748 0.80163
vt 0.2068 0.80041
vt 0.17448 0.80789
vt 0.18712 0.8189
vt 0.94623 0.73003
vt 0.93662 0.71375
vt 0.92726 0.73325
vt 0.93572 0.71304
vt 0.90637 0.71193
vt 0.92612 0.73302
vt 0.42402 0.87783
vt 0.42303 0.87736
vt 0.44213 0.83523
vt 0.44319 0.83568
vt 0.94731 0.72993
vt 0.94687 0.73095
vt 0.9047 0.71181
vt 0.90521 0.71076
vt 0.25224 0.77144
vt 0.25215 0.76286
vt 0.24125 0.763
vt 0.26305 0.76278
vt 0.43135 0.59783
vt 0.43207 0.59916
vt 0.43316 0.59768
vt 0.4433 0.61486
vt 0.44451 0.61612
vt 0.44487 0.61405
vt 0.41746 0.56284
vt 0.41772 0.56411
vt 0.41924 0.56315
vt 0.43238 0.49529
vt 0.43164 0.49662
vt 0.43348 0.49676
vt 0.41801 0.53035
vt 0.41775 0.5316
vt 0.41953 0.53131
vt 0.93426 0.12095
vt 0.96713 0.12095
vt 0.95217 0.10675
vt 1 0.12095
vt 0.9821 0.10676
vt 0.78311 0.84547
vt 0.76826 0.85959
vt 0.79795 0.85959
vt 0.27177 0.97577
vt 0.26758 0.97974
vt 0.27472 0.97805
vt 0.30535 0.93185
vt 0.29835 0.94276
vt 0.30485 0.94332
vt 0.3066 0.94335
vt 0.31312 0.94306
vt 0.30658 0.93187
vt 0.26781 0.98106
vt 0.27355 0.99805
vt 0.2748 0.98271
vt 0.34202 0.98077
vt 0.3382 0.97688
vt 0.33502 0.97908
vt 0.33518 0.99881
vt 0.34177 0.98206
vt 0.33456 0.98335
vt 0.2116 0.74732
vt 0.20141 0.75508
vt 0.20196 0.76075
vt 0.64454 0.50691
vt 0.64608 0.50188
vt 0.63147 0.50717
vt 0.23895 0.7965
vt 0.22953 0.78882
vt 0.22854 0.79503
vt 0.68155 0.46582
vt 0.68285 0.47232
vt 0.69207 0.46556
vt 0.64842 0.50187
vt 0.65971 0.51054
vt 0.65015 0.49698
vt 0.19905 0.75442
vt 0.19871 0.7497
vt 0.18633 0.74627
vt 0.21992 0.38839
vt 0.22307 0.39145
vt 0.26143 0.34893
vt 0.21951 0.31016
vt 0.22258 0.30701
vt 0.3013 0.39104
vt 0.30436 0.3879
vt 0.30395 0.30967
vt 0.30081 0.3066
vt 0.41626 0.86806
vt 0.41626 0.85975
vt 0.39537 0.8639
vt 0.41308 0.85207
vt 0.40721 0.84619
vt 0.39953 0.84301
vt 0.39122 0.84301
vt 0.38354 0.84619
vt 0.37766 0.85207
vt 0.37448 0.85974
vt 0.37448 0.86805
vt 0.37766 0.87573
vt 0.38353 0.88161
vt 0.39121 0.88479
vt 0.39952 0.88479
vt 0.4072 0.88161
vt 0.41308 0.87574
vt 0.57966 0.32422
vt 0.54173 0.28273
vt 0.53956 0.28482
vt 0.0871 0.39008
vt 0.08791 0.38558
vt 0.08254 0.38487
vt 0.08182 0.39024
vt 0.08638 0.39065
vt 0.537 0.32346
vt 0.58043 0.28157
vt 0.65419 0.32557
vt 0.69569 0.28763
vt 0.69359 0.28546
vt 0.07677 0.38871
vt 0.07716 0.38415
vt 0.07732 0.38945
vt 0.69685 0.32634
vt 0.65496 0.28291
vt 0.65284 0.4001
vt 0.69078 0.44159
vt 0.69295 0.4395
vt 0.07797 0.37965
vt 0.08325 0.37949
vt 0.07869 0.37908
vt 0.6955 0.40087
vt 0.65208 0.44275
vt 0.57832 0.39875
vt 0.53682 0.43669
vt 0.53891 0.43886
vt 0.08831 0.38102
vt 0.08775 0.38029
vt 0.53566 0.39798
vt 0.57755 0.44141
vt 0.59524 0.23596
vt 0.59525 0.27867
vt 0.62698 0.27867
vt 0.62698 0.23595
vt 0.53276 0.23597
vt 0.53277 0.27868
vt 0.5898 0.27867
vt 0.5898 0.23596
vt 0.63243 0.23595
vt 0.63243 0.27867
vt 0.68371 0.27866
vt 0.6837 0.23595
vt 0.7824 0.49656
vt 0.78005 0.49456
vt 0.79329 0.49665
vt 0.79562 0.49463
vt 0.78011 0.65906
vt 0.78248 0.65701
vt 0.40333 0.27956
vt 0.40565 0.27754
vt 0.39011 0.27746
vt 0.39246 0.27946
vt 0.40336 0.43989
vt 0.40567 0.44189
vt 0.39257 0.43992
vt 0.39019 0.44196
vt 0.79558 0.65898
vt 0.79327 0.65699
vt 0.34969 0.92242
vt 0.34359 0.97723
vt 0.43884 0.97721
vt 0.43884 0.9218
vt 0.87578 0.04641
vt 0.82098 0.05253
vt 0.82038 0.14167
vt 0.8758 0.14167
vt 0.61607 0.13683
vt 0.60997 0.19164
vt 0.70523 0.19162
vt 0.70522 0.13621
vt 0.37777 0.07569
vt 0.32296 0.08181
vt 0.32236 0.17095
vt 0.37778 0.17095
vt 0.43883 0.87738
vt 0.37355 0.89034
vt 0.70521 0.09178
vt 0.63993 0.10475
vt 0.29089 0.10567
vt 0.27796 0.17096
vt 0.78891 0.07639
vt 0.77598 0.14168
vt 0.72965 0.96824
vt 0.72965 0.96984
vt 0.73598 0.96984
vt 0.73598 0.96824
vt 0.44463 0.81633
vt 0.44463 0.77677
vt 0.72965 1
vt 0.73598 1
vt 0.73598 0.93808
vt 0.72965 0.93808
vt 0.99585 0.68945
vt 0.99336 0.68945
vt 0.97922 0.68945
vt 0.97673 0.68945
vt 0.99336 1
vt 0.99585 1
vt 0.97673 1
vt 0.97922 1
vt 0.72694 0.0087
vt 0.61771 0.00875
vt 0.6177 0.09171
vt 0.72692 0.0918
vt 0.65881 0.57338
vt 0.68668 0.57331
vt 0.68662 0.54544
vt 0.65875 0.54551
vt 0.6563 0.57582
vt 0.68913 0.57582
vt 0.68913 0.543
vt 0.6563 0.543
vt 0.7733 0.76814
vt 0.77332 0.73405
vt 0.77135 0.736
vt 0.77136 0.76617
vt 0.73924 0.73403
vt 0.74118 0.736
vt 0.73922 0.76812
vt 0.74119 0.76617
vt 0.3409 0.92825
vt 0.34329 0.92703
vt 0.34227 0.92572
vt 0.34077 0.92646
vt 0.73362 0.71731
vt 0.76646 0.72448
vt 0.73184 0.71489
vt 0.72965 0.69164
vt 0.35415 0.90942
vt 0.35251 0.90586
vt 0.73116 0.6899
vt 0.75474 0.68991
vt 0.33202 0.90202
vt 0.32962 0.90285
vt 0.33072 0.90413
vt 0.33231 0.90354
vt 0.75739 0.69148
vt 0.76797 0.72282
vt 0.30885 0.92433
vt 0.31049 0.92825
vt 0.43183 0.81021
vt 0.43055 0.80781
vt 0.42923 0.80884
vt 0.43004 0.81039
vt 0.77156 0.81578
vt 0.7644 0.84862
vt 0.77398 0.814
vt 0.79723 0.81181
vt 0.41252 0.79736
vt 0.40934 0.7989
vt 0.79897 0.81332
vt 0.79897 0.8369
vt 0.40536 0.81947
vt 0.40622 0.82192
vt 0.4075 0.82083
vt 0.40689 0.81917
vt 0.79739 0.83955
vt 0.76606 0.85013
vt 0.42826 0.8423
vt 0.43183 0.84078
vt 0.92977 0.93332
vt 0.93045 0.93615
vt 0.91868 0.88401
vt 0.9191 0.88705
vt 0.91913 0.78278
vt 0.91862 0.7858
vt 0.91501 0.83336
vt 0.91496 0.83643
vt 0.94859 0.74087
vt 0.94577 0.7402
vt 0.92971 0.7365
vt 0.41772 0.85496
vt 0.41694 0.85699
vt 0.41914 0.85754
vt 0.41955 0.85644
vt 0.22405 0.7003
vt 0.21619 0.73447
vt 0.22586 0.69898
vt 0.25002 0.69655
vt 0.42151 0.87847
vt 0.42434 0.87963
vt 0.25135 0.69769
vt 0.25135 0.72221
vt 0.44341 0.86842
vt 0.44439 0.86659
vt 0.44219 0.86617
vt 0.44162 0.86723
vt 0.25018 0.72419
vt 0.21764 0.73579
vt 0.44439 0.83492
vt 0.44196 0.83381
vt 0.92666 0.73452
vt 0.92552 0.73409
vt 0.92414 0.73582
vt 0.9261 0.73659
vt 0.93616 0.7119
vt 0.9372 0.71247
vt 0.9385 0.71061
vt 0.93655 0.7096
vt 0.94777 0.73251
vt 0.94916 0.72974
vt 0.9045 0.7096
vt 0.90338 0.7121
vt 0.17365 0.80687
vt 0.20768 0.79902
vt 0.17232 0.80869
vt 0.16987 0.83283
vt 0.17105 0.83418
vt 0.19551 0.83418
vt 0.19755 0.83301
vt 0.20912 0.80056
vt 0.252 0.7484
vt 0.24093 0.74857
vt 0.24081 0.73783
vt 0.25189 0.73764
vt 0.26308 0.74835
vt 0.26298 0.73761
vt 0.42297 0.5783
vt 0.42486 0.57823
vt 0.42447 0.60138
vt 0.42545 0.60309
vt 0.437 0.61967
vt 0.43817 0.62103
vt 0.44485 0.48011
vt 0.44331 0.47923
vt 0.41893 0.54728
vt 0.41714 0.54726
vt 0.40984 0.56401
vt 0.41021 0.56601
vt 0.42563 0.4914
vt 0.42469 0.4931
vt 0.42321 0.51617
vt 0.4251 0.51624
vt 0.41037 0.52843
vt 0.41 0.53044
vt 0.23788 0.76527
vt 0.23957 0.76422
vt 0.23927 0.74785
vt 0.2375 0.74693
vt 0.25228 0.77613
vt 0.25226 0.77391
vt 0.23903 0.73541
vt 0.23731 0.73359
vt 0.25187 0.73498
vt 0.25185 0.73323
vt 0.26472 0.73513
vt 0.26638 0.73331
vt 0.26648 0.74664
vt 0.26472 0.7476
vt 0.26475 0.76396
vt 0.26639 0.76494
vt 0.41572 0.58115
vt 0.40922 0.54716
vt 0.41604 0.5133
vt 0.43678 0.47472
vt 0.2355 0.74583
vt 0.23606 0.7673
vt 0.23554 0.7295
vt 0.25181 0.72917
vt 0.26832 0.76698
vt 0.26845 0.7455
vt 0.26808 0.72917
vt 0.25232 0.77964
vt 0.94199 0.77961
vt 0.94199 0.80023
vt 0.94726 0.80023
vt 0.94726 0.77961
vt 0.94199 0.9008
vt 0.94726 0.9008
vt 0.95217 0.00551
vt 0.93426 0.00551
vt 0.90724 0.91542
vt 0.91251 0.91542
vt 0.91251 0.89481
vt 0.90724 0.89481
vt 0.91251 0.79423
vt 0.90724 0.79423
vt 1 0.00552
vt 0.9821 0.00552
vt 0.79795 0.95881
vt 0.76826 0.95881
vt 0.93426 0.13284
vt 0.96713 0.13284
vt 1 0.13284
vt 0.26287 0.47903
vt 0.26428 0.47765
vt 0.25476 0.46778
vt 0.25292 0.46955
vt 0.25094 0.46841
vt 0.25098 0.57122
vt 0.25295 0.57008
vt 0.25356 0.46578
vt 0.35532 0.46773
vt 0.35649 0.46575
vt 0.20329 0.06078
vt 0.20535 0.06078
vt 0.20535 0.04901
vt 0.20329 0.04901
vt 0.34583 0.47768
vt 0.34721 0.47908
vt 0.3571 0.46954
vt 0.35908 0.4684
vt 0.35708 0.57014
vt 0.35905 0.57131
vt 0.30654 0.06078
vt 0.30857 0.06078
vt 0.30857 0.04901
vt 0.30654 0.04901
vt 0.59816 0.17946
vt 0.59672 0.18089
vt 0.6053 0.18958
vt 0.60686 0.1881
vt 0.60889 0.18957
vt 0.60891 0.09053
vt 0.60686 0.09207
vt 0.60684 0.19164
vt 0.50927 0.18959
vt 0.50776 0.19161
vt 0.5179 0.18089
vt 0.51647 0.17945
vt 0.50777 0.18809
vt 0.50574 0.18956
vt 0.50778 0.092
vt 0.50574 0.09053
vt 0.34713 0.56063
vt 0.34573 0.56201
vt 0.35526 0.57191
vt 0.3564 0.57389
vt 0.25473 0.57189
vt 0.25355 0.57386
vt 0 0.06078
vt 0.00194 0.06078
vt 0.00194 0.04901
vt 0 0.04901
vt 0.59673 0.09921
vt 0.59816 0.10065
vt 0.60537 0.09051
vt 0.60684 0.08848
vt 0.5078 0.08846
vt 0.50934 0.09052
vt 0.26422 0.56194
vt 0.26284 0.56053
vt 0.10007 0.06078
vt 0.1021 0.06078
vt 0.1021 0.04901
vt 0.10007 0.04901
vt 0.51649 0.10064
vt 0.51793 0.09922
vt 0.40662 0.06078
vt 0.40662 0.04901
vt 0.28087 0.94955
vt 0.27351 0.97072
vt 0.27889 0.97234
vt 0.28606 0.95187
vt 0.29368 0.93979
vt 0.33048 0.95049
vt 0.31788 0.94026
vt 0.32521 0.95259
vt 0.33126 0.97319
vt 0.3367 0.97181
vt 0.34484 0.97731
vt 0.34438 0.9807
vt 0.3041 0.98395
vt 0.30543 0.98387
vt 0.30622 0.97842
vt 0.3039 0.97828
vt 0.30378 0.99999
vt 0.30506 1
vt 0.30635 0.96561
vt 0.30419 0.96557
vt 0.30649 0.95359
vt 0.30454 0.95355
vt 0.30838 0.92926
vt 0.30366 0.92915
vt 0.3443 0.983
vt 0.34468 0.99781
vt 0.22817 0.97902
vt 0.22813 0.98112
vt 0.2655 0.98191
vt 0.2655 0.97959
vt 0.38166 0.98377
vt 0.3817 0.98167
vt 0.38177 0.97831
vt 0.26517 0.97614
vt 0.22825 0.9757
vt 0.38141 0.99796
vt 0.22778 0.99531
vt 0.26452 0.99668
vt 0.23122 0.76384
vt 0.21484 0.75278
vt 0.20553 0.76648
vt 0.22257 0.77742
vt 0.23906 0.77533
vt 0.68173 0.4969
vt 0.69147 0.48658
vt 0.67407 0.48306
vt 0.6552 0.4921
vt 0.66386 0.50605
vt 0.65848 0.51534
vt 0.64833 0.50849
vt 0.19698 0.75863
vt 0.22192 0.6816
vt 0.21391 0.68037
vt 0.2029 0.74815
vt 0.2119 0.7422
vt 0.21014 0.6798
vt 0.1974 0.6777
vt 0.64228 0.57479
vt 0.65313 0.57583
vt 0.62582 0.57329
vt 0.6385 0.57442
vt 0.18246 0.7532
vt 0.64514 0.49721
vt 0.64146 0.4627
vt 0.64105 0.46489
vt 0.64663 0.4682
vt 0.64708 0.46593
vt 0.62566 0.46156
vt 0.62542 0.46381
vt 0.65906 0.46854
vt 0.65904 0.46629
vt 0.67114 0.46684
vt 0.67098 0.4646
vt 0.68158 0.46356
vt 0.69329 0.46383
vt 0.70068 0.47922
vt 0.70264 0.47807
vt 0.21789 0.79317
vt 0.20507 0.79036
vt 0.62962 0.49859
vt 0.24573 0.78398
vt 0.16987 0.78553
vt 0.18533 0.78895
vt 0.19177 0.78824
vt 0.19474 0.25036
vt 0.19303 0.24865
vt 0.19304 0.41698
vt 0.19475 0.41526
vt 0.3588 0.25036
vt 0.36051 0.24864
vt 0.3588 0.41526
vt 0.36052 0.41697
vt 0.16748 0.6771
vt 0.16577 0.67882
vt 0.16578 0.84372
vt 0.1675 0.84543
vt 0 0.67712
vt 0.00171 0.67884
vt 2E-05 0.84545
vt 0.00173 0.84373
vt 0.96515 0.83421
vt 0.97509 0.83421
vt 0.97509 0.66928
vt 0.96515 0.66928
vt 0.96515 1
vt 0.97509 1
vt 0.97509 0.33856
vt 0.96515 0.33856
vt 0.96515 0.50349
vt 0.97509 0.50349
vt 0.21513 0.27089
vt 0.33838 0.27085
vt 0.0221 0.69936
vt 0.14535 0.69931
vt 0.14539 0.8232
vt 0.21517 0.39477
vt 0.02215 0.82324
vt 0.33841 0.39473
vt 0.72805 0.99998
vt 0.72801 0.57584
vt 0.71453 0.57584
vt 0.71455 1
vt 0.63509 1
vt 0.63506 0.57584
vt 0.62156 0.57584
vt 0.62157 1
vt 0.71229 0.99998
vt 0.71228 0.57582
vt 0.6373 0.57584
vt 0.63732 1
vt 0.08717 0.57397
vt 0.05301 0.5302
vt 0 0.52105
vt 2E-05 0.574
vt 5E-05 0.67008
vt 0.0872 0.67006
vt 0.41125 0.66996
vt 0.41122 0.57387
vt 0.44416 0.4415
vt 0.44388 0.43842
vt 0.39022 0.44379
vt 0.38954 0.44695
vt 0.344 0.41697
vt 0.34339 0.42019
vt 0.69313 0.23595
vt 0.69313 0.23285
vt 0.37166 0.23286
vt 0.37062 0.23595
vt 0.34141 0.43445
vt 0.34108 0.43776
vt 0.38572 0.46509
vt 0.38649 0.46196
vt 0.03928 0.52474
vt 0.04011 0.52772
vt 0.44601 0.46151
vt 0.44575 0.45842
vt 0.91413 0.06086
vt 0.9111 0.06086
vt 0.9111 0.12376
vt 0.91413 0.12376
vt 0.92989 0.16585
vt 0.93301 0.16585
vt 0.30885 0.17095
vt 0.30885 0.17401
vt 0.37165 0.17401
vt 0.37165 0.17095
vt 0.41342 0.19477
vt 0.41342 0.19164
vt 0.92989 0.47909
vt 0.93301 0.47909
vt 0.72676 0.19477
vt 0.72676 0.19164
vt 0.03475 0.50828
vt 0.92083 0.21293
vt 0.92083 0.14967
vt 0.8725 0.14967
vt 0.8725 0.21293
vt 0.8725 0.2696
vt 0.92083 0.2696
vt 0.8725 0.58482
vt 0.92083 0.58482
vt 0.93019 0.12376
vt 0.93019 0.06086
vt 0.30885 0.1901
vt 0.37165 0.1901
vt 0.94911 0.16585
vt 0.41342 0.21086
vt 0.94911 0.47909
vt 0.72676 0.21086
vt 0.91319 1
vt 0.91624 0.9997
vt 0.91126 0.94505
vt 0.90832 0.94633
vt 0.8756 0.90567
vt 0.8725 0.90665
vt 0.89046 0.58494
vt 0.88739 0.58481
vt 0.88906 0.90045
vt 0.89218 0.89945
vt 0.91062 0.58574
vt 0.90756 0.58561
vt 0.92542 0.93908
vt 0.92831 0.93774
vt 0.9332 0.99807
vt 0.93626 0.99774
vt 0.79914 0.4559
vt 0.87155 0.4559
vt 0.87155 0.14168
vt 0.79914 0.14168
vt 0.79914 0.50878
vt 0.87155 0.50878
vt 0.87155 0.56967
vt 0.79914 0.56967
vt 0.87155 0.89218
vt 0.79914 0.89218
vt 0.87155 0.94627
vt 0.79914 0.94627
vt 0.79914 1
vt 0.87155 1
vt 0.12418 0.90605
vt 0.13007 0.90498
vt 0.12467 0.8806
vt 0.12033 0.88166
vt 0.12366 0.86345
vt 0.11531 0.86543
vt 0.23024 0.86567
vt 0.23505 0.86214
vt 0.2205 0.8418
vt 0.21705 0.84445
vt 0.21262 0.82652
vt 0.20588 0.83138
vt 0.01105 0.87911
vt 0.01695 0.88092
vt 0.02542 0.86455
vt 0.01956 0.86183
vt 0.00726 0.90571
vt 0.0135 0.90656
vt 0.29048 0.771
vt 0.29284 0.76727
vt 0.27935 0.75692
vt 0.27487 0.76382
vt 0.31139 0.78424
vt 0.31406 0.77973
vt 0.32764 0.66998
vt 0.35275 0.67634
vt 0.3094 0.67283
vt 0.15081 0.99786
vt 0.28185 0.94267
vt 0.28896 0.93829
vt 0.38686 0.83578
vt 0.39067 0.83003
vt 0.44428 0.70521
vt 0 0.99925
vt 0.00723 1
vt 0.14274 0.99922
vt 0.21664 0.38962
vt 0.22187 0.39477
vt 0.21619 0.30896
vt 0.22135 0.30373
vt 0.30253 0.39432
vt 0.30768 0.38909
vt 0.30723 0.30844
vt 0.302 0.30329
vt 0.0922 0.24864
vt 0.09851 0.24864
vt 0.09851 0.1901
vt 0.0922 0.1901
vt 0.18413 0.24864
vt 0.19044 0.24864
vt 0.19044 0.1901
vt 0.18413 0.1901
vt 0.27622 0.24864
vt 0.28253 0.24864
vt 0.28253 0.1901
vt 0.27622 0.1901
vt 0 0.24864
vt 0.00631 0.24864
vt 0.00631 0.1901
vt 0 0.1901
vt 0.36733 0.24864
vt 0.36733 0.1901
vt 0.75943 0.81153
vt 0.76644 0.81646
vt 0.77563 0.80478
vt 0.76932 0.79902
vt 0.75117 0.82516
vt 0.75873 0.8292
vt 0.74463 0.83969
vt 0.75261 0.84278
vt 0.73988 0.8549
vt 0.74819 0.85701
vt 0.73701 0.87058
vt 0.74551 0.87166
vt 0.73605 0.88648
vt 0.74462 0.88654
vt 0.73702 0.90239
vt 0.74553 0.90141
vt 0.73989 0.91806
vt 0.74822 0.91606
vt 0.74464 0.93327
vt 0.75266 0.93028
vt 0.75118 0.9478
vt 0.75879 0.94386
vt 0.75945 0.96143
vt 0.76652 0.95659
vt 0.76934 0.97395
vt 0.77573 0.96824
vt 0.7808 0.98515
vt 0.7863 0.97857
vt 0.79403 0.99507
vt 0.79793 0.98706
vt 0.79776 0.78583
vt 0.79404 0.77795
vt 0.78076 0.78784
vt 0.78615 0.79435
vt 0.75418 0.80788
vt 0.74551 0.82218
vt 0.73864 0.83742
vt 0.73367 0.85337
vt 0.73066 0.8698
vt 0.72965 0.88648
vt 0.73066 0.90316
vt 0.73368 0.91959
vt 0.73865 0.93554
vt 0.74552 0.95078
vt 0.75419 0.96508
vt 0.76458 0.97821
vt 0.77656 0.98993
vt 0.78961 1
vt 0.7897 0.77314
vt 0.77661 0.78309
vt 0.76456 0.79475
vt 0.75575 0.0704
vt 0.74936 0.07108
vt 0.75092 0.08741
vt 0.75735 0.08686
vt 0.75376 0.05388
vt 0.74745 0.05471
vt 0.75134 0.03707
vt 0.74514 0.0381
vt 0.74878 0.01947
vt 0.74185 0.02064
vt 0.74283 0.2853
vt 0.74976 0.28646
vt 0.75179 0.26863
vt 0.74555 0.26787
vt 0.75387 0.25185
vt 0.74754 0.25113
vt 0.75568 0.23535
vt 0.74928 0.2347
vt 0.7572 0.21888
vt 0.75078 0.21835
vt 0.75842 0.20241
vt 0.75198 0.202
vt 0.75932 0.18591
vt 0.75287 0.18563
vt 0.75987 0.1694
vt 0.75342 0.16925
vt 0.76008 0.15288
vt 0.75362 0.15287
vt 0.75993 0.13636
vt 0.75348 0.13649
vt 0.75943 0.11984
vt 0.75298 0.12011
vt 0.75857 0.10334
vt 0.75213 0.10375
vt 0.77015 0.0688
vt 0.76815 0.05222
vt 0.76593 0.03602
vt 0.76451 0.02061
vt 0.76487 0.28461
vt 0.76599 0.26937
vt 0.76815 0.25317
vt 0.77007 0.23662
vt 0.77165 0.21995
vt 0.7729 0.20321
vt 0.77381 0.18643
vt 0.77437 0.16962
vt 0.77457 0.15279
vt 0.77442 0.13596
vt 0.77391 0.11913
vt 0.77303 0.10232
vt 0.77178 0.08553
vt 0.7349 0.05664
vt 0.73665 0.0726
vt 0.73289 0.04095
vt 0.72965 0.02654
vt 0.73289 0.26523
vt 0.72991 0.27985
vt 0.73483 0.24954
vt 0.73651 0.23353
vt 0.73798 0.21743
vt 0.73916 0.20133
vt 0.74003 0.18521
vt 0.74057 0.1691
vt 0.74077 0.15299
vt 0.74064 0.13688
vt 0.74015 0.12078
vt 0.73932 0.10469
vt 0.73814 0.08863
vt 0.58497 0.03153
vt 0.57604 0.01817
vt 0.56992 0.02429
vt 0.57696 0.03484
vt 0.56268 0.00924
vt 0.55937 0.01725
vt 0.54692 0.00611
vt 0.54692 0.01477
vt 0.53116 0.00924
vt 0.53448 0.01725
vt 0.5178 0.01817
vt 0.52393 0.02429
vt 0.50887 0.03153
vt 0.51688 0.03484
vt 0.50574 0.04729
vt 0.5144 0.04729
vt 0.50887 0.06305
vt 0.51688 0.05973
vt 0.5178 0.07641
vt 0.52393 0.07028
vt 0.53116 0.08534
vt 0.53448 0.07733
vt 0.54692 0.08847
vt 0.54692 0.07981
vt 0.56268 0.08534
vt 0.55937 0.07733
vt 0.57604 0.07641
vt 0.56992 0.07028
vt 0.58497 0.06305
vt 0.57696 0.05973
vt 0.5881 0.04729
vt 0.57944 0.04729
vt 0.22296 0.53793
vt 0.22462 0.52535
vt 0.20783 0.52534
vt 0.20674 0.53358
vt 0.22296 0.51277
vt 0.20675 0.51711
vt 0.21811 0.50105
vt 0.20357 0.50944
vt 0.13391 0.50103
vt 0.12906 0.51275
vt 0.14527 0.5171
vt 0.14845 0.50942
vt 0.1274 0.52533
vt 0.14419 0.52533
vt 0.12906 0.53791
vt 0.14527 0.53357
vt 0.13391 0.54963
vt 0.14845 0.54124
vt 0.14163 0.5597
vt 0.15351 0.54783
vt 0.1517 0.56743
vt 0.16009 0.55289
vt 0.16342 0.57228
vt 0.16777 0.55607
vt 0.176 0.57394
vt 0.176 0.55715
vt 0.18858 0.57229
vt 0.18424 0.55607
vt 0.2003 0.56744
vt 0.19191 0.55289
vt 0.21037 0.55971
vt 0.1985 0.54784
vt 0.2181 0.54965
vt 0.20356 0.54125
vt 0.61769 0.28224
vt 0.61776 0.27867
vt 0.58048 0.27867
vt 0.94971 0.75948
vt 0.96416 0.75948
vt 0.96416 0.72278
vt 0.94971 0.72278
vt 0.53412 0.3234
vt 0.53276 0.36066
vt 0.53633 0.36072
vt 0.96416 0.63684
vt 0.96416 0.60013
vt 0.94971 0.60013
vt 0.94971 0.63684
vt 0.57899 0.36149
vt 0.61692 0.3249
vt 0.61839 0.7246
vt 0.61842 0.72134
vt 0.59029 0.72214
vt 0.59032 0.72365
vt 0.56424 0.72226
vt 0.56428 0.7234
vt 0.54601 0.72193
vt 0.54606 0.72364
vt 0.73661 0.48594
vt 0.73681 0.48363
vt 0.73288 0.48405
vt 0.73312 0.48541
vt 0.71621 0.48314
vt 0.716 0.48574
vt 0.54434 0.72384
vt 0.54427 0.72172
vt 0.5357 0.71989
vt 0.53565 0.72566
vt 0.71421 0.4836
vt 0.71428 0.48537
vt 0.62066 0.78971
vt 0.59306 0.78951
vt 0.56315 0.78935
vt 0.59342 0.65631
vt 0.62102 0.65625
vt 0.5635 0.65632
vt 0.74166 0.54018
vt 0.74516 0.53949
vt 0.74579 0.43215
vt 0.74226 0.43143
vt 0.54375 0.6563
vt 0.54187 0.6563
vt 0.54151 0.78926
vt 0.54339 0.78927
vt 0.72563 0.42822
vt 0.72388 0.42788
vt 0.72315 0.54366
vt 0.7249 0.54332
vt 0.53285 0.78921
vt 0.53321 0.6563
vt 0.08163 0.39171
vt 0.08691 0.39213
vt 0.08938 0.38577
vt 0.08842 0.39099
vt 0.13255 0.45194
vt 0.13425 0.45064
vt 0.07363 0.45196
vt 0.14963 0.39377
vt 0.94971 0.67832
vt 0.94971 0.68129
vt 0.96416 0.68129
vt 0.96416 0.67832
vt 0.53834 0.27922
vt 0.53617 0.28131
vt 0.01291 0.36927
vt 0.01434 0.33272
vt 0.00157 0.32743
vt 0 0.36921
vt 0.05992 0.28871
vt 0.09667 0.28861
vt 0.09713 0.27569
vt 0.05502 0.27578
vt 0.01642 0.29149
vt 0.00456 0.27977
vt 0.01854 0.28947
vt 0.0071 0.27729
vt 0.44783 0.53111
vt 0.44783 0.57499
vt 0.45093 0.57499
vt 0.45093 0.53111
vt 0.44783 0.6782
vt 0.44783 0.72207
vt 0.45093 0.72207
vt 0.45093 0.6782
vt 0.44783 0.62463
vt 0.45093 0.62463
vt 0.44783 0.62846
vt 0.45093 0.62846
vt 0.53065 0.57499
vt 0.53065 0.53111
vt 0.53065 0.72207
vt 0.53065 0.6782
vt 0.53065 0.62463
vt 0.53065 0.62846
vt 0.01124 0.1901
vt 0.01363 0.1901
vt 0.01363 0.13212
vt 0.01124 0.13212
vt 0.01363 0.12848
vt 0.01124 0.12848
vt 0.04477 0.1901
vt 0.0472 0.1901
vt 0.0472 0.13212
vt 0.04477 0.13212
vt 0.0472 0.12848
vt 0.04477 0.12848
vt 0.07847 0.1901
vt 0.08086 0.1901
vt 0.08086 0.13212
vt 0.07847 0.13212
vt 0.08086 0.12848
vt 0.07847 0.12848
vt 0.01363 0.06078
vt 0.01124 0.06078
vt 0.0472 0.06078
vt 0.04477 0.06078
vt 0.08086 0.06078
vt 0.07847 0.06078
vt 0 0.12848
vt 0 0.13212
vt 0.0921 0.12848
vt 0.0921 0.13212
vt 0.0921 0.1901
vt 0.0921 0.06078
vt 0.65501 0.28002
vt 0.94971 0.44077
vt 0.94971 0.47748
vt 0.96416 0.47748
vt 0.96416 0.44077
vt 0.69617 0.3636
vt 0.69974 0.36366
vt 0.69972 0.32639
vt 0.96416 0.56342
vt 0.94971 0.56342
vt 0.65352 0.36283
vt 0.6174 0.8546
vt 0.58944 0.85528
vt 0.58939 0.85678
vt 0.61736 0.85783
vt 0.56357 0.85541
vt 0.56353 0.85656
vt 0.54549 0.85504
vt 0.54546 0.85677
vt 0.75848 0.37602
vt 0.75433 0.37564
vt 0.75407 0.37718
vt 0.75727 0.3791
vt 0.73812 0.37038
vt 0.73719 0.37241
vt 0.54378 0.85483
vt 0.53514 0.85292
vt 0.5352 0.85871
vt 0.54373 0.85696
vt 0.7358 0.37139
vt 0.73606 0.37044
vt 0.59176 0.92293
vt 0.61957 0.9215
vt 0.56283 0.92337
vt 0.77715 0.32497
vt 0.77378 0.32373
vt 0.54157 0.92209
vt 0.54342 0.92221
vt 0.75787 0.31786
vt 0.75622 0.31725
vt 0.53289 0.9218
vt 0.07642 0.39074
vt 0.07569 0.38396
vt 0.07526 0.38924
vt 0.01676 0.43658
vt 0.01546 0.43488
vt 0.01544 0.37596
vt 0.94971 0.52194
vt 0.96416 0.52194
vt 0.96416 0.51897
vt 0.94971 0.51897
vt 0.6971 0.28208
vt 0.6992 0.28425
vt 0.17748 0.37292
vt 0.1904 0.37299
vt 0.19011 0.33111
vt 0.17718 0.33611
vt 0.13344 0.29061
vt 0.13899 0.2779
vt 0.18907 0.28345
vt 0.17678 0.29474
vt 0.17476 0.29265
vt 0.18662 0.28087
vt 0.44783 0.90944
vt 0.45093 0.90944
vt 0.45093 0.86724
vt 0.44783 0.86724
vt 0.44783 0.76582
vt 0.45093 0.76582
vt 0.45093 0.81924
vt 0.44783 0.81924
vt 0.44783 0.81526
vt 0.45093 0.81526
vt 0.53065 0.90944
vt 0.53065 0.86724
vt 0.53065 0.76582
vt 0.53065 0.81924
vt 0.53065 0.81526
vt 0.17353 0.1901
vt 0.17353 0.13167
vt 0.17113 0.13167
vt 0.17113 0.1901
vt 0.17353 0.12804
vt 0.17113 0.12804
vt 0.13999 0.1901
vt 0.13999 0.13167
vt 0.13756 0.13167
vt 0.13756 0.1901
vt 0.13999 0.12804
vt 0.13756 0.12804
vt 0.10629 0.1901
vt 0.10629 0.13167
vt 0.10389 0.13167
vt 0.10389 0.1901
vt 0.10629 0.12804
vt 0.10389 0.12804
vt 0.17353 0.06079
vt 0.17113 0.06079
vt 0.13999 0.06079
vt 0.13756 0.06079
vt 0.10629 0.06079
vt 0.10389 0.06079
vt 0.18477 0.13167
vt 0.18477 0.12804
vt 0.09265 0.12804
vt 0.09265 0.13167
vt 0.18477 0.1901
vt 0.09265 0.1901
vt 0.09265 0.06079
vt 0.18477 0.06079
vt 0.61481 0.44208
vt 0.61475 0.44565
vt 0.65202 0.44565
vt 0.96416 0.40407
vt 0.94971 0.40407
vt 0.69838 0.40092
vt 0.96416 0.95555
vt 0.96416 0.91884
vt 0.94971 0.91884
vt 0.94971 0.95555
vt 0.61558 0.39942
vt 0.62086 0.48785
vt 0.62193 0.46318
vt 0.59304 0.44627
vt 0.59234 0.48779
vt 0.56382 0.44381
vt 0.56406 0.48774
vt 0.54373 0.45377
vt 0.54464 0.4877
vt 0.79595 0.69824
vt 0.79476 0.69663
vt 0.79176 0.69906
vt 0.79271 0.70081
vt 0.77659 0.70591
vt 0.77756 0.70774
vt 0.54281 0.4877
vt 0.54163 0.45525
vt 0.53276 0.46284
vt 0.53404 0.48768
vt 0.77514 0.70727
vt 0.77621 0.7088
vt 0.62055 0.52443
vt 0.59275 0.52288
vt 0.56381 0.52231
vt 0.59114 0.99772
vt 0.61968 0.98089
vt 0.56278 1
vt 0.79601 0.27392
vt 0.79313 0.27128
vt 0.77493 0.64664
vt 0.77156 0.6479
vt 0.54156 0.98868
vt 0.54339 0.99
vt 0.54254 0.52348
vt 0.54439 0.52337
vt 0.75571 0.6539
vt 0.75405 0.65453
vt 0.77723 0.26542
vt 0.77588 0.26397
vt 0.53386 0.52373
vt 0.53281 0.98108
vt 0.08345 0.37802
vt 0.07817 0.3776
vt 0.07665 0.37874
vt 0.03253 0.31779
vt 0.03083 0.31909
vt 0.09144 0.31777
vt 0.94971 0.99703
vt 0.94971 1
vt 0.96416 1
vt 0.96416 0.99703
vt 0.69416 0.4451
vt 0.69633 0.44301
vt 0.96416 0.36258
vt 0.94971 0.36258
vt 0.176 0.40962
vt 0.18873 0.41505
vt 0.12995 0.45316
vt 0.09335 0.45321
vt 0.09288 0.46612
vt 0.13471 0.46611
vt 0.17338 0.45093
vt 0.18504 0.46288
vt 0.17124 0.45292
vt 0.18244 0.4653
vt 0.44783 0.95151
vt 0.45093 0.95151
vt 0.44783 0.30151
vt 0.44783 0.34362
vt 0.45093 0.34362
vt 0.45093 0.30151
vt 0.44783 0.98484
vt 0.45093 1
vt 0.44783 0.26832
vt 0.45093 0.25309
vt 0.44783 0.26502
vt 0.45093 0.24976
vt 0.53065 0.95151
vt 0.53065 0.34362
vt 0.53065 0.30151
vt 0.53065 1
vt 0.53065 0.25309
vt 0.53065 0.24976
vt 0.19656 0.1901
vt 0.19896 0.1901
vt 0.19896 0.13163
vt 0.19656 0.13163
vt 0.19896 0.12798
vt 0.19656 0.12798
vt 0.23008 0.1901
vt 0.23252 0.1901
vt 0.23252 0.13163
vt 0.23008 0.13163
vt 0.23252 0.12798
vt 0.23008 0.12798
vt 0.2638 0.1901
vt 0.26619 0.1901
vt 0.26619 0.13163
vt 0.2638 0.13163
vt 0.26619 0.12798
vt 0.2638 0.12798
vt 0.19896 0.06083
vt 0.19656 0.06083
vt 0.23252 0.06083
vt 0.23008 0.06083
vt 0.26619 0.06083
vt 0.2638 0.06083
vt 0.18531 0.12798
vt 0.18531 0.13163
vt 0.27745 0.12798
vt 0.27745 0.13163
vt 0.18531 0.1901
vt 0.27745 0.1901
vt 0.27745 0.06083
vt 0.18531 0.06083
vt 0.5775 0.4443
vt 0.94971 0.79619
vt 0.96416 0.79619
vt 0.53278 0.39793
vt 0.96416 0.88213
vt 0.94971 0.88213
vt 0.61801 0.58812
vt 0.5901 0.58903
vt 0.59008 0.59053
vt 0.6181 0.59135
vt 0.56425 0.58912
vt 0.5642 0.59027
vt 0.54619 0.58883
vt 0.5461 0.59055
vt 0.756 0.59269
vt 0.75236 0.59431
vt 0.75315 0.59611
vt 0.75676 0.59585
vt 0.73624 0.59871
vt 0.73653 0.60064
vt 0.54448 0.58863
vt 0.53585 0.58679
vt 0.53583 0.59258
vt 0.54437 0.59076
vt 0.73482 0.60069
vt 0.73445 0.59969
vt 0.08865 0.37899
vt 0.08981 0.38049
vt 0.14831 0.33316
vt 0.14961 0.33485
vt 0.94971 0.84065
vt 0.96416 0.84065
vt 0.96416 0.83768
vt 0.94971 0.83768
vt 0.5354 0.44224
vt 0.53331 0.44007
vt 0.00033 0.41085
vt 0.01326 0.40588
vt 0.05677 0.45117
vt 0.05125 0.46387
vt 0.00142 0.45827
vt 0.01371 0.44699
vt 0.0157 0.44909
vt 0.00387 0.46085
vt 0.45093 0.48735
vt 0.44783 0.48735
vt 0.44783 0.38586
vt 0.45093 0.38586
vt 0.45093 0.43788
vt 0.44783 0.43788
vt 0.44783 0.4339
vt 0.45093 0.4339
vt 0.53065 0.48735
vt 0.53065 0.38586
vt 0.53065 0.43788
vt 0.53065 0.4339
vt 0.49397 0.19148
vt 0.49397 0.133
vt 0.49157 0.133
vt 0.49157 0.19148
vt 0.49397 0.12935
vt 0.49157 0.12935
vt 0.46045 0.19148
vt 0.46045 0.133
vt 0.45801 0.133
vt 0.45801 0.19148
vt 0.46045 0.12935
vt 0.45801 0.12935
vt 0.42673 0.19148
vt 0.42673 0.133
vt 0.42434 0.133
vt 0.42434 0.19148
vt 0.42673 0.12935
vt 0.42434 0.12935
vt 0.49397 0.0622
vt 0.49157 0.0622
vt 0.46045 0.0622
vt 0.45801 0.0622
vt 0.42673 0.0622
vt 0.42434 0.0622
vt 0.50522 0.133
vt 0.50522 0.12935
vt 0.41308 0.12935
vt 0.41308 0.133
vt 0.50522 0.19148
vt 0.41308 0.19148
vt 0.41308 0.0622
vt 0.50522 0.0622
vt 0.08226 0.76412
vt 0.02317 0.70927
vt 0.02316 0.7656
vt 0.02453 0.70784
vt 0.08079 0.70502
vt 0.02598 0.82185
vt 0.02741 0.82321
vt 0.08373 0.82322
vt 0.13999 0.82041
vt 0.14136 0.76265
vt 0.14135 0.81897
vt 0.13711 0.70503
vt 0.13855 0.70639
usemtl mat0
f 1/1/1 2/2/2 3/3/3
f 4/4/4 5/5/5 6/6/6
f 7/7/7 8/8/8 9/9/9
f 10/10/10 11/11/11 12/12/12
f 13/13/13 14/14/14 15/15/15
f 16/16/16 17/17/17 18/18/18
f 19/19/19 20/20/20 21/21/21
f 22/22/22 23/23/23 24/24/24
f 25/25/25 26/26/26 27/27/26
f 28/28/27 25/25/28 29/29/27
f 30/30/29 31/31/30 32/31/31
f 33/32/32 34/32/33 35/33/32
f 36/34/34 37/35/35 38/36/36
f 39/37/37 40/38/38 41/38/38
f 42/39/39 43/40/40 44/41/41
f 45/42/42 46/43/43 47/44/44
f 48/45/45 49/46/46 50/47/47
f 51/48/48 52/49/49 53/50/50
f 54/51/51 55/52/52 56/53/53
f 57/54/54 58/55/55 59/56/56
f 60/57/57 61/58/58 62/59/59
f 63/60/60 64/61/61 65/62/62
f 66/63/63 67/64/64 68/65/65
f 69/66/66 70/67/67 71/68/68
f 72/69/69 73/70/70 74/71/71
f 75/72/72 76/73/73 77/74/74
f 78/75/75 54/51/75 79/76/75
f 80/77/76 59/56/77 81/78/78
f 82/79/79 72/69/80 83/80/81
f 84/81/82 77/74/83 85/82/84
f 86/83/85 87/84/86 88/85/86
f 89/86/87 90/87/87 91/88/87
f 92/89/88 93/90/88 94/91/88
f 95/92/89 96/93/90 97/94/89
f 98/95/91 99/96/91 100/97/91
f 101/98/92 102/99/93 103/100/93
f 104/101/94 105/102/95 106/103/94
f 107/104/96 108/105/96 109/106/96
f 110/107/97 111/108/98 112/109/99
f 113/110/100 114/111/101 115/112/102
f 116/113/103 117/114/104 118/115/105
f 119/116/106 120/117/107 121/118/108
f 122/119/109 123/120/110 124/121/111
f 125/122/112 126/123/113 127/124/114
f 128/125/115 129/126/116 130/127/117
f 131/128/118 132/129/119 133/130/120
f 134/131/121 135/132/122 136/133/123
f 137/134/124 138/135/125 139/136/126
f 140/137/127 141/138/128 142/139/129
f 143/140/130 144/141/131 145/142/132
f 146/143/133 122/119/134 147/144/135
f 148/145/136 127/124/137 149/146/138
f 150/147/139 140/137/140 151/148/141
f 152/149/142 144/141/143 153/150/144
f 154/151/145 155/152/146 156/153/147
f 157/154/148 155/152/149 154/151/145
f 158/155/150 159/156/151 160/157/152
f 161/158/153 162/159/154 163/160/155
f 164/161/156 165/162/157 166/163/158
f 167/164/159 168/165/160 169/166/161
f 170/167/162 171/168/162 172/169/163
f 173/170/164 174/171/165 175/172/166
f 176/173/167 177/174/168 174/171/169
f 178/175/170 179/176/171 180/177/172
f 181/170/173 182/171/174 183/172/175
f 184/173/176 185/174/177 182/171/178
f 186/175/179 187/176/180 188/177/179
f 189/1/181 190/2/182 191/3/183
f 192/4/184 193/5/185 194/6/186
f 195/7/187 196/8/188 197/9/189
f 198/10/190 199/11/191 200/12/192
f 201/13/193 202/14/194 203/15/195
f 204/16/196 205/17/197 206/18/198
f 207/19/199 208/20/200 209/21/201
f 210/22/202 211/23/203 212/24/204
f 213/25/205 214/26/206 215/27/206
f 216/28/207 213/25/208 217/29/207
f 218/30/209 219/31/210 220/31/211
f 221/32/212 222/32/212 223/33/213
f 224/34/214 225/35/215 226/36/216
f 227/37/217 228/38/218 229/38/219
f 230/170/220 231/171/221 232/172/222
f 233/173/223 234/174/224 231/171/225
f 235/175/226 236/176/227 237/177/228
f 238/178/229 239/179/230 240/180/231
f 241/181/232 242/182/233 243/183/234
f 244/184/235 245/185/236 246/186/237
f 247/187/238 248/188/239 249/189/240
f 250/190/241 251/191/242 252/192/243
f 253/193/244 254/194/245 255/195/246
f 256/178/247 257/180/248 258/179/249
f 259/181/250 260/183/251 261/182/252
f 262/184/253 263/186/254 264/185/255
f 265/187/256 266/189/257 267/188/258
f 268/190/259 269/192/260 270/191/261
f 271/193/262 272/195/263 273/194/264
f 274/178/265 275/180/266 276/179/267
f 277/181/268 278/183/269 279/182/270
f 280/184/271 281/186/272 282/185/273
f 283/187/274 284/189/275 285/188/276
f 286/190/277 287/192/278 288/191/279
f 289/193/280 290/195/281 291/194/282
f 292/178/283 293/179/284 294/180/285
f 295/181/286 296/182/287 297/183/288
f 298/184/289 299/185/290 300/186/291
f 301/187/292 302/188/293 303/189/294
f 304/190/295 305/191/296 306/192/297
f 307/193/298 308/194/299 309/195/300
f 310/196/301 311/197/302 312/198/303
f 313/199/304 314/200/305 315/201/306
f 316/202/307 317/203/308 318/204/309
f 319/205/310 320/206/311 321/207/312
f 322/208/313 323/209/314 324/210/315
f 325/211/316 326/212/317 327/213/318
f 328/196/319 329/198/320 330/197/321
f 331/199/322 332/201/323 333/200/324
f 334/202/325 335/204/326 336/203/327
f 337/205/328 338/207/329 339/206/330
f 340/208/331 341/210/332 342/209/333
f 343/211/334 344/213/335 345/212/336
f 346/196/337 347/198/338 348/197/339
f 349/199/340 350/201/341 351/200/342
f 352/202/343 353/204/344 354/203/345
f 355/205/346 356/207/347 357/206/348
f 358/208/349 359/210/350 360/209/351
f 361/211/352 362/213/353 363/212/354
f 364/196/355 365/197/356 366/198/357
f 367/199/358 368/200/359 369/201/360
f 370/202/361 371/203/362 372/204/363
f 373/205/364 374/206/365 375/207/366
f 376/208/367 377/209/368 378/210/369
f 379/211/370 380/212/371 381/213/372
f 382/107/373 383/108/374 384/109/375
f 385/110/376 386/111/377 387/112/378
f 388/113/379 389/114/380 390/115/381
f 391/116/382 392/117/383 393/118/384
f 394/119/385 395/120/386 396/121/387
f 397/122/388 398/123/389 399/124/390
f 400/125/391 401/126/392 402/127/393
f 403/128/394 404/129/395 405/130/396
f 406/131/397 407/132/398 408/133/399
f 409/134/400 410/135/401 411/136/402
f 412/137/403 413/138/404 414/139/405
f 415/140/406 416/141/407 417/142/408
f 418/143/409 394/119/410 419/144/411
f 420/145/412 399/124/413 421/146/413
f 422/147/414 412/137/415 423/148/416
f 424/149/417 416/141/418 425/150/417
f 426/151/419 427/152/420 428/153/421
f 429/154/422 427/152/423 426/151/419
f 430/155/424 431/156/425 432/157/426
f 433/158/427 434/159/428 435/160/429
f 436/161/430 437/162/431 438/163/432
f 439/164/433 440/165/434 441/166/435
f 442/167/436 443/168/437 444/169/436
f 445/1/438 446/2/439 447/3/440
f 448/4/441 449/5/442 450/6/443
f 451/7/444 452/8/445 453/9/446
f 454/10/447 455/11/448 456/12/449
f 457/13/450 458/14/451 459/15/452
f 460/16/453 461/17/454 462/18/455
f 463/19/456 464/20/457 465/21/458
f 466/22/459 467/23/460 468/24/461
f 469/25/462 470/26/463 471/27/463
f 472/28/464 469/25/465 473/29/464
f 474/30/466 475/31/467 476/31/468
f 477/32/469 478/32/469 479/33/470
f 480/34/471 481/35/472 482/36/473
f 483/37/474 484/38/475 485/38/476
f 486/170/477 487/171/478 488/172/479
f 489/173/480 490/174/481 487/171/482
f 491/175/483 492/176/484 493/177/483
f 494/214/485 495/215/486 496/216/487
f 497/217/488 494/214/489 496/216/490
f 498/218/491 497/217/492 496/216/493
f 495/215/494 499/219/494 496/216/495
f 499/219/496 500/220/497 496/216/498
f 500/220/499 501/221/500 496/216/500
f 501/221/501 502/222/502 496/216/502
f 502/222/503 498/218/504 496/216/505
f 503/223/506 504/224/507 505/225/508
f 504/224/507 506/226/509 505/225/508
f 506/226/509 507/227/510 505/225/508
f 507/227/510 508/228/511 505/225/508
f 508/228/511 509/229/512 505/225/508
f 509/229/512 510/230/513 505/225/508
f 510/230/513 511/231/514 505/225/508
f 511/231/514 512/232/515 505/225/508
f 512/232/515 513/233/516 505/225/508
f 513/233/516 514/234/517 505/225/508
f 514/234/517 515/235/518 505/225/508
f 515/235/518 516/236/519 505/225/508
f 516/236/519 517/237/520 505/225/508
f 517/237/520 518/238/521 505/225/508
f 518/238/521 519/239/522 505/225/508
f 519/239/522 503/223/506 505/225/508
f 520/240/523 521/241/523 522/242/524
f 523/243/525 524/244/526 525/245/527
f 526/246/528 527/247/529 525/245/527
f 527/247/529 523/243/525 525/245/527
f 520/240/530 522/242/530 528/248/530
f 520/240/531 529/249/532 521/241/533
f 530/250/534 531/251/535 532/252/534
f 533/253/536 525/245/527 534/254/537
f 526/246/528 525/245/527 535/255/538
f 535/255/538 525/245/527 533/253/536
f 530/250/530 536/256/530 531/251/530
f 530/250/539 532/252/540 537/257/541
f 538/258/542 539/259/542 540/260/543
f 541/261/544 534/254/545 525/245/546
f 542/262/547 543/263/548 525/245/546
f 543/263/548 541/261/544 525/245/546
f 538/258/530 540/260/530 544/264/530
f 538/258/549 545/265/550 539/259/551
f 546/266/552 547/267/553 548/268/552
f 549/269/554 525/245/546 524/244/555
f 542/262/547 525/245/546 550/270/556
f 550/270/556 525/245/546 549/269/554
f 546/266/530 551/271/530 547/267/530
f 546/266/557 548/268/558 552/272/559
f 553/39/560 554/40/561 555/41/562
f 556/42/563 557/43/564 558/44/565
f 559/45/566 560/46/567 561/47/568
f 562/48/569 563/49/570 564/50/571
f 565/51/572 566/52/573 567/53/574
f 568/54/575 569/55/576 570/56/577
f 571/57/578 572/58/579 573/59/580
f 574/60/581 575/61/582 576/62/583
f 577/63/584 578/64/585 579/65/586
f 580/66/587 581/67/588 582/68/589
f 583/69/590 584/70/591 585/71/592
f 586/72/593 587/73/594 588/74/595
f 589/75/596 565/51/596 590/76/596
f 591/77/597 570/56/598 592/78/599
f 593/79/600 583/69/601 594/80/602
f 595/81/603 588/74/604 596/82/605
f 597/83/94 598/84/95 599/85/95
f 600/86/91 601/87/91 602/88/91
f 603/89/96 604/90/96 605/91/96
f 606/92/93 607/93/606 608/94/93
f 609/95/87 610/96/87 611/97/87
f 612/98/607 613/99/89 614/100/89
f 615/101/85 616/102/86 617/103/85
f 618/104/88 619/105/88 620/106/88
f 621/273/608 622/274/608 623/275/609
f 621/273/608 623/275/609 624/276/609
f 625/277/610 626/278/610 627/279/611
f 625/277/610 627/279/611 628/280/611
f 629/281/612 630/282/612 631/283/613
f 629/281/612 631/283/613 632/284/613
f 633/285/614 634/286/615 2/2/2
f 633/285/614 2/2/2 1/1/1
f 634/286/616 633/285/617 635/287/616
f 634/286/616 635/287/616 636/288/618
f 1/1/619 3/3/620 13/13/621
f 1/1/619 13/13/621 15/15/622
f 3/3/3 2/2/2 6/6/6
f 3/3/3 6/6/6 5/5/5
f 4/4/4 6/6/6 637/289/623
f 4/4/4 637/289/623 638/290/623
f 5/5/624 4/4/625 20/20/626
f 5/5/624 20/20/626 19/19/627
f 639/291/628 640/292/629 641/293/630
f 639/291/628 641/293/630 642/294/631
f 640/292/632 639/291/633 9/9/9
f 640/292/632 9/9/9 8/8/8
f 7/7/634 9/9/635 16/16/636
f 7/7/634 16/16/636 18/18/637
f 8/8/8 7/7/7 10/10/10
f 8/8/8 10/10/10 12/12/12
f 11/11/638 10/10/639 23/23/640
f 11/11/638 23/23/640 22/22/641
f 12/12/12 11/11/11 643/295/642
f 12/12/12 643/295/642 644/296/643
f 644/296/644 643/295/645 645/297/646
f 644/296/644 645/297/646 646/298/647
f 638/290/648 637/289/649 647/299/650
f 638/290/648 647/299/650 648/300/651
f 636/288/652 635/287/653 15/15/15
f 636/288/652 15/15/15 14/14/14
f 14/14/14 13/13/13 19/19/19
f 14/14/14 19/19/19 21/21/21
f 642/294/654 641/293/655 17/17/17
f 642/294/654 17/17/17 16/16/16
f 18/18/18 17/17/17 24/24/24
f 18/18/18 24/24/24 23/23/23
f 21/21/21 20/20/20 648/300/656
f 21/21/21 648/300/656 647/299/657
f 22/22/22 24/24/24 646/298/658
f 22/22/22 646/298/658 645/297/659
f 22/22/641 645/297/660 643/295/661
f 22/22/641 643/295/661 11/11/638
f 642/294/662 16/16/636 9/9/635
f 642/294/662 9/9/635 639/291/663
f 18/18/637 23/23/640 10/10/639
f 18/18/637 10/10/639 7/7/634
f 1/1/619 15/15/622 635/287/664
f 1/1/619 635/287/664 633/285/665
f 3/3/620 5/5/624 19/19/627
f 3/3/620 19/19/627 13/13/621
f 638/290/666 648/300/667 20/20/626
f 638/290/666 20/20/626 4/4/625
f 649/301/668 650/302/669 651/303/670
f 649/301/668 651/303/670 652/304/671
f 653/305/672 654/306/672 655/307/672
f 653/305/672 655/307/672 656/308/672
f 657/309/673 658/310/674 659/311/675
f 657/309/673 659/311/675 660/312/676
f 661/313/672 662/314/672 663/315/672
f 661/313/672 663/315/672 664/316/672
f 665/317/677 666/318/678 649/301/668
f 665/317/677 649/301/668 652/304/671
f 667/319/679 668/320/680 657/309/673
f 667/319/679 657/309/673 660/312/676
f 669/321/672 670/322/672 663/315/672
f 669/321/672 663/315/672 662/314/672
f 671/323/672 672/324/672 655/307/672
f 671/323/672 655/307/672 654/306/672
f 673/325/681 674/326/681 675/327/682
f 673/325/681 675/327/682 676/328/682
f 25/25/683 28/28/684 677/329/685
f 25/25/683 677/329/685 26/26/686
f 29/29/687 25/25/688 27/27/689
f 29/29/687 27/27/689 678/330/689
f 674/326/690 679/331/691 680/332/692
f 674/326/690 680/332/692 675/327/693
f 681/333/694 682/334/695 673/325/696
f 681/333/694 673/325/696 676/328/697
f 30/30/698 32/31/698 36/34/698
f 30/30/698 36/34/698 38/36/698
f 31/31/699 30/30/699 683/335/700
f 31/31/699 683/335/700 684/336/701
f 32/31/702 31/31/703 34/32/704
f 32/31/702 34/32/704 33/32/705
f 33/32/706 35/33/707 39/37/706
f 33/32/706 39/37/706 41/38/707
f 35/33/708 34/32/709 685/337/710
f 35/33/708 685/337/710 686/338/710
f 37/35/711 36/34/712 41/38/713
f 37/35/711 41/38/713 40/38/712
f 38/36/714 37/35/715 687/339/716
f 38/36/714 687/339/716 688/340/714
f 40/38/717 39/37/718 689/341/719
f 40/38/717 689/341/719 690/342/718
f 31/31/720 684/336/720 685/337/721
f 31/31/720 685/337/721 34/32/722
f 687/339/672 37/35/672 40/38/672
f 687/339/672 40/38/672 690/342/672
f 33/32/723 41/38/724 36/34/725
f 33/32/723 36/34/725 32/31/726
f 691/343/727 692/344/728 693/345/729
f 691/343/727 693/345/729 694/346/730
f 623/275/609 630/282/612 629/281/612
f 623/275/609 629/281/612 624/276/609
f 627/279/611 622/274/608 621/273/608
f 627/279/611 621/273/608 628/280/611
f 695/347/731 696/348/731 697/349/732
f 695/347/731 697/349/732 698/350/731
f 699/351/733 700/352/733 696/348/734
f 699/351/733 696/348/734 695/347/733
f 700/352/735 701/353/735 697/349/736
f 700/352/735 697/349/736 696/348/737
f 701/353/738 702/354/738 698/350/739
f 701/353/738 698/350/739 697/349/739
f 702/354/740 699/351/741 695/347/741
f 702/354/740 695/347/741 698/350/742
f 703/355/743 704/356/744 705/357/745
f 703/355/743 705/357/745 706/358/746
f 704/356/747 707/359/748 708/360/748
f 704/356/747 708/360/748 705/357/748
f 707/359/749 709/361/750 710/362/751
f 707/359/749 710/362/751 708/360/752
f 709/361/753 703/355/754 706/358/755
f 709/361/753 706/358/755 710/362/755
f 48/45/756 52/49/757 51/48/758
f 48/45/756 51/48/758 49/46/759
f 46/43/43 48/45/45 50/47/47
f 46/43/43 50/47/47 47/44/44
f 42/39/760 46/43/761 45/42/762
f 42/39/760 45/42/762 43/40/763
f 52/49/49 42/39/39 44/41/41
f 52/49/49 44/41/41 53/50/50
f 711/363/764 712/364/765 713/365/766
f 711/363/764 713/365/766 714/366/767
f 53/50/50 715/367/768 716/368/769
f 53/50/50 716/368/769 51/48/48
f 717/369/770 44/41/41 43/40/40
f 717/369/770 43/40/40 718/370/771
f 719/371/772 720/372/773 78/75/773
f 719/371/772 78/75/773 79/76/774
f 721/373/775 45/42/42 47/44/44
f 721/373/775 47/44/44 722/374/776
f 723/375/777 724/376/778 725/377/779
f 723/375/777 725/377/779 726/378/780
f 727/379/778 50/47/47 49/46/46
f 727/379/778 49/46/46 728/380/781
f 729/381/782 730/382/783 80/77/784
f 729/381/782 80/77/784 81/78/785
f 54/51/786 78/75/786 726/378/787
f 54/51/786 726/378/787 55/52/788
f 79/76/789 54/51/790 56/53/791
f 79/76/789 56/53/791 713/365/792
f 57/54/54 56/53/53 55/52/52
f 57/54/54 55/52/52 58/55/55
f 714/366/793 57/54/794 59/56/795
f 714/366/793 59/56/795 80/77/796
f 58/55/797 725/377/798 81/78/799
f 58/55/797 81/78/799 59/56/800
f 66/63/801 70/67/802 69/66/803
f 66/63/801 69/66/803 67/64/804
f 64/61/61 66/63/63 68/65/65
f 64/61/61 68/65/65 65/62/62
f 60/57/805 64/61/806 63/60/807
f 60/57/805 63/60/807 61/58/808
f 70/67/67 60/57/57 62/59/59
f 70/67/67 62/59/59 71/68/68
f 731/383/809 732/384/809 733/385/810
f 731/383/809 733/385/810 734/386/811
f 71/68/68 735/387/812 736/388/813
f 71/68/68 736/388/813 69/66/66
f 737/389/814 62/59/59 61/58/58
f 737/389/814 61/58/58 738/390/815
f 739/391/816 740/392/817 82/79/818
f 739/391/816 82/79/818 83/80/817
f 741/393/819 63/60/60 65/62/62
f 741/393/819 65/62/62 742/394/820
f 743/395/821 744/396/822 745/397/823
f 743/395/821 745/397/823 746/398/824
f 747/399/822 68/65/65 67/64/64
f 747/399/822 67/64/64 748/400/825
f 749/401/826 750/402/827 84/81/828
f 749/401/826 84/81/828 85/82/829
f 72/69/830 82/79/831 746/398/832
f 72/69/830 746/398/832 73/70/833
f 83/80/834 72/69/835 74/71/836
f 83/80/834 74/71/836 733/385/837
f 75/72/72 74/71/71 73/70/70
f 75/72/72 73/70/70 76/73/73
f 734/386/838 75/72/839 77/74/840
f 734/386/838 77/74/840 84/81/841
f 76/73/842 745/397/843 85/82/844
f 76/73/842 85/82/844 77/74/845
f 713/365/846 712/364/770 719/371/771
f 713/365/846 719/371/771 79/76/847
f 78/75/848 720/372/775 723/375/776
f 78/75/848 723/375/776 726/378/849
f 725/377/779 724/376/778 729/381/781
f 725/377/779 729/381/781 81/78/850
f 80/77/851 730/382/769 711/363/768
f 80/77/851 711/363/768 714/366/852
f 733/385/853 732/384/814 739/391/815
f 733/385/853 739/391/815 83/80/854
f 82/79/855 740/392/819 743/395/820
f 82/79/855 743/395/820 746/398/855
f 745/397/823 744/396/822 749/401/825
f 745/397/823 749/401/825 85/82/856
f 84/81/857 750/402/813 731/383/812
f 84/81/857 731/383/812 734/386/858
f 48/45/859 46/43/761 42/39/760
f 48/45/859 42/39/760 52/49/860
f 715/367/768 53/50/50 44/41/861
f 715/367/768 44/41/861 717/369/862
f 718/370/863 43/40/763 45/42/762
f 718/370/863 45/42/762 721/373/864
f 722/374/776 47/44/44 50/47/47
f 722/374/776 50/47/47 727/379/778
f 728/380/865 49/46/759 51/48/758
f 728/380/865 51/48/758 716/368/866
f 713/365/792 56/53/791 57/54/794
f 713/365/792 57/54/794 714/366/793
f 725/377/798 58/55/797 55/52/788
f 725/377/798 55/52/788 726/378/787
f 66/63/867 64/61/806 60/57/805
f 66/63/867 60/57/805 70/67/868
f 735/387/812 71/68/68 62/59/869
f 735/387/812 62/59/869 737/389/870
f 738/390/871 61/58/808 63/60/807
f 738/390/871 63/60/807 741/393/872
f 742/394/820 65/62/62 68/65/65
f 742/394/820 68/65/65 747/399/822
f 748/400/873 67/64/804 69/66/803
f 748/400/873 69/66/803 736/388/873
f 733/385/837 74/71/836 75/72/839
f 733/385/837 75/72/839 734/386/838
f 745/397/843 76/73/842 73/70/833
f 745/397/843 73/70/833 746/398/832
f 86/83/874 88/85/874 94/91/875
f 86/83/874 94/91/875 93/90/875
f 751/403/876 752/404/876 104/101/876
f 751/403/876 104/101/876 106/103/876
f 88/85/877 87/84/877 89/86/878
f 88/85/877 89/86/878 91/88/878
f 753/405/879 754/406/879 107/104/879
f 753/405/879 107/104/879 109/106/879
f 91/88/880 90/87/881 95/92/882
f 91/88/880 95/92/882 97/94/881
f 92/89/883 94/91/884 97/94/884
f 92/89/883 97/94/884 96/93/883
f 755/407/885 756/408/885 99/96/885
f 755/407/885 99/96/885 98/95/885
f 757/409/886 758/410/886 103/100/886
f 757/409/886 103/100/886 102/99/886
f 98/95/887 100/97/888 759/411/888
f 98/95/887 759/411/888 760/412/888
f 100/97/889 99/96/890 102/99/891
f 100/97/889 102/99/891 101/98/892
f 101/98/893 103/100/893 109/106/894
f 101/98/893 109/106/894 108/105/895
f 106/103/896 105/102/897 108/105/897
f 106/103/896 108/105/897 107/104/897
f 756/408/898 757/409/898 102/99/898
f 756/408/898 102/99/898 99/96/898
f 106/103/899 107/104/899 754/406/899
f 106/103/899 754/406/899 751/403/899
f 753/405/900 109/106/900 103/100/900
f 753/405/900 103/100/900 758/410/900
f 760/412/901 761/413/901 755/407/901
f 760/412/901 755/407/901 98/95/901
f 88/85/672 91/88/902 704/356/903
f 88/85/672 704/356/903 703/355/672
f 91/88/902 97/94/672 707/359/672
f 91/88/902 707/359/672 704/356/903
f 97/94/672 94/91/904 709/361/905
f 97/94/672 709/361/905 707/359/672
f 94/91/904 88/85/672 703/355/672
f 94/91/904 703/355/672 709/361/905
f 116/113/906 120/117/907 119/116/908
f 116/113/906 119/116/908 117/114/909
f 114/111/101 116/113/103 118/115/105
f 114/111/101 118/115/105 115/112/102
f 110/107/910 114/111/911 113/110/912
f 110/107/910 113/110/912 111/108/913
f 120/117/107 110/107/97 112/109/99
f 120/117/107 112/109/99 121/118/108
f 762/414/914 763/415/915 764/416/916
f 762/414/914 764/416/916 765/417/917
f 121/118/108 766/418/918 767/419/919
f 121/118/108 767/419/919 119/116/106
f 768/420/920 112/109/99 111/108/98
f 768/420/920 111/108/98 769/421/921
f 770/422/922 771/423/923 146/143/924
f 770/422/922 146/143/924 147/144/925
f 772/424/926 113/110/100 115/112/102
f 772/424/926 115/112/102 773/425/927
f 774/426/928 775/427/929 776/428/930
f 774/426/928 776/428/930 777/429/931
f 778/430/929 118/115/105 117/114/104
f 778/430/929 117/114/104 779/431/932
f 780/432/933 781/433/934 148/145/935
f 780/432/933 148/145/935 149/146/935
f 122/119/936 146/143/937 777/429/938
f 122/119/936 777/429/938 123/120/939
f 147/144/940 122/119/941 124/121/942
f 147/144/940 124/121/942 764/416/943
f 125/122/112 124/121/111 123/120/110
f 125/122/112 123/120/110 126/123/113
f 765/417/944 125/122/945 127/124/946
f 765/417/944 127/124/946 148/145/947
f 126/123/948 776/428/949 149/146/950
f 126/123/948 149/146/950 127/124/951
f 782/434/952 783/435/953 784/436/954
f 782/434/952 784/436/954 785/437/955
f 142/139/956 782/434/957 151/148/958
f 142/139/956 151/148/958 140/137/959
f 145/142/132 142/139/129 141/138/128
f 145/142/132 141/138/128 143/140/130
f 783/435/960 145/142/961 144/141/962
f 783/435/960 144/141/962 152/149/963
f 786/438/964 787/439/965 788/440/966
f 786/438/964 788/440/966 789/441/967
f 143/140/968 786/438/969 153/150/970
f 143/140/968 153/150/970 144/141/971
f 787/439/972 141/138/973 140/137/974
f 787/439/972 140/137/974 150/147/975
f 150/147/976 151/148/977 790/442/978
f 150/147/976 790/442/978 791/443/979
f 152/149/980 153/150/981 792/444/982
f 152/149/980 792/444/982 793/445/983
f 794/446/984 138/135/125 137/134/124
f 794/446/984 137/134/124 795/447/985
f 129/126/116 796/448/986 797/449/987
f 129/126/116 797/449/987 130/127/117
f 138/135/125 129/126/116 128/125/115
f 138/135/125 128/125/115 139/136/126
f 139/136/988 134/131/989 136/133/990
f 139/136/988 136/133/990 137/134/991
f 133/130/992 128/125/993 130/127/994
f 133/130/992 130/127/994 131/128/995
f 134/131/121 133/130/120 132/129/119
f 134/131/121 132/129/119 135/132/122
f 131/128/118 798/450/996 799/451/997
f 131/128/118 799/451/997 132/129/119
f 135/132/122 800/452/998 801/453/999
f 135/132/122 801/453/999 136/133/123
f 764/416/1000 763/415/920 770/422/921
f 764/416/1000 770/422/921 147/144/1001
f 146/143/1002 771/423/926 774/426/927
f 146/143/1002 774/426/927 777/429/1003
f 776/428/930 775/427/929 780/432/932
f 776/428/930 780/432/932 149/146/1004
f 148/145/1005 781/433/1006 762/414/914
f 148/145/1005 762/414/914 765/417/917
f 787/439/1007 150/147/1008 791/443/987
f 787/439/1007 791/443/987 788/440/986
f 151/148/1009 782/434/1010 785/437/997
f 151/148/1009 785/437/997 790/442/996
f 783/435/953 152/149/1011 793/445/1012
f 783/435/953 793/445/1012 784/436/954
f 153/150/1013 786/438/964 789/441/967
f 153/150/1013 789/441/967 792/444/1014
f 116/113/1015 114/111/911 110/107/910
f 116/113/1015 110/107/910 120/117/1016
f 766/418/918 121/118/108 112/109/99
f 766/418/918 112/109/99 768/420/920
f 769/421/1017 111/108/913 113/110/912
f 769/421/1017 113/110/912 772/424/1018
f 773/425/927 115/112/102 118/115/105
f 773/425/927 118/115/105 778/430/929
f 779/431/1019 117/114/909 119/116/908
f 779/431/1019 119/116/908 767/419/1020
f 764/416/943 124/121/942 125/122/945
f 764/416/943 125/122/945 765/417/944
f 776/428/949 126/123/948 123/120/939
f 776/428/949 123/120/939 777/429/938
f 782/434/957 142/139/956 145/142/961
f 782/434/957 145/142/961 783/435/960
f 786/438/969 143/140/968 141/138/973
f 786/438/969 141/138/973 787/439/972
f 794/446/984 796/448/986 129/126/116
f 794/446/984 129/126/116 138/135/125
f 139/136/1021 128/125/993 133/130/992
f 139/136/1021 133/130/992 134/131/1022
f 131/128/995 130/127/994 797/449/1023
f 131/128/995 797/449/1023 798/450/1024
f 135/132/122 132/129/1025 799/451/1026
f 135/132/122 799/451/1026 800/452/998
f 137/134/991 136/133/990 801/453/1027
f 137/134/991 801/453/1027 795/447/1028
f 156/153/147 155/152/146 802/454/1029
f 156/153/147 802/454/1029 803/455/1030
f 804/456/1031 803/455/1030 802/454/1029
f 804/456/1031 802/454/1029 805/457/1032
f 806/458/1033 802/454/1029 155/152/149
f 806/458/1033 155/152/149 157/154/148
f 805/457/1032 802/454/1029 806/458/1033
f 805/457/1032 806/458/1033 807/459/1034
f 808/460/1035 809/461/1036 166/163/1037
f 808/460/1035 166/163/1037 165/162/1038
f 809/461/1036 808/460/1035 158/155/150
f 809/461/1036 158/155/150 160/157/152
f 159/156/1039 158/155/1040 810/462/1041
f 159/156/1039 810/462/1041 811/463/1042
f 160/157/152 159/156/151 161/158/1043
f 160/157/152 161/158/1043 163/160/1044
f 162/159/1045 161/158/1045 812/464/1046
f 162/159/1045 812/464/1046 813/465/1047
f 814/466/1048 815/467/1049 167/164/159
f 814/466/1048 167/164/159 169/166/161
f 164/161/1050 166/163/1051 816/468/1052
f 164/161/1050 816/468/1052 817/469/1053
f 165/162/1054 164/161/1055 818/470/1056
f 165/162/1054 818/470/1056 819/471/1057
f 817/469/1053 816/468/1052 172/169/1058
f 817/469/1053 172/169/1058 171/168/1059
f 168/165/1060 167/164/1061 820/472/1062
f 168/165/1060 820/472/1062 821/473/1063
f 169/166/161 168/165/160 822/474/1064
f 169/166/161 822/474/1064 823/475/1065
f 823/475/1065 822/474/1064 170/167/1066
f 823/475/1065 170/167/1066 172/169/1067
f 171/168/1068 170/167/1069 824/476/1070
f 171/168/1068 824/476/1070 825/477/1070
f 826/478/1071 827/479/1072 828/480/1073
f 826/478/1071 828/480/1073 829/481/1074
f 827/479/1072 826/478/1071 830/482/1075
f 827/479/1072 830/482/1075 831/483/1076
f 829/481/1074 828/480/1073 832/484/1077
f 829/481/1074 832/484/1077 833/485/1078
f 833/485/1078 832/484/1077 834/486/1079
f 833/485/1078 834/486/1079 835/487/1080
f 835/487/1080 834/486/1079 836/488/1081
f 835/487/1080 836/488/1081 837/489/1082
f 838/490/1083 839/491/1084 840/492/1085
f 838/490/1083 840/492/1085 841/493/1086
f 839/491/1084 838/490/1083 837/489/1082
f 839/491/1084 837/489/1082 836/488/1081
f 841/493/1086 840/492/1085 831/483/1076
f 841/493/1086 831/483/1076 830/482/1075
f 808/460/1087 842/494/1088 810/462/1041
f 808/460/1087 810/462/1041 158/155/1040
f 165/162/1089 819/471/1089 842/494/1088
f 165/162/1089 842/494/1088 808/460/1087
f 817/469/530 843/495/530 818/470/530
f 817/469/530 818/470/530 164/161/530
f 168/165/1060 821/473/1063 844/496/1090
f 168/165/1060 844/496/1090 822/474/1091
f 822/474/1091 844/496/1090 824/476/1092
f 822/474/1091 824/476/1092 170/167/1093
f 171/168/530 825/477/530 843/495/530
f 171/168/530 843/495/530 817/469/530
f 159/156/1039 811/463/1042 812/464/1094
f 159/156/1039 812/464/1094 161/158/1095
f 815/467/1096 845/497/1097 820/472/1062
f 815/467/1096 820/472/1062 167/164/1061
f 846/498/1098 847/499/1099 826/478/1071
f 846/498/1098 826/478/1071 829/481/1074
f 848/500/1100 846/498/1098 829/481/1074
f 848/500/1100 829/481/1074 833/485/1078
f 849/501/1101 848/500/1100 833/485/1078
f 849/501/1101 833/485/1078 835/487/1080
f 850/502/1102 851/503/1103 838/490/1083
f 850/502/1102 838/490/1083 841/493/1086
f 851/503/1103 852/504/1104 837/489/1082
f 851/503/1103 837/489/1082 838/490/1083
f 852/504/1104 849/501/1101 835/487/1080
f 852/504/1104 835/487/1080 837/489/1082
f 847/499/1099 853/505/1105 830/482/1075
f 847/499/1099 830/482/1075 826/478/1071
f 853/505/1105 850/502/1102 841/493/1086
f 853/505/1105 841/493/1086 830/482/1075
f 828/480/1073 827/479/1072 156/153/1106
f 828/480/1073 156/153/1106 803/455/1107
f 832/484/1077 828/480/1073 803/455/1107
f 832/484/1077 803/455/1107 804/456/1108
f 834/486/1079 832/484/1077 804/456/1031
f 834/486/1079 804/456/1031 805/457/1032
f 840/492/1085 839/491/1084 806/458/1109
f 840/492/1085 806/458/1109 157/154/1110
f 839/491/1084 836/488/1081 807/459/1111
f 839/491/1084 807/459/1111 806/458/1109
f 836/488/1081 834/486/1079 805/457/1032
f 836/488/1081 805/457/1032 807/459/1034
f 827/479/1072 831/483/1076 154/151/1112
f 827/479/1072 154/151/1112 156/153/1106
f 831/483/1076 840/492/1085 157/154/1110
f 831/483/1076 157/154/1110 154/151/1113
f 854/506/1114 855/507/1115 856/508/1116
f 854/506/1114 856/508/1116 857/509/1117
f 856/508/1116 855/507/1115 858/510/1118
f 856/508/1116 858/510/1118 859/511/1119
f 173/170/164 175/172/166 860/512/1120
f 173/170/164 860/512/1120 861/513/1121
f 862/514/1122 863/515/1123 864/516/1124
f 862/514/1122 864/516/1124 865/517/1125
f 864/516/1124 866/518/1126 867/519/1127
f 864/516/1124 867/519/1127 865/517/1125
f 176/173/167 868/520/1128 869/521/1129
f 176/173/167 869/521/1129 177/174/168
f 870/522/1130 180/177/1130 179/176/1130
f 870/522/1130 179/176/1130 871/523/1130
f 174/171/1131 173/170/1131 872/524/1131
f 174/171/1131 872/524/1131 873/525/1131
f 176/173/1132 174/171/1132 873/525/1132
f 176/173/1132 873/525/1132 874/526/1132
f 875/506/1133 876/507/1134 877/508/1135
f 875/506/1133 877/508/1135 878/509/1136
f 877/508/1135 876/507/1134 879/510/1137
f 877/508/1135 879/510/1137 880/511/1138
f 181/170/173 183/172/175 881/512/1139
f 181/170/173 881/512/1139 882/513/1140
f 883/514/1141 884/515/1141 885/516/1142
f 883/514/1141 885/516/1142 886/517/1143
f 885/516/1142 887/518/1144 888/519/1145
f 885/516/1142 888/519/1145 886/517/1143
f 184/173/176 889/520/1146 890/521/1147
f 184/173/176 890/521/1147 185/174/177
f 891/522/1148 188/177/1148 187/176/1148
f 891/522/1148 187/176/1148 892/523/1148
f 182/171/1149 181/170/1149 893/524/1149
f 182/171/1149 893/524/1149 894/525/1149
f 184/173/1150 182/171/1150 894/525/1150
f 184/173/1150 894/525/1150 895/526/1150
f 896/273/1151 897/274/1151 898/275/1152
f 896/273/1151 898/275/1152 899/276/1152
f 900/277/1153 901/278/1153 902/279/1154
f 900/277/1153 902/279/1154 903/280/1154
f 904/281/1155 905/282/1155 906/283/1156
f 904/281/1155 906/283/1156 907/284/1156
f 908/285/1157 909/286/1158 190/2/182
f 908/285/1157 190/2/182 189/1/181
f 909/286/1159 908/285/1160 910/287/1161
f 909/286/1159 910/287/1161 911/288/1159
f 189/1/1162 191/3/1163 201/13/1164
f 189/1/1162 201/13/1164 203/15/1165
f 191/3/183 190/2/182 194/6/186
f 191/3/183 194/6/186 193/5/185
f 192/4/184 194/6/186 912/289/1166
f 192/4/184 912/289/1166 913/290/1167
f 193/5/1168 192/4/1169 208/20/1170
f 193/5/1168 208/20/1170 207/19/1171
f 914/291/1172 915/292/1173 916/293/1174
f 914/291/1172 916/293/1174 917/294/1175
f 915/292/1176 914/291/1177 197/9/189
f 915/292/1176 197/9/189 196/8/188
f 195/7/1178 197/9/1179 204/16/1180
f 195/7/1178 204/16/1180 206/18/1181
f 196/8/188 195/7/187 198/10/190
f 196/8/188 198/10/190 200/12/192
f 199/11/1182 198/10/1183 211/23/1184
f 199/11/1182 211/23/1184 210/22/1185
f 200/12/192 199/11/191 918/295/1186
f 200/12/192 918/295/1186 919/296/1187
f 919/296/1188 918/295/1189 920/297/1188
f 919/296/1188 920/297/1188 921/298/1190
f 913/290/1191 912/289/1192 922/299/1193
f 913/290/1191 922/299/1193 923/300/1191
f 911/288/1194 910/287/1195 203/15/195
f 911/288/1194 203/15/195 202/14/194
f 202/14/194 201/13/193 207/19/199
f 202/14/194 207/19/199 209/21/201
f 917/294/1196 916/293/1197 205/17/197
f 917/294/1196 205/17/197 204/16/196
f 206/18/198 205/17/197 212/24/204
f 206/18/198 212/24/204 211/23/203
f 209/21/201 208/20/200 923/300/1198
f 209/21/201 923/300/1198 922/299/1198
f 210/22/202 212/24/204 921/298/1199
f 210/22/202 921/298/1199 920/297/1200
f 210/22/1185 920/297/1201 918/295/1202
f 210/22/1185 918/295/1202 199/11/1182
f 917/294/1203 204/16/1180 197/9/1179
f 917/294/1203 197/9/1179 914/291/1204
f 206/18/1181 211/23/1184 198/10/1183
f 206/18/1181 198/10/1183 195/7/1178
f 189/1/1162 203/15/1165 910/287/1205
f 189/1/1162 910/287/1205 908/285/1206
f 191/3/1163 193/5/1168 207/19/1171
f 191/3/1163 207/19/1171 201/13/1164
f 913/290/1207 923/300/1208 208/20/1170
f 913/290/1207 208/20/1170 192/4/1169
f 924/301/1209 925/302/1210 926/303/1211
f 924/301/1209 926/303/1211 927/304/1212
f 928/305/1213 929/306/1214 930/307/1215
f 928/305/1213 930/307/1215 931/308/1216
f 932/309/1217 933/310/879 934/311/879
f 932/309/1217 934/311/879 935/312/1218
f 936/313/885 937/314/1219 938/315/1220
f 936/313/885 938/315/1220 939/316/885
f 940/317/1221 941/318/1221 924/301/1209
f 940/317/1221 924/301/1209 927/304/1212
f 942/319/1222 943/320/1223 932/309/1217
f 942/319/1222 932/309/1217 935/312/1218
f 944/321/1224 945/322/1225 938/315/1220
f 944/321/1224 938/315/1220 937/314/1219
f 946/323/1224 947/324/1225 930/307/1215
f 946/323/1224 930/307/1215 929/306/1214
f 948/325/1226 949/326/1226 950/327/1227
f 948/325/1226 950/327/1227 951/328/1227
f 213/25/1228 216/28/1228 952/329/1228
f 213/25/1228 952/329/1228 214/26/1229
f 217/29/1230 213/25/1230 215/27/1231
f 217/29/1230 215/27/1231 953/330/1230
f 949/326/1232 954/331/1233 955/332/1234
f 949/326/1232 955/332/1234 950/327/1235
f 956/333/1236 957/334/1237 948/325/1238
f 956/333/1236 948/325/1238 951/328/1239
f 218/30/1240 220/31/1240 224/34/1240
f 218/30/1240 224/34/1240 226/36/1240
f 219/31/1241 218/30/1242 958/335/1243
f 219/31/1241 958/335/1243 959/336/1244
f 220/31/1245 219/31/1246 222/32/1247
f 220/31/1245 222/32/1247 221/32/1248
f 221/32/1249 223/33/1249 227/37/1249
f 221/32/1249 227/37/1249 229/38/1249
f 223/33/1250 222/32/1251 960/337/1252
f 223/33/1250 960/337/1252 961/338/1250
f 225/35/1253 224/34/1254 229/38/1255
f 225/35/1253 229/38/1255 228/38/1256
f 226/36/1257 225/35/1258 962/339/1259
f 226/36/1257 962/339/1259 963/340/1260
f 228/38/1261 227/37/1262 964/341/1263
f 228/38/1261 964/341/1263 965/342/1264
f 219/31/1265 959/336/1266 960/337/1265
f 219/31/1265 960/337/1265 222/32/1265
f 962/339/1267 225/35/1268 228/38/1268
f 962/339/1267 228/38/1268 965/342/1267
f 221/32/1269 229/38/1270 224/34/1271
f 221/32/1269 224/34/1271 220/31/1272
f 966/343/1273 967/344/1274 968/345/1275
f 966/343/1273 968/345/1275 969/346/1276
f 898/275/1152 905/282/1155 904/281/1155
f 898/275/1152 904/281/1155 899/276/1152
f 902/279/1154 897/274/1151 896/273/1151
f 902/279/1154 896/273/1151 903/280/1154
f 970/506/1277 971/507/1278 972/508/1279
f 970/506/1277 972/508/1279 973/509/1280
f 972/508/1279 971/507/1278 974/510/1281
f 972/508/1279 974/510/1281 975/511/1282
f 230/170/220 232/172/222 976/512/1283
f 230/170/220 976/512/1283 977/513/1284
f 978/514/1285 979/515/1286 980/516/1287
f 978/514/1285 980/516/1287 981/517/1288
f 980/516/1287 982/518/1289 983/519/1290
f 980/516/1287 983/519/1290 981/517/1288
f 233/173/223 984/520/1291 985/521/1292
f 233/173/223 985/521/1292 234/174/224
f 986/522/1293 237/177/1293 236/176/1293
f 986/522/1293 236/176/1293 987/523/1293
f 231/171/1294 230/170/1294 988/524/1294
f 231/171/1294 988/524/1294 989/525/1294
f 233/173/1295 231/171/1295 989/525/1295
f 233/173/1295 989/525/1295 990/526/1295
f 991/527/1296 992/528/1297 993/529/1298
f 991/527/1296 993/529/1298 994/530/1299
f 994/530/1300 995/531/1301 996/532/1301
f 994/530/1300 996/532/1301 997/533/1300
f 998/534/1302 993/529/1303 999/535/1304
f 998/534/1302 999/535/1304 1000/536/1305
f 1001/537/1306 1002/538/1307 1003/539/1308
f 1001/537/1306 1003/539/1308 1004/540/1309
f 1005/541/1310 1006/542/1311 1007/543/1312
f 1005/541/1310 1007/543/1312 999/535/1313
f 1008/544/1314 1007/543/1315 1009/545/1314
f 1008/544/1314 1009/545/1314 1010/546/1316
f 1011/547/1317 1012/548/1318 1013/549/1319
f 1011/547/1317 1013/549/1319 1014/550/1320
f 1015/551/1321 1016/552/1322 1017/553/1323
f 1015/551/1321 1017/553/1323 1018/554/1324
f 1018/554/1325 1019/555/1326 1020/556/1327
f 1018/554/1325 1020/556/1327 1021/557/1325
f 1022/558/1328 1017/553/1329 1023/559/1330
f 1022/558/1328 1023/559/1330 1024/560/1331
f 1025/561/1332 1026/562/1333 1027/563/1334
f 1025/561/1332 1027/563/1334 1023/559/1335
f 1028/564/1336 1027/563/1337 1029/565/1337
f 1028/564/1336 1029/565/1337 1030/566/1336
f 1031/567/1338 1032/568/1339 1033/569/1340
f 1031/567/1338 1033/569/1340 1009/545/1341
f 1034/570/1342 1033/569/1343 1035/571/1344
f 1034/570/1342 1035/571/1344 1036/572/1345
f 1037/573/1346 1038/574/1347 1039/575/1348
f 1037/573/1346 1039/575/1348 1040/576/1349
f 1041/577/1350 1042/578/1351 1021/557/1352
f 1041/577/1350 1021/557/1352 1043/579/1353
f 1043/579/1354 1044/580/1355 1045/581/1356
f 1043/579/1354 1045/581/1356 1046/582/1356
f 1047/583/1357 1048/584/1358 997/533/1359
f 1047/583/1357 997/533/1359 1035/571/1360
f 1049/585/1361 1050/586/1362 1051/587/1363
f 1049/585/1361 1051/587/1363 1052/588/1364
f 1053/589/1365 1054/590/1366 1046/582/1367
f 1053/589/1365 1046/582/1367 1029/565/1368
f 1002/538/1369 1011/547/1370 1014/550/1371
f 1002/538/1369 1014/550/1371 1003/539/1372
f 1012/548/1373 1055/591/1373 1056/592/1374
f 1012/548/1373 1056/592/1374 1013/549/1375
f 1038/574/1376 1049/585/1377 1052/588/1378
f 1038/574/1376 1052/588/1378 1039/575/1379
f 1050/586/1380 1001/537/1380 1004/540/1381
f 1050/586/1380 1004/540/1381 1051/587/1381
f 993/529/1298 992/528/1297 1005/541/1310
f 993/529/1298 1005/541/1310 999/535/1313
f 1017/553/1323 1016/552/1322 1025/561/1332
f 1017/553/1323 1025/561/1332 1023/559/1335
f 1007/543/1312 1006/542/1311 1031/567/1338
f 1007/543/1312 1031/567/1338 1009/545/1341
f 1021/557/1352 1042/578/1351 1015/551/1321
f 1021/557/1352 1015/551/1321 1018/554/1324
f 1033/569/1340 1032/568/1339 1047/583/1357
f 1033/569/1340 1047/583/1357 1035/571/1360
f 1046/582/1367 1054/590/1366 1041/577/1350
f 1046/582/1367 1041/577/1350 1043/579/1353
f 997/533/1359 1048/584/1358 991/527/1296
f 997/533/1359 991/527/1296 994/530/1299
f 1027/563/1334 1026/562/1333 1053/589/1365
f 1027/563/1334 1053/589/1365 1029/565/1368
f 994/530/1299 993/529/1298 998/534/1382
f 994/530/1299 998/534/1382 995/531/1383
f 1008/544/1384 1000/536/1385 999/535/1313
f 1008/544/1384 999/535/1313 1007/543/1312
f 1018/554/1324 1017/553/1323 1022/558/1386
f 1018/554/1324 1022/558/1386 1019/555/1387
f 1028/564/1388 1024/560/1388 1023/559/1335
f 1028/564/1388 1023/559/1335 1027/563/1334
f 1034/570/1389 1010/546/1390 1009/545/1341
f 1034/570/1389 1009/545/1341 1033/569/1340
f 1043/579/1353 1021/557/1352 1020/556/1391
f 1043/579/1353 1020/556/1391 1044/580/1392
f 996/532/1393 1036/572/1394 1035/571/1360
f 996/532/1393 1035/571/1360 997/533/1359
f 1029/565/1368 1046/582/1367 1045/581/1395
f 1029/565/1368 1045/581/1395 1030/566/1396
f 1057/593/1397 1058/594/1398 1059/595/1399
f 1057/593/1397 1059/595/1399 1060/596/1400
f 1061/597/1401 1057/593/1402 1060/596/1403
f 1061/597/1401 1060/596/1403 242/182/1404
f 1062/598/1405 1063/599/1406 245/185/1407
f 1062/598/1405 245/185/1407 1064/600/1405
f 1065/601/1408 1066/602/1409 1062/598/1410
f 1065/601/1408 1062/598/1410 1064/600/1411
f 1058/594/1398 238/178/1412 240/180/1413
f 1058/594/1398 240/180/1413 1059/595/1399
f 1067/603/1414 251/191/242 250/190/241
f 1067/603/1414 250/190/241 1068/604/1415
f 251/191/1416 1066/602/1409 1065/601/1408
f 251/191/1416 1065/601/1408 252/192/1417
f 249/189/240 240/180/1418 239/179/230
f 249/189/240 239/179/230 247/187/238
f 1069/605/1419 1070/606/1420 1071/607/1421
f 1069/605/1419 1071/607/1421 1072/608/1422
f 1070/606/1423 1069/605/1424 1073/609/1425
f 1070/606/1423 1073/609/1425 1074/610/1426
f 1072/608/1427 1071/607/1428 1075/611/1429
f 1072/608/1427 1075/611/1429 1076/612/1430
f 1077/613/1431 1078/614/1432 1076/612/1430
f 1077/613/1431 1076/612/1430 1075/611/1429
f 1078/614/1432 1077/613/1431 244/184/1433
f 1078/614/1432 244/184/1433 243/183/1434
f 243/183/1434 244/184/1433 246/186/1435
f 243/183/1434 246/186/1435 241/181/1435
f 1079/615/1436 1080/616/1436 241/181/1437
f 1079/615/1436 241/181/1437 246/186/1437
f 1078/614/1438 1060/596/1439 1059/595/1440
f 1078/614/1438 1059/595/1440 1076/612/1441
f 243/183/234 242/182/233 1060/596/1439
f 243/183/234 1060/596/1439 1078/614/1438
f 1077/613/1442 1064/600/1443 245/185/236
f 1077/613/1442 245/185/236 244/184/235
f 1075/611/1444 1065/601/1445 1064/600/1443
f 1075/611/1444 1064/600/1443 1077/613/1442
f 1070/606/1446 1074/610/1446 253/193/244
f 1070/606/1446 253/193/244 255/195/246
f 241/181/1447 1080/616/1448 1061/597/1401
f 241/181/1447 1061/597/1401 242/182/1404
f 1063/599/1406 1079/615/1449 246/186/1450
f 1063/599/1406 246/186/1450 245/185/1407
f 249/189/1451 248/188/1451 1073/609/1452
f 249/189/1451 1073/609/1452 1069/605/1453
f 249/189/240 1069/605/1419 1072/608/1422
f 249/189/240 1072/608/1422 240/180/1418
f 252/192/1454 1071/607/1421 1070/606/1420
f 252/192/1454 1070/606/1420 255/195/246
f 1071/607/1455 252/192/1456 1065/601/1445
f 1071/607/1455 1065/601/1445 1075/611/1444
f 240/180/1457 1072/608/1458 1076/612/1441
f 240/180/1457 1076/612/1441 1059/595/1440
f 1081/617/1459 254/194/245 253/193/244
f 1081/617/1459 253/193/244 1082/618/1460
f 254/194/245 250/190/241 252/192/1454
f 254/194/245 252/192/1454 255/195/246
f 1083/619/1461 1084/620/1461 1085/621/1461
f 1083/619/1461 1085/621/1461 1086/622/1461
f 1087/623/1462 1088/624/1463 1068/604/1464
f 1087/623/1462 1068/604/1464 1081/617/1465
f 1089/625/1466 1067/603/1414 1068/604/1415
f 1089/625/1466 1068/604/1415 1088/624/1466
f 1083/619/530 1086/622/1467 1090/626/1468
f 1083/619/530 1090/626/1468 1091/627/530
f 1087/623/1469 1081/617/1459 1082/618/1460
f 1087/623/1469 1082/618/1460 1092/628/1469
f 1084/620/1470 1093/629/1470 1094/630/1471
f 1084/620/1470 1094/630/1471 1085/621/1471
f 1085/621/1472 247/187/238 239/179/230
f 1085/621/1472 239/179/230 1086/622/1467
f 1081/617/1473 1068/604/1415 250/190/241
f 1081/617/1473 250/190/241 254/194/245
f 238/178/229 1090/626/1468 1086/622/1467
f 238/178/229 1086/622/1467 239/179/230
f 247/187/238 1085/621/1474 1094/630/1475
f 247/187/238 1094/630/1475 248/188/239
f 1095/593/1476 1096/596/1476 1097/595/1477
f 1095/593/1476 1097/595/1477 1098/594/1478
f 1099/597/1479 261/182/1480 1096/596/1481
f 1099/597/1479 1096/596/1481 1095/593/1482
f 1100/598/1483 1101/600/1483 264/185/1484
f 1100/598/1483 264/185/1484 1102/599/1485
f 1103/601/1486 1101/600/1487 1100/598/1488
f 1103/601/1486 1100/598/1488 1104/602/1489
f 1098/594/1478 1097/595/1477 257/180/1490
f 1098/594/1478 257/180/1490 256/178/1491
f 1105/603/1492 1106/604/1493 268/190/259
f 1105/603/1492 268/190/259 270/191/261
f 270/191/1494 269/192/1495 1103/601/1486
f 270/191/1494 1103/601/1486 1104/602/1489
f 266/189/257 265/187/256 258/179/249
f 266/189/257 258/179/249 257/180/1496
f 1107/605/1497 1108/608/1498 1109/607/1499
f 1107/605/1497 1109/607/1499 1110/606/1500
f 1110/606/1501 1111/610/1502 1112/609/1502
f 1110/606/1501 1112/609/1502 1107/605/1503
f 1108/608/1504 1113/612/1505 1114/611/1506
f 1108/608/1504 1114/611/1506 1109/607/1507
f 1115/613/1508 1114/611/1506 1113/612/1505
f 1115/613/1508 1113/612/1505 1116/614/1509
f 1116/614/1509 260/183/1510 262/184/1511
f 1116/614/1509 262/184/1511 1115/613/1508
f 260/183/1510 259/181/1512 263/186/1513
f 260/183/1510 263/186/1513 262/184/1511
f 1117/615/1514 263/186/1515 259/181/1514
f 1117/615/1514 259/181/1514 1118/616/1514
f 1116/614/1516 1113/612/1517 1097/595/1518
f 1116/614/1516 1097/595/1518 1096/596/1519
f 260/183/251 1116/614/1516 1096/596/1519
f 260/183/251 1096/596/1519 261/182/252
f 1115/613/1520 262/184/253 264/185/255
f 1115/613/1520 264/185/255 1101/600/1521
f 1114/611/1522 1115/613/1520 1101/600/1521
f 1114/611/1522 1101/600/1521 1103/601/1523
f 1110/606/1524 272/195/263 271/193/262
f 1110/606/1524 271/193/262 1111/610/1525
f 259/181/1526 261/182/1480 1099/597/1479
f 259/181/1526 1099/597/1479 1118/616/1527
f 1102/599/1485 264/185/1484 263/186/1528
f 1102/599/1485 263/186/1528 1117/615/1529
f 266/189/1530 1107/605/1531 1112/609/1532
f 266/189/1530 1112/609/1532 267/188/1533
f 266/189/257 257/180/1496 1108/608/1498
f 266/189/257 1108/608/1498 1107/605/1497
f 269/192/1534 272/195/263 1110/606/1500
f 269/192/1534 1110/606/1500 1109/607/1499
f 1109/607/1535 1114/611/1522 1103/601/1523
f 1109/607/1535 1103/601/1523 269/192/1536
f 257/180/1537 1097/595/1518 1113/612/1517
f 257/180/1537 1113/612/1517 1108/608/1538
f 1119/617/1539 1120/618/1540 271/193/262
f 1119/617/1539 271/193/262 273/194/264
f 273/194/264 272/195/263 269/192/1534
f 273/194/264 269/192/1534 268/190/259
f 1121/619/1541 1122/622/1541 1123/621/1541
f 1121/619/1541 1123/621/1541 1124/620/1541
f 1087/623/1462 1119/617/1542 1106/604/1543
f 1087/623/1462 1106/604/1543 1088/624/1463
f 1089/625/1466 1088/624/1466 1106/604/1493
f 1089/625/1466 1106/604/1493 1105/603/1492
f 1121/619/530 1125/627/530 1126/626/1544
f 1121/619/530 1126/626/1544 1122/622/1545
f 1087/623/1469 1092/628/1469 1120/618/1540
f 1087/623/1469 1120/618/1540 1119/617/1539
f 1124/620/1546 1123/621/1547 1127/630/1547
f 1124/620/1546 1127/630/1547 1128/629/1546
f 1123/621/1548 1122/622/1545 258/179/249
f 1123/621/1548 258/179/249 265/187/256
f 1119/617/1549 273/194/264 268/190/259
f 1119/617/1549 268/190/259 1106/604/1493
f 256/178/247 258/179/249 1122/622/1545
f 256/178/247 1122/622/1545 1126/626/1544
f 265/187/256 267/188/258 1127/630/1550
f 265/187/256 1127/630/1550 1123/621/1551
f 1129/593/1552 1130/596/1553 1131/595/1554
f 1129/593/1552 1131/595/1554 1132/594/1555
f 1133/597/1556 279/182/1557 1130/596/1558
f 1133/597/1556 1130/596/1558 1129/593/1558
f 1134/598/1559 1135/600/1559 282/185/1560
f 1134/598/1559 282/185/1560 1136/599/1561
f 1137/601/1562 1135/600/1563 1134/598/1564
f 1137/601/1562 1134/598/1564 1138/602/1565
f 1132/594/1555 1131/595/1554 275/180/1566
f 1132/594/1555 275/180/1566 274/178/1567
f 1139/603/1568 1140/604/1569 286/190/277
f 1139/603/1568 286/190/277 288/191/279
f 288/191/1570 287/192/1570 1137/601/1562
f 288/191/1570 1137/601/1562 1138/602/1565
f 284/189/275 283/187/274 276/179/267
f 284/189/275 276/179/267 275/180/1571
f 1141/605/1572 1142/608/1573 1143/607/1574
f 1141/605/1572 1143/607/1574 1144/606/1575
f 1144/606/1576 1145/610/1577 1146/609/1577
f 1144/606/1576 1146/609/1577 1141/605/1577
f 1142/608/1578 1147/612/1579 1148/611/1580
f 1142/608/1578 1148/611/1580 1143/607/1581
f 1149/613/1582 1148/611/1580 1147/612/1579
f 1149/613/1582 1147/612/1579 1150/614/1583
f 1150/614/1583 278/183/1584 280/184/1585
f 1150/614/1583 280/184/1585 1149/613/1582
f 278/183/1584 277/181/1586 281/186/1587
f 278/183/1584 281/186/1587 280/184/1585
f 1151/615/1588 281/186/1589 277/181/1590
f 1151/615/1588 277/181/1590 1152/616/1588
f 1150/614/1591 1147/612/1592 1131/595/1593
f 1150/614/1591 1131/595/1593 1130/596/1594
f 278/183/269 1150/614/1591 1130/596/1594
f 278/183/269 1130/596/1594 279/182/270
f 1149/613/1595 280/184/271 282/185/273
f 1149/613/1595 282/185/273 1135/600/1596
f 1148/611/1597 1149/613/1595 1135/600/1596
f 1148/611/1597 1135/600/1596 1137/601/1598
f 1144/606/1599 290/195/281 289/193/280
f 1144/606/1599 289/193/280 1145/610/1600
f 277/181/1601 279/182/1557 1133/597/1556
f 277/181/1601 1133/597/1556 1152/616/1602
f 1136/599/1561 282/185/1560 281/186/1603
f 1136/599/1561 281/186/1603 1151/615/1604
f 284/189/1605 1141/605/1606 1146/609/1607
f 284/189/1605 1146/609/1607 285/188/1608
f 284/189/275 275/180/1571 1142/608/1573
f 284/189/275 1142/608/1573 1141/605/1572
f 287/192/1609 290/195/281 1144/606/1575
f 287/192/1609 1144/606/1575 1143/607/1574
f 1143/607/1610 1148/611/1597 1137/601/1598
f 1143/607/1610 1137/601/1598 287/192/1611
f 275/180/1612 1131/595/1593 1147/612/1592
f 275/180/1612 1147/612/1592 1142/608/1613
f 1153/617/1614 1154/618/1615 289/193/280
f 1153/617/1614 289/193/280 291/194/282
f 291/194/282 290/195/281 287/192/1609
f 291/194/282 287/192/1609 286/190/277
f 1083/619/1461 1155/622/1461 1156/621/1461
f 1083/619/1461 1156/621/1461 1084/620/1461
f 1157/623/1616 1153/617/1617 1140/604/1618
f 1157/623/1616 1140/604/1618 1158/624/1619
f 1159/625/1620 1158/624/1620 1140/604/1569
f 1159/625/1620 1140/604/1569 1139/603/1568
f 1083/619/530 1091/627/530 1160/626/1621
f 1083/619/530 1160/626/1621 1155/622/1622
f 1157/623/1623 1161/628/1624 1154/618/1615
f 1157/623/1623 1154/618/1615 1153/617/1614
f 1084/620/1470 1156/621/1625 1162/630/1625
f 1084/620/1470 1162/630/1625 1093/629/1470
f 1156/621/1626 1155/622/1622 276/179/267
f 1156/621/1626 276/179/267 283/187/274
f 1153/617/1627 291/194/282 286/190/277
f 1153/617/1627 286/190/277 1140/604/1569
f 274/178/265 276/179/267 1155/622/1622
f 274/178/265 1155/622/1622 1160/626/1621
f 283/187/274 285/188/276 1162/630/1628
f 283/187/274 1162/630/1628 1156/621/1629
f 1163/593/1630 1164/594/1631 1165/595/1632
f 1163/593/1630 1165/595/1632 1166/596/1633
f 1167/597/1634 1163/593/1635 1166/596/1636
f 1167/597/1634 1166/596/1636 296/182/1637
f 1168/598/1638 1169/599/1639 299/185/1640
f 1168/598/1638 299/185/1640 1170/600/1641
f 1171/601/1642 1172/602/1643 1168/598/1644
f 1171/601/1642 1168/598/1644 1170/600/1645
f 1164/594/1631 292/178/1646 294/180/1646
f 1164/594/1631 294/180/1646 1165/595/1632
f 1173/603/1647 305/191/296 304/190/295
f 1173/603/1647 304/190/295 1174/604/1648
f 305/191/1649 1172/602/1643 1171/601/1642
f 305/191/1649 1171/601/1642 306/192/1650
f 303/189/294 294/180/1651 293/179/284
f 303/189/294 293/179/284 301/187/292
f 1175/605/1652 1176/606/1653 1177/607/1654
f 1175/605/1652 1177/607/1654 1178/608/1655
f 1176/606/1656 1175/605/1657 1179/609/1658
f 1176/606/1656 1179/609/1658 1180/610/1656
f 1178/608/1659 1177/607/1660 1181/611/1661
f 1178/608/1659 1181/611/1661 1182/612/1662
f 1183/613/1663 1184/614/1664 1182/612/1662
f 1183/613/1663 1182/612/1662 1181/611/1661
f 1184/614/1664 1183/613/1663 298/184/1665
f 1184/614/1664 298/184/1665 297/183/1666
f 297/183/1666 298/184/1665 300/186/1667
f 297/183/1666 300/186/1667 295/181/1668
f 1185/615/1669 1186/616/1670 295/181/1669
f 1185/615/1669 295/181/1669 300/186/1671
f 1184/614/1672 1166/596/1673 1165/595/1674
f 1184/614/1672 1165/595/1674 1182/612/1675
f 297/183/288 296/182/287 1166/596/1673
f 297/183/288 1166/596/1673 1184/614/1672
f 1183/613/1676 1170/600/1677 299/185/290
f 1183/613/1676 299/185/290 298/184/289
f 1181/611/1678 1171/601/1679 1170/600/1677
f 1181/611/1678 1170/600/1677 1183/613/1676
f 1176/606/1680 1180/610/1681 307/193/298
f 1176/606/1680 307/193/298 309/195/300
f 295/181/1682 1186/616/1683 1167/597/1634
f 295/181/1682 1167/597/1634 296/182/1637
f 1169/599/1639 1185/615/1684 300/186/1685
f 1169/599/1639 300/186/1685 299/185/1640
f 303/189/1686 302/188/1687 1179/609/1688
f 303/189/1686 1179/609/1688 1175/605/1686
f 303/189/294 1175/605/1652 1178/608/1655
f 303/189/294 1178/608/1655 294/180/1651
f 306/192/1689 1177/607/1654 1176/606/1653
f 306/192/1689 1176/606/1653 309/195/300
f 1177/607/1690 306/192/1691 1171/601/1679
f 1177/607/1690 1171/601/1679 1181/611/1678
f 294/180/1692 1178/608/1693 1182/612/1675
f 294/180/1692 1182/612/1675 1165/595/1674
f 1187/617/1694 308/194/299 307/193/298
f 1187/617/1694 307/193/298 1188/618/1695
f 308/194/299 304/190/295 306/192/1689
f 308/194/299 306/192/1689 309/195/300
f 1121/619/1541 1124/620/1541 1189/621/1541
f 1121/619/1541 1189/621/1541 1190/622/1541
f 1157/623/1616 1158/624/1619 1174/604/1696
f 1157/623/1616 1174/604/1696 1187/617/1697
f 1159/625/1620 1173/603/1647 1174/604/1648
f 1159/625/1620 1174/604/1648 1158/624/1620
f 1121/619/530 1190/622/1698 1191/626/1699
f 1121/619/530 1191/626/1699 1125/627/530
f 1157/623/1623 1187/617/1694 1188/618/1695
f 1157/623/1623 1188/618/1695 1161/628/1624
f 1124/620/1546 1128/629/1546 1192/630/1700
f 1124/620/1546 1192/630/1700 1189/621/1700
f 1189/621/1701 301/187/292 293/179/284
f 1189/621/1701 293/179/284 1190/622/1698
f 1187/617/1702 1174/604/1648 304/190/295
f 1187/617/1702 304/190/295 308/194/299
f 292/178/283 1191/626/1699 1190/622/1698
f 292/178/283 1190/622/1698 293/179/284
f 301/187/292 1189/621/1703 1192/630/1704
f 301/187/292 1192/630/1704 302/188/293
f 1193/631/1705 1194/632/1706 1195/633/1707
f 1193/631/1705 1195/633/1707 1196/634/1708
f 1197/635/1709 1193/631/1710 1196/634/1710
f 1197/635/1709 1196/634/1710 317/203/308
f 1198/636/1711 1199/637/1712 320/206/1713
f 1198/636/1711 320/206/1713 1200/638/1714
f 1201/639/1715 1202/640/1716 1198/636/1717
f 1201/639/1715 1198/636/1717 1200/638/1718
f 1194/632/1706 310/196/1719 312/198/1720
f 1194/632/1706 312/198/1720 1195/633/1707
f 1203/641/1721 323/209/314 322/208/313
f 1203/641/1721 322/208/313 1204/642/1722
f 323/209/1723 1202/640/1716 1201/639/1715
f 323/209/1723 1201/639/1715 324/210/1724
f 1205/643/1725 312/198/1726 311/197/302
f 1205/643/1725 311/197/302 325/211/316
f 1206/644/530 1207/645/530 1208/646/530
f 1206/644/530 1208/646/530 1209/647/530
f 326/212/1727 1210/648/1728 1211/649/1728
f 326/212/1727 1211/649/1728 327/213/1727
f 1204/642/1722 1212/650/530 1213/651/530
f 1204/642/1722 1213/651/530 1203/641/1721
f 315/201/306 1214/652/1729 1215/653/1729
f 315/201/306 1215/653/1729 313/199/304
f 325/211/316 327/213/318 1216/654/1730
f 325/211/316 1216/654/1730 1205/643/1725
f 314/200/305 322/208/313 324/210/1731
f 314/200/305 324/210/1731 1217/655/1732
f 1207/645/1733 1210/648/1733 326/212/1733
f 1207/645/1733 326/212/1733 1208/646/1733
f 1204/642/1734 313/199/1735 1215/653/1736
f 1204/642/1734 1215/653/1736 1212/650/1736
f 326/212/1737 325/211/316 311/197/302
f 326/212/1737 311/197/302 1208/646/1738
f 1204/642/1722 322/208/313 314/200/305
f 1204/642/1722 314/200/305 313/199/1739
f 1218/656/1740 1219/657/1741 1220/658/1742
f 1218/656/1740 1220/658/1742 1221/659/1743
f 1219/657/1744 1218/656/1745 1222/660/1746
f 1219/657/1744 1222/660/1746 1223/661/1744
f 1221/659/1747 1220/658/1748 1224/662/1749
f 1221/659/1747 1224/662/1749 1225/663/1750
f 1226/664/1751 1227/665/1752 1225/663/1750
f 1226/664/1751 1225/663/1750 1224/662/1749
f 1227/665/1752 1226/664/1751 319/205/1753
f 1227/665/1752 319/205/1753 1228/666/1754
f 1228/666/1754 319/205/1753 321/207/1755
f 1228/666/1754 321/207/1755 1229/667/1755
f 1230/668/1756 1231/669/1757 1229/667/1758
f 1230/668/1756 1229/667/1758 321/207/1759
f 1232/670/1760 1196/634/1761 1195/633/1762
f 1232/670/1760 1195/633/1762 1233/671/1763
f 318/204/309 317/203/308 1196/634/1761
f 318/204/309 1196/634/1761 1232/670/1760
f 1226/664/1764 1200/638/1765 320/206/311
f 1226/664/1764 320/206/311 319/205/310
f 1224/662/1766 1201/639/1767 1200/638/1765
f 1224/662/1766 1200/638/1765 1226/664/1764
f 1219/657/1768 1223/661/1769 1234/672/1770
f 1219/657/1768 1234/672/1770 1217/655/1732
f 316/202/307 1235/673/1771 1197/635/1709
f 316/202/307 1197/635/1709 317/203/308
f 1199/637/1712 1230/668/1772 321/207/1772
f 1199/637/1712 321/207/1772 320/206/1713
f 1205/643/1773 1216/654/1774 1236/674/1775
f 1205/643/1773 1236/674/1775 1237/675/1775
f 1205/643/1725 1237/675/1740 1238/676/1743
f 1205/643/1725 1238/676/1743 312/198/1726
f 324/210/1731 1220/658/1742 1219/657/1741
f 324/210/1731 1219/657/1741 1217/655/1732
f 1220/658/1776 324/210/1777 1201/639/1767
f 1220/658/1776 1201/639/1767 1224/662/1766
f 312/198/1778 1238/676/1779 1233/671/1763
f 312/198/1778 1233/671/1763 1195/633/1762
f 310/196/301 1209/647/1780 1208/646/1738
f 310/196/301 1208/646/1738 311/197/302
f 315/201/306 314/200/305 1217/655/1732
f 315/201/306 1217/655/1732 1234/672/1770
f 1239/631/1781 1240/634/1782 1241/633/1783
f 1239/631/1781 1241/633/1783 1242/632/1784
f 1243/635/1785 336/203/327 1240/634/1786
f 1243/635/1785 1240/634/1786 1239/631/1787
f 1244/636/1788 1245/638/1789 339/206/1790
f 1244/636/1788 339/206/1790 1246/637/1791
f 1247/639/1792 1245/638/1793 1244/636/1794
f 1247/639/1792 1244/636/1794 1248/640/1795
f 1242/632/1784 1241/633/1783 329/198/1796
f 1242/632/1784 329/198/1796 328/196/1797
f 1249/641/1798 1250/642/1799 340/208/331
f 1249/641/1798 340/208/331 342/209/333
f 342/209/1800 341/210/1801 1247/639/1792
f 342/209/1800 1247/639/1792 1248/640/1795
f 1251/643/1802 343/211/334 330/197/321
f 1251/643/1802 330/197/321 329/198/1803
f 1252/644/530 1253/647/530 1254/646/530
f 1252/644/530 1254/646/530 1255/645/530
f 345/212/1804 344/213/1804 1256/649/1805
f 345/212/1804 1256/649/1805 1257/648/1805
f 1250/642/1799 1249/641/1798 1213/651/530
f 1250/642/1799 1213/651/530 1212/650/530
f 332/201/323 331/199/322 1215/653/1729
f 332/201/323 1215/653/1729 1214/652/1729
f 343/211/334 1251/643/1802 1258/654/1806
f 343/211/334 1258/654/1806 344/213/335
f 333/200/324 1259/655/1807 341/210/1808
f 333/200/324 341/210/1808 340/208/331
f 1255/645/1809 1254/646/1810 345/212/1811
f 1255/645/1809 345/212/1811 1257/648/1809
f 1250/642/1812 1212/650/1736 1215/653/1736
f 1250/642/1812 1215/653/1736 331/199/1813
f 345/212/1814 1254/646/1815 330/197/321
f 345/212/1814 330/197/321 343/211/334
f 1250/642/1799 331/199/1816 333/200/324
f 1250/642/1799 333/200/324 340/208/331
f 1260/656/1817 1261/659/1818 1262/658/1819
f 1260/656/1817 1262/658/1819 1263/657/1820
f 1263/657/1821 1264/661/1821 1265/660/1822
f 1263/657/1821 1265/660/1822 1260/656/1823
f 1261/659/1824 1266/663/1825 1267/662/1826
f 1261/659/1824 1267/662/1826 1262/658/1824
f 1268/664/1827 1267/662/1826 1266/663/1825
f 1268/664/1827 1266/663/1825 1269/665/1828
f 1269/665/1828 1270/666/1829 337/205/1830
f 1269/665/1828 337/205/1830 1268/664/1827
f 1270/666/1829 1271/667/1831 338/207/1832
f 1270/666/1829 338/207/1832 337/205/1830
f 1272/668/1833 338/207/1834 1271/667/1835
f 1272/668/1833 1271/667/1835 1273/669/1834
f 1274/670/1836 1275/671/1837 1241/633/1838
f 1274/670/1836 1241/633/1838 1240/634/1839
f 335/204/326 1274/670/1836 1240/634/1839
f 335/204/326 1240/634/1839 336/203/327
f 1268/664/1840 337/205/328 339/206/330
f 1268/664/1840 339/206/330 1245/638/1841
f 1267/662/1842 1268/664/1840 1245/638/1841
f 1267/662/1842 1245/638/1841 1247/639/1843
f 1263/657/1844 1259/655/1807 1276/672/1845
f 1263/657/1844 1276/672/1845 1264/661/1846
f 334/202/325 336/203/327 1243/635/1785
f 334/202/325 1243/635/1785 1277/673/1847
f 1246/637/1791 339/206/1790 338/207/1848
f 1246/637/1791 338/207/1848 1272/668/1849
f 1251/643/1850 1278/675/1851 1279/674/1851
f 1251/643/1850 1279/674/1851 1258/654/1852
f 1251/643/1802 329/198/1803 1280/676/1818
f 1251/643/1802 1280/676/1818 1278/675/1817
f 341/210/1808 1259/655/1807 1263/657/1820
f 341/210/1808 1263/657/1820 1262/658/1819
f 1262/658/1853 1267/662/1842 1247/639/1843
f 1262/658/1853 1247/639/1843 341/210/1853
f 329/198/1854 1241/633/1838 1275/671/1837
f 329/198/1854 1275/671/1837 1280/676/1855
f 328/196/319 330/197/321 1254/646/1815
f 328/196/319 1254/646/1815 1253/647/1856
f 332/201/323 1276/672/1845 1259/655/1807
f 332/201/323 1259/655/1807 333/200/324
f 1281/631/1857 1282/634/1858 1283/633/1859
f 1281/631/1857 1283/633/1859 1284/632/1860
f 1285/635/1861 354/203/345 1282/634/1862
f 1285/635/1861 1282/634/1862 1281/631/1863
f 1286/636/1864 1287/638/1865 357/206/1866
f 1286/636/1864 357/206/1866 1288/637/1867
f 1289/639/1868 1287/638/1869 1286/636/1870
f 1289/639/1868 1286/636/1870 1290/640/1871
f 1284/632/1860 1283/633/1859 347/198/1872
f 1284/632/1860 347/198/1872 346/196/1873
f 1291/641/1874 1292/642/1875 358/208/349
f 1291/641/1874 358/208/349 360/209/351
f 360/209/1876 359/210/1877 1289/639/1868
f 360/209/1876 1289/639/1868 1290/640/1871
f 1293/643/1878 361/211/352 348/197/339
f 1293/643/1878 348/197/339 347/198/1879
f 1206/644/530 1294/647/530 1295/646/530
f 1206/644/530 1295/646/530 1207/645/530
f 363/212/1880 362/213/1880 1211/649/1728
f 363/212/1880 1211/649/1728 1210/648/1728
f 1292/642/1875 1291/641/1874 1296/651/530
f 1292/642/1875 1296/651/530 1297/650/530
f 350/201/341 349/199/340 1298/653/1881
f 350/201/341 1298/653/1881 1299/652/1881
f 361/211/352 1293/643/1878 1300/654/1882
f 361/211/352 1300/654/1882 362/213/353
f 351/200/342 1301/655/1883 359/210/1884
f 351/200/342 359/210/1884 358/208/349
f 1207/645/1733 1295/646/1885 363/212/1886
f 1207/645/1733 363/212/1886 1210/648/1733
f 1292/642/1887 1297/650/1888 1298/653/1888
f 1292/642/1887 1298/653/1888 349/199/1889
f 363/212/1890 1295/646/1891 348/197/339
f 363/212/1890 348/197/339 361/211/352
f 1292/642/1875 349/199/1892 351/200/342
f 1292/642/1875 351/200/342 358/208/349
f 1302/656/1893 1303/659/1894 1304/658/1895
f 1302/656/1893 1304/658/1895 1305/657/1896
f 1305/657/1897 1306/661/1897 1307/660/1898
f 1305/657/1897 1307/660/1898 1302/656/1899
f 1303/659/1900 1308/663/1901 1309/662/1902
f 1303/659/1900 1309/662/1902 1304/658/1900
f 1310/664/1903 1309/662/1902 1308/663/1901
f 1310/664/1903 1308/663/1901 1311/665/1904
f 1311/665/1904 1312/666/1905 355/205/1906
f 1311/665/1904 355/205/1906 1310/664/1903
f 1312/666/1905 1313/667/1907 356/207/1908
f 1312/666/1905 356/207/1908 355/205/1906
f 1314/668/1909 356/207/1910 1313/667/1911
f 1314/668/1909 1313/667/1911 1315/669/1910
f 1316/670/1912 1317/671/1913 1283/633/1914
f 1316/670/1912 1283/633/1914 1282/634/1915
f 353/204/344 1316/670/1912 1282/634/1915
f 353/204/344 1282/634/1915 354/203/345
f 1310/664/1916 355/205/346 357/206/348
f 1310/664/1916 357/206/348 1287/638/1917
f 1309/662/1918 1310/664/1916 1287/638/1917
f 1309/662/1918 1287/638/1917 1289/639/1919
f 1305/657/1920 1301/655/1883 1318/672/1921
f 1305/657/1920 1318/672/1921 1306/661/1922
f 352/202/343 354/203/345 1285/635/1861
f 352/202/343 1285/635/1861 1319/673/1923
f 1288/637/1867 357/206/1866 356/207/1924
f 1288/637/1867 356/207/1924 1314/668/1925
f 1293/643/1926 1320/675/1927 1321/674/1927
f 1293/643/1926 1321/674/1927 1300/654/1928
f 1293/643/1878 347/198/1879 1322/676/1894
f 1293/643/1878 1322/676/1894 1320/675/1893
f 359/210/1884 1301/655/1883 1305/657/1896
f 359/210/1884 1305/657/1896 1304/658/1895
f 1304/658/1929 1309/662/1918 1289/639/1919
f 1304/658/1929 1289/639/1919 359/210/1929
f 347/198/1930 1283/633/1914 1317/671/1913
f 347/198/1930 1317/671/1913 1322/676/1931
f 346/196/337 348/197/339 1295/646/1891
f 346/196/337 1295/646/1891 1294/647/1932
f 350/201/341 1318/672/1921 1301/655/1883
f 350/201/341 1301/655/1883 351/200/342
f 1323/631/1933 1324/632/1934 1325/633/1935
f 1323/631/1933 1325/633/1935 1326/634/1936
f 1327/635/1937 1323/631/1938 1326/634/1938
f 1327/635/1937 1326/634/1938 371/203/362
f 1328/636/1939 1329/637/1940 374/206/1941
f 1328/636/1939 374/206/1941 1330/638/1942
f 1331/639/1943 1332/640/1944 1328/636/1945
f 1331/639/1943 1328/636/1945 1330/638/1946
f 1324/632/1934 364/196/1947 366/198/1948
f 1324/632/1934 366/198/1948 1325/633/1935
f 1333/641/1949 377/209/368 376/208/367
f 1333/641/1949 376/208/367 1334/642/1950
f 377/209/1951 1332/640/1944 1331/639/1943
f 377/209/1951 1331/639/1943 378/210/1952
f 1335/643/1953 366/198/1954 365/197/356
f 1335/643/1953 365/197/356 379/211/370
f 1252/644/530 1255/645/530 1336/646/530
f 1252/644/530 1336/646/530 1337/647/530
f 380/212/1955 1257/648/1805 1256/649/1805
f 380/212/1955 1256/649/1805 381/213/1955
f 1334/642/1950 1297/650/530 1296/651/530
f 1334/642/1950 1296/651/530 1333/641/1949
f 369/201/360 1299/652/1881 1298/653/1881
f 369/201/360 1298/653/1881 367/199/358
f 379/211/370 381/213/372 1338/654/1956
f 379/211/370 1338/654/1956 1335/643/1953
f 368/200/359 376/208/367 378/210/1957
f 368/200/359 378/210/1957 1339/655/1958
f 1255/645/1809 1257/648/1809 380/212/1809
f 1255/645/1809 380/212/1809 1336/646/1809
f 1334/642/1959 367/199/1960 1298/653/1888
f 1334/642/1959 1298/653/1888 1297/650/1888
f 380/212/1961 379/211/370 365/197/356
f 380/212/1961 365/197/356 1336/646/1962
f 1334/642/1950 376/208/367 368/200/359
f 1334/642/1950 368/200/359 367/199/1963
f 1340/656/1964 1341/657/1965 1342/658/1966
f 1340/656/1964 1342/658/1966 1343/659/1967
f 1341/657/1968 1340/656/1969 1344/660/1970
f 1341/657/1968 1344/660/1970 1345/661/1968
f 1343/659/1971 1342/658/1972 1346/662/1973
f 1343/659/1971 1346/662/1973 1347/663/1974
f 1348/664/1975 1349/665/1976 1347/663/1974
f 1348/664/1975 1347/663/1974 1346/662/1973
f 1349/665/1976 1348/664/1975 373/205/1977
f 1349/665/1976 373/205/1977 1350/666/1978
f 1350/666/1978 373/205/1977 375/207/1979
f 1350/666/1978 375/207/1979 1351/667/1979
f 1352/668/1980 1353/669/1981 1351/667/1982
f 1352/668/1980 1351/667/1982 375/207/1983
f 1354/670/1984 1326/634/1985 1325/633/1986
f 1354/670/1984 1325/633/1986 1355/671/1987
f 372/204/363 371/203/362 1326/634/1985
f 372/204/363 1326/634/1985 1354/670/1984
f 1348/664/1988 1330/638/1989 374/206/365
f 1348/664/1988 374/206/365 373/205/364
f 1346/662/1990 1331/639/1991 1330/638/1989
f 1346/662/1990 1330/638/1989 1348/664/1988
f 1341/657/1992 1345/661/1993 1356/672/1994
f 1341/657/1992 1356/672/1994 1339/655/1958
f 370/202/361 1357/673/1995 1327/635/1937
f 370/202/361 1327/635/1937 371/203/362
f 1329/637/1940 1352/668/1996 375/207/1996
f 1329/637/1940 375/207/1996 374/206/1941
f 1335/643/1997 1338/654/1998 1358/674/1999
f 1335/643/1997 1358/674/1999 1359/675/1999
f 1335/643/1953 1359/675/1964 1360/676/1967
f 1335/643/1953 1360/676/1967 366/198/1954
f 378/210/1957 1342/658/1966 1341/657/1965
f 378/210/1957 1341/657/1965 1339/655/1958
f 1342/658/2000 378/210/2001 1331/639/1991
f 1342/658/2000 1331/639/1991 1346/662/1990
f 366/198/2002 1360/676/2003 1355/671/1987
f 366/198/2002 1355/671/1987 1325/633/1986
f 364/196/355 1337/647/2004 1336/646/1962
f 364/196/355 1336/646/1962 365/197/356
f 369/201/360 368/200/359 1339/655/1958
f 369/201/360 1339/655/1958 1356/672/1994
f 1361/677/2005 1362/678/2005 1363/679/2005
f 1361/677/2005 1363/679/2005 1364/680/2005
f 1362/678/2006 1361/677/2007 1365/681/2007
f 1362/678/2006 1365/681/2007 1366/682/2006
f 1366/682/2008 1365/681/2008 1367/683/2008
f 1366/682/2008 1367/683/2008 1368/684/2008
f 1369/685/2009 1370/686/2010 1371/687/2010
f 1369/685/2009 1371/687/2010 1372/688/2009
f 1370/686/2011 1369/685/2012 1373/689/2012
f 1370/686/2011 1373/689/2012 1374/690/2011
f 1374/690/2013 1373/689/2014 1375/691/2014
f 1374/690/2013 1375/691/2014 1376/692/2013
f 1372/688/2015 1371/687/2016 1376/692/2016
f 1372/688/2015 1376/692/2016 1375/691/2015
f 1364/680/2017 1363/679/2018 1368/684/2018
f 1364/680/2017 1368/684/2018 1367/683/2017
f 1377/693/879 1378/694/879 1379/695/879
f 1377/693/879 1379/695/879 1380/696/879
f 1378/694/2019 1377/693/2019 1381/697/2019
f 1378/694/2019 1381/697/2019 1382/698/2019
f 1383/699/885 1384/700/885 1385/701/885
f 1383/699/885 1385/701/885 1386/702/885
f 1386/702/672 1385/701/672 1380/696/672
f 1386/702/672 1380/696/672 1379/695/672
f 1387/703/2020 1388/704/2021 1365/681/2022
f 1387/703/2020 1365/681/2022 1361/677/2023
f 1389/705/2024 1390/706/2025 1370/686/2026
f 1389/705/2024 1370/686/2026 1374/690/2027
f 1390/706/2025 1391/707/2028 1371/687/2029
f 1390/706/2025 1371/687/2029 1370/686/2026
f 1392/708/2030 1387/703/2020 1361/677/2023
f 1392/708/2030 1361/677/2023 1364/680/2031
f 1391/707/2028 1393/709/2032 1376/692/2033
f 1391/707/2028 1376/692/2033 1371/687/2029
f 1394/710/2034 1392/708/2030 1364/680/2031
f 1394/710/2034 1364/680/2031 1367/683/2035
f 1393/709/2032 1389/705/2024 1374/690/2027
f 1393/709/2032 1374/690/2027 1376/692/2033
f 1388/704/2021 1394/710/2034 1367/683/2035
f 1388/704/2021 1367/683/2035 1365/681/2022
f 1395/711/2019 1396/712/2019 1397/713/2019
f 1395/711/2019 1397/713/2019 1398/714/2019
f 1399/715/672 1400/716/672 1401/717/672
f 1399/715/672 1401/717/672 1402/718/672
f 1403/719/2036 1404/720/2037 1405/721/2037
f 1403/719/2036 1405/721/2037 1406/722/2038
f 1407/723/2019 1408/724/2019 1409/725/2019
f 1407/723/2019 1409/725/2019 1410/726/2019
f 1407/723/2019 1410/726/2019 1411/727/2019
f 1407/723/2019 1411/727/2019 1412/728/2019
f 1407/723/2019 1412/728/2019 1413/729/2019
f 1407/723/2019 1413/729/2019 1414/730/2019
f 1415/731/2039 1416/732/2040 1417/733/2041
f 1415/731/2039 1417/733/2041 1418/734/2042
f 1418/734/2042 1417/733/2041 1419/735/2043
f 1418/734/2042 1419/735/2043 1420/736/2044
f 1421/737/2045 1422/738/2045 1423/739/2045
f 1421/737/2045 1423/739/2045 1424/740/2046
f 1425/741/2047 1426/742/2048 1427/743/2049
f 1425/741/2047 1427/743/2049 1428/744/2050
f 1426/742/2051 1425/741/2052 1429/745/2053
f 1426/742/2051 1429/745/2053 1430/746/2054
f 1428/744/2050 1427/743/2049 1431/747/2055
f 1428/744/2050 1431/747/2055 1432/748/2056
f 1403/719/2057 1398/714/2057 1397/713/2057
f 1403/719/2057 1397/713/2057 1404/720/2057
f 1433/749/2058 1434/750/2059 1435/751/2060
f 1433/749/2058 1435/751/2060 1436/752/2061
f 1436/752/2061 1435/751/2060 1437/753/2062
f 1436/752/2061 1437/753/2062 1438/754/2063
f 1439/755/2064 1440/756/2065 1441/757/2066
f 1439/755/2064 1441/757/2066 1442/758/2067
f 1442/758/2067 1441/757/2066 1443/759/2068
f 1442/758/2067 1443/759/2068 1444/760/2069
f 1438/754/2070 1437/753/2071 1445/761/2070
f 1438/754/2070 1445/761/2070 1446/762/2072
f 1444/760/2073 1443/759/2074 1447/763/2074
f 1444/760/2073 1447/763/2074 1448/764/2075
f 1420/736/2076 1449/765/2077 1429/745/2077
f 1420/736/2076 1429/745/2077 1425/741/2078
f 1418/734/2079 1420/736/2076 1425/741/2078
f 1418/734/2079 1425/741/2078 1428/744/2080
f 1415/731/2019 1418/734/2079 1428/744/2080
f 1415/731/2019 1428/744/2080 1432/748/2019
f 1450/766/2081 1451/767/2081 1452/768/2081
f 1450/766/2081 1452/768/2081 1453/769/2081
f 1450/766/2082 1453/769/2082 1454/770/2082
f 1450/766/2082 1454/770/2082 1455/771/2082
f 1455/771/2083 1454/770/2083 1456/772/2083
f 1455/771/2083 1456/772/2083 1457/773/2083
f 1433/749/672 1436/752/2084 1458/774/2085
f 1433/749/672 1458/774/2085 1459/775/672
f 1441/757/2019 1440/756/2019 1460/776/2019
f 1441/757/2019 1460/776/2019 1461/777/2019
f 1436/752/2084 1438/754/2086 1462/778/2087
f 1436/752/2084 1462/778/2087 1458/774/2085
f 1443/759/2019 1441/757/2019 1461/777/2019
f 1443/759/2019 1461/777/2019 1463/779/2019
f 1438/754/2086 1446/762/672 1464/780/672
f 1438/754/2086 1464/780/672 1462/778/2087
f 1447/763/2019 1443/759/2019 1463/779/2019
f 1447/763/2019 1463/779/2019 1465/781/2019
f 1466/782/2088 1467/783/2088 1468/784/2089
f 1466/782/2088 1468/784/2089 1469/785/2090
f 1469/785/2090 1468/784/2089 1470/786/2091
f 1469/785/2090 1470/786/2091 1471/787/2092
f 1472/788/2093 1473/789/2093 1471/787/2094
f 1472/788/2093 1471/787/2094 1470/786/2095
f 1474/790/2096 1475/791/2097 1476/792/2098
f 1474/790/2096 1476/792/2098 1477/793/2099
f 1475/791/2100 1474/790/2101 1478/794/2102
f 1475/791/2100 1478/794/2102 1479/795/2103
f 1479/795/2103 1478/794/2102 1480/796/2104
f 1479/795/2103 1480/796/2104 1481/797/2105
f 1399/715/2106 1406/722/2106 1405/721/2106
f 1399/715/2106 1405/721/2106 1400/716/2106
f 1472/788/672 1470/786/2107 1474/790/2108
f 1472/788/672 1474/790/2108 1477/793/672
f 1470/786/2107 1468/784/2109 1478/794/2110
f 1470/786/2107 1478/794/2110 1474/790/2108
f 1468/784/2109 1467/783/2111 1480/796/2111
f 1468/784/2109 1480/796/2111 1478/794/2110
f 1482/798/2112 1483/799/2112 1484/800/2112
f 1482/798/2112 1484/800/2112 1485/801/2112
f 1486/802/2113 1487/803/2113 1483/799/2113
f 1486/802/2113 1483/799/2113 1482/798/2113
f 1488/804/2114 1487/803/2114 1486/802/2114
f 1488/804/2114 1486/802/2114 1489/805/2114
f 1490/806/876 1491/804/876 1492/805/876
f 1490/806/876 1492/805/876 1493/807/876
f 1494/808/2115 1490/806/2115 1493/807/2115
f 1494/808/2115 1493/807/2115 1495/809/2115
f 1495/809/2116 1496/810/2116 1497/811/2116
f 1495/809/2116 1497/811/2116 1494/808/2116
f 1498/723/672 1499/726/672 1500/725/672
f 1498/723/672 1500/725/672 1501/724/672
f 1498/723/672 1502/728/672 1503/727/672
f 1498/723/672 1503/727/672 1499/726/672
f 1498/723/672 1504/730/672 1505/729/672
f 1498/723/672 1505/729/672 1502/728/672
f 388/113/2117 392/117/2117 391/116/2118
f 388/113/2117 391/116/2118 389/114/2119
f 386/111/377 388/113/379 390/115/381
f 386/111/377 390/115/381 387/112/378
f 382/107/2120 386/111/2121 385/110/2122
f 382/107/2120 385/110/2122 383/108/2123
f 392/117/383 382/107/373 384/109/375
f 392/117/383 384/109/375 393/118/384
f 1506/414/2124 1507/415/2125 1508/416/2126
f 1506/414/2124 1508/416/2126 1509/417/2127
f 393/118/384 1510/418/2128 1511/419/2129
f 393/118/384 1511/419/2129 391/116/382
f 1512/420/2130 384/109/375 383/108/374
f 1512/420/2130 383/108/374 1513/421/2131
f 1514/422/2132 1515/423/2133 418/143/2134
f 1514/422/2132 418/143/2134 419/144/2135
f 1516/424/2136 385/110/376 387/112/378
f 1516/424/2136 387/112/378 1517/425/2137
f 1518/426/2138 1519/427/2139 1520/428/2140
f 1518/426/2138 1520/428/2140 1521/429/2141
f 1522/430/2139 390/115/381 389/114/380
f 1522/430/2139 389/114/380 1523/431/2142
f 1524/432/2143 1525/433/2144 420/145/2145
f 1524/432/2143 420/145/2145 421/146/2146
f 394/119/2147 418/143/2148 1521/429/2149
f 394/119/2147 1521/429/2149 395/120/2150
f 419/144/2151 394/119/2152 396/121/2153
f 419/144/2151 396/121/2153 1508/416/2154
f 397/122/388 396/121/387 395/120/386
f 397/122/388 395/120/386 398/123/389
f 1509/417/2155 397/122/2156 399/124/2157
f 1509/417/2155 399/124/2157 420/145/2158
f 398/123/2159 1520/428/2160 421/146/2161
f 398/123/2159 421/146/2161 399/124/2162
f 1526/434/2163 1527/435/2164 1528/436/2165
f 1526/434/2163 1528/436/2165 1529/437/2166
f 414/139/2167 1526/434/2168 423/148/2169
f 414/139/2167 423/148/2169 412/137/2170
f 417/142/408 414/139/405 413/138/404
f 417/142/408 413/138/404 415/140/406
f 1527/435/2171 417/142/2172 416/141/2173
f 1527/435/2171 416/141/2173 424/149/2174
f 1530/438/2175 1531/439/2176 1532/440/2177
f 1530/438/2175 1532/440/2177 1533/441/2178
f 415/140/2179 1530/438/2180 425/150/2181
f 415/140/2179 425/150/2181 416/141/2182
f 1531/439/2183 413/138/2184 412/137/2185
f 1531/439/2183 412/137/2185 422/147/2186
f 422/147/2187 423/148/2188 1534/442/2189
f 422/147/2187 1534/442/2189 1535/443/2189
f 424/149/2190 425/150/2191 1536/444/2192
f 424/149/2190 1536/444/2192 1537/445/2193
f 1538/446/2194 410/135/401 409/134/400
f 1538/446/2194 409/134/400 1539/447/2195
f 401/126/392 1540/448/2196 1541/449/2197
f 401/126/392 1541/449/2197 402/127/393
f 410/135/401 401/126/392 400/125/391
f 410/135/401 400/125/391 411/136/402
f 411/136/2198 406/131/2199 408/133/2200
f 411/136/2198 408/133/2200 409/134/2201
f 405/130/2202 400/125/2203 402/127/2204
f 405/130/2202 402/127/2204 403/128/2205
f 406/131/397 405/130/396 404/129/395
f 406/131/397 404/129/395 407/132/398
f 403/128/394 1542/450/2206 1543/451/2207
f 403/128/394 1543/451/2207 404/129/395
f 407/132/398 1544/452/2208 1545/453/2209
f 407/132/398 1545/453/2209 408/133/399
f 1508/416/2210 1507/415/2130 1514/422/2131
f 1508/416/2210 1514/422/2131 419/144/2211
f 418/143/2212 1515/423/2136 1518/426/2137
f 418/143/2212 1518/426/2137 1521/429/2213
f 1520/428/2140 1519/427/2139 1524/432/2142
f 1520/428/2140 1524/432/2142 421/146/2214
f 420/145/2215 1525/433/2216 1506/414/2124
f 420/145/2215 1506/414/2124 1509/417/2127
f 1531/439/2217 422/147/2218 1535/443/2197
f 1531/439/2217 1535/443/2197 1532/440/2196
f 423/148/2219 1526/434/2220 1529/437/2207
f 423/148/2219 1529/437/2207 1534/442/2206
f 1527/435/2164 424/149/2221 1537/445/2222
f 1527/435/2164 1537/445/2222 1528/436/2165
f 425/150/2223 1530/438/2175 1533/441/2178
f 425/150/2223 1533/441/2178 1536/444/2224
f 388/113/2225 386/111/2121 382/107/2120
f 388/113/2225 382/107/2120 392/117/2226
f 1510/418/2128 393/118/384 384/109/375
f 1510/418/2128 384/109/375 1512/420/2130
f 1513/421/2227 383/108/2123 385/110/2122
f 1513/421/2227 385/110/2122 1516/424/2228
f 1517/425/2137 387/112/378 390/115/381
f 1517/425/2137 390/115/381 1522/430/2139
f 1523/431/2229 389/114/2119 391/116/2118
f 1523/431/2229 391/116/2118 1511/419/2230
f 1508/416/2154 396/121/2153 397/122/2156
f 1508/416/2154 397/122/2156 1509/417/2155
f 1520/428/2160 398/123/2159 395/120/2150
f 1520/428/2160 395/120/2150 1521/429/2149
f 1526/434/2168 414/139/2167 417/142/2172
f 1526/434/2168 417/142/2172 1527/435/2171
f 1530/438/2180 415/140/2179 413/138/2184
f 1530/438/2180 413/138/2184 1531/439/2183
f 1538/446/2194 1540/448/2196 401/126/392
f 1538/446/2194 401/126/392 410/135/401
f 411/136/2231 400/125/2203 405/130/2202
f 411/136/2231 405/130/2202 406/131/2232
f 403/128/2205 402/127/2204 1541/449/2233
f 403/128/2205 1541/449/2233 1542/450/2234
f 407/132/398 404/129/2235 1543/451/2235
f 407/132/398 1543/451/2235 1544/452/2208
f 409/134/2201 408/133/2200 1545/453/2236
f 409/134/2201 1545/453/2236 1539/447/2236
f 428/153/421 427/152/420 1546/454/2237
f 428/153/421 1546/454/2237 1547/455/2238
f 1548/456/2239 1547/455/2238 1546/454/2237
f 1548/456/2239 1546/454/2237 1549/457/2240
f 1550/458/2241 1546/454/2237 427/152/423
f 1550/458/2241 427/152/423 429/154/422
f 1549/457/2240 1546/454/2237 1550/458/2241
f 1549/457/2240 1550/458/2241 1551/459/2242
f 1552/460/2243 1553/461/2244 438/163/2245
f 1552/460/2243 438/163/2245 437/162/2246
f 1553/461/2244 1552/460/2243 430/155/424
f 1553/461/2244 430/155/424 432/157/426
f 431/156/2247 430/155/2248 1554/462/2249
f 431/156/2247 1554/462/2249 1555/463/2250
f 432/157/426 431/156/425 433/158/2251
f 432/157/426 433/158/2251 435/160/2252
f 434/159/2253 433/158/2253 1556/464/2254
f 434/159/2253 1556/464/2254 1557/465/2255
f 1558/466/2256 1559/467/2257 439/164/433
f 1558/466/2256 439/164/433 441/166/435
f 436/161/2258 438/163/2259 1560/468/2260
f 436/161/2258 1560/468/2260 1561/469/2261
f 437/162/2262 436/161/2263 1562/470/2264
f 437/162/2262 1562/470/2264 1563/471/2265
f 1561/469/2261 1560/468/2260 444/169/2266
f 1561/469/2261 444/169/2266 443/168/2267
f 440/165/2268 439/164/2269 1564/472/2270
f 440/165/2268 1564/472/2270 1565/473/2271
f 441/166/435 440/165/434 1566/474/2272
f 441/166/435 1566/474/2272 1567/475/2273
f 1567/475/2273 1566/474/2272 442/167/2274
f 1567/475/2273 442/167/2274 444/169/2274
f 443/168/2275 442/167/2275 1568/476/2276
f 443/168/2275 1568/476/2276 1569/477/2277
f 1570/478/2278 1571/479/2279 1572/480/2280
f 1570/478/2278 1572/480/2280 1573/481/2281
f 1571/479/2279 1570/478/2278 1574/482/2282
f 1571/479/2279 1574/482/2282 1575/483/2283
f 1573/481/2281 1572/480/2280 1576/484/2284
f 1573/481/2281 1576/484/2284 1577/485/2285
f 1577/485/2285 1576/484/2284 1578/486/2286
f 1577/485/2285 1578/486/2286 1579/487/2287
f 1579/487/2287 1578/486/2286 1580/488/2288
f 1579/487/2287 1580/488/2288 1581/489/2289
f 1582/490/2290 1583/491/2291 1584/492/2292
f 1582/490/2290 1584/492/2292 1585/493/2293
f 1583/491/2291 1582/490/2290 1581/489/2289
f 1583/491/2291 1581/489/2289 1580/488/2288
f 1585/493/2293 1584/492/2292 1575/483/2283
f 1585/493/2293 1575/483/2283 1574/482/2282
f 1552/460/2294 1586/494/2295 1554/462/2249
f 1552/460/2294 1554/462/2249 430/155/2248
f 437/162/2296 1563/471/2297 1586/494/2295
f 437/162/2296 1586/494/2295 1552/460/2294
f 1561/469/530 1587/495/530 1562/470/530
f 1561/469/530 1562/470/530 436/161/530
f 440/165/2268 1565/473/2271 1588/496/2298
f 440/165/2268 1588/496/2298 1566/474/2299
f 1566/474/2299 1588/496/2298 1568/476/2300
f 1566/474/2299 1568/476/2300 442/167/2300
f 443/168/530 1569/477/530 1587/495/530
f 443/168/530 1587/495/530 1561/469/530
f 431/156/2247 1555/463/2250 1556/464/2301
f 431/156/2247 1556/464/2301 433/158/2302
f 1559/467/2303 1589/497/2304 1564/472/2270
f 1559/467/2303 1564/472/2270 439/164/2269
f 1590/498/2305 1591/499/2306 1570/478/2278
f 1590/498/2305 1570/478/2278 1573/481/2281
f 1592/500/2307 1590/498/2305 1573/481/2281
f 1592/500/2307 1573/481/2281 1577/485/2285
f 1593/501/2308 1592/500/2307 1577/485/2285
f 1593/501/2308 1577/485/2285 1579/487/2287
f 1594/502/2309 1595/503/2310 1582/490/2290
f 1594/502/2309 1582/490/2290 1585/493/2293
f 1595/503/2310 1596/504/2311 1581/489/2289
f 1595/503/2310 1581/489/2289 1582/490/2290
f 1596/504/2311 1593/501/2308 1579/487/2287
f 1596/504/2311 1579/487/2287 1581/489/2289
f 1591/499/2306 1597/505/2312 1574/482/2282
f 1591/499/2306 1574/482/2282 1570/478/2278
f 1597/505/2312 1594/502/2309 1585/493/2293
f 1597/505/2312 1585/493/2293 1574/482/2282
f 1572/480/2280 1571/479/2279 428/153/2313
f 1572/480/2280 428/153/2313 1547/455/2314
f 1576/484/2284 1572/480/2280 1547/455/2314
f 1576/484/2284 1547/455/2314 1548/456/2315
f 1578/486/2286 1576/484/2284 1548/456/2239
f 1578/486/2286 1548/456/2239 1549/457/2240
f 1584/492/2292 1583/491/2291 1550/458/2316
f 1584/492/2292 1550/458/2316 429/154/2317
f 1583/491/2291 1580/488/2288 1551/459/2318
f 1583/491/2291 1551/459/2318 1550/458/2316
f 1580/488/2288 1578/486/2286 1549/457/2240
f 1580/488/2288 1549/457/2240 1551/459/2242
f 1571/479/2279 1575/483/2283 426/151/2319
f 1571/479/2279 426/151/2319 428/153/2313
f 1575/483/2283 1584/492/2292 429/154/2317
f 1575/483/2283 429/154/2317 426/151/2320
f 1598/273/2321 1599/274/2321 1600/275/2322
f 1598/273/2321 1600/275/2322 1601/276/2322
f 1602/277/2323 1603/278/2323 1604/279/2324
f 1602/277/2323 1604/279/2324 1605/280/2324
f 1606/281/2325 1607/282/2325 1608/283/2326
f 1606/281/2325 1608/283/2326 1609/284/2326
f 1610/285/2327 1611/286/2328 446/2/439
f 1610/285/2327 446/2/439 445/1/438
f 1611/286/2329 1610/285/2330 1612/287/2331
f 1611/286/2329 1612/287/2331 1613/288/2329
f 445/1/2332 447/3/2333 457/13/2334
f 445/1/2332 457/13/2334 459/15/2335
f 447/3/440 446/2/439 450/6/443
f 447/3/440 450/6/443 449/5/442
f 448/4/441 450/6/443 1614/289/2336
f 448/4/441 1614/289/2336 1615/290/2337
f 449/5/2338 448/4/2339 464/20/2340
f 449/5/2338 464/20/2340 463/19/2341
f 1616/291/2342 1617/292/2343 1618/293/2344
f 1616/291/2342 1618/293/2344 1619/294/2345
f 1617/292/2346 1616/291/2347 453/9/446
f 1617/292/2346 453/9/446 452/8/445
f 451/7/2348 453/9/2349 460/16/2350
f 451/7/2348 460/16/2350 462/18/2351
f 452/8/445 451/7/444 454/10/447
f 452/8/445 454/10/447 456/12/449
f 455/11/2352 454/10/2353 467/23/2354
f 455/11/2352 467/23/2354 466/22/2355
f 456/12/449 455/11/448 1620/295/2356
f 456/12/449 1620/295/2356 1621/296/2357
f 1621/296/2358 1620/295/2359 1622/297/2358
f 1621/296/2358 1622/297/2358 1623/298/2360
f 1615/290/2361 1614/289/2362 1624/299/2363
f 1615/290/2361 1624/299/2363 1625/300/2361
f 1613/288/2364 1612/287/2365 459/15/452
f 1613/288/2364 459/15/452 458/14/451
f 458/14/451 457/13/450 463/19/456
f 458/14/451 463/19/456 465/21/458
f 1619/294/2366 1618/293/2367 461/17/454
f 1619/294/2366 461/17/454 460/16/453
f 462/18/455 461/17/454 468/24/461
f 462/18/455 468/24/461 467/23/460
f 465/21/458 464/20/457 1625/300/2368
f 465/21/458 1625/300/2368 1624/299/2368
f 466/22/459 468/24/461 1623/298/2369
f 466/22/459 1623/298/2369 1622/297/2370
f 466/22/2355 1622/297/2371 1620/295/2372
f 466/22/2355 1620/295/2372 455/11/2352
f 1619/294/2373 460/16/2350 453/9/2349
f 1619/294/2373 453/9/2349 1616/291/2374
f 462/18/2351 467/23/2354 454/10/2353
f 462/18/2351 454/10/2353 451/7/2348
f 445/1/2332 459/15/2335 1612/287/2375
f 445/1/2332 1612/287/2375 1610/285/2376
f 447/3/2333 449/5/2338 463/19/2341
f 447/3/2333 463/19/2341 457/13/2334
f 1615/290/2377 1625/300/2378 464/20/2340
f 1615/290/2377 464/20/2340 448/4/2339
f 1626/301/2379 1627/302/1213 1628/303/1216
f 1626/301/2379 1628/303/1216 1629/304/2380
f 1630/305/1210 1631/306/2381 1632/307/2382
f 1630/305/1210 1632/307/2382 1633/308/1211
f 1634/309/2383 1635/310/885 1636/311/885
f 1634/309/2383 1636/311/885 1637/312/2384
f 1638/313/879 1639/314/2385 1640/315/2386
f 1638/313/879 1640/315/2386 1641/316/879
f 1642/317/2387 1643/318/2387 1626/301/2379
f 1642/317/2387 1626/301/2379 1629/304/2380
f 1644/319/2388 1645/320/2389 1634/309/2383
f 1644/319/2388 1634/309/2383 1637/312/2384
f 1646/321/2390 1647/322/2391 1640/315/2386
f 1646/321/2390 1640/315/2386 1639/314/2385
f 1648/323/2390 1649/324/2391 1632/307/2382
f 1648/323/2390 1632/307/2382 1631/306/2381
f 1650/325/2392 1651/326/2392 1652/327/2393
f 1650/325/2392 1652/327/2393 1653/328/2393
f 469/25/2394 472/28/2394 1654/329/2394
f 469/25/2394 1654/329/2394 470/26/2395
f 473/29/2396 469/25/2396 471/27/2397
f 473/29/2396 471/27/2397 1655/330/2396
f 1651/326/2398 1656/331/2399 1657/332/2400
f 1651/326/2398 1657/332/2400 1652/327/2401
f 1658/333/2402 1659/334/2403 1650/325/2404
f 1658/333/2402 1650/325/2404 1653/328/2405
f 474/30/2406 476/31/2406 480/34/2406
f 474/30/2406 480/34/2406 482/36/2406
f 475/31/2407 474/30/2408 1660/335/2409
f 475/31/2407 1660/335/2409 1661/336/2410
f 476/31/2411 475/31/2412 478/32/2413
f 476/31/2411 478/32/2413 477/32/2414
f 477/32/2415 479/33/2415 483/37/2415
f 477/32/2415 483/37/2415 485/38/2415
f 479/33/2416 478/32/2417 1662/337/2418
f 479/33/2416 1662/337/2418 1663/338/2416
f 481/35/2419 480/34/2420 485/38/2421
f 481/35/2419 485/38/2421 484/38/2422
f 482/36/2423 481/35/2424 1664/339/2425
f 482/36/2423 1664/339/2425 1665/340/2426
f 484/38/2427 483/37/2428 1666/341/2429
f 484/38/2427 1666/341/2429 1667/342/2430
f 475/31/2431 1661/336/2432 1662/337/2431
f 475/31/2431 1662/337/2431 478/32/2431
f 1664/339/2433 481/35/2434 484/38/2434
f 1664/339/2433 484/38/2434 1667/342/2433
f 477/32/2435 485/38/2436 480/34/2437
f 477/32/2435 480/34/2437 476/31/2438
f 1668/343/2439 1669/344/2440 1670/345/2441
f 1668/343/2439 1670/345/2441 1671/346/2442
f 1600/275/2322 1607/282/2325 1606/281/2325
f 1600/275/2322 1606/281/2325 1601/276/2322
f 1604/279/2324 1599/274/2321 1598/273/2321
f 1604/279/2324 1598/273/2321 1605/280/2324
f 1672/506/2443 1673/507/2444 1674/508/2445
f 1672/506/2443 1674/508/2445 1675/509/2446
f 1674/508/2445 1673/507/2444 1676/510/2447
f 1674/508/2445 1676/510/2447 1677/511/2448
f 486/170/477 488/172/479 1678/512/2449
f 486/170/477 1678/512/2449 1679/513/2450
f 1680/514/2451 1681/515/2452 1682/516/2453
f 1680/514/2451 1682/516/2453 1683/517/2454
f 1682/516/2453 1684/518/2455 1685/519/2456
f 1682/516/2453 1685/519/2456 1683/517/2454
f 489/173/480 1686/520/2457 1687/521/2458
f 489/173/480 1687/521/2458 490/174/481
f 1688/522/2459 493/177/2459 492/176/2459
f 1688/522/2459 492/176/2459 1689/523/2459
f 487/171/2460 486/170/2460 1690/524/2460
f 487/171/2460 1690/524/2460 1691/525/2460
f 489/173/2461 487/171/2461 1691/525/2461
f 489/173/2461 1691/525/2461 1692/526/2461
f 1693/812/2462 1694/813/2463 1695/814/2464
f 1693/812/2462 1695/814/2464 1696/815/2463
f 1696/815/2465 1695/814/2466 1697/816/2467
f 1696/815/2465 1697/816/2467 1698/817/2465
f 1699/818/2468 1700/819/2469 1701/820/2468
f 1699/818/2468 1701/820/2468 1702/821/2468
f 1702/821/2470 1701/820/2470 1703/822/2470
f 1702/821/2470 1703/822/2470 1704/823/2471
f 1705/824/2472 1706/825/2473 1707/826/2474
f 1705/824/2472 1707/826/2474 1708/827/2473
f 1706/825/2475 1705/824/2475 1709/828/2476
f 1706/825/2475 1709/828/2476 1710/829/2477
f 1711/830/2478 1712/831/2479 1713/832/2480
f 1711/830/2478 1713/832/2480 1714/833/2479
f 1712/831/2481 1711/830/2482 1715/834/2483
f 1712/831/2481 1715/834/2483 1716/835/2484
f 1695/814/2485 1694/813/2486 1699/818/2486
f 1695/814/2485 1699/818/2486 1702/821/2485
f 1717/836/2487 1712/831/2487 1716/835/2488
f 1717/836/2487 1716/835/2488 1718/837/2488
f 1701/820/2489 1700/819/2490 1715/834/2491
f 1701/820/2489 1715/834/2491 1711/830/2492
f 1706/825/2493 1710/829/2494 1693/812/2494
f 1706/825/2493 1693/812/2494 1696/815/2493
f 1695/814/2485 1702/821/2485 1704/823/2495
f 1695/814/2485 1704/823/2495 1697/816/2495
f 1701/820/2489 1711/830/2492 1714/833/2496
f 1701/820/2489 1714/833/2496 1703/822/2496
f 1712/831/2487 1717/836/2487 1719/838/2497
f 1712/831/2487 1719/838/2497 1713/832/2497
f 1706/825/2493 1696/815/2493 1698/817/2498
f 1706/825/2493 1698/817/2498 1707/826/2498
f 1699/818/2499 1694/813/2500 1720/839/2501
f 1699/818/2499 1720/839/2501 1721/840/2502
f 1700/819/2503 1699/818/2503 1721/840/2503
f 1700/819/2503 1721/840/2503 1722/841/2503
f 1715/834/2504 1700/819/2505 1722/841/2506
f 1715/834/2504 1722/841/2506 1723/842/2507
f 1718/837/2508 1716/835/2509 1724/843/2510
f 1718/837/2508 1724/843/2510 1725/844/2511
f 1710/829/2512 1709/828/2513 1726/845/2513
f 1710/829/2512 1726/845/2513 1727/846/2514
f 1693/812/2515 1710/829/2516 1727/846/2515
f 1693/812/2515 1727/846/2515 1728/847/2517
f 1694/813/2518 1693/812/2519 1728/847/2520
f 1694/813/2518 1728/847/2520 1720/839/2521
f 1716/835/2522 1715/834/2523 1723/842/2524
f 1716/835/2522 1723/842/2524 1724/843/2523
f 494/214/2525 1729/848/2526 1730/849/2527
f 494/214/2525 1730/849/2527 495/215/2528
f 1729/848/2526 494/214/2525 497/217/2529
f 1729/848/2526 497/217/2529 1731/850/2530
f 1731/850/2530 497/217/2529 498/218/2531
f 1731/850/2530 498/218/2531 1732/851/2532
f 495/215/2528 1730/849/2527 1733/852/2533
f 495/215/2528 1733/852/2533 499/219/2534
f 499/219/2534 1733/852/2533 1734/853/2535
f 499/219/2534 1734/853/2535 500/220/2536
f 500/220/2536 1734/853/2535 1735/854/2537
f 500/220/2536 1735/854/2537 501/221/2538
f 501/221/2538 1735/854/2537 1736/855/2539
f 501/221/2538 1736/855/2539 502/222/2540
f 502/222/2540 1736/855/2539 1732/851/2532
f 502/222/2540 1732/851/2532 498/218/2531
f 1737/856/2541 1738/857/2541 1739/858/2541
f 1737/856/2541 1739/858/2541 1740/859/2541
f 1741/860/2542 1742/861/2542 1743/862/2542
f 1741/860/2542 1743/862/2542 1744/863/2542
f 1745/864/2543 1746/865/2544 1747/866/2543
f 1745/864/2543 1747/866/2543 1748/867/2544
f 1749/868/2545 1750/869/2545 1751/870/2545
f 1749/868/2545 1751/870/2545 1752/871/2545
f 1738/857/2546 1741/860/2546 1744/863/2547
f 1738/857/2546 1744/863/2547 1739/858/2547
f 1742/861/2548 1745/864/2548 1748/867/2548
f 1742/861/2548 1748/867/2548 1743/862/2548
f 1746/865/2549 1753/872/2549 1754/873/2550
f 1746/865/2549 1754/873/2550 1747/866/2550
f 1750/869/2551 1737/856/2551 1740/859/2551
f 1750/869/2551 1740/859/2551 1751/870/2551
f 1395/711/2019 1396/712/2019 1397/713/2019
f 1395/711/2019 1397/713/2019 1398/714/2019
f 1399/715/672 1400/716/672 1401/717/672
f 1399/715/672 1401/717/672 1402/718/672
f 1403/719/2036 1404/720/2037 1405/721/2037
f 1403/719/2036 1405/721/2037 1406/722/2038
f 1415/731/2039 1416/732/2040 1417/733/2041
f 1415/731/2039 1417/733/2041 1418/734/2042
f 1418/734/2042 1417/733/2041 1419/735/2043
f 1418/734/2042 1419/735/2043 1420/736/2044
f 1421/737/2045 1422/738/2045 1423/739/2045
f 1421/737/2045 1423/739/2045 1424/740/2046
f 1425/741/2047 1426/742/2048 1427/743/2049
f 1425/741/2047 1427/743/2049 1428/744/2050
f 1426/742/2051 1425/741/2052 1429/745/2053
f 1426/742/2051 1429/745/2053 1430/746/2054
f 1428/744/2050 1427/743/2049 1431/747/2055
f 1428/744/2050 1431/747/2055 1432/748/2056
f 1403/719/2057 1398/714/2057 1397/713/2057
f 1403/719/2057 1397/713/2057 1404/720/2057
f 1433/749/2058 1434/750/2059 1435/751/2060
f 1433/749/2058 1435/751/2060 1436/752/2061
f 1436/752/2061 1435/751/2060 1437/753/2062
f 1436/752/2061 1437/753/2062 1438/754/2063
f 1439/755/2064 1440/756/2065 1441/757/2066
f 1439/755/2064 1441/757/2066 1442/758/2067
f 1442/758/2067 1441/757/2066 1443/759/2068
f 1442/758/2067 1443/759/2068 1444/760/2069
f 1438/754/2070 1437/753/2071 1445/761/2070
f 1438/754/2070 1445/761/2070 1446/762/2072
f 1444/760/2073 1443/759/2074 1447/763/2074
f 1444/760/2073 1447/763/2074 1448/764/2075
f 1420/736/2076 1449/765/2077 1429/745/2077
f 1420/736/2076 1429/745/2077 1425/741/2078
f 1418/734/2079 1420/736/2076 1425/741/2078
f 1418/734/2079 1425/741/2078 1428/744/2080
f 1415/731/2019 1418/734/2079 1428/744/2080
f 1415/731/2019 1428/744/2080 1432/748/2019
f 1450/766/2081 1451/767/2081 1452/768/2081
f 1450/766/2081 1452/768/2081 1453/769/2081
f 1450/766/2082 1453/769/2082 1454/770/2082
f 1450/766/2082 1454/770/2082 1455/771/2082
f 1455/771/2083 1454/770/2083 1456/772/2083
f 1455/771/2083 1456/772/2083 1457/773/2083
f 1433/749/672 1436/752/2084 1458/774/2085
f 1433/749/672 1458/774/2085 1459/775/672
f 1441/757/2019 1440/756/2019 1460/776/2019
f 1441/757/2019 1460/776/2019 1461/777/2019
f 1436/752/2084 1438/754/2086 1462/778/2087
f 1436/752/2084 1462/778/2087 1458/774/2085
f 1443/759/2019 1441/757/2019 1461/777/2019
f 1443/759/2019 1461/777/2019 1463/779/2019
f 1438/754/2086 1446/762/672 1464/780/672
f 1438/754/2086 1464/780/672 1462/778/2087
f 1447/763/2019 1443/759/2019 1463/779/2019
f 1447/763/2019 1463/779/2019 1465/781/2019
f 1466/782/2088 1467/783/2088 1468/784/2089
f 1466/782/2088 1468/784/2089 1469/785/2090
f 1469/785/2090 1468/784/2089 1470/786/2091
f 1469/785/2090 1470/786/2091 1471/787/2092
f 1472/788/2093 1473/789/2093 1471/787/2094
f 1472/788/2093 1471/787/2094 1470/786/2095
f 1474/790/2096 1475/791/2097 1476/792/2098
f 1474/790/2096 1476/792/2098 1477/793/2099
f 1475/791/2100 1474/790/2101 1478/794/2102
f 1475/791/2100 1478/794/2102 1479/795/2103
f 1479/795/2103 1478/794/2102 1480/796/2104
f 1479/795/2103 1480/796/2104 1481/797/2105
f 1399/715/2106 1406/722/2106 1405/721/2106
f 1399/715/2106 1405/721/2106 1400/716/2106
f 1472/788/672 1470/786/2107 1474/790/2108
f 1472/788/672 1474/790/2108 1477/793/672
f 1470/786/2107 1468/784/2109 1478/794/2110
f 1470/786/2107 1478/794/2110 1474/790/2108
f 1468/784/2109 1467/783/2111 1480/796/2111
f 1468/784/2109 1480/796/2111 1478/794/2110
f 1482/798/2112 1483/799/2112 1484/800/2112
f 1482/798/2112 1484/800/2112 1485/801/2112
f 1486/802/2113 1487/803/2113 1483/799/2113
f 1486/802/2113 1483/799/2113 1482/798/2113
f 1488/804/2114 1487/803/2114 1486/802/2114
f 1488/804/2114 1486/802/2114 1489/805/2114
f 1490/806/876 1491/804/876 1492/805/876
f 1490/806/876 1492/805/876 1493/807/876
f 1494/808/2115 1490/806/2115 1493/807/2115
f 1494/808/2115 1493/807/2115 1495/809/2115
f 1495/809/2116 1496/810/2116 1497/811/2116
f 1495/809/2116 1497/811/2116 1494/808/2116
f 1755/874/2552 1756/875/2553 1757/876/2554
f 1755/874/2552 1757/876/2554 1758/877/2555
f 1756/875/2553 1755/874/2552 1759/878/2556
f 1756/875/2553 1759/878/2556 1760/879/2557
f 1760/879/2557 1759/878/2556 1761/880/2558
f 1760/879/2557 1761/880/2558 1762/881/2559
f 1762/881/2559 1761/880/2558 1763/882/2560
f 1762/881/2559 1763/882/2560 1764/883/2561
f 1764/883/2561 1763/882/2560 1765/884/2562
f 1764/883/2561 1765/884/2562 1766/885/2563
f 1766/885/2563 1765/884/2562 1767/886/2564
f 1766/885/2563 1767/886/2564 1768/887/2565
f 1768/887/2565 1767/886/2564 1769/888/2566
f 1768/887/2565 1769/888/2566 1770/889/2567
f 1770/889/2567 1769/888/2566 1771/890/2568
f 1770/889/2567 1771/890/2568 1772/891/2569
f 1772/891/2569 1771/890/2568 1773/892/2570
f 1772/891/2569 1773/892/2570 1774/893/2571
f 1774/893/2571 1773/892/2570 1775/894/2572
f 1774/893/2571 1775/894/2572 1776/895/2573
f 1776/895/2573 1775/894/2572 1777/896/2574
f 1776/895/2573 1777/896/2574 1778/897/2575
f 1778/897/2575 1777/896/2574 1779/898/2576
f 1778/897/2575 1779/898/2576 1780/899/2577
f 1780/899/2577 1779/898/2576 1781/900/2578
f 1780/899/2577 1781/900/2578 1782/901/2579
f 1782/901/2579 1781/900/2578 1783/902/2580
f 1782/901/2579 1783/902/2580 1784/903/2581
f 1785/904/2581 1786/905/2580 1787/906/2582
f 1785/904/2581 1787/906/2582 1788/907/2583
f 1788/907/2583 1787/906/2582 1758/877/2555
f 1788/907/2583 1758/877/2555 1757/876/2554
f 1759/878/2556 1755/874/2552 1789/908/2584
f 1759/878/2556 1789/908/2584 1790/909/2585
f 1761/880/2558 1759/878/2556 1790/909/2585
f 1761/880/2558 1790/909/2585 1791/910/2586
f 1763/882/2560 1761/880/2558 1791/910/2586
f 1763/882/2560 1791/910/2586 1792/911/2587
f 1765/884/2562 1763/882/2560 1792/911/2587
f 1765/884/2562 1792/911/2587 1793/912/2588
f 1767/886/2564 1765/884/2562 1793/912/2588
f 1767/886/2564 1793/912/2588 1794/913/2589
f 1769/888/2566 1767/886/2564 1794/913/2589
f 1769/888/2566 1794/913/2589 1795/914/2590
f 1771/890/2568 1769/888/2566 1795/914/2590
f 1771/890/2568 1795/914/2590 1796/915/2591
f 1773/892/2570 1771/890/2568 1796/915/2591
f 1773/892/2570 1796/915/2591 1797/916/2592
f 1775/894/2572 1773/892/2570 1797/916/2592
f 1775/894/2572 1797/916/2592 1798/917/2593
f 1777/896/2574 1775/894/2572 1798/917/2593
f 1777/896/2574 1798/917/2593 1799/918/2594
f 1779/898/2576 1777/896/2574 1799/918/2594
f 1779/898/2576 1799/918/2594 1800/919/2595
f 1781/900/2578 1779/898/2576 1800/919/2595
f 1781/900/2578 1800/919/2595 1801/920/2596
f 1783/902/2580 1781/900/2578 1801/920/2596
f 1783/902/2580 1801/920/2596 1802/921/2597
f 1787/906/2582 1786/905/2580 1803/922/2597
f 1787/906/2582 1803/922/2597 1804/923/2598
f 1758/877/2555 1787/906/2582 1804/923/2598
f 1758/877/2555 1804/923/2598 1805/924/2599
f 1755/874/2552 1758/877/2555 1805/924/2599
f 1755/874/2552 1805/924/2599 1789/908/2584
f 1806/925/2600 1807/926/2601 1808/927/2602
f 1806/925/2600 1808/927/2602 1809/928/2603
f 1807/926/2601 1806/925/2600 1810/929/2604
f 1807/926/2601 1810/929/2604 1811/930/2605
f 1811/930/2605 1810/929/2604 1812/931/2606
f 1811/930/2605 1812/931/2606 1813/932/2607
f 1813/932/2607 1812/931/2606 1814/933/2608
f 1813/932/2607 1814/933/2608 1815/934/2609
f 1816/935/2609 1817/936/2608 1818/937/2610
f 1816/935/2609 1818/937/2610 1819/938/2611
f 1819/938/2611 1818/937/2610 1820/939/2612
f 1819/938/2611 1820/939/2612 1821/940/2613
f 1821/940/2613 1820/939/2612 1822/941/2614
f 1821/940/2613 1822/941/2614 1823/942/2615
f 1823/942/2615 1822/941/2614 1824/943/2616
f 1823/942/2615 1824/943/2616 1825/944/2617
f 1825/944/2617 1824/943/2616 1826/945/2618
f 1825/944/2617 1826/945/2618 1827/946/2619
f 1827/946/2619 1826/945/2618 1828/947/2620
f 1827/946/2619 1828/947/2620 1829/948/2621
f 1829/948/2621 1828/947/2620 1830/949/2622
f 1829/948/2621 1830/949/2622 1831/950/2623
f 1831/950/2623 1830/949/2622 1832/951/2624
f 1831/950/2623 1832/951/2624 1833/952/2625
f 1833/952/2625 1832/951/2624 1834/953/2626
f 1833/952/2625 1834/953/2626 1835/954/2627
f 1835/954/2627 1834/953/2626 1836/955/2628
f 1835/954/2627 1836/955/2628 1837/956/2629
f 1837/956/2629 1836/955/2628 1838/957/2630
f 1837/956/2629 1838/957/2630 1839/958/2631
f 1839/958/2631 1838/957/2630 1809/928/2603
f 1839/958/2631 1809/928/2603 1808/927/2602
f 1840/959/2632 1841/960/2633 1810/929/2634
f 1840/959/2632 1810/929/2634 1806/925/2632
f 1841/960/2633 1842/961/2635 1812/931/2636
f 1841/960/2633 1812/931/2636 1810/929/2634
f 1842/961/2635 1843/962/2637 1814/933/2638
f 1842/961/2635 1814/933/2638 1812/931/2636
f 1844/963/2637 1845/964/2639 1818/937/2640
f 1844/963/2637 1818/937/2640 1817/936/2638
f 1845/964/2639 1846/965/2641 1820/939/2642
f 1845/964/2639 1820/939/2642 1818/937/2640
f 1846/965/2641 1847/966/2643 1822/941/2644
f 1846/965/2641 1822/941/2644 1820/939/2642
f 1847/966/2643 1848/967/2645 1824/943/2646
f 1847/966/2643 1824/943/2646 1822/941/2644
f 1848/967/2645 1849/968/2647 1826/945/2648
f 1848/967/2645 1826/945/2648 1824/943/2646
f 1849/968/2647 1850/969/2649 1828/947/2650
f 1849/968/2647 1828/947/2650 1826/945/2648
f 1850/969/2649 1851/970/2651 1830/949/2652
f 1850/969/2649 1830/949/2652 1828/947/2650
f 1851/970/2651 1852/971/2653 1832/951/2654
f 1851/970/2651 1832/951/2654 1830/949/2652
f 1852/971/2653 1853/972/2655 1834/953/2656
f 1852/971/2653 1834/953/2656 1832/951/2654
f 1853/972/2655 1854/973/2657 1836/955/2658
f 1853/972/2655 1836/955/2658 1834/953/2656
f 1854/973/2657 1855/974/2659 1838/957/2660
f 1854/973/2657 1838/957/2660 1836/955/2658
f 1855/974/2659 1856/975/2661 1809/928/2662
f 1855/974/2659 1809/928/2662 1838/957/2660
f 1856/975/2661 1840/959/2632 1806/925/2632
f 1856/975/2661 1806/925/2632 1809/928/2662
f 1807/926/2663 1811/930/2664 1857/976/2665
f 1807/926/2663 1857/976/2665 1858/977/2666
f 1811/930/2664 1813/932/2667 1859/978/2668
f 1811/930/2664 1859/978/2668 1857/976/2665
f 1813/932/2667 1815/934/2669 1860/979/2670
f 1813/932/2667 1860/979/2670 1859/978/2668
f 1816/935/2669 1819/938/2671 1861/980/2672
f 1816/935/2669 1861/980/2672 1862/981/2670
f 1819/938/2671 1821/940/2673 1863/982/2674
f 1819/938/2671 1863/982/2674 1861/980/2672
f 1821/940/2673 1823/942/2675 1864/983/2676
f 1821/940/2673 1864/983/2676 1863/982/2674
f 1823/942/2675 1825/944/2677 1865/984/2678
f 1823/942/2675 1865/984/2678 1864/983/2676
f 1825/944/2677 1827/946/2679 1866/985/2680
f 1825/944/2677 1866/985/2680 1865/984/2678
f 1827/946/2679 1829/948/2681 1867/986/2682
f 1827/946/2679 1867/986/2682 1866/985/2680
f 1829/948/2681 1831/950/2683 1868/987/2684
f 1829/948/2681 1868/987/2684 1867/986/2682
f 1831/950/2683 1833/952/2685 1869/988/2686
f 1831/950/2683 1869/988/2686 1868/987/2684
f 1833/952/2685 1835/954/2687 1870/989/2688
f 1833/952/2685 1870/989/2688 1869/988/2686
f 1835/954/2687 1837/956/2689 1871/990/2690
f 1835/954/2687 1871/990/2690 1870/989/2688
f 1837/956/2689 1839/958/2691 1872/991/2692
f 1837/956/2689 1872/991/2692 1871/990/2690
f 1839/958/2691 1808/927/2693 1873/992/2694
f 1839/958/2691 1873/992/2694 1872/991/2692
f 1808/927/2693 1807/926/2663 1858/977/2666
f 1808/927/2693 1858/977/2666 1873/992/2694
f 1874/993/2695 1875/994/2695 1876/995/2695
f 1874/993/2695 1876/995/2695 1877/996/2696
f 1875/994/2697 1878/997/2698 1879/998/2699
f 1875/994/2697 1879/998/2699 1876/995/2699
f 1878/997/530 1880/999/530 1881/1000/530
f 1878/997/530 1881/1000/530 1879/998/530
f 1880/999/530 1882/1001/530 1883/1002/530
f 1880/999/530 1883/1002/530 1881/1000/530
f 1882/1001/2700 1884/1003/2701 1885/1004/2701
f 1882/1001/2700 1885/1004/2701 1883/1002/2701
f 1884/1003/530 1886/1005/530 1887/1006/530
f 1884/1003/530 1887/1006/530 1885/1004/530
f 1886/1005/530 1888/1007/530 1889/1008/530
f 1886/1005/530 1889/1008/530 1887/1006/530
f 1888/1007/530 1890/1009/530 1891/1010/530
f 1888/1007/530 1891/1010/530 1889/1008/530
f 1890/1009/2702 1892/1011/2703 1893/1012/2703
f 1890/1009/2702 1893/1012/2703 1891/1010/2703
f 1892/1011/2697 1894/1013/2698 1895/1014/2697
f 1892/1011/2697 1895/1014/2697 1893/1012/2698
f 1894/1013/530 1896/1015/530 1897/1016/530
f 1894/1013/530 1897/1016/530 1895/1014/530
f 1896/1015/530 1898/1017/530 1899/1018/530
f 1896/1015/530 1899/1018/530 1897/1016/530
f 1898/1017/2704 1900/1019/2705 1901/1020/2706
f 1898/1017/2704 1901/1020/2706 1899/1018/2705
f 1900/1019/2707 1902/1021/2708 1903/1022/2707
f 1900/1019/2707 1903/1022/2707 1901/1020/2709
f 1902/1021/530 1904/1023/530 1905/1024/530
f 1902/1021/530 1905/1024/530 1903/1022/530
f 1904/1023/530 1874/993/530 1877/996/530
f 1904/1023/530 1877/996/530 1905/1024/530
f 1906/1025/2710 1907/1026/2711 1908/1027/2712
f 1906/1025/2710 1908/1027/2712 1909/1028/2713
f 1907/1026/2711 1910/1029/2714 1911/1030/2715
f 1907/1026/2711 1911/1030/2715 1908/1027/2712
f 1910/1029/2714 1912/1031/2716 1913/1032/2717
f 1910/1029/2714 1913/1032/2717 1911/1030/2715
f 1914/1033/2716 1915/1034/2718 1916/1035/2719
f 1914/1033/2716 1916/1035/2719 1917/1036/2717
f 1915/1034/2718 1918/1037/2720 1919/1038/2721
f 1915/1034/2718 1919/1038/2721 1916/1035/2719
f 1918/1037/2720 1920/1039/2722 1921/1040/2723
f 1918/1037/2720 1921/1040/2723 1919/1038/2721
f 1920/1039/2722 1922/1041/2724 1923/1042/2725
f 1920/1039/2722 1923/1042/2725 1921/1040/2723
f 1922/1041/2724 1924/1043/2726 1925/1044/2727
f 1922/1041/2724 1925/1044/2727 1923/1042/2725
f 1924/1043/2726 1926/1045/2728 1927/1046/2729
f 1924/1043/2726 1927/1046/2729 1925/1044/2727
f 1926/1045/2728 1928/1047/2730 1929/1048/2731
f 1926/1045/2728 1929/1048/2731 1927/1046/2729
f 1928/1047/2730 1930/1049/2732 1931/1050/2733
f 1928/1047/2730 1931/1050/2733 1929/1048/2731
f 1930/1049/2732 1932/1051/2734 1933/1052/2735
f 1930/1049/2732 1933/1052/2735 1931/1050/2733
f 1932/1051/2734 1934/1053/2736 1935/1054/2737
f 1932/1051/2734 1935/1054/2737 1933/1052/2735
f 1934/1053/2736 1936/1055/2738 1937/1056/2739
f 1934/1053/2736 1937/1056/2739 1935/1054/2737
f 1936/1055/2738 1938/1057/2740 1939/1058/2741
f 1936/1055/2738 1939/1058/2741 1937/1056/2739
f 1938/1057/2740 1906/1025/2710 1909/1028/2713
f 1938/1057/2740 1909/1028/2713 1939/1058/2741
f 529/249/2742 1940/1059/2743 1941/1060/2744
f 529/249/2742 1941/1060/2744 1942/1061/2745
f 1943/1062/2746 1944/1063/2746 1945/1064/2747
f 1943/1062/2746 1945/1064/2747 1946/1065/2748
f 528/248/2749 1947/1066/2750 1948/1067/2751
f 528/248/2749 1948/1067/2751 1949/1068/2752
f 1950/1069/2753 1951/1070/2754 1952/1071/2754
f 1950/1069/2753 1952/1071/2754 1953/1072/2755
f 1954/1073/530 520/240/530 528/248/530
f 1954/1073/530 528/248/530 1949/1068/530
f 1940/1059/2756 529/249/532 520/240/531
f 1940/1059/2756 520/240/531 1955/1074/2756
f 1956/1075/2757 1957/1076/2757 1958/1077/2757
f 1956/1075/2757 1958/1077/2757 1959/1078/2757
f 1959/1078/2758 1958/1077/2758 1960/1079/2758
f 1959/1078/2758 1960/1079/2758 1961/1080/2758
f 1961/1080/2759 1960/1079/2759 1962/1081/2760
f 1961/1080/2759 1962/1081/2760 1963/1082/2761
f 1964/1083/2762 1965/1084/2763 1966/1085/2764
f 1964/1083/2762 1966/1085/2764 1967/1086/2764
f 1967/1086/2765 1966/1085/2765 1968/1087/2765
f 1967/1086/2765 1968/1087/2765 1969/1088/2765
f 1970/1089/2766 1971/1090/2767 1972/1091/2768
f 1970/1089/2766 1972/1091/2768 1973/1092/2769
f 1971/1090/2767 1970/1089/2766 1963/1082/2761
f 1971/1090/2767 1963/1082/2761 1962/1081/2760
f 1974/1093/2769 1975/1094/2768 1969/1088/2770
f 1974/1093/2769 1969/1088/2770 1968/1087/2770
f 1976/1095/2771 1956/1075/2772 1959/1078/2773
f 1976/1095/2771 1959/1078/2773 1977/1096/2774
f 1978/1097/2775 1977/1096/2776 1959/1078/2777
f 1978/1097/2775 1959/1078/2777 1961/1080/2778
f 1979/1098/2779 1958/1077/2780 1957/1076/2781
f 1979/1098/2779 1957/1076/2781 1980/1099/2780
f 1958/1077/2782 1979/1098/2783 1981/1100/2784
f 1958/1077/2782 1981/1100/2784 1960/1079/2785
f 1964/1083/2762 1967/1086/2786 1982/1101/2787
f 1964/1083/2762 1982/1101/2787 1983/1102/2788
f 1966/1085/2789 1965/1084/2763 1984/1103/2790
f 1966/1085/2789 1984/1103/2790 1985/1104/2791
f 1971/1090/2767 1962/1081/2760 1986/1105/2792
f 1971/1090/2767 1986/1105/2792 1987/1106/2793
f 1963/1082/2761 1970/1089/2766 1988/1107/2794
f 1963/1082/2761 1988/1107/2794 1989/1108/2795
f 1974/1093/2796 1968/1087/2797 1990/1109/2798
f 1974/1093/2796 1990/1109/2798 1991/1110/2799
f 1969/1088/2800 1975/1094/2800 1992/1111/2800
f 1969/1088/2800 1992/1111/2800 1993/1112/2800
f 1963/1082/2761 1989/1108/2795 1978/1097/2801
f 1963/1082/2761 1978/1097/2801 1961/1080/2802
f 1994/1113/2803 1988/1107/2794 1970/1089/2766
f 1994/1113/2803 1970/1089/2766 1973/1092/2769
f 1960/1079/2804 1981/1100/2804 1986/1105/2792
f 1960/1079/2804 1986/1105/2792 1962/1081/2760
f 1971/1090/2767 1987/1106/2793 1995/1114/2805
f 1971/1090/2767 1995/1114/2805 1972/1091/2768
f 1990/1109/672 1968/1087/2806 1966/1085/2789
f 1990/1109/672 1966/1085/2789 1985/1104/2791
f 1969/1088/2807 1993/1112/2807 1982/1101/2787
f 1969/1088/2807 1982/1101/2787 1967/1086/2786
f 526/246/528 1996/1115/2808 1997/1116/2809
f 526/246/528 1997/1116/2809 527/247/529
f 1998/1117/2810 524/244/526 523/243/525
f 1998/1117/2810 523/243/525 1999/1118/2811
f 1999/1118/2811 523/243/525 527/247/529
f 1999/1118/2811 527/247/529 1997/1116/2809
f 2000/1119/2763 2001/1120/2762 1999/1118/2811
f 2000/1119/2763 1999/1118/2811 1997/1116/2809
f 1996/1115/2808 2002/1121/2790 2000/1119/2763
f 1996/1115/2808 2000/1119/2763 1997/1116/2809
f 2001/1120/2762 2003/1122/2788 1998/1117/2810
f 2001/1120/2762 1998/1117/2810 1999/1118/2811
f 2004/1123/2812 2005/1124/2813 2006/1125/2814
f 2004/1123/2812 2006/1125/2814 2007/1126/2814
f 2008/1127/2815 2009/1128/2816 522/242/2817
f 2008/1127/2815 522/242/2817 521/241/2818
f 1950/1069/2753 1953/1072/2755 2004/1123/2819
f 1950/1069/2753 2004/1123/2819 2007/1126/2820
f 529/249/2742 1942/1061/2745 2008/1127/2815
f 529/249/2742 2008/1127/2815 521/241/2818
f 2009/1128/2816 1947/1066/2750 528/248/2749
f 2009/1128/2816 528/248/2749 522/242/2817
f 1946/1065/2748 1945/1064/2747 2006/1125/2821
f 1946/1065/2748 2006/1125/2821 2005/1124/2822
f 2010/1129/2823 2011/1130/2824 2012/1131/2825
f 2010/1129/2823 2012/1131/2825 2013/1132/2826
f 2014/1133/2827 2015/1134/2828 2016/1135/2829
f 2014/1133/2827 2016/1135/2829 2017/1136/2830
f 2011/1130/2831 2018/1137/2832 2019/1138/2833
f 2011/1130/2831 2019/1138/2833 2012/1131/2834
f 2020/1139/2835 2014/1133/2836 2017/1136/2837
f 2020/1139/2835 2017/1136/2837 2021/1140/2838
f 2018/1137/2839 2020/1139/2840 2021/1140/2840
f 2018/1137/2839 2021/1140/2840 2019/1138/2841
f 2022/1141/2842 2023/1142/2843 2024/1143/2844
f 2022/1141/2842 2024/1143/2844 2025/1144/2845
f 2026/1145/2846 2027/1146/2847 2028/1147/2848
f 2026/1145/2846 2028/1147/2848 2029/1148/2849
f 2023/1142/2850 2030/1149/2851 2031/1150/2852
f 2023/1142/2850 2031/1150/2852 2024/1143/2853
f 2032/1151/2854 2026/1145/2855 2029/1148/2856
f 2032/1151/2854 2029/1148/2856 2033/1152/2857
f 2030/1149/2858 2032/1151/2858 2033/1152/2859
f 2030/1149/2858 2033/1152/2859 2031/1150/2859
f 2025/1144/2860 2024/1143/2860 2034/1153/2861
f 2025/1144/2860 2034/1153/2861 2035/1154/2862
f 2029/1148/2863 2028/1147/2864 2036/1155/2864
f 2029/1148/2863 2036/1155/2864 2037/1156/2865
f 2024/1143/2866 2031/1150/2867 2038/1157/2868
f 2024/1143/2866 2038/1157/2868 2034/1153/2868
f 2033/1152/2869 2029/1148/2870 2037/1156/2871
f 2033/1152/2869 2037/1156/2871 2039/1158/2872
f 2031/1150/2873 2033/1152/2874 2039/1158/2875
f 2031/1150/2873 2039/1158/2875 2038/1157/2876
f 2040/1159/2877 2041/1160/2878 2042/1161/2879
f 2040/1159/2877 2042/1161/2879 2043/1162/2880
f 2043/1162/2880 2042/1161/2879 2044/1163/2881
f 2043/1162/2880 2044/1163/2881 2045/1164/2882
f 2046/1165/2883 2047/1166/2884 2048/1167/2885
f 2046/1165/2883 2048/1167/2885 2049/1168/2886
f 2049/1168/2886 2048/1167/2885 2050/1169/2887
f 2049/1168/2886 2050/1169/2887 2051/1170/2888
f 2052/1171/2889 2053/1172/2890 2054/1173/2891
f 2052/1171/2889 2054/1173/2891 2055/1174/2892
f 2055/1174/2892 2054/1173/2891 2056/1175/2893
f 2055/1174/2892 2056/1175/2893 2057/1176/2894
f 2045/1164/2882 2044/1163/2881 2058/1177/2895
f 2045/1164/2882 2058/1177/2895 2059/1178/2896
f 2051/1170/2888 2050/1169/2887 2060/1179/2897
f 2051/1170/2888 2060/1179/2897 2061/1180/2898
f 2057/1176/2894 2056/1175/2893 2062/1181/2899
f 2057/1176/2894 2062/1181/2899 2063/1182/2899
f 2045/1164/2900 2064/1183/2901 2065/1184/2902
f 2045/1164/2900 2065/1184/2902 2043/1162/2903
f 2051/1170/2904 2044/1163/2905 2042/1161/2906
f 2051/1170/2904 2042/1161/2906 2049/1168/2907
f 2057/1176/2908 2050/1169/2909 2048/1167/2910
f 2057/1176/2908 2048/1167/2910 2055/1174/2911
f 2066/1185/2912 2056/1175/2913 2054/1173/2914
f 2066/1185/2912 2054/1173/2914 2067/1186/2915
f 2043/1162/2903 2065/1184/2902 2068/871/2916
f 2043/1162/2903 2068/871/2916 2040/1159/2917
f 2049/1168/2907 2042/1161/2906 2041/1160/2918
f 2049/1168/2907 2041/1160/2918 2046/1165/2919
f 2055/1174/2911 2048/1167/2910 2047/1166/2920
f 2055/1174/2911 2047/1166/2920 2052/1171/2921
f 2067/1186/2915 2054/1173/2914 2053/1172/2922
f 2067/1186/2915 2053/1172/2922 2069/1187/2923
f 2062/1181/2924 2056/1175/2913 2066/1185/2912
f 2062/1181/2924 2066/1185/2912 2070/1188/2925
f 2060/1179/2926 2050/1169/2909 2057/1176/2908
f 2060/1179/2926 2057/1176/2908 2063/1182/2927
f 2058/1177/2928 2044/1163/2905 2051/1170/2904
f 2058/1177/2928 2051/1170/2904 2061/1180/2929
f 2071/573/2930 2064/1183/2901 2045/1164/2900
f 2071/573/2930 2045/1164/2900 2059/1178/2931
f 537/257/2932 2072/1189/2933 1941/1060/2744
f 537/257/2932 1941/1060/2744 1940/1059/2743
f 2073/1190/2934 2074/1191/2935 2075/1192/2936
f 2073/1190/2934 2075/1192/2936 2076/1193/2934
f 536/256/2937 2077/1194/2938 2078/1195/2939
f 536/256/2937 2078/1195/2939 2079/1196/2940
f 2080/1197/2941 2081/1198/2942 1952/1071/2754
f 2080/1197/2941 1952/1071/2754 1951/1070/2754
f 2082/1199/530 2077/1194/530 536/256/530
f 2082/1199/530 536/256/530 530/250/530
f 1940/1059/2756 1955/1074/2756 530/250/539
f 1940/1059/2756 530/250/539 537/257/541
f 2083/1200/2943 2084/1201/2943 2085/1202/2943
f 2083/1200/2943 2085/1202/2943 2086/1203/2943
f 2084/1201/2944 2087/1204/2944 2088/1205/2944
f 2084/1201/2944 2088/1205/2944 2085/1202/2944
f 2087/1204/2945 2089/1206/2946 2090/1207/2947
f 2087/1204/2945 2090/1207/2947 2088/1205/2945
f 2091/1208/2948 2092/1209/2949 2093/1210/2949
f 2091/1208/2948 2093/1210/2949 2094/1211/2950
f 2092/1209/2951 2095/1212/2951 2096/1213/2951
f 2092/1209/2951 2096/1213/2951 2093/1210/2951
f 2097/1214/2952 2098/1215/2953 2099/1216/2954
f 2097/1214/2952 2099/1216/2954 2100/1217/2955
f 2100/1217/2955 2090/1207/2947 2089/1206/2946
f 2100/1217/2955 2089/1206/2946 2097/1214/2952
f 2101/1218/2953 2096/1213/2956 2095/1212/2956
f 2101/1218/2953 2095/1212/2956 2102/1219/2954
f 1976/1095/2771 1977/1096/2774 2084/1201/2957
f 1976/1095/2771 2084/1201/2957 2083/1200/2958
f 1978/1097/2775 2087/1204/2959 2084/1201/2960
f 1978/1097/2775 2084/1201/2960 1977/1096/2776
f 2103/1220/2961 2104/1221/2962 2086/1203/2963
f 2103/1220/2961 2086/1203/2963 2085/1202/2962
f 2085/1202/2964 2088/1205/2965 2105/1222/2966
f 2085/1202/2964 2105/1222/2966 2103/1220/2967
f 2091/1208/2948 2106/1223/2968 2107/1224/2969
f 2091/1208/2948 2107/1224/2969 2092/1209/2970
f 2093/1210/2971 1985/1104/2791 1984/1103/2790
f 2093/1210/2971 1984/1103/2790 2094/1211/2950
f 2100/1217/2955 2108/1225/2972 2109/1226/2973
f 2100/1217/2955 2109/1226/2973 2090/1207/2947
f 2089/1206/2946 1989/1108/2795 1988/1107/2794
f 2089/1206/2946 1988/1107/2794 2097/1214/2952
f 2101/1218/2974 1991/1110/2799 1990/1109/2798
f 2101/1218/2974 1990/1109/2798 2096/1213/2974
f 2095/1212/2975 2110/1227/2976 2111/1228/2977
f 2095/1212/2975 2111/1228/2977 2102/1219/2976
f 2089/1206/2946 2087/1204/2978 1978/1097/2801
f 2089/1206/2946 1978/1097/2801 1989/1108/2795
f 1994/1113/2803 2098/1215/2953 2097/1214/2952
f 1994/1113/2803 2097/1214/2952 1988/1107/2794
f 2088/1205/2979 2090/1207/2947 2109/1226/2973
f 2088/1205/2979 2109/1226/2973 2105/1222/2980
f 2100/1217/2955 2099/1216/2954 2112/1229/2981
f 2100/1217/2955 2112/1229/2981 2108/1225/2972
f 1990/1109/672 1985/1104/2791 2093/1210/2971
f 1990/1109/672 2093/1210/2971 2096/1213/2982
f 2095/1212/2983 2092/1209/2970 2107/1224/2969
f 2095/1212/2983 2107/1224/2969 2110/1227/2983
f 526/246/528 535/255/538 2113/1230/2984
f 526/246/528 2113/1230/2984 1996/1115/2808
f 2114/1231/2985 2115/1232/2986 533/253/536
f 2114/1231/2985 533/253/536 534/254/537
f 2115/1232/2986 2113/1230/2984 535/255/538
f 2115/1232/2986 535/255/538 533/253/536
f 2116/1233/2950 2113/1230/2984 2115/1232/2986
f 2116/1233/2950 2115/1232/2986 2117/1234/2948
f 1996/1115/2808 2113/1230/2984 2116/1233/2950
f 1996/1115/2808 2116/1233/2950 2002/1121/2790
f 2117/1234/2948 2115/1232/2986 2114/1231/2985
f 2117/1234/2948 2114/1231/2985 2118/1235/2968
f 2119/1236/2987 2120/1237/2988 2121/1238/2989
f 2119/1236/2987 2121/1238/2989 2122/1239/2990
f 2123/1240/2991 532/252/2992 531/251/2993
f 2123/1240/2991 531/251/2993 2124/1241/2994
f 2080/1197/2941 2120/1237/2995 2119/1236/2996
f 2080/1197/2941 2119/1236/2996 2081/1198/2942
f 537/257/2932 532/252/2992 2123/1240/2991
f 537/257/2932 2123/1240/2991 2072/1189/2933
f 2124/1241/2994 531/251/2993 536/256/2937
f 2124/1241/2994 536/256/2937 2079/1196/2940
f 2074/1191/2935 2122/1239/2997 2121/1238/2998
f 2074/1191/2935 2121/1238/2998 2075/1192/2936
f 2125/1242/2999 2126/1243/3000 2127/1244/3001
f 2125/1242/2999 2127/1244/3001 2128/1245/3002
f 2129/1246/3003 2130/1247/3004 2016/1135/2829
f 2129/1246/3003 2016/1135/2829 2015/1134/2828
f 2128/1245/3005 2127/1244/3006 2131/1248/3007
f 2128/1245/3005 2131/1248/3007 2132/1249/3008
f 2133/1250/3009 2134/1251/3010 2130/1247/3009
f 2133/1250/3009 2130/1247/3009 2129/1246/3011
f 2132/1249/3012 2131/1248/3013 2134/1251/3012
f 2132/1249/3012 2134/1251/3012 2133/1250/3014
f 2135/1252/3015 2136/1253/3016 2137/1254/3017
f 2135/1252/3015 2137/1254/3017 2138/1255/3018
f 2139/1256/3019 2140/1257/3020 2028/1147/2848
f 2139/1256/3019 2028/1147/2848 2027/1146/2847
f 2138/1255/3021 2137/1254/3022 2141/1258/3023
f 2138/1255/3021 2141/1258/3023 2142/1259/3024
f 2143/1260/3025 2144/1261/3026 2140/1257/3027
f 2143/1260/3025 2140/1257/3027 2139/1256/3028
f 2142/1259/3029 2141/1258/3030 2144/1261/3029
f 2142/1259/3029 2144/1261/3029 2143/1260/3029
f 2136/1253/3031 2145/1262/3032 2146/1263/3033
f 2136/1253/3031 2146/1263/3033 2137/1254/3031
f 2140/1257/3034 2147/1264/3035 2036/1155/2864
f 2140/1257/3034 2036/1155/2864 2028/1147/2864
f 2137/1254/3036 2146/1263/3037 2148/1265/3036
f 2137/1254/3036 2148/1265/3036 2141/1258/3038
f 2144/1261/3039 2149/1266/3040 2147/1264/3041
f 2144/1261/3039 2147/1264/3041 2140/1257/3042
f 2141/1258/3043 2148/1265/3044 2149/1266/3045
f 2141/1258/3043 2149/1266/3045 2144/1261/3043
f 2150/1267/3046 2151/1268/3047 2152/1269/3048
f 2150/1267/3046 2152/1269/3048 2153/1270/3049
f 2151/1268/3047 2154/1271/3050 2155/1272/3051
f 2151/1268/3047 2155/1272/3051 2152/1269/3048
f 2156/1273/3052 2157/1274/3053 2158/1275/3054
f 2156/1273/3052 2158/1275/3054 2159/1276/3055
f 2157/1274/3053 2160/1277/3056 2161/1278/3057
f 2157/1274/3053 2161/1278/3057 2158/1275/3054
f 2162/1279/3058 2163/1280/3059 2164/1281/3060
f 2162/1279/3058 2164/1281/3060 2165/1282/3061
f 2163/1280/3059 2166/1283/3062 2167/1284/3063
f 2163/1280/3059 2167/1284/3063 2164/1281/3060
f 2154/1271/3050 2168/1285/3064 2169/1286/3065
f 2154/1271/3050 2169/1286/3065 2155/1272/3051
f 2160/1277/3056 2170/1287/3066 2171/1288/3066
f 2160/1277/3056 2171/1288/3066 2161/1278/3057
f 2166/1283/3062 2172/1289/3067 2173/1290/3067
f 2166/1283/3062 2173/1290/3067 2167/1284/3063
f 2154/1271/3068 2151/1268/3069 2174/1291/3070
f 2154/1271/3068 2174/1291/3070 2175/1292/3071
f 2160/1277/3072 2157/1274/3073 2152/1269/3074
f 2160/1277/3072 2152/1269/3074 2155/1272/3075
f 2166/1283/3076 2163/1280/3077 2158/1275/3078
f 2166/1283/3076 2158/1275/3078 2161/1278/3079
f 2176/1293/3080 2177/1294/3081 2164/1281/3082
f 2176/1293/3080 2164/1281/3082 2167/1284/3083
f 2151/1268/3069 2150/1267/3084 2178/1295/3085
f 2151/1268/3069 2178/1295/3085 2174/1291/3070
f 2157/1274/3073 2156/1273/3086 2153/1270/3087
f 2157/1274/3073 2153/1270/3087 2152/1269/3074
f 2163/1280/3077 2162/1279/3088 2159/1276/3089
f 2163/1280/3077 2159/1276/3089 2158/1275/3078
f 2177/1294/3081 2179/1296/3090 2165/1282/3091
f 2177/1294/3081 2165/1282/3091 2164/1281/3082
f 2173/1290/3092 2180/1297/3093 2176/1293/3080
f 2173/1290/3092 2176/1293/3080 2167/1284/3083
f 2171/1288/3094 2172/1289/3095 2166/1283/3076
f 2171/1288/3094 2166/1283/3076 2161/1278/3079
f 2169/1286/3096 2170/1287/3097 2160/1277/3072
f 2169/1286/3096 2160/1277/3072 2155/1272/3075
f 2181/1298/3098 2168/1285/3099 2154/1271/3068
f 2181/1298/3098 2154/1271/3068 2175/1292/3071
f 545/265/3100 2182/1299/3101 2183/1300/3102
f 545/265/3100 2183/1300/3102 2184/1301/3103
f 2073/1190/3104 2076/1193/3104 2185/1302/3105
f 2073/1190/3104 2185/1302/3105 2186/1303/3106
f 544/264/3107 2187/1304/3108 2078/1195/3109
f 544/264/3107 2078/1195/3109 2077/1194/3110
f 2188/1305/3111 2189/1306/3112 2190/1307/3112
f 2188/1305/3111 2190/1307/3112 2191/1308/3113
f 2082/1199/530 538/258/530 544/264/530
f 2082/1199/530 544/264/530 2077/1194/530
f 2182/1299/3114 545/265/550 538/258/549
f 2182/1299/3114 538/258/549 2192/1309/3114
f 2193/1310/3115 2194/1311/3115 2195/1312/3115
f 2193/1310/3115 2195/1312/3115 2196/1313/3115
f 2196/1313/3116 2195/1312/3116 2197/1314/3116
f 2196/1313/3116 2197/1314/3116 2198/1315/3116
f 2198/1315/3117 2197/1314/3117 2199/1316/3118
f 2198/1315/3117 2199/1316/3118 2200/1317/3119
f 2201/1318/3120 2202/1319/3121 2203/1320/3122
f 2201/1318/3120 2203/1320/3122 2204/1321/3122
f 2204/1321/3123 2203/1320/3123 2205/1322/3123
f 2204/1321/3123 2205/1322/3123 2206/1323/3123
f 2207/1324/3124 2208/1325/3125 2209/1326/3126
f 2207/1324/3124 2209/1326/3126 2210/1327/3127
f 2208/1325/3125 2207/1324/3124 2200/1317/3119
f 2208/1325/3125 2200/1317/3119 2199/1316/3118
f 2211/1328/3127 2212/1329/3126 2206/1323/3128
f 2211/1328/3127 2206/1323/3128 2205/1322/3128
f 2213/1330/3129 2193/1310/3130 2196/1313/3131
f 2213/1330/3129 2196/1313/3131 2214/1331/3132
f 2215/1332/3133 2214/1331/3134 2196/1313/3135
f 2215/1332/3133 2196/1313/3135 2198/1315/3136
f 2103/1220/3137 2216/1333/3138 2217/1334/3139
f 2103/1220/3137 2217/1334/3139 2104/1221/3138
f 2216/1333/3140 2103/1220/3141 2105/1222/3142
f 2216/1333/3140 2105/1222/3142 2218/1335/3143
f 2219/1336/3120 2220/1337/3144 2107/1224/3145
f 2219/1336/3120 2107/1224/3145 2106/1223/3146
f 2203/1320/3147 2202/1319/3121 2221/1338/3148
f 2203/1320/3147 2221/1338/3148 2222/1339/3149
f 2223/1340/3125 2224/1341/3118 2109/1226/3150
f 2223/1340/3125 2109/1226/3150 2108/1225/3151
f 2200/1317/3119 2207/1324/3124 2225/1342/3152
f 2200/1317/3119 2225/1342/3152 2226/1343/3153
f 2211/1328/3154 2205/1322/3155 2227/1344/3156
f 2211/1328/3154 2227/1344/3156 2228/1345/3157
f 2229/1346/3158 2230/1347/3158 2111/1228/3158
f 2229/1346/3158 2111/1228/3158 2110/1227/3158
f 2200/1317/3119 2226/1343/3153 2215/1332/3159
f 2200/1317/3119 2215/1332/3159 2198/1315/3160
f 2231/1348/3161 2225/1342/3152 2207/1324/3124
f 2231/1348/3161 2207/1324/3124 2210/1327/3127
f 2218/1335/3162 2105/1222/3162 2109/1226/3150
f 2218/1335/3162 2109/1226/3150 2224/1341/3118
f 2223/1340/3125 2108/1225/3151 2112/1229/3163
f 2223/1340/3125 2112/1229/3163 2232/1349/3126
f 2227/1344/2019 2205/1322/3164 2203/1320/3147
f 2227/1344/2019 2203/1320/3147 2222/1339/3149
f 2229/1346/3165 2110/1227/3165 2107/1224/3145
f 2229/1346/3165 2107/1224/3145 2220/1337/3144
f 542/262/547 2233/1350/3166 2234/1351/3167
f 542/262/547 2234/1351/3167 543/263/548
f 2114/1231/3168 534/254/545 541/261/544
f 2114/1231/3168 541/261/544 2235/1352/3169
f 2235/1352/3169 541/261/544 543/263/548
f 2235/1352/3169 543/263/548 2234/1351/3167
f 2236/1353/3121 2237/1354/3120 2235/1352/3169
f 2236/1353/3121 2235/1352/3169 2234/1351/3167
f 2233/1350/3166 2238/1355/3148 2236/1353/3121
f 2233/1350/3166 2236/1353/3121 2234/1351/3167
f 2237/1354/3120 2118/1235/3146 2114/1231/3168
f 2237/1354/3120 2114/1231/3168 2235/1352/3169
f 2239/1356/3170 2240/1357/3171 2241/1358/3172
f 2239/1356/3170 2241/1358/3172 2242/1359/3172
f 2243/1360/3173 2244/1361/3174 540/260/3175
f 2243/1360/3173 540/260/3175 539/259/3176
f 2188/1305/3111 2191/1308/3113 2239/1356/3177
f 2188/1305/3111 2239/1356/3177 2242/1359/3178
f 545/265/3100 2184/1301/3103 2243/1360/3173
f 545/265/3100 2243/1360/3173 539/259/3176
f 2244/1361/3174 2187/1304/3108 544/264/3107
f 2244/1361/3174 544/264/3107 540/260/3175
f 2186/1303/3106 2185/1302/3105 2245/1362/3179
f 2186/1303/3106 2245/1362/3179 2246/1363/3180
f 2125/1242/3181 2247/1364/3182 2248/1365/3183
f 2125/1242/3181 2248/1365/3183 2126/1243/3184
f 2249/1366/3185 2250/1367/3186 2251/1368/3187
f 2249/1366/3185 2251/1368/3187 2252/1369/3188
f 2247/1364/3189 2253/1370/3190 2254/1371/3191
f 2247/1364/3189 2254/1371/3191 2248/1365/3192
f 2255/1372/3193 2249/1366/3194 2252/1369/3195
f 2255/1372/3193 2252/1369/3195 2256/1373/3196
f 2253/1370/3197 2255/1372/3198 2256/1373/3198
f 2253/1370/3197 2256/1373/3198 2254/1371/3199
f 2135/1252/3200 2257/1374/3201 2258/1375/3202
f 2135/1252/3200 2258/1375/3202 2136/1253/3203
f 2259/1376/3204 2260/1377/3205 2261/1378/3206
f 2259/1376/3204 2261/1378/3206 2262/1379/3207
f 2257/1374/3208 2263/1380/3209 2264/1381/3210
f 2257/1374/3208 2264/1381/3210 2258/1375/3211
f 2265/1382/3212 2259/1376/3213 2262/1379/3214
f 2265/1382/3212 2262/1379/3214 2266/1383/3215
f 2267/1384/3216 2265/1382/3216 2266/1383/3217
f 2267/1384/3216 2266/1383/3217 2268/1385/3217
f 2136/1253/3218 2258/1375/3218 2269/1386/3219
f 2136/1253/3218 2269/1386/3219 2145/1262/3220
f 2262/1379/3221 2261/1378/3222 2270/1387/3222
f 2262/1379/3221 2270/1387/3222 2271/1388/3223
f 2258/1375/3224 2264/1381/3225 2272/1389/3226
f 2258/1375/3224 2272/1389/3226 2269/1386/3226
f 2266/1383/3227 2262/1379/3228 2271/1388/3229
f 2266/1383/3227 2271/1388/3229 2273/1390/3230
f 2268/1385/3231 2266/1383/3232 2273/1390/3233
f 2268/1385/3231 2273/1390/3233 2274/1391/3234
f 2275/1392/3235 2276/1393/3236 2277/1394/3237
f 2275/1392/3235 2277/1394/3237 2278/1395/3238
f 2278/1395/3238 2277/1394/3237 2279/1396/3239
f 2278/1395/3238 2279/1396/3239 2280/1397/3240
f 2281/1398/3241 2282/1399/3242 2283/1400/3243
f 2281/1398/3241 2283/1400/3243 2284/1401/3244
f 2284/1401/3244 2283/1400/3243 2285/1402/3245
f 2284/1401/3244 2285/1402/3245 2286/1403/3246
f 2287/1404/3247 2288/1405/3248 2289/1406/3249
f 2287/1404/3247 2289/1406/3249 2290/1407/3250
f 2290/1407/3250 2289/1406/3249 2291/1408/3251
f 2290/1407/3250 2291/1408/3251 2292/1409/3252
f 2280/1397/3240 2279/1396/3239 2293/1410/3253
f 2280/1397/3240 2293/1410/3253 2294/1411/3254
f 2286/1403/3246 2285/1402/3245 2295/1412/3255
f 2286/1403/3246 2295/1412/3255 2296/1413/3256
f 2292/1409/3252 2291/1408/3251 2297/1414/3257
f 2292/1409/3252 2297/1414/3257 2298/1415/3257
f 2280/1397/3258 2299/1416/3259 2300/1417/3260
f 2280/1397/3258 2300/1417/3260 2278/1395/3261
f 2286/1403/3262 2279/1396/3263 2277/1394/3264
f 2286/1403/3262 2277/1394/3264 2284/1401/3265
f 2292/1409/3266 2285/1402/3267 2283/1400/3268
f 2292/1409/3266 2283/1400/3268 2290/1407/3269
f 2301/1418/3270 2291/1408/3271 2289/1406/3272
f 2301/1418/3270 2289/1406/3272 2302/1419/3273
f 2278/1395/3261 2300/1417/3260 2303/1420/3274
f 2278/1395/3261 2303/1420/3274 2275/1392/3275
f 2284/1401/3265 2277/1394/3264 2276/1393/3276
f 2284/1401/3265 2276/1393/3276 2281/1398/3277
f 2290/1407/3269 2283/1400/3268 2282/1399/3278
f 2290/1407/3269 2282/1399/3278 2287/1404/3279
f 2302/1419/3273 2289/1406/3272 2288/1405/3280
f 2302/1419/3273 2288/1405/3280 2304/1421/3281
f 2297/1414/3282 2291/1408/3271 2301/1418/3270
f 2297/1414/3282 2301/1418/3270 2305/1422/3283
f 2295/1412/3284 2285/1402/3267 2292/1409/3266
f 2295/1412/3284 2292/1409/3266 2298/1415/3285
f 2293/1410/3286 2279/1396/3263 2286/1403/3262
f 2293/1410/3286 2286/1403/3262 2296/1413/3287
f 2306/1423/3288 2299/1416/3259 2280/1397/3258
f 2306/1423/3288 2280/1397/3258 2294/1411/3289
f 552/272/3290 2307/1424/3291 2183/1300/3102
f 552/272/3290 2183/1300/3102 2182/1299/3101
f 1943/1062/3292 2308/1425/3293 2309/1426/3294
f 1943/1062/3292 2309/1426/3294 1944/1063/3292
f 551/271/3295 1949/1068/3296 1948/1067/3297
f 551/271/3295 1948/1067/3297 2310/1427/3298
f 2311/1428/3299 2312/1429/3300 2190/1307/3112
f 2311/1428/3299 2190/1307/3112 2189/1306/3112
f 1954/1073/530 1949/1068/530 551/271/530
f 1954/1073/530 551/271/530 546/266/530
f 2182/1299/3114 2192/1309/3114 546/266/557
f 2182/1299/3114 546/266/557 552/272/559
f 2313/1430/3301 2314/1431/3301 2315/1432/3301
f 2313/1430/3301 2315/1432/3301 2316/1433/3301
f 2314/1431/3302 2317/1434/3302 2318/1435/3302
f 2314/1431/3302 2318/1435/3302 2315/1432/3302
f 2317/1434/3303 2319/1436/3304 2320/1437/3305
f 2317/1434/3303 2320/1437/3305 2318/1435/3303
f 2321/1438/3306 2322/1439/3307 2323/1440/3307
f 2321/1438/3306 2323/1440/3307 2324/1441/3308
f 2322/1439/3309 2325/1442/3309 2326/1443/3309
f 2322/1439/3309 2326/1443/3309 2323/1440/3309
f 2327/1444/3310 2328/1445/3311 2329/1446/3312
f 2327/1444/3310 2329/1446/3312 2330/1447/3313
f 2330/1447/3313 2320/1437/3305 2319/1436/3304
f 2330/1447/3313 2319/1436/3304 2327/1444/3310
f 2331/1448/3311 2326/1443/3314 2325/1442/3314
f 2331/1448/3311 2325/1442/3314 2332/1449/3312
f 2213/1330/3129 2214/1331/3132 2314/1431/3315
f 2213/1330/3129 2314/1431/3315 2313/1430/3316
f 2215/1332/3133 2317/1434/3317 2314/1431/3318
f 2215/1332/3133 2314/1431/3318 2214/1331/3134
f 1979/1098/3319 1980/1099/3320 2316/1433/3321
f 1979/1098/3319 2316/1433/3321 2315/1432/3320
f 2315/1432/3322 2318/1435/3323 1981/1100/3324
f 2315/1432/3322 1981/1100/3324 1979/1098/3325
f 2321/1438/3306 1983/1102/3326 1982/1101/3327
f 2321/1438/3306 1982/1101/3327 2322/1439/3328
f 2323/1440/3329 2222/1339/3149 2221/1338/3148
f 2323/1440/3329 2221/1338/3148 2324/1441/3308
f 2330/1447/3313 1987/1106/3330 1986/1105/3331
f 2330/1447/3313 1986/1105/3331 2320/1437/3305
f 2319/1436/3304 2226/1343/3153 2225/1342/3152
f 2319/1436/3304 2225/1342/3152 2327/1444/3310
f 2331/1448/3332 2228/1345/3157 2227/1344/3156
f 2331/1448/3332 2227/1344/3156 2326/1443/3332
f 2325/1442/3333 1993/1112/3334 1992/1111/3335
f 2325/1442/3333 1992/1111/3335 2332/1449/3334
f 2319/1436/3304 2317/1434/3336 2215/1332/3159
f 2319/1436/3304 2215/1332/3159 2226/1343/3153
f 2231/1348/3161 2328/1445/3311 2327/1444/3310
f 2231/1348/3161 2327/1444/3310 2225/1342/3152
f 2318/1435/3337 2320/1437/3305 1986/1105/3331
f 2318/1435/3337 1986/1105/3331 1981/1100/3338
f 2330/1447/3313 2329/1446/3312 1995/1114/3339
f 2330/1447/3313 1995/1114/3339 1987/1106/3330
f 2227/1344/2019 2222/1339/3149 2323/1440/3329
f 2227/1344/2019 2323/1440/3329 2326/1443/3340
f 2325/1442/3341 2322/1439/3328 1982/1101/3327
f 2325/1442/3341 1982/1101/3327 1993/1112/3341
f 542/262/547 550/270/556 2333/1450/3342
f 542/262/547 2333/1450/3342 2233/1350/3166
f 1998/1117/3343 2334/1451/3344 549/269/554
f 1998/1117/3343 549/269/554 524/244/555
f 2334/1451/3344 2333/1450/3342 550/270/556
f 2334/1451/3344 550/270/556 549/269/554
f 2335/1452/3308 2333/1450/3342 2334/1451/3344
f 2335/1452/3308 2334/1451/3344 2336/1453/3306
f 2233/1350/3166 2333/1450/3342 2335/1452/3308
f 2233/1350/3166 2335/1452/3308 2238/1355/3148
f 2336/1453/3306 2334/1451/3344 1998/1117/3343
f 2336/1453/3306 1998/1117/3343 2003/1122/3326
f 2337/1454/3345 2338/1455/3346 2339/1456/3347
f 2337/1454/3345 2339/1456/3347 2340/1457/3348
f 2341/1458/3349 548/268/3350 547/267/3351
f 2341/1458/3349 547/267/3351 2342/1459/3352
f 2311/1428/3299 2338/1455/3353 2337/1454/3354
f 2311/1428/3299 2337/1454/3354 2312/1429/3300
f 552/272/3290 548/268/3350 2341/1458/3349
f 552/272/3290 2341/1458/3349 2307/1424/3291
f 2342/1459/3352 547/267/3351 551/271/3295
f 2342/1459/3352 551/271/3295 2310/1427/3298
f 2308/1425/3293 2340/1457/3355 2339/1456/3356
f 2308/1425/3293 2339/1456/3356 2309/1426/3294
f 2010/1129/3357 2013/1132/3358 2343/1460/3359
f 2010/1129/3357 2343/1460/3359 2344/1461/3360
f 2345/1462/3361 2346/1463/3362 2251/1368/3187
f 2345/1462/3361 2251/1368/3187 2250/1367/3186
f 2344/1461/3363 2343/1460/3364 2347/1464/3365
f 2344/1461/3363 2347/1464/3365 2348/1465/3366
f 2349/1466/3367 2350/1467/3368 2346/1463/3367
f 2349/1466/3367 2346/1463/3367 2345/1462/3369
f 2348/1465/3370 2347/1464/3371 2350/1467/3370
f 2348/1465/3370 2350/1467/3370 2349/1466/3372
f 2022/1141/3373 2025/1144/3374 2351/1468/3375
f 2022/1141/3373 2351/1468/3375 2352/1469/3376
f 2353/1470/3377 2354/1471/3378 2261/1378/3206
f 2353/1470/3377 2261/1378/3206 2260/1377/3205
f 2352/1469/3379 2351/1468/3380 2355/1472/3381
f 2352/1469/3379 2355/1472/3381 2356/1473/3382
f 2357/1474/3383 2358/1475/3384 2354/1471/3385
f 2357/1474/3383 2354/1471/3385 2353/1470/3386
f 2356/1473/3387 2355/1472/3388 2358/1475/3387
f 2356/1473/3387 2358/1475/3387 2357/1474/3387
f 2025/1144/3389 2035/1154/3390 2359/1476/3391
f 2025/1144/3389 2359/1476/3391 2351/1468/3389
f 2354/1471/3392 2360/1477/3393 2270/1387/3222
f 2354/1471/3392 2270/1387/3222 2261/1378/3222
f 2351/1468/3394 2359/1476/3395 2361/1478/3394
f 2351/1468/3394 2361/1478/3394 2355/1472/3396
f 2358/1475/3397 2362/1479/3398 2360/1477/3399
f 2358/1475/3397 2360/1477/3399 2354/1471/3400
f 2355/1472/3401 2361/1478/3402 2362/1479/3403
f 2355/1472/3401 2362/1479/3403 2358/1475/3401
f 2363/1480/3404 2364/1481/3405 2365/1482/3406
f 2363/1480/3404 2365/1482/3406 2366/1483/3407
f 2364/1481/3405 2367/1484/3408 2368/1485/3409
f 2364/1481/3405 2368/1485/3409 2365/1482/3406
f 2369/1486/3410 2370/1487/3411 2371/1488/3412
f 2369/1486/3410 2371/1488/3412 2372/1489/3413
f 2370/1487/3411 2373/1490/3414 2374/1491/3415
f 2370/1487/3411 2374/1491/3415 2371/1488/3412
f 2375/1492/3416 2376/1493/3417 2377/1494/3418
f 2375/1492/3416 2377/1494/3418 2378/1495/3419
f 2376/1493/3417 2379/1496/3420 2380/1497/3421
f 2376/1493/3417 2380/1497/3421 2377/1494/3418
f 2367/1484/3408 2381/1498/3422 2382/1499/3423
f 2367/1484/3408 2382/1499/3423 2368/1485/3409
f 2373/1490/3414 2383/1500/3424 2384/1501/3424
f 2373/1490/3414 2384/1501/3424 2374/1491/3415
f 2379/1496/3420 2385/1502/3425 2386/1503/3425
f 2379/1496/3420 2386/1503/3425 2380/1497/3421
f 2367/1484/3426 2364/1481/3427 2387/1504/3428
f 2367/1484/3426 2387/1504/3428 2388/1505/3429
f 2373/1490/3430 2370/1487/3431 2365/1482/3432
f 2373/1490/3430 2365/1482/3432 2368/1485/3433
f 2379/1496/3434 2376/1493/3435 2371/1488/3436
f 2379/1496/3434 2371/1488/3436 2374/1491/3437
f 2389/1506/3438 2390/1507/3439 2377/1494/3440
f 2389/1506/3438 2377/1494/3440 2380/1497/3441
f 2364/1481/3427 2363/1480/3442 2391/1508/3443
f 2364/1481/3427 2391/1508/3443 2387/1504/3428
f 2370/1487/3431 2369/1486/3444 2366/1483/3445
f 2370/1487/3431 2366/1483/3445 2365/1482/3432
f 2376/1493/3435 2375/1492/3446 2372/1489/3447
f 2376/1493/3435 2372/1489/3447 2371/1488/3436
f 2390/1507/3439 2392/1509/3448 2378/1495/3449
f 2390/1507/3439 2378/1495/3449 2377/1494/3440
f 2386/1503/3450 2393/1510/3451 2389/1506/3438
f 2386/1503/3450 2389/1506/3438 2380/1497/3441
f 2384/1501/3452 2385/1502/3453 2379/1496/3434
f 2384/1501/3452 2379/1496/3434 2374/1491/3437
f 2382/1499/3454 2383/1500/3455 2373/1490/3430
f 2382/1499/3454 2373/1490/3430 2368/1485/3433
f 2394/1511/3456 2381/1498/3457 2367/1484/3426
f 2394/1511/3456 2367/1484/3426 2388/1505/3429
f 2395/347/3458 2396/348/3458 2397/349/3459
f 2395/347/3458 2397/349/3459 2398/350/3458
f 2399/351/3460 2400/352/3460 2396/348/3461
f 2399/351/3460 2396/348/3461 2395/347/3460
f 2400/352/3462 2401/353/3462 2397/349/3463
f 2400/352/3462 2397/349/3463 2396/348/3464
f 2401/353/3465 2402/354/3465 2398/350/3466
f 2401/353/3465 2398/350/3466 2397/349/3466
f 2402/354/3467 2399/351/3468 2395/347/3468
f 2402/354/3467 2395/347/3468 2398/350/3469
f 2403/355/3470 2404/356/3471 2405/357/3472
f 2403/355/3470 2405/357/3472 2406/358/3473
f 2404/356/3474 2407/359/3475 2408/360/3475
f 2404/356/3474 2408/360/3475 2405/357/3475
f 2407/359/3476 2409/361/3477 2410/362/3478
f 2407/359/3476 2410/362/3478 2408/360/3479
f 2409/361/3480 2403/355/3481 2406/358/3482
f 2409/361/3480 2406/358/3482 2410/362/3482
f 559/45/3483 563/49/3484 562/48/3485
f 559/45/3483 562/48/3485 560/46/3486
f 557/43/564 559/45/566 561/47/568
f 557/43/564 561/47/568 558/44/565
f 553/39/3487 557/43/3488 556/42/3489
f 553/39/3487 556/42/3489 554/40/3490
f 563/49/570 553/39/560 555/41/562
f 563/49/570 555/41/562 564/50/571
f 2411/363/3491 2412/364/3492 2413/365/3493
f 2411/363/3491 2413/365/3493 2414/366/3494
f 564/50/571 2415/367/3495 2416/368/3496
f 564/50/571 2416/368/3496 562/48/569
f 2417/369/3497 555/41/562 554/40/561
f 2417/369/3497 554/40/561 2418/370/3498
f 2419/371/3499 2420/372/3500 589/75/3500
f 2419/371/3499 589/75/3500 590/76/3501
f 2421/373/3502 556/42/563 558/44/565
f 2421/373/3502 558/44/565 2422/374/3503
f 2423/375/3504 2424/376/3505 2425/377/3506
f 2423/375/3504 2425/377/3506 2426/378/3507
f 2427/379/3505 561/47/568 560/46/567
f 2427/379/3505 560/46/567 2428/380/3508
f 2429/381/3509 2430/382/3510 591/77/3511
f 2429/381/3509 591/77/3511 592/78/3512
f 565/51/3513 589/75/3513 2426/378/3514
f 565/51/3513 2426/378/3514 566/52/3515
f 590/76/3516 565/51/3517 567/53/3518
f 590/76/3516 567/53/3518 2413/365/3519
f 568/54/575 567/53/574 566/52/573
f 568/54/575 566/52/573 569/55/576
f 2414/366/3520 568/54/3521 570/56/3522
f 2414/366/3520 570/56/3522 591/77/3523
f 569/55/3524 2425/377/3525 592/78/3526
f 569/55/3524 592/78/3526 570/56/3527
f 577/63/3528 581/67/3529 580/66/3530
f 577/63/3528 580/66/3530 578/64/3531
f 575/61/582 577/63/584 579/65/586
f 575/61/582 579/65/586 576/62/583
f 571/57/3532 575/61/3533 574/60/3534
f 571/57/3532 574/60/3534 572/58/3535
f 581/67/588 571/57/578 573/59/580
f 581/67/588 573/59/580 582/68/589
f 2431/383/3536 2432/384/3536 2433/385/3537
f 2431/383/3536 2433/385/3537 2434/386/3538
f 582/68/589 2435/387/3539 2436/388/3540
f 582/68/589 2436/388/3540 580/66/587
f 2437/389/3541 573/59/580 572/58/579
f 2437/389/3541 572/58/579 2438/390/3542
f 2439/391/3543 2440/392/3544 593/79/3545
f 2439/391/3543 593/79/3545 594/80/3544
f 2441/393/3546 574/60/581 576/62/583
f 2441/393/3546 576/62/583 2442/394/3547
f 2443/395/3548 2444/396/3549 2445/397/3550
f 2443/395/3548 2445/397/3550 2446/398/3551
f 2447/399/3549 579/65/586 578/64/585
f 2447/399/3549 578/64/585 2448/400/3552
f 2449/401/3553 2450/402/3554 595/81/3555
f 2449/401/3553 595/81/3555 596/82/3556
f 583/69/3557 593/79/3558 2446/398/3559
f 583/69/3557 2446/398/3559 584/70/3560
f 594/80/3561 583/69/3562 585/71/3563
f 594/80/3561 585/71/3563 2433/385/3564
f 586/72/593 585/71/592 584/70/591
f 586/72/593 584/70/591 587/73/594
f 2434/386/3565 586/72/3566 588/74/3567
f 2434/386/3565 588/74/3567 595/81/3568
f 587/73/3569 2445/397/3570 596/82/3571
f 587/73/3569 596/82/3571 588/74/3572
f 2413/365/3573 2412/364/3497 2419/371/3498
f 2413/365/3573 2419/371/3498 590/76/3574
f 589/75/3575 2420/372/3502 2423/375/3503
f 589/75/3575 2423/375/3503 2426/378/3576
f 2425/377/3506 2424/376/3505 2429/381/3508
f 2425/377/3506 2429/381/3508 592/78/3577
f 591/77/3578 2430/382/3496 2411/363/3495
f 591/77/3578 2411/363/3495 2414/366/3579
f 2433/385/3580 2432/384/3541 2439/391/3542
f 2433/385/3580 2439/391/3542 594/80/3581
f 593/79/3582 2440/392/3546 2443/395/3547
f 593/79/3582 2443/395/3547 2446/398/3582
f 2445/397/3550 2444/396/3549 2449/401/3552
f 2445/397/3550 2449/401/3552 596/82/3583
f 595/81/3584 2450/402/3540 2431/383/3539
f 595/81/3584 2431/383/3539 2434/386/3585
f 559/45/3586 557/43/3488 553/39/3487
f 559/45/3586 553/39/3487 563/49/3587
f 2415/367/3495 564/50/571 555/41/3588
f 2415/367/3495 555/41/3588 2417/369/3589
f 2418/370/3590 554/40/3490 556/42/3489
f 2418/370/3590 556/42/3489 2421/373/3591
f 2422/374/3503 558/44/565 561/47/568
f 2422/374/3503 561/47/568 2427/379/3505
f 2428/380/3592 560/46/3486 562/48/3485
f 2428/380/3592 562/48/3485 2416/368/3593
f 2413/365/3519 567/53/3518 568/54/3521
f 2413/365/3519 568/54/3521 2414/366/3520
f 2425/377/3525 569/55/3524 566/52/3515
f 2425/377/3525 566/52/3515 2426/378/3514
f 577/63/3594 575/61/3533 571/57/3532
f 577/63/3594 571/57/3532 581/67/3595
f 2435/387/3539 582/68/589 573/59/3596
f 2435/387/3539 573/59/3596 2437/389/3597
f 2438/390/3598 572/58/3535 574/60/3534
f 2438/390/3598 574/60/3534 2441/393/3599
f 2442/394/3547 576/62/583 579/65/586
f 2442/394/3547 579/65/586 2447/399/3549
f 2448/400/3600 578/64/3531 580/66/3530
f 2448/400/3600 580/66/3530 2436/388/3600
f 2433/385/3564 585/71/3563 586/72/3566
f 2433/385/3564 586/72/3566 2434/386/3565
f 2445/397/3570 587/73/3569 584/70/3560
f 2445/397/3570 584/70/3560 2446/398/3559
f 597/83/897 599/85/897 605/91/896
f 597/83/897 605/91/896 604/90/896
f 2451/403/876 2452/404/876 615/101/876
f 2451/403/876 615/101/876 617/103/876
f 599/85/3601 598/84/3601 600/86/3602
f 599/85/3601 600/86/3602 602/88/3602
f 2453/405/885 2454/406/885 618/104/885
f 2453/405/885 618/104/885 620/106/885
f 602/88/3603 601/87/3604 606/92/3605
f 602/88/3603 606/92/3605 608/94/3604
f 603/89/3606 605/91/3607 608/94/3607
f 603/89/3606 608/94/3607 607/93/3606
f 2455/407/879 2456/408/879 610/96/879
f 2455/407/879 610/96/879 609/95/879
f 2457/409/3608 2458/410/3608 614/100/3608
f 2457/409/3608 614/100/3608 613/99/3608
f 609/95/3609 611/97/3610 2459/411/3610
f 609/95/3609 2459/411/3610 2460/412/3610
f 611/97/3611 610/96/3612 613/99/3613
f 611/97/3611 613/99/3613 612/98/3614
f 612/98/3615 614/100/3615 620/106/3616
f 612/98/3615 620/106/3616 619/105/3617
f 617/103/875 616/102/874 619/105/874
f 617/103/875 619/105/874 618/104/874
f 2456/408/900 2457/409/900 613/99/900
f 2456/408/900 613/99/900 610/96/900
f 617/103/901 618/104/901 2454/406/901
f 617/103/901 2454/406/901 2451/403/901
f 2453/405/898 620/106/898 614/100/898
f 2453/405/898 614/100/898 2458/410/898
f 2460/412/899 2461/413/899 2455/407/899
f 2460/412/899 2455/407/899 609/95/899
f 599/85/2019 602/88/3618 2404/356/3619
f 599/85/2019 2404/356/3619 2403/355/2019
f 602/88/3618 608/94/2019 2407/359/2019
f 602/88/3618 2407/359/2019 2404/356/3619
f 608/94/2019 605/91/3620 2409/361/3621
f 608/94/2019 2409/361/3621 2407/359/2019
f 605/91/3620 599/85/2019 2403/355/2019
f 605/91/3620 2403/355/2019 2409/361/3621
f 2462/1512/3622 2463/1513/3622 2464/1514/3623
f 2463/1513/3622 2462/1512/3622 2465/1515/3622
f 2465/1515/3622 2462/1512/3622 2466/1516/3624
f 2467/1517/3622 2462/1512/3622 2464/1514/3623
f 2462/1512/3622 2467/1517/3622 2468/1518/3622
f 2462/1512/3622 2468/1518/3622 2469/1519/3623
f 2470/1520/3625 2462/1512/3625 2469/1519/3626
f 2462/1512/3625 2470/1520/3625 2471/1521/3627
f 2471/1521/3627 2470/1520/3625 2472/1522/3625
f 2471/1521/3627 2466/1516/3627 2462/1512/3625
f 2466/1516/3627 2471/1521/3627 2473/1523/3625
f 2473/1523/3625 2471/1521/3627 2474/1524/3625
# Vertices: 2474, normals: 3627, texture coordinates: 1524, faces: 3284

