# File generated by ImageToStl.com - Free Image and 3D model conversion tools

mtllib agraba_market_shop.mtl

o obj1
v 3.07959865 0 -1.27561156
v 0 0 0
v 3.33333351 0 0
v 2.35702273 0 -2.35702273
v 1.27561156 0 -3.07959865
v 0 0 -3.33333351
v -1.27561156 0 -3.07959865
v -2.35702273 0 -2.35702273
v -3.07959865 0 -1.27561156
v -3.33333351 0 0
v -3.07959865 -0 1.27561156
v -2.35702273 -0 2.35702273
v -1.27561156 -0 3.07959865
v 0 -0 3.33333351
v 1.27561156 -0 3.07959865
v 2.35702273 -0 2.35702273
v 3.07959865 -0 1.27561156
vn 0 0 1
vt 1.92388 0.61732
vt 1 1
vt 2 1
vt 1.70711 0.29289
vt 1.38268 0.07612
vt 1 0
vt 0.61732 0.07612
vt 0.29289 0.29289
vt 0.07612 0.61732
vt 0 1
vt 0.07612 1.38268
vt 0.29289 1.70711
vt 0.61732 1.92388
vt 1 2
vt 1.38268 1.92388
vt 1.70711 1.70711
vt 1.92388 1.38268
usemtl mat1
f 1/1/1 2/2/1 3/3/1
f 4/4/1 2/2/1 1/1/1
f 5/5/1 2/2/1 4/4/1
f 6/6/1 2/2/1 5/5/1
f 7/7/1 2/2/1 6/6/1
f 8/8/1 2/2/1 7/7/1
f 9/9/1 2/2/1 8/8/1
f 10/10/1 2/2/1 9/9/1
f 11/11/1 2/2/1 10/10/1
f 12/12/1 2/2/1 11/11/1
f 13/13/1 2/2/1 12/12/1
f 14/14/1 2/2/1 13/13/1
f 15/15/1 2/2/1 14/14/1
f 16/16/1 2/2/1 15/15/1
f 17/17/1 2/2/1 16/16/1
f 3/3/1 2/2/1 17/17/1
# Vertices: 17, normals: 1, texture coordinates: 17, faces: 16

o obj2
v 0.79036278 0.00016547 0.64912183
v 0.79036278 0.00016547 0.80219515
v 0.60558691 0.00016547 0.72565852
v 0.79036278 0.00016547 0.64912183
v 0.91164193 0.07430994 0.59888639
v 0.91164193 0.07430994 0.85243064
v 0.79036278 0.00016547 0.80219515
v 0.94683735 0.24119618 0.58430796
v 0.94683735 0.24119618 0.86700902
v 0.88821498 0.37826763 0.60859009
v 0.88821498 0.37826763 0.84272688
v 0.9141164 0.41369672 0.59786138
v 0.9141164 0.41369672 0.85345559
v 0.86396215 0.46683215 0.61863591
v 0.86396215 0.46683215 0.83268106
v 0.86396215 0.46683215 0.61863591
v 0.80778857 0.4198594 0.64190378
v 0.80778857 0.4198594 0.80941319
v 0.86396215 0.46683215 0.83268106
v 0.80778857 0.4198594 0.64190378
v 0.84126566 0.33344105 0.6280371
v 0.84126566 0.33344105 0.82327987
v 0.80778857 0.4198594 0.80941319
v 0.68212354 0.00016547 0.91043439
v 0.52905019 0.00016547 0.91043439
v 0.68212354 0.00016547 0.91043439
v 0.73235903 0.07430994 1.03171354
v 0.47881475 0.07430994 1.03171354
v 0.52905019 0.00016547 0.91043439
v 0.74693741 0.24119618 1.06690896
v 0.46423632 0.24119618 1.06690896
v 0.68212354 0.00016547 0.54088258
v 0.68212354 0.00016547 0.54088258
v 0.73235903 0.07430994 0.4196035
v 0.91164193 0.07430994 0.59888639
v 0.79036278 0.00016547 0.64912183
v 0.74693741 0.24119618 0.38440805
v 0.94683735 0.24119618 0.58430796
v 0.72265527 0.37826763 0.44303035
v 0.88821498 0.37826763 0.60859009
v 0.73338398 0.41369672 0.41712903
v 0.9141164 0.41369672 0.59786138
v 0.71260946 0.46683215 0.46728318
v 0.86396215 0.46683215 0.61863591
v 0.71260946 0.46683215 0.46728318
v 0.68934158 0.4198594 0.52345682
v 0.80778857 0.4198594 0.64190378
v 0.86396215 0.46683215 0.61863591
v 0.72265527 0.37826763 1.00828659
v 0.48851849 0.37826763 1.00828659
v 0.73338398 0.41369672 1.03418801
v 0.47778978 0.41369672 1.03418801
v 0.71260946 0.46683215 0.98403376
v 0.49856433 0.46683215 0.98403376
v 0.71260946 0.46683215 0.98403376
v 0.68934158 0.4198594 0.92786018
v 0.52183221 0.4198594 0.92786018
v 0.49856433 0.46683215 0.98403376
v 0.52905019 0.00016547 0.54088258
v 0.52905019 0.00016547 0.54088258
v 0.47881475 0.07430994 0.4196035
v 0.46423632 0.24119618 0.38440805
v 0.48851849 0.37826763 0.44303035
v 0.47778978 0.41369672 0.41712903
v 0.49856433 0.46683215 0.46728318
v 0.49856433 0.46683215 0.46728318
v 0.52183221 0.4198594 0.52345682
v 0.52183221 0.4198594 0.52345682
v 0.50796553 0.33344105 0.48997971
v 0.70320826 0.33344105 0.48997971
v 0.68934158 0.4198594 0.52345682
v 0.68934158 0.4198594 0.92786018
v 0.70320826 0.33344105 0.96133727
v 0.50796553 0.33344105 0.96133727
v 0.52183221 0.4198594 0.92786018
v 0.42081094 0.00016547 0.64912183
v 0.42081094 0.00016547 0.64912183
v 0.29953189 0.07430994 0.59888639
v 0.26433644 0.24119618 0.58430796
v 0.32295877 0.37826763 0.60859009
v 0.29705742 0.41369672 0.59786138
v 0.34721157 0.46683215 0.61863591
v 0.34721157 0.46683215 0.61863591
v 0.40338522 0.4198594 0.64190378
v 0.42081094 0.00016547 0.80219515
v 0.42081094 0.00016547 0.80219515
v 0.29953189 0.07430994 0.85243064
v 0.26433644 0.24119618 0.86700902
v 0.32295877 0.37826763 0.84272688
v 0.29705742 0.41369672 0.85345559
v 0.34721157 0.46683215 0.83268106
v 0.34721157 0.46683215 0.83268106
v 0.40338522 0.4198594 0.80941319
v 0.40338522 0.4198594 0.80941319
v 0.3699081 0.33344105 0.82327987
v 0.3699081 0.33344105 0.6280371
v 0.40338522 0.4198594 0.64190378
v 0.84126566 0.33344105 0.6280371
v 0.80778857 0.4198594 0.64190378
v 0.3513639 0.75579819 0.71720114
v 0.3513639 0.75579819 0.73411583
v 0.47095444 0.76616654 0.73411583
v 0.47095444 0.76616654 0.71720114
v 0.3699081 0.33344105 0.82327987
v 0.50796553 0.33344105 0.96133727
v 0.70320826 0.33344105 0.96133727
v 0.84126566 0.33344105 0.82327987
v 0.84126566 0.33344105 0.6280371
v 0.70320826 0.33344105 0.48997971
v 0.50796553 0.33344105 0.48997971
v 0.3699081 0.33344105 0.6280371
v 0.41588226 0.33344105 0.66137044
v 0.6267141 0.33344105 0.66137044
v 0.41588226 0.33344105 0.78994653
v 0.6267141 0.33344105 0.78994653
v 0.41588226 0.33344105 0.66137044
v 0.40344024 0.48896601 0.69285447
v 0.49399951 0.52421836 0.69659154
v 0.6267141 0.33344105 0.66137044
v 0.41588226 0.33344105 0.78994653
v 0.40344024 0.48896601 0.7584625
v 0.6267141 0.33344105 0.78994653
v 0.49399951 0.52421836 0.75472543
v 0.32643784 0.53079083 0.70080856
v 0.46883875 0.58885349 0.7023024
v 0.32643784 0.53079083 0.75050841
v 0.46883875 0.58885349 0.74901458
v 0.33587022 0.58768193 0.68472942
v 0.52389176 0.64781822 0.68472942
v 0.33587022 0.58768193 0.76658755
v 0.52389176 0.64781822 0.76658755
v 0.25816254 0.6444314 0.7109521
v 0.51046775 0.69834675 0.68472942
v 0.25816254 0.6444314 0.74036488
v 0.51046775 0.69834675 0.76658755
v 0.34238064 0.69103804 0.70760521
v 0.48063424 0.72006935 0.70760521
v 0.34238064 0.69103804 0.74371176
v 0.48063424 0.72006935 0.74371176
v -0.29761593 0.73344184 -0.03571743
v -0.2413999 0.73344184 0.10000001
v -0.43333336 0.73344184 0.10000001
v -0.29761593 0.73344184 -0.03571743
v -0.22560294 0.82743159 -0.1077304
v -0.13955821 0.82743159 0.10000001
v -0.2413999 0.73344184 0.10000001
v -0.19664217 1.00380884 -0.13669118
v -0.09860147 1.00380884 0.10000001
v -0.17406085 1.06002006 -0.1592725
v -0.06666667 1.06002006 0.10000001
v -0.17406085 1.16455377 -0.1592725
v -0.06666667 1.16455377 0.10000001
v -0.20105291 1.20010853 -0.13228044
v -0.1048392 1.20010853 0.10000001
v -0.20105291 1.20010853 -0.13228044
v -0.22645375 1.15802746 -0.10687961
v -0.14076141 1.15802746 0.10000001
v -0.1048392 1.20010853 0.10000001
v -0.43333336 0.73344184 0.29193346
v -0.43333336 0.82743159 0.39377517
v -0.64106379 0.82743159 0.3077304
v -0.56905082 0.73344184 0.23571745
v -0.43333336 1.00380884 0.43473189
v -0.67002453 1.00380884 0.33669117
v -0.43333336 1.06002006 0.46666669
v -0.69260588 1.06002006 0.35927253
v -0.43333336 1.16455377 0.46666669
v -0.69260588 1.16455377 0.35927253
v -0.43333336 0.73344184 -0.09193344
v -0.43333336 0.73344184 -0.09193344
v -0.43333336 0.82743159 -0.19377514
v -0.43333336 1.00380884 -0.23473188
v -0.43333336 1.06002006 -0.26666668
v -0.43333336 1.16455377 -0.26666668
v -0.43333336 1.20010853 -0.22849415
v -0.43333336 1.20010853 -0.22849415
v -0.43333336 1.15802746 -0.19257194
v -0.43333336 1.20010853 0.42849416
v -0.66561378 1.20010853 0.33228046
v -0.43333336 1.20010853 0.42849416
v -0.43333336 1.15802746 0.39257195
v -0.64021298 1.15802746 0.30687963
v -0.66561378 1.20010853 0.33228046
v -0.29761593 0.73344184 0.23571745
v -0.43333336 0.73344184 0.29193346
v -0.29761593 0.73344184 0.23571745
v -0.22560294 0.82743159 0.3077304
v -0.56905082 0.73344184 -0.03571743
v -0.56905082 0.73344184 -0.03571743
v -0.64106379 0.82743159 -0.1077304
v -0.67002453 1.00380884 -0.13669118
v -0.69260588 1.06002006 -0.1592725
v -0.69260588 1.16455377 -0.1592725
v -0.66561378 1.20010853 -0.13228044
v -0.66561378 1.20010853 -0.13228044
v -0.64021298 1.15802746 -0.10687961
v -0.19664217 1.00380884 0.33669117
v -0.17406085 1.06002006 0.35927253
v -0.17406085 1.16455377 0.35927253
v -0.20105291 1.20010853 0.33228046
v -0.62526681 0.73344184 0.10000001
v -0.62526681 0.73344184 0.10000001
v -0.72710848 0.82743159 0.10000001
v -0.76806524 1.00380884 0.10000001
v -0.80000004 1.06002006 0.10000001
v -0.80000004 1.16455377 0.10000001
v -0.76182751 1.20010853 0.10000001
v -0.76182751 1.20010853 0.10000001
v -0.72590533 1.15802746 0.10000001
v -0.20105291 1.20010853 0.33228046
v -0.22645375 1.15802746 0.30687963
v -0.2413999 0.73344184 0.10000001
v -0.13955821 0.82743159 0.10000001
v -0.09860147 1.00380884 0.10000001
v -0.56905082 0.73344184 0.23571745
v -0.06666667 1.06002006 0.10000001
v -0.06666667 1.16455377 0.10000001
v -0.1048392 1.20010853 0.10000001
v -0.1048392 1.20010853 0.10000001
v -0.14076141 1.15802746 0.10000001
v -0.43333336 1.15802746 0.39257195
v -0.22645375 1.15802746 0.30687963
v -0.43333336 1.15802746 -0.19257194
v -0.64021298 1.15802746 -0.10687961
v -0.14076141 1.15802746 0.10000001
v -0.22645375 1.15802746 -0.10687961
v -0.64021298 1.15802746 0.30687963
v -0.72590533 1.15802746 0.10000001
v -1.14362316 0.00700747 -0.752765
v -1.08504454 0.00700747 -0.61134361
v -1.28504455 0.00700747 -0.61134361
v -1.14362316 0.00700747 -0.752765
v -1.05080012 0.08115197 -0.84558797
v -0.95377291 0.08115197 -0.61134361
v -1.08504454 0.00700747 -0.61134361
v -1.0238627 0.24803818 -0.87252539
v -0.91567769 0.24803818 -0.61134361
v -1.06873035 0.38510964 -0.82765781
v -0.97913003 0.38510964 -0.61134361
v -1.04890625 0.42053873 -0.84748184
v -0.95109461 0.42053873 -0.61134361
v -1.08729266 0.47367416 -0.80909549
v -1.00538106 0.47367416 -0.61134361
v -1.13028608 0.42670138 -0.76610207
v -1.06618302 0.42670138 -0.61134361
v -1.28504455 0.00700747 -0.4113436
v -1.28504455 0.08115197 -0.28007204
v -1.51928884 0.08115197 -0.37709922
v -1.42646594 0.00700747 -0.46992222
v -1.28504455 0.24803818 -0.24197678
v -1.54622633 0.24803818 -0.35016183
v -1.28504455 0.38510964 -0.30542912
v -1.50135862 0.38510964 -0.39502937
v -1.28504455 0.42053873 -0.27739367
v -1.52118271 0.42053873 -0.37520535
v -1.28504455 0.00700747 -0.81134362
v -1.28504455 0.00700747 -0.81134362
v -1.28504455 0.08115197 -0.94261518
v -1.28504455 0.24803818 -0.9807104
v -1.28504455 0.38510964 -0.91725806
v -1.28504455 0.42053873 -0.94529354
v -1.28504455 0.47367416 -0.89100702
v -1.28504455 0.42670138 -0.83020513
v -1.28504455 0.47367416 -0.33168019
v -1.48279643 0.47367416 -0.41359172
v -1.28504455 0.42670138 -0.39248208
v -1.43980301 0.42670138 -0.45658511
v -1.14362316 0.00700747 -0.46992222
v -1.28504455 0.00700747 -0.4113436
v -1.14362316 0.00700747 -0.46992222
v -1.05080012 0.08115197 -0.37709922
v -1.42646594 0.00700747 -0.752765
v -1.42646594 0.00700747 -0.752765
v -1.51928884 0.08115197 -0.84558797
v -1.54622633 0.24803818 -0.87252539
v -1.50135862 0.38510964 -0.82765781
v -1.52118271 0.42053873 -0.84748184
v -1.48279643 0.47367416 -0.80909549
v -1.43980301 0.42670138 -0.76610207
v -1.0238627 0.24803818 -0.35016183
v -1.06873035 0.38510964 -0.39502937
v -1.04890625 0.42053873 -0.37520535
v -1.08729266 0.47367416 -0.41359172
v -1.48504456 0.00700747 -0.61134361
v -1.48504456 0.00700747 -0.61134361
v -1.61631605 0.08115197 -0.61134361
v -1.65441128 0.24803818 -0.61134361
v -1.590959 0.38510964 -0.61134361
v -1.61899448 0.42053873 -0.61134361
v -1.5647079 0.47367416 -0.61134361
v -1.50390607 0.42670138 -0.61134361
v -1.13028608 0.42670138 -0.45658511
v -1.08504454 0.00700747 -0.61134361
v -0.95377291 0.08115197 -0.61134361
v -0.91567769 0.24803818 -0.61134361
v -1.42646594 0.00700747 -0.46992222
v -0.97913003 0.38510964 -0.61134361
v -0.95109461 0.42053873 -0.61134361
v -1.00538106 0.47367416 -0.61134361
v -1.06618302 0.42670138 -0.61134361
v -1.43980301 0.42670138 -0.45658511
v -1.28504455 0.42670138 -0.39248208
v -1.13028608 0.42670138 -0.76610207
v -1.28504455 0.42670138 -0.83020513
v -1.13028608 0.42670138 -0.45658511
v -1.06618302 0.42670138 -0.61134361
v -1.43980301 0.42670138 -0.76610207
v -1.50390607 0.42670138 -0.61134361
v -0.91805774 0.02990584 0.36063196
v -0.8786207 -6.783E-05 0.40524971
v -0.93989523 0.01951197 0.42275711
v -0.84148195 0.18107182 0.35247045
v -0.76876587 0.12580474 0.43473904
v -0.79277068 0.29363046 0.37725377
v -0.71389666 0.23368307 0.46648928
v -0.78586182 0.34915023 0.45306984
v -0.74232271 0.31605878 0.50232858
v -0.76270292 0.40586248 0.47069867
v -0.71916381 0.37277103 0.51995744
v -0.72970458 0.44806871 0.42526038
v -0.65083056 0.38812131 0.51449591
v -0.71759437 0.47772464 0.43447881
v -0.63872035 0.41777724 0.52371435
v -0.72548559 0.47994165 0.46784604
v -0.66633005 0.43498111 0.53477265
v -0.72548559 0.47994165 0.46784604
v -0.76406756 0.41932391 0.50037333
v -0.73590963 0.39792282 0.53223021
v -0.66633005 0.43498111 0.53477265
v -0.79828006 0.33554314 0.47433035
v -0.77012219 0.31414205 0.50618727
v -0.80942959 0.2797509 0.41377006
v -0.75519356 0.23852934 0.475131
v -0.84948328 0.18166611 0.38328071
v -0.79524725 0.14044454 0.44464165
v -0.89753404 0.08427727 0.38377144
v -0.86186134 0.05716464 0.4241304
v -0.92778503 0.0491679 0.43197555
v -0.97933228 0.04948567 0.37813936
v -0.93989523 0.01951197 0.42275711
v -0.95446318 0.21717411 0.38475153
v -0.91531974 0.33279004 0.4122686
v -0.85350995 0.37076669 0.47239831
v -0.83035105 0.42747891 0.49002714
v -0.85225364 0.48722832 0.4602752
v -0.84014344 0.51688426 0.46949364
v -0.81739735 0.50931138 0.49410711
v -0.81739735 0.50931138 0.49410711
v -0.80781731 0.43330382 0.51287352
v -0.84202987 0.34952305 0.48683055
v -0.89369785 0.30667822 0.43784726
v -0.9337516 0.20859338 0.40735794
v -0.95295981 0.10198817 0.39960774
v -0.92778503 0.0491679 0.43197555
v -1.00116977 0.03909177 0.44026453
v -0.93989523 0.01951197 0.42275711
v -0.99472833 0.19800934 0.49930124
v -0.95899472 0.31200233 0.53651889
v -0.8776189 0.35929167 0.54098552
v -0.85446006 0.41600388 0.55861438
v -0.89592862 0.46644054 0.58452552
v -0.88381842 0.49609648 0.59374399
v -0.85015359 0.49372056 0.58729486
v -0.85015359 0.49372056 0.58729486
v -0.82340919 0.42588262 0.55723066
v -0.85762175 0.34210185 0.53118769
v -0.92373007 0.29238394 0.52328535
v -0.96378376 0.1942991 0.49279603
v -0.97271289 0.0925864 0.455803
v -0.92778503 0.0491679 0.43197555
v -0.96173272 0.0091181 0.48488225
v -0.93989523 0.01951197 0.42275711
v -0.92201225 0.14274224 0.58156983
v -0.8801207 0.25205491 0.62575445
v -0.83407979 0.32620018 0.59024432
v -0.81092088 0.38291247 0.60787312
v -0.8170546 0.40649318 0.67376102
v -0.8049444 0.43614911 0.68297949
v -0.79099806 0.44876002 0.65422151
v -0.79099806 0.44876002 0.65422151
v -0.79525132 0.40448153 0.58908758
v -0.82946387 0.32070076 0.56304458
v -0.86949404 0.25116238 0.58464632
v -0.90954773 0.15307758 0.55415697
v -0.93704019 0.06547373 0.4961619
v -0.92778503 0.0491679 0.43197555
v -0.90045819 -0.01046173 0.46737489
v -0.93989523 0.01951197 0.42275711
v -0.80903102 0.10663994 0.54928878
v -0.75757164 0.21289531 0.59073966
v -0.76643166 0.30458376 0.57091582
v -0.74327276 0.36129597 0.58854469
v -0.6945056 0.36733356 0.63874623
v -0.6823954 0.39698949 0.64796464
v -0.69908629 0.41939032 0.62796043
v -0.69908629 0.41939032 0.62796043
v -0.75150157 0.39050161 0.57658739
v -0.78571406 0.30672085 0.55054439
v -0.78522572 0.22423509 0.56056909
v -0.82527947 0.12615027 0.53007981
v -0.88161441 0.04776287 0.48032563
v -0.92778503 0.0491679 0.43197555
v -0.8786207 -6.783E-05 0.40524971
v -0.93989523 0.01951197 0.42275711
v -0.76876587 0.12580474 0.43473904
v -0.71389666 0.23368307 0.46648928
v -0.74232271 0.31605878 0.50232858
v -0.71916381 0.37277103 0.51995744
v -0.65083056 0.38812131 0.51449591
v -0.63872035 0.41777724 0.52371435
v -0.66633005 0.43498111 0.53477265
v -0.66633005 0.43498111 0.53477265
v -0.73590963 0.39792282 0.53223021
v -0.77012219 0.31414205 0.50618727
v -0.75519356 0.23852934 0.475131
v -0.79524725 0.14044454 0.44464165
v -0.86186134 0.05716464 0.4241304
v -0.92778503 0.0491679 0.43197555
v -0.53648576 0.0058762 0.4805759
v -0.50315243 0.0058762 0.53831091
v -0.5698191 0.0058762 0.53831091
v -0.50835733 0.16592861 0.43185599
v -0.44689553 0.16592861 0.53831091
v -0.50315243 0.2906206 0.42284084
v -0.43648576 0.2906206 0.53831091
v -0.53301852 0.36349248 0.47457046
v -0.49621794 0.36349248 0.53831091
v -0.53301852 0.42723722 0.47457046
v -0.49621794 0.42723722 0.53831091
v -0.50315243 0.46420955 0.42284084
v -0.43648576 0.46420955 0.53831091
v -0.50315243 0.49754288 0.42284084
v -0.43648576 0.49754288 0.53831091
v -0.5198191 0.50587622 0.4517084
v -0.46981909 0.50587622 0.53831091
v -0.5198191 0.50587622 0.4517084
v -0.5460192 0.44692442 0.49708833
v -0.52221937 0.44692442 0.53831091
v -0.46981909 0.50587622 0.53831091
v -0.5460192 0.35275461 0.49708833
v -0.52221937 0.35275461 0.53831091
v -0.52397715 0.28231864 0.45891036
v -0.47813523 0.28231864 0.53831091
v -0.52397715 0.17207107 0.45891036
v -0.47813523 0.17207107 0.53831091
v -0.53966748 0.06810497 0.48608681
v -0.50951585 0.06810497 0.53831091
v -0.5698191 0.03920953 0.53831091
v -0.60315243 0.0058762 0.4805759
v -0.5698191 0.0058762 0.53831091
v -0.63128087 0.16592861 0.43185599
v -0.63648577 0.2906206 0.42284084
v -0.60661968 0.36349248 0.47457046
v -0.60661968 0.42723722 0.47457046
v -0.63648577 0.46420955 0.42284084
v -0.63648577 0.49754288 0.42284084
v -0.6198191 0.50587622 0.4517084
v -0.6198191 0.50587622 0.4517084
v -0.593619 0.44692442 0.49708833
v -0.593619 0.35275461 0.49708833
v -0.61566102 0.28231864 0.45891036
v -0.61566102 0.17207107 0.45891036
v -0.59997072 0.06810497 0.48608681
v -0.5698191 0.03920953 0.53831091
v -0.63648577 0.0058762 0.53831091
v -0.5698191 0.0058762 0.53831091
v -0.69274264 0.16592861 0.53831091
v -0.70315244 0.2906206 0.53831091
v -0.64342025 0.36349248 0.53831091
v -0.64342025 0.42723722 0.53831091
v -0.70315244 0.46420955 0.53831091
v -0.70315244 0.49754288 0.53831091
v -0.6698191 0.50587622 0.53831091
v -0.6698191 0.50587622 0.53831091
v -0.61741889 0.44692442 0.53831091
v -0.61741889 0.35275461 0.53831091
v -0.66150294 0.28231864 0.53831091
v -0.66150294 0.17207107 0.53831091
v -0.63012234 0.06810497 0.53831091
v -0.5698191 0.03920953 0.53831091
v -0.60315243 0.0058762 0.59604597
v -0.5698191 0.0058762 0.53831091
v -0.63128087 0.16592861 0.64476589
v -0.63648577 0.2906206 0.65378097
v -0.60661968 0.36349248 0.60205138
v -0.60661968 0.42723722 0.60205138
v -0.63648577 0.46420955 0.65378097
v -0.63648577 0.49754288 0.65378097
v -0.6198191 0.50587622 0.62491344
v -0.6198191 0.50587622 0.62491344
v -0.593619 0.44692442 0.57953354
v -0.593619 0.35275461 0.57953354
v -0.61566102 0.28231864 0.61771148
v -0.61566102 0.17207107 0.61771148
v -0.59997072 0.06810497 0.59053507
v -0.5698191 0.03920953 0.53831091
v -0.53648576 0.0058762 0.59604597
v -0.5698191 0.0058762 0.53831091
v -0.50835733 0.16592861 0.64476589
v -0.50315243 0.2906206 0.65378097
v -0.53301852 0.36349248 0.60205138
v -0.53301852 0.42723722 0.60205138
v -0.50315243 0.46420955 0.65378097
v -0.50315243 0.49754288 0.65378097
v -0.5198191 0.50587622 0.62491344
v -0.5198191 0.50587622 0.62491344
v -0.5460192 0.44692442 0.57953354
v -0.5460192 0.35275461 0.57953354
v -0.52397715 0.28231864 0.61771148
v -0.52397715 0.17207107 0.61771148
v -0.53966748 0.06810497 0.59053507
v -0.5698191 0.03920953 0.53831091
v -0.50315243 0.0058762 0.53831091
v -0.5698191 0.0058762 0.53831091
v -0.44689553 0.16592861 0.53831091
v -0.43648576 0.2906206 0.53831091
v -0.49621794 0.36349248 0.53831091
v -0.49621794 0.42723722 0.53831091
v -0.43648576 0.46420955 0.53831091
v -0.43648576 0.49754288 0.53831091
v -0.46981909 0.50587622 0.53831091
v -0.46981909 0.50587622 0.53831091
v -0.52221937 0.44692442 0.53831091
v -0.52221937 0.35275461 0.53831091
v -0.47813523 0.28231864 0.53831091
v -0.47813523 0.17207107 0.53831091
v -0.50951585 0.06810497 0.53831091
v -0.5698191 0.03920953 0.53831091
v -1.34130472 0.40539057 -0.63215246
v -1.34130472 0.48872391 -0.63215246
v -1.30522035 0.48872391 -0.56965246
v -1.30522035 0.40539057 -0.56965246
v -1.41347358 0.40539057 -0.63215246
v -1.41347358 0.48872391 -0.63215246
v -1.44955795 0.40539057 -0.56965246
v -1.44955795 0.48872391 -0.56965246
v -1.41347358 0.40539057 -0.50715246
v -1.41347358 0.48872391 -0.50715246
v -1.34130472 0.40539057 -0.50715246
v -1.34130472 0.48872391 -0.50715246
v -1.30522035 0.40539057 -0.56965246
v -1.30522035 0.48872391 -0.56965246
v -1.37738922 0.3637239 -0.56965246
v -1.37738922 0.53039058 -0.56965246
v -1.37738922 0.3637239 -0.56965246
v -1.37738922 0.53039058 -0.56965246
v -1.37738922 0.3637239 -0.56965246
v -1.37738922 0.53039058 -0.56965246
v -1.37738922 0.3637239 -0.56965246
v -1.37738922 0.53039058 -0.56965246
v -1.37738922 0.3637239 -0.56965246
v -1.37738922 0.53039058 -0.56965246
v -1.37738922 0.3637239 -0.56965246
v -1.37738922 0.53039058 -0.56965246
v -1.22059981 0.42715622 -0.7609233
v -1.22059981 0.51048955 -0.7609233
v -1.18451544 0.51048955 -0.69842329
v -1.18451544 0.42715622 -0.69842329
v -1.29276867 0.42715622 -0.7609233
v -1.29276867 0.51048955 -0.7609233
v -1.32885304 0.42715622 -0.69842329
v -1.32885304 0.51048955 -0.69842329
v -1.29276867 0.42715622 -0.63592329
v -1.29276867 0.51048955 -0.63592329
v -1.22059981 0.42715622 -0.63592329
v -1.22059981 0.51048955 -0.63592329
v -1.18451544 0.42715622 -0.69842329
v -1.18451544 0.51048955 -0.69842329
v -1.25668418 0.38548955 -0.69842329
v -1.25668418 0.55215622 -0.69842329
v -1.25668418 0.38548955 -0.69842329
v -1.25668418 0.55215622 -0.69842329
v -1.25668418 0.38548955 -0.69842329
v -1.25668418 0.55215622 -0.69842329
v -1.25668418 0.38548955 -0.69842329
v -1.25668418 0.55215622 -0.69842329
v -1.25668418 0.38548955 -0.69842329
v -1.25668418 0.55215622 -0.69842329
v -1.25668418 0.38548955 -0.69842329
v -1.25668418 0.55215622 -0.69842329
v 0.0360844 0.75833337 0.17083334
v 0.0360844 0.84166671 0.17083334
v 0.07216881 0.84166671 0.23333335
v 0.07216881 0.75833337 0.23333335
v -0.0360844 0.75833337 0.17083334
v -0.0360844 0.84166671 0.17083334
v -0.07216881 0.75833337 0.23333335
v -0.07216881 0.84166671 0.23333335
v -0.0360844 0.75833337 0.29583335
v -0.0360844 0.84166671 0.29583335
v 0.0360844 0.75833337 0.29583335
v 0.0360844 0.84166671 0.29583335
v 0.07216881 0.75833337 0.23333335
v 0.07216881 0.84166671 0.23333335
v 0 0.7166667 0.23333335
v 0 0.88333338 0.23333335
v 0 0.7166667 0.23333335
v 0 0.88333338 0.23333335
v 0 0.7166667 0.23333335
v 0 0.88333338 0.23333335
v 0 0.7166667 0.23333335
v 0 0.88333338 0.23333335
v 0 0.7166667 0.23333335
v 0 0.88333338 0.23333335
v 0 0.7166667 0.23333335
v 0 0.88333338 0.23333335
v -0.28451012 1.14195067 0.11985431
v -0.28451012 1.225284 0.11985431
v -0.24842572 1.225284 0.18235432
v -0.24842572 1.14195067 0.18235432
v -0.35667889 1.14195067 0.11985431
v -0.35667889 1.225284 0.11985431
v -0.39276329 1.14195067 0.18235432
v -0.39276329 1.225284 0.18235432
v -0.35667889 1.14195067 0.24485432
v -0.35667889 1.225284 0.24485432
v -0.28451012 1.14195067 0.24485432
v -0.28451012 1.225284 0.24485432
v -0.24842572 1.14195067 0.18235432
v -0.24842572 1.225284 0.18235432
v -0.32059449 1.100284 0.18235432
v -0.32059449 1.26695067 0.18235432
v -0.32059449 1.100284 0.18235432
v -0.32059449 1.26695067 0.18235432
v -0.32059449 1.100284 0.18235432
v -0.32059449 1.26695067 0.18235432
v -0.32059449 1.100284 0.18235432
v -0.32059449 1.26695067 0.18235432
v -0.32059449 1.100284 0.18235432
v -0.32059449 1.26695067 0.18235432
v -0.32059449 1.100284 0.18235432
v -0.32059449 1.26695067 0.18235432
v -0.50372002 1.15291118 0.09829161
v -0.50372002 1.23624452 0.09829161
v -0.46763562 1.23624452 0.16079161
v -0.46763562 1.15291118 0.16079161
v -0.57588879 1.15291118 0.09829161
v -0.57588879 1.23624452 0.09829161
v -0.61197322 1.15291118 0.16079161
v -0.61197322 1.23624452 0.16079161
v -0.57588879 1.15291118 0.22329162
v -0.57588879 1.23624452 0.22329162
v -0.50372002 1.15291118 0.22329162
v -0.50372002 1.23624452 0.22329162
v -0.46763562 1.15291118 0.16079161
v -0.46763562 1.23624452 0.16079161
v -0.53980442 1.11124451 0.16079161
v -0.53980442 1.27791119 0.16079161
v -0.53980442 1.11124451 0.16079161
v -0.53980442 1.27791119 0.16079161
v -0.53980442 1.11124451 0.16079161
v -0.53980442 1.27791119 0.16079161
v -0.53980442 1.11124451 0.16079161
v -0.53980442 1.27791119 0.16079161
v -0.53980442 1.11124451 0.16079161
v -0.53980442 1.27791119 0.16079161
v -0.53980442 1.11124451 0.16079161
v -0.53980442 1.27791119 0.16079161
v -0.40233541 1.18579273 -0.05972963
v -0.40233541 1.26912607 -0.05972963
v -0.36625104 1.26912607 0.00277037
v -0.36625104 1.18579273 0.00277037
v -0.47450421 1.18579273 -0.05972963
v -0.47450421 1.26912607 -0.05972963
v -0.51058864 1.18579273 0.00277037
v -0.51058864 1.26912607 0.00277037
v -0.47450421 1.18579273 0.06527037
v -0.47450421 1.26912607 0.06527037
v -0.40233541 1.18579273 0.06527037
v -0.40233541 1.26912607 0.06527037
v -0.36625104 1.18579273 0.00277037
v -0.36625104 1.26912607 0.00277037
v -0.43841981 1.14412606 0.00277037
v -0.43841981 1.31079274 0.00277037
v -0.43841981 1.14412606 0.00277037
v -0.43841981 1.31079274 0.00277037
v -0.43841981 1.14412606 0.00277037
v -0.43841981 1.31079274 0.00277037
v -0.43841981 1.14412606 0.00277037
v -0.43841981 1.31079274 0.00277037
v -0.43841981 1.14412606 0.00277037
v -0.43841981 1.31079274 0.00277037
v -0.43841981 1.14412606 0.00277037
v -0.43841981 1.31079274 0.00277037
v 0.71338301 0.34739442 0.76952347
v 0.71338301 0.43072776 0.76952347
v 0.74946738 0.43072776 0.83202347
v 0.74946738 0.34739442 0.83202347
v 0.64121421 0.34739442 0.76952347
v 0.64121421 0.43072776 0.76952347
v 0.60512985 0.34739442 0.83202347
v 0.60512985 0.43072776 0.83202347
v 0.64121421 0.34739442 0.89452348
v 0.64121421 0.43072776 0.89452348
v 0.71338301 0.34739442 0.89452348
v 0.71338301 0.43072776 0.89452348
v 0.74946738 0.34739442 0.83202347
v 0.74946738 0.43072776 0.83202347
v 0.67729858 0.30572775 0.83202347
v 0.67729858 0.47239443 0.83202347
v 0.67729858 0.30572775 0.83202347
v 0.67729858 0.47239443 0.83202347
v 0.67729858 0.30572775 0.83202347
v 0.67729858 0.47239443 0.83202347
v 0.67729858 0.30572775 0.83202347
v 0.67729858 0.47239443 0.83202347
v 0.67729858 0.30572775 0.83202347
v 0.67729858 0.47239443 0.83202347
v 0.67729858 0.30572775 0.83202347
v 0.67729858 0.47239443 0.83202347
v 0.75059253 0.34739442 0.59598042
v 0.75059253 0.43072776 0.59598042
v 0.78667696 0.43072776 0.65848042
v 0.78667696 0.34739442 0.65848042
v 0.67842379 0.34739442 0.59598042
v 0.67842379 0.43072776 0.59598042
v 0.64233936 0.34739442 0.65848042
v 0.64233936 0.43072776 0.65848042
v 0.67842379 0.34739442 0.72098043
v 0.67842379 0.43072776 0.72098043
v 0.75059253 0.34739442 0.72098043
v 0.75059253 0.43072776 0.72098043
v 0.78667696 0.34739442 0.65848042
v 0.78667696 0.43072776 0.65848042
v 0.71450816 0.30572775 0.65848042
v 0.71450816 0.47239443 0.65848042
v 0.71450816 0.30572775 0.65848042
v 0.71450816 0.47239443 0.65848042
v 0.71450816 0.30572775 0.65848042
v 0.71450816 0.47239443 0.65848042
v 0.71450816 0.30572775 0.65848042
v 0.71450816 0.47239443 0.65848042
v 0.71450816 0.30572775 0.65848042
v 0.71450816 0.47239443 0.65848042
v 0.71450816 0.30572775 0.65848042
v 0.71450816 0.47239443 0.65848042
v -1.19136333 0.44166669 -0.56250003
v -1.19136333 0.52500003 -0.56250003
v -1.15527897 0.52500003 -0.50000003
v -1.15527897 0.44166669 -0.50000003
v -1.2635322 0.44166669 -0.56250003
v -1.2635322 0.52500003 -0.56250003
v -1.29961656 0.44166669 -0.50000003
v -1.29961656 0.52500003 -0.50000003
v -1.2635322 0.44166669 -0.43750002
v -1.2635322 0.52500003 -0.43750002
v -1.19136333 0.44166669 -0.43750002
v -1.19136333 0.52500003 -0.43750002
v -1.15527897 0.44166669 -0.50000003
v -1.15527897 0.52500003 -0.50000003
v -1.2274477 0.40000002 -0.50000003
v -1.2274477 0.5666667 -0.50000003
v -1.2274477 0.40000002 -0.50000003
v -1.2274477 0.5666667 -0.50000003
v -1.2274477 0.40000002 -0.50000003
v -1.2274477 0.5666667 -0.50000003
v -1.2274477 0.40000002 -0.50000003
v -1.2274477 0.5666667 -0.50000003
v -1.2274477 0.40000002 -0.50000003
v -1.2274477 0.5666667 -0.50000003
v -1.2274477 0.40000002 -0.50000003
v -1.2274477 0.5666667 -0.50000003
v 0.73333337 -0 0.33333335
v 1.20000006 -0 0.23333335
v 1.13333339 0.6666667 0.16666668
v 0.73333337 0.6666667 0.26666668
v 1.20000006 0 -0.26666668
v 1.13333339 0.6666667 -0.26666668
v 0 0.6666667 0.26666668
v 0 0.6666667 0.33333335
v -0.73333337 0.6666667 0.33333335
v -0.73333337 0.6666667 0.26666668
v 0 0.6666667 -0.26666668
v 0.73333337 0.6666667 -0.26666668
v 0.73333337 0 -0.26666668
v 0 0 -0.26666668
v 0 0.73333337 0.33333335
v 0.73333337 0.73333337 0.33333335
v 0.73333337 0.73333337 -0.33333335
v 0 0.73333337 -0.33333335
v 1.20000006 0.6666667 -0.33333335
v 1.20000006 0.73333337 -0.33333335
v 1.20000006 0.73333337 0.23333335
v 1.20000006 0.6666667 0.23333335
v 1.20000006 0.6666667 0.23333335
v 0.73333337 0.6666667 0.33333335
v 1.20000006 0.6666667 -0.33333335
v 0 0.6666667 -0.33333335
v 0.73333337 0.6666667 -0.33333335
v 0.73333337 0.6666667 -0.33333335
v 0 0.6666667 -0.33333335
v 0 0.73333337 -0.33333335
v 0.73333337 0.73333337 -0.33333335
v 0.73333337 0.6666667 0.33333335
v 0.73333337 0.73333337 0.33333335
v 0 -0 0.33333335
v -1.13333339 0.6666667 -0.26666668
v -1.20000006 0.6666667 -0.33333335
v -0.73333337 0.6666667 -0.33333335
v -0.73333337 0.6666667 -0.26666668
v 1.13333339 0.6666667 -0.26666668
v 1.20000006 0 -0.26666668
v 1.20000006 0.73333337 0.23333335
v 1.20000006 0.73333337 -0.33333335
v 1.20000006 0.6666667 -0.33333335
v 1.20000006 0.73333337 -0.33333335
v 1.20000006 0.6666667 -0.33333335
v 0 0.73333337 0.33333335
v 0 0.6666667 0.33333335
v -1.13333339 0.6666667 0.16666668
v -1.20000006 -0 0.23333335
v -0.73333337 -0 0.33333335
v -1.13333339 0.6666667 -0.26666668
v -1.20000006 0 -0.26666668
v -1.20000006 0.6666667 -0.33333335
v -1.20000006 0.73333337 -0.33333335
v -0.73333337 0.73333337 -0.33333335
v -0.73333337 0.6666667 -0.33333335
v -0.73333337 0 -0.26666668
v -0.73333337 0.73333337 -0.33333335
v -0.73333337 0.73333337 0.33333335
v -1.20000006 0.73333337 0.23333335
v -1.20000006 0.6666667 0.23333335
v -1.20000006 0.6666667 0.23333335
v -1.20000006 0.6666667 -0.33333335
v -0.73333337 0.6666667 0.33333335
v -0.73333337 0.73333337 0.33333335
v -1.20000006 0 -0.26666668
v -1.20000006 0.73333337 -0.33333335
v -1.20000006 0.73333337 0.23333335
v 0.12554741 1.20000006 -0.21131308
v 0.08705241 1.15000006 -0.22725822
v 0.08705241 1.15000006 -0.10607514
v 0.12554741 1.20000006 -0.12202027
v 0.12554741 1.20000006 -0.12202027
v 0.08705241 1.15000006 -0.10607514
v 0.1727418 1.15000006 -0.02038574
v 0.18868694 1.20000006 -0.05888074
v 0.12554741 1.11846396 -0.12202027
v 0.18868694 1.11846396 -0.05888074
v 0.12554741 1.08984139 -0.12202027
v 0.18868694 1.08984139 -0.05888074
v 0.0535368 1.02029996 -0.0921925
v 0.15885918 1.02029996 0.01312987
v -0.00581903 0.89702535 -0.06760654
v 0.1342732 0.89702535 0.07248571
v 0.02004157 0.79093956 -0.07831834
v 0.144985 0.79093956 0.0466251
v 0.08989697 0.73333337 -0.10725337
v 0.17392004 0.73333337 -0.0232303
v 0.1727418 1.15000006 -0.31294761
v 0.18868694 1.11846396 -0.27445261
v 0.12554741 1.11846396 -0.21131308
v 0.12554741 1.11846396 -0.12202027
v 0.29392489 1.15000006 -0.02038574
v 0.27797974 1.20000006 -0.05888074
v 0.27797974 1.11846396 -0.05888074
v 0.27797974 1.08984139 -0.05888074
v 0.30780753 1.02029996 0.01312987
v 0.33239347 0.89702535 0.07248571
v 0.32168168 0.79093956 0.0466251
v 0.29274665 0.73333337 -0.0232303
v 0.18868694 1.08984139 -0.27445261
v 0.12554741 1.08984139 -0.21131308
v 0.12554741 1.08984139 -0.12202027
v 0.37961428 1.15000006 -0.10607514
v 0.34111928 1.20000006 -0.12202027
v 0.34111928 1.11846396 -0.12202027
v 0.34111928 1.08984139 -0.12202027
v 0.41312989 1.02029996 -0.0921925
v 0.47248573 0.89702535 -0.06760654
v 0.44662513 0.79093956 -0.07831834
v 0.37676972 0.73333337 -0.10725337
v 0.15885918 1.02029996 -0.34646322
v 0.0535368 1.02029996 -0.24114084
v 0.0535368 1.02029996 -0.0921925
v 0.37961428 1.15000006 -0.22725822
v 0.34111928 1.20000006 -0.21131308
v 0.34111928 1.11846396 -0.21131308
v 0.34111928 1.08984139 -0.21131308
v 0.41312989 1.02029996 -0.24114084
v 0.47248573 0.89702535 -0.26572682
v 0.44662513 0.79093956 -0.25501502
v 0.37676972 0.73333337 -0.22607998
v 0.1342732 0.89702535 -0.40581906
v -0.00581903 0.89702535 -0.26572682
v -0.00581903 0.89702535 -0.06760654
v 0.29392489 1.15000006 -0.31294761
v 0.27797974 1.20000006 -0.27445261
v 0.27797974 1.11846396 -0.27445261
v 0.27797974 1.08984139 -0.27445261
v 0.30780753 1.02029996 -0.34646322
v 0.33239347 0.89702535 -0.40581906
v 0.32168168 0.79093956 -0.37995846
v 0.29274665 0.73333337 -0.31010305
v 0.144985 0.79093956 -0.37995846
v 0.02004157 0.79093956 -0.25501502
v 0.02004157 0.79093956 -0.07831834
v 0.18868694 1.20000006 -0.27445261
v 0.17392004 0.73333337 -0.31010305
v 0.08989697 0.73333337 -0.22607998
v 0.08989697 0.73333337 -0.10725337
v 0.29274665 0.73333337 -0.0232303
v 0.17392004 0.73333337 -0.0232303
v 0.17392004 0.73333337 -0.31010305
v 0.29274665 0.73333337 -0.31010305
v 0.37676972 0.73333337 -0.22607998
v 0.37676972 0.73333337 -0.10725337
v 0.08989697 0.73333337 -0.10725337
v 0.08989697 0.73333337 -0.22607998
v 0.18868694 1.20000006 -0.05888074
v 0.27797974 1.20000006 -0.05888074
v 0.27797974 1.20000006 -0.27445261
v 0.18868694 1.20000006 -0.27445261
v 0.34111928 1.20000006 -0.12202027
v 0.34111928 1.20000006 -0.21131308
v 0.12554741 1.20000006 -0.21131308
v 0.12554741 1.20000006 -0.12202027
v -1.17388146 2.47035103 0.35636014
v -1.09030182 2.46429176 0.19706444
v -1.18615856 2.47106819 0.19706444
v -1.29220283 2.47518044 0.34193448
v -0.84746372 2.3109038 0.38283681
v -0.8008888 2.31666018 0.19706444
v -0.44045241 2.12936616 0.34190208
v -0.41709686 2.13512254 0.19706444
v 0 2.04097758 0.34190208
v -0.0017715 2.04673396 0.19706444
v 0.42692956 2.11017988 0.34190208
v 0.40080244 2.11593639 0.19706444
v 0.83313183 2.33956743 0.38283681
v 0.78383151 2.34532407 0.19706444
v 1.12760346 2.45530535 0.34706865
v 1.08030147 2.46216876 0.21855131
v 1.2503945 2.46729139 0.29943986
v 1.20257473 2.47073275 0.19706444
v -0.99365341 2.49333229 -0.03941477
v -1.07158603 2.48680967 -0.03941477
v -0.71400869 2.32664604 -0.03941477
v -0.37352964 2.19478491 -0.03941477
v -0.005076 2.1305833 -0.03941477
v 0.3520653 2.18084906 -0.03941477
v 0.69186748 2.34746615 -0.03941477
v 0.98136093 2.49055214 -0.03941477
v 1.0930788 2.48807284 -0.03941477
v -0.90124199 2.50368004 -0.27589396
v -0.95489062 2.50552966 -0.27589396
v -0.64016899 2.38409945 -0.27589396
v -0.33650181 2.27361716 -0.27589396
v -0.00788453 2.21982459 -0.27589396
v 0.3106435 2.26194063 -0.27589396
v 0.61370707 2.40154406 -0.27589396
v 0.88976534 2.49674009 -0.26393862
v 0.97154037 2.50721347 -0.27589396
v -0.82574105 2.51404788 -0.43760079
v -0.87648218 2.51413943 -0.44147942
v -0.59595931 2.41695417 -0.46381056
v -0.31433228 2.34330126 -0.51237312
v -0.00956607 2.30744056 -0.51237312
v 0.2858432 2.33551699 -0.51237312
v 0.56691039 2.4285834 -0.47798369
v 0.80265959 2.51834298 -0.44153302
v 0.87240898 2.51431135 -0.43531245
v -1.31190485 2.48755404 0.39599052
v -1.31772201 2.49434293 0.42564862
v -1.19195372 2.47956378 0.44018932
v -1.18536561 2.48243319 0.4104905
v -0.90394177 2.10311748 0.46674779
v -0.86611027 2.25508587 0.43701994
v -0.45707126 1.79799534 0.46685603
v -0.4496477 2.00029371 0.43708985
v 0.07165357 1.62123282 0.46687545
v 0.05960817 1.86023188 0.43710244
v 0.48704407 1.64889497 0.46684344
v 0.46518891 1.91787742 0.43708171
v 0.90329556 2.15754101 0.46668681
v 0.83554616 2.29918988 0.43698062
v 1.16196435 2.46248334 0.41019499
v 1.14465719 2.45857913 0.38783072
v 1.28300254 2.47219887 0.3827786
v 1.27145024 2.47046038 0.35325351
v -1.22037245 2.42898801 0.12888094
v -1.32641672 2.4331 0.27375102
v -1.34611887 2.44547361 0.32780706
v -1.10579992 2.44472923 -0.10759824
v -1.3519359 2.4522625 0.35746513
v -0.98910458 2.46344948 -0.34407741
v -0.92365155 2.47205925 -0.46230013
v -1.24768327 1.98358279 0.0763968
v -1.32881693 2.21063981 0.21850911
v -1.37342956 2.3070095 0.29038335
v -1.06366163 1.83869664 -0.15435258
v -1.37924659 2.31997159 0.34922592
v -0.92994447 1.80406249 -0.38702407
v -0.93800683 2.05869164 -0.48568652
v 1.27832826 2.43834572 0.23322218
v 1.23050836 2.44178708 0.13084674
v 1.12101256 2.45912743 -0.10563247
v 1.29938387 2.44151471 0.28703583
v 0.99947407 2.4782678 -0.34211164
v 1.31093617 2.44325345 0.31656089
v 0.90902212 2.48536568 -0.46351508
v 1.25616131 2.21794521 0.1139042
v 1.22832864 2.09326068 0.01959317
v 1.12063058 1.96197024 -0.17429783
v 1.28543568 2.31574872 0.20583925
v 0.99413286 1.84429598 -0.38948296
v 1.30850277 2.34298159 0.26853401
v 0.91134235 1.95300379 -0.48927799
v 0.62355948 0.93090539 0.21666668
v 0.67244419 1.00076344 0.21666668
v 0.67244419 1.00076344 0.18333334
v 0.62355948 0.93090539 0.18333334
v 0.48826837 0.73333337 0.10761204
v 0.48439725 0.76620589 0.11695777
v 0.53304227 0.76620589 0.16560277
v 0.54238799 0.73333337 0.16173168
v 0.51428756 0.82856316 0.04479614
v 0.60520391 0.82856316 0.13571247
v 0.52219333 0.93448294 0.02570997
v 0.61800559 0.94837327 0.12780671
v 0.50939261 1.03000017 0.05661367
v 0.59773207 1.02036431 0.14060744
v 0.47551224 1.07818546 0.13840805
v 0.511592 1.07818546 0.17448777
v 0.47551224 1.33366554 0.13840805
v 0.511592 1.33366554 0.17448777
v 0.48826837 1.36841832 0.10761204
v 0.54238799 1.36841832 0.16173168
v 0.48826837 1.39941401 0.10761204
v 0.54238799 1.39941401 0.16173168
v 0.55359754 1.13322811 0.21666668
v 0.64515295 1.17475414 0.21666668
v 0.64515295 1.17475414 0.18333334
v 0.55359754 1.13322811 0.18333334
v 0.614466 0.87687166 0.21666668
v 0.71614765 0.98082923 0.21666668
v 0.67244419 1.00076344 0.21666668
v 0.62355948 0.93090539 0.21666668
v 0.41173168 0.73333337 0.10761204
v 0.4156028 0.76620589 0.11695777
v 0.38571248 0.82856316 0.04479614
v 0.37780672 0.93448294 0.02570997
v 0.39060744 1.03000017 0.05661367
v 0.4244878 1.07818546 0.13840805
v 0.4244878 1.33366554 0.13840805
v 0.41173168 1.36841832 0.10761204
v 0.41173168 1.39941401 0.10761204
v 0.59489152 1.10139662 0.21666668
v 0.63729588 1.12297573 0.21666668
v 0.58492759 1.03497027 0.18333334
v 0.59489152 1.10139662 0.18333334
v 0.59489152 1.10139662 0.21666668
v 0.58492759 1.03497027 0.21666668
v 0.35761206 0.73333337 0.16173168
v 0.36695778 0.76620589 0.16560277
v 0.29479616 0.82856316 0.13571247
v 0.27570999 0.93448294 0.12780671
v 0.30661368 1.03000017 0.14060744
v 0.38840805 1.07818546 0.17448777
v 0.38840805 1.33366554 0.17448777
v 0.35761206 1.36841832 0.16173168
v 0.35761206 1.39941401 0.16173168
v 0.63729588 1.12297573 0.18333334
v 0.67844674 1.0993864 0.18333334
v 0.67844674 1.0993864 0.21666668
v 0.63729588 1.12297573 0.21666668
v 0.54031229 1.06126626 0.18333334
v 0.59489152 1.10139662 0.18333334
v 0.58492759 1.03497027 0.18333334
v 0.35761206 0.73333337 0.23826834
v 0.36695778 0.76620589 0.23439725
v 0.29479616 0.82856316 0.26428755
v 0.27570999 0.93448294 0.27219332
v 0.30661368 1.03000017 0.25939258
v 0.38840805 1.07818546 0.22551225
v 0.38840805 1.33366554 0.22551225
v 0.35761206 1.36841832 0.23826834
v 0.35761206 1.39941401 0.23826834
v 0.73021219 1.10091813 0.18333334
v 0.67844674 1.0993864 0.18333334
v 0.63729588 1.12297573 0.18333334
v 0.54031229 1.06126626 0.21666668
v 0.41173168 0.73333337 0.29238798
v 0.4156028 0.76620589 0.28304225
v 0.38571248 0.82856316 0.35520387
v 0.37780672 0.93448294 0.37429004
v 0.39060744 1.03000017 0.34338635
v 0.4244878 1.07818546 0.26159197
v 0.4244878 1.33366554 0.26159197
v 0.41173168 1.36841832 0.29238798
v 0.41173168 1.39941401 0.29238798
v 0.58492759 1.03497027 0.21666668
v 0.48826837 0.73333337 0.29238798
v 0.48439725 0.76620589 0.28304225
v 0.51428756 0.82856316 0.35520387
v 0.52219333 0.93448294 0.37429004
v 0.50939261 1.03000017 0.34338635
v 0.47551224 1.07818546 0.26159197
v 0.47551224 1.33366554 0.26159197
v 0.48826837 1.36841832 0.29238798
v 0.48826837 1.39941401 0.29238798
v 0.71614765 0.98082923 0.18333334
v 0.67244419 1.00076344 0.18333334
v 0.63729588 1.12297573 0.18333334
v 0.63729588 1.12297573 0.21666668
v 0.54238799 0.73333337 0.23826834
v 0.53304227 0.76620589 0.23439725
v 0.60520391 0.82856316 0.26428755
v 0.61800559 0.94837327 0.27219332
v 0.59773207 1.02036431 0.25939258
v 0.511592 1.07818546 0.22551225
v 0.511592 1.33366554 0.22551225
v 0.54238799 1.36841832 0.23826834
v 0.54238799 1.39941401 0.23826834
v 0.73021219 1.10091813 0.21666668
v 0.67844674 1.0993864 0.21666668
v 0.54238799 0.73333337 0.16173168
v 0.53304227 0.76620589 0.16560277
v 0.60520391 0.82856316 0.13571247
v 0.61800559 0.94837327 0.12780671
v 0.59773207 1.02036431 0.14060744
v 0.511592 1.07818546 0.17448777
v 0.511592 1.33366554 0.17448777
v 0.54238799 1.36841832 0.16173168
v 0.54238799 1.39941401 0.16173168
v 0.614466 0.87687166 0.18333334
v 0.614466 0.87687166 0.21666668
v 0.61800559 0.94837327 0.12780671
v 0.62355948 0.93090539 0.18333334
v 0.614466 0.87687166 0.18333334
v 0.60520391 0.82856316 0.13571247
v 0.62355948 0.93090539 0.21666668
v 0.62355948 0.93090539 0.18333334
v 0.58492759 1.03497027 0.18333334
v 0.58492759 1.03497027 0.21666668
v 0.511592 1.07818546 0.17448777
v 0.54031229 1.06126626 0.18333334
v 0.58492759 1.03497027 0.18333334
v 0.59773207 1.02036431 0.14060744
v 0.54031229 1.06126626 0.21666668
v 0.54031229 1.06126626 0.18333334
v 0.614466 0.87687166 0.18333334
v 0.62355948 0.93090539 0.18333334
v 0.35761206 1.39941401 0.16173168
v 0.35761206 1.39941401 0.23826834
v 0.54238799 1.39941401 0.23826834
v 0.54238799 1.39941401 0.16173168
v 0.41173168 1.39941401 0.29238798
v 0.48826837 1.39941401 0.29238798
v 0.41173168 1.39941401 0.10761204
v 0.48826837 1.39941401 0.10761204
v 0.54238799 0.73333337 0.16173168
v 0.54238799 0.73333337 0.23826834
v 0.35761206 0.73333337 0.23826834
v 0.35761206 0.73333337 0.16173168
v 0.48826837 0.73333337 0.29238798
v 0.41173168 0.73333337 0.29238798
v 0.48826837 0.73333337 0.10761204
v 0.41173168 0.73333337 0.10761204
v -0.14747291 -0 0.7242776
v -0.23526678 0.09166667 0.67195476
v -0.28062208 0.09166667 0.57765913
v -0.20098671 -0 0.64195337
v -0.06387127 -0 0.80785641
v -0.1388142 0.09166667 0.76838097
v 0.0184676 -0 0.86134775
v -0.04450617 0.09166667 0.81371051
v -0.20681961 0.18333334 0.70935329
v -0.25588984 0.18333334 0.55903571
v -0.10711901 0.18333334 0.8090267
v 0.0001603 0.18333334 0.85804956
v -0.22890612 0.27500001 0.68337756
v -0.28701018 0.27500001 0.58679151
v -0.13061767 0.27500001 0.78163914
v -0.0340158 0.27500001 0.83971683
v -0.21540584 0.35464266 0.69570551
v -0.22511118 0.38866926 0.63147446
v -0.13836877 0.33004343 0.77272159
v -0.0370429 0.33662985 0.8194913
v -0.10716521 0.4457254 0.71861004
v -0.12638721 0.47121861 0.65415742
v -0.0410151 0.42023216 0.78474208
v 0.0234428 0.42815296 0.80394647
v -0.11375044 0.5274476 0.73500872
v -0.16324357 0.5274476 0.64068353
v -0.03848074 0.5274476 0.81025789
v 0.02543244 0.5274476 0.84809193
v -0.04713587 0.6416667 0.76167848
v -0.09378157 0.6416667 0.68133949
v 0.0136589 0.6416667 0.82245666
v 0.07297707 0.62219261 0.84805264
v 0.0205909 0.72043073 0.74124906
v 0.0079421 0.72043073 0.71309068
v 0.04943234 0.72043073 0.77008264
v 0.07759417 0.72043073 0.78272372
v 0.09659721 -0 0.81454739
v 0.04632087 0.09166667 0.77610045
v 0.17346404 -0 0.73765956
v 0.13500337 0.09166667 0.68739373
v 0.220243 -0 0.6595172
v 0.17258861 0.09166667 0.59655644
v 0.08425047 0.18333334 0.81700609
v 0.17591938 0.18333334 0.72531214
v 0.21693984 0.18333334 0.64121078
v 0.0450573 0.26977305 0.77652522
v 0.13542777 0.26977305 0.68613005
v 0.19859778 0.27500001 0.60703967
v 0.03649304 0.33527036 0.76757378
v 0.12647397 0.33527036 0.67756822
v 0.17837144 0.33662985 0.60401812
v 0.0960579 0.39473892 0.79868683
v 0.1576033 0.39473892 0.73712461
v 0.16284311 0.42815296 0.66450809
v 0.090436 0.5274476 0.80072719
v 0.15964215 0.5274476 0.73150219
v 0.20698911 0.5274476 0.66648563
v 0.13035091 0.6613602 0.8273223
v 0.18624817 0.6613602 0.77140984
v 0.20696277 0.62219261 0.7140303
v 0.10479181 0.72043073 0.77239091
v 0.13130981 0.72043073 0.74586567
v 0.1416352 0.72043073 0.71866522
v 0.1667292 -0 0.57719291
v 0.12723331 0.09166667 0.50226077
v 0.17258861 0.09166667 0.59655644
v 0.220243 -0 0.6595172
v 0.08312757 -0 0.49361413
v 0.03078073 0.09166667 0.40583457
v 0.00078873 -0 0.44012282
v -0.06352731 0.09166667 0.36050503
v 0.16788765 0.18333334 0.53394486
v 0.21693984 0.18333334 0.64121078
v 0.06818703 0.18333334 0.43427149
v -0.08214391 0.18333334 0.38524232
v 0.1404937 0.27500001 0.5104537
v 0.19859778 0.27500001 0.60703967
v 0.0422053 0.27500001 0.41219211
v -0.0543966 0.27500001 0.35411442
v 0.13157404 0.33004343 0.50270503
v 0.17837144 0.33662985 0.60401812
v 0.05453694 0.35464266 0.42568899
v -0.00969683 0.38866926 0.41600121
v 0.1436211 0.42023216 0.60005541
v 0.16284311 0.42815296 0.66450809
v 0.07747101 0.4457254 0.53392337
v 0.01301313 0.47121861 0.514719
v 0.16913761 0.5274476 0.60258277
v 0.20698911 0.5274476 0.66648563
v 0.0938679 0.5274476 0.52733367
v -0.0004708 0.5274476 0.47786629
v 0.18135064 0.6416667 0.65471913
v 0.20696277 0.62219261 0.7140303
v 0.12055588 0.6416667 0.59394096
v 0.04020413 0.6416667 0.54731722
v 0.12898641 0.72043073 0.69050684
v 0.1416352 0.72043073 0.71866522
v 0.10014497 0.72043073 0.66167333
v 0.07198313 0.72043073 0.64903218
v -0.0773409 -0 0.48692315
v -0.15435434 0.09166667 0.39811505
v -0.15420771 -0 0.56381101
v -0.24303684 0.09166667 0.4868218
v -0.20098671 -0 0.64195337
v -0.28062208 0.09166667 0.57765913
v -0.12318244 0.18333334 0.42629206
v -0.21485134 0.18333334 0.51798601
v -0.25588984 0.18333334 0.55903571
v -0.14645358 0.27500001 0.4043257
v -0.23682405 0.27500001 0.49472083
v -0.28701018 0.27500001 0.58679151
v -0.09621667 0.39525571 0.45493844
v -0.18619761 0.39525571 0.54494397
v -0.22511118 0.38866926 0.63147446
v -0.06091444 0.48026691 0.51866655
v -0.12245984 0.48026691 0.58022877
v -0.12638721 0.47121861 0.65415742
v -0.0716415 0.5274476 0.50028168
v -0.14084764 0.5274476 0.56950667
v -0.16324357 0.5274476 0.64068353
v -0.01716973 0.6416667 0.56804749
v -0.07306697 0.6416667 0.62395996
v -0.09378157 0.6416667 0.68133949
v 0.0447855 0.72043073 0.65936499
v 0.0182675 0.72043073 0.6858903
v 0.0079421 0.72043073 0.71309068
v 0.0205909 0.72043073 0.74124906
v 0.04710893 0.73333337 0.71472382
v 0.0182675 0.72043073 0.6858903
v 0.0079421 0.72043073 0.71309068
v 0.04943234 0.72043073 0.77008264
v 0.07595037 0.73333337 0.7435574
v 0.07759417 0.72043073 0.78272372
v 0.10479181 0.72043073 0.77239091
v 0.07362694 0.73333337 0.68819857
v 0.0447855 0.72043073 0.65936499
v 0.10246837 0.73333337 0.71703215
v 0.13130981 0.72043073 0.74586567
v 0.10014497 0.72043073 0.66167333
v 0.07198313 0.72043073 0.64903218
v 0.12898641 0.72043073 0.69050684
v 0.1416352 0.72043073 0.71866522
v 0.08312757 -0 0.49361413
v -0.00417513 -0 0.54163128
v -0.0773409 -0 0.48692315
v 0.00078873 -0 0.44012282
v 0.1667292 -0 0.57719291
v 0.09947961 -0 0.64525773
v 0.220243 -0 0.6595172
v 0.17346404 -0 0.73765956
v -0.09947961 -0 0.63696178
v -0.15420771 -0 0.56381101
v 0.00417513 -0 0.74058823
v 0.09659721 -0 0.81454739
v -0.14747291 -0 0.7242776
v -0.20098671 -0 0.64195337
v -0.06387127 -0 0.80785641
v 0.0184676 -0 0.86134775
v 0.94808692 0.9888317 0.10039897
v 0.94808692 1.06536616 0.10846111
v 0.89483806 1.07043183 0.0869943
v 0.89601636 0.99292023 0.0793065
v 1.22699006 1.81244224 0.23769331
v 1.26342475 2.30607592 0.2843308
v 1.2975022 2.30627097 0.35217465
v 1.25350603 1.81244224 0.3017084
v 0.87883445 1.92339246 -0.41089845
v 0.86382514 2.39764061 -0.44673722
v 0.89526118 2.42148577 -0.43372249
v 0.91108772 1.92339246 -0.39644698
v 0.91158802 2.42148577 -0.40263512
v 0.92741456 1.92339246 -0.36535961
v 0.92209662 1.33546086 -0.24570112
v 0.85080234 1.92339246 -0.39181295
v 0.87883445 1.92339246 -0.41089845
v 0.9501288 1.32923871 -0.26478665
v 0.9227036 1.92339246 -0.32512482
v 0.90769429 2.38599968 -0.36096355
v 0.87801442 2.38599968 -0.3485593
v 0.89302373 1.92339246 -0.31272057
v 1.22699006 1.81244224 0.36572341
v 1.25968673 2.26567827 0.40463536
v 1.1889761 2.26567827 0.4339247
v 1.16297499 1.81244224 0.3922393
v 1.09895992 1.81244224 0.23769331
v 1.12426891 2.26630108 0.2825089
v 1.19497954 2.26630108 0.25321955
v 1.16297499 1.81244224 0.21117741
v 0.83579303 2.39764061 -0.42765168
v 0.86382514 2.39764061 -0.44673722
v 0.87444806 1.00279082 0.02838483
v 0.87278167 1.08266149 0.0351689
v 0.87616207 1.08291797 0.0169546
v 0.89601636 1.01266141 -0.02253687
v 0.83966705 1.92339246 -0.35812526
v 0.8238405 2.42148577 -0.3954008
v 1.02172577 1.00279082 0.02838483
v 1.02339216 1.08266149 0.0351689
v 1.00133577 1.07043183 0.0869943
v 1.00015747 0.99292023 0.0793065
v 1.09895992 1.81244224 0.36572341
v 1.12441921 2.30632667 0.42386798
v 1.09512996 2.30632667 0.35315728
v 1.07244408 1.81244224 0.3017084
v 0.84414626 2.42148577 -0.36221166
v 0.85997281 1.92339246 -0.32493612
v 0.96615459 1.12937971 0.13804211
v 0.9119719 1.13423684 0.11613997
v 1.01475359 0.66860826 0
v 0.99522736 0.66860826 -0.04714047
v 1.00015747 1.01266141 -0.02253687
v 0.91096133 1.34887486 -0.21201345
v 0.94808692 0.66860826 0.06666667
v 0.99522736 0.66860826 0.04714047
v 0.94808692 1.01674994 -0.04362933
v 0.94808692 0.66860826 -0.06666667
v 0.90094647 0.66860826 -0.04714047
v 0.8895287 1.14596309 0.0632635
v 0.9119719 1.1413585 -0.00257943
v 1.04278055 1.14596309 0.0632635
v 1.02033735 1.13423684 0.11613997
v 0.88142025 0.66860826 0
v 0.90094647 0.66860826 0.04714047
v 1.13623689 1.45109095 0.19868601
v 1.02033735 1.13156515 -0.00257943
v 1.11192912 1.46039017 0.14074331
v 1.0532449 1.43793978 0.28062936
v 1.11192912 1.44179174 0.25662869
v 1.0532449 1.46424199 0.11674267
v 0.96615459 1.16254635 -0.0115151
v 0.99456074 1.46039017 0.14074331
v 0.97025298 1.45109095 0.19868601
v 0.99456074 1.44179174 0.25662869
v 1.0532449 1.46424199 0.11674267
v 1.16297499 1.81244224 0.21117741
v 1.19497954 2.26630108 0.25321955
v 0.94808692 0.66860826 -0.06666667
v 0.94808692 1.01674994 -0.04362933
v 1.02557417 1.09008413 0.01158597
v 0.96431807 1.36547172 -0.16660877
v 0.93126709 1.35934939 -0.17882431
v 0.96615459 1.16254635 -0.0115151
v 0.94808692 1.01674994 -0.04362933
v 0.9501288 1.08257922 -0.10752984
v 0.982382 1.09375425 -0.09669917
v 1.00015747 1.01266141 -0.02253687
v 0.9987089 1.11833922 -0.0736451
v 1.02557417 1.09008413 0.01158597
v 1.02033735 1.13156515 -0.00257943
v 0.99399794 1.14543501 -0.04169284
v 0.96431807 1.1557661 -0.0327274
v 0.96615459 1.16254635 -0.0115151
v 0.89601636 1.01266141 -0.02253687
v 0.92209662 1.0960568 -0.09265277
v 0.9501288 1.08257922 -0.10752984
v 0.94808692 1.01674994 -0.04362933
v 0.87616207 1.08291797 0.0169546
v 0.91096133 1.12206503 -0.06738694
v 0.93126709 1.14518667 -0.04137494
v 0.9119719 1.1413585 -0.00257943
v 0.9501288 1.32923871 -0.26478665
v 0.982382 1.33501276 -0.25033518
v 0.9987089 1.34803143 -0.21924781
v 0.99399794 1.35970593 -0.17901301
v 1.25968673 2.26567827 0.40463536
v 1.34347846 2.33442649 0.55678053
v 1.27276771 2.34516944 0.58402853
v 1.1889761 2.26567827 0.4339247
v 1.23528627 2.40659421 0.58111582
v 1.12441921 2.30632667 0.42386798
v 1.2975022 2.30627097 0.35217465
v 1.3823323 2.38595161 0.52102562
v 1.2330665 2.47586403 0.5515727
v 1.12466958 2.39227002 0.42376425
v 1.3016999 2.39205996 0.35043591
v 1.38438474 2.45565198 0.49233261
v 1.27438793 2.51933047 0.50737527
v 1.1995882 2.47019717 0.41979519
v 1.27718665 2.46308479 0.38709302
v 1.34241556 2.51178627 0.48754447
v 1.34241556 2.51178627 0.48754447
v 1.27718665 2.46308479 0.38709302
v 1.27438793 2.51933047 0.50737527
v 1.2330665 2.47586403 0.5515727
v 1.23528627 2.40659421 0.58111582
v 1.27276771 2.34516944 0.58402853
v 1.34347846 2.33442649 0.55678053
v 1.3823323 2.38595161 0.52102562
v 1.38438474 2.45565198 0.49233261
v 1.34241556 2.51178627 0.48754447
v 1.26762244 2.3918649 0.28259206
v 1.22489681 2.44920108 0.29940607
v 1.14634571 2.4457943 0.33194299
v 1.09538033 2.39227002 0.35305359
v 1.26342475 2.30607592 0.2843308
v 1.09512996 2.30632667 0.35315728
v 1.22489681 2.44920108 0.29940607
v 0.89526118 2.42148577 -0.43372249
v 0.89670116 2.47306303 -0.43211164
v 0.913028 2.47306303 -0.40102427
v 0.91158802 2.42148577 -0.40263512
v 0.84414626 2.42148577 -0.36221166
v 0.84587966 2.47305947 -0.36081526
v 0.8255739 2.47305947 -0.3940044
v 0.8238405 2.42148577 -0.3954008
v 0.86900137 2.50890262 -0.44122075
v 0.90835919 2.50308215 -0.37094067
v 0.8760777 2.50307605 -0.34818988
v 0.83134795 2.50889651 -0.4254377
v 0.90835919 2.50308215 -0.37094067
v 0.86900137 2.50890262 -0.44122075
v 1.12426891 2.26630108 0.2825089
v 0.87801442 2.38599968 -0.3485593
v 0.90769429 2.38599968 -0.36096355
v 1.19497954 2.26630108 0.25321955
v 0.86382514 2.39764061 -0.44673722
v 0.86752114 2.39650713 -0.4942219
v 0.88852169 2.4203523 -0.4942219
v 0.88898555 2.48357023 -0.4942219
v 0.83579303 2.39764061 -0.42765168
v 0.83373017 2.39650713 -0.4942219
v 0.8693232 2.50776914 -0.4942219
v 0.80748664 2.4203523 -0.4942219
v 0.8693232 2.50776914 -0.4942219
v 0.82877068 2.50776279 -0.4942219
v 0.80831144 2.48356692 -0.4942219
v 0.8693232 2.50776914 -0.4942219
v 0.88898555 2.48357023 -0.4942219
v 0.88852169 2.4203523 -0.4942219
v 0.86752114 2.39650713 -0.4942219
v 0.83373017 2.39650713 -0.4942219
v 0.82877068 2.50776279 -0.4942219
v 0.80748664 2.4203523 -0.4942219
v 0.80831144 2.48356692 -0.4942219
v -0.89483806 1.07043183 0.0869943
v -0.94808692 1.06536616 0.10846111
v -0.94808692 0.9888317 0.10039897
v -0.89601636 0.99292023 0.0793065
v -1.2975022 2.30627097 0.35217465
v -1.26342475 2.30607592 0.2843308
v -1.22699006 1.81244224 0.23769331
v -1.25350603 1.81244224 0.3017084
v -0.89526118 2.42148577 -0.43372249
v -0.86382514 2.39764061 -0.44673722
v -0.87883445 1.92339246 -0.41089845
v -0.91108772 1.92339246 -0.39644698
v -0.91158802 2.42148577 -0.40263512
v -0.92741456 1.92339246 -0.36535961
v -0.87883445 1.92339246 -0.41089845
v -0.85080234 1.92339246 -0.39181295
v -0.92209662 1.33546086 -0.24570112
v -0.9501288 1.32923871 -0.26478665
v -0.87801442 2.38599968 -0.3485593
v -0.90769429 2.38599968 -0.36096355
v -0.9227036 1.92339246 -0.32512482
v -0.89302373 1.92339246 -0.31272057
v -1.1889761 2.26567827 0.4339247
v -1.25968673 2.26567827 0.40463536
v -1.22699006 1.81244224 0.36572341
v -1.16297499 1.81244224 0.3922393
v -1.19497954 2.26630108 0.25321955
v -1.12426891 2.26630108 0.2825089
v -1.09895992 1.81244224 0.23769331
v -1.16297499 1.81244224 0.21117741
v -0.86382514 2.39764061 -0.44673722
v -0.83579303 2.39764061 -0.42765168
v -0.87616207 1.08291797 0.0169546
v -0.87278167 1.08266149 0.0351689
v -0.87444806 1.00279082 0.02838483
v -0.89601636 1.01266141 -0.02253687
v -0.8238405 2.42148577 -0.3954008
v -0.83966705 1.92339246 -0.35812526
v -1.00133577 1.07043183 0.0869943
v -1.02339216 1.08266149 0.0351689
v -1.02172577 1.00279082 0.02838483
v -1.00015747 0.99292023 0.0793065
v -1.09512996 2.30632667 0.35315728
v -1.12441921 2.30632667 0.42386798
v -1.09895992 1.81244224 0.36572341
v -1.07244408 1.81244224 0.3017084
v -0.84414626 2.42148577 -0.36221166
v -0.85997281 1.92339246 -0.32493612
v -0.9119719 1.13423684 0.11613997
v -0.96615459 1.12937971 0.13804211
v -0.99522736 0.66860826 -0.04714047
v -1.01475359 0.66860826 0
v -1.00015747 1.01266141 -0.02253687
v -0.91096133 1.34887486 -0.21201345
v -0.99522736 0.66860826 0.04714047
v -0.94808692 0.66860826 0.06666667
v -0.90094647 0.66860826 -0.04714047
v -0.94808692 0.66860826 -0.06666667
v -0.94808692 1.01674994 -0.04362933
v -0.9119719 1.1413585 -0.00257943
v -0.8895287 1.14596309 0.0632635
v -1.02033735 1.13423684 0.11613997
v -1.04278055 1.14596309 0.0632635
v -0.90094647 0.66860826 0.04714047
v -0.88142025 0.66860826 0
v -1.02033735 1.13156515 -0.00257943
v -1.13623689 1.45109095 0.19868601
v -1.11192912 1.46039017 0.14074331
v -1.0532449 1.43793978 0.28062936
v -1.11192912 1.44179174 0.25662869
v -0.96615459 1.16254635 -0.0115151
v -1.0532449 1.46424199 0.11674267
v -0.99456074 1.46039017 0.14074331
v -0.97025298 1.45109095 0.19868601
v -0.99456074 1.44179174 0.25662869
v -1.16297499 1.81244224 0.21117741
v -1.0532449 1.46424199 0.11674267
v -1.19497954 2.26630108 0.25321955
v -0.94808692 0.66860826 -0.06666667
v -0.94808692 1.01674994 -0.04362933
v -1.02557417 1.09008413 0.01158597
v -0.96431807 1.36547172 -0.16660877
v -0.93126709 1.35934939 -0.17882431
v -0.96615459 1.16254635 -0.0115151
v -0.982382 1.09375425 -0.09669917
v -0.9501288 1.08257922 -0.10752984
v -0.94808692 1.01674994 -0.04362933
v -1.00015747 1.01266141 -0.02253687
v -0.9987089 1.11833922 -0.0736451
v -1.02557417 1.09008413 0.01158597
v -0.96431807 1.1557661 -0.0327274
v -0.99399794 1.14543501 -0.04169284
v -1.02033735 1.13156515 -0.00257943
v -0.96615459 1.16254635 -0.0115151
v -0.9501288 1.08257922 -0.10752984
v -0.92209662 1.0960568 -0.09265277
v -0.89601636 1.01266141 -0.02253687
v -0.94808692 1.01674994 -0.04362933
v -0.91096133 1.12206503 -0.06738694
v -0.87616207 1.08291797 0.0169546
v -0.93126709 1.14518667 -0.04137494
v -0.9119719 1.1413585 -0.00257943
v -0.982382 1.33501276 -0.25033518
v -0.9501288 1.32923871 -0.26478665
v -0.9987089 1.34803143 -0.21924781
v -0.99399794 1.35970593 -0.17901301
v -1.27276771 2.34516944 0.58402853
v -1.34347846 2.33442649 0.55678053
v -1.25968673 2.26567827 0.40463536
v -1.1889761 2.26567827 0.4339247
v -1.12441921 2.30632667 0.42386798
v -1.23528627 2.40659421 0.58111582
v -1.3823323 2.38595161 0.52102562
v -1.2975022 2.30627097 0.35217465
v -1.12466958 2.39227002 0.42376425
v -1.2330665 2.47586403 0.5515727
v -1.38438474 2.45565198 0.49233261
v -1.3016999 2.39205996 0.35043591
v -1.1995882 2.47019717 0.41979519
v -1.27438793 2.51933047 0.50737527
v -1.34241556 2.51178627 0.48754447
v -1.27718665 2.46308479 0.38709302
v -1.34241556 2.51178627 0.48754447
v -1.27718665 2.46308479 0.38709302
v -1.23528627 2.40659421 0.58111582
v -1.2330665 2.47586403 0.5515727
v -1.27438793 2.51933047 0.50737527
v -1.27276771 2.34516944 0.58402853
v -1.38438474 2.45565198 0.49233261
v -1.3823323 2.38595161 0.52102562
v -1.34347846 2.33442649 0.55678053
v -1.34241556 2.51178627 0.48754447
v -1.22489681 2.44920108 0.29940607
v -1.26762244 2.3918649 0.28259206
v -1.14634571 2.4457943 0.33194299
v -1.09538033 2.39227002 0.35305359
v -1.26342475 2.30607592 0.2843308
v -1.09512996 2.30632667 0.35315728
v -1.22489681 2.44920108 0.29940607
v -0.913028 2.47306303 -0.40102427
v -0.89670116 2.47306303 -0.43211164
v -0.89526118 2.42148577 -0.43372249
v -0.91158802 2.42148577 -0.40263512
v -0.8255739 2.47305947 -0.3940044
v -0.84587966 2.47305947 -0.36081526
v -0.84414626 2.42148577 -0.36221166
v -0.8238405 2.42148577 -0.3954008
v -0.90835919 2.50308215 -0.37094067
v -0.86900137 2.50890262 -0.44122075
v -0.83134795 2.50889651 -0.4254377
v -0.8760777 2.50307605 -0.34818988
v -0.90835919 2.50308215 -0.37094067
v -0.86900137 2.50890262 -0.44122075
v -0.90769429 2.38599968 -0.36096355
v -0.87801442 2.38599968 -0.3485593
v -1.12426891 2.26630108 0.2825089
v -1.19497954 2.26630108 0.25321955
v -0.88852169 2.4203523 -0.4942219
v -0.86752114 2.39650713 -0.4942219
v -0.86382514 2.39764061 -0.44673722
v -0.88898555 2.48357023 -0.4942219
v -0.83373017 2.39650713 -0.4942219
v -0.83579303 2.39764061 -0.42765168
v -0.8693232 2.50776914 -0.4942219
v -0.80748664 2.4203523 -0.4942219
v -0.82877068 2.50776279 -0.4942219
v -0.8693232 2.50776914 -0.4942219
v -0.80831144 2.48356692 -0.4942219
v -0.88852169 2.4203523 -0.4942219
v -0.88898555 2.48357023 -0.4942219
v -0.8693232 2.50776914 -0.4942219
v -0.86752114 2.39650713 -0.4942219
v -0.82877068 2.50776279 -0.4942219
v -0.83373017 2.39650713 -0.4942219
v -0.80831144 2.48356692 -0.4942219
v -0.80748664 2.4203523 -0.4942219
vn 0.2927 0.06154 -0.95422
vn 0.25049 -0.16346 -0.95422
vn 0 0 -1
vn 0.4358 0.23158 -0.86974
vn 0.47191 -0.1444 -0.86974
vn 0.94619 0.23708 -0.22026
vn 0.91429 0.39726 0.07906
vn 0.92741 -0.3656 0.07906
vn 0.8367 -0.50142 -0.22026
vn 0.77652 0.4733 0.41594
vn 0.88375 -0.21441 0.41594
vn 0.76338 0.19287 -0.61649
vn 0.6819 0.39233 -0.61733
vn 0.75959 -0.20476 -0.61733
vn 0.67617 -0.40341 -0.61649
vn 0.6765 0.18799 0.71204
vn 0.60128 0.36562 0.71049
vn 0.6837 -0.16664 0.71049
vn 0.61129 -0.34543 0.71204
vn -0.59058 -0.16773 0.78935
vn -0.5245 -0.32359 0.78752
vn -0.59969 0.14206 0.78752
vn -0.53621 0.299 0.78935
vn -0.89701 -0.2208 -0.38292
vn -0.80287 -0.45587 -0.38417
vn -0.89006 0.24536 -0.38417
vn -0.79041 0.47815 -0.38292
vn 0.06154 -0.2927 -0.95422
vn -0.16346 -0.25049 -0.95422
vn 0.23158 -0.4358 -0.86974
vn -0.1444 -0.47191 -0.86974
vn 0.23708 -0.94619 -0.22026
vn 0.39726 -0.91429 0.07906
vn -0.3656 -0.92741 0.07906
vn -0.50142 -0.8367 -0.22026
vn 0.16346 0.25049 -0.95422
vn 0.1444 0.47191 -0.86974
vn 0.50142 0.8367 -0.22026
vn 0.3656 0.92741 0.07906
vn 0.21441 0.88375 0.41594
vn 0.40341 0.67617 -0.61649
vn 0.20476 0.75959 -0.61733
vn 0.34543 0.61129 0.71204
vn 0.16664 0.6837 0.71049
vn -0.299 -0.53621 0.78935
vn -0.14206 -0.59969 0.78752
vn 0.4733 -0.77652 0.41594
vn -0.21441 -0.88375 0.41594
vn 0.19287 -0.76338 -0.61649
vn 0.39233 -0.6819 -0.61733
vn -0.20476 -0.75959 -0.61733
vn -0.40341 -0.67617 -0.61649
vn 0.18799 -0.6765 0.71204
vn 0.36562 -0.60128 0.71049
vn -0.16664 -0.6837 0.71049
vn -0.34543 -0.61129 0.71204
vn -0.16773 0.59058 0.78935
vn -0.32359 0.5245 0.78752
vn 0.14206 0.59969 0.78752
vn 0.299 0.53621 0.78935
vn -0.06154 0.2927 -0.95422
vn -0.23158 0.4358 -0.86974
vn -0.23708 0.94619 -0.22026
vn -0.39726 0.91429 0.07906
vn -0.4733 0.77652 0.41594
vn -0.19287 0.76338 -0.61649
vn -0.39233 0.6819 -0.61733
vn -0.18799 0.6765 0.71204
vn -0.36562 0.60128 0.71049
vn 0.16773 -0.59058 0.78935
vn 0.32359 -0.5245 0.78752
vn 0.2208 -0.89701 -0.38292
vn 0.45587 -0.80287 -0.38417
vn -0.24536 -0.89006 -0.38417
vn -0.47815 -0.79041 -0.38292
vn -0.2208 0.89701 -0.38292
vn -0.45587 0.80287 -0.38417
vn 0.24536 0.89006 -0.38417
vn 0.47815 0.79041 -0.38292
vn -0.25049 0.16346 -0.95422
vn -0.47191 0.1444 -0.86974
vn -0.8367 0.50142 -0.22026
vn -0.92741 0.3656 0.07906
vn -0.88375 0.21441 0.41594
vn -0.67617 0.40341 -0.61649
vn -0.75959 0.20476 -0.61733
vn -0.61129 0.34543 0.71204
vn -0.6837 0.16664 0.71049
vn 0.53621 -0.299 0.78935
vn 0.59969 -0.14206 0.78752
vn -0.2927 -0.06154 -0.95422
vn -0.4358 -0.23158 -0.86974
vn -0.94619 -0.23708 -0.22026
vn -0.91429 -0.39726 0.07906
vn -0.77652 -0.4733 0.41594
vn -0.76338 -0.19287 -0.61649
vn -0.6819 -0.39233 -0.61733
vn -0.6765 -0.18799 0.71204
vn -0.60128 -0.36562 0.71049
vn 0.59058 0.16773 0.78935
vn 0.5245 0.32359 0.78752
vn 0.89701 0.2208 -0.38292
vn 0.80287 0.45587 -0.38417
vn 0.89006 -0.24536 -0.38417
vn 0.79041 -0.47815 -0.38292
vn -0.08637 0 0.99626
vn 0 0 1
vn 0 0 1
vn -0.00949 0.98264 0.1853
vn -0.02769 0.98854 0.14838
vn -0.00782 0.98452 0.17509
vn 0 0.98338 0.18155
vn -0.99682 0 -0.07975
vn -0.99682 0 -0.07975
vn -0.99682 0 -0.07975
vn -0.00949 -0.98264 0.1853
vn -0.02246 -0.98986 0.14028
vn -0.01048 -0.98326 0.18192
vn 0 -0.98012 0.19841
vn 0.82091 0 0.57106
vn 0.86524 0 0.50136
vn 0.83215 0 0.55456
vn 0.82091 0 0.57106
vn 0.06403 0.98395 -0.16657
vn 0.03346 0.99891 -0.03241
vn -0.4773 0 -0.87874
vn -0.4773 0 -0.87874
vn -0.4773 0 -0.87874
vn 0.06947 -0.98129 -0.17958
vn 0.02666 -0.99948 -0.01799
vn 0.93188 0 0.36276
vn 0.93188 0 0.36276
vn -0.04958 0.99797 0.03985
vn 0.07883 0.97386 -0.21302
vn -0.98653 0 0.16356
vn -0.98653 0 0.16356
vn -0.05033 -0.99813 0.03476
vn 0.01624 -0.99962 -0.02208
vn 0.73094 0 -0.68245
vn 0.73094 0 -0.68245
vn 0.73094 0 -0.68245
vn -0.14719 0.94538 0.29085
vn -0.12562 0.95863 0.25545
vn -0.58977 0 -0.80757
vn -0.58977 0 -0.80757
vn -0.58977 0 -0.80757
vn -0.12077 -0.97864 0.16635
vn -0.10736 -0.98097 0.16177
vn 0.96647 0 0.25677
vn 0.82331 0 0.5676
vn 0.90792 0 0.41914
vn -0.01525 0.9939 0.10922
vn -0.10562 0.94434 0.31155
vn -0.4842 0 0.87496
vn -0.4842 0 0.87496
vn -0.4842 0 0.87496
vn -0.05469 -0.95369 0.29578
vn -0.09576 -0.95449 0.28245
vn 0.89706 0 0.44191
vn 0.73766 0 0.67517
vn -0.01286 0.98886 0.14831
vn -0.02603 0.98504 0.17037
vn -0.99052 0 0.1374
vn -0.01736 -0.97959 0.20027
vn -0.02603 -0.98504 0.17037
vn 0.97866 0 0.2055
vn 0.97866 0 0.2055
vn 0.33907 0.23583 -0.91072
vn 0.40651 -0.073 -0.91072
vn 0.6775 0.58652 -0.44383
vn 0.8938 -0.06434 -0.44383
vn 0.63476 0.711 -0.30258
vn 0.9516 0.05391 -0.30258
vn 0.72536 0.66132 -0.19108
vn 0.98053 -0.04528 -0.19108
vn 0.63252 0.73106 0.25587
vn 0.9642 0.06968 0.25587
vn 0.40836 0.55064 0.72804
vn 0.67811 0.10061 0.72804
vn -0.6036 -0.46697 0.64622
vn -0.4548 -0.61397 0.64513
vn -0.75574 -0.11255 0.64513
vn -0.75701 0.09661 0.64622
vn -0.073 -0.40651 -0.91072
vn -0.06434 -0.8938 -0.44383
vn -0.6775 -0.58652 -0.44383
vn -0.33907 -0.23583 -0.91072
vn 0.05391 -0.9516 -0.30258
vn -0.63476 -0.711 -0.30258
vn -0.04528 -0.98053 -0.19108
vn -0.72536 -0.66132 -0.19108
vn 0.06968 -0.9642 0.25587
vn -0.63252 -0.73106 0.25587
vn 0.073 0.40651 -0.91072
vn 0.06434 0.8938 -0.44383
vn -0.05391 0.9516 -0.30258
vn 0.04528 0.98053 -0.19108
vn -0.06968 0.9642 0.25587
vn -0.10061 0.67811 0.72804
vn -0.09661 -0.75701 0.64622
vn 0.11255 -0.75574 0.64513
vn 0.10061 -0.67811 0.72804
vn -0.40836 -0.55064 0.72804
vn 0.09661 0.75701 0.64622
vn -0.11255 0.75574 0.64513
vn 0.4548 0.61397 0.64513
vn 0.6036 0.46697 0.64622
vn 0.23583 -0.33907 -0.91072
vn 0.58652 -0.6775 -0.44383
vn -0.23583 0.33907 -0.91072
vn -0.58652 0.6775 -0.44383
vn -0.711 0.63476 -0.30258
vn -0.66132 0.72536 -0.19108
vn -0.73106 0.63252 0.25587
vn -0.55064 0.40836 0.72804
vn 0.46697 -0.6036 0.64622
vn 0.61397 -0.4548 0.64513
vn 0.711 -0.63476 -0.30258
vn 0.66132 -0.72536 -0.19108
vn 0.73106 -0.63252 0.25587
vn 0.55064 -0.40836 0.72804
vn -0.40651 0.073 -0.91072
vn -0.8938 0.06434 -0.44383
vn -0.9516 -0.05391 -0.30258
vn -0.98053 0.04528 -0.19108
vn -0.9642 -0.06968 0.25587
vn -0.67811 -0.10061 0.72804
vn 0.75701 -0.09661 0.64622
vn 0.75574 0.11255 0.64513
vn -0.46697 0.6036 0.64622
vn -0.61397 0.4548 0.64513
vn 0.24687 0.16886 -0.95422
vn 0.29397 -0.05516 -0.95422
vn 0.314 0.38073 -0.86974
vn 0.49125 0.04718 -0.86974
vn 0.78344 0.58112 -0.22026
vn 0.69267 0.7169 0.07906
vn 0.99672 0.01713 0.07906
vn 0.96489 -0.14306 -0.22026
vn 0.53629 0.73443 0.41594
vn 0.89853 0.14011 0.41594
vn 0.63146 0.47032 -0.61649
vn 0.47986 0.62341 -0.61733
vn 0.78013 0.10151 -0.61733
vn 0.77907 -0.11394 -0.61649
vn 0.55306 0.43257 0.71204
vn 0.41559 0.56788 0.71049
vn 0.69542 0.10769 0.71049
vn 0.69695 -0.0852 0.71204
vn -0.48144 -0.38097 0.78935
vn -0.06554 -0.09078 0.99371
vn -0.23477 -0.03791 0.97131
vn -0.60982 0.07104 0.78935
vn -0.05516 -0.29397 -0.95422
vn 0.04718 -0.49125 -0.86974
vn -0.314 -0.38073 -0.86974
vn -0.24687 -0.16886 -0.95422
vn -0.14306 -0.96489 -0.22026
vn 0.01713 -0.99672 0.07906
vn -0.69267 -0.7169 0.07906
vn -0.78344 -0.58112 -0.22026
vn 0.14011 -0.89853 0.41594
vn -0.53629 -0.73443 0.41594
vn -0.11394 -0.77907 -0.61649
vn 0.10151 -0.78013 -0.61733
vn -0.47986 -0.62342 -0.61733
vn -0.63146 -0.47032 -0.61649
vn 0.05516 0.29397 -0.95422
vn -0.04718 0.49125 -0.86974
vn 0.14306 0.96489 -0.22026
vn -0.01713 0.99672 0.07906
vn -0.14011 0.89853 0.41594
vn 0.11394 0.77907 -0.61649
vn -0.10151 0.78013 -0.61733
vn 0.0852 0.69695 0.71204
vn -0.10769 0.69542 0.71049
vn -0.07104 -0.60982 0.78935
vn 0.02289 -0.14178 0.98963
vn -0.0852 -0.69695 0.71204
vn 0.10769 -0.69542 0.71049
vn -0.41559 -0.56788 0.71049
vn -0.55306 -0.43257 0.71204
vn 0.07104 0.60982 0.78935
vn -0.02289 0.14178 0.98963
vn 0.06554 0.09078 0.99371
vn 0.48144 0.38097 0.78935
vn 0.16886 -0.24687 -0.95422
vn 0.38073 -0.314 -0.86974
vn -0.16886 0.24687 -0.95422
vn -0.38073 0.314 -0.86974
vn -0.58112 0.78344 -0.22026
vn -0.7169 0.69267 0.07906
vn -0.73443 0.53629 0.41594
vn -0.47032 0.63146 -0.61649
vn -0.62341 0.47986 -0.61733
vn -0.43257 0.55306 0.71204
vn -0.56788 0.41559 0.71049
vn 0.38097 -0.48144 0.78935
vn 0.3486 -0.25167 0.90285
vn 0.58112 -0.78344 -0.22026
vn 0.7169 -0.69267 0.07906
vn 0.73443 -0.53629 0.41594
vn 0.47032 -0.63146 -0.61649
vn 0.62342 -0.47986 -0.61733
vn 0.43257 -0.55306 0.71204
vn 0.56788 -0.41559 0.71049
vn -0.29397 0.05516 -0.95422
vn -0.49125 -0.04718 -0.86974
vn -0.96489 0.14306 -0.22026
vn -0.99672 -0.01713 0.07906
vn -0.89853 -0.14011 0.41594
vn -0.77907 0.11394 -0.61649
vn -0.78013 -0.10151 -0.61733
vn -0.69695 0.0852 0.71204
vn -0.69542 -0.10769 0.71049
vn 0.60982 -0.07104 0.78935
vn 0.23477 0.03791 0.97131
vn -0.38097 0.48144 0.78935
vn -0.3486 0.25167 0.90285
vn -0.36331 0.27655 -0.88968
vn -0.36331 0.27655 -0.88968
vn -0.36331 0.27655 -0.88968
vn 0.58278 0.74028 -0.33519
vn 0.65299 0.72479 -0.21975
vn 0.62173 0.73369 -0.27413
vn 0.58278 0.74028 -0.33518
vn 0.79377 0.58121 0.17922
vn 0.7552 0.65524 0.01828
vn 0.78774 0.59861 0.14538
vn 0.80593 0.47478 0.35363
vn 0.71977 0.68964 -0.07955
vn 0.71977 0.68964 -0.07955
vn -0.01045 0.68459 -0.72885
vn -0.19343 0.73944 -0.64484
vn 0.16445 0.43319 -0.88617
vn 0.19481 0.2374 -0.95168
vn 0.71977 0.68964 -0.07955
vn 0.71977 0.68964 -0.07955
vn 0.71977 0.68964 -0.07955
vn 0.46487 -0.05121 0.88389
vn 0.38245 -0.02909 0.92352
vn 0.56595 -0.15259 0.81019
vn 0.58078 -0.23973 0.77796
vn -0.34874 -0.71517 0.60573
vn -0.64237 -0.72823 0.23883
vn -0.47714 -0.7401 0.4739
vn -0.34874 -0.71517 0.60573
vn -0.80128 -0.54992 -0.23566
vn -0.76509 -0.64189 -0.05115
vn -0.76092 -0.64779 -0.03688
vn -0.78913 -0.59497 -0.15262
vn -0.6536 -0.72458 0.21862
vn -0.68694 -0.71031 0.15353
vn -0.60449 -0.73716 0.30197
vn -0.60449 -0.73716 0.30197
vn 0.18609 -0.65208 0.73495
vn 0.36331 -0.27655 0.88968
vn -0.06954 -0.36288 0.92924
vn -0.36331 0.27655 -0.88968
vn -0.25161 0.96489 0.07536
vn -0.20815 0.9566 0.20396
vn -0.22891 0.96268 0.14442
vn -0.25161 0.96489 0.07536
vn -0.04169 0.80611 0.5903
vn -0.11175 0.88861 0.44484
vn -0.05676 0.82594 0.5609
vn 0.03894 0.68125 0.73102
vn -0.15242 0.92442 0.34959
vn -0.15242 0.92442 0.34959
vn -0.51101 0.67993 -0.52589
vn -0.66613 0.5409 -0.51352
vn -0.15242 0.92442 0.34959
vn 0.2363 -0.07958 0.96842
vn 0.16841 -0.14438 0.97509
vn 0.34239 -0.90122 0.26567
vn 0.21549 -0.95915 -0.18327
vn 0.30044 -0.94942 0.0913
vn 0.34239 -0.90122 0.26567
vn 0.01617 -0.76997 -0.63787
vn 0.09776 -0.87416 -0.4757
vn 0.10385 -0.88058 -0.46238
vn 0.05355 -0.82181 -0.56724
vn 0.20771 -0.95643 -0.20517
vn 0.18221 -0.94428 -0.27412
vn 0.23934 -0.96431 -0.11323
vn 0.23934 -0.96431 -0.11323
vn 0.58326 -0.5386 0.60804
vn -0.36331 0.27655 -0.88968
vn -0.94018 0.30514 0.15147
vn -0.91879 0.2757 0.2825
vn -0.9309 0.29008 0.222
vn -0.94018 0.30514 0.15147
vn -0.73116 0.1455 0.6665
vn -0.8272 0.20311 0.52392
vn -0.75367 0.15819 0.63793
vn -0.59401 0.07479 0.80097
vn -0.87219 0.23478 0.42915
vn -0.87219 0.23478 0.42915
vn -0.8063 0.22808 -0.54576
vn -0.78095 0.0361 -0.62355
vn -0.87219 0.23478 0.42915
vn -0.87219 0.23478 0.42915
vn -0.87219 0.23478 0.42915
vn 0.12363 -0.29647 0.94701
vn 0.13786 -0.38317 0.91333
vn 0.91274 -0.35474 0.20263
vn 0.92344 -0.28084 -0.26152
vn 0.94215 -0.33458 0.02038
vn 0.91274 -0.35474 0.20263
vn 0.69077 -0.12362 -0.71243
vn 0.80982 -0.1919 -0.5544
vn 0.8175 -0.1968 -0.54125
vn 0.74897 -0.15551 -0.6441
vn 0.91851 -0.27539 -0.28373
vn 0.89947 -0.25705 -0.35339
vn 0.93572 -0.29709 -0.1902
vn 0.93572 -0.29709 -0.1902
vn 0.72481 -0.13592 0.67541
vn -0.36331 0.27655 -0.88968
vn -0.79437 -0.57922 -0.18298
vn -0.76831 -0.63701 -0.06266
vn -0.78225 -0.61151 -0.11895
vn -0.79437 -0.57922 -0.18298
vn -0.58516 -0.74 0.33163
vn -0.6757 -0.71576 0.17643
vn -0.6061 -0.73688 0.29943
vn -0.45998 -0.73813 0.49355
vn -0.71977 -0.68964 0.07955
vn -0.71977 -0.68964 0.07955
vn -0.60104 -0.21912 -0.76859
vn -0.42308 -0.27015 -0.86488
vn -0.71977 -0.68964 0.07955
vn -0.71977 -0.68964 0.07955
vn -0.71977 -0.68964 0.07955
vn 0.23953 -0.48499 0.84108
vn 0.32136 -0.50667 0.80001
vn 0.79197 0.37779 0.47965
vn 0.77352 0.6284 0.08234
vn 0.80626 0.48957 0.33206
vn 0.79197 0.37779 0.47965
vn 0.54792 0.74279 -0.38478
vn 0.65904 0.72262 -0.20855
vn 0.66638 0.71976 -0.19463
vn 0.60171 0.73763 -0.30634
vn 0.76799 0.6375 0.0615
vn 0.74758 0.66415 -0.00502
vn 0.78825 0.59728 0.14803
vn 0.78825 0.59728 0.14803
vn 0.46918 0.15328 0.8697
vn 0.04001 -0.80382 -0.59352
vn 0.09282 -0.86881 -0.48636
vn 0.06839 -0.84049 -0.5375
vn 0.04001 -0.80382 -0.59352
vn 0.2503 -0.9649 -0.07945
vn 0.19125 -0.94913 -0.25014
vn 0.2384 -0.9642 -0.11609
vn 0.30701 -0.94459 0.11616
vn 0.15242 -0.92442 -0.34959
vn 0.15242 -0.92442 -0.34959
vn -0.10049 -0.21446 -0.97155
vn 0.04962 -0.0716 -0.9962
vn 0.15242 -0.92442 -0.34959
vn 0.15242 -0.92442 -0.34959
vn 0.15242 -0.92442 -0.34959
vn 0.4681 -0.45662 0.75655
vn 0.53541 -0.39138 0.74844
vn 0.10083 0.56383 0.81971
vn -0.08434 0.85932 0.50443
vn 0.02868 0.69889 0.71465
vn 0.10083 0.56383 0.81971
vn -0.26953 0.96283 0.01743
vn -0.20381 0.95489 0.216
vn -0.19839 0.95255 0.23086
vn -0.24097 0.96447 0.10829
vn -0.09332 0.86936 0.4853
vn -0.12156 0.89811 0.42263
vn -0.05558 0.82443 0.56323
vn -0.05558 0.82443 0.56323
vn 0.07201 0.0398 0.99661
vn 0.72859 -0.14407 -0.66963
vn 0.80347 -0.18791 -0.56491
vn 0.77038 -0.16789 -0.61508
vn 0.72859 -0.14407 -0.66963
vn 0.93977 -0.3043 -0.15565
vn 0.9067 -0.26363 -0.32922
vn 0.93532 -0.29646 -0.19312
vn 0.93996 -0.33813 0.04621
vn 0.87219 -0.23478 -0.42915
vn 0.87219 -0.23478 -0.42915
vn 0.87219 -0.23478 -0.42915
vn 0.87219 -0.23478 -0.42915
vn 0.87219 -0.23478 -0.42915
vn -0.46952 0.01735 0.88275
vn -0.79229 0.18101 0.58268
vn -0.61303 0.08405 0.78558
vn -0.46952 0.01735 0.88275
vn -0.94413 0.31648 0.09199
vn -0.91587 0.27263 0.2947
vn -0.91204 0.26877 0.30974
vn -0.93638 0.29817 0.18515
vn -0.80412 0.18832 0.56386
vn -0.83882 0.21088 0.50191
vn -0.75195 0.15721 0.64019
vn -0.75195 0.15721 0.64019
vn 0.82849 0.47833 -0.29121
vn 0.85505 0.49366 -0.15871
vn 0.84463 0.48765 -0.22091
vn 0.82849 0.47833 -0.29121
vn 0.82957 0.47895 0.2871
vn 0.86083 0.497 0.10942
vn 0.83853 0.48413 0.24998
vn 0.76157 0.43969 0.47612
vn 0.86603 0.5 0
vn 0.38424 0.37965 -0.84156
vn 0.20579 0.48761 -0.84846
vn 0.52517 0.06559 -0.84846
vn 0.5209 -0.14294 -0.84156
vn 0.86603 0.5 0
vn 0.15423 0.19081 0.96944
vn 0.07265 0.23767 0.96862
vn 0.24216 0.05592 0.96862
vn 0.24236 -0.03816 0.96944
vn -0.68625 -0.39621 0.60998
vn -0.8518 -0.49179 0.18049
vn -0.77209 -0.44577 0.45295
vn -0.68625 -0.39621 0.60998
vn -0.81167 -0.46862 -0.34869
vn -0.85675 -0.49465 -0.14595
vn -0.85866 -0.49575 -0.13011
vn -0.83672 -0.48308 -0.25793
vn -0.85523 -0.49376 0.15743
vn -0.863 -0.49826 0.08347
vn -0.83787 -0.48375 0.2529
vn -0.83787 -0.48375 0.2529
vn -0.21606 -0.37423 0.90182
vn 0 -0 1
vn -0.43212 0 0.90182
vn 0 0.95666 -0.29121
vn 0 0.98733 -0.15871
vn 0 0.97529 -0.22091
vn 0 0.95666 -0.29121
vn 0 0.9579 0.2871
vn 0 0.994 0.10942
vn 0 0.96825 0.24998
vn 0 0.87938 0.47612
vn 0 1 0
vn -0.13666 0.52258 -0.84156
vn -0.31938 0.42202 -0.84846
vn -0.08813 0.22897 0.96944
vn -0.16951 0.18175 0.96862
vn 0 -0.79241 0.60998
vn 0 -0.98358 0.18049
vn 0 -0.89154 0.45295
vn 0 -0.79241 0.60998
vn 0 -0.93724 -0.34869
vn 0 -0.98929 -0.14595
vn 0 -0.9915 -0.13011
vn 0 -0.96616 -0.25793
vn 0 -0.98753 0.15743
vn 0 -0.99651 0.08347
vn 0 -0.96749 0.2529
vn 0 -0.96749 0.2529
vn 0.21606 -0.37423 0.90182
vn -0.82849 0.47833 -0.29121
vn -0.85505 0.49366 -0.15871
vn -0.84463 0.48765 -0.22091
vn -0.82849 0.47833 -0.29121
vn -0.82957 0.47895 0.2871
vn -0.86083 0.497 0.10942
vn -0.83853 0.48413 0.24998
vn -0.76157 0.43969 0.47612
vn -0.86603 0.5 0
vn -0.5209 0.14294 -0.84156
vn -0.52517 -0.06559 -0.84846
vn -0.86603 0.5 0
vn -0.24236 0.03816 0.96944
vn -0.24216 -0.05592 0.96862
vn 0.68625 -0.39621 0.60998
vn 0.8518 -0.49179 0.18049
vn 0.77209 -0.44577 0.45295
vn 0.68625 -0.39621 0.60998
vn 0.81167 -0.46862 -0.34869
vn 0.85675 -0.49465 -0.14595
vn 0.85866 -0.49575 -0.13011
vn 0.83672 -0.48308 -0.25793
vn 0.85523 -0.49376 0.15743
vn 0.863 -0.49826 0.08347
vn 0.83787 -0.48375 0.2529
vn 0.83787 -0.48375 0.2529
vn 0.43212 0 0.90182
vn 0 0 -1
vn -0.82849 -0.47833 -0.29121
vn -0.85505 -0.49366 -0.15871
vn -0.84463 -0.48765 -0.22091
vn -0.82849 -0.47833 -0.29121
vn -0.82957 -0.47895 0.2871
vn -0.86083 -0.497 0.10942
vn -0.83853 -0.48412 0.24998
vn -0.76157 -0.43969 0.47612
vn -0.86603 -0.5 0
vn -0.38424 -0.37965 -0.84156
vn -0.20579 -0.48761 -0.84846
vn -0.86603 -0.5 0
vn -0.15423 -0.19081 0.96944
vn -0.07265 -0.23767 0.96862
vn 0.68625 0.39621 0.60998
vn 0.8518 0.49179 0.18049
vn 0.77209 0.44577 0.45295
vn 0.68625 0.39621 0.60998
vn 0.81167 0.46862 -0.34869
vn 0.85675 0.49465 -0.14595
vn 0.85866 0.49575 -0.13011
vn 0.83672 0.48308 -0.25793
vn 0.85523 0.49376 0.15743
vn 0.863 0.49826 0.08347
vn 0.83787 0.48375 0.2529
vn 0.83787 0.48375 0.2529
vn 0.21606 0.37423 0.90182
vn 0 -0.95666 -0.29121
vn 0 -0.98733 -0.15871
vn 0 -0.97529 -0.22091
vn 0 -0.95666 -0.29121
vn 0 -0.9579 0.2871
vn 0 -0.994 0.10942
vn 0 -0.96825 0.24998
vn 0 -0.87938 0.47612
vn 0 -1 0
vn 0.13666 -0.52258 -0.84156
vn 0.31938 -0.42202 -0.84846
vn 0.08813 -0.22897 0.96944
vn 0.16951 -0.18175 0.96862
vn 0 0.79241 0.60998
vn 0 0.98358 0.18049
vn 0 0.89154 0.45295
vn 0 0.93724 -0.34869
vn 0 0.98929 -0.14595
vn 0 0.9915 -0.13011
vn 0 0.96616 -0.25793
vn 0 0.98753 0.15743
vn 0 0.99651 0.08347
vn 0 0.96749 0.2529
vn -0.21606 0.37423 0.90182
vn 0.82849 -0.47833 -0.29121
vn 0.85505 -0.49366 -0.15871
vn 0.84463 -0.48765 -0.22091
vn 0.82849 -0.47833 -0.29121
vn 0.82957 -0.47895 0.2871
vn 0.86083 -0.497 0.10942
vn 0.83853 -0.48412 0.24998
vn 0.76157 -0.43969 0.47612
vn 0.86603 -0.5 0
vn 0.86603 -0.5 0
vn -0.68625 0.39621 0.60998
vn -0.8518 0.49179 0.18049
vn -0.77209 0.44577 0.45295
vn -0.68625 0.39621 0.60998
vn -0.81167 0.46862 -0.34869
vn -0.85675 0.49464 -0.14595
vn -0.85866 0.49575 -0.13011
vn -0.83672 0.48308 -0.25793
vn -0.85523 0.49376 0.15743
vn -0.863 0.49826 0.08347
vn -0.83787 0.48375 0.2529
vn -0.83787 0.48375 0.2529
vn 0.86603 0.5 0
vn -0.86603 0.5 0
vn -0.86603 -0.5 0
vn 0.86603 -0.5 0
vn 0.25 0.43301 -0.86603
vn 0.5 0 -0.86603
vn 0.5 0 0.86603
vn 0.25 0.43301 0.86603
vn -0.25 0.43301 -0.86603
vn -0.25 0.43301 0.86603
vn -0.5 0 -0.86603
vn -0.5 0 0.86603
vn -0.25 -0.43301 -0.86603
vn -0.25 -0.43301 0.86603
vn 0.25 -0.43301 -0.86603
vn 0.25 -0.43301 0.86603
vn 0.25 0.43301 -0.86603
vn 0.5 0 -0.86603
vn 0 0 -1
vn 0 0 1
vn 0.5 0 0.86603
vn 0.25 0.43301 0.86603
vn -0.25 0.43301 -0.86603
vn -0.25 0.43301 0.86603
vn -0.5 0 -0.86603
vn -0.5 0 0.86603
vn -0.25 -0.43301 -0.86603
vn -0.25 -0.43301 0.86603
vn 0.25 -0.43301 -0.86603
vn 0.25 -0.43301 0.86603
vn 0.86603 0.5 0
vn -0.86603 0.5 0
vn -0.86603 -0.5 0
vn 0.86603 -0.5 0
vn 0.25 0.43301 -0.86603
vn 0.5 0 -0.86603
vn 0 0 -1
vn 0 0 1
vn 0.5 0 0.86603
vn 0.25 0.43301 0.86603
vn -0.25 0.43301 -0.86603
vn -0.25 0.43301 0.86603
vn -0.5 0 -0.86603
vn -0.5 0 0.86603
vn -0.25 -0.43301 -0.86603
vn -0.25 -0.43301 0.86603
vn 0.25 -0.43301 -0.86603
vn 0.25 -0.43301 0.86603
vn 0.86603 0.5 0
vn -0.86603 0.5 0
vn 0.25 0.43301 -0.86603
vn 0.5 0 -0.86603
vn 0.5 0 0.86603
vn 0.25 0.43301 0.86603
vn -0.25 0.43301 -0.86603
vn -0.25 0.43301 0.86603
vn -0.5 0 -0.86603
vn -0.5 0 0.86603
vn -0.25 -0.43301 -0.86603
vn -0.25 -0.43301 0.86603
vn 0.25 -0.43301 -0.86603
vn 0.25 -0.43301 0.86603
vn -0.86603 0.5 0
vn -0.86603 -0.5 0
vn 0.25 0.43301 -0.86603
vn 0.25 0.43301 0.86603
vn -0.25 0.43301 -0.86603
vn -0.25 0.43301 0.86603
vn -0.25 -0.43301 -0.86603
vn -0.25 -0.43301 0.86603
vn 0.25 -0.43301 -0.86603
vn 0.25 -0.43301 0.86603
vn 0.25 0.43301 -0.86603
vn 0 0 -1
vn 0 0 1
vn 0.25 0.43301 0.86603
vn -0.25 0.43301 -0.86603
vn -0.25 0.43301 0.86603
vn -0.5 0 -0.86603
vn -0.5 0 0.86603
vn -0.25 -0.43301 -0.86603
vn -0.25 -0.43301 0.86603
vn 0.25 -0.43301 -0.86603
vn 0.25 -0.43301 0.86603
vn 0.25 0.43301 -0.86603
vn 0 0 -1
vn 0 0 1
vn 0.25 0.43301 0.86603
vn -0.25 0.43301 -0.86603
vn -0.25 0.43301 0.86603
vn -0.25 -0.43301 -0.86603
vn -0.25 -0.43301 0.86603
vn 0.25 -0.43301 -0.86603
vn 0.25 -0.43301 0.86603
vn 0.86603 0.5 0
vn 0.86603 -0.5 0
vn 0.25 0.43301 -0.86603
vn 0.25 0.43301 0.86603
vn 0.12335 -0.98681 0.10485
vn 0.20807 -0.97098 0.1179
vn 0.22354 -0.96869 0.10805
vn 0.05323 -0.99363 0.09936
vn 0.99504 0 0.0995
vn 0.99504 0 0.0995
vn 0.99504 0 0.0995
vn 0 1 0
vn 1 0 0
vn 0.11915 -0.99288 0
vn 0.20953 -0.9778 0
vn 0.05166 -0.99867 0
vn 0 -0.99504 0.0995
vn -0.22354 -0.96869 0.10805
vn -0.20807 -0.97098 0.1179
vn -0.12335 -0.98681 0.10485
vn -0.05323 -0.99363 0.09936
vn -0.99504 0 0.0995
vn -0.99504 0 0.0995
vn -0.99504 0 0.0995
vn -1 0 0
vn -0.20953 -0.9778 0
vn -0.11915 -0.99288 0
vn -0.05166 -0.99867 0
vn -0.75277 0.17371 0.63495
vn -0.67449 0.37177 0.63785
vn -0.73982 -0.21405 0.63785
vn -0.65512 -0.40946 0.63495
vn -0.37177 -0.67449 0.63785
vn -0.17371 -0.75277 0.63495
vn -0.5306 -0.29247 -0.79556
vn -0.59321 -0.13689 -0.79332
vn -0.32267 -0.51626 -0.79332
vn -0.16839 -0.582 -0.79556
vn -0.86286 -0.50545 0
vn -0.96754 -0.25272 0
vn -0.70711 -0.70711 0
vn -0.56267 -0.36775 0.74038
vn -0.7267 -0.37662 0.57452
vn -0.24754 -0.78016 0.57452
vn -0.13783 -0.6579 0.74038
vn -0.91341 -0.37967 0.14676
vn -0.37741 -0.91435 0.14676
vn -0.81448 -0.27381 -0.51152
vn -0.38231 -0.76954 -0.51152
vn -0.32686 -0.07236 -0.9423
vn -0.1338 -0.20988 -0.96853
vn -0.29247 0.5306 -0.79556
vn -0.13689 0.59321 -0.79332
vn -0.51626 0.32267 -0.79332
vn -0.582 0.16839 -0.79556
vn 0.21405 -0.73982 0.63785
vn 0.40946 -0.65512 0.63495
vn 0.13689 -0.59321 -0.79332
vn 0.29247 -0.5306 -0.79556
vn 0.25272 -0.96754 0
vn 0.50545 -0.86286 0
vn 0.37662 -0.7267 0.57452
vn 0.36775 -0.56267 0.74038
vn 0.37967 -0.91341 0.14676
vn 0.27381 -0.81448 -0.51152
vn 0.03926 -0.17736 -0.98336
vn -0.50545 0.86286 0
vn -0.25272 0.96754 0
vn -0.70711 0.70711 0
vn 0.67449 -0.37177 0.63785
vn 0.75277 -0.17371 0.63495
vn 0.51626 -0.32267 -0.79332
vn 0.582 -0.16839 -0.79556
vn 0.86286 -0.50545 0
vn 0.96754 -0.25272 0
vn 0.78016 -0.24754 0.57452
vn 0.6579 -0.13783 0.74038
vn 0.91435 -0.37741 0.14676
vn 0.76954 -0.38231 -0.51152
vn 0.28229 -0.17996 -0.9423
vn -0.36775 0.56267 0.74038
vn -0.37662 0.7267 0.57452
vn -0.78016 0.24754 0.57452
vn -0.6579 0.13783 0.74038
vn 0.73982 0.21405 0.63785
vn 0.65512 0.40946 0.63495
vn 0.59321 0.13689 -0.79332
vn 0.5306 0.29247 -0.79556
vn 0.7267 0.37662 0.57452
vn 0.56267 0.36775 0.74038
vn 0.91341 0.37967 0.14676
vn 0.81448 0.27381 -0.51152
vn 0.48684 0.10778 -0.86681
vn -0.37967 0.91341 0.14676
vn -0.91435 0.37741 0.14676
vn 0.37177 0.67449 0.63785
vn 0.17371 0.75277 0.63495
vn 0.32267 0.51626 -0.79332
vn 0.16839 0.582 -0.79556
vn 0.70711 0.70711 0
vn 0.50545 0.86286 0
vn 0.25272 0.96754 0
vn 0.24754 0.78016 0.57452
vn 0.13783 0.6579 0.74038
vn 0.37741 0.91435 0.14676
vn 0.38231 0.76954 -0.51152
vn 0.12078 0.18946 -0.97443
vn -0.27381 0.81448 -0.51152
vn -0.76954 0.38231 -0.51152
vn -0.21405 0.73982 0.63785
vn -0.40946 0.65512 0.63495
vn -0.03636 0.16426 -0.98575
vn -0.42046 0.26804 -0.86681
vn 0.33515 -0.21065 0.91832
vn 0.3512 -0.18329 0.91819
vn -0.1933 0.11259 0.97466
vn -0.13418 0.18944 0.97268
vn 0.40651 -0.41776 0.81254
vn 0.44089 -0.1836 0.87858
vn 0.28925 -0.53582 0.79324
vn 0.30575 -0.18226 0.9345
vn 0.08347 -0.05043 0.99523
vn 0.02642 -0.2165 0.97592
vn -0.30722 -0.56344 0.76691
vn -0.33552 -0.24206 0.9104
vn -0.44954 -0.21971 0.86582
vn -0.43559 -0.19987 0.87767
vn -0.30192 -0.11714 0.94611
vn -0.3166 -0.18181 0.93097
vn 0.09045 0.02153 0.99567
vn 0.15963 -0.00143 0.98718
vn 0.39597 -0.21848 0.89189
vn -0.30715 0.07263 0.94888
vn 0.41505 -0.26255 0.87109
vn 0.25298 -0.31518 0.91469
vn 0.00538 -0.33405 0.94254
vn -0.30305 -0.31212 0.90041
vn -0.41217 -0.27133 0.86977
vn -0.29813 -0.21265 0.93054
vn 0.1962 0.03127 0.98007
vn 0.38908 -0.24709 0.88745
vn -0.34561 0.10673 0.93229
vn 0.36024 -0.29755 0.88414
vn 0.22844 -0.31391 0.92156
vn 0.0043 -0.34041 0.94027
vn -0.26823 -0.33634 0.90273
vn -0.3728 -0.26508 0.88924
vn -0.26715 -0.18052 0.94659
vn 0.16922 0.02974 0.98513
vn 0.37215 -0.23355 0.89831
vn -0.32974 0.11178 0.93743
vn 0.33359 -0.26371 0.90508
vn 0.18193 -0.31182 0.93256
vn -0.0352 -0.33406 0.9419
vn -0.27738 -0.28092 0.91877
vn -0.34271 -0.22501 0.9121
vn -0.25716 -0.22749 0.93921
vn 0.27006 0.12543 0.95464
vn -0.08916 0.18993 0.97774
vn -0.04613 0.23149 0.97174
vn 0.08404 0.04816 0.9953
vn 0.35993 0.09741 0.92788
vn 0.76548 -0.22794 0.60173
vn 0.0469 -0.98245 0.18051
vn 0.08468 -0.98163 0.17095
vn 0.14124 -0.95259 0.26951
vn 0.07876 -0.98568 0.14909
vn 0.13536 -0.94107 0.30994
vn 0.02602 -0.99107 0.13077
vn 0.0312 -0.95533 0.2939
vn -0.05252 -0.99257 0.10977
vn -0.13097 -0.95753 0.25688
vn -0.10465 -0.98557 0.13302
vn -0.25832 -0.89304 0.36844
vn -0.01808 -0.98025 0.19693
vn -0.34738 -0.10618 0.93169
vn -0.30122 -0.26955 0.91467
vn 0.07021 0.10889 0.99157
vn 0.06511 0.08829 0.99397
vn 0.58227 0.05748 0.81096
vn -0.01379 -0.88937 0.45699
vn -0.51876 0.24516 0.81902
vn -0.40506 0.32431 0.85483
vn -0.40036 0.32733 0.8559
vn -0.55884 0.21404 0.80118
vn -0.46623 0.28329 0.83808
vn -0.56086 0.22548 0.79662
vn -0.57541 0.26215 0.77471
vn -0.84573 0.52002 0.11966
vn -0.82467 0.5629 0.05531
vn -0.76985 0.6229 0.13901
vn -0.79089 0.58611 0.17599
vn -0.84783 0.48098 0.22326
vn -0.93347 0.26066 0.24636
vn -0.85987 0.51028 0.01535
vn -0.85229 0.52237 -0.02711
vn -0.95881 0.17583 0.22308
vn -0.94908 0.23434 0.21053
vn -0.88011 0.47314 -0.03929
vn -0.91359 0.40503 -0.03621
vn -0.95933 0.28137 -0.02267
vn -0.98867 -0.14782 0.02597
vn 0.43684 0.19917 0.87721
vn 0.4777 0.17483 0.86095
vn 0.48732 0.16892 0.85673
vn 0.41206 0.21339 0.88582
vn 0.45468 0.18869 0.87044
vn 0.41205 0.21339 0.88582
vn 0.42571 0.24334 0.87153
vn 0.90075 0.41478 0.12885
vn 0.88791 0.43348 0.154
vn 0.84526 0.51008 0.15924
vn 0.88202 0.45999 0.10223
vn 0.86501 0.49395 0.08819
vn 0.88335 0.46612 0.04921
vn 0.90421 0.40266 0.14236
vn 0.8814 0.43397 0.18655
vn 0.85406 0.51829 0.04426
vn 0.84648 0.5315 0.03128
vn 0.9073 0.38999 0.1572
vn 0.89786 0.40518 0.17228
vn 0.7958 0.6045 0.03584
vn 0.80239 0.59593 0.03234
vn -0.81932 0 0.57334
vn -0.95082 0 0.30975
vn 0.4756 0.82981 0.29192
vn 0.2327 0.92792 0.29121
vn 0.82069 0.4916 0.29121
vn 0.92306 0.25047 0.29192
vn 0.35137 0.52457 -0.77548
vn 0.41422 0.78715 -0.45696
vn 0.77257 0.37374 -0.51327
vn 0.61938 0.12247 -0.77548
vn 0.36241 0.93064 0.05071
vn 0.89772 0.43699 0.05605
vn 0.25494 0.75586 0.60306
vn 0.72077 0.43752 0.53764
vn 0.08406 0.4797 0.8734
vn 0.43691 0.2857 0.85293
vn 0.50545 0.86286 0
vn 0.29126 0.94781 -0.12968
vn 0.87616 0.46426 -0.12968
vn 0.70711 0.70711 0
vn 0.35967 0.82717 -0.43178
vn 0.83922 0.33057 -0.43178
vn 0.70711 0.70711 0
vn 0.86286 0.50545 0
vn -0.41306 0 0.9107
vn 0 -1 0
vn -0.25047 0.92306 0.29192
vn -0.4916 0.82069 0.29121
vn -0.12247 0.61938 -0.77548
vn -0.27756 0.83669 -0.47214
vn -0.39241 0.91782 0.06016
vn -0.37207 0.70503 0.60373
vn -0.27976 0.39864 0.8734
vn -0.25272 0.96754 0
vn -0.46426 0.87616 -0.12968
vn -0.33057 0.83922 -0.43178
vn 0.98894 0 -0.14834
vn -0.82981 0.4756 0.29192
vn -0.92792 0.2327 0.29121
vn -0.52457 0.35137 -0.77548
vn -0.78789 0.39536 -0.47214
vn -0.92647 0.37152 0.06016
vn -0.76163 0.23544 0.60373
vn -0.4797 0.08406 0.8734
vn -0.70711 0.70711 0
vn -0.94781 0.29126 -0.12968
vn -0.82717 0.35967 -0.43178
vn -0.96754 0.25272 0
vn -0.70711 0.70711 0
vn -0.49732 0 -0.86757
vn -0.92306 -0.25047 0.29192
vn -0.82069 -0.4916 0.29121
vn -0.61938 -0.12247 -0.77548
vn -0.83669 -0.27756 -0.47214
vn -0.91782 -0.39241 0.06016
vn -0.70503 -0.37207 0.60373
vn -0.39864 -0.27976 0.8734
vn -1 0 0
vn -0.87616 -0.46426 -0.12968
vn -0.83922 -0.33057 -0.43178
vn -0.86286 -0.50545 0
vn -0.98338 0 0.18155
vn -0.4756 -0.82981 0.29192
vn -0.2327 -0.92792 0.29121
vn -0.35137 -0.52457 -0.77548
vn -0.39536 -0.78789 -0.47214
vn -0.37152 -0.92647 0.06016
vn -0.23544 -0.76163 0.60373
vn -0.08406 -0.4797 0.8734
vn -0.50545 -0.86286 0
vn -0.29126 -0.94781 -0.12968
vn -0.70711 -0.70711 0
vn -0.35967 -0.82717 -0.43178
vn -0.70711 -0.70711 0
vn -0.99815 0 0.06075
vn 0.25047 -0.92306 0.29192
vn 0.4916 -0.82069 0.29121
vn 0.12247 -0.61939 -0.77548
vn 0.27756 -0.83669 -0.47214
vn 0.40391 -0.9124 0.06617
vn 0.36295 -0.69548 0.62015
vn 0.32106 -0.39311 0.86162
vn 0.25272 -0.96754 0
vn 0.46426 -0.87616 -0.12968
vn 0.33057 -0.83922 -0.43178
vn 0.45354 0 -0.89124
vn 0.82981 -0.4756 0.29192
vn 0.92792 -0.2327 0.29121
vn 0.52457 -0.35137 -0.77548
vn 0.80275 -0.40031 -0.44197
vn 0.8562 -0.49538 0.14667
vn 0.76279 -0.26921 0.58794
vn 0.46346 -0.23076 0.85554
vn 0.70711 -0.70711 0
vn 0.94781 -0.29126 -0.12968
vn 0.82717 -0.35967 -0.43178
vn 0.96754 -0.25272 0
vn 0.70711 -0.70711 0
vn 0.65553 0 0.75517
vn 1 0 0
vn 0.88844 0 -0.45899
vn 0.99321 0 -0.11632
vn 0.90415 0.04873 -0.42443
vn 0.93353 -0.00412 -0.35847
vn 0.99411 0.07474 0.07851
vn 0.98995 -0.09728 -0.10265
vn 0.5492 0.10559 0.82899
vn 0.65427 -0.0616 0.75375
vn 0.5076 0.00011 0.86159
vn 0.51389 -0.09605 0.85246
vn -0.75718 -0.53099 -0.38044
vn -0.82324 -0.55694 -0.10996
vn -0.78475 -0.43929 -0.43725
vn -0.79231 -0.51503 -0.32708
vn -0.649 -0.72932 -0.21652
vn -0.60931 -0.78636 -0.10188
vn -0.48767 -0.87174 0.04735
vn -0.42429 -0.8988 -0.1102
vn -0.83526 -0.54491 -0.07353
vn -0.93983 -0.34148 -0.01096
vn -0.85547 -0.41147 0.31441
vn -0.58737 -0.8079 -0.04794
vn -0.44824 -0.89337 -0.03116
vn -0.7934 -0.6049 0.06788
vn -0.89498 -0.43746 -0.08738
vn -0.60161 -0.79748 0.04568
vn -0.4896 -0.86736 0.08934
vn -0.70815 -0.59429 0.38123
vn -0.82341 -0.10002 0.55857
vn -0.52363 -0.78407 0.33323
vn -0.38745 -0.86545 0.31761
vn -0.72892 -0.62967 0.26869
vn -0.64916 -0.31843 0.6908
vn -0.54595 -0.8288 0.12259
vn -0.10855 -0.96323 -0.24576
vn -0.80019 -0.58934 0.11123
vn -0.97267 -0.08791 0.21492
vn -0.85023 0.11707 -0.51323
vn -0.6049 -0.79624 0.00998
vn -0.38219 -0.91646 -0.11844
vn -0.70268 -0.56013 0.43874
vn -0.78304 -0.19518 0.59055
vn -0.50451 -0.77083 0.38896
vn -0.2213 -0.85954 0.46067
vn -0.53999 -0.44077 0.71703
vn -0.63032 -0.22746 0.74227
vn -0.3024 -0.6429 0.70373
vn -0.08321 -0.74126 0.66604
vn 0.44938 -0.68487 0.5736
vn 0.51618 -0.65125 0.55626
vn 0.3668 -0.7342 0.57133
vn 0.40149 -0.67026 0.62414
vn 0.62452 -0.54404 0.56036
vn 0.68006 -0.45669 0.57354
vn 0.7343 -0.3666 0.57133
vn 0.74172 -0.3069 0.59638
vn 0.4559 -0.71806 -0.52587
vn 0.54864 -0.65517 -0.51938
vn 0.35029 -0.77901 -0.52003
vn 0.32321 -0.78055 -0.53504
vn 0.66637 -0.53542 -0.51892
vn 0.71684 -0.45778 -0.52591
vn 0.77911 -0.35008 -0.52003
vn 0.75413 -0.36783 -0.54405
vn 0.53563 -0.6868 0.49134
vn 0.60899 -0.66508 0.4322
vn 0.52403 -0.74865 0.4061
vn 0.41487 -0.84999 0.32467
vn 0.64259 -0.53847 0.5451
vn 0.70885 -0.60253 0.36672
vn 0.74659 -0.49104 0.44886
vn 0.74906 -0.59514 0.29105
vn 0.54386 -0.83913 -0.00867
vn 0.5941 -0.80321 0.0437
vn 0.74256 -0.63491 0.21332
vn 0.78105 -0.55635 0.28361
vn -0.11301 -0.91407 -0.38948
vn 0.51184 -0.45813 -0.72673
vn 0.53401 -0.44111 -0.72129
vn 0.4809 -0.48077 -0.73321
vn 0.4809 -0.48077 -0.73321
vn 0.92228 0.30411 0.23859
vn 0.99957 0.02797 0.00935
vn 0.88138 -0.47153 0.02884
vn 0.58465 -0.39948 -0.70611
vn 0.65228 -0.75781 0.01598
vn 0.64916 -0.74849 -0.13551
vn 0.585 -0.80286 -0.11489
vn 0.78117 -0.58108 -0.22831
vn 0.77975 -0.54115 -0.31489
vn 0.63183 -0.70238 -0.32782
vn 0.53508 -0.79105 -0.29653
vn 0.74227 -0.5928 -0.31245
vn 0.85222 -0.46771 -0.23447
vn 0.23012 -0.70335 0.67256
vn 0.39581 -0.47201 0.78774
vn 0.64253 -0.27341 0.71582
vn 0.64715 -0.13128 0.75097
vn 0.88355 0.26046 0.38922
vn 0.81274 0.09219 0.57529
vn 0.81665 0.5727 -0.07135
vn 0.79546 0.5786 -0.1802
vn 0.8818 0.46944 -0.04535
vn 0.83685 0.54398 0.06142
vn 0.6302 0.7082 -0.31828
vn 0.60036 0.7748 -0.19814
vn 0.43908 0.78487 -0.43724
vn 0.23062 0.97098 0.06337
vn 0.8014 0.59695 -0.0375
vn 0.89693 0.41665 -0.14803
vn 0.5365 0.84266 0.04579
vn 0.06372 0.99737 0.03457
vn 0.77916 0.62176 0.07946
vn 0.87223 0.47449 0.1186
vn 0.56579 0.81985 -0.08791
vn 0.19942 0.95939 0.19953
vn 0.80001 0.5447 0.25156
vn 0.60067 0.70546 0.3762
vn -0.01169 0.78062 0.6249
vn 0.82534 0.54672 0.14112
vn 0.61452 0.73998 0.27348
vn 0.06277 0.69849 0.71286
vn 0.78778 0.61585 0.0117
vn 0.89623 0.4276 -0.11805
vn 0.58447 0.80585 0.09488
vn 0.2172 0.89962 -0.37882
vn 0.07997 0.86896 -0.48838
vn 0.75977 0.53937 0.36308
vn 0.51559 0.72505 0.45658
vn 0.25729 0.8586 0.4434
vn 0.07205 0.77507 0.62775
vn 0.54482 0.44472 0.71092
vn 0.37182 0.56517 0.73643
vn -0.08247 0.55668 0.82662
vn -0.22765 0.34694 -0.90984
vn -0.3822 0.48221 -0.78828
vn -0.2909 0.58227 -0.75917
vn -0.22372 0.37348 -0.90026
vn -0.30227 0.26332 -0.91613
vn -0.52458 0.35227 -0.77506
vn -0.3833 0.19137 -0.90358
vn -0.63064 0.26094 -0.73089
vn -0.56799 0.74847 0.34232
vn -0.66808 0.73705 0.10209
vn -0.71018 0.57062 0.41236
vn -0.75044 0.66082 -0.01226
vn -0.8265 0.49271 0.27227
vn -0.78717 0.59777 -0.15176
vn -0.61083 0.72073 -0.32778
vn -0.55171 0.80462 -0.21955
vn -0.74374 0.61965 0.25075
vn -0.83598 0.4132 0.36111
vn -0.46638 0.71465 0.52131
vn -0.44721 0.6701 0.59243
vn -0.66966 0.46738 0.57716
vn -0.41375 0.63762 0.64981
vn -0.66085 0.26086 0.70373
vn -0.35291 0.80436 -0.47797
vn -0.55164 0.72707 -0.40874
vn -0.7534 0.51379 -0.41038
vn -0.79982 0.36588 -0.47584
vn -0.39635 0.6975 0.597
vn -0.42552 0.57746 0.69676
vn -0.63627 0.47806 0.60549
vn -0.61005 0.36949 0.70094
vn -0.34474 0.41025 0.84431
vn -0.47763 0.23598 0.84628
vn -0.22735 -0.00954 0.97377
vn -0.00709 -0.16996 0.98543
vn 0.00709 0.16996 0.98543
vn 0.22735 0.00954 0.97377
vn 0.0756 -0.99165 -0.1045
vn 0.00548 -0.9701 -0.24266
vn -0.38219 -0.91011 -0.16007
vn -0.38049 -0.91969 -0.09695
vn 0.72073 0.69319 0.00563
vn 0.7751 0.61399 -0.14913
vn 0.91135 0.38577 -0.14358
vn 0.91297 0.38782 -0.12683
vn 0.40962 0.90672 -0.10033
vn 0.41747 0.907 -0.05533
vn 0.68894 0.72386 -0.0373
vn 0.6766 0.73205 -0.0795
vn 0.85368 0.41297 -0.3173
vn 0.98337 0.17712 0.0401
vn -0.78779 0.56185 -0.25242
vn -0.80946 0.56516 -0.15924
vn -0.5643 0.79795 -0.21176
vn -0.58075 0.73551 -0.34893
vn 0.3807 -0.9109 0.15915
vn 0.38426 -0.91942 0.0837
vn 0.14883 -0.98552 0.08118
vn 0.02594 -0.98331 0.18006
vn 0.6717 -0.69967 -0.24347
vn 0.75 -0.65082 -0.11799
vn 0.13027 -0.95028 -0.28284
vn 0.01215 -0.98022 -0.19756
vn -0.67328 0.70277 0.2298
vn -0.78042 0.61689 0.10194
vn -0.38028 0.91808 0.11186
vn -0.37437 0.89083 0.25741
vn 0.99168 -0.12199 0.04111
vn 0.98796 -0.10026 0.11779
vn -0.87214 0.48261 -0.08042
vn -0.56098 0.82395 -0.08002
vn -0.99454 -0.09904 -0.03293
vn -0.98044 -0.16209 0.11167
vn -0.9403 0.32542 0.0997
vn -0.88514 0.45692 -0.08809
vn -0.94424 0.31161 -0.10636
vn -0.95158 0.23236 -0.20125
vn 0.92315 -0.38095 -0.05165
vn 0.96606 -0.11631 -0.23066
vn 0.70677 -0.6519 -0.27477
vn 0.75804 -0.6478 -0.0757
vn -0.92312 -0.38237 0.04066
vn -0.65461 -0.74413 -0.13326
vn -0.93309 -0.35962 0.00286
vn -0.91759 -0.38797 0.08667
vn -0.85516 -0.51787 0.02266
vn -0.6433 -0.76043 0.08894
vn -0.87437 -0.48505 0.01406
vn -0.8541 -0.51965 0.02192
vn -0.37938 -0.87595 -0.29795
vn -0.38068 -0.8755 -0.29761
vn 0.92259 0.38554 0.01389
vn 0.9238 0.38265 0.01323
vn 0.79925 0.60019 0.03116
vn 0.69596 0.71637 -0.04942
vn -0.94563 0.27069 -0.18032
vn -0.14577 -0.98387 -0.10369
vn 0.59488 -0.79896 -0.08824
vn -0.08008 0.99306 -0.08615
vn 0.14315 0.98755 0.06516
vn -0.38034 0.92285 0.06081
vn -0.37884 0.92348 0.06061
vn -0.87339 0.3166 0.37007
vn -0.63002 0.60649 0.48502
vn 0.93955 -0.10471 -0.326
vn 0.59836 -0.64648 -0.47331
vn -0.92264 -0.38217 -0.05171
vn -0.9229 -0.38155 -0.05177
vn -0.92316 -0.38092 -0.05178
vn 0.95783 0.00117 -0.28733
vn 0.92857 0.3545 -0.10996
vn 0.90698 0.39255 -0.15264
vn 0.36729 -0.82292 -0.43348
vn 0.36643 -0.80083 -0.4737
vn 0.65353 -0.62924 -0.42065
vn 0.02861 0.94909 0.3137
vn 0.16814 0.92207 0.3486
vn -0.66312 0.63178 0.4014
vn -0.91175 -0.4 0.09338
vn -0.91348 -0.40198 0.06303
vn -0.91488 -0.39856 0.06431
vn -0.91212 -0.3917 0.12083
vn -0.38027 -0.90268 -0.20143
vn -0.38076 -0.91526 -0.1316
vn -0.38143 -0.89083 -0.24683
vn 0.38255 0.92069 0.07742
vn 0.36155 0.90321 0.23127
vn -0.87529 0.3292 0.35426
vn -0.9052 0.39304 0.16166
vn 0.88421 -0.42486 -0.19406
vn 0.38488 0.92113 0.05819
vn -0.90312 0.42083 0.08532
vn 0.84889 -0.51283 -0.12804
vn -0.38088 -0.91952 -0.09699
vn -0.92379 0.38265 0.01413
vn -0.9227 0.38527 0.01391
vn 0.9229 -0.38155 -0.05177
vn 0.95882 0.27597 -0.06708
vn -0.04517 -0.9429 0.32999
vn -0.70002 -0.68839 0.18998
vn -0.9183 -0.39529 0.02161
vn 0.32072 0.89775 0.30196
vn -0.86485 -0.48136 0.14257
vn 0.03002 0.82163 -0.56923
vn 0.71559 0.57483 -0.39686
vn 0.98785 0.15005 -0.04042
vn 0.43964 0.10045 0.89254
vn 0.35226 -0.09302 0.93127
vn 0.31527 0.14281 0.9382
vn -0.06131 0.2159 0.97449
vn 0.99275 0.03952 0.11351
vn -0.79286 0.54048 -0.28153
vn -0.96552 0.26018 0.00883
vn -0.43996 0.17472 0.88086
vn 0.42195 0.87585 -0.23421
vn 0.73147 0.65651 -0.18425
vn 0.99148 0.12717 0.02816
vn 0.4099 -0.76838 0.4915
vn 0.399 -0.85998 0.31818
vn 0.40421 -0.77095 0.49219
vn 0.99081 -0.08451 0.10556
vn -0.37302 -0.78143 0.50022
vn -0.74238 -0.56415 0.3614
vn -0.86093 -0.42894 0.27352
vn 0.08976 -0.39801 -0.91298
vn 0.01674 -0.40404 -0.91459
vn -0.27112 -0.57865 -0.7692
vn -0.78034 -0.62263 -0.05834
vn 0.73204 0.07126 -0.67752
vn 0.8293 0.1834 -0.52784
vn 0.75084 0.12004 -0.64949
vn -0.77168 -0.31042 0.55511
vn -0.82757 -0.41084 0.38254
vn 0.81024 0.5401 0.2276
vn 0.86593 0.49756 0.05103
vn -0.64774 -0.13229 0.75029
vn -0.68919 -0.17001 0.70435
vn 0.65743 0.52063 0.54473
vn 0.63056 0.60824 0.48211
vn -0.04879 0.37252 0.92674
vn -0.03729 0.46452 0.88478
vn -0.062 0.42396 0.90356
vn -0.06405 0.26402 0.96239
vn 0.39322 -0.84241 0.36841
vn 0.48103 -0.80076 0.35693
vn 0.49607 -0.7954 0.34822
vn 0.3799 -0.85327 0.35721
vn 0.36966 -0.86454 0.34046
vn 0.34009 -0.87307 0.3494
vn 0.35303 -0.87026 0.34354
vn 0.34563 -0.86842 0.35552
vn 0.85236 0.41175 0.3224
vn 0.71457 0.31471 0.62477
vn -0.66662 -0.30423 0.68048
vn -0.89498 -0.34817 0.27891
vn -0.01734 -0.02815 0.99945
vn 0.00018 -0.06259 0.99804
vn 0.89878 0.23131 0.37242
vn 0.88909 0.45115 0.07737
vn -0.7956 -0.34747 0.49627
vn -0.95652 -0.26969 0.11102
vn 0.79734 0.23128 0.55746
vn 0.75381 0.31954 0.57417
vn -0.72974 -0.35232 0.58596
vn -0.82073 -0.28601 0.49458
vn 0.02177 -0.03874 0.99901
vn 0.00949 -0.07748 0.99695
vn 0.04046 -0.06017 0.99737
vn 0.00904 -0.01625 0.99983
vn -0.06675 0.16072 -0.98474
vn -0.06712 0.16059 -0.98474
vn -0.06659 0.16077 -0.98474
vn -0.70593 -0.13958 -0.69439
vn -0.7446 -0.16803 -0.64601
vn -0.68457 -0.12456 -0.71823
vn 0.62229 0.42451 -0.65769
vn 0.68476 0.43435 -0.58519
vn 0.6733 0.00345 -0.73936
vn 0.74839 -0.07398 -0.65911
vn 0.61758 0.0541 -0.78465
vn 0.99384 0.11057 -0.00729
vn 0.98714 0.09455 0.1289
vn 0.00616 -0.01996 -0.99978
vn 0 -0.01702 -0.99986
vn 0.01715 -0.02519 -0.99954
vn 0.78512 -1E-05 0.61935
vn -0.66771 -0.11893 -0.73486
vn -0.74589 -0.0921 -0.65968
vn -0.00016 0.02138 0.99977
vn -0.0039 0.01854 0.99982
vn -0.96232 -0.15539 0.22315
vn -0.98569 -0.16741 0.01993
vn -0.76348 -0.01797 0.64558
vn 0.38219 -0.91011 -0.16007
vn -0.00548 -0.9701 -0.24266
vn -0.0756 -0.99165 -0.1045
vn 0.38049 -0.91969 -0.09695
vn -0.91135 0.38577 -0.14358
vn -0.7751 0.61399 -0.14913
vn -0.72073 0.69319 0.00563
vn -0.91297 0.38782 -0.12683
vn -0.68894 0.72386 -0.0373
vn -0.41747 0.907 -0.05533
vn -0.40962 0.90672 -0.10033
vn -0.6766 0.73205 -0.0795
vn -0.85368 0.41297 -0.3173
vn -0.98337 0.17712 0.0401
vn 0.5643 0.79795 -0.21176
vn 0.80946 0.56516 -0.15924
vn 0.78779 0.56185 -0.25242
vn 0.58075 0.73551 -0.34893
vn -0.14883 -0.98552 0.08118
vn -0.38426 -0.91942 0.0837
vn -0.3807 -0.9109 0.15915
vn -0.02594 -0.98331 0.18006
vn -0.13027 -0.95028 -0.28284
vn -0.75 -0.65082 -0.11799
vn -0.6717 -0.69967 -0.24347
vn -0.01215 -0.98022 -0.19756
vn 0.38028 0.91808 0.11186
vn 0.78042 0.61689 0.10194
vn 0.67328 0.70277 0.2298
vn 0.37437 0.89083 0.25741
vn -0.99168 -0.12199 0.04111
vn -0.98796 -0.10026 0.11779
vn 0.56098 0.82395 -0.08002
vn 0.87214 0.48261 -0.08042
vn 0.9403 0.32542 0.0997
vn 0.98044 -0.16209 0.11167
vn 0.99454 -0.09904 -0.03293
vn 0.88514 0.45692 -0.08809
vn 0.95158 0.23236 -0.20125
vn 0.94424 0.31161 -0.10636
vn -0.70677 -0.6519 -0.27477
vn -0.96606 -0.11631 -0.23066
vn -0.92315 -0.38095 -0.05165
vn -0.75804 -0.6478 -0.0757
vn 0.93309 -0.35962 0.00286
vn 0.65461 -0.74413 -0.13326
vn 0.92312 -0.38237 0.04066
vn 0.91759 -0.38797 0.08667
vn 0.85516 -0.51787 0.02266
vn 0.6433 -0.76043 0.08894
vn 0.87437 -0.48505 0.01406
vn 0.8541 -0.51965 0.02192
vn 0.38068 -0.8755 -0.29761
vn 0.37938 -0.87595 -0.29795
vn -0.79925 0.60019 0.03116
vn -0.9238 0.38265 0.01323
vn -0.92259 0.38554 0.01389
vn -0.69596 0.71637 -0.04942
vn 0.94563 0.27069 -0.18032
vn -0.59488 -0.79896 -0.08824
vn 0.14577 -0.98387 -0.10369
vn 0.38034 0.92285 0.06081
vn -0.14315 0.98755 0.06516
vn 0.08008 0.99306 -0.08615
vn 0.37884 0.92348 0.06061
vn 0.63002 0.60649 0.48502
vn 0.87339 0.3166 0.37007
vn -0.59836 -0.64648 -0.47331
vn -0.93955 -0.10471 -0.326
vn 0.9229 -0.38155 -0.05177
vn 0.92264 -0.38217 -0.05171
vn 0.92316 -0.38092 -0.05178
vn -0.92857 0.3545 -0.10996
vn -0.95783 0.00117 -0.28733
vn -0.90698 0.39255 -0.15264
vn -0.36643 -0.80083 -0.4737
vn -0.36729 -0.82292 -0.43348
vn -0.65353 -0.62924 -0.42065
vn -0.16814 0.92207 0.3486
vn -0.02861 0.94909 0.3137
vn 0.66312 0.63178 0.4014
vn 0.91489 -0.39856 0.06431
vn 0.91348 -0.40198 0.06303
vn 0.91175 -0.4 0.09338
vn 0.91212 -0.3917 0.12083
vn 0.38076 -0.91526 -0.1316
vn 0.38027 -0.90268 -0.20143
vn 0.38143 -0.89083 -0.24683
vn -0.38255 0.92069 0.07742
vn -0.36155 0.90321 0.23127
vn 0.9052 0.39304 0.16166
vn 0.87529 0.3292 0.35426
vn -0.88421 -0.42486 -0.19406
vn -0.38488 0.92113 0.05819
vn 0.90312 0.42083 0.08532
vn -0.84889 -0.51283 -0.12804
vn 0.38088 -0.91952 -0.09699
vn 0.9227 0.38527 0.01391
vn 0.92379 0.38265 0.01413
vn -0.9229 -0.38155 -0.05177
vn -0.95882 0.27597 -0.06708
vn 0.04517 -0.9429 0.32999
vn 0.70002 -0.68839 0.18998
vn 0.9183 -0.39529 0.02161
vn -0.32072 0.89775 0.30196
vn 0.86485 -0.48136 0.14257
vn -0.71559 0.57483 -0.39686
vn -0.03002 0.82163 -0.56923
vn -0.98785 0.15005 -0.04042
vn -0.31527 0.14281 0.9382
vn -0.35226 -0.09302 0.93127
vn -0.43964 0.10045 0.89254
vn 0.06131 0.2159 0.97449
vn -0.99275 0.03952 0.11351
vn 0.79286 0.54048 -0.28153
vn 0.96552 0.26018 0.00883
vn 0.43996 0.17472 0.88086
vn -0.73147 0.65651 -0.18425
vn -0.42195 0.87585 -0.23421
vn -0.99148 0.12717 0.02816
vn -0.399 -0.85998 0.31818
vn -0.4099 -0.76838 0.4915
vn -0.40421 -0.77095 0.49219
vn -0.99081 -0.08451 0.10556
vn 0.37302 -0.78143 0.50022
vn 0.74238 -0.56415 0.3614
vn 0.86093 -0.42894 0.27352
vn 0.27112 -0.57865 -0.7692
vn -0.01674 -0.40404 -0.91459
vn -0.08976 -0.39801 -0.91298
vn 0.78034 -0.62263 -0.05834
vn -0.8293 0.1834 -0.52784
vn -0.73204 0.07126 -0.67752
vn -0.75084 0.12004 -0.64949
vn 0.82757 -0.41084 0.38254
vn 0.77168 -0.31042 0.55511
vn -0.86593 0.49756 0.05103
vn -0.81024 0.5401 0.2276
vn 0.68919 -0.17001 0.70435
vn 0.64774 -0.13229 0.75029
vn -0.63056 0.60824 0.48211
vn -0.65743 0.52063 0.54473
vn 0.062 0.42396 0.90356
vn 0.03729 0.46452 0.88478
vn 0.04879 0.37252 0.92674
vn 0.06405 0.26402 0.96239
vn -0.49606 -0.7954 0.34822
vn -0.48103 -0.80076 0.35693
vn -0.39322 -0.84241 0.36841
vn -0.3799 -0.85327 0.35721
vn -0.35303 -0.87026 0.34354
vn -0.34009 -0.87307 0.3494
vn -0.36966 -0.86454 0.34046
vn -0.34563 -0.86842 0.35552
vn -0.71457 0.31471 0.62477
vn -0.85236 0.41175 0.3224
vn 0.66662 -0.30423 0.68048
vn 0.89498 -0.34817 0.27891
vn 0.01734 -0.02815 0.99945
vn -0.00018 -0.06259 0.99804
vn -0.88909 0.45115 0.07737
vn -0.89878 0.23131 0.37242
vn 0.95652 -0.26969 0.11102
vn 0.7956 -0.34747 0.49627
vn -0.75381 0.31954 0.57417
vn -0.79734 0.23128 0.55746
vn 0.82073 -0.28601 0.49458
vn 0.72974 -0.35232 0.58596
vn -0.04046 -0.06017 0.99737
vn -0.00949 -0.07748 0.99695
vn -0.02177 -0.03874 0.99901
vn -0.00904 -0.01625 0.99983
vn 0.06675 0.16072 -0.98474
vn 0.06712 0.16059 -0.98474
vn 0.06659 0.16077 -0.98474
vn 0.70593 -0.13958 -0.69439
vn 0.7446 -0.16803 -0.64601
vn 0.68457 -0.12456 -0.71823
vn -0.68476 0.43435 -0.58519
vn -0.62229 0.42451 -0.65769
vn -0.6733 0.00345 -0.73936
vn -0.74839 -0.07398 -0.65911
vn -0.61758 0.0541 -0.78465
vn -0.98714 0.09455 0.1289
vn -0.99384 0.11057 -0.00729
vn -0.00616 -0.01996 -0.99978
vn -0.01715 -0.02519 -0.99954
vn -0.78512 -1E-05 0.61935
vn 0.74589 -0.0921 -0.65968
vn 0.66771 -0.11893 -0.73486
vn 0.0039 0.01854 0.99982
vn 0.00016 0.02138 0.99977
vn 0.98569 -0.16741 0.01993
vn 0.96232 -0.15539 0.22315
vn 0.76348 -0.01797 0.64558
vt 0.3682 0.17381
vt 0.3682 0.16357
vt 0.35584 0.16869
vt 0.50447 0.47588
vt 0.50447 0.46394
vt 0.48017 0.46394
vt 0.48017 0.47588
vt 0.50447 0.43706
vt 0.48017 0.43706
vt 0.50447 0.41499
vt 0.48017 0.41499
vt 0.50447 0.40928
vt 0.48017 0.40928
vt 0.50447 0.40073
vt 0.48017 0.40073
vt 0.50447 0.39315
vt 0.50447 0.40071
vt 0.48017 0.40071
vt 0.48017 0.39315
vt 0.50447 0.37916
vt 0.50447 0.39308
vt 0.48017 0.39308
vt 0.48017 0.37916
vt 0.36096 0.15632
vt 0.35071 0.15632
vt 0.45587 0.47588
vt 0.45587 0.46394
vt 0.43158 0.46394
vt 0.43158 0.47588
vt 0.45587 0.43706
vt 0.43158 0.43706
vt 0.36096 0.18106
vt 0.33439 0.47588
vt 0.33439 0.46394
vt 0.3101 0.46394
vt 0.3101 0.47588
vt 0.33439 0.43706
vt 0.3101 0.43706
vt 0.33439 0.41499
vt 0.3101 0.41499
vt 0.33439 0.40928
vt 0.3101 0.40928
vt 0.33439 0.40073
vt 0.3101 0.40073
vt 0.33439 0.39315
vt 0.33439 0.40071
vt 0.3101 0.40071
vt 0.3101 0.39315
vt 0.45587 0.41499
vt 0.43158 0.41499
vt 0.45587 0.40928
vt 0.43158 0.40928
vt 0.45587 0.40073
vt 0.43158 0.40073
vt 0.45587 0.39315
vt 0.45587 0.40071
vt 0.43158 0.40071
vt 0.43158 0.39315
vt 0.35071 0.18106
vt 0.35869 0.47588
vt 0.35869 0.46394
vt 0.35869 0.43706
vt 0.35869 0.41499
vt 0.35869 0.40928
vt 0.35869 0.40073
vt 0.35869 0.39315
vt 0.35869 0.40071
vt 0.35869 0.37916
vt 0.35869 0.39308
vt 0.33439 0.39308
vt 0.33439 0.37916
vt 0.45587 0.37916
vt 0.45587 0.39308
vt 0.43158 0.39308
vt 0.43158 0.37916
vt 0.34347 0.17381
vt 0.38298 0.47588
vt 0.38298 0.46394
vt 0.38298 0.43706
vt 0.38298 0.41499
vt 0.38298 0.40928
vt 0.38298 0.40073
vt 0.38298 0.39315
vt 0.38298 0.40071
vt 0.34347 0.16357
vt 0.40728 0.47588
vt 0.40728 0.46394
vt 0.40728 0.43706
vt 0.40728 0.41499
vt 0.40728 0.40928
vt 0.40728 0.40073
vt 0.40728 0.39315
vt 0.40728 0.40071
vt 0.40728 0.37916
vt 0.40728 0.39308
vt 0.38298 0.39308
vt 0.38298 0.37916
vt 0.3101 0.39308
vt 0.3101 0.37916
vt 0.40804 0.19192
vt 0.41144 0.19162
vt 0.20596 0.4478
vt 0.23388 0.47572
vt 0.27336 0.47572
vt 0.30128 0.4478
vt 0.30128 0.40832
vt 0.27336 0.3804
vt 0.23388 0.3804
vt 0.20596 0.40832
vt 0.21526 0.41506
vt 0.25789 0.41506
vt 0.21526 0.44106
vt 0.25789 0.44106
vt 0.40988 0.20391
vt 0.40952 0.1995
vt 0.4121 0.1985
vt 0.41587 0.20391
vt 0.40734 0.19831
vt 0.41138 0.19666
vt 0.4076 0.19669
vt 0.41295 0.19498
vt 0.4054 0.19508
vt 0.41256 0.19355
vt 0.40779 0.19376
vt 0.41172 0.19293
vt 0.36501 0.17517
vt 0.36801 0.16793
vt 0.35778 0.16793
vt 0.33404 0.47671
vt 0.33404 0.45546
vt 0.30965 0.45546
vt 0.30965 0.47671
vt 0.33404 0.41693
vt 0.30965 0.41693
vt 0.33404 0.40706
vt 0.30965 0.40706
vt 0.33404 0.39175
vt 0.30965 0.39175
vt 0.33404 0.38525
vt 0.30965 0.38525
vt 0.33441 0.37932
vt 0.33441 0.38518
vt 0.31007 0.38518
vt 0.31007 0.37932
vt 0.45596 0.47671
vt 0.45596 0.45546
vt 0.43157 0.45546
vt 0.43157 0.47671
vt 0.45596 0.41693
vt 0.43157 0.41693
vt 0.45596 0.40706
vt 0.43157 0.40706
vt 0.45596 0.39175
vt 0.43157 0.39175
vt 0.35778 0.17817
vt 0.35842 0.47671
vt 0.35842 0.45546
vt 0.35842 0.41693
vt 0.35842 0.40706
vt 0.35842 0.39175
vt 0.35842 0.38525
vt 0.35875 0.37932
vt 0.35875 0.38518
vt 0.45596 0.38525
vt 0.43157 0.38525
vt 0.45611 0.37932
vt 0.45611 0.38518
vt 0.43177 0.38518
vt 0.43177 0.37932
vt 0.36501 0.16069
vt 0.35778 0.15769
vt 0.48034 0.47671
vt 0.48034 0.45546
vt 0.35054 0.17517
vt 0.38281 0.47671
vt 0.38281 0.45546
vt 0.38281 0.41693
vt 0.38281 0.40706
vt 0.38281 0.39175
vt 0.38281 0.38525
vt 0.38309 0.37932
vt 0.38309 0.38518
vt 0.48034 0.41693
vt 0.48034 0.40706
vt 0.48034 0.39175
vt 0.48034 0.38525
vt 0.34754 0.16793
vt 0.40719 0.47671
vt 0.40719 0.45546
vt 0.40719 0.41693
vt 0.40719 0.40706
vt 0.40719 0.39175
vt 0.40719 0.38525
vt 0.40743 0.37932
vt 0.40743 0.38518
vt 0.48046 0.37932
vt 0.48046 0.38518
vt 0.50473 0.47671
vt 0.50473 0.45546
vt 0.50473 0.41693
vt 0.35054 0.16069
vt 0.50473 0.40706
vt 0.50473 0.39175
vt 0.50473 0.38525
vt 0.5048 0.37932
vt 0.5048 0.38518
vt 0.27314 0.47626
vt 0.3015 0.4479
vt 0.23303 0.37943
vt 0.20467 0.40779
vt 0.3015 0.40779
vt 0.27314 0.37943
vt 0.23303 0.47626
vt 0.20467 0.4479
vt 0.36424 0.17388
vt 0.3671 0.16698
vt 0.35734 0.16698
vt 0.3347 0.47637
vt 0.3347 0.46182
vt 0.31045 0.46182
vt 0.31045 0.47637
vt 0.3347 0.42908
vt 0.31045 0.42908
vt 0.3347 0.40219
vt 0.31045 0.40219
vt 0.3347 0.39524
vt 0.31045 0.39524
vt 0.3347 0.38482
vt 0.31045 0.38482
vt 0.33502 0.3792
vt 0.31077 0.3792
vt 0.45597 0.47637
vt 0.45597 0.46182
vt 0.43172 0.46182
vt 0.43172 0.47637
vt 0.45597 0.42908
vt 0.43172 0.42908
vt 0.45597 0.40219
vt 0.43172 0.40219
vt 0.45597 0.39524
vt 0.43172 0.39524
vt 0.35734 0.17674
vt 0.35896 0.47637
vt 0.35896 0.46182
vt 0.35896 0.42908
vt 0.35896 0.40219
vt 0.35896 0.39524
vt 0.35896 0.38482
vt 0.35927 0.3792
vt 0.45597 0.38482
vt 0.43172 0.38482
vt 0.45629 0.3792
vt 0.43204 0.3792
vt 0.36424 0.16008
vt 0.35734 0.15722
vt 0.48023 0.47637
vt 0.48023 0.46182
vt 0.35044 0.17388
vt 0.38321 0.47637
vt 0.38321 0.46182
vt 0.38321 0.42908
vt 0.38321 0.40219
vt 0.38321 0.39524
vt 0.38321 0.38482
vt 0.38353 0.3792
vt 0.48023 0.42908
vt 0.48023 0.40219
vt 0.48023 0.39524
vt 0.48023 0.38482
vt 0.34758 0.16698
vt 0.40747 0.47637
vt 0.40747 0.46182
vt 0.40747 0.42908
vt 0.40747 0.40219
vt 0.40747 0.39524
vt 0.40747 0.38482
vt 0.40778 0.3792
vt 0.48054 0.3792
vt 0.50448 0.47637
vt 0.50448 0.46182
vt 0.50448 0.42908
vt 0.35044 0.16008
vt 0.50448 0.40219
vt 0.50448 0.39524
vt 0.50448 0.38482
vt 0.5048 0.3792
vt 0.23291 0.57925
vt 0.27337 0.57925
vt 0.27337 0.48158
vt 0.23291 0.48158
vt 0.30198 0.55064
vt 0.30198 0.51018
vt 0.20431 0.51018
vt 0.20431 0.55064
vt 0.08275 0.47856
vt 0.06311 0.47856
vt 0.08388 0.50199
vt 0.08275 0.4414
vt 0.06311 0.4414
vt 0.08275 0.41562
vt 0.06311 0.41562
vt 0.08252 0.40277
vt 0.06288 0.40277
vt 0.08252 0.39577
vt 0.06288 0.39577
vt 0.08275 0.38873
vt 0.06311 0.38873
vt 0.08275 0.38376
vt 0.06311 0.38376
vt 0.08275 0.37508
vt 0.06311 0.37508
vt 0.08002 0.50464
vt 0.08002 0.51163
vt 0.06288 0.51163
vt 0.06288 0.50464
vt 0.08002 0.52276
vt 0.06288 0.52276
vt 0.08002 0.5371
vt 0.06288 0.5371
vt 0.08002 0.55294
vt 0.06288 0.55294
vt 0.08002 0.57023
vt 0.06288 0.57023
vt 0.081 0.58993
vt 0.1024 0.47856
vt 0.10127 0.50199
vt 0.1024 0.4414
vt 0.1024 0.41562
vt 0.10217 0.40277
vt 0.10217 0.39577
vt 0.1024 0.38873
vt 0.1024 0.38376
vt 0.10337 0.37573
vt 0.09717 0.50464
vt 0.09717 0.51163
vt 0.09717 0.52276
vt 0.09717 0.5371
vt 0.09717 0.55294
vt 0.09717 0.57023
vt 0.09619 0.58993
vt 0.12204 0.47856
vt 0.12204 0.50199
vt 0.12204 0.4414
vt 0.12204 0.41562
vt 0.12181 0.40277
vt 0.12181 0.39577
vt 0.12204 0.38873
vt 0.12204 0.38376
vt 0.12204 0.37508
vt 0.11432 0.50464
vt 0.11432 0.51163
vt 0.11432 0.52276
vt 0.11432 0.5371
vt 0.11432 0.55294
vt 0.11432 0.57023
vt 0.11432 0.58993
vt 0.14169 0.47856
vt 0.14281 0.50199
vt 0.14169 0.4414
vt 0.14169 0.41562
vt 0.14145 0.40277
vt 0.14145 0.39577
vt 0.14169 0.38873
vt 0.14169 0.38376
vt 0.14169 0.37508
vt 0.13146 0.50464
vt 0.13146 0.51163
vt 0.13146 0.52276
vt 0.13146 0.5371
vt 0.13146 0.55294
vt 0.13146 0.57023
vt 0.13244 0.58993
vt 0.16133 0.47856
vt 0.16021 0.50199
vt 0.16133 0.4414
vt 0.16133 0.41562
vt 0.1611 0.40277
vt 0.1611 0.39577
vt 0.16133 0.38873
vt 0.16133 0.38376
vt 0.16133 0.37508
vt 0.14861 0.50464
vt 0.14861 0.51163
vt 0.14861 0.52276
vt 0.14861 0.5371
vt 0.14861 0.55294
vt 0.14861 0.57023
vt 0.14762 0.58993
vt 0.18098 0.47856
vt 0.18098 0.50199
vt 0.18098 0.4414
vt 0.18098 0.41562
vt 0.18075 0.40277
vt 0.18075 0.39577
vt 0.18098 0.38873
vt 0.18098 0.38376
vt 0.18098 0.37508
vt 0.16575 0.50464
vt 0.16575 0.51163
vt 0.16575 0.52276
vt 0.16575 0.5371
vt 0.16575 0.55294
vt 0.16575 0.57023
vt 0.16575 0.58993
vt 0.44752 0.17835
vt 0.44752 0.16338
vt 0.43725 0.16338
vt 0.43725 0.17835
vt 0.45613 0.17835
vt 0.45613 0.16338
vt 0.4664 0.17835
vt 0.4664 0.16338
vt 0.47667 0.17835
vt 0.47667 0.16338
vt 0.48527 0.17835
vt 0.48527 0.16338
vt 0.49554 0.17835
vt 0.49554 0.16338
vt 0.44752 0.18584
vt 0.43725 0.15589
vt 0.45613 0.18584
vt 0.44752 0.15589
vt 0.4664 0.18584
vt 0.45613 0.15589
vt 0.47667 0.18584
vt 0.4664 0.15589
vt 0.48527 0.18584
vt 0.47667 0.15589
vt 0.49554 0.18584
vt 0.48527 0.15589
vt 0.38398 0.17856
vt 0.38398 0.16345
vt 0.37371 0.16345
vt 0.37371 0.17856
vt 0.39258 0.17856
vt 0.39258 0.16345
vt 0.40286 0.17856
vt 0.40286 0.16345
vt 0.41313 0.17856
vt 0.41313 0.16345
vt 0.42173 0.17856
vt 0.42173 0.16345
vt 0.432 0.17856
vt 0.432 0.16345
vt 0.38398 0.18611
vt 0.37371 0.1559
vt 0.39258 0.18611
vt 0.38398 0.1559
vt 0.40286 0.18611
vt 0.39258 0.1559
vt 0.41313 0.18611
vt 0.40286 0.1559
vt 0.42173 0.18611
vt 0.41313 0.1559
vt 0.432 0.18611
vt 0.42173 0.1559
vt 0.36264 0.14399
vt 0.42959 0.14408
vt 0.42898 0.05596
vt 0.36188 0.05553
vt 0.49974 0.14418
vt 0.4991 0.05608
vt 0.25955 0.05544
vt 0.25953 0.04343
vt 0.15805 0.04334
vt 0.15722 0.05535
vt 0.19701 0.1672
vt 0.30028 0.1672
vt 0.30028 0.26108
vt 0.19701 0.26108
vt 0.19819 0.35854
vt 0.30218 0.35854
vt 0.30218 0.26557
vt 0.19819 0.26557
vt 0.49962 0.03715
vt 0.49962 0.02497
vt 0.45407 0.02503
vt 0.45408 0.03721
vt 0.42705 0.04357
vt 0.361 0.04352
vt 0.49756 0.04371
vt 0.19702 0.15781
vt 0.30028 0.15781
vt 0.05838 0.03726
vt 0.11738 0.03731
vt 0.11738 0.02512
vt 0.05838 0.02507
vt 0.41572 0.03726
vt 0.41572 0.02508
vt 0.25977 0.14385
vt 0.03742 0.1672
vt 0.03826 0.15781
vt 0.09375 0.15781
vt 0.09375 0.1672
vt 0.35661 0.1672
vt 0.366 0.26109
vt 0.36835 0.3446
vt 0.36835 0.26557
vt 0.35577 0.15782
vt 0.02083 0.02503
vt 0.02083 0.03723
vt 0.35678 0.02514
vt 0.35678 0.03732
vt 0.09013 0.05565
vt 0.08994 0.1436
vt 0.15689 0.1437
vt 0.02001 0.05563
vt 0.0198 0.1435
vt 0.2139 0.03736
vt 0.2139 0.02517
vt 0.17637 0.02516
vt 0.17637 0.03735
vt 0.09374 0.26108
vt 0.0942 0.26557
vt 0.0942 0.35854
vt 0.25947 0.02518
vt 0.25947 0.03736
vt 0.092 0.04329
vt 0.02149 0.04329
vt 0.29783 0.03735
vt 0.29783 0.02517
vt 0.02803 0.26108
vt 0.02803 0.26557
vt 0.02803 0.3446
vt 0.33483 0.48219
vt 0.33483 0.49282
vt 0.3106 0.49282
vt 0.3106 0.48219
vt 0.50445 0.48219
vt 0.50445 0.49282
vt 0.48022 0.49282
vt 0.48022 0.48219
vt 0.50445 0.50136
vt 0.48022 0.50136
vt 0.50445 0.50603
vt 0.48022 0.50603
vt 0.50445 0.52309
vt 0.48022 0.52309
vt 0.50445 0.54579
vt 0.48022 0.54579
vt 0.50445 0.56371
vt 0.48022 0.56371
vt 0.50445 0.57923
vt 0.48022 0.57923
vt 0.35906 0.49282
vt 0.35906 0.50136
vt 0.33483 0.50136
vt 0.3106 0.50136
vt 0.45599 0.49282
vt 0.45599 0.48219
vt 0.45599 0.50136
vt 0.45599 0.50603
vt 0.45599 0.52309
vt 0.45599 0.54579
vt 0.45599 0.56371
vt 0.45599 0.57923
vt 0.35906 0.50603
vt 0.33483 0.50603
vt 0.3106 0.50603
vt 0.43176 0.49282
vt 0.43176 0.48219
vt 0.43176 0.50136
vt 0.43176 0.50603
vt 0.43176 0.52309
vt 0.43176 0.54579
vt 0.43176 0.56371
vt 0.43176 0.57923
vt 0.35906 0.52309
vt 0.33483 0.52309
vt 0.3106 0.52309
vt 0.40752 0.49282
vt 0.40752 0.48219
vt 0.40752 0.50136
vt 0.40752 0.50603
vt 0.40752 0.52309
vt 0.40752 0.54579
vt 0.40752 0.56371
vt 0.40752 0.57923
vt 0.35906 0.54579
vt 0.33483 0.54579
vt 0.3106 0.54579
vt 0.38329 0.49282
vt 0.38329 0.48219
vt 0.38329 0.50136
vt 0.38329 0.50603
vt 0.38329 0.52309
vt 0.38329 0.54579
vt 0.38329 0.56371
vt 0.38329 0.57923
vt 0.35906 0.56371
vt 0.33483 0.56371
vt 0.3106 0.56371
vt 0.35906 0.48219
vt 0.35906 0.57923
vt 0.33483 0.57923
vt 0.3106 0.57923
vt 0.47455 0.19115
vt 0.46746 0.19115
vt 0.46746 0.20824
vt 0.47455 0.20824
vt 0.47955 0.20323
vt 0.47955 0.19615
vt 0.46246 0.19615
vt 0.46246 0.20323
vt 0.45423 0.36563
vt 0.47391 0.36563
vt 0.47391 0.31812
vt 0.45423 0.31812
vt 0.48782 0.35172
vt 0.48782 0.33204
vt 0.44031 0.33204
vt 0.44031 0.35172
vt 0.17412 0.83113
vt 0.1927 0.79154
vt 0.16809 0.78659
vt 0.14879 0.82967
vt 0.26147 0.84299
vt 0.27633 0.79616
vt 0.38223 0.85044
vt 0.39176 0.81094
vt 0.51323 0.86179
vt 0.51309 0.81897
vt 0.6413 0.85316
vt 0.63016 0.81341
vt 0.76294 0.83454
vt 0.74781 0.79137
vt 0.83508 0.82273
vt 0.82467 0.79364
vt 0.85936 0.81261
vt 0.84946 0.78416
vt 0.21326 0.72708
vt 0.19197 0.72221
vt 0.30141 0.7322
vt 0.40428 0.74213
vt 0.51238 0.74766
vt 0.61638 0.7441
vt 0.72137 0.73061
vt 0.80572 0.72829
vt 0.83108 0.72539
vt 0.23368 0.65788
vt 0.21738 0.65375
vt 0.31746 0.66061
vt 0.41271 0.6712
vt 0.51186 0.67547
vt 0.60719 0.67281
vt 0.70467 0.66112
vt 0.78834 0.66339
vt 0.81056 0.65725
vt 0.25187 0.60187
vt 0.23638 0.60186
vt 0.32825 0.60191
vt 0.41812 0.60196
vt 0.51156 0.60201
vt 0.60192 0.60205
vt 0.69268 0.6021
vt 0.77029 0.60214
vt 0.79165 0.60215
vt 0.14566 0.84114
vt 0.14474 0.84701
vt 0.16923 0.84909
vt 0.17087 0.84294
vt 0.26612 0.90188
vt 0.26145 0.86315
vt 0.39379 0.94635
vt 0.3858 0.89378
vt 0.53127 0.98197
vt 0.5292 0.91848
vt 0.63407 0.98445
vt 0.64148 0.91516
vt 0.76785 0.88669
vt 0.76156 0.85018
vt 0.84416 0.83485
vt 0.83956 0.83102
vt 0.86559 0.82771
vt 0.86327 0.82256
vt 0.15679 0.77667
vt 0.1385 0.81521
vt 0.13666 0.82704
vt 0.17939 0.71175
vt 0.13635 0.83319
vt 0.20203 0.64313
vt 0.21611 0.60186
vt 0.05402 0.74172
vt 0.09553 0.78989
vt 0.10941 0.81395
vt 0.03297 0.66728
vt 0.10949 0.82655
vt 0.05023 0.62203
vt 0.08996 0.60179
vt 0.86639 0.79996
vt 0.85874 0.77795
vt 0.84315 0.71726
vt 0.86932 0.81033
vt 0.8257 0.64765
vt 0.87088 0.81578
vt 0.80825 0.60216
vt 0.90671 0.76826
vt 0.9357 0.74622
vt 0.96497 0.69344
vt 0.88917 0.79022
vt 0.95488 0.63203
vt 0.88687 0.80343
vt 0.92936 0.60362
vt 0.45254 0.20952
vt 0.45254 0.20305
vt 0.44922 0.20305
vt 0.44922 0.20952
vt 0.52703 0.57983
vt 0.52702 0.57496
vt 0.51125 0.57496
vt 0.51125 0.57983
vt 0.52706 0.56574
vt 0.51126 0.56574
vt 0.52706 0.55007
vt 0.51153 0.54801
vt 0.52705 0.53593
vt 0.51105 0.53736
vt 0.52699 0.52881
vt 0.51123 0.52881
vt 0.52699 0.49101
vt 0.51123 0.49101
vt 0.52703 0.48586
vt 0.51125 0.48586
vt 0.52703 0.48128
vt 0.51125 0.48128
vt 0.56257 0.50352
vt 0.57658 0.49947
vt 0.57188 0.52854
vt 0.58745 0.51839
vt 0.58076 0.51645
vt 0.57328 0.52327
vt 0.54288 0.57983
vt 0.54287 0.57496
vt 0.5429 0.56574
vt 0.54291 0.55007
vt 0.5429 0.53593
vt 0.54284 0.52881
vt 0.54284 0.49101
vt 0.54288 0.48586
vt 0.54288 0.48128
vt 0.56889 0.50663
vt 0.57538 0.50452
vt 0.45254 0.19989
vt 0.45254 0.19374
vt 0.44922 0.19374
vt 0.44922 0.19989
vt 0.55874 0.57983
vt 0.55873 0.57496
vt 0.55875 0.56574
vt 0.55875 0.55007
vt 0.55875 0.53593
vt 0.55872 0.52881
vt 0.55872 0.49101
vt 0.55874 0.48586
vt 0.55874 0.48128
vt 0.44922 0.19174
vt 0.44922 0.19392
vt 0.45254 0.19392
vt 0.45254 0.19174
vt 0.56053 0.51055
vt 0.56736 0.51311
vt 0.57458 0.57983
vt 0.57458 0.57496
vt 0.57457 0.56574
vt 0.57457 0.55007
vt 0.57457 0.53593
vt 0.57459 0.52881
vt 0.57459 0.49101
vt 0.57458 0.48586
vt 0.57458 0.48128
vt 0.5896 0.50668
vt 0.58168 0.50683
vt 0.59044 0.57983
vt 0.59045 0.57496
vt 0.59041 0.56574
vt 0.59041 0.55007
vt 0.59042 0.53593
vt 0.59047 0.52881
vt 0.59047 0.49101
vt 0.59044 0.48586
vt 0.59044 0.48128
vt 0.60629 0.57983
vt 0.6063 0.57496
vt 0.60626 0.56574
vt 0.60626 0.55007
vt 0.60626 0.53593
vt 0.60632 0.52881
vt 0.60632 0.49101
vt 0.60629 0.48586
vt 0.60629 0.48128
vt 0.62207 0.57983
vt 0.62207 0.57496
vt 0.62206 0.56574
vt 0.62179 0.54801
vt 0.62227 0.53736
vt 0.62208 0.52881
vt 0.62208 0.49101
vt 0.62207 0.48586
vt 0.62207 0.48128
vt 0.6378 0.57983
vt 0.6378 0.57496
vt 0.63781 0.56574
vt 0.63808 0.54801
vt 0.6376 0.53736
vt 0.63779 0.52881
vt 0.63779 0.49101
vt 0.6378 0.48586
vt 0.6378 0.48128
vt 0.63196 0.55859
vt 0.62791 0.55859
vt 0.638 0.54807
vt 0.63178 0.55066
vt 0.63188 0.55865
vt 0.63774 0.5658
vt 0.62801 0.5506
vt 0.63185 0.5506
vt 0.6324 0.5352
vt 0.62747 0.5352
vt 0.63771 0.52887
vt 0.63351 0.53137
vt 0.63232 0.53526
vt 0.63753 0.53742
vt 0.62628 0.53131
vt 0.63359 0.53131
vt 0.38662 0.33218
vt 0.38662 0.35179
vt 0.43394 0.35179
vt 0.43394 0.33218
vt 0.40048 0.36565
vt 0.42008 0.36565
vt 0.40048 0.31832
vt 0.42008 0.31832
vt 0.45992 0.20446
vt 0.45992 0.19694
vt 0.44178 0.19694
vt 0.44178 0.20446
vt 0.45461 0.19163
vt 0.44709 0.19163
vt 0.45461 0.20977
vt 0.44709 0.20977
vt 0.37752 0.21337
vt 0.37478 0.21052
vt 0.37337 0.21052
vt 0.37585 0.21337
vt 0.38012 0.21337
vt 0.37779 0.21052
vt 0.38269 0.21337
vt 0.38073 0.21052
vt 0.37567 0.20766
vt 0.37414 0.20766
vt 0.37878 0.20766
vt 0.38212 0.20766
vt 0.37498 0.2048
vt 0.37317 0.2048
vt 0.37804 0.2048
vt 0.38106 0.2048
vt 0.3754 0.20232
vt 0.3751 0.20126
vt 0.3778 0.20309
vt 0.38096 0.20288
vt 0.37878 0.19948
vt 0.37818 0.19869
vt 0.37981 0.20028
vt 0.3817 0.20003
vt 0.37857 0.19693
vt 0.37703 0.19693
vt 0.37989 0.19693
vt 0.38176 0.19693
vt 0.38065 0.19337
vt 0.37919 0.19337
vt 0.38151 0.19337
vt 0.38283 0.19444
vt 0.38276 0.19092
vt 0.38236 0.19092
vt 0.38366 0.19092
vt 0.38453 0.19092
vt 0.38513 0.21337
vt 0.38356 0.21052
vt 0.38752 0.21337
vt 0.38632 0.21052
vt 0.38898 0.21337
vt 0.3875 0.21052
vt 0.38474 0.20766
vt 0.3876 0.20766
vt 0.38888 0.20766
vt 0.38389 0.20507
vt 0.38521 0.20402
vt 0.38664 0.20386
vt 0.38397 0.20282
vt 0.38477 0.20222
vt 0.38601 0.20194
vt 0.38381 0.20111
vt 0.38661 0.20111
vt 0.38719 0.20003
vt 0.3839 0.19693
vt 0.38679 0.19697
vt 0.38857 0.19693
vt 0.38473 0.19242
vt 0.38666 0.19245
vt 0.38803 0.19352
vt 0.38538 0.19092
vt 0.38621 0.19092
vt 0.38653 0.19092
vt 0.40233 0.21272
vt 0.40113 0.20995
vt 0.4025 0.20995
vt 0.40394 0.21272
vt 0.3998 0.21272
vt 0.39821 0.20995
vt 0.39731 0.21272
vt 0.39536 0.20995
vt 0.40236 0.20718
vt 0.40384 0.20718
vt 0.39935 0.20718
vt 0.3948 0.20718
vt 0.40153 0.2044
vt 0.40329 0.2044
vt 0.39856 0.2044
vt 0.39564 0.2044
vt 0.40126 0.20274
vt 0.40268 0.20254
vt 0.39893 0.20199
vt 0.39699 0.20096
vt 0.40163 0.20001
vt 0.40221 0.19977
vt 0.39963 0.19924
vt 0.39768 0.19847
vt 0.4024 0.19677
vt 0.40354 0.19677
vt 0.40012 0.19677
vt 0.39727 0.19677
vt 0.40277 0.19331
vt 0.40354 0.1939
vt 0.40093 0.19331
vt 0.3985 0.19331
vt 0.40118 0.19093
vt 0.40157 0.19093
vt 0.40031 0.19093
vt 0.39946 0.19093
vt 0.39494 0.21272
vt 0.39261 0.20995
vt 0.39262 0.21272
vt 0.38993 0.20995
vt 0.3912 0.21272
vt 0.38879 0.20995
vt 0.39356 0.20718
vt 0.39078 0.20718
vt 0.38954 0.20718
vt 0.39285 0.2044
vt 0.39012 0.2044
vt 0.3886 0.2044
vt 0.39437 0.20077
vt 0.39165 0.20077
vt 0.39047 0.20096
vt 0.39544 0.19819
vt 0.39358 0.19819
vt 0.39346 0.19847
vt 0.39511 0.19677
vt 0.39302 0.19677
vt 0.39234 0.19677
vt 0.39676 0.19331
vt 0.39507 0.19331
vt 0.39445 0.19331
vt 0.39864 0.19093
vt 0.39783 0.19093
vt 0.39752 0.19093
vt 0.40002 0.17478
vt 0.40002 0.16958
vt 0.39437 0.16958
vt 0.39602 0.17326
vt 0.40567 0.17478
vt 0.40567 0.16958
vt 0.40967 0.17326
vt 0.41132 0.16958
vt 0.40002 0.16438
vt 0.39437 0.16438
vt 0.40567 0.16438
vt 0.41132 0.16438
vt 0.40002 0.15918
vt 0.39602 0.1607
vt 0.40567 0.15918
vt 0.40967 0.1607
vt 0.44762 0.20964
vt 0.44611 0.20444
vt 0.44119 0.20373
vt 0.4424 0.20854
vt 0.45405 0.20964
vt 0.45408 0.20444
vt 0.45928 0.20854
vt 0.46049 0.20373
vt 0.44611 0.1971
vt 0.44119 0.19781
vt 0.45408 0.1971
vt 0.46049 0.19781
vt 0.44762 0.1919
vt 0.4424 0.19301
vt 0.45405 0.1919
vt 0.45928 0.19301
vt 0.58041 0.35886
vt 0.58067 0.34186
vt 0.56494 0.34196
vt 0.56596 0.35892
vt 0.63405 0.14607
vt 0.64089 0.01944
vt 0.62208 0.01585
vt 0.61727 0.14565
vt 0.6695 0.22568
vt 0.66805 0.13907
vt 0.67947 0.13501
vt 0.68097 0.2265
vt 0.69085 0.13547
vt 0.69255 0.22761
vt 0.75748 0.33955
vt 0.75222 0.22516
vt 0.76332 0.22485
vt 0.76902 0.33926
vt 0.70604 0.22869
vt 0.70359 0.14237
vt 0.71382 0.14227
vt 0.7167 0.22855
vt 0.60049 0.14523
vt 0.60508 0.0246
vt 0.58559 0.02451
vt 0.58371 0.14481
vt 0.53337 0.14354
vt 0.53273 0.02894
vt 0.51377 0.02888
vt 0.51658 0.14312
vt 0.74903 0.13844
vt 0.75997 0.1382
vt 0.55155 0.35899
vt 0.54921 0.34207
vt 0.53707 0.34186
vt 0.53715 0.35906
vt 0.74067 0.22614
vt 0.73725 0.13459
vt 0.60926 0.35873
vt 0.61214 0.34165
vt 0.59641 0.34175
vt 0.59485 0.35879
vt 0.56692 0.14438
vt 0.56893 0.01556
vt 0.55027 0.01781
vt 0.55014 0.14396
vt 0.72464 0.13533
vt 0.7282 0.22757
vt 0.58009 0.32369
vt 0.56599 0.32334
vt 0.60616 0.44643
vt 0.61897 0.4464
vt 0.62367 0.35866
vt 0.7449 0.33992
vt 0.58054 0.44649
vt 0.59335 0.44646
vt 0.5227 0.35912
vt 0.5293 0.44662
vt 0.54211 0.44659
vt 0.5519 0.32298
vt 0.53515 0.32255
vt 0.60828 0.32441
vt 0.59418 0.32405
vt 0.55492 0.44656
vt 0.56773 0.44653
vt 0.61377 0.23979
vt 0.62535 0.32484
vt 0.62958 0.24019
vt 0.58215 0.23899
vt 0.59796 0.23939
vt 0.51891 0.23739
vt 0.521 0.32219
vt 0.53472 0.23779
vt 0.55053 0.23819
vt 0.56634 0.23859
vt 0.64539 0.24059
vt 0.65083 0.14649
vt 0.65741 0.03248
vt 0.63178 0.44637
vt 0.63811 0.35859
vt 0.626 0.34184
vt 0.71907 0.34149
vt 0.73111 0.3411
vt 0.64051 0.32522
vt 0.66176 0.41013
vt 0.66685 0.39483
vt 0.67859 0.39525
vt 0.67622 0.41471
vt 0.69166 0.39498
vt 0.70013 0.41147
vt 0.70771 0.40557
vt 0.7072 0.39629
vt 0.72034 0.39641
vt 0.72018 0.40013
vt 0.76617 0.41464
vt 0.76246 0.39527
vt 0.77374 0.39449
vt 0.77934 0.40947
vt 0.74405 0.413
vt 0.74924 0.39513
vt 0.7342 0.3957
vt 0.7331 0.40377
vt 0.6701 0.34003
vt 0.68197 0.34055
vt 0.69425 0.34089
vt 0.7083 0.34193
vt 0.93988 0.08482
vt 0.97856 0.08733
vt 0.97914 0.07258
vt 0.93987 0.07565
vt 0.97969 0.05871
vt 0.93244 0.06743
vt 0.93187 0.09564
vt 0.97799 0.10154
vt 0.98026 0.0442
vt 0.93433 0.05327
vt 0.93223 0.11251
vt 0.97742 0.11606
vt 0.98083 0.02985
vt 0.94502 0.03429
vt 0.93865 0.13007
vt 0.97585 0.13024
vt 0.98125 0.01556
vt 0.9442 0.01607
vt 0.79581 0.13478
vt 0.7837 0.14904
vt 0.78416 0.16779
vt 0.79511 0.18216
vt 0.81455 0.182
vt 0.82497 0.16673
vt 0.82543 0.14796
vt 0.81391 0.13459
vt 0.91251 0.11346
vt 0.90899 0.12992
vt 0.91693 0.03594
vt 0.91706 0.05158
vt 0.91428 0.09583
vt 0.9171 0.0677
vt 0.91468 0.01647
vt 0.68394 0.09555
vt 0.68118 0.11393
vt 0.6918 0.11629
vt 0.69553 0.0994
vt 0.7032 0.0573
vt 0.70145 0.04196
vt 0.69064 0.04373
vt 0.69211 0.05848
vt 0.67185 0.1288
vt 0.69509 0.12891
vt 0.70604 0.03015
vt 0.68159 0.03248
vt 0.70168 0.01937
vt 0.67854 0.01968
vt 0.90112 0.07581
vt 0.71086 0.07229
vt 0.71013 0.0839
vt 0.90042 0.08877
vt 0.67955 0.08014
vt 0.66234 0.08124
vt 0.66219 0.0907
vt 0.66189 0.10951
vt 0.68457 0.06912
vt 0.6625 0.07119
vt 0.66176 0.12934
vt 0.66266 0.06064
vt 0.6633 0.02033
vt 0.66311 0.03239
vt 0.66296 0.04182
vt 0.80187 0.18651
vt 0.80765 0.19172
vt 0.80751 0.20533
vt 0.80134 0.21046
vt 0.79141 0.21046
vt 0.78995 0.18651
vt 0.7837 0.20533
vt 0.78394 0.19172
usemtl mat0
f 18/18/2 19/19/3 20/20/4
f 21/21/2 22/22/5 23/23/6
f 21/21/2 23/23/6 24/24/3
f 22/22/7 25/25/8 26/26/9
f 22/22/7 26/26/9 23/23/10
f 25/25/8 27/27/11 28/28/12
f 25/25/8 28/28/12 26/26/9
f 27/27/13 29/29/14 30/30/15
f 27/27/13 30/30/15 28/28/16
f 29/29/17 31/31/18 32/32/19
f 29/29/17 32/32/19 30/30/20
f 33/33/21 34/34/22 35/35/23
f 33/33/21 35/35/23 36/36/24
f 37/37/25 38/38/26 39/39/27
f 37/37/25 39/39/27 40/40/28
f 41/41/29 42/42/30 20/20/4
f 43/43/29 44/44/31 45/45/32
f 43/43/29 45/45/32 46/46/30
f 44/44/33 47/47/34 48/48/35
f 44/44/33 48/48/35 45/45/36
f 49/49/37 18/18/2 20/20/4
f 50/50/37 51/51/38 52/52/5
f 50/50/37 52/52/5 53/53/2
f 51/51/39 54/54/40 55/55/8
f 51/51/39 55/55/8 52/52/7
f 54/54/40 56/56/41 57/57/11
f 54/54/40 57/57/11 55/55/8
f 56/56/42 58/58/43 59/59/14
f 56/56/42 59/59/14 57/57/13
f 58/58/44 60/60/45 61/61/18
f 58/58/44 61/61/18 59/59/17
f 62/62/46 63/63/47 64/64/22
f 62/62/46 64/64/22 65/65/21
f 47/47/34 66/66/48 67/67/49
f 47/47/34 67/67/49 48/48/35
f 66/66/50 68/68/51 69/69/52
f 66/66/50 69/69/52 67/67/53
f 68/68/54 70/70/55 71/71/56
f 68/68/54 71/71/56 69/69/57
f 72/72/58 73/73/59 74/74/60
f 72/72/58 74/74/60 75/75/61
f 76/76/62 49/49/37 20/20/4
f 77/77/62 78/78/63 51/51/38
f 77/77/62 51/51/38 50/50/37
f 78/78/64 79/79/65 54/54/40
f 78/78/64 54/54/40 51/51/39
f 79/79/65 80/80/66 56/56/41
f 79/79/65 56/56/41 54/54/40
f 80/80/67 81/81/68 58/58/43
f 80/80/67 58/58/43 56/56/42
f 81/81/69 82/82/70 60/60/45
f 81/81/69 60/60/45 58/58/44
f 83/83/71 84/84/72 63/63/47
f 83/83/71 63/63/47 62/62/46
f 85/85/73 86/86/74 87/87/75
f 85/85/73 87/87/75 88/88/76
f 89/89/77 90/90/78 91/91/79
f 89/89/77 91/91/79 92/92/80
f 19/19/3 41/41/29 20/20/4
f 24/24/3 23/23/6 44/44/31
f 24/24/3 44/44/31 43/43/29
f 93/93/81 76/76/62 20/20/4
f 94/94/81 95/95/82 78/78/63
f 94/94/81 78/78/63 77/77/62
f 95/95/83 96/96/84 79/79/65
f 95/95/83 79/79/65 78/78/64
f 96/96/84 97/97/85 80/80/66
f 96/96/84 80/80/66 79/79/65
f 97/97/86 98/98/87 81/81/68
f 97/97/86 81/81/68 80/80/67
f 98/98/88 99/99/89 82/82/70
f 98/98/88 82/82/70 81/81/69
f 100/100/90 101/101/91 84/84/72
f 100/100/90 84/84/72 83/83/71
f 23/23/10 26/26/9 47/47/34
f 23/23/10 47/47/34 44/44/33
f 26/26/9 28/28/12 66/66/48
f 26/26/9 66/66/48 47/47/34
f 28/28/16 30/30/15 68/68/51
f 28/28/16 68/68/51 66/66/50
f 30/30/20 32/32/19 70/70/55
f 30/30/20 70/70/55 68/68/54
f 102/102/92 93/93/81 20/20/4
f 103/103/92 104/104/93 95/95/82
f 103/103/92 95/95/82 94/94/81
f 104/104/94 105/105/95 96/96/84
f 104/104/94 96/96/84 95/95/83
f 105/105/95 106/106/96 97/97/85
f 105/105/95 97/97/85 96/96/84
f 106/106/97 107/107/98 98/98/87
f 106/106/97 98/98/87 97/97/86
f 107/107/99 108/108/100 99/99/89
f 107/107/99 99/99/89 98/98/88
f 109/109/101 110/110/102 101/101/91
f 109/109/101 101/101/91 100/100/90
f 111/111/103 112/112/104 113/113/105
f 111/111/103 113/113/105 114/114/106
f 36/36/24 35/35/23 73/73/59
f 36/36/24 73/73/59 72/72/58
f 115/115/26 116/116/25 88/88/76
f 115/115/26 88/88/76 87/87/75
f 86/86/74 85/85/73 114/114/106
f 86/86/74 114/114/106 113/113/105
f 42/42/30 102/102/92 20/20/4
f 46/46/30 45/45/32 104/104/93
f 46/46/30 104/104/93 103/103/92
f 45/45/36 48/48/35 105/105/95
f 45/45/36 105/105/95 104/104/94
f 48/48/35 67/67/49 106/106/96
f 48/48/35 106/106/96 105/105/95
f 67/67/53 69/69/52 107/107/98
f 67/67/53 107/107/98 106/106/97
f 69/69/57 71/71/56 108/108/100
f 69/69/57 108/108/100 107/107/99
f 75/75/61 74/74/60 110/110/102
f 75/75/61 110/110/102 109/109/101
f 112/112/104 111/111/103 92/92/80
f 112/112/104 92/92/80 91/91/79
f 90/90/78 89/89/77 40/40/28
f 90/90/78 40/40/28 39/39/27
f 117/117/107 118/117/107 119/118/107
f 117/117/107 119/118/107 120/118/107
f 121/119/108 122/120/108 123/121/108
f 121/119/108 123/121/108 124/122/109
f 125/123/108 126/124/108 127/125/108
f 125/123/108 127/125/108 128/126/108
f 128/126/108 129/127/109 130/128/108
f 128/126/108 130/128/108 125/123/108
f 121/119/108 131/129/108 129/127/109
f 121/119/108 129/127/109 128/126/108
f 124/122/109 132/130/108 131/129/108
f 124/122/109 131/129/108 121/119/108
f 125/123/108 130/128/108 132/130/108
f 125/123/108 132/130/108 124/122/109
f 133/131/110 134/132/111 135/133/112
f 133/131/110 135/133/112 136/134/113
f 137/131/114 138/132/115 134/132/114
f 137/131/114 134/132/114 133/131/116
f 139/134/117 140/133/118 138/132/119
f 139/134/117 138/132/119 137/131/120
f 136/134/121 135/133/122 140/133/123
f 136/134/121 140/133/123 139/134/124
f 134/132/111 141/135/125 142/136/126
f 134/132/111 142/136/126 135/133/112
f 138/132/127 143/135/128 141/135/127
f 138/132/127 141/135/127 134/132/129
f 140/133/118 144/136/130 143/135/131
f 140/133/118 143/135/131 138/132/119
f 135/133/122 142/136/132 144/136/133
f 135/133/122 144/136/133 140/133/123
f 141/135/125 145/137/134 146/138/135
f 141/135/125 146/138/135 142/136/126
f 143/135/136 147/137/137 145/137/136
f 143/135/136 145/137/136 141/135/136
f 144/136/130 148/138/138 147/137/139
f 144/136/130 147/137/139 143/135/131
f 142/136/140 146/138/141 148/138/140
f 142/136/140 148/138/140 144/136/142
f 145/137/134 149/139/143 150/140/144
f 145/137/134 150/140/144 146/138/135
f 147/137/145 151/139/146 149/139/145
f 147/137/145 149/139/145 145/137/147
f 148/138/138 152/140/148 151/139/149
f 148/138/138 151/139/149 147/137/139
f 146/138/150 150/140/151 152/140/152
f 146/138/150 152/140/152 148/138/150
f 149/139/143 153/141/153 154/142/154
f 149/139/143 154/142/154 150/140/144
f 151/139/155 155/141/156 153/141/155
f 151/139/155 153/141/155 149/139/157
f 152/140/148 156/142/158 155/141/159
f 152/140/148 155/141/159 151/139/149
f 150/140/151 154/142/160 156/142/161
f 150/140/151 156/142/161 152/140/152
f 153/141/153 117/117/162 120/118/163
f 153/141/153 120/118/163 154/142/154
f 155/141/164 118/117/164 117/117/164
f 155/141/164 117/117/164 153/141/164
f 156/142/158 119/118/165 118/117/166
f 156/142/158 118/117/166 155/141/159
f 154/142/160 120/118/167 119/118/168
f 154/142/160 119/118/168 156/142/161
f 157/143/169 158/144/170 159/145/4
f 160/146/169 161/147/171 162/148/172
f 160/146/169 162/148/172 163/149/170
f 161/147/171 164/150/173 165/151/174
f 161/147/171 165/151/174 162/148/172
f 164/150/173 166/152/175 167/153/176
f 164/150/173 167/153/176 165/151/174
f 166/152/175 168/154/177 169/155/178
f 166/152/175 169/155/178 167/153/176
f 168/154/177 170/156/179 171/157/180
f 168/154/177 171/157/180 169/155/178
f 172/158/181 173/159/182 174/160/183
f 172/158/181 174/160/183 175/161/184
f 176/162/185 177/163/186 178/164/187
f 176/162/185 178/164/187 179/165/188
f 177/163/186 180/166/189 181/167/190
f 177/163/186 181/167/190 178/164/187
f 180/166/189 182/168/191 183/169/192
f 180/166/189 183/169/192 181/167/190
f 182/168/191 184/170/193 185/171/194
f 182/168/191 185/171/194 183/169/192
f 186/172/195 157/143/169 159/145/4
f 187/173/195 188/174/196 161/147/171
f 187/173/195 161/147/171 160/146/169
f 188/174/196 189/175/197 164/150/173
f 188/174/196 164/150/173 161/147/171
f 189/175/197 190/176/198 166/152/175
f 189/175/197 166/152/175 164/150/173
f 190/176/198 191/177/199 168/154/177
f 190/176/198 168/154/177 166/152/175
f 191/177/199 192/178/200 170/156/179
f 191/177/199 170/156/179 168/154/177
f 193/179/201 194/180/202 173/159/182
f 193/179/201 173/159/182 172/158/181
f 184/170/193 195/181/203 196/182/204
f 184/170/193 196/182/204 185/171/194
f 197/183/205 198/184/206 199/185/207
f 197/183/205 199/185/207 200/186/208
f 201/187/209 202/188/185 159/145/4
f 203/189/209 204/190/210 177/163/186
f 203/189/209 177/163/186 176/162/185
f 205/191/211 186/172/195 159/145/4
f 206/192/211 207/193/212 188/174/196
f 206/192/211 188/174/196 187/173/195
f 207/193/212 208/194/213 189/175/197
f 207/193/212 189/175/197 188/174/196
f 208/194/213 209/195/214 190/176/198
f 208/194/213 190/176/198 189/175/197
f 209/195/214 210/196/215 191/177/199
f 209/195/214 191/177/199 190/176/198
f 210/196/215 211/197/216 192/178/200
f 210/196/215 192/178/200 191/177/199
f 212/198/217 213/199/218 194/180/202
f 212/198/217 194/180/202 193/179/201
f 204/190/210 214/200/219 180/166/189
f 204/190/210 180/166/189 177/163/186
f 214/200/219 215/201/220 182/168/191
f 214/200/219 182/168/191 180/166/189
f 215/201/220 216/202/221 184/170/193
f 215/201/220 184/170/193 182/168/191
f 216/202/221 217/203/222 195/181/203
f 216/202/221 195/181/203 184/170/193
f 218/204/223 205/191/211 159/145/4
f 219/205/223 220/206/224 207/193/212
f 219/205/223 207/193/212 206/192/211
f 220/206/224 221/207/225 208/194/213
f 220/206/224 208/194/213 207/193/212
f 221/207/225 222/208/226 209/195/214
f 221/207/225 209/195/214 208/194/213
f 222/208/226 223/209/227 210/196/215
f 222/208/226 210/196/215 209/195/214
f 223/209/227 224/210/228 211/197/216
f 223/209/227 211/197/216 210/196/215
f 225/211/229 226/212/230 213/199/218
f 225/211/229 213/199/218 212/198/217
f 227/213/231 228/214/232 198/184/206
f 227/213/231 198/184/206 197/183/205
f 158/144/170 201/187/209 159/145/4
f 229/215/170 230/216/172 204/190/210
f 229/215/170 204/190/210 203/189/209
f 230/216/172 231/217/174 214/200/219
f 230/216/172 214/200/219 204/190/210
f 232/218/188 218/204/223 159/145/4
f 179/165/188 178/164/187 220/206/224
f 179/165/188 220/206/224 219/205/223
f 178/164/187 181/167/190 221/207/225
f 178/164/187 221/207/225 220/206/224
f 181/167/190 183/169/192 222/208/226
f 181/167/190 222/208/226 221/207/225
f 183/169/192 185/171/194 223/209/227
f 183/169/192 223/209/227 222/208/226
f 185/171/194 196/182/204 224/210/228
f 185/171/194 224/210/228 223/209/227
f 200/186/208 199/185/207 226/212/230
f 200/186/208 226/212/230 225/211/229
f 231/217/174 233/219/176 215/201/220
f 231/217/174 215/201/220 214/200/219
f 233/219/176 234/220/178 216/202/221
f 233/219/176 216/202/221 215/201/220
f 234/220/178 235/221/180 217/203/222
f 234/220/178 217/203/222 216/202/221
f 236/222/184 237/223/183 228/214/232
f 236/222/184 228/214/232 227/213/231
f 202/188/185 232/218/188 159/145/4
f 238/224/108 239/225/108 240/226/108
f 238/224/108 240/226/108 241/227/108
f 239/225/108 242/228/108 243/229/108
f 239/225/108 243/229/108 240/226/108
f 244/230/108 238/224/108 241/227/108
f 244/230/108 241/227/108 245/231/109
f 246/232/233 247/233/234 248/234/4
f 249/235/233 250/236/235 251/237/236
f 249/235/233 251/237/236 252/238/234
f 250/236/237 253/239/238 254/240/239
f 250/236/237 254/240/239 251/237/240
f 253/239/238 255/241/241 256/242/242
f 253/239/238 256/242/242 254/240/239
f 255/241/243 257/243/244 258/244/245
f 255/241/243 258/244/245 256/242/246
f 257/243/247 259/245/248 260/246/249
f 257/243/247 260/246/249 258/244/250
f 259/245/251 261/247/252 262/248/253
f 259/245/251 262/248/253 260/246/254
f 263/249/255 264/250/256 265/251/257
f 263/249/255 265/251/257 266/252/258
f 264/250/259 267/253/260 268/254/261
f 264/250/259 268/254/261 265/251/262
f 267/253/260 269/255/263 270/256/264
f 267/253/260 270/256/264 268/254/261
f 269/255/265 271/257/266 272/258/267
f 269/255/265 272/258/267 270/256/268
f 273/259/269 246/232/233 248/234/4
f 274/260/269 275/261/270 250/236/235
f 274/260/269 250/236/235 249/235/233
f 275/261/271 276/262/272 253/239/238
f 275/261/271 253/239/238 250/236/237
f 276/262/272 277/263/273 255/241/241
f 276/262/272 255/241/241 253/239/238
f 277/263/274 278/264/275 257/243/244
f 277/263/274 257/243/244 255/241/243
f 278/264/276 279/265/277 259/245/248
f 278/264/276 259/245/248 257/243/247
f 279/265/278 280/266/279 261/247/252
f 279/265/278 261/247/252 259/245/251
f 271/257/280 281/267/281 282/268/282
f 271/257/280 282/268/282 272/258/283
f 281/267/284 283/269/285 284/270/286
f 281/267/284 284/270/286 282/268/287
f 285/271/288 286/272/255 248/234/4
f 287/273/288 288/274/289 264/250/256
f 287/273/288 264/250/256 263/249/255
f 289/275/290 273/259/269 248/234/4
f 290/276/290 291/277/291 275/261/270
f 290/276/290 275/261/270 274/260/269
f 291/277/292 292/278/293 276/262/272
f 291/277/292 276/262/272 275/261/271
f 292/278/293 293/279/294 277/263/273
f 292/278/293 277/263/273 276/262/272
f 293/279/295 294/280/296 278/264/275
f 293/279/295 278/264/275 277/263/274
f 294/280/297 295/281/298 279/265/277
f 294/280/297 279/265/277 278/264/276
f 295/281/299 296/282/300 280/266/279
f 295/281/299 280/266/279 279/265/278
f 288/274/301 297/283/302 267/253/260
f 288/274/301 267/253/260 264/250/259
f 297/283/302 298/284/303 269/255/263
f 297/283/302 269/255/263 267/253/260
f 298/284/304 299/285/305 271/257/266
f 298/284/304 271/257/266 269/255/265
f 299/285/306 300/286/307 281/267/281
f 299/285/306 281/267/281 271/257/280
f 301/287/308 289/275/290 248/234/4
f 302/288/308 303/289/309 291/277/291
f 302/288/308 291/277/291 290/276/290
f 303/289/310 304/290/311 292/278/293
f 303/289/310 292/278/293 291/277/292
f 304/290/311 305/291/312 293/279/294
f 304/290/311 293/279/294 292/278/293
f 305/291/313 306/292/314 294/280/296
f 305/291/313 294/280/296 293/279/295
f 306/292/315 307/293/316 295/281/298
f 306/292/315 295/281/298 294/280/297
f 307/293/317 308/294/318 296/282/300
f 307/293/317 296/282/300 295/281/299
f 300/286/319 309/295/320 283/269/285
f 300/286/319 283/269/285 281/267/284
f 247/233/234 285/271/288 248/234/4
f 310/296/234 311/297/236 288/274/289
f 310/296/234 288/274/289 287/273/288
f 311/297/240 312/298/239 297/283/302
f 311/297/240 297/283/302 288/274/301
f 313/299/258 301/287/308 248/234/4
f 266/252/258 265/251/257 303/289/309
f 266/252/258 303/289/309 302/288/308
f 265/251/262 268/254/261 304/290/311
f 265/251/262 304/290/311 303/289/310
f 268/254/261 270/256/264 305/291/312
f 268/254/261 305/291/312 304/290/311
f 270/256/268 272/258/267 306/292/314
f 270/256/268 306/292/314 305/291/313
f 272/258/283 282/268/282 307/293/316
f 272/258/283 307/293/316 306/292/315
f 282/268/287 284/270/286 308/294/318
f 282/268/287 308/294/318 307/293/317
f 312/298/239 314/300/242 298/284/303
f 312/298/239 298/284/303 297/283/302
f 314/300/246 315/301/245 299/285/305
f 314/300/246 299/285/305 298/284/304
f 315/301/250 316/302/249 300/286/307
f 315/301/250 300/286/307 299/285/306
f 316/302/254 317/303/253 309/295/320
f 316/302/254 309/295/320 300/286/319
f 286/272/255 313/299/258 248/234/4
f 318/304/286 319/305/285 320/306/252
f 318/304/286 320/306/252 321/307/279
f 319/305/285 322/308/320 323/309/253
f 319/305/285 323/309/253 320/306/252
f 321/307/279 324/310/300 325/311/318
f 321/307/279 325/311/318 318/304/286
f 326/312/321 327/313/322 328/314/323
f 326/312/324 329/315/325 330/316/326
f 326/312/324 330/316/326 327/313/327
f 329/315/325 331/317/328 332/318/329
f 329/315/325 332/318/329 330/316/326
f 331/317/328 333/319/330 334/320/331
f 331/317/328 334/320/331 332/318/329
f 333/319/330 335/321/332 336/322/333
f 333/319/330 336/322/333 334/320/331
f 335/321/334 337/323/335 338/324/336
f 335/321/334 338/324/336 336/322/337
f 337/323/338 339/325/339 340/326/338
f 337/323/338 340/326/338 338/324/340
f 339/325/341 341/327/342 342/328/343
f 339/325/341 342/328/343 340/326/344
f 343/329/345 344/330/346 345/331/347
f 343/329/345 345/331/347 346/332/348
f 344/330/346 347/333/349 348/334/350
f 344/330/346 348/334/350 345/331/347
f 347/333/349 349/335/351 350/336/352
f 347/333/349 350/336/352 348/334/350
f 349/335/351 351/337/353 352/338/354
f 349/335/351 352/338/354 350/336/352
f 351/337/353 353/339/355 354/340/356
f 351/337/353 354/340/356 352/338/354
f 353/339/357 355/341/358 354/340/359
f 356/342/360 326/312/321 357/343/323
f 356/342/361 358/344/362 329/315/363
f 356/342/361 329/315/363 326/312/364
f 358/344/362 359/345/365 331/317/366
f 358/344/362 331/317/366 329/315/363
f 359/345/365 360/346/367 333/319/368
f 359/345/365 333/319/368 331/317/366
f 360/346/367 361/347/369 335/321/370
f 360/346/367 335/321/370 333/319/368
f 361/347/371 362/348/372 337/323/335
f 361/347/371 337/323/335 335/321/334
f 362/348/373 363/349/373 339/325/373
f 362/348/373 339/325/373 337/323/373
f 363/349/374 364/350/375 341/327/342
f 363/349/374 341/327/342 339/325/341
f 365/351/376 366/352/377 344/330/378
f 365/351/376 344/330/378 343/329/379
f 366/352/377 367/353/380 347/333/381
f 366/352/377 347/333/381 344/330/378
f 367/353/380 368/354/382 349/335/383
f 367/353/380 349/335/383 347/333/381
f 368/354/382 369/355/384 351/337/385
f 368/354/382 351/337/385 349/335/383
f 369/355/384 370/356/386 353/339/387
f 369/355/384 353/339/387 351/337/385
f 370/356/388 371/357/358 353/339/357
f 372/358/389 356/342/360 373/359/323
f 372/358/390 374/360/391 358/344/392
f 372/358/390 358/344/392 356/342/393
f 374/360/391 375/361/394 359/345/395
f 374/360/391 359/345/395 358/344/392
f 375/361/394 376/362/396 360/346/397
f 375/361/394 360/346/397 359/345/395
f 376/362/396 377/363/398 361/347/399
f 376/362/396 361/347/399 360/346/397
f 377/363/400 378/364/401 362/348/372
f 377/363/400 362/348/372 361/347/371
f 378/364/402 379/365/403 363/349/402
f 378/364/402 363/349/402 362/348/404
f 379/365/405 380/366/406 364/350/375
f 379/365/405 364/350/375 363/349/374
f 381/367/407 382/368/408 366/352/409
f 381/367/407 366/352/409 365/351/410
f 382/368/408 383/369/411 367/353/412
f 382/368/408 367/353/412 366/352/409
f 383/369/411 384/370/413 368/354/414
f 383/369/411 368/354/414 367/353/412
f 384/370/413 385/371/415 369/355/416
f 384/370/413 369/355/416 368/354/414
f 385/371/415 386/372/417 370/356/418
f 385/371/415 370/356/418 369/355/416
f 386/372/419 387/373/358 370/356/388
f 388/374/420 372/358/389 389/375/323
f 388/374/421 390/376/422 374/360/423
f 388/374/421 374/360/423 372/358/424
f 390/376/422 391/377/425 375/361/426
f 390/376/422 375/361/426 374/360/423
f 391/377/425 392/378/427 376/362/428
f 391/377/425 376/362/428 375/361/426
f 392/378/427 393/379/429 377/363/430
f 392/378/427 377/363/430 376/362/428
f 393/379/431 394/380/432 378/364/401
f 393/379/431 378/364/401 377/363/400
f 394/380/433 395/381/434 379/365/433
f 394/380/433 379/365/433 378/364/435
f 395/381/436 396/382/437 380/366/406
f 395/381/436 380/366/406 379/365/405
f 397/383/438 398/384/439 382/368/440
f 397/383/438 382/368/440 381/367/441
f 398/384/439 399/385/442 383/369/443
f 398/384/439 383/369/443 382/368/440
f 399/385/442 400/386/444 384/370/445
f 399/385/442 384/370/445 383/369/443
f 400/386/444 401/387/446 385/371/447
f 400/386/444 385/371/447 384/370/445
f 401/387/446 402/388/448 386/372/449
f 401/387/446 386/372/449 385/371/447
f 402/388/450 403/389/358 386/372/419
f 404/390/323 388/374/420 405/391/323
f 404/390/451 406/392/452 390/376/453
f 404/390/451 390/376/453 388/374/454
f 406/392/452 407/393/455 391/377/456
f 406/392/452 391/377/456 390/376/453
f 407/393/455 408/394/457 392/378/458
f 407/393/455 392/378/458 391/377/456
f 408/394/457 409/395/459 393/379/460
f 408/394/457 393/379/460 392/378/458
f 409/395/461 410/396/462 394/380/432
f 409/395/461 394/380/432 393/379/431
f 410/396/463 411/397/464 395/381/463
f 410/396/463 395/381/463 394/380/465
f 411/397/466 412/398/467 396/382/437
f 411/397/466 396/382/437 395/381/436
f 413/399/468 414/400/469 398/384/470
f 413/399/468 398/384/470 397/383/471
f 414/400/469 415/401/472 399/385/473
f 414/400/469 399/385/473 398/384/470
f 415/401/472 416/402/474 400/386/475
f 415/401/472 400/386/475 399/385/473
f 416/402/474 417/403/476 401/387/477
f 416/402/474 401/387/477 400/386/475
f 417/403/476 418/404/478 402/388/479
f 417/403/476 402/388/479 401/387/477
f 418/404/480 419/405/358 402/388/450
f 420/406/322 404/390/323 421/407/323
f 420/406/481 422/408/482 406/392/483
f 420/406/481 406/392/483 404/390/484
f 422/408/482 423/409/485 407/393/486
f 422/408/482 407/393/486 406/392/483
f 423/409/485 424/410/487 408/394/488
f 423/409/485 408/394/488 407/393/486
f 424/410/487 425/411/489 409/395/490
f 424/410/487 409/395/490 408/394/488
f 425/411/337 426/412/336 410/396/462
f 425/411/337 410/396/462 409/395/461
f 426/412/491 427/413/492 411/397/491
f 426/412/491 411/397/491 410/396/493
f 427/413/344 428/414/343 412/398/467
f 427/413/344 412/398/467 411/397/466
f 429/415/494 430/416/495 414/400/496
f 429/415/494 414/400/496 413/399/497
f 430/416/495 431/417/498 415/401/499
f 430/416/495 415/401/499 414/400/496
f 431/417/498 432/418/500 416/402/501
f 431/417/498 416/402/501 415/401/499
f 432/418/500 433/419/502 417/403/503
f 432/418/500 417/403/503 416/402/501
f 433/419/502 434/420/504 418/404/505
f 433/419/502 418/404/505 417/403/503
f 434/420/359 435/421/358 418/404/480
f 436/312/4 437/313/4 438/314/4
f 436/312/506 439/315/507 440/316/508
f 436/312/506 440/316/508 437/313/509
f 439/315/507 441/317/510 442/318/511
f 439/315/507 442/318/511 440/316/508
f 441/317/510 443/319/512 444/320/513
f 441/317/510 444/320/513 442/318/511
f 443/319/512 445/321/514 446/322/514
f 443/319/512 446/322/514 444/320/513
f 445/321/515 447/323/516 448/324/517
f 445/321/515 448/324/517 446/322/518
f 447/323/519 449/325/519 450/326/519
f 447/323/519 450/326/519 448/324/519
f 449/325/520 451/327/521 452/328/522
f 449/325/520 452/328/522 450/326/523
f 453/329/524 454/330/525 455/331/526
f 453/329/524 455/331/526 456/332/527
f 454/330/525 457/333/528 458/334/529
f 454/330/525 458/334/529 455/331/526
f 457/333/528 459/335/530 460/336/531
f 457/333/528 460/336/531 458/334/529
f 459/335/530 461/337/532 462/338/533
f 459/335/530 462/338/533 460/336/531
f 461/337/532 463/339/534 464/340/535
f 461/337/532 464/340/535 462/338/533
f 463/339/536 465/341/537 464/340/538
f 466/342/4 436/312/4 467/343/4
f 466/342/539 468/344/540 439/315/541
f 466/342/539 439/315/541 436/312/542
f 468/344/540 469/345/543 441/317/544
f 468/344/540 441/317/544 439/315/541
f 469/345/543 470/346/545 443/319/546
f 469/345/543 443/319/546 441/317/544
f 470/346/545 471/347/547 445/321/547
f 470/346/545 445/321/547 443/319/546
f 471/347/548 472/348/549 447/323/516
f 471/347/548 447/323/516 445/321/515
f 472/348/547 473/349/547 449/325/547
f 472/348/547 449/325/547 447/323/547
f 473/349/550 474/350/551 451/327/521
f 473/349/550 451/327/521 449/325/520
f 475/351/552 476/352/553 454/330/554
f 475/351/552 454/330/554 453/329/555
f 476/352/553 477/353/556 457/333/557
f 476/352/553 457/333/557 454/330/554
f 477/353/556 478/354/558 459/335/559
f 477/353/556 459/335/559 457/333/557
f 478/354/558 479/355/560 461/337/561
f 478/354/558 461/337/561 459/335/559
f 479/355/560 480/356/562 463/339/563
f 479/355/560 463/339/563 461/337/561
f 480/356/564 481/357/537 463/339/536
f 482/358/4 466/342/4 483/359/4
f 482/358/565 484/360/566 468/344/567
f 482/358/565 468/344/567 466/342/568
f 484/360/566 485/361/569 469/345/570
f 484/360/566 469/345/570 468/344/567
f 485/361/569 486/362/571 470/346/572
f 485/361/569 470/346/572 469/345/570
f 486/362/571 487/363/573 471/347/573
f 486/362/571 471/347/573 470/346/572
f 487/363/574 488/364/575 472/348/549
f 487/363/574 472/348/549 471/347/548
f 488/364/576 489/365/576 473/349/576
f 488/364/576 473/349/576 472/348/576
f 489/365/577 490/366/578 474/350/551
f 489/365/577 474/350/551 473/349/550
f 491/367/579 492/368/580 476/352/581
f 491/367/579 476/352/581 475/351/582
f 492/368/580 493/369/583 477/353/584
f 492/368/580 477/353/584 476/352/581
f 493/369/583 494/370/585 478/354/586
f 493/369/583 478/354/586 477/353/584
f 494/370/585 495/371/587 479/355/588
f 494/370/585 479/355/588 478/354/586
f 495/371/587 496/372/589 480/356/590
f 495/371/587 480/356/590 479/355/588
f 496/372/591 497/373/537 480/356/564
f 498/374/592 482/358/4 499/375/4
f 498/374/593 500/376/594 484/360/595
f 498/374/593 484/360/595 482/358/596
f 500/376/594 501/377/597 485/361/598
f 500/376/594 485/361/598 484/360/595
f 501/377/597 502/378/599 486/362/600
f 501/377/597 486/362/600 485/361/598
f 502/378/599 503/379/601 487/363/601
f 502/378/599 487/363/601 486/362/600
f 503/379/602 504/380/603 488/364/575
f 503/379/602 488/364/575 487/363/574
f 504/380/604 505/381/604 489/365/604
f 504/380/604 489/365/604 488/364/604
f 505/381/605 506/382/606 490/366/578
f 505/381/605 490/366/578 489/365/577
f 507/383/607 508/384/608 492/368/609
f 507/383/607 492/368/609 491/367/610
f 508/384/608 509/385/611 493/369/612
f 508/384/608 493/369/612 492/368/609
f 509/385/611 510/386/613 494/370/614
f 509/385/611 494/370/614 493/369/612
f 510/386/613 511/387/615 495/371/616
f 510/386/613 495/371/616 494/370/614
f 511/387/615 512/388/617 496/372/618
f 511/387/615 496/372/618 495/371/616
f 512/388/619 513/389/537 496/372/591
f 514/390/592 498/374/592 515/391/4
f 514/390/620 516/392/621 500/376/622
f 514/390/620 500/376/622 498/374/623
f 516/392/621 517/393/624 501/377/625
f 516/392/621 501/377/625 500/376/622
f 517/393/624 518/394/626 502/378/627
f 517/393/624 502/378/627 501/377/625
f 518/394/626 519/395/628 503/379/628
f 518/394/626 503/379/628 502/378/627
f 519/395/629 520/396/630 504/380/603
f 519/395/629 504/380/603 503/379/602
f 520/396/628 521/397/628 505/381/628
f 520/396/628 505/381/628 504/380/628
f 521/397/631 522/398/632 506/382/606
f 521/397/631 506/382/606 505/381/605
f 523/399/633 524/400/634 508/384/635
f 523/399/633 508/384/635 507/383/633
f 524/400/634 525/401/636 509/385/637
f 524/400/634 509/385/637 508/384/635
f 525/401/636 526/402/638 510/386/639
f 525/401/636 510/386/639 509/385/637
f 526/402/638 527/403/640 511/387/641
f 526/402/638 511/387/641 510/386/639
f 527/403/640 528/404/642 512/388/642
f 527/403/640 512/388/642 511/387/641
f 528/404/643 529/405/537 512/388/619
f 530/406/4 514/390/592 531/407/4
f 530/406/644 532/408/645 516/392/646
f 530/406/644 516/392/646 514/390/647
f 532/408/645 533/409/648 517/393/649
f 532/408/645 517/393/649 516/392/646
f 533/409/648 534/410/650 518/394/651
f 533/409/648 518/394/651 517/393/649
f 534/410/650 535/411/652 519/395/652
f 534/410/650 519/395/652 518/394/651
f 535/411/518 536/412/517 520/396/630
f 535/411/518 520/396/630 519/395/629
f 536/412/653 537/413/653 521/397/653
f 536/412/653 521/397/653 520/396/653
f 537/413/523 538/414/522 522/398/632
f 537/413/523 522/398/632 521/397/631
f 539/415/654 540/416/655 524/400/656
f 539/415/654 524/400/656 523/399/657
f 540/416/655 541/417/658 525/401/659
f 540/416/655 525/401/659 524/400/656
f 541/417/658 542/418/660 526/402/661
f 541/417/658 526/402/661 525/401/659
f 542/418/660 543/419/662 527/403/663
f 542/418/660 527/403/663 526/402/661
f 543/419/662 544/420/664 528/404/665
f 543/419/662 528/404/665 527/403/663
f 544/420/538 545/421/537 528/404/643
f 546/422/666 547/423/666 548/424/666
f 546/422/666 548/424/666 549/425/666
f 550/426/547 551/427/547 547/423/547
f 550/426/547 547/423/547 546/422/547
f 552/428/667 553/429/667 551/427/667
f 552/428/667 551/427/667 550/426/667
f 554/430/668 555/431/668 553/429/668
f 554/430/668 553/429/668 552/428/668
f 556/432/628 557/433/628 555/431/628
f 556/432/628 555/431/628 554/430/628
f 558/434/669 559/435/669 557/433/669
f 558/434/669 557/433/669 556/432/669
f 546/422/670 549/425/671 560/436/4
f 561/437/108 548/424/672 547/423/673
f 550/426/674 546/422/670 562/438/4
f 563/439/108 547/423/673 551/427/675
f 552/428/676 550/426/674 564/440/4
f 565/441/108 551/427/675 553/429/677
f 554/430/678 552/428/676 566/442/4
f 567/443/108 553/429/677 555/431/679
f 556/432/680 554/430/678 568/444/4
f 569/445/108 555/431/679 557/433/681
f 558/434/671 556/432/680 570/446/4
f 571/447/108 557/433/681 559/435/672
f 572/422/666 573/423/666 574/424/666
f 572/422/666 574/424/666 575/425/666
f 576/426/547 577/427/547 573/423/547
f 576/426/547 573/423/547 572/422/547
f 578/428/667 579/429/667 577/427/667
f 578/428/667 577/427/667 576/426/667
f 580/430/668 581/431/668 579/429/668
f 580/430/668 579/429/668 578/428/668
f 582/432/628 583/433/628 581/431/628
f 582/432/628 581/431/628 580/430/628
f 584/434/669 585/435/669 583/433/669
f 584/434/669 583/433/669 582/432/669
f 572/422/682 575/425/683 586/436/684
f 587/437/685 574/424/686 573/423/687
f 576/426/688 572/422/682 588/438/684
f 589/439/685 573/423/687 577/427/689
f 578/428/690 576/426/688 590/440/684
f 591/441/685 577/427/689 579/429/691
f 580/430/692 578/428/690 592/442/684
f 593/443/685 579/429/691 581/431/693
f 582/432/694 580/430/692 594/444/684
f 595/445/685 581/431/693 583/433/695
f 584/434/683 582/432/694 596/446/684
f 597/447/685 583/433/695 585/435/686
f 598/448/696 599/449/696 600/450/696
f 598/448/696 600/450/696 601/451/696
f 602/452/547 603/453/547 599/449/547
f 602/452/547 599/449/547 598/448/547
f 604/454/697 605/455/697 603/453/697
f 604/454/697 603/453/697 602/452/697
f 606/456/698 607/457/698 605/455/698
f 606/456/698 605/455/698 604/454/698
f 608/458/628 609/459/628 607/457/628
f 608/458/628 607/457/628 606/456/628
f 610/460/699 611/461/699 609/459/699
f 610/460/699 609/459/699 608/458/699
f 598/448/700 601/451/701 612/462/702
f 613/463/703 600/450/704 599/449/705
f 602/452/706 598/448/700 614/464/702
f 615/465/703 599/449/705 603/453/707
f 604/454/708 602/452/706 616/466/702
f 617/467/703 603/453/707 605/455/709
f 606/456/710 604/454/708 618/468/702
f 619/469/703 605/455/709 607/457/711
f 608/458/712 606/456/710 620/470/702
f 621/471/703 607/457/711 609/459/713
f 610/460/701 608/458/712 622/472/702
f 623/473/703 609/459/713 611/461/704
f 624/448/714 625/449/714 626/450/714
f 624/448/714 626/450/714 627/451/714
f 628/452/547 629/453/547 625/449/547
f 628/452/547 625/449/547 624/448/547
f 630/454/715 631/455/715 629/453/715
f 630/454/715 629/453/715 628/452/715
f 632/456/698 633/457/698 631/455/698
f 632/456/698 631/455/698 630/454/698
f 634/458/628 635/459/628 633/457/628
f 634/458/628 633/457/628 632/456/628
f 636/460/699 637/461/699 635/459/699
f 636/460/699 635/459/699 634/458/699
f 624/448/716 627/451/717 638/462/592
f 639/463/109 626/450/718 625/449/719
f 628/452/720 624/448/716 640/464/592
f 641/465/109 625/449/719 629/453/721
f 630/454/722 628/452/720 642/466/592
f 643/467/109 629/453/721 631/455/723
f 632/456/724 630/454/722 644/468/592
f 645/469/109 631/455/723 633/457/725
f 634/458/726 632/456/724 646/470/592
f 647/471/109 633/457/725 635/459/727
f 636/460/717 634/458/726 648/472/592
f 649/473/109 635/459/727 637/461/718
f 650/448/696 651/449/696 652/450/696
f 650/448/696 652/450/696 653/451/696
f 654/452/547 655/453/547 651/449/547
f 654/452/547 651/449/547 650/448/547
f 656/454/728 657/455/728 655/453/728
f 656/454/728 655/453/728 654/452/728
f 658/456/729 659/457/729 657/455/729
f 658/456/729 657/455/729 656/454/729
f 660/458/628 661/459/628 659/457/628
f 660/458/628 659/457/628 658/456/628
f 662/460/699 663/461/699 661/459/699
f 662/460/699 661/459/699 660/458/699
f 650/448/730 653/451/701 664/462/592
f 665/463/109 652/450/704 651/449/731
f 654/452/732 650/448/730 666/464/592
f 667/465/109 651/449/731 655/453/733
f 656/454/708 654/452/732 668/466/592
f 669/467/109 655/453/733 657/455/709
f 658/456/734 656/454/708 670/468/592
f 671/469/109 657/455/709 659/457/735
f 660/458/736 658/456/734 672/470/592
f 673/471/109 659/457/735 661/459/737
f 662/460/701 660/458/736 674/472/592
f 675/473/109 661/459/737 663/461/704
f 676/448/666 677/449/666 678/450/666
f 676/448/666 678/450/666 679/451/666
f 680/452/547 681/453/547 677/449/547
f 680/452/547 677/449/547 676/448/547
f 682/454/728 683/455/728 681/453/728
f 682/454/728 681/453/728 680/452/728
f 684/456/729 685/457/729 683/455/729
f 684/456/729 683/455/729 682/454/729
f 686/458/628 687/459/628 685/457/628
f 686/458/628 685/457/628 684/456/628
f 688/460/669 689/461/669 687/459/669
f 688/460/669 687/459/669 686/458/669
f 676/448/738 679/451/717 690/462/739
f 691/463/740 678/450/718 677/449/741
f 680/452/742 676/448/738 692/464/739
f 693/465/740 677/449/741 681/453/743
f 682/454/744 680/452/742 694/466/739
f 695/467/740 681/453/743 683/455/745
f 684/456/746 682/454/744 696/468/739
f 697/469/740 683/455/745 685/457/747
f 686/458/748 684/456/746 698/470/739
f 699/471/740 685/457/747 687/459/749
f 688/460/717 686/458/748 700/472/739
f 701/473/740 687/459/749 689/461/718
f 702/448/666 703/449/666 704/450/666
f 702/448/666 704/450/666 705/451/666
f 706/452/547 707/453/547 703/449/547
f 706/452/547 703/449/547 702/448/547
f 708/454/667 709/455/667 707/453/667
f 708/454/667 707/453/667 706/452/667
f 710/456/668 711/457/668 709/455/668
f 710/456/668 709/455/668 708/454/668
f 712/458/628 713/459/628 711/457/628
f 712/458/628 711/457/628 710/456/628
f 714/460/669 715/461/669 713/459/669
f 714/460/669 713/459/669 712/458/669
f 702/448/750 705/451/701 716/462/751
f 717/463/752 704/450/704 703/449/753
f 706/452/754 702/448/750 718/464/751
f 719/465/752 703/449/753 707/453/755
f 708/454/676 706/452/754 720/466/751
f 721/467/752 707/453/755 709/455/677
f 710/456/756 708/454/676 722/468/751
f 723/469/752 709/455/677 711/457/757
f 712/458/758 710/456/756 724/470/751
f 725/471/752 711/457/757 713/459/759
f 714/460/701 712/458/758 726/472/751
f 727/473/752 713/459/759 715/461/704
f 728/448/760 729/449/760 730/450/760
f 728/448/760 730/450/760 731/451/760
f 732/452/547 733/453/547 729/449/547
f 732/452/547 729/449/547 728/448/547
f 734/454/728 735/455/728 733/453/728
f 734/454/728 733/453/728 732/452/728
f 736/456/729 737/457/729 735/455/729
f 736/456/729 735/455/729 734/454/729
f 738/458/628 739/459/628 737/457/628
f 738/458/628 737/457/628 736/456/628
f 740/460/761 741/461/761 739/459/761
f 740/460/761 739/459/761 738/458/761
f 728/448/762 731/451/701 742/462/4
f 743/463/108 730/450/704 729/449/763
f 732/452/754 728/448/762 744/464/4
f 745/465/108 729/449/763 733/453/755
f 734/454/708 732/452/754 746/466/4
f 747/467/108 733/453/755 735/455/709
f 736/456/756 734/454/708 748/468/4
f 749/469/108 735/455/709 737/457/757
f 738/458/726 736/456/756 750/470/4
f 751/471/108 737/457/757 739/459/727
f 740/460/701 738/458/726 752/472/4
f 753/473/108 739/459/727 741/461/704
f 754/422/666 755/423/666 756/424/666
f 754/422/666 756/424/666 757/425/666
f 758/426/547 759/427/547 755/423/547
f 758/426/547 755/423/547 754/422/547
f 760/428/667 761/429/667 759/427/667
f 760/428/667 759/427/667 758/426/667
f 762/430/668 763/431/668 761/429/668
f 762/430/668 761/429/668 760/428/668
f 764/432/628 765/433/628 763/431/628
f 764/432/628 763/431/628 762/430/628
f 766/434/669 767/435/669 765/433/669
f 766/434/669 765/433/669 764/432/669
f 754/422/682 757/425/683 768/436/684
f 769/437/685 756/424/686 755/423/687
f 758/426/688 754/422/682 770/438/684
f 771/439/685 755/423/687 759/427/689
f 760/428/690 758/426/688 772/440/684
f 773/441/685 759/427/689 761/429/691
f 762/430/692 760/428/690 774/442/684
f 775/443/685 761/429/691 763/431/693
f 764/432/694 762/430/692 776/444/684
f 777/445/685 763/431/693 765/433/695
f 766/434/683 764/432/694 778/446/684
f 779/447/685 765/433/695 767/435/686
f 780/474/764 781/475/765 782/476/766
f 780/474/764 782/476/766 783/477/767
f 784/478/768 785/479/769 782/476/768
f 784/478/768 782/476/768 781/475/770
f 786/480/4 787/481/4 788/482/4
f 786/480/4 788/482/4 789/483/4
f 790/484/771 791/485/547 792/486/547
f 790/484/771 792/486/547 793/487/771
f 794/488/109 795/489/108 796/490/108
f 794/488/109 796/490/108 797/491/109
f 798/492/772 799/493/772 800/494/772
f 798/492/772 800/494/772 801/495/772
f 783/477/4 782/476/4 802/496/4
f 783/477/4 802/496/4 803/497/4
f 785/479/4 804/498/4 802/496/4
f 785/479/4 802/496/4 782/476/4
f 791/485/4 790/484/4 805/499/4
f 791/485/4 805/499/4 806/500/4
f 807/501/547 808/502/547 809/503/547
f 807/501/547 809/503/547 810/504/547
f 811/505/773 801/495/774 800/494/774
f 811/505/773 800/494/774 812/506/775
f 783/477/767 786/480/776 813/507/776
f 783/477/767 813/507/776 780/474/764
f 814/508/4 815/509/4 816/510/4
f 814/508/4 816/510/4 817/511/4
f 791/485/547 818/512/547 819/513/547
f 791/485/547 819/513/547 792/486/547
f 795/489/108 820/514/108 821/515/108
f 795/489/108 821/515/108 796/490/108
f 803/497/4 787/481/4 786/480/4
f 803/497/4 786/480/4 783/477/4
f 806/500/4 822/516/4 818/512/4
f 806/500/4 818/512/4 791/485/4
f 810/504/547 823/517/547 824/518/547
f 810/504/547 824/518/547 807/501/547
f 812/506/775 825/519/628 826/520/628
f 812/506/775 826/520/628 811/505/773
f 827/521/777 828/522/778 829/523/779
f 827/521/777 829/523/779 789/483/780
f 827/521/781 830/524/782 831/525/781
f 827/521/781 831/525/781 828/522/783
f 832/526/547 833/527/547 834/528/547
f 832/526/547 834/528/547 835/529/547
f 836/530/547 817/511/547 790/484/771
f 836/530/547 790/484/771 793/487/771
f 837/531/108 838/532/108 794/488/109
f 837/531/108 794/488/109 797/491/109
f 839/533/784 833/527/784 832/526/784
f 839/533/784 832/526/784 840/534/784
f 841/535/4 827/521/4 789/483/4
f 841/535/4 789/483/4 788/482/4
f 841/535/4 842/536/4 830/524/4
f 841/535/4 830/524/4 827/521/4
f 805/499/4 790/484/4 817/511/4
f 805/499/4 817/511/4 816/510/4
f 809/503/547 808/502/547 835/529/547
f 809/503/547 835/529/547 834/528/547
f 839/533/785 840/534/785 843/537/786
f 839/533/785 843/537/786 844/538/787
f 813/507/776 786/480/776 789/483/780
f 813/507/776 789/483/780 829/523/779
f 826/520/628 825/519/628 844/538/787
f 826/520/628 844/538/787 843/537/786
f 845/539/547 814/508/547 817/511/547
f 845/539/547 817/511/547 836/530/547
f 846/540/108 847/541/108 838/532/108
f 846/540/108 838/532/108 837/531/108
f 848/542/788 849/543/789 850/544/790
f 848/542/788 850/544/790 851/545/791
f 852/546/791 853/547/790 854/548/792
f 852/546/791 854/548/792 855/549/793
f 853/547/794 856/550/795 857/551/796
f 853/547/794 857/551/796 854/548/797
f 856/550/798 858/552/799 859/553/800
f 856/550/798 859/553/800 857/551/800
f 858/552/801 860/554/802 861/555/803
f 858/552/801 861/555/803 859/553/804
f 860/554/802 862/556/805 863/557/806
f 860/554/802 863/557/806 861/555/803
f 862/556/805 864/558/807 865/559/808
f 862/556/805 865/559/808 863/557/806
f 864/558/807 866/560/809 867/561/810
f 864/558/807 867/561/810 865/559/808
f 868/562/811 869/563/812 870/564/813
f 868/562/811 870/564/813 849/543/814
f 849/543/814 870/564/813 871/565/795
f 849/543/814 871/565/795 850/544/794
f 855/549/793 854/548/792 872/566/815
f 855/549/793 872/566/815 873/567/816
f 854/548/797 857/551/796 874/568/817
f 854/548/797 874/568/817 872/566/818
f 857/551/628 859/553/628 875/569/819
f 857/551/628 875/569/819 874/568/820
f 859/553/804 861/555/803 876/570/821
f 859/553/804 876/570/821 875/569/822
f 861/555/803 863/557/806 877/571/823
f 861/555/803 877/571/823 876/570/821
f 863/557/806 865/559/808 878/572/824
f 863/557/806 878/572/824 877/571/823
f 865/559/808 867/561/810 879/573/825
f 865/559/808 879/573/825 878/572/824
f 869/563/826 880/574/827 881/575/828
f 869/563/826 881/575/828 870/564/828
f 870/564/784 881/575/784 882/576/799
f 870/564/784 882/576/799 871/565/798
f 873/567/816 872/566/815 883/577/829
f 873/567/816 883/577/829 884/578/830
f 872/566/818 874/568/817 885/579/831
f 872/566/818 885/579/831 883/577/832
f 874/568/820 875/569/819 886/580/833
f 874/568/820 886/580/833 885/579/834
f 875/569/822 876/570/821 887/581/835
f 875/569/822 887/581/835 886/580/836
f 876/570/821 877/571/823 888/582/837
f 876/570/821 888/582/837 887/581/835
f 877/571/823 878/572/824 889/583/838
f 877/571/823 889/583/838 888/582/837
f 878/572/824 879/573/825 890/584/839
f 878/572/824 890/584/839 889/583/838
f 880/574/840 891/585/841 892/586/842
f 880/574/840 892/586/842 881/575/843
f 881/575/843 892/586/842 893/587/802
f 881/575/843 893/587/802 882/576/801
f 884/578/830 883/577/829 894/588/844
f 884/578/830 894/588/844 895/589/845
f 883/577/832 885/579/831 896/590/846
f 883/577/832 896/590/846 894/588/847
f 885/579/834 886/580/833 897/591/772
f 885/579/834 897/591/772 896/590/772
f 886/580/836 887/581/835 898/592/848
f 886/580/836 898/592/848 897/591/849
f 887/581/835 888/582/837 899/593/850
f 887/581/835 899/593/850 898/592/848
f 888/582/837 889/583/838 900/594/851
f 888/582/837 900/594/851 899/593/850
f 889/583/838 890/584/839 901/595/852
f 889/583/838 901/595/852 900/594/851
f 891/585/841 902/596/853 903/597/854
f 891/585/841 903/597/854 892/586/842
f 892/586/842 903/597/854 904/598/805
f 892/586/842 904/598/805 893/587/802
f 895/589/845 894/588/844 905/599/855
f 895/589/845 905/599/855 906/600/856
f 894/588/847 896/590/846 907/601/857
f 894/588/847 907/601/857 905/599/858
f 896/590/859 897/591/859 908/602/860
f 896/590/859 908/602/860 907/601/861
f 897/591/849 898/592/848 909/603/862
f 897/591/849 909/603/862 908/602/863
f 898/592/848 899/593/850 910/604/864
f 898/592/848 910/604/864 909/603/862
f 899/593/850 900/594/851 911/605/865
f 899/593/850 911/605/865 910/604/864
f 900/594/851 901/595/852 912/606/866
f 900/594/851 912/606/866 911/605/865
f 902/596/853 913/607/867 914/608/868
f 902/596/853 914/608/868 903/597/854
f 903/597/854 914/608/868 915/609/807
f 903/597/854 915/609/807 904/598/805
f 906/600/856 905/599/855 868/562/869
f 906/600/856 868/562/869 916/610/870
f 905/599/858 907/601/857 869/563/812
f 905/599/858 869/563/812 868/562/811
f 907/601/861 908/602/860 880/574/827
f 907/601/861 880/574/827 869/563/826
f 908/602/863 909/603/862 891/585/841
f 908/602/863 891/585/841 880/574/840
f 909/603/862 910/604/864 902/596/853
f 909/603/862 902/596/853 891/585/841
f 910/604/864 911/605/865 913/607/867
f 910/604/864 913/607/867 902/596/853
f 911/605/865 912/606/866 917/611/871
f 911/605/865 917/611/871 913/607/867
f 913/607/867 917/611/871 918/612/872
f 913/607/867 918/612/872 914/608/868
f 914/608/868 918/612/872 919/613/809
f 914/608/868 919/613/809 915/609/807
f 916/610/870 868/562/869 849/543/789
f 916/610/870 849/543/789 848/542/788
f 920/614/825 921/615/810 922/616/871
f 920/614/825 922/616/871 923/617/866
f 923/617/866 924/618/852 925/619/839
f 923/617/866 925/619/839 920/614/825
f 922/616/871 921/615/810 926/620/809
f 922/616/871 926/620/809 927/621/872
f 928/622/108 929/623/108 930/624/109
f 928/622/108 930/624/109 931/625/108
f 929/623/108 932/626/108 933/627/108
f 929/623/108 933/627/108 930/624/109
f 934/628/108 935/629/108 928/622/108
f 934/628/108 928/622/108 931/625/108
f 936/630/873 937/631/874 938/632/875
f 936/630/873 938/632/875 939/633/876
f 940/634/877 941/635/878 937/631/874
f 940/634/877 937/631/874 936/630/873
f 942/636/879 943/637/880 941/635/878
f 942/636/879 941/635/878 940/634/877
f 944/638/881 945/639/882 943/637/880
f 944/638/881 943/637/880 942/636/879
f 946/640/883 947/641/884 945/639/882
f 946/640/883 945/639/882 944/638/881
f 948/642/885 949/643/886 947/641/884
f 948/642/885 947/641/884 946/640/883
f 950/644/887 951/645/888 949/643/886
f 950/644/887 949/643/886 948/642/885
f 952/646/889 953/647/890 951/645/888
f 952/646/889 951/645/888 950/644/887
f 937/631/874 954/648/891 955/649/892
f 937/631/874 955/649/892 938/632/875
f 941/635/878 956/650/893 954/648/891
f 941/635/878 954/648/891 937/631/874
f 943/637/880 957/651/894 956/650/893
f 943/637/880 956/650/893 941/635/878
f 945/639/882 958/652/895 957/651/894
f 945/639/882 957/651/894 943/637/880
f 947/641/884 959/653/896 958/652/895
f 947/641/884 958/652/895 945/639/882
f 949/643/886 960/654/897 959/653/896
f 949/643/886 959/653/896 947/641/884
f 951/645/888 961/655/898 960/654/897
f 951/645/888 960/654/897 949/643/886
f 953/647/890 962/656/899 961/655/898
f 953/647/890 961/655/898 951/645/888
f 954/648/891 963/657/900 964/658/901
f 954/648/891 964/658/901 955/649/892
f 956/650/893 965/659/902 963/657/900
f 956/650/893 963/657/900 954/648/891
f 957/651/894 966/660/903 965/659/902
f 957/651/894 965/659/902 956/650/893
f 958/652/895 967/661/904 966/660/903
f 958/652/895 966/660/903 957/651/894
f 959/653/896 968/662/905 967/661/904
f 959/653/896 967/661/904 958/652/895
f 960/654/897 969/663/906 968/662/905
f 960/654/897 968/662/905 959/653/896
f 961/655/898 970/664/907 969/663/906
f 961/655/898 969/663/906 960/654/897
f 962/656/899 971/665/908 970/664/907
f 962/656/899 970/664/907 961/655/898
f 963/657/900 972/666/909 973/667/910
f 963/657/900 973/667/910 964/658/901
f 965/659/902 974/668/911 972/666/909
f 965/659/902 972/666/909 963/657/900
f 966/660/903 975/669/912 974/668/911
f 966/660/903 974/668/911 965/659/902
f 967/661/904 976/670/913 975/669/912
f 967/661/904 975/669/912 966/660/903
f 968/662/905 977/671/914 976/670/913
f 968/662/905 976/670/913 967/661/904
f 969/663/906 978/672/915 977/671/914
f 969/663/906 977/671/914 968/662/905
f 970/664/907 979/673/916 978/672/915
f 970/664/907 978/672/915 969/663/906
f 971/665/908 980/674/917 979/673/916
f 971/665/908 979/673/916 970/664/907
f 981/675/918 982/676/919 983/677/920
f 981/675/918 983/677/920 984/678/921
f 984/678/922 983/677/922 985/679/922
f 984/678/923 985/679/924 986/680/925
f 986/680/925 985/679/924 987/681/926
f 986/680/925 987/681/926 988/682/927
f 988/682/927 987/681/926 989/683/928
f 988/682/927 989/683/928 990/684/929
f 990/684/929 989/683/928 991/685/930
f 990/684/929 991/685/930 992/686/931
f 992/686/931 991/685/930 993/687/932
f 992/686/931 993/687/932 994/688/933
f 994/688/933 993/687/932 995/689/934
f 994/688/933 995/689/935 996/690/936
f 996/690/936 995/689/935 997/691/937
f 996/690/936 997/691/937 998/692/938
f 984/678/921 936/630/873 939/633/876
f 984/678/921 939/633/876 981/675/918
f 986/680/925 940/634/877 936/630/873
f 986/680/939 936/630/873 984/678/921
f 988/682/927 942/636/879 940/634/877
f 988/682/927 940/634/877 986/680/925
f 990/684/929 944/638/940 942/636/879
f 990/684/929 942/636/879 988/682/927
f 992/686/931 946/640/883 944/638/940
f 992/686/931 944/638/940 990/684/929
f 994/688/933 948/642/885 946/640/883
f 994/688/933 946/640/883 992/686/931
f 996/690/936 950/644/887 948/642/885
f 996/690/936 948/642/885 994/688/933
f 998/692/938 952/646/889 950/644/887
f 998/692/938 950/644/887 996/690/936
f 938/632/875 999/693/941 1000/694/942
f 938/632/875 1000/694/942 939/633/876
f 939/633/876 1000/694/942 1001/695/943
f 939/633/876 1001/695/943 981/675/918
f 955/649/892 1002/696/944 999/693/941
f 955/649/892 999/693/941 938/632/875
f 981/675/918 1001/695/943 1003/697/945
f 981/675/918 1003/697/945 982/676/919
f 964/658/901 1004/698/946 1002/696/944
f 964/658/901 1002/696/944 955/649/892
f 973/667/910 1005/699/947 1004/698/946
f 973/667/910 1004/698/946 964/658/901
f 999/693/948 1006/700/949 1007/701/950
f 999/693/948 1007/701/950 1000/694/951
f 1000/694/951 1007/701/950 1008/702/952
f 1000/694/951 1008/702/952 1001/695/953
f 1002/696/954 1009/703/955 1006/700/949
f 1002/696/954 1006/700/949 999/693/948
f 1001/695/953 1008/702/952 1010/704/956
f 1001/695/953 1010/704/956 1003/697/957
f 1004/698/958 1011/705/959 1009/703/955
f 1004/698/958 1009/703/955 1002/696/954
f 1005/699/960 1012/706/961 1011/705/959
f 1005/699/960 1011/705/959 1004/698/958
f 952/646/889 1013/707/962 1014/708/963
f 952/646/889 1014/708/963 953/647/890
f 953/647/890 1014/708/963 1015/709/964
f 953/647/890 1015/709/964 962/656/899
f 998/692/938 1016/710/965 1013/707/962
f 998/692/938 1013/707/962 952/646/889
f 962/656/899 1015/709/964 1017/711/966
f 962/656/899 1017/711/966 971/665/908
f 997/691/937 1018/712/967 1016/710/965
f 997/691/937 1016/710/965 998/692/938
f 971/665/908 1017/711/966 1019/713/968
f 971/665/908 1019/713/968 980/674/917
f 1013/707/969 1020/714/970 1021/715/971
f 1013/707/969 1021/715/971 1014/708/972
f 1014/708/972 1021/715/971 1022/716/973
f 1014/708/972 1022/716/973 1015/709/974
f 1016/710/975 1023/717/976 1020/714/970
f 1016/710/975 1020/714/970 1013/707/969
f 1015/709/974 1022/716/973 1024/718/977
f 1015/709/974 1024/718/977 1017/711/978
f 1018/712/979 1025/719/980 1023/717/976
f 1018/712/979 1023/717/976 1016/710/975
f 1017/711/978 1024/718/977 1026/720/981
f 1017/711/978 1026/720/981 1019/713/982
f 1027/721/983 1028/722/984 1029/723/984
f 1027/721/983 1029/723/984 1030/724/983
f 1031/725/985 1032/726/986 1033/727/987
f 1031/725/985 1033/727/987 1034/728/988
f 1032/726/989 1035/729/990 1036/730/991
f 1032/726/989 1036/730/991 1033/727/992
f 1035/729/990 1037/731/993 1038/732/994
f 1035/729/990 1038/732/994 1036/730/991
f 1037/731/993 1039/733/995 1040/734/996
f 1037/731/993 1040/734/996 1038/732/994
f 1039/733/995 1041/735/997 1042/736/998
f 1039/733/995 1042/736/998 1040/734/996
f 1041/735/999 1043/737/1000 1044/738/1001
f 1041/735/999 1044/738/1001 1042/736/1002
f 1043/737/1000 1045/739/1003 1046/740/1004
f 1043/737/1000 1046/740/1004 1044/738/1001
f 1045/739/1003 1047/741/1005 1048/742/1006
f 1045/739/1003 1048/742/1006 1046/740/1004
f 1049/743/1007 1050/744/1007 1051/744/1007
f 1049/743/1007 1051/744/1007 1052/743/1007
f 1053/745/628 1054/746/628 1055/747/628
f 1053/745/628 1055/747/628 1056/748/1008
f 1057/749/1009 1058/750/1010 1032/726/986
f 1057/749/1009 1032/726/986 1031/725/985
f 1058/750/1011 1059/751/1012 1035/729/990
f 1058/750/1011 1035/729/990 1032/726/989
f 1059/751/1012 1060/752/1013 1037/731/993
f 1059/751/1012 1037/731/993 1035/729/990
f 1060/752/1013 1061/753/1014 1039/733/995
f 1060/752/1013 1039/733/995 1037/731/993
f 1061/753/1014 1062/754/1015 1041/735/997
f 1061/753/1014 1041/735/997 1039/733/995
f 1062/754/1016 1063/755/1017 1043/737/1000
f 1062/754/1016 1043/737/1000 1041/735/999
f 1063/755/1017 1064/756/1018 1045/739/1003
f 1063/755/1017 1045/739/1003 1043/737/1000
f 1064/756/1018 1065/757/547 1047/741/547
f 1064/756/1018 1047/741/547 1045/739/1003
f 1066/758/628 1067/759/628 1050/744/628
f 1066/758/628 1050/744/628 1049/743/628
f 1068/760/1019 1069/761/1019 1070/762/1019
f 1068/760/1019 1070/762/1019 1071/763/1019
f 1072/764/1020 1073/765/1021 1058/750/1010
f 1072/764/1020 1058/750/1010 1057/749/1009
f 1073/765/1022 1074/766/1023 1059/751/1012
f 1073/765/1022 1059/751/1012 1058/750/1011
f 1074/766/1023 1075/767/1024 1060/752/1013
f 1074/766/1023 1060/752/1013 1059/751/1012
f 1075/767/1024 1076/768/1025 1061/753/1014
f 1075/767/1024 1061/753/1014 1060/752/1013
f 1076/768/1025 1077/769/1026 1062/754/1015
f 1076/768/1025 1062/754/1015 1061/753/1014
f 1077/769/1027 1078/770/1028 1063/755/1017
f 1077/769/1027 1063/755/1017 1062/754/1016
f 1078/770/1028 1079/771/1029 1064/756/1018
f 1078/770/1028 1064/756/1018 1063/755/1017
f 1079/771/1029 1080/772/1030 1065/757/1031
f 1079/771/1029 1065/757/1031 1064/756/1018
f 1081/773/1032 1082/774/1032 1083/775/1032
f 1081/773/1032 1083/775/1032 1084/776/1032
f 1085/777/547 1052/743/547 1086/758/547
f 1085/777/547 1086/758/547 1087/778/547
f 1088/779/1033 1089/780/1034 1073/765/1021
f 1088/779/1033 1073/765/1021 1072/764/1020
f 1089/780/1035 1090/781/1036 1074/766/1023
f 1089/780/1035 1074/766/1023 1073/765/1022
f 1090/781/1036 1091/782/1037 1075/767/1024
f 1090/781/1036 1075/767/1024 1074/766/1023
f 1091/782/1037 1092/783/1038 1076/768/1025
f 1091/782/1037 1076/768/1025 1075/767/1024
f 1092/783/1038 1093/784/1039 1077/769/1026
f 1092/783/1038 1077/769/1026 1076/768/1025
f 1093/784/1040 1094/785/1041 1078/770/1028
f 1093/784/1040 1078/770/1028 1077/769/1040
f 1094/785/1041 1095/786/1042 1079/771/1029
f 1094/785/1041 1079/771/1029 1078/770/1028
f 1095/786/1042 1096/787/1043 1080/772/1030
f 1095/786/1042 1080/772/1030 1079/771/1029
f 1051/744/547 1097/788/771 1098/789/771
f 1051/744/547 1098/789/771 1099/759/547
f 1100/777/1044 1049/743/1044 1052/743/1044
f 1100/777/1044 1052/743/1044 1085/777/1044
f 1101/790/1045 1102/791/1046 1089/780/1034
f 1101/790/1045 1089/780/1034 1088/779/1033
f 1102/791/1047 1103/792/1048 1090/781/1036
f 1102/791/1047 1090/781/1036 1089/780/1035
f 1103/792/1048 1104/793/1049 1091/782/1037
f 1103/792/1048 1091/782/1037 1090/781/1036
f 1104/793/1049 1105/794/1050 1092/783/1038
f 1104/793/1049 1092/783/1038 1091/782/1037
f 1105/794/1050 1106/795/1051 1093/784/1039
f 1105/794/1050 1093/784/1039 1092/783/1038
f 1106/795/1052 1107/796/1053 1094/785/1041
f 1106/795/1052 1094/785/1041 1093/784/1054
f 1107/796/1053 1108/797/1055 1095/786/1042
f 1107/796/1053 1095/786/1042 1094/785/1041
f 1108/797/1055 1109/798/1056 1096/787/1043
f 1108/797/1055 1096/787/1043 1095/786/1042
f 1029/723/984 1028/722/984 1083/775/1057
f 1029/723/984 1083/775/1057 1082/774/1057
f 1110/778/628 1066/758/628 1049/743/628
f 1110/778/628 1049/743/628 1100/777/628
f 1111/799/1058 1112/800/1059 1102/791/1046
f 1111/799/1058 1102/791/1046 1101/790/1045
f 1112/800/1060 1113/801/1061 1103/792/1048
f 1112/800/1060 1103/792/1048 1102/791/1047
f 1113/801/1061 1114/802/1062 1104/793/1049
f 1113/801/1061 1104/793/1049 1103/792/1048
f 1114/802/1062 1115/803/1063 1105/794/1050
f 1114/802/1062 1105/794/1050 1104/793/1049
f 1115/803/1063 1116/804/1064 1106/795/1051
f 1115/803/1063 1106/795/1051 1105/794/1050
f 1116/804/1065 1117/805/1066 1107/796/1053
f 1116/804/1065 1107/796/1053 1106/795/1052
f 1117/805/1066 1118/806/1067 1108/797/1055
f 1117/805/1066 1108/797/1055 1107/796/1053
f 1118/806/1067 1119/807/628 1109/798/628
f 1118/806/1067 1109/798/628 1108/797/1055
f 1097/788/771 1120/746/771 1121/747/547
f 1097/788/771 1121/747/547 1098/789/771
f 1069/761/1068 1122/776/1068 1123/773/1068
f 1069/761/1068 1123/773/1068 1070/762/1068
f 1124/808/1069 1125/809/1070 1112/800/1059
f 1124/808/1069 1112/800/1059 1111/799/1058
f 1125/809/1071 1126/810/1072 1113/801/1061
f 1125/809/1071 1113/801/1061 1112/800/1060
f 1126/810/1072 1127/811/1073 1114/802/1062
f 1126/810/1072 1114/802/1062 1113/801/1061
f 1127/811/1073 1128/812/1074 1115/803/1063
f 1127/811/1073 1115/803/1063 1114/802/1062
f 1128/812/1074 1129/813/1075 1116/804/1064
f 1128/812/1074 1116/804/1064 1115/803/1063
f 1129/813/1076 1130/814/1077 1117/805/1066
f 1129/813/1076 1117/805/1066 1116/804/1065
f 1130/814/1077 1131/815/1078 1118/806/1067
f 1130/814/1077 1118/806/1067 1117/805/1066
f 1131/815/1078 1132/816/1079 1119/807/1080
f 1131/815/1078 1119/807/1080 1118/806/1067
f 1054/746/628 1133/788/628 1134/789/628
f 1054/746/628 1134/789/628 1055/747/628
f 1052/743/547 1051/744/547 1099/759/547
f 1052/743/547 1099/759/547 1086/758/547
f 1135/817/988 1136/818/987 1125/809/1070
f 1135/817/988 1125/809/1070 1124/808/1069
f 1136/818/992 1137/819/991 1126/810/1072
f 1136/818/992 1126/810/1072 1125/809/1071
f 1050/744/1081 1133/788/1081 1097/788/1081
f 1050/744/1081 1097/788/1081 1051/744/1081
f 1138/820/994 1139/821/996 1128/812/1074
f 1138/820/994 1128/812/1074 1127/811/1073
f 1067/759/628 1134/789/628 1133/788/628
f 1067/759/628 1133/788/628 1050/744/628
f 1140/822/1082 1141/823/1001 1130/814/1077
f 1140/822/1082 1130/814/1077 1129/813/1082
f 1141/823/1001 1142/824/1004 1131/815/1078
f 1141/823/1001 1131/815/1078 1130/814/1077
f 1142/824/1004 1143/825/1006 1132/816/1079
f 1142/824/1004 1132/816/1079 1131/815/1078
f 1054/746/1083 1120/746/1083 1097/788/1084
f 1054/746/1083 1097/788/1084 1133/788/1084
f 1137/819/991 1144/826/1085 1145/827/1086
f 1137/819/991 1145/827/1086 1126/810/1072
f 1146/828/994 1147/829/1087 1148/830/1085
f 1146/828/994 1148/830/1085 1149/831/991
f 1127/811/1073 1150/832/1088 1151/833/1087
f 1127/811/1073 1151/833/1087 1138/820/994
f 1126/810/1072 1145/827/1086 1150/832/1088
f 1126/810/1072 1150/832/1088 1127/811/1073
f 1139/821/996 1152/834/1089 1153/835/1090
f 1139/821/996 1153/835/1090 1128/812/1074
f 1154/836/998 1155/837/1091 1156/838/1089
f 1154/836/998 1156/838/1089 1157/839/996
f 1129/813/1075 1158/840/1092 1159/841/1091
f 1129/813/1075 1159/841/1091 1140/822/998
f 1128/812/1074 1153/835/1090 1158/840/1092
f 1128/812/1074 1158/840/1092 1129/813/1075
f 1160/745/1085 1120/746/1083 1054/746/1083
f 1160/745/1085 1054/746/1083 1053/745/1086
f 1161/748/547 1121/747/547 1120/746/771
f 1161/748/547 1120/746/771 1160/745/547
f 1162/842/108 1163/843/108 1164/844/108
f 1162/842/108 1164/844/108 1165/845/108
f 1163/843/108 1166/846/108 1167/847/108
f 1163/843/108 1167/847/108 1164/844/108
f 1168/848/108 1162/842/108 1165/845/108
f 1168/848/108 1165/845/108 1169/849/108
f 1170/850/4 1171/851/4 1172/852/4
f 1170/850/4 1172/852/4 1173/853/4
f 1171/851/4 1174/854/4 1175/855/4
f 1171/851/4 1175/855/4 1172/852/4
f 1176/856/4 1170/850/4 1173/853/4
f 1176/856/4 1173/853/4 1177/857/4
f 1178/858/1093 1179/859/1094 1180/860/1095
f 1178/858/1093 1180/860/1095 1181/861/1096
f 1182/862/1097 1183/863/1098 1179/859/1094
f 1182/862/1097 1179/859/1094 1178/858/1093
f 1184/864/1099 1185/865/1100 1183/863/1098
f 1184/864/1099 1183/863/1098 1182/862/1097
f 1179/859/1094 1186/866/1101 1187/867/1102
f 1179/859/1094 1187/867/1102 1180/860/1103
f 1183/863/1098 1188/868/1104 1186/866/1101
f 1183/863/1098 1186/866/1101 1179/859/1094
f 1185/865/1100 1189/869/1105 1188/868/1104
f 1185/865/1100 1188/868/1104 1183/863/1098
f 1186/866/1101 1190/870/1106 1191/871/1107
f 1186/866/1101 1191/871/1107 1187/867/1102
f 1188/868/1104 1192/872/1108 1190/870/1106
f 1188/868/1104 1190/870/1106 1186/866/1101
f 1189/869/1105 1193/873/1109 1192/872/1108
f 1189/869/1105 1192/872/1108 1188/868/1104
f 1190/870/1106 1194/874/1110 1195/875/1111
f 1190/870/1106 1195/875/1111 1191/871/1107
f 1192/872/1108 1196/876/1112 1194/874/1110
f 1192/872/1108 1194/874/1110 1190/870/1106
f 1193/873/1109 1197/877/1113 1196/876/1112
f 1193/873/1109 1196/876/1112 1192/872/1108
f 1194/874/1110 1198/878/1114 1199/879/1115
f 1194/874/1110 1199/879/1115 1195/875/1111
f 1196/876/1112 1200/880/1116 1198/878/1114
f 1196/876/1112 1198/878/1114 1194/874/1110
f 1197/877/1113 1201/881/1117 1200/880/1116
f 1197/877/1113 1200/880/1116 1196/876/1112
f 1198/878/1114 1202/882/1118 1203/883/1119
f 1198/878/1114 1203/883/1119 1199/879/1120
f 1200/880/1116 1204/884/1121 1202/882/1118
f 1200/880/1116 1202/882/1118 1198/878/1114
f 1201/881/1117 1205/885/1122 1204/884/1121
f 1201/881/1117 1204/884/1121 1200/880/1116
f 1202/882/1118 1206/886/1123 1207/887/1124
f 1202/882/1118 1207/887/1124 1203/883/1119
f 1204/884/1121 1208/888/1125 1206/886/1123
f 1204/884/1121 1206/886/1123 1202/882/1118
f 1205/885/1122 1209/889/1126 1208/888/1125
f 1205/885/1122 1208/888/1125 1204/884/1121
f 1206/886/1123 1210/890/1127 1211/891/1128
f 1206/886/1123 1211/891/1128 1207/887/1124
f 1208/888/1125 1212/892/1129 1210/890/1127
f 1208/888/1125 1210/890/1127 1206/886/1123
f 1209/889/1126 1213/893/1130 1212/892/1129
f 1209/889/1126 1212/892/1129 1208/888/1125
f 1214/894/1131 1215/895/1132 1185/865/1133
f 1214/894/1131 1185/865/1133 1184/864/1134
f 1216/896/1135 1217/897/1136 1215/895/1132
f 1216/896/1135 1215/895/1132 1214/894/1131
f 1218/898/1137 1219/899/1138 1217/897/1136
f 1218/898/1137 1217/897/1136 1216/896/1135
f 1215/895/1139 1220/900/1140 1189/869/1141
f 1215/895/1139 1189/869/1141 1185/865/1142
f 1217/897/1143 1221/901/1144 1220/900/1140
f 1217/897/1143 1220/900/1140 1215/895/1139
f 1219/899/1145 1222/902/1146 1221/901/1144
f 1219/899/1145 1221/901/1144 1217/897/1143
f 1220/900/1147 1223/903/1148 1193/873/1149
f 1220/900/1147 1193/873/1149 1189/869/1150
f 1221/901/1151 1224/904/1152 1223/903/1148
f 1221/901/1151 1223/903/1148 1220/900/1147
f 1222/902/1153 1225/905/1154 1224/904/1152
f 1222/902/1153 1224/904/1152 1221/901/1151
f 1223/903/1148 1226/906/1155 1197/877/1156
f 1223/903/1148 1197/877/1156 1193/873/1149
f 1224/904/1152 1227/907/1157 1226/906/1155
f 1224/904/1152 1226/906/1155 1223/903/1148
f 1225/905/1154 1228/908/1158 1227/907/1157
f 1225/905/1154 1227/907/1157 1224/904/1152
f 1226/906/1155 1229/909/1159 1201/881/1117
f 1226/906/1155 1201/881/1117 1197/877/1156
f 1227/907/1160 1230/910/1161 1229/909/1162
f 1227/907/1160 1229/909/1162 1226/906/1163
f 1228/908/1164 1231/911/1165 1230/910/1166
f 1228/908/1167 1230/910/1161 1227/907/1160
f 1229/909/1168 1232/912/1169 1205/885/1170
f 1229/909/1159 1205/885/1122 1201/881/1117
f 1230/910/1166 1233/913/1171 1232/912/1169
f 1230/910/1166 1232/912/1169 1229/909/1168
f 1231/911/1165 1234/914/1172 1233/913/1171
f 1231/911/1165 1233/913/1171 1230/910/1166
f 1232/912/1169 1235/915/1173 1209/889/1174
f 1232/912/1169 1209/889/1174 1205/885/1170
f 1233/913/1171 1236/916/1175 1235/915/1173
f 1233/913/1171 1235/915/1173 1232/912/1169
f 1234/914/1172 1237/917/1176 1236/916/1175
f 1234/914/1172 1236/916/1175 1233/913/1171
f 1235/915/1177 1238/918/1178 1213/893/1130
f 1235/915/1177 1213/893/1130 1209/889/1126
f 1236/916/1179 1239/919/1180 1238/918/1178
f 1236/916/1179 1238/918/1178 1235/915/1177
f 1237/917/1181 1240/920/1182 1239/919/1180
f 1237/917/1181 1239/919/1180 1236/916/1179
f 1241/921/1183 1242/922/1184 1243/923/1185
f 1241/921/1183 1243/923/1185 1244/924/1186
f 1245/925/1187 1246/926/1188 1242/922/1184
f 1245/925/1187 1242/922/1184 1241/921/1183
f 1247/927/1189 1248/928/1190 1246/926/1188
f 1247/927/1189 1246/926/1188 1245/925/1187
f 1242/922/1184 1249/929/1191 1250/930/1192
f 1242/922/1184 1250/930/1192 1243/923/1185
f 1246/926/1188 1251/931/1193 1249/929/1191
f 1246/926/1188 1249/929/1191 1242/922/1184
f 1248/928/1190 1252/932/1194 1251/931/1193
f 1248/928/1190 1251/931/1193 1246/926/1188
f 1249/929/1191 1253/933/1195 1254/934/1196
f 1249/929/1191 1254/934/1196 1250/930/1192
f 1251/931/1193 1255/935/1197 1253/933/1195
f 1251/931/1193 1253/933/1195 1249/929/1191
f 1252/932/1194 1256/936/1198 1255/935/1197
f 1252/932/1194 1255/935/1197 1251/931/1193
f 1253/933/1195 1257/937/1199 1258/938/1164
f 1253/933/1195 1258/938/1164 1254/934/1196
f 1255/935/1197 1259/939/1200 1257/937/1199
f 1255/935/1197 1257/937/1199 1253/933/1195
f 1256/936/1198 1260/940/1201 1259/939/1200
f 1256/936/1198 1259/939/1200 1255/935/1197
f 1257/937/1199 1261/941/1202 1262/942/1165
f 1257/937/1199 1262/942/1165 1258/938/1164
f 1259/939/1200 1263/943/1203 1261/941/1202
f 1259/939/1200 1261/941/1202 1257/937/1199
f 1260/940/1201 1264/944/1204 1263/943/1203
f 1260/940/1201 1263/943/1203 1259/939/1200
f 1261/941/1202 1265/945/1205 1266/946/1206
f 1261/941/1202 1266/946/1206 1262/942/1165
f 1263/943/1203 1267/947/1207 1265/945/1205
f 1263/943/1203 1265/945/1205 1261/941/1202
f 1264/944/1208 1268/948/1209 1267/947/1207
f 1264/944/1208 1267/947/1207 1263/943/1203
f 1265/945/1205 1269/949/1210 1270/950/1181
f 1265/945/1205 1270/950/1181 1266/946/1206
f 1267/947/1207 1271/951/1211 1269/949/1210
f 1267/947/1207 1269/949/1210 1265/945/1205
f 1268/948/1212 1272/952/1213 1271/951/1211
f 1268/948/1212 1271/951/1211 1267/947/1207
f 1269/949/1210 1273/953/1214 1274/954/1182
f 1269/949/1210 1274/954/1182 1270/950/1181
f 1271/951/1211 1275/955/1215 1273/953/1214
f 1271/951/1211 1273/953/1214 1269/949/1210
f 1272/952/1213 1276/956/1216 1275/955/1215
f 1272/952/1213 1275/955/1215 1271/951/1211
f 1277/957/1217 1278/958/1218 1248/928/1219
f 1277/957/1217 1248/928/1219 1247/927/1220
f 1279/959/1221 1280/960/1222 1278/958/1218
f 1279/959/1221 1278/958/1218 1277/957/1217
f 1281/961/1223 1282/962/1224 1280/960/1222
f 1281/961/1223 1280/960/1222 1279/959/1221
f 1278/958/1225 1283/963/1226 1252/932/1194
f 1278/958/1225 1252/932/1194 1248/928/1190
f 1280/960/1227 1284/964/1228 1283/963/1226
f 1280/960/1227 1283/963/1226 1278/958/1225
f 1282/962/1229 1285/965/1230 1284/964/1228
f 1282/962/1229 1284/964/1228 1280/960/1227
f 1283/963/1226 1286/966/1231 1256/936/1232
f 1283/963/1226 1256/936/1232 1252/932/1194
f 1284/964/1228 1287/967/1233 1286/966/1231
f 1284/964/1228 1286/966/1231 1283/963/1226
f 1285/965/1230 1288/968/1234 1287/967/1233
f 1285/965/1230 1287/967/1233 1284/964/1228
f 1286/966/1235 1289/969/1236 1260/940/1201
f 1286/966/1235 1260/940/1201 1256/936/1198
f 1287/967/1233 1290/970/1237 1289/969/1236
f 1287/967/1233 1289/969/1236 1286/966/1235
f 1288/968/1234 1291/971/1111 1290/970/1237
f 1288/968/1234 1290/970/1237 1287/967/1233
f 1289/969/1236 1292/972/1238 1264/944/1204
f 1289/969/1236 1264/944/1204 1260/940/1201
f 1290/970/1237 1293/973/1239 1292/972/1238
f 1290/970/1237 1292/972/1238 1289/969/1236
f 1291/971/1111 1294/974/1115 1293/973/1239
f 1291/971/1111 1293/973/1239 1290/970/1237
f 1292/972/1240 1295/975/1241 1268/948/1209
f 1292/972/1240 1268/948/1209 1264/944/1208
f 1293/973/1242 1296/976/1243 1295/975/1241
f 1293/973/1242 1295/975/1241 1292/972/1240
f 1294/974/1120 1297/977/1119 1296/976/1243
f 1294/974/1120 1296/976/1243 1293/973/1242
f 1295/975/1244 1298/978/1245 1272/952/1213
f 1295/975/1244 1272/952/1213 1268/948/1212
f 1296/976/1246 1299/979/1247 1298/978/1245
f 1296/976/1246 1298/978/1245 1295/975/1244
f 1297/977/1119 1300/980/1124 1299/979/1247
f 1297/977/1119 1299/979/1247 1296/976/1246
f 1298/978/1245 1301/981/1248 1276/956/1216
f 1298/978/1245 1276/956/1216 1272/952/1213
f 1299/979/1247 1302/982/1249 1301/981/1248
f 1299/979/1247 1301/981/1248 1298/978/1245
f 1300/980/1124 1303/983/1128 1302/982/1249
f 1300/980/1124 1302/982/1249 1299/979/1247
f 1304/984/1127 1305/985/1250 1306/986/1249
f 1304/984/1127 1306/986/1249 1307/987/1128
f 1308/988/1129 1309/989/1251 1305/985/1250
f 1308/988/1129 1305/985/1250 1304/984/1127
f 1310/990/1130 1311/991/1178 1309/989/1251
f 1310/990/1130 1309/989/1251 1308/988/1129
f 1305/985/1250 1312/992/1252 1313/993/1248
f 1305/985/1250 1313/993/1248 1306/986/1249
f 1309/989/1251 1314/994/1253 1312/992/1252
f 1309/989/1251 1312/992/1252 1305/985/1250
f 1311/991/1178 1315/995/1180 1314/994/1253
f 1311/991/1178 1314/994/1253 1309/989/1251
f 1312/992/1252 1316/996/1215 1317/997/1216
f 1312/992/1252 1317/997/1216 1313/993/1248
f 1314/994/1253 1318/998/1214 1316/996/1215
f 1314/994/1253 1316/996/1215 1312/992/1252
f 1315/995/1180 1319/999/108 1318/998/1214
f 1315/995/1180 1318/998/1214 1314/994/1253
f 1320/1000/4 1321/1001/4 1322/1002/1217
f 1320/1000/4 1322/1002/1217 1323/1003/1220
f 1324/1004/4 1325/1005/4 1321/1001/4
f 1324/1004/4 1321/1001/4 1320/1000/4
f 1326/1006/4 1327/1007/4 1325/1005/4
f 1326/1006/4 1325/1005/4 1324/1004/4
f 1321/1001/4 1328/1008/4 1329/1009/1221
f 1321/1001/4 1329/1009/1221 1322/1002/1217
f 1325/1005/4 1330/1010/4 1328/1008/4
f 1325/1005/4 1328/1008/4 1321/1001/4
f 1327/1007/4 1331/1011/4 1330/1010/4
f 1327/1007/4 1330/1010/4 1325/1005/4
f 1328/1008/4 1332/1012/592 1333/1013/1223
f 1328/1008/4 1333/1013/1223 1329/1009/1221
f 1330/1010/4 1334/1014/4 1332/1012/592
f 1330/1010/4 1332/1012/592 1328/1008/4
f 1331/1011/4 1335/1015/4 1334/1014/4
f 1331/1011/4 1334/1014/4 1330/1010/4
f 1336/1016/1254 1337/1017/1255 1338/1018/1256
f 1336/1016/1254 1338/1018/1256 1339/1019/1257
f 1340/1020/1258 1341/1021/1259 1342/1022/1260
f 1340/1020/1258 1342/1022/1260 1343/1023/1261
f 1344/1024/1262 1345/1025/1263 1346/1026/1264
f 1344/1024/1262 1346/1026/1264 1347/1027/1265
f 1347/1027/1265 1346/1026/1264 1348/1028/1266
f 1347/1027/1265 1348/1028/1266 1349/1029/1267
f 1350/1030/1268 1351/1031/1269 1352/1032/1270
f 1350/1030/1268 1352/1032/1270 1353/1033/1271
f 1354/1034/1272 1355/1035/1273 1356/1036/1274
f 1354/1034/1272 1356/1036/1274 1357/1037/1275
f 1358/1038/1276 1359/1039/1277 1360/1040/1278
f 1358/1038/1276 1360/1040/1278 1361/1041/1279
f 1362/1042/1280 1363/1043/1281 1364/1044/1282
f 1362/1042/1280 1364/1044/1282 1365/1045/1283
f 1349/1029/1267 1348/1028/1266 1355/1035/1284
f 1349/1029/1267 1355/1035/1284 1354/1034/1285
f 1351/1031/1269 1366/1046/1286 1367/1047/1287
f 1351/1031/1269 1367/1047/1287 1352/1032/1270
f 1368/1048/1288 1369/1049/1289 1370/1050/1290
f 1368/1048/1288 1370/1050/1290 1371/1051/1291
f 1372/1052/1292 1373/1053/1293 1366/1046/1286
f 1372/1052/1292 1366/1046/1286 1351/1031/1269
f 1374/1054/1294 1375/1055/1295 1376/1056/1296
f 1374/1054/1294 1376/1056/1296 1377/1057/1297
f 1378/1058/1298 1379/1059/1299 1380/1060/1300
f 1378/1058/1298 1380/1060/1300 1381/1061/1301
f 1357/1037/1275 1356/1036/1274 1382/1062/1302
f 1357/1037/1275 1382/1062/1302 1383/1063/1303
f 1383/1063/1303 1382/1062/1302 1373/1053/1304
f 1383/1063/1303 1373/1053/1304 1372/1052/1305
f 1337/1017/1255 1384/1064/1306 1385/1065/1307
f 1337/1017/1255 1385/1065/1307 1338/1018/1256
f 1374/1054/1308 1386/1066/1309 1387/1067/1310
f 1374/1054/1308 1387/1067/1310 1388/1068/1311
f 1389/1069/1312 1372/1052/1292 1351/1031/1269
f 1389/1069/1312 1351/1031/1269 1350/1030/1268
f 1336/1016/1254 1390/1070/1313 1391/1071/1314
f 1336/1016/1254 1391/1071/1314 1377/1057/1297
f 1392/1072/1315 1393/1073/1316 1394/1074/1317
f 1392/1072/1315 1394/1074/1317 1371/1051/1318
f 1369/1049/1289 1395/1075/1319 1396/1076/1320
f 1369/1049/1289 1396/1076/1320 1370/1050/1290
f 1375/1055/1295 1397/1077/1321 1398/1078/1322
f 1375/1055/1295 1398/1078/1322 1376/1056/1296
f 1368/1048/1288 1399/1079/1323 1400/1080/1324
f 1368/1048/1288 1400/1080/1324 1339/1019/1325
f 1401/1081/1326 1397/1077/1321 1402/1082/1327
f 1401/1081/1326 1402/1082/1327 1403/1083/1328
f 1404/1084/1329 1384/1064/1330 1398/1078/1322
f 1404/1084/1329 1398/1078/1322 1405/1085/1331
f 1406/1086/1332 1407/1087/1333 1396/1076/1320
f 1406/1086/1332 1396/1076/1320 1408/1088/1334
f 1409/1089/1335 1395/1075/1336 1385/1065/1337
f 1409/1089/1335 1385/1065/1337 1410/1090/1338
f 1404/1084/1339 1361/1041/1279 1378/1058/1340
f 1404/1084/1339 1378/1058/1340 1410/1090/1341
f 1411/1091/1332 1412/1092/1342 1340/1020/1258
f 1411/1091/1332 1340/1020/1258 1403/1083/1343
f 1409/1089/1344 1381/1061/1345 1362/1042/1280
f 1409/1089/1344 1362/1042/1280 1408/1088/1334
f 1401/1081/1326 1343/1023/1346 1358/1038/1276
f 1401/1081/1326 1358/1038/1276 1405/1085/1331
f 1343/1023/1261 1401/1081/1326 1403/1083/1328
f 1343/1023/1261 1403/1083/1328 1340/1020/1258
f 1361/1041/1279 1404/1084/1329 1405/1085/1331
f 1361/1041/1279 1405/1085/1331 1358/1038/1276
f 1365/1045/1283 1406/1086/1332 1408/1088/1334
f 1365/1045/1283 1408/1088/1334 1362/1042/1280
f 1381/1061/1301 1409/1089/1335 1410/1090/1338
f 1381/1061/1301 1410/1090/1338 1378/1058/1298
f 1361/1041/1279 1360/1040/1278 1379/1059/1299
f 1361/1041/1279 1379/1059/1299 1378/1058/1340
f 1412/1092/1342 1413/1093/1347 1341/1021/1259
f 1412/1092/1342 1341/1021/1259 1340/1020/1258
f 1381/1061/1345 1380/1060/1348 1363/1043/1281
f 1381/1061/1345 1363/1043/1281 1362/1042/1280
f 1343/1023/1346 1342/1022/1349 1359/1039/1277
f 1343/1023/1346 1359/1039/1277 1358/1038/1276
f 1339/1019/1257 1400/1080/1350 1390/1070/1313
f 1339/1019/1257 1390/1070/1313 1336/1016/1254
f 1388/1068/1311 1387/1067/1310 1414/1094/1316
f 1388/1068/1311 1414/1094/1316 1415/1095/1315
f 1371/1051/1291 1394/1074/1351 1399/1079/1352
f 1371/1051/1291 1399/1079/1352 1368/1048/1288
f 1377/1057/1297 1391/1071/1314 1386/1066/1353
f 1377/1057/1297 1386/1066/1353 1374/1054/1294
f 1388/1068/1311 1416/1096/1354 1375/1055/1295
f 1388/1068/1311 1375/1055/1295 1374/1054/1308
f 1377/1057/1297 1376/1056/1296 1337/1017/1255
f 1377/1057/1297 1337/1017/1255 1336/1016/1254
f 1417/1097/1355 1357/1037/1275 1383/1063/1303
f 1417/1097/1355 1383/1063/1303 1418/1098/1356
f 1339/1019/1325 1338/1018/1357 1369/1049/1289
f 1339/1019/1325 1369/1049/1289 1368/1048/1288
f 1384/1064/1306 1404/1084/1339 1410/1090/1341
f 1384/1064/1306 1410/1090/1341 1385/1065/1307
f 1419/1099/1333 1411/1091/1332 1403/1083/1343
f 1419/1099/1333 1403/1083/1343 1402/1082/1358
f 1395/1075/1319 1409/1089/1344 1408/1088/1334
f 1395/1075/1319 1408/1088/1334 1396/1076/1320
f 1397/1077/1321 1401/1081/1326 1405/1085/1331
f 1397/1077/1321 1405/1085/1331 1398/1078/1322
f 1397/1077/1321 1375/1055/1295 1416/1096/1354
f 1397/1077/1321 1416/1096/1354 1402/1082/1327
f 1384/1064/1330 1337/1017/1255 1376/1056/1296
f 1384/1064/1330 1376/1056/1296 1398/1078/1322
f 1418/1098/1356 1383/1063/1303 1372/1052/1305
f 1418/1098/1356 1372/1052/1305 1389/1069/1359
f 1395/1075/1336 1369/1049/1289 1338/1018/1357
f 1395/1075/1336 1338/1018/1357 1385/1065/1337
f 1420/1100/1315 1421/1101/1360 1422/1102/1361
f 1420/1100/1315 1422/1102/1361 1423/1103/1311
f 1423/1103/1311 1422/1102/1361 1424/1104/1362
f 1423/1103/1311 1424/1104/1362 1425/1105/1354
f 1426/1106/1363 1427/1107/1364 1428/1108/1365
f 1426/1106/1363 1428/1108/1365 1429/1109/1366
f 1425/1105/1354 1424/1104/1362 1427/1107/1367
f 1425/1105/1354 1427/1107/1367 1426/1106/1327
f 1430/1110/1291 1431/1111/1368 1432/1112/1360
f 1430/1110/1291 1432/1112/1360 1433/1113/1315
f 1434/1114/1290 1435/1115/1369 1431/1111/1368
f 1434/1114/1290 1431/1111/1368 1430/1110/1291
f 1429/1109/1366 1428/1108/1365 1436/1116/1370
f 1429/1109/1366 1436/1116/1370 1437/1117/1320
f 1437/1117/1320 1436/1116/1370 1435/1115/1369
f 1437/1117/1320 1435/1115/1369 1434/1114/1290
f 1421/1101/1360 1438/1118/1371 1439/1119/1372
f 1421/1101/1360 1439/1119/1372 1422/1102/1361
f 1422/1102/1361 1439/1119/1372 1440/1120/1373
f 1422/1102/1361 1440/1120/1373 1424/1104/1362
f 1427/1107/1374 1441/1121/1375 1417/1097/1355
f 1427/1107/1374 1417/1097/1355 1428/1108/1376
f 1424/1104/1362 1440/1120/1373 1441/1121/1377
f 1424/1104/1362 1441/1121/1377 1427/1107/1367
f 1431/1111/1368 1350/1030/1268 1353/1033/1271
f 1431/1111/1368 1353/1033/1271 1432/1112/1360
f 1435/1115/1369 1389/1069/1312 1350/1030/1268
f 1435/1115/1369 1350/1030/1268 1431/1111/1368
f 1428/1108/1378 1417/1097/1355 1418/1098/1356
f 1428/1108/1378 1418/1098/1356 1436/1116/1379
f 1436/1116/1379 1418/1098/1356 1389/1069/1359
f 1436/1116/1379 1389/1069/1359 1435/1115/1380
f 1438/1118/1371 1344/1024/1262 1347/1027/1265
f 1438/1118/1371 1347/1027/1265 1439/1119/1372
f 1439/1119/1372 1347/1027/1265 1349/1029/1267
f 1439/1119/1372 1349/1029/1267 1440/1120/1373
f 1441/1121/1375 1354/1034/1272 1357/1037/1275
f 1441/1121/1375 1357/1037/1275 1417/1097/1355
f 1440/1120/1373 1349/1029/1267 1354/1034/1285
f 1440/1120/1373 1354/1034/1285 1441/1121/1377
f 1442/1122/1381 1443/1123/1382 1444/1124/1383
f 1442/1122/1381 1444/1124/1383 1445/1125/1278
f 1444/1124/1383 1446/1126/1384 1447/1127/1299
f 1444/1124/1383 1447/1127/1299 1445/1125/1278
f 1442/1122/1385 1448/1128/1260 1449/1129/1386
f 1442/1122/1385 1449/1129/1386 1443/1123/1387
f 1446/1126/1384 1450/1130/1388 1451/1131/1389
f 1446/1126/1384 1451/1131/1389 1447/1127/1299
f 1448/1128/1260 1452/1132/1390 1453/1133/1391
f 1448/1128/1260 1453/1133/1391 1449/1129/1386
f 1450/1130/1388 1454/1134/1392 1455/1135/1393
f 1450/1130/1388 1455/1135/1393 1451/1131/1389
f 1452/1132/1390 1456/1136/1394 1457/1137/1395
f 1452/1132/1390 1457/1137/1395 1453/1133/1391
f 1455/1135/1396 1454/1134/1397 1458/1138/1398
f 1455/1135/1396 1458/1138/1398 1459/1139/1399
f 1460/1140/1400 1461/1141/1401 1462/1142/1402
f 1460/1140/1400 1462/1142/1402 1463/1143/1403
f 1464/1144/1404 1465/1145/1405 1466/1146/1406
f 1464/1144/1404 1466/1146/1406 1467/1147/1407
f 1467/1147/1407 1460/1140/1400 1463/1143/1403
f 1467/1147/1407 1463/1143/1403 1464/1144/1404
f 1468/1148/1408 1469/1149/1409 1456/1136/1394
f 1468/1148/1408 1456/1136/1394 1452/1132/1390
f 1451/1131/1389 1455/1135/1393 1470/1150/1410
f 1451/1131/1389 1470/1150/1410 1471/1151/1411
f 1472/1152/1259 1468/1148/1408 1452/1132/1390
f 1472/1152/1259 1452/1132/1390 1448/1128/1260
f 1447/1127/1299 1451/1131/1389 1471/1151/1411
f 1447/1127/1299 1471/1151/1411 1473/1153/1300
f 1470/1150/1412 1455/1135/1396 1459/1139/1399
f 1470/1150/1412 1459/1139/1399 1474/1154/1413
f 1475/1155/1264 1476/1156/1414 1477/1157/1415
f 1475/1155/1264 1477/1157/1415 1478/1158/1266
f 1479/1159/1302 1480/1160/1416 1481/1161/1417
f 1479/1159/1302 1481/1161/1417 1482/1162/1304
f 1476/1156/1414 1483/1163/1418 1484/1164/1419
f 1476/1156/1414 1484/1164/1419 1477/1157/1415
f 1480/1160/1416 1485/1165/1420 1486/1166/1421
f 1480/1160/1416 1486/1166/1421 1481/1161/1417
f 1486/1166/1422 1485/1165/1423 1487/1167/1424
f 1486/1166/1422 1487/1167/1424 1488/1168/1425
f 1489/1169/1426 1490/1170/1427 1491/1171/1426
f 1489/1169/1426 1491/1171/1426 1492/1172/1428
f 1479/1159/1429 1490/1170/1430 1489/1169/1429
f 1479/1159/1429 1489/1169/1429 1473/1153/1431
f 1479/1159/1302 1473/1153/1300 1471/1151/1411
f 1479/1159/1302 1471/1151/1411 1480/1160/1416
f 1480/1160/1416 1471/1151/1411 1470/1150/1410
f 1480/1160/1416 1470/1150/1410 1485/1165/1420
f 1485/1165/1423 1470/1150/1412 1474/1154/1413
f 1485/1165/1423 1474/1154/1413 1487/1167/1424
f 1468/1148/1408 1477/1157/1415 1484/1164/1419
f 1468/1148/1408 1484/1164/1419 1469/1149/1409
f 1472/1152/1259 1478/1158/1266 1477/1157/1415
f 1472/1152/1259 1477/1157/1415 1468/1148/1408
f 1492/1172/1432 1491/1171/1433 1478/1158/1266
f 1492/1172/1432 1478/1158/1266 1472/1152/1259
f 1493/1173/1434 1494/1174/1435 1495/1175/1434
f 1493/1173/1434 1495/1175/1434 1475/1155/1436
f 1475/1155/1264 1495/1175/1437 1496/1176/1438
f 1475/1155/1264 1496/1176/1438 1476/1156/1414
f 1497/1177/1439 1498/1178/1440 1494/1174/1439
f 1497/1177/1439 1494/1174/1439 1493/1173/1441
f 1476/1156/1414 1496/1176/1438 1499/1179/1442
f 1476/1156/1414 1499/1179/1442 1483/1163/1418
f 1482/1162/1293 1500/1180/1443 1498/1178/1444
f 1482/1162/1293 1498/1178/1444 1497/1177/1286
f 1488/1168/1425 1501/1181/1445 1502/1182/1446
f 1488/1168/1425 1502/1182/1446 1486/1166/1422
f 1481/1161/1417 1503/1183/1447 1500/1180/1448
f 1481/1161/1417 1500/1180/1448 1482/1162/1304
f 1486/1166/1421 1502/1182/1449 1503/1183/1447
f 1486/1166/1421 1503/1183/1447 1481/1161/1417
f 1504/1184/547 1505/1185/547 1506/1186/547
f 1504/1184/547 1506/1186/547 1507/1187/547
f 1507/1187/547 1508/1188/547 1509/1189/547
f 1507/1187/547 1509/1189/547 1504/1184/547
f 1508/1188/547 1510/1190/547 1511/1191/547
f 1508/1188/547 1511/1191/547 1509/1189/547
f 1512/1018/1450 1513/1017/1451 1514/1016/1452
f 1512/1018/1450 1514/1016/1452 1515/1019/1453
f 1516/1022/1454 1517/1021/1455 1518/1020/1456
f 1516/1022/1454 1518/1020/1456 1519/1023/1457
f 1520/1026/1458 1521/1025/1459 1522/1024/1460
f 1520/1026/1458 1522/1024/1460 1523/1027/1461
f 1524/1028/1462 1520/1026/1458 1523/1027/1461
f 1524/1028/1462 1523/1027/1461 1525/1029/1463
f 1526/1032/1464 1527/1031/1465 1528/1030/1466
f 1526/1032/1464 1528/1030/1466 1529/1033/1467
f 1530/1036/1468 1531/1035/1469 1532/1034/1470
f 1530/1036/1468 1532/1034/1470 1533/1037/1471
f 1534/1040/1472 1535/1039/1473 1536/1038/1474
f 1534/1040/1472 1536/1038/1474 1537/1041/1475
f 1538/1044/1476 1539/1043/1477 1540/1042/1478
f 1538/1044/1476 1540/1042/1478 1541/1045/1479
f 1531/1035/1480 1524/1028/1462 1525/1029/1463
f 1531/1035/1480 1525/1029/1463 1532/1034/1481
f 1542/1047/1482 1543/1046/1483 1527/1031/1465
f 1542/1047/1482 1527/1031/1465 1526/1032/1464
f 1544/1050/1484 1545/1049/1485 1546/1048/1486
f 1544/1050/1484 1546/1048/1486 1547/1051/1487
f 1543/1046/1483 1548/1053/1488 1549/1052/1489
f 1543/1046/1483 1549/1052/1489 1527/1031/1465
f 1550/1056/1490 1551/1055/1491 1552/1054/1492
f 1550/1056/1490 1552/1054/1492 1553/1057/1493
f 1554/1060/1494 1555/1059/1495 1556/1058/1496
f 1554/1060/1494 1556/1058/1496 1557/1061/1497
f 1558/1062/1498 1530/1036/1468 1533/1037/1471
f 1558/1062/1498 1533/1037/1471 1559/1063/1499
f 1548/1053/1500 1558/1062/1498 1559/1063/1499
f 1548/1053/1500 1559/1063/1499 1549/1052/1501
f 1560/1065/1502 1561/1064/1503 1513/1017/1451
f 1560/1065/1502 1513/1017/1451 1512/1018/1450
f 1562/1067/1504 1563/1066/1505 1552/1054/1506
f 1562/1067/1504 1552/1054/1506 1564/1068/1507
f 1527/1031/1465 1549/1052/1489 1565/1069/1508
f 1527/1031/1465 1565/1069/1508 1528/1030/1466
f 1566/1071/1509 1567/1070/1510 1514/1016/1452
f 1566/1071/1509 1514/1016/1452 1553/1057/1493
f 1568/1074/1511 1569/1073/1512 1570/1072/1513
f 1568/1074/1511 1570/1072/1513 1547/1051/1514
f 1571/1076/1515 1572/1075/1516 1545/1049/1485
f 1571/1076/1515 1545/1049/1485 1544/1050/1484
f 1573/1078/1517 1574/1077/1518 1551/1055/1491
f 1573/1078/1517 1551/1055/1491 1550/1056/1490
f 1575/1080/1519 1576/1079/1520 1546/1048/1486
f 1575/1080/1519 1546/1048/1486 1515/1019/1521
f 1577/1082/1522 1574/1077/1518 1578/1081/1523
f 1577/1082/1522 1578/1081/1523 1579/1083/1524
f 1573/1078/1517 1561/1064/1525 1580/1084/1526
f 1573/1078/1517 1580/1084/1526 1581/1085/1527
f 1571/1076/1515 1582/1087/1528 1583/1086/1529
f 1571/1076/1515 1583/1086/1529 1584/1088/1530
f 1560/1065/1531 1572/1075/1532 1585/1089/1533
f 1560/1065/1531 1585/1089/1533 1586/1090/1534
f 1556/1058/1535 1537/1041/1475 1580/1084/1536
f 1556/1058/1535 1580/1084/1536 1586/1090/1537
f 1518/1020/1456 1587/1092/1538 1588/1091/1529
f 1518/1020/1456 1588/1091/1529 1579/1083/1539
f 1540/1042/1478 1557/1061/1540 1585/1089/1541
f 1540/1042/1478 1585/1089/1541 1584/1088/1530
f 1536/1038/1474 1519/1023/1542 1578/1081/1523
f 1536/1038/1474 1578/1081/1523 1581/1085/1527
f 1579/1083/1524 1578/1081/1523 1519/1023/1457
f 1579/1083/1524 1519/1023/1457 1518/1020/1456
f 1581/1085/1527 1580/1084/1526 1537/1041/1475
f 1581/1085/1527 1537/1041/1475 1536/1038/1474
f 1584/1088/1530 1583/1086/1529 1541/1045/1479
f 1584/1088/1530 1541/1045/1479 1540/1042/1478
f 1586/1090/1534 1585/1089/1533 1557/1061/1497
f 1586/1090/1534 1557/1061/1497 1556/1058/1496
f 1555/1059/1495 1534/1040/1472 1537/1041/1475
f 1555/1059/1495 1537/1041/1475 1556/1058/1535
f 1517/1021/1455 1589/1093/1543 1587/1092/1538
f 1517/1021/1455 1587/1092/1538 1518/1020/1456
f 1539/1043/1477 1554/1060/1544 1557/1061/1540
f 1539/1043/1477 1557/1061/1540 1540/1042/1478
f 1535/1039/1473 1516/1022/1545 1519/1023/1542
f 1535/1039/1473 1519/1023/1542 1536/1038/1474
f 1567/1070/1510 1575/1080/1546 1515/1019/1453
f 1567/1070/1510 1515/1019/1453 1514/1016/1452
f 1590/1094/1512 1562/1067/1504 1564/1068/1507
f 1590/1094/1512 1564/1068/1507 1591/1095/1513
f 1576/1079/1547 1568/1074/1548 1547/1051/1487
f 1576/1079/1547 1547/1051/1487 1546/1048/1486
f 1563/1066/1549 1566/1071/1509 1553/1057/1493
f 1563/1066/1549 1553/1057/1493 1552/1054/1492
f 1551/1055/1491 1592/1096/1550 1564/1068/1507
f 1551/1055/1491 1564/1068/1507 1552/1054/1506
f 1513/1017/1451 1550/1056/1490 1553/1057/1493
f 1513/1017/1451 1553/1057/1493 1514/1016/1452
f 1559/1063/1499 1533/1037/1471 1593/1097/1551
f 1559/1063/1499 1593/1097/1551 1594/1098/1552
f 1545/1049/1485 1512/1018/1553 1515/1019/1521
f 1545/1049/1485 1515/1019/1521 1546/1048/1486
f 1586/1090/1537 1580/1084/1536 1561/1064/1503
f 1586/1090/1537 1561/1064/1503 1560/1065/1502
f 1579/1083/1539 1588/1091/1529 1595/1099/1528
f 1579/1083/1539 1595/1099/1528 1577/1082/1554
f 1584/1088/1530 1585/1089/1541 1572/1075/1516
f 1584/1088/1530 1572/1075/1516 1571/1076/1515
f 1581/1085/1527 1578/1081/1523 1574/1077/1518
f 1581/1085/1527 1574/1077/1518 1573/1078/1517
f 1592/1096/1550 1551/1055/1491 1574/1077/1518
f 1592/1096/1550 1574/1077/1518 1577/1082/1522
f 1550/1056/1490 1513/1017/1451 1561/1064/1525
f 1550/1056/1490 1561/1064/1525 1573/1078/1517
f 1549/1052/1501 1559/1063/1499 1594/1098/1552
f 1549/1052/1501 1594/1098/1552 1565/1069/1555
f 1512/1018/1553 1545/1049/1485 1572/1075/1532
f 1512/1018/1553 1572/1075/1532 1560/1065/1531
f 1596/1102/1556 1597/1101/1557 1598/1100/1513
f 1596/1102/1556 1598/1100/1513 1599/1103/1507
f 1600/1104/1558 1596/1102/1556 1599/1103/1507
f 1600/1104/1558 1599/1103/1507 1601/1105/1550
f 1602/1108/1559 1603/1107/1560 1604/1106/1561
f 1602/1108/1559 1604/1106/1561 1605/1109/1562
f 1603/1107/1563 1600/1104/1558 1601/1105/1550
f 1603/1107/1563 1601/1105/1550 1604/1106/1522
f 1606/1112/1557 1607/1111/1564 1608/1110/1487
f 1606/1112/1557 1608/1110/1487 1609/1113/1513
f 1607/1111/1564 1610/1115/1565 1611/1114/1484
f 1607/1111/1564 1611/1114/1484 1608/1110/1487
f 1612/1116/1566 1602/1108/1559 1605/1109/1562
f 1612/1116/1566 1605/1109/1562 1613/1117/1515
f 1610/1115/1565 1612/1116/1566 1613/1117/1515
f 1610/1115/1565 1613/1117/1515 1611/1114/1484
f 1614/1119/1567 1615/1118/1568 1597/1101/1557
f 1614/1119/1567 1597/1101/1557 1596/1102/1556
f 1616/1120/1569 1614/1119/1567 1596/1102/1556
f 1616/1120/1569 1596/1102/1556 1600/1104/1558
f 1593/1097/1551 1617/1121/1570 1603/1107/1571
f 1593/1097/1551 1603/1107/1571 1602/1108/1572
f 1617/1121/1573 1616/1120/1569 1600/1104/1558
f 1617/1121/1573 1600/1104/1558 1603/1107/1563
f 1529/1033/1467 1528/1030/1466 1607/1111/1564
f 1529/1033/1467 1607/1111/1564 1606/1112/1557
f 1528/1030/1466 1565/1069/1508 1610/1115/1565
f 1528/1030/1466 1610/1115/1565 1607/1111/1564
f 1594/1098/1552 1593/1097/1551 1602/1108/1574
f 1594/1098/1552 1602/1108/1574 1612/1116/1575
f 1565/1069/1555 1594/1098/1552 1612/1116/1575
f 1565/1069/1555 1612/1116/1575 1610/1115/1576
f 1523/1027/1461 1522/1024/1460 1615/1118/1568
f 1523/1027/1461 1615/1118/1568 1614/1119/1567
f 1525/1029/1463 1523/1027/1461 1614/1119/1567
f 1525/1029/1463 1614/1119/1567 1616/1120/1569
f 1533/1037/1471 1532/1034/1470 1617/1121/1570
f 1533/1037/1471 1617/1121/1570 1593/1097/1551
f 1532/1034/1481 1525/1029/1463 1616/1120/1569
f 1532/1034/1481 1616/1120/1569 1617/1121/1573
f 1618/1124/1577 1619/1123/1578 1620/1122/1579
f 1618/1124/1577 1620/1122/1579 1621/1125/1472
f 1622/1127/1495 1623/1126/1580 1618/1124/1577
f 1622/1127/1495 1618/1124/1577 1621/1125/1472
f 1624/1129/1581 1625/1128/1454 1620/1122/1582
f 1624/1129/1581 1620/1122/1582 1619/1123/1583
f 1626/1131/1584 1627/1130/1585 1623/1126/1580
f 1626/1131/1584 1623/1126/1580 1622/1127/1495
f 1628/1133/1586 1629/1132/1587 1625/1128/1454
f 1628/1133/1586 1625/1128/1454 1624/1129/1581
f 1630/1135/1588 1631/1134/1589 1627/1130/1585
f 1630/1135/1588 1627/1130/1585 1626/1131/1584
f 1632/1137/1590 1633/1136/1591 1629/1132/1587
f 1632/1137/1590 1629/1132/1587 1628/1133/1586
f 1634/1138/1592 1631/1134/1593 1630/1135/1594
f 1634/1138/1592 1630/1135/1594 1635/1139/1595
f 1636/1142/1596 1637/1141/1597 1638/1140/1598
f 1636/1142/1596 1638/1140/1598 1639/1143/1599
f 1640/1146/1600 1641/1145/1601 1642/1144/1602
f 1640/1146/1600 1642/1144/1602 1643/1147/1603
f 1639/1143/1599 1638/1140/1598 1643/1147/1603
f 1639/1143/1599 1643/1147/1603 1642/1144/1602
f 1633/1136/1591 1644/1149/1604 1645/1148/1605
f 1633/1136/1591 1645/1148/1605 1629/1132/1587
f 1646/1150/1606 1630/1135/1588 1626/1131/1584
f 1646/1150/1606 1626/1131/1584 1647/1151/1607
f 1629/1132/1587 1645/1148/1605 1648/1152/1455
f 1629/1132/1587 1648/1152/1455 1625/1128/1454
f 1647/1151/1607 1626/1131/1584 1622/1127/1495
f 1647/1151/1607 1622/1127/1495 1649/1153/1494
f 1635/1139/1595 1630/1135/1594 1646/1150/1608
f 1635/1139/1595 1646/1150/1608 1650/1154/1609
f 1651/1157/1610 1652/1156/1611 1653/1155/1458
f 1651/1157/1610 1653/1155/1458 1654/1158/1462
f 1655/1161/1612 1656/1160/1613 1657/1159/1498
f 1655/1161/1612 1657/1159/1498 1658/1162/1500
f 1659/1164/1614 1660/1163/1615 1652/1156/1611
f 1659/1164/1614 1652/1156/1611 1651/1157/1610
f 1661/1166/1616 1662/1165/1617 1656/1160/1613
f 1661/1166/1616 1656/1160/1613 1655/1161/1612
f 1663/1167/1618 1662/1165/1619 1661/1166/1620
f 1663/1167/1618 1661/1166/1620 1664/1168/1621
f 1665/1171/1622 1666/1170/1623 1667/1169/1622
f 1665/1171/1622 1667/1169/1622 1668/1172/1624
f 1667/1169/1625 1666/1170/1626 1657/1159/1625
f 1667/1169/1625 1657/1159/1625 1649/1153/1627
f 1647/1151/1607 1649/1153/1494 1657/1159/1498
f 1647/1151/1607 1657/1159/1498 1656/1160/1613
f 1646/1150/1606 1647/1151/1607 1656/1160/1613
f 1646/1150/1606 1656/1160/1613 1662/1165/1617
f 1650/1154/1609 1646/1150/1608 1662/1165/1619
f 1650/1154/1609 1662/1165/1619 1663/1167/1618
f 1659/1164/1614 1651/1157/1610 1645/1148/1605
f 1659/1164/1614 1645/1148/1605 1644/1149/1604
f 1651/1157/1610 1654/1158/1462 1648/1152/1455
f 1651/1157/1610 1648/1152/1455 1645/1148/1605
f 1654/1158/1462 1665/1171/1628 1668/1172/1629
f 1654/1158/1462 1668/1172/1629 1648/1152/1455
f 1669/1175/1630 1670/1174/1631 1671/1173/1630
f 1669/1175/1630 1671/1173/1630 1653/1155/1632
f 1672/1176/1633 1669/1175/1634 1653/1155/1458
f 1672/1176/1633 1653/1155/1458 1652/1156/1611
f 1670/1174/1635 1673/1178/1440 1674/1177/1635
f 1670/1174/1635 1674/1177/1635 1671/1173/1636
f 1675/1179/1637 1672/1176/1633 1652/1156/1611
f 1675/1179/1637 1652/1156/1611 1660/1163/1615
f 1673/1178/1638 1676/1180/1639 1658/1162/1488
f 1673/1178/1638 1658/1162/1488 1674/1177/1483
f 1677/1182/1640 1678/1181/1641 1664/1168/1621
f 1677/1182/1640 1664/1168/1621 1661/1166/1620
f 1676/1180/1642 1679/1183/1643 1655/1161/1612
f 1676/1180/1642 1655/1161/1612 1658/1162/1500
f 1679/1183/1643 1677/1182/1644 1661/1166/1616
f 1679/1183/1643 1661/1166/1616 1655/1161/1612
f 1680/1186/547 1681/1185/547 1682/1184/547
f 1680/1186/547 1682/1184/547 1683/1187/547
f 1684/1189/547 1685/1188/547 1683/1187/547
f 1684/1189/547 1683/1187/547 1682/1184/547
f 1686/1191/547 1687/1190/547 1685/1188/547
f 1686/1191/547 1685/1188/547 1684/1189/547
# Vertices: 1670, normals: 1643, texture coordinates: 1174, faces: 2150

