<?xml version="1.0" encoding="utf-8"?>
<COLLADA xmlns="http://www.collada.org/2005/11/COLLADASchema" version="1.4.1" xmlns:xsi="http://www.w3.org/2001/XMLSchema-instance">
  <asset>
    <contributor>
      <author>Centrixe</author>
      <authoring_tool>OpenCOLLADA for 3ds Max;  Version: 1.6;  Revision: 68</authoring_tool>
    </contributor>
    <created>2022-08-19T17:31:07</created>
    <modified>2022-08-19T17:31:07</modified>
    <unit name="inch" meter="0.0254"/>
    <up_axis>Z_UP</up_axis>
  </asset>
  <library_effects>
    <effect id="jasmine_bethrothal_mat">
      <profile_COMMON>
        <newparam sid="jasmine_betrothal_diff_png-surface">
          <surface type="2D">
            <init_from>jasmine_betrothal_diff_png</init_from>
          </surface>
        </newparam>
        <newparam sid="jasmine_betrothal_diff_png-sampler">
          <sampler2D>
            <source>jasmine_betrothal_diff_png-surface</source>
          </sampler2D>
        </newparam>
        <technique sid="common">
          <phong>
            <emission>
              <color>0 0 0 1</color>
            </emission>
            <ambient>
              <color>0.2 0.2 0.2 1</color>
            </ambient>
            <diffuse>
              <texture texture="jasmine_betrothal_diff_png-sampler" texcoord="CHANNEL1"/>
            </diffuse>
            <specular>
              <color>0.2 0.2 0.2 1</color>
            </specular>
            <shininess>
              <float>43.21928</float>
            </shininess>
            <reflective>
              <color>0 0 0 1</color>
            </reflective>
            <transparent opaque="A_ONE">
              <color>1 1 1 1</color>
            </transparent>
            <transparency>
              <float>1</float>
            </transparency>
          </phong>
        </technique>
      </profile_COMMON>
      <extra>
        <technique profile="OpenCOLLADA3dsMax">
          <extended_shader>
            <opacity_type sid="opacity_type" type="int">0</opacity_type>
            <falloff_type sid="falloff_type" type="int">0</falloff_type>
            <falloff sid="falloff" type="float">0</falloff>
            <index_of_refraction sid="index_of_refraction" type="float">1.5</index_of_refraction>
            <wire_size sid="wire_size" type="float">1</wire_size>
            <wire_units sid="wire_units" type="int">0</wire_units>
            <apply_reflection_dimming sid="apply_reflection_dimming" type="bool">0</apply_reflection_dimming>
            <dim_level sid="dim_level" type="float">0</dim_level>
            <reflection_level sid="reflection_level" type="float">3</reflection_level>
          </extended_shader>
          <shader>
            <ambient_diffuse_texture_lock sid="ambient_diffuse_texture_lock" type="bool">1</ambient_diffuse_texture_lock>
            <ambient_diffuse_lock sid="ambient_diffuse_lock" type="bool">0</ambient_diffuse_lock>
            <diffuse_specular_lock sid="diffuse_specular_lock" type="bool">0</diffuse_specular_lock>
            <use_self_illum_color sid="use_self_illum_color" type="bool">0</use_self_illum_color>
            <self_illumination sid="self_illumination" type="float">0</self_illumination>
            <specular_level sid="specular_level" type="float">1</specular_level>
            <soften sid="soften" type="float">0.1</soften>
          </shader>
        </technique>
      </extra>
    </effect>
  </library_effects>
  <library_materials>
    <material id="jasmine_bethrothal_mat-material" name="jasmine_bethrothal_mat">
      <instance_effect url="#jasmine_bethrothal_mat"/>
    </material>
  </library_materials>
  <library_geometries>
    <geometry id="geom-jasmine_betrothal_lod0" name="jasmine_betrothal_lod0">
      <mesh>
        <source id="geom-jasmine_betrothal_lod0-positions">
          <float_array id="geom-jasmine_betrothal_lod0-positions-array" count="7374">8.24836e-4 -27.11975 1101.982 15.39934 -28.37359 1073.587 19.45292 -23.95433 1104.764 7.93566e-4 -30.28334 1070.433 27.17063 -23.39814 1082.163 29.31361 -42.831 1073.056 15.39934 -28.37359 1073.587 17.7145 -53.36994 1064.061 20.3529 -50.48358 1049.361 54.43024 -44.70167 1051.757 33.8364 -39.47162 1061.524 22.9944 -64.21124 1023.267 44.04214 -22.52303 1074.331 61.58452 -13.11261 1072.58 45.28199 -4.228592 1087.517 42.87002 17.01192 1104.056 45.28199 -4.228592 1087.517 37.23085 17.82789 1098.055 63.33821 17.37575 1079.152 37.23085 17.82789 1098.055 46.11284 33.82555 1080.612 26.14983 30.19848 1105.091 25.25057 42.46633 1082.33 13.22502 37.7286 1108.932 9.06867e-4 -65.6585 1020.506 9.05582e-4 -78.02875 993.925 51.03556 -67.16183 1015.404 89.21902 -29.88686 1053.267 85.16199 -54.98367 1007.594 90.13692 4.618573 1067.391 25.82389 -94.24892 985.3862 9.24076e-4 -97.81231 973.488 49.61838 -85.53796 990.7352 69.46091 -76.49344 988.8005 85.86067 -66.32072 984.8391 61.79117 38.49833 1066.436 87.41879 -45.98153 973.1744 87.41879 -45.98153 973.1744 85.86067 -66.32072 984.8391 94.04022 -60.60464 983.3751 88.46518 -71.56978 985.0956 94.04022 -60.60464 983.3751 85.86067 -66.32072 984.8391 92.0369 -43.54207 965.0888 61.27448 -101.8293 985.7491 71.32927 -79.93707 987.6154 50.60291 -89.88929 990.6722 9.60188e-4 -113.6946 966.8885 20.86005 -121.8689 973.723 9.5038e-4 -104.3522 974.1025 25.8655 -100.7206 986.1454 41.33589 -119.2936 976.6924 20.86005 -121.8689 973.723 44.32025 -127.5074 953.3377 42.07959 -122.3101 970.8726 64.46021 -111.4649 973.0798 65.94079 -114.3373 961.365 65.9298 -113.7763 935.0086 19.04108 -120.3205 931.2694 43.5754 -123.6276 930.3704 8.67738e-4 -115.6292 934.7936 7.41708e-4 -100.3288 906.5396 44.15026 -98.06048 911.2731 28.65277 -93.4489 899.4738 80.35369 -97.98392 968.223 28.65277 -93.4489 899.4738 31.83619 -84.67833 841.0432 65.06336 -70.31591 883.081 87.59872 -59.03436 918.827 79.94283 -88.58963 923.9676 75.36748 -79.57342 907.3648 82.61843 -44.16761 904.9438 109.177 -68.51471 947.9476 81.88945 -96.64216 951.7786 97.25768 -63.81193 940.8973 97.25768 -63.81193 940.8973 81.88945 -96.64216 951.7786 89.91357 -71.87259 934.3416 88.46518 -71.56978 985.0956 102.8664 -69.51406 961.1576 102.8664 -69.51406 961.1576 105.1154 -60.67755 981.7155 102.8748 -54.2815 982.2701 102.8748 -54.2815 982.2701 97.25768 -63.81193 940.8973 118.5553 -57.43723 937.1787 109.177 -68.51471 947.9476 91.62252 -48.49585 934.1174 68.40936 7.178366 885.2233 83.0115 15.67536 909.6492 84.27793 -8.136575 906.2811 92.00188 -8.843256 933.2278 96.19069 19.14436 930.4344 92.90027 -6.303834 957.9442 91.62252 -48.49585 934.1174 97.25768 -63.81193 940.8973 109.7476 -24.2726 1040.447 137.0149 -16.04732 1012.45 112.8903 4.167811 1052.943 97.41982 21.42079 961.4578 91.9007 18.5046 964.6129 84.46469 38.22857 959.7178 96.90331 24.29629 970.4579 84.46469 38.22857 959.7178 95.20185 34.38407 961.9254 97.38509 42.16433 959.3492 86.79767 44.08906 957.2343 82.10365 52.29943 987.5989 77.66197 54.95531 1023.044 34.62238 52.6004 1051.832 141.554 30.20497 1021.011 113.7029 36.17258 1041.74 36.4289 62.11133 1015.238 40.29506 63.36809 979.1358 43.83929 55.30484 952.5671 73.08051 47.9876 954.3071 43.83929 55.30484 952.5671 44.98797 58.69561 950.0109 88.74937 41.1704 938.6678 70.26604 37.63652 922.7789 93.80791 30.0945 926.2478 96.19069 19.14436 930.4344 83.0115 15.67536 909.6492 93.80791 30.0945 926.2478 171.5464 -22.7084 941.4717 189.8508 -13.81033 952.5784 167.8157 -32.18145 943.4138 157.4164 -12.79362 993.8152 139.0529 -36.60295 984.5697 165.4805 -17.1813 996.96 141.5463 7.774735 1019.594 122.5398 43.89455 973.555 105.0253 23.91382 970.2675 114.5028 48.5799 986.7504 131.774 50.08915 980.7314 135.6422 -30.38917 984.9815 135.6422 -30.38917 984.9815 125.2301 -31.53045 995.1545 139.1411 -23.97425 965.8008 126.3229 24.63278 958.6178 148.5191 7.030259 930.7798 128.1745 -1.81817 958.1409 152.5001 47.25983 943.7063 131.5123 40.344 959.6818 121.0907 37.69877 933.1235 247.0318 -14.83156 854.9341 228.8757 13.90293 838.5806 261.0663 7.867225 794.8948 281.5723 -30.62494 822.0342 383.3835 -22.82641 762.5699 403.8952 -36.28215 745.0754 391.2411 3.088553 760.2081 376.0691 -26.71763 754.2427 389.9687 -45.60978 740.427 413.9376 -1.398655 739.7089 371.1593 10.79201 736.9944 377.6873 26.42128 746.2154 383.0085 18.69785 725.647 405.2719 23.86549 717.3712 371.9237 -15.02895 741.5032 382.2435 -8.526125 725.0816 382.7725 -40.45247 727.679 376.0691 -26.71763 754.2427 387.28 -33.01984 717.8226 389.9687 -45.60978 740.427 428.717 -46.1591 721.6143 406.7761 -64.80401 719.5438 417.4653 -53.24727 725.2368 405.8577 -35.46067 713.2444 422.1934 -47.9556 715.2236 410.98 -52.32952 706.3876 419.9418 -56.83486 711.6577 429.5028 -31.98435 703.4054 403.8953 -2.492664 712.9298 422.1934 -47.9556 715.2236 441.6712 -33.11311 714.4667 437.666 -50.83463 711.7244 463.7733 -12.78613 683.2983 443.8108 -2.997944 709.5457 430.9563 -0.7676749 697.809 430.2794 -50.27445 708.3825 429.5028 -31.98435 703.4054 452.9755 -61.6891 683.2291 430.2794 -50.27445 708.3825 455.537 -46.99427 679.2094 466.8279 -69.98075 660.8337 474.9612 -71.38452 653.9992 474.0923 -69.80331 662.6286 461.8386 5.44816 664.7828 464.6046 2.717446 660.1526 457.9448 5.416131 661.7545 435.3981 -72.78929 689.216 437.0558 -78.89556 684.7076 433.269 -73.37902 685.2672 429.6082 -76.09592 682.2064 431.1086 -82.81334 681.5675 424.9328 -78.58894 685.063 55.04324 -45.00304 814.4309 61.18361 -48.68122 855.5363 31.45998 -73.63763 794.0987 47.8143 -70.73528 776.7417 21.7161 -79.44316 751.5858 55.51888 -70.9173 729.9902 27.87489 -79.21694 714.0126 55.51888 -70.9173 729.9902 21.7161 -79.44316 751.5858 10.32509 -80.80125 750.0278 128.1596 5.015266 33.15421 130.0799 29.98651 51.81981 122.5776 16.39151 51.0861 133.5639 31.53242 35.08723 127.9544 43.50904 52.50349 125.7153 49.8966 36.81662 123.1068 50.01907 53.17655 115.3099 12.22101 50.87487 103.7804 22.71981 51.7597 104.9796 4.626132 35.32147 115.9305 -5.426193 33.91513 97.27972 32.44294 36.71521 97.94377 12.89214 22.53638 133.3385 20.08627 23.33318 128.903 -10.10184 22.85582 115.9614 -24.32669 23.37089 103.3925 -14.06059 23.42091 136.9985 -13.09918 19.49378 137.3095 12.87258 0.4807371 127.6731 -39.04884 20.16348 102.5458 -40.60464 20.47007 116.1302 -38.98444 23.01728 97.89365 -14.525 18.99919 101.3572 52.8327 23.83867 97.42549 43.35162 0.4808546 95.90923 40.73877 23.78384 100.5952 59.47 0.4808676 135.0856 -40.01756 15.08012 114.2348 -64.43118 24.62706 96.14485 -45.20071 15.15495 106.8557 -66.61628 24.82244 121.7608 -65.45131 21.39767 92.74426 -43.72465 0.4807431 105.0656 -76.89458 10.6461 101.5297 -69.62718 19.88077 108.8229 -77.95543 31.21153 113.3118 -76.62724 37.29239 113.6625 -81.47668 31.15582 114.5987 -84.1786 20.46157 118.2215 -77.73672 31.73572 113.6625 -81.47668 31.15582 116.1382 -83.03262 8.97725 125.3584 -77.07855 13.34109 114.5987 -84.1786 20.46157 128.9518 -65.68603 16.942 116.1382 -83.03262 8.97725 131.265 -67.15775 0.4806195 140.6393 -41.71453 0.4806482 104.1172 -68.89838 0.480672 18.55221 -29.09948 1120.306 8.1339e-4 -34.68752 1117.593 29.95807 -11.41578 1112.346 29.12793 -14.87654 1128.504 32.99849 6.808084 1122.839 33.73361 3.256674 1138.119 26.92893 21.34167 1129.306 29.23318 19.96825 1141.524 33.80648 -9.789057 1093.655 37.59107 -26.67608 1084.991 27.17063 -23.39814 1082.163 40.35057 -9.676233 1095.724 33.80648 -9.789057 1093.655 31.53175 11.40343 1107.018 31.53175 11.40343 1107.018 37.55738 12.13255 1108.693 26.23768 25.50543 1115.961 27.92049 28.68647 1117.505 26.23768 25.50543 1115.961 14.90436 30.99288 1133.754 17.6339 31.95753 1147.126 4.35419e-4 36.05951 1136.336 4.93077e-4 38.53552 1147.505 13.69951 34.30168 1121.778 14.02038 36.63082 1121.951 13.69951 34.30168 1121.778 3.96952e-4 37.26347 1123.313 3.70642e-4 39.72346 1123.114 3.96952e-4 37.26347 1123.313 9.33127e-4 -57.05961 1058.872 9.44152e-4 -65.99638 1039.781 19.84678 -60.67401 1047.665 36.44061 -47.84673 1061.525 46.79238 -29.73277 1077.84 8.7938e-4 -53.90265 1042.894 20.3529 -50.48358 1049.361 33.8364 -39.47162 1061.524 8.7938e-4 -53.90265 1042.894 44.04214 -22.52303 1074.331 47.46818 -8.053608 1092.851 29.22636 32.86106 1112.761 26.14983 30.19848 1105.091 13.22502 37.7286 1108.932 14.97598 41.65283 1117.504 3.60559e-4 40.32697 1109.514 3.42482e-4 44.0346 1118.91 2.94381e-4 47.75105 1082.569 3.60559e-4 40.32697 1109.514 25.82389 -94.24892 985.3862 49.61838 -85.53796 990.7352 9.24076e-4 -97.81231 973.488 69.46091 -76.49344 988.8005 101.8042 -37.86026 1005.211 87.67066 38.01877 1055.291 94.01538 -8.541678 975.3209 90.07453 -6.845647 964.4727 90.07453 -6.845647 964.4727 87.41879 -45.98153 973.1744 92.0369 -43.54207 965.0888 102.3742 -6.416105 975.2382 9.60188e-4 -113.6946 966.8885 7.41708e-4 -100.3288 906.5396 4.66859e-4 -89.43705 833.1234 65.06336 -70.31591 883.081 74.52419 -37.76207 884.1287 74.52419 -37.76207 884.1287 117.57 -49.84172 981.1342 115.4179 -44.90166 981.8395 125.7326 -51.76536 961.03 144.5744 -45.36533 938.057 138.4719 -48.70092 948.5721 58.78125 -1.500444 854.8063 151.7931 -36.82334 968.479 167.8157 -32.18145 943.4138 164.9802 -33.79013 955.4248 173.509 -17.20395 979.9783 191.2945 -15.41331 954.5241 186.435 -17.50356 967.6331 96.90331 24.29629 970.4579 105.0253 23.91382 970.2675 91.9007 18.5046 964.6129 97.38509 42.16433 959.3492 95.20185 34.38407 961.9254 106.8303 35.4781 964.7891 107.4791 42.22 962.2319 96.19069 19.14436 930.4344 106.8303 35.4781 964.7891 97.41982 21.42079 961.4578 2.21703e-4 55.10778 1048.557 112.3351 51.51963 1017.293 132.7767 48.67062 1005.233 1.01687e-4 63.75504 1012.529 8.14842e-5 63.26244 977.3014 1.26227e-4 53.25787 952.0699 9.18006e-5 59.14438 948.853 1.26227e-4 53.25787 952.0699 42.97044 51.0778 918.9923 1.11922e-4 54.66308 917.2015 70.26604 37.63652 922.7789 1.11922e-4 54.66308 917.2015 42.97044 51.0778 918.9923 38.40473 38.13176 888.9802 1.61262e-4 42.82752 889.64 1.61262e-4 42.82752 889.64 38.40473 38.13176 888.9802 33.42672 25.46228 854.853 1.92239e-4 28.24129 854.9979 68.40936 7.178366 885.2233 88.74937 41.1704 938.6678 113.2824 43.07336 948.4459 121.0907 37.69877 933.1235 168.8006 8.704931 1004.882 159.6769 8.473365 1000.418 178.5046 9.139732 987.626 199.2642 11.72964 961.7189 191.9119 9.574525 975.0069 197.4586 10.62752 958.9963 189.8508 -13.81033 952.5784 157.4164 -12.79362 993.8152 159.6769 8.473365 1000.418 155.8413 32.6086 1001.113 145.4271 46.83579 993.5566 128.1745 -1.81817 958.1409 126.3229 24.63278 958.6178 126.3229 24.63278 958.6178 131.5123 40.344 959.6818 163.1652 35.59919 1005.395 155.8413 32.6086 1001.113 185.1058 38.36603 975.1909 171.2609 36.90465 987.9745 191.9371 37.63543 961.7109 189.5275 35.09648 958.1393 147.5039 53.06847 993.2935 145.4271 46.83579 993.5566 166.4231 54.28439 965.3635 157.5965 51.32309 978.2566 171.3827 50.84727 952.5917 144.5931 55.13861 956.7343 140.1385 54.62011 967.8713 152.5001 47.25983 943.7063 133.4007 53.77456 979.4313 131.774 50.08915 980.7314 122.1589 48.58761 970.7195 122.5398 43.89455 973.555 121.0907 37.69877 933.1235 172.438 50.12077 950.9985 115.4179 -44.90166 981.8395 144.5744 -45.36533 938.057 118.5553 -57.43723 937.1787 102.8748 -54.2815 982.2701 135.6422 -30.38917 984.9815 167.8157 -32.18145 943.4138 207.704 -13.86823 898.2352 223.9944 -8.113006 913.6628 189.8508 -13.81033 952.5784 171.5464 -22.7084 941.4717 233.6481 13.86131 921.8361 197.4586 10.62752 958.9963 139.1411 -23.97425 965.8008 131.5123 40.344 959.6818 152.5001 47.25983 943.7063 126.3229 24.63278 958.6178 229.1428 33.12342 917.6996 189.5275 35.09648 958.1393 216.3582 47.32077 904.1853 172.438 50.12077 950.9985 197.2964 39.32529 888.0109 152.5001 47.25983 943.7063 191.3792 14.06813 881.2798 148.5191 7.030259 930.7798 148.5191 7.030259 930.7798 191.3792 14.06813 881.2798 243.8071 -7.685062 894.351 226.9284 -11.70346 878.0926 210.9487 15.136 862.6564 253.8196 14.08297 902.898 265.4547 -10.36157 876.2711 277.4057 11.44902 886.5405 274.9975 33.95705 882.4027 250.6157 32.98382 899.0635 236.1958 49.74875 885.1772 217.2274 35.68947 869.1338 210.9487 15.136 862.6564 236.5065 40.88571 845.8271 228.8757 13.90293 838.5806 353.437 -19.29558 776.3036 365.7683 -14.27309 767.0592 371.1911 -13.24082 773.4127 362.2702 -17.39982 786.2525 319.783 2.565254 859.7681 303.3297 -25.38431 845.7922 317.8506 37.53752 852.1096 371.1339 23.23754 765.4298 360.9975 31.12134 775.0319 369.0473 18.49344 784.8524 375.6835 13.49659 771.58 366.0968 23.7843 759.7082 352.3954 31.00368 766.0358 261.0663 7.867225 794.8948 273.9109 54.39652 803.7977 371.1911 -13.24082 773.4127 376.297 0.5380548 775.136 365.7683 -14.27309 767.0592 375.6835 13.49659 771.58 383.7311 25.73485 752.0747 366.0968 23.7843 759.7082 371.1339 23.23754 765.4298 377.6873 26.42128 746.2154 366.0968 23.7843 759.7082 362.0146 3.476263 757.6885 411.2909 23.6888 727.878 405.2719 23.86549 717.3712 400.3712 -61.29104 712.3833 406.7761 -64.80401 719.5438 402.7505 -54.70107 706.663 420.2638 -62.00589 715.0777 419.9418 -56.83486 711.6577 422.1015 -63.55312 695.0111 410.98 -52.32952 706.3876 419.9418 -56.83486 711.6577 425.7592 -63.16927 700.8303 410.98 -52.32952 706.3876 422.1015 -63.55312 695.0111 418.8856 -68.732 692.6833 402.7505 -54.70107 706.663 417.6341 -72.97951 695.7912 400.3712 -61.29104 712.3833 421.3368 -74.84663 702.0071 406.7761 -64.80401 719.5438 420.2638 -62.00589 715.0777 427.0581 -70.99355 704.0058 464.0376 -38.80796 686.8362 430.2794 -50.27445 708.3825 438.7 16.12766 701.0816 456.6199 8.301059 674.1223 432.6523 16.81493 696.9855 452.5396 6.406239 668.9601 432.6523 16.81493 696.9855 452.5396 6.406239 668.9601 457.3422 -17.15129 673.355 437.666 -50.83463 711.7244 458.1035 -60.60381 688.4011 481.3134 -46.35853 659.7591 478.0234 -18.51184 660.9786 471.3097 -55.38795 655.6871 457.9448 5.416131 661.7545 473.255 -21.37236 652.028 478.3739 -60.12218 650.5472 478.3739 -60.12218 650.5472 477.8685 -56.20895 660.0861 481.3885 -20.46712 650.3346 464.6046 2.717446 660.1526 481.3885 -20.46712 650.3346 429.7108 -82.77362 688.7399 435.8022 -78.68468 691.5757 436.9236 -81.70467 686.3392 433.0874 -84.67303 684.2355 431.1086 -82.81334 681.5675 437.0558 -78.89556 684.7076 433.269 -73.37902 685.2672 2.90122e-4 -83.29078 792.1292 18.84769 -81.6151 790.8517 51.86263 -11.46629 818.9843 32.71814 15.25946 812.6354 1.29295e-4 24.07897 809.9889 80.20599 -54.92697 754.913 5.89534e-5 -80.65347 750.9456 -2.57839e-5 -82.35926 708.7269 -2.17078e-5 -85.26731 656.6799 39.43476 -79.89078 662.6228 75.4357 -67.56643 690.5267 103.0091 -47.50317 716.9828 75.4357 -67.56643 690.5267 48.0103 -86.1834 594.6787 -7.94374e-5 -89.69754 587.2676 98.09311 -66.42931 617.5532 126.299 -34.95737 633.3207 103.0091 -47.50317 716.9828 141.2867 33.52139 466.4225 136.9597 4.229078 638.3544 139.2767 -24.89304 466.6635 79.97952 -72.97564 459.6167 -3.73692e-4 -89.18279 454.4312 80.54116 -71.90222 407.5 -4.59619e-4 -90.19205 403.4439 81.63925 -72.99561 360.4613 147.7683 -25.03925 366.1362 144.8316 -24.53062 414.079 143.8692 40.5593 370.825 142.4193 37.28709 416.6903 72.3652 75.79653 366.4539 72.0927 74.16545 413.3143 -6.89845e-4 -97.28642 231.5548 87.36391 -80.62699 234.7122 -5.25732e-4 -90.70193 356.7702 157.9122 -24.88191 240.0561 153.5143 40.75875 240.5822 78.89759 85.66077 236.5359 -5.21066e-4 82.77879 365.1592 -6.83431e-4 102.8463 235.2481 90.89908 -85.48035 147.7066 166.5277 -28.46596 151.5374 -8.23665e-4 -107.2036 145.4054 161.7994 45.72905 151.4149 85.98067 96.38222 148.9509 -8.32952e-4 115.3897 145.0583 -9.38153e-4 -121.2718 71.46 94.23344 -97.24843 72.8681 171.8973 -31.24174 75.71856 169.5379 54.68984 77.54146 96.21682 111.2479 75.43288 -9.46375e-4 126.3715 72.334 112.9096 57.11136 36.82799 114.1989 52.72491 53.8527 101.2319 35.90384 52.44595 101.9327 50.61465 36.77992 104.6533 46.6924 53.12142 114.1989 52.72491 53.8527 112.9096 57.11136 36.82799 114.2542 60.79921 24.63903 126.0268 52.28913 23.60092 114.2542 60.79921 24.63903 127.8037 54.44542 0.4808065 96.58105 7.328849 0.4808128 113.4198 65.8195 0.4808493 113.4198 65.8195 0.4808493 118.4654 -78.14821 0.4806314 118.4654 -78.14821 0.4806314 85.86067 -66.32072 984.8391 91.9007 18.5046 964.6129 365.7683 -14.27309 767.0592 171.5464 -22.7084 941.4717 135.6422 -30.38917 984.9815 171.5464 -22.7084 941.4717 113.4198 65.8195 0.4808493 127.8037 54.44542 0.4808065 97.42549 43.35162 0.4808546 100.5952 59.47 0.4808676 131.265 -67.15775 0.4806195 118.4654 -78.14821 0.4806314 104.1172 -68.89838 0.480672 92.74426 -43.72465 0.4807431 140.6393 -41.71453 0.4806482 96.58105 7.328849 0.4808128 137.3095 12.87258 0.4807371 461.8322 -45.22542 686.4995 457.7003 -40.43316 678.8379 474.9849 -45.91237 654.4213 482.9565 -45.22239 648.7887 482.9565 -45.22239 648.7887 441.6712 -33.11311 714.4667 474.5891 -54.64083 657.8867 458.6846 -46.10983 682.8544 435.5871 -32.54873 708.9361 460.869 -39.62056 682.8371 435.5871 -32.54873 708.9361 478.1491 -46.13545 657.0903 471.3097 -55.38795 655.6871 455.537 -46.99427 679.2094 429.5028 -31.98435 703.4054 435.5871 -32.54873 708.9361 460.869 -39.62056 682.8371 478.1491 -46.13545 657.0903 7.93566e-4 -30.28334 1070.433 122.5398 43.89455 973.555 13.58359 -91.27576 1253.927 7.05235e-4 -91.17659 1267.532 7.45445e-4 -93.26139 1251.562 62.37598 -56.13353 1216.785 66.72322 -39.08131 1202.29 67.07601 -41.71117 1241.186 63.38526 -57.18752 1227.782 61.07285 -63.13596 1244.742 61.65829 -61.2689 1248.938 70.14478 -21.26451 1221.316 29.51635 -85.10097 1258.327 27.47691 -84.46572 1265.986 11.38429 -87.38143 1218.1 9.992053 -88.25069 1206.997 16.82545 -81.81728 1211.943 18.40455 -77.95347 1200.846 16.75644 -86.34421 1189.423 9.619306 -99.89392 1188.932 8.961771 -108.6776 1174.247 15.27573 -90.32188 1173.809 25.98445 -86.27805 1182.309 7.47106 -97.8607 1163.996 6.801014 -106.9052 1164.701 4.365264 -98.10264 1161.666 11.25407 -101.0232 1165.192 13.28574 -92.70974 1162.458 14.89203 -99.29465 1168.204 16.45488 -91.29508 1166.184 13.78689 -94.26028 1156.744 5.46066 -98.71191 1157.332 26.24734 -87.87251 1163.366 23.82096 -89.43831 1154.44 60.76226 -46.68731 1169.532 62.52159 -59.78398 1188.283 16.82692 -91.68297 1142.105 22.33625 -86.14624 1144.012 15.80608 -90.63182 1144.278 27.2313 -55.23946 1118.498 11.41682 -74.17751 1106.671 19.8466 -44.0528 1115.628 22.96886 -84.23116 1143.084 24.40371 -86.57301 1145.345 57.0584 -33.93876 1157.624 65.64722 -29.30815 1177.014 50.55378 -18.41446 1147.12 59.4557 -3.161204 1164.828 68.34522 -26.16411 1198.501 67.35226 -37.33608 1245.901 7.59108e-4 -53.48306 1109.78 51.80736 4.988063 1154.694 43.80588 -5.760386 1143.568 17.19058 -89.23701 1240.83 7.25592e-4 -93.7505 1233.937 6.65034e-4 -92.64797 1217.301 19.45018 -84.38231 1226.346 30.92479 -82.48911 1237.728 32.55242 -83.68672 1246.402 17.55131 -72.36858 1199.456 19.93399 -78.41826 1210.631 18.37972 -80.11776 1211.287 26.03498 -75.34727 1199.654 26.18935 -78.90093 1198.555 24.30865 -79.8683 1222.132 21.87941 -82.12531 1224.239 32.9589 -79.51708 1228.742 31.80532 -81.04324 1233.214 35.73058 -79.21137 1196.21 35.71927 -76.28467 1198.625 38.37796 -83.0024 1178.938 48.66116 -76.9404 1197.779 46.67118 -74.32092 1200.476 53.83234 -74.03607 1180.638 55.92015 -69.25735 1204.355 53.2506 -69.79186 1206.037 57.62301 -64.18843 1218.202 59.47477 -61.91985 1223.692 58.05577 -68.15874 1228.063 59.07993 -66.57191 1232.611 60.1041 -64.98508 1235.819 47.20119 -77.5467 1240.523 46.29558 -76.62054 1235.739 47.15516 -77.82755 1250.677 45.38996 -75.69437 1230.955 46.45438 -77.76719 1262.413 62.41735 -59.08309 1253.783 46.73625 -76.14208 1266.872 6.61129e-4 -96.6516 1207.968 6.55329e-4 -106.4693 1190.805 6.52678e-4 -113.2787 1175.236 7.898228 -109.7173 1168.313 6.52242e-4 -113.1722 1168.349 6.5274e-4 -109.6082 1162.499 6.57362e-4 -99.79621 1160.625 6.59595e-4 -98.52234 1157.218 6.6355e-4 -99.43612 1149.602 6.39329 -100.857 1150.932 12.53604 -97.64836 1149.797 6.55815e-4 -93.14079 1142.323 7.825009 -93.575 1143.727 19.03208 -92.67394 1147.279 40.97958 -79.47952 1157.322 53.20358 -64.2335 1158.985 9.292624 -96.109 1140.006 7.828014 -93.57501 1143.928 6.62669e-4 -93.83534 1143.209 6.5506e-4 -97.90596 1138.69 15.80608 -90.63182 1144.278 31.08671 -84.06162 1149.941 6.47966e-4 -93.25212 1133.803 9.455935 -92.40652 1134.663 18.62433 -88.24049 1139.42 10.00706 -87.31791 1132.993 19.21472 -85.43286 1138.251 6.45235e-4 -87.96378 1131.48 6.38653e-4 -87.72868 1125.996 6.23985e-4 -86.71556 1114.742 12.49703 -83.71911 1116.282 11.14468 -86.30693 1127.128 23.75975 -80.29832 1132.447 25.52445 -74.75391 1123.425 31.19888 -80.24006 1141.188 39.69702 -66.53181 1138.375 6.14973e-4 -76.83273 1104.194 39.46609 -32.59421 1133.815 48.53637 -50.55485 1145.411 31.59073 -22.78041 1130.251 28.4335 -81.8167 1273.977 6.81318e-4 -88.64028 1279.697 20.80996 -76.62602 1209.951 17.55131 -72.36858 1199.456 33.32633 -50.33249 1211.363 26.03498 -75.34727 1199.654 26.07968 -78.45027 1218.826 34.05938 -77.83146 1224.267 35.71927 -76.28467 1198.625 46.67118 -74.32092 1200.476 53.2506 -69.79186 1206.037 57.62301 -64.18843 1218.202 54.00531 -72.70689 1224.383 44.25122 -75.64408 1225.906 6.84937e-4 -97.24204 1271.531 6.81318e-4 -88.64028 1279.697 13.06836 -99.09519 1268.764 43.31387 -107.0671 1277.933 33.02681 -97.19851 1261.604 63.78428 -91.95405 1245.922 45.80732 -102.6496 1293.036 87.89071 -94.15878 1285.784 89.6307 -85.17064 1303.07 77.96844 -65.48875 1309.715 72.71917 -52.19532 1330.112 49.85374 -78.48855 1324.253 48.28791 -89.534 1300.678 81.22845 -96.95058 1263.153 48.65392 -42.60046 1350.697 24.62257 -52.8684 1358.203 25.0265 -88.58421 1326.459 25.35254 -97.62691 1324.817 34.93248 -93.63896 1317.235 21.16167 -105.664 1298.515 26.22708 -102.0847 1316.658 6.61356e-4 -112.0785 1300.429 115.8559 -9.567481 1277.842 135.5048 -23.69259 1273.308 144.7505 15.47479 1245.285 118.7264 27.14093 1249.593 33.76218 -1.555791 1365.457 47.38692 36.37648 1346.048 31.41153 72.01158 1347.867 17.01592 56.67383 1355.923 159.738 -4.626287 1229.316 156.1756 -15.10155 1203.248 168.2303 27.09265 1166.224 132.2886 72.89687 1212.187 96.7344 30.03999 1256.619 99.20421 68.08206 1228.365 77.08853 64.46021 1234.648 79.52666 -16.30844 1206.79 101.9639 -27.44126 1222.233 70.14478 -21.26451 1221.316 118.4517 -13.86583 1190.064 16.18233 79.98827 1348.54 35.6449 87.74786 1332.91 20.32673 99.90654 1329.347 26.31948 99.66612 1297.156 57.23809 75.94622 1315.696 75.0897 49.72816 1297.854 53.41158 83.06009 1274.913 30.90599 97.13101 1264.479 41.27603 93.58157 1215.651 36.58033 90.72546 1235.161 61.59875 72.77952 1253.028 70.46285 107.8246 1209.223 38.17815 130.8841 1200 7.2413e-4 102.7504 1210.716 152.4583 90.14508 1152.216 101.5696 132.2292 1182.665 165.436 41.24155 1188.835 127.6373 142.2977 1124.292 7.40033e-4 137.6899 1197.474 126.3722 138.1097 1077.182 109.8976 101.8682 1043.925 69.03604 169.0171 1031.216 65.85221 111.7032 1001.658 32.17739 147.6848 991.5073 5.46905e-4 184.3611 1023.169 79.31096 83.44054 1013.863 5.04248e-4 159.7177 994.708 45.94827 119.8407 983.4294 44.10417 87.62143 997.4933 37.66846 71.22559 1016.416 5.03234e-4 88.34258 995.0711 5.37946e-4 78.20445 1018.028 72.23907 54.28078 1034.193 109.7736 21.63837 1098.847 129.781 33.12719 1096.39 132.2547 3.894677 1154.174 99.21947 1.619934 1163.534 47.85134 121.5207 970.9424 55.30029 144.918 955.8047 33.6056 154.5245 979.5217 34.07857 175.8691 964.8568 56.65665 112.4501 948.3372 31.21205 94.01581 966.0524 38.72238 85.86353 942.6066 59.00197 166.7761 929.3431 34.62651 195.9281 936.9932 60.74916 114.4153 917.7892 28.5736 75.26276 908.9325 4.20726e-4 74.70663 941.0936 3.68705e-4 69.26208 907.5025 10.97348 280.8289 576.4198 9.664136 278.1555 585.7804 27.33335 257.9991 580.8266 20.98411 254.0227 568.1511 -1.21664e-4 291.391 590.6539 -1.27033e-4 276.4706 588.679 16.28169 260.8752 590.3293 -1.47822e-4 284.9676 575.3598 79.52666 -16.30844 1206.79 70.14478 -21.26451 1221.316 68.34522 -26.16411 1198.501 86.60136 -16.82049 1159.73 99.21947 1.619934 1163.534 65.64722 -29.30815 1177.014 66.40807 -31.9335 1157.785 71.61566 -5.742699 1108.567 61.55308 5.604992 1152.969 71.61566 -5.742699 1108.567 66.40807 -31.9335 1157.785 61.55308 5.604992 1152.969 71.61566 -5.742699 1108.567 55.7311 24.23015 1099.904 95.71936 40.97573 1054.717 26.5873 57.44379 1050.662 55.99838 41.93713 1056.008 5.75954e-4 63.68901 1047.982 6.25482e-4 38.53476 1103.812 37.00733 -86.48016 1267.05 11.69773 -102.853 1269.094 7.03432e-4 -102.4382 1260.129 28.4335 -81.8167 1273.977 12.83743 -107.841 1283.419 6.70496e-4 -106.3064 1273.649 22.88706 -101.1978 1283.528 30.99752 -98.71867 1299.565 61.55663 -83.52366 1251.545 101.4988 -68.87453 1223.718 113.7855 -73.88801 1246.99 86.16647 -46.60926 1237.15 123.7856 -69.48495 1277.579 119.254 -56.53387 1294.821 106.5096 -39.94468 1301.092 96.39644 -38.96717 1306.702 89.23417 -17.65046 1324.977 73.67043 -3.146415 1336.343 100.8665 -1.417609 1281.854 88.6441 22.04275 1298.027 143.5381 -35.07803 1260.109 137.7723 -40.27899 1226.062 126.1567 -38.91012 1206.317 6.63915e-4 -106.0989 1317.558 6.6623e-4 -99.28744 1328.1 6.68202e-4 -91.44521 1329.92 78.39288 48.43099 1276.604 7.04237e-4 52.74325 1359.815 6.9028e-4 -9.531975 1370.867 46.73625 -76.14208 1266.872 144.64 -16.24283 1186.441 157.5311 16.09412 1149.635 7.10375e-4 81.83655 1348.958 7.13442e-4 106.4237 1297.186 7.14268e-4 103.5532 1330.584 7.16291e-4 105.1673 1262.311 7.22156e-4 98.908 1226.907 60.98737 169.1668 1169.353 78.08781 182.3995 1105.526 6.61119e-4 196.9741 1101.077 7.33854e-4 180.1728 1168.949 153.5106 72.63184 1118.16 147.2579 48.44434 1104.129 113.2957 61.88506 1050.518 4.85849e-4 163.608 981.9203 5.04248e-4 159.7177 994.708 32.17739 147.6848 991.5073 45.94827 119.8407 983.4294 29.93493 94.93161 979.52 29.93493 94.93161 979.52 4.77085e-4 84.61359 978.0984 4.58734e-4 89.57598 965.5615 4.77085e-4 84.61359 978.0984 4.67028e-4 185.6557 968.0184 4.26498e-4 206.196 939.2509 27.17804 198.0936 895.5112 3.63944e-4 205.8741 897.1188 48.56853 172.5132 889.6362 52.31116 125.2598 878.5899 27.76217 88.73192 871.626 3.12818e-4 80.69067 870.5455 2.75373e-4 114.5844 845.1748 18.90418 117.3234 845.7562 37.22838 137.2519 849.5018 32.21373 167.5287 855.6824 17.44855 180.0753 858.0317 3.04444e-4 183.7556 858.7625 2.77518e-4 188.0418 841.3457 19.71803 184.5454 840.7102 34.57892 172.2124 839.3812 38.85799 138.0043 832.2649 19.47749 116.5043 827.8402 2.4647e-4 111.8617 827.5674 2.62829e-4 212.8512 830.2936 29.3346 205.7565 828.527 53.09543 182.6037 822.7347 53.63958 136.4447 814.7455 25.15819 103.3869 809.0923 2.11363e-4 95.98888 807.5738 2.09306e-4 232.842 795.9081 44.95102 222.8831 794.84 75.01049 197.1487 792.498 74.81894 140.84 783.2975 33.837 98.09184 774.6202 1.50656e-4 87.59193 771.993 7.91082e-5 235.9018 716.5646 46.51234 231.9718 715.6234 84.09462 195.8745 715.9335 33.19904 223.7048 651.745 -2.78745e-5 226.8176 652.8531 65.6015 204.0958 651.0443 54.66727 151.9489 640.6765 55.96542 125.9043 705.2982 3.14109e-5 101.1109 698.9148 -6.92324e-5 133.5895 635.7183 33.95433 199.7737 586.2375 -1.54894e-4 193.5516 578.9009 -1.77052e-4 251.5847 560.513 47.49525 224.3435 601.3912 24.65791 239.5543 607.8073 -9.86292e-5 242.4825 608.7921 -1.22158e-4 260.8274 592.9709 14.7879 10.17937 1142.761 59.4557 -3.161204 1164.828 51.80736 4.988063 1154.694 59.4557 -3.161204 1164.828 62.41735 -59.08309 1253.783 67.35226 -37.33608 1245.901 65.64722 -29.30815 1177.014 22.33625 -86.14624 1144.012 23.50816 -83.57852 1144.206 15.6541 -82.60067 1140.661 15.80608 -90.63182 1144.278 7.825009 -93.575 1143.727 6.55815e-4 -93.14079 1142.323 6.60951e-4 -82.36224 1146.414 7.853136 -82.36222 1146.792 15.80608 -90.63182 1144.278 15.90833 -82.60066 1147.252 6.62669e-4 -93.83534 1143.209 7.828014 -93.57501 1143.928 7.709052 -82.33739 1139.686 6.58473e-4 -82.31354 1139.238 23.75282 -71.23438 1142.234 15.95342 -70.2565 1138.673 6.62388e-4 -70.01807 1147.347 7.861177 -70.01808 1147.582 15.96798 -70.2565 1147.232 7.861135 -70.01809 1138.434 6.60179e-4 -70.01809 1138.198 7.861344 -68.43424 1142.958 6.61722e-4 -68.43424 1142.737 15.96839 -68.67267 1142.877 20.80996 -76.62602 1209.951 20.63212 -80.44615 1210.289 17.55131 -72.36858 1199.456 26.07968 -78.45027 1218.826 25.75941 -82.53047 1219.67 34.05938 -77.83146 1224.267 34.10427 -82.91011 1225.287 54.00531 -72.70689 1224.383 57.62301 -64.18843 1218.202 57.90796 -77.06357 1226.402 44.25122 -75.64408 1225.906 45.74067 -80.7536 1227.682 19.93399 -78.41826 1210.631 24.30865 -79.8683 1222.132 32.9589 -79.51708 1228.742 58.05577 -68.15874 1228.063 67.79543 -72.25719 1228.723 59.47477 -61.91985 1223.692 45.38996 -75.69437 1230.955 56.38457 -57.44077 1213.357 54.92169 -65.79379 1213.387 54.71064 -65.15797 1209.932 54.72117 -63.34725 1207.132 54.811 -59.03903 1204.977 54.69389 -59.03903 1221.634 55.04594 -63.34726 1219.575 55.09933 -65.15796 1216.784 49.89441 -72.87521 1213.093 50.05742 -71.70029 1207.202 50.02684 -68.35453 1201.996 49.93224 -60.39398 1197.7 49.89447 -60.39404 1228.5 49.89447 -68.35492 1224.417 49.89442 -71.70031 1219.22 42.73891 -77.60683 1212.839 42.98134 -76.07176 1205.084 43.27695 -71.70026 1198.603 42.73353 -61.29934 1192.665 42.73893 -61.29938 1232.956 42.75624 -71.70738 1227.619 42.7389 -76.07593 1220.843 34.47076 -77.60681 1204.19 34.29837 -79.26834 1212.617 34.66639 -72.87519 1196.983 34.276 -61.61723 1190.588 34.29842 -61.61732 1234.348 34.42228 -72.87883 1228.529 34.32448 -77.60794 1221.245 25.85782 -76.07178 1204.846 25.91735 -77.60683 1212.634 25.8541 -71.7003 1198.076 25.84072 -61.29936 1192.442 25.85787 -61.29937 1232.484 25.96174 -71.70038 1227.173 26.11269 -76.07181 1220.412 18.72892 -72.8752 1212.572 18.38265 -71.70031 1206.277 17.71494 -68.35455 1200.36 18.70229 -60.39399 1197.127 18.70233 -60.39403 1227.641 18.73979 -68.35459 1223.575 18.80283 -71.7003 1218.477 13.92115 -65.79377 1212.373 13.92113 -65.15794 1209.148 13.92109 -63.34725 1206.356 13.92109 -59.03902 1204.036 13.92115 -59.03902 1220.527 13.92116 -63.34726 1218.329 13.92115 -65.15796 1215.582 12.24217 -57.44073 1212.202 53.7695 -51.1464 1205.162 55.19523 -51.1464 1213.355 53.55764 -51.14643 1221.433 49.14531 -51.14642 1197.974 49.03876 -51.14644 1228.197 42.27577 -51.14637 1192.951 42.27585 -51.14645 1232.588 34.29725 -51.14636 1191.112 34.2984 -51.14644 1233.968 26.32092 -51.14641 1192.685 26.32094 -51.14644 1232.143 19.55797 -51.14637 1197.196 19.558 -51.14642 1227.385 15.03909 -51.14641 1204.059 15.0391 -51.14641 1220.394 13.4523 -51.1464 1212.208 148.5191 7.030259 930.7798 256.6672 52.7095 865.9533 12.5292 -84.88803 1138.179 13.35 -84.34637 1144.788 6.61628 -88.58568 1146 6.241406 -89.06567 1137.568 17.74262 -74.96126 1140.77 8.299636 -89.27667 1138.906 16.98925 -84.00935 1141.21 16.43658 -84.44112 1147.542 8.071946 -89.41664 1149.017 21.93799 -72.63705 1145.782 6.67348e-4 -89.28606 1146.285 6.55659e-4 -89.91776 1137.679 6.78532e-4 -56.25922 1360.126 346.3621 4.038504 762.5479 362.0146 3.476263 757.6885 354.7034 -31.54811 796.6879 338.1453 -35.28564 778.6542 370.1357 0.3873735 789.7939 376.297 0.5380548 775.136 366.8812 28.05921 795.7267 351.0843 48.52923 777.7022 334.5497 47.35913 761.329 362.0146 3.476263 757.6885 346.3621 4.038504 762.5479 323.8998 2.912584 754.6723 368.9859 -2.826208 804.001 323.8998 2.912584 754.6723 338.7453 -36.11929 814.4365 317.0796 -41.05643 790.3769 354.0023 33.64529 817.0211 335.9478 57.11535 790.8124 313.6012 54.80988 768.7656 298.4098 3.11362 760.4131 355.4564 -3.285154 827.2616 298.4098 3.11362 760.4131 296.7603 58.87812 826.1393 6.69789e-4 -90.25716 1149.338 6.5513e-4 -90.48933 1138.233 72.09404 77.50713 460.0064 -4.12646e-4 82.54745 410.6349 -1.81674e-4 86.83403 455.7137 139.2767 -24.89304 466.6635 136.9597 4.229078 638.3544 126.299 -34.95737 633.3207 42.07959 -122.3101 970.8726 65.94079 -114.3373 961.365 97.25768 -63.81193 940.8973 93.80791 30.0945 926.2478 93.80791 30.0945 926.2478 95.20185 34.38407 961.9254 95.20185 34.38407 961.9254 84.46469 38.22857 959.7178 49.98884 -75.36703 777.82 83.69658 -58.55049 756.338 73.8864 -41.69211 796.6327 23.23075 -83.70456 755.7281 57.31374 -80.23315 730.7025 28.04653 -89.15594 714.7315 97.38374 -24.65955 769.593 104.6466 41.98915 720.0482 84.83392 81.21019 658.326 48.83118 89.34942 709.8696 40.01263 101.9467 652.687 124.1879 53.06483 622.9127 121.7506 -14.51427 729.004 142.0961 4.617497 639.2549 -2.7914e-5 111.2798 595.1631 2.48237e-5 108.8548 652.4568 65.4004 101.3396 601.4315 32.99831 -80.23191 773.4741 55.04324 -45.00304 814.4309 31.45998 -73.63763 794.0987 67.07529 -3.423613 803.7556 51.86263 -11.46629 818.9843 84.11012 16.21672 768.3988 40.46375 30.04684 797.5305 32.71814 15.25946 812.6354 45.58887 57.73357 761.5505 7.49348e-5 41.15267 794.819 1.29295e-4 24.07897 809.9889 -1.69124e-5 69.92515 759.0599 47.41584 -94.39078 665.7222 75.08354 -80.64856 687.7622 106.8813 -50.82642 718.1263 75.54497 -94.31688 604.027 102.2271 -74.50786 615.9844 130.8161 -37.50866 633.9783 1.57293e-5 98.80964 707.2584 153.2077 38.32304 475.7077 85.47701 99.7362 461.6841 159.2262 -14.46663 479.8811 126.2554 -70.82037 464.6805 144.1302 -49.69424 476.0709 -4.33687e-5 108.0957 455.5573 156.2239 41.61583 434.0435 158.1466 43.70688 401.8116 89.3588 96.76471 382.5667 88.15598 97.68817 420.0735 -5.937e-5 110.647 373.2478 -6.23568e-5 108.5306 410.6786 157.5456 -31.87013 426.3399 144.5462 -53.67278 410.5944 159.3063 -26.03466 366.2643 162.8477 4.081503 389.2241 168.7489 47.73419 307.5423 162.1621 47.53362 352.5483 90.5443 99.08541 309.4283 95.21069 103.125 268.2074 -6.68452e-5 115.5899 295.7052 -7.63175e-5 120.6258 252.4109 162.206 6.860639 432.8141 21.7161 -79.44316 751.5858 47.8143 -70.73528 776.7417 55.87542 -76.55774 730.0526 28.04653 -89.15594 714.7315 11.69708 -85.00674 741.2585 55.87542 -76.55774 730.0526 80.20599 -54.92697 754.913 28.04653 -89.15594 714.7315 73.16812 -77.18814 687.165 47.41584 -94.39078 665.7222 103.0091 -47.50317 716.9828 99.59815 -71.54301 615.4382 75.54497 -94.31688 604.027 126.299 -34.95737 633.3207 136.9597 4.229078 638.3544 141.2867 33.52139 466.4225 144.3162 -13.80683 479.4372 140.7957 -47.51924 475.6831 126.2554 -70.82037 464.6805 87.83069 93.07005 382.4465 154.6953 41.71321 401.4751 149.7711 39.58418 433.6929 86.55736 94.02155 420.0866 -5.80971e-5 104.5318 410.5809 -5.58463e-5 106.6527 373.0342 153.8117 -30.44157 426.2088 144.5462 -53.67278 410.5944 158.8523 4.210741 389.0808 159.3063 -26.03466 366.2643 158.7945 45.42567 352.0837 168.7489 47.73419 307.5423 89.10018 95.37202 309.0743 95.21069 103.125 268.2074 -6.38291e-5 111.6069 295.3359 -7.63175e-5 120.6258 252.4109 158.2119 6.753425 432.6238 11.69708 -85.00674 741.2585 18.84769 -81.6151 790.8517 33.4049 -78.40541 785.1144 149.7711 39.58418 433.6929 141.2867 33.52139 466.4225 72.09404 77.50713 460.0064 86.55736 94.02155 420.0866 86.55736 94.02155 420.0866 72.09404 77.50713 460.0064 -1.81674e-4 86.83403 455.7137 -1.81674e-4 86.83403 455.7137 -5.80971e-5 104.5318 410.5809 86.55736 94.02155 420.0866 21.93417 -87.99678 772.5924 24.92896 -85.89201 781.5209 1.66858e-4 -95.06549 768.0944 11.69708 -85.00674 741.2585 11.96332 -90.34309 755.4569 4.45355e-5 -88.48518 744.5342 1.29072e-5 -84.37305 732.3067 23.23075 -83.70456 755.7281 32.99831 -80.23191 773.4741 33.4049 -78.40541 785.1144 18.84769 -81.6151 790.8517 2.48775e-4 -87.73405 783.5819 2.90122e-4 -83.29078 792.1292 1.29072e-5 -84.37305 732.3067 5.89534e-5 -80.65347 750.9456 10.32509 -80.80125 750.0278 11.69708 -85.00674 741.2585 21.7161 -79.44316 751.5858 101.2319 35.90384 52.44595 95.96032 37.15762 211.3188 101.7425 47.02781 211.5377 104.6533 46.6924 53.12142 103.7804 22.71981 51.7597 100.0433 19.65012 211.2468 130.0799 29.98651 51.81981 135.567 29.04048 211.2478 128.2587 14.88132 211.2491 122.5776 16.39151 51.0861 127.9544 43.50904 52.50349 130.7264 45.996 211.3288 123.1068 50.01907 53.17655 123.5706 51.11044 211.3914 117.1963 9.945154 211.2027 115.3099 12.22101 50.87487 114.1989 52.72491 53.8527 114.2048 52.64663 211.4444 114.2048 52.64663 211.4444 114.1989 52.72491 53.8527 69.30133 -63.55586 135.6709 -6.91254e-4 4.911939 233.2664 127.0502 -20.10291 138.5905 -8.37284e-4 -80.11203 133.8114 123.4465 36.23132 138.4971 127.0502 -20.10291 138.5905 -6.91254e-4 4.911939 233.2664 123.4465 36.23132 138.4971 65.55283 75.16123 136.6192 -8.48535e-4 89.645 133.5475 94.23344 -97.24843 72.8681 -9.38153e-4 -121.2718 71.46 171.8973 -31.24174 75.71856 169.5379 54.68984 77.54146 171.8973 -31.24174 75.71856 96.21682 111.2479 75.43288 169.5379 54.68984 77.54146 -9.46375e-4 126.3715 72.334 -19.45131 -23.95462 1104.764 -15.39777 -28.37381 1073.587 -27.16911 -23.39852 1082.163 -29.31188 -42.83139 1073.056 -17.71266 -53.37017 1064.061 -15.39777 -28.37381 1073.587 -20.35116 -50.48384 1049.361 -33.83477 -39.47204 1061.524 -54.42867 -44.70224 1051.757 -22.99265 -64.2115 1023.267 -44.0407 -22.52357 1074.331 -61.58323 -13.11322 1072.581 -45.28074 -4.229155 1087.517 -42.86899 17.01136 1104.056 -37.22984 17.82741 1098.056 -45.28074 -4.229155 1087.517 -37.22984 17.82741 1098.056 -63.3372 17.37513 1079.152 -26.14898 30.19813 1105.091 -46.11205 33.82503 1080.612 -13.22427 37.72842 1108.932 -25.2499 42.46602 1082.33 -51.03386 -67.16237 1015.404 -89.21773 -29.88732 1053.268 -85.16052 -54.98436 1007.595 -90.13575 4.618172 1067.392 -25.822 -94.24918 985.3862 -49.61657 -85.53847 990.7354 -69.45918 -76.49417 988.8007 -85.85913 -66.32152 984.8394 -61.79041 38.49771 1066.436 -87.4174 -45.9825 973.1747 -87.4174 -45.9825 973.1747 -94.03879 -60.60543 983.3754 -85.85913 -66.32152 984.8394 -88.46359 -71.57059 985.0958 -85.85913 -66.32152 984.8394 -94.03879 -60.60543 983.3754 -92.03568 -43.54278 965.089 -61.27254 -101.8299 985.7493 -50.60106 -89.8898 990.6723 -71.32748 -79.93785 987.6155 -20.85803 -121.869 973.723 -25.86356 -100.7208 986.1455 -41.33386 -119.294 976.6926 -20.85803 -121.869 973.723 -42.07758 -122.3105 970.8727 -44.31832 -127.5078 953.3378 -64.45827 -111.4655 973.0801 -65.93892 -114.3379 961.3652 -65.92807 -113.7768 935.0088 -19.03933 -120.3207 931.2695 -43.57362 -123.628 930.3705 -44.14877 -98.06084 911.2732 -28.65139 -93.44913 899.4738 -80.35186 -97.98471 968.2233 -28.65139 -93.44913 899.4738 -65.06221 -70.31641 883.0813 -31.83521 -84.67851 841.0432 -87.59747 -59.03514 918.8273 -75.36613 -79.57404 907.3649 -79.94132 -88.59032 923.9677 -82.61739 -44.16829 904.944 -109.1757 -68.51543 947.948 -97.25641 -63.81264 940.8975 -81.88775 -96.64293 951.7788 -97.25641 -63.81264 940.8975 -89.91225 -71.87328 934.3418 -81.88775 -96.64293 951.7788 -88.46359 -71.57059 985.0958 -102.865 -69.51483 961.1578 -102.865 -69.51483 961.1578 -105.114 -60.67831 981.7158 -102.8735 -54.28223 982.2704 -102.8735 -54.28223 982.2704 -97.25641 -63.81264 940.8975 -109.1757 -68.51543 947.948 -118.5542 -57.43784 937.179 -91.62138 -48.49656 934.1177 -68.4088 7.177862 885.2236 -84.27718 -8.137313 906.2814 -83.01096 15.67462 909.6494 -92.00102 -8.84397 933.2281 -96.19003 19.14378 930.4348 -92.89937 -6.304533 957.9444 -91.62138 -48.49656 934.1177 -97.25641 -63.81264 940.8975 -109.7464 -24.27298 1040.448 -112.8892 4.167572 1052.943 -137.0138 -16.04747 1012.45 -97.41909 21.42019 961.4579 -91.89993 18.50398 964.613 -96.90257 24.2957 970.4581 -84.46427 38.22763 959.718 -84.46427 38.22763 959.718 -86.79732 44.08811 957.2345 -97.38446 42.16378 959.3495 -95.20119 34.38349 961.9255 -82.10315 52.29875 987.5991 -34.62186 52.60001 1051.832 -77.6613 54.9548 1023.044 -113.7019 36.17234 1041.74 -141.5529 30.20496 1021.011 -36.42861 62.11091 1015.238 -40.2949 63.36762 979.1359 -43.83906 55.30437 952.5672 -73.0802 47.98681 954.3074 -43.83906 55.30437 952.5672 -44.98779 58.69512 950.011 -88.74902 41.16949 938.6681 -70.26567 37.63584 922.7792 -93.80733 30.09395 926.248 -96.19003 19.14378 930.4348 -93.80733 30.09395 926.248 -83.01096 15.67462 909.6494 -171.5456 -22.7084 941.472 -167.8148 -32.1815 943.4141 -189.8499 -13.81027 952.5787 -157.4154 -12.79364 993.8156 -165.4795 -17.18131 996.9604 -139.0519 -36.6032 984.5701 -141.5452 7.774736 1019.594 -122.5389 43.89425 973.5553 -114.5019 48.57969 986.7506 -105.0245 23.91325 970.2677 -131.773 50.08911 980.7318 -135.6411 -30.38942 984.9818 -135.6411 -30.38942 984.9818 -139.1402 -23.97445 965.8011 -125.229 -31.53077 995.1548 -126.3221 24.63247 958.618 -128.1735 -1.818454 958.1411 -148.5183 7.030302 930.7802 -152.4992 47.25991 943.7067 -121.0901 37.69828 933.1238 -131.5115 40.34383 959.6821 -247.0312 -14.83136 854.9347 -281.5718 -30.62471 822.0347 -261.0659 7.86745 794.8953 -228.8752 13.90312 838.5811 -383.383 -22.82609 762.5707 -391.2405 3.088869 760.2089 -403.8947 -36.28181 745.0762 -376.0686 -26.7173 754.2434 -389.9683 -45.60944 740.4279 -413.9371 -1.398322 739.7098 -371.1589 10.79232 736.9952 -383.0082 18.69817 725.6478 -377.6868 26.42159 746.2162 -405.2715 23.86581 717.3721 -371.9233 -15.02863 741.504 -382.2432 -8.525797 725.0825 -376.0686 -26.7173 754.2434 -382.7722 -40.45213 727.6799 -387.2796 -33.0195 717.8235 -389.9683 -45.60944 740.4279 -428.7166 -46.15872 721.6152 -406.7758 -64.80367 719.5447 -417.4649 -53.24693 725.2377 -405.8573 -35.46033 713.2454 -410.9797 -52.32918 706.3884 -422.1931 -47.95525 715.2245 -419.9415 -56.83451 711.6586 -429.5025 -31.98397 703.4064 -403.8949 -2.492325 712.9307 -422.1931 -47.95525 715.2245 -441.6708 -33.11273 714.4677 -437.6656 -50.83424 711.7253 -443.8105 -2.99759 709.5468 -463.7732 -12.78576 683.2993 -430.956 -0.767323 697.8099 -430.2791 -50.27407 708.3834 -429.5025 -31.98397 703.4064 -430.2791 -50.27407 708.3834 -452.9752 -61.68866 683.2302 -455.5368 -46.99384 679.2104 -466.8277 -69.98027 660.8348 -474.0921 -69.80283 662.6298 -474.9611 -71.38403 654.0004 -461.8385 5.448534 664.7837 -457.9448 5.416505 661.7555 -464.6046 2.717827 660.1536 -435.3977 -72.78894 689.2167 -433.2686 -73.37867 685.2679 -437.0555 -78.8952 684.7083 -429.6078 -76.09556 682.2072 -424.9325 -78.58857 685.0638 -431.1082 -82.81297 681.5682 -55.04268 -45.00325 814.4311 -31.45942 -73.63774 794.0989 -61.18277 -48.68159 855.5364 -47.81398 -70.73537 776.7417 -55.51885 -70.91732 729.9902 -21.71598 -79.44319 751.5859 -27.87489 -79.21696 714.0127 -10.32497 -80.80127 750.0278 -21.71598 -79.44319 751.5859 -55.51885 -70.91732 729.9902 -128.1616 5.015787 33.155 -122.5796 16.39202 51.08686 -130.0818 29.98704 51.82061 -127.9563 43.50959 52.50431 -133.5658 31.53297 35.08806 -123.1087 50.01963 53.17735 -125.7173 49.89716 36.81744 -115.3119 12.22152 50.87562 -115.9325 -5.425686 33.91587 -104.9816 4.626645 35.32219 -103.7824 22.72033 51.76041 -97.2817 32.44348 36.71592 -97.94581 12.89267 22.53709 -133.3405 20.08681 23.33401 -128.905 -10.10132 22.85661 -115.9635 -24.32619 23.37163 -103.3945 -14.06008 23.42161 -137.0005 -13.09867 19.4946 -137.3116 12.87314 0.4815986 -127.6752 -39.04836 20.16425 -102.5478 -40.60416 20.47075 -116.1322 -38.98396 23.01801 -97.8957 -14.52449 18.99988 -101.3593 52.83327 23.83942 -95.91125 40.73933 23.78457 -97.4276 43.35221 0.481615 -100.5973 59.4706 0.4816535 -135.0876 -40.01707 15.08092 -114.2368 -64.43073 24.62776 -96.1469 -45.20024 15.15562 -106.8577 -66.61584 24.82312 -121.7628 -65.45087 21.3984 -92.74636 -43.72416 0.4814166 -105.0676 -76.89413 10.64678 -101.5317 -69.62675 19.88144 -108.8249 -77.95502 31.2122 -113.3138 -76.62683 37.29307 -113.6645 -81.47628 31.15651 -114.6007 -84.17819 20.46227 -118.2234 -77.7363 31.73642 -113.6645 -81.47628 31.15651 -116.1403 -83.03219 8.977961 -125.3604 -77.07812 13.34183 -114.6007 -84.17819 20.46227 -128.9538 -65.68557 16.94276 -116.1403 -83.03219 8.977961 -131.267 -67.15728 0.4813996 -140.6413 -41.71404 0.4814754 -104.1193 -68.89793 0.4813671 -18.55065 -29.09963 1120.306 -29.95662 -11.41622 1112.346 -29.1265 -14.87673 1128.504 -33.73228 3.25651 1138.119 -32.99725 6.807705 1122.839 -26.92783 21.34137 1129.306 -29.23194 19.96807 1141.524 -33.80511 -9.78954 1093.655 -27.16911 -23.39852 1082.163 -37.58952 -26.67658 1084.991 -33.80511 -9.78954 1093.655 -40.34921 -9.676786 1095.724 -31.53063 11.403 1107.018 -31.53063 11.403 1107.018 -37.55629 12.13202 1108.693 -26.23672 25.50508 1115.961 -26.23672 25.50508 1115.961 -27.9196 28.68608 1117.505 -14.9034 30.9927 1133.754 -17.63282 31.95738 1147.126 -13.69867 34.3015 1121.779 -13.69867 34.3015 1121.779 -14.01959 36.63062 1121.951 -19.84493 -60.67426 1047.666 -36.43888 -47.84718 1061.526 -46.79084 -29.73336 1077.84 -20.35116 -50.48384 1049.361 -33.83477 -39.47204 1061.524 -44.0407 -22.52357 1074.331 -47.46686 -8.054223 1092.851 -29.22553 32.86066 1112.761 -26.14898 30.19813 1105.091 -13.22427 37.72842 1108.932 -14.97527 41.65262 1117.504 -25.822 -94.24918 985.3862 -49.61657 -85.53847 990.7354 -69.45918 -76.49417 988.8007 -101.803 -37.86078 1005.211 -87.66969 38.01836 1055.292 -94.0144 -8.54233 975.3212 -90.07359 -6.846296 964.4728 -90.07359 -6.846296 964.4728 -92.03568 -43.54278 965.089 -87.4174 -45.9825 973.1747 -102.3732 -6.416699 975.2385 -65.06221 -70.31641 883.0813 -74.52328 -37.76263 884.1289 -74.52328 -37.76263 884.1289 -117.5688 -49.84228 981.1345 -115.4167 -44.90221 981.8397 -125.7315 -51.76585 961.0303 -138.4709 -48.70121 948.5724 -144.5735 -45.36554 938.0574 -58.7807 -1.500775 854.8064 -151.7921 -36.82348 968.4793 -164.9793 -33.79021 955.4252 -167.8148 -32.1815 943.4141 -173.5081 -17.20395 979.9787 -191.2936 -15.41326 954.5245 -186.4341 -17.50353 967.6335 -105.0245 23.91325 970.2677 -96.90257 24.2957 970.4581 -91.89993 18.50398 964.613 -97.38446 42.16378 959.3495 -107.4785 42.21947 962.2323 -106.8296 35.47754 964.7894 -95.20119 34.38349 961.9255 -96.19003 19.14378 930.4348 -97.41909 21.42019 961.4579 -106.8296 35.47754 964.7894 -112.3342 51.51935 1017.294 -132.7757 48.67058 1005.233 -42.9702 51.0774 918.9924 -70.26567 37.63584 922.7792 -38.40438 38.13148 888.9803 -42.9702 51.0774 918.9924 -33.42632 25.46209 854.8531 -38.40438 38.13148 888.9803 -68.4088 7.177862 885.2236 -88.74902 41.16949 938.6681 -113.2818 43.07283 948.4462 -121.0901 37.69828 933.1238 -159.6758 8.473405 1000.418 -168.7995 8.704985 1004.882 -178.5036 9.139798 987.6265 -191.911 9.574601 975.0074 -199.2633 11.72973 961.7192 -197.4577 10.62761 958.9967 -189.8499 -13.81027 952.5787 -157.4154 -12.79364 993.8156 -159.6758 8.473405 1000.418 -155.8403 32.60867 1001.114 -145.4261 46.83583 993.557 -128.1735 -1.818454 958.1411 -126.3221 24.63247 958.618 -126.3221 24.63247 958.618 -131.5115 40.34383 959.6821 -155.8403 32.60867 1001.114 -163.1642 35.59927 1005.395 -185.1048 38.36612 975.1914 -171.2599 36.90474 987.975 -191.9362 37.63552 961.7114 -189.5266 35.09657 958.1398 -145.4261 46.83583 993.557 -147.5029 53.06854 993.2939 -157.5956 51.32318 978.257 -166.4222 54.28448 965.364 -171.3819 50.84737 952.592 -144.5923 55.13865 956.7346 -140.1376 54.62014 967.8716 -152.4992 47.25991 943.7067 -131.773 50.08911 980.7318 -133.3998 53.77454 979.4316 -122.5389 43.89425 973.5553 -122.1581 48.58734 970.7198 -121.0901 37.69828 933.1238 -172.4371 50.12087 950.9989 -115.4167 -44.90221 981.8397 -102.8735 -54.28223 982.2704 -118.5542 -57.43784 937.179 -144.5735 -45.36554 938.0574 -135.6411 -30.38942 984.9818 -167.8148 -32.1815 943.4141 -207.7033 -13.86814 898.2357 -171.5456 -22.7084 941.472 -189.8499 -13.81027 952.5787 -223.9937 -8.112914 913.6635 -197.4577 10.62761 958.9967 -233.6474 13.86142 921.8367 -139.1402 -23.97445 965.8011 -131.5115 40.34383 959.6821 -126.3221 24.63247 958.618 -152.4992 47.25991 943.7067 -189.5266 35.09657 958.1398 -229.1421 33.12355 917.7001 -172.4371 50.12087 950.9989 -216.3575 47.3209 904.1859 -152.4992 47.25991 943.7067 -197.2957 39.32541 888.0114 -148.5183 7.030302 930.7802 -191.3785 14.06826 881.2803 -148.5183 7.030302 930.7802 -191.3785 14.06826 881.2803 -243.8065 -7.684892 894.3516 -226.9278 -11.70329 878.0931 -210.9481 15.13617 862.6569 -253.819 14.08314 902.8986 -277.4051 11.44921 886.5411 -265.4541 -10.36138 876.2716 -250.615 32.98399 899.064 -274.9969 33.95724 882.4033 -236.1952 49.74892 885.1777 -217.2268 35.68964 869.1343 -210.9481 15.13617 862.6569 -228.8752 13.90312 838.5811 -236.5059 40.88589 845.8276 -353.4365 -19.2953 776.3043 -362.2698 -17.39954 786.2532 -371.1906 -13.24051 773.4136 -365.7678 -14.27278 767.06 -319.7824 2.565478 859.7688 -303.3292 -25.38408 845.7928 -317.8501 37.53774 852.1102 -371.1333 23.23783 765.4307 -375.683 13.49689 771.5808 -369.0469 18.49371 784.8532 -360.9971 31.12161 775.0327 -366.0963 23.78459 759.709 -352.3951 31.00395 766.0366 -261.0659 7.86745 794.8953 -273.9105 54.39674 803.7982 -371.1906 -13.24051 773.4136 -376.2965 0.5383617 775.1369 -365.7678 -14.27278 767.06 -375.683 13.49689 771.5808 -383.7306 25.73516 752.0756 -366.0963 23.78459 759.709 -377.6868 26.42159 746.2162 -371.1333 23.23783 765.4307 -366.0963 23.78459 759.709 -362.0141 3.476568 757.6893 -411.2906 23.68912 727.879 -405.2715 23.86581 717.3721 -406.7758 -64.80367 719.5447 -400.3709 -61.29069 712.3841 -402.7503 -54.70073 706.6638 -420.2634 -62.00552 715.0786 -419.9415 -56.83451 711.6586 -422.1011 -63.55278 695.012 -425.7589 -63.16892 700.8311 -419.9415 -56.83451 711.6586 -410.9797 -52.32918 706.3884 -410.9797 -52.32918 706.3884 -402.7503 -54.70073 706.6638 -418.8853 -68.73166 692.6842 -422.1011 -63.55278 695.012 -417.6337 -72.97916 695.792 -400.3709 -61.29069 712.3841 -421.3364 -74.84628 702.0079 -406.7758 -64.80367 719.5447 -420.2634 -62.00552 715.0786 -427.0577 -70.99321 704.0067 -464.0374 -38.80756 686.8372 -430.2791 -50.27407 708.3834 -438.6997 16.128 701.0826 -456.6198 8.301421 674.1232 -432.652 16.81527 696.9865 -452.5395 6.406607 668.9612 -432.652 16.81527 696.9865 -452.5395 6.406607 668.9612 -457.3421 -17.1509 673.3561 -437.6656 -50.83424 711.7253 -458.1032 -60.60338 688.4022 -478.0233 -18.51144 660.9796 -481.3133 -46.3581 659.7601 -471.3095 -55.38747 655.6884 -457.9448 5.416505 661.7555 -473.2549 -21.37194 652.0288 -478.3738 -60.12169 650.5484 -478.3738 -60.12169 650.5484 -477.8683 -56.20848 660.0874 -481.3884 -20.46671 650.3355 -481.3884 -20.46671 650.3355 -464.6046 2.717827 660.1536 -435.8019 -78.68432 691.5765 -429.7105 -82.77325 688.7406 -436.9233 -81.7043 686.3399 -433.087 -84.67266 684.2363 -431.1082 -82.81297 681.5682 -437.0555 -78.8952 684.7083 -433.2686 -73.37867 685.2679 -18.84713 -81.61517 790.8517 -51.8622 -11.46648 818.9845 -32.71784 15.25935 812.6354 -80.20592 -54.92702 754.9131 -39.43479 -79.89077 662.6229 -75.43571 -67.56644 690.5267 -103.0091 -47.50317 716.9828 -75.43571 -67.56644 690.5267 -48.01045 -86.18338 594.6788 -98.09319 -66.42928 617.5533 -126.299 -34.95731 633.3209 -103.0091 -47.50317 716.9828 -141.2871 33.5214 466.4229 -139.2773 -24.89291 466.6641 -136.9597 4.229144 638.3546 -79.98019 -72.97556 459.617 -80.54201 -71.90211 407.5004 -144.8324 -24.53043 414.0796 -147.7693 -25.03906 366.1368 -81.64023 -72.99545 360.4617 -142.4201 37.28728 416.6909 -143.8701 40.55953 370.8256 -72.09344 74.16563 413.3146 -72.36613 75.79674 366.4543 -87.36528 -80.62673 234.7127 -157.9136 -24.88162 240.0568 -153.5156 40.75908 240.583 -78.89899 85.66109 236.5364 -166.5294 -28.46559 151.5382 -90.90067 -85.48006 147.707 -161.801 45.72947 151.4156 -85.98233 96.38262 148.9515 -94.23526 -97.24812 72.86856 -171.8992 -31.2413 75.71935 -169.5398 54.69033 77.54233 -96.2187 111.2484 75.43351 -114.2008 52.72546 53.85347 -112.9116 57.11192 36.82878 -101.2339 35.90437 52.44666 -101.9347 50.61521 36.78067 -112.9116 57.11192 36.82878 -114.2008 52.72546 53.85347 -104.6552 46.69294 53.12216 -114.2562 60.79979 24.63984 -114.2562 60.79979 24.63984 -126.0289 52.28971 23.60176 -127.8058 54.44602 0.4816761 -96.58317 7.329396 0.4815367 -113.4219 65.8201 0.4816829 -113.4219 65.8201 0.4816829 -118.4675 -78.14776 0.4813619 -118.4675 -78.14776 0.4813619 -85.85913 -66.32152 984.8394 -91.89993 18.50398 964.613 -365.7678 -14.27278 767.06 -135.6411 -30.38942 984.9818 -171.5456 -22.7084 941.472 -171.5456 -22.7084 941.472 -113.4219 65.8201 0.4816829 -100.5973 59.4706 0.4816535 -97.4276 43.35221 0.481615 -127.8058 54.44602 0.4816761 -131.267 -67.15728 0.4813996 -104.1193 -68.89793 0.4813671 -118.4675 -78.14776 0.4813619 -140.6413 -41.71404 0.4814754 -92.74636 -43.72416 0.4814166 -137.3116 12.87314 0.4815986 -96.58317 7.329396 0.4815367 -461.8319 -45.22499 686.5006 -457.7001 -40.43273 678.8389 -474.9848 -45.91193 654.4222 -482.9564 -45.22195 648.7897 -482.9564 -45.22195 648.7897 -441.6708 -33.11273 714.4677 -458.6844 -46.10941 682.8555 -474.5889 -54.64036 657.8879 -435.5868 -32.54836 708.9371 -435.5868 -32.54836 708.9371 -460.8687 -39.62014 682.8381 -478.149 -46.13501 657.0912 -455.5368 -46.99384 679.2104 -471.3095 -55.38747 655.6884 -429.5025 -31.98397 703.4064 -460.8687 -39.62014 682.8381 -435.5868 -32.54836 708.9371 -478.149 -46.13501 657.0912 -122.5389 43.89425 973.5553 -13.58212 -91.27576 1253.927 -62.37457 -56.13351 1216.785 -63.38383 -57.1875 1227.782 -67.07457 -41.71114 1241.186 -66.72187 -39.08128 1202.29 -61.07139 -63.13593 1244.742 -61.65684 -61.26886 1248.938 -70.14341 -21.26447 1221.316 -29.51487 -85.10094 1258.327 -27.47547 -84.4657 1265.987 -11.38295 -87.38143 1218.1 -16.82408 -81.81728 1211.943 -9.990707 -88.25069 1206.997 -18.40318 -77.95346 1200.846 -16.7551 -86.34421 1189.423 -9.617987 -99.89392 1188.932 -8.960463 -108.6776 1174.247 -15.27441 -90.32188 1173.809 -25.98311 -86.27804 1182.309 -7.469746 -97.8607 1163.996 -4.363951 -98.10264 1161.666 -6.799707 -106.9052 1164.701 -11.25276 -101.0232 1165.192 -13.28443 -92.70974 1162.458 -14.89072 -99.29465 1168.204 -16.45356 -91.29507 1166.184 -13.78558 -94.26028 1156.744 -5.459342 -98.71191 1157.332 -26.24601 -87.8725 1163.366 -23.81964 -89.43832 1154.44 -60.76093 -46.68728 1169.532 -62.52024 -59.78395 1188.283 -16.82562 -91.68294 1142.105 -15.80476 -90.63178 1144.278 -22.33495 -86.14624 1144.012 -27.22989 -55.23951 1118.498 -19.84505 -44.05293 1115.628 -11.41557 -74.17751 1106.671 -24.4024 -86.57303 1145.346 -22.96756 -84.23116 1143.084 -57.05704 -33.93875 1157.624 -65.64588 -29.30812 1177.014 -50.55241 -18.41449 1147.12 -59.45434 -3.161202 1164.828 -68.34388 -26.16408 1198.501 -67.35083 -37.33605 1245.901 -43.80452 -5.76046 1143.568 -51.806 4.988024 1154.694 -17.18912 -89.23699 1240.83 -30.92336 -82.4891 1237.728 -19.44877 -84.38231 1226.346 -32.55095 -83.68669 1246.402 -18.37835 -80.11777 1211.288 -19.93261 -78.41826 1210.632 -17.54993 -72.36858 1199.456 -26.03354 -75.34726 1199.654 -26.18794 -78.90092 1198.556 -24.30723 -79.86832 1222.133 -21.87801 -82.12531 1224.24 -32.95745 -79.51709 1228.742 -31.80389 -81.04324 1233.214 -35.71782 -76.28465 1198.625 -35.72915 -79.21136 1196.21 -38.37661 -83.00238 1178.938 -46.66972 -74.3209 1200.476 -48.65972 -76.94038 1197.779 -53.831 -74.03604 1180.638 -53.24914 -69.79185 1206.037 -55.91871 -69.25733 1204.355 -57.62158 -64.18842 1218.202 -59.47334 -61.91984 1223.693 -58.0543 -68.15874 1228.063 -59.07848 -66.5719 1232.612 -60.10264 -64.98506 1235.819 -47.19977 -77.54668 1240.523 -46.29412 -76.62054 1235.739 -47.1537 -77.82753 1250.677 -45.38849 -75.69437 1230.956 -46.45292 -77.76716 1262.413 -62.4159 -59.08306 1253.783 -46.73481 -76.14206 1266.872 -7.896923 -109.7173 1168.313 -6.391963 -100.857 1150.932 -12.53471 -97.64836 1149.797 -7.823693 -93.575 1143.727 -19.03076 -92.67395 1147.279 -53.20224 -64.23347 1158.985 -40.97826 -79.47951 1157.322 -9.291311 -96.10898 1140.006 -7.826688 -93.575 1143.928 -15.80477 -90.63181 1144.277 -31.08539 -84.06161 1149.941 -9.454636 -92.40651 1134.663 -18.62303 -88.24048 1139.42 -10.00577 -87.31789 1132.993 -19.21342 -85.43285 1138.251 -11.14341 -86.30692 1127.128 -12.49577 -83.71911 1116.282 -23.75846 -80.29832 1132.447 -25.52317 -74.75388 1123.425 -31.19757 -80.24005 1141.188 -39.6957 -66.5318 1138.375 -48.53504 -50.55483 1145.411 -39.46467 -32.5943 1133.815 -31.58928 -22.78057 1130.252 -28.43209 -81.8167 1273.977 -20.80858 -76.62602 1209.951 -33.32491 -50.33248 1211.363 -17.54993 -72.36858 1199.456 -26.03354 -75.34726 1199.654 -26.07825 -78.45029 1218.826 -34.05793 -77.83147 1224.267 -35.71782 -76.28465 1198.625 -46.66972 -74.3209 1200.476 -53.24914 -69.79185 1206.037 -57.62158 -64.18842 1218.202 -54.00385 -72.70689 1224.383 -44.24976 -75.64409 1225.906 -13.06698 -99.0952 1268.764 -43.31254 -107.067 1277.933 -63.78293 -91.95403 1245.922 -33.02541 -97.19849 1261.604 -45.80599 -102.6496 1293.036 -89.62937 -85.17059 1303.07 -87.88938 -94.15873 1285.784 -77.96709 -65.48872 1309.715 -48.28658 -89.53399 1300.678 -49.85239 -78.48852 1324.253 -72.71783 -52.19529 1330.112 -81.22712 -96.95053 1263.153 -25.02516 -88.5842 1326.459 -24.62122 -52.86839 1358.203 -48.65257 -42.60043 1350.697 -25.3512 -97.6269 1324.817 -34.93114 -93.63895 1317.235 -21.16035 -105.664 1298.515 -26.22575 -102.0847 1316.658 -115.8545 -9.567426 1277.842 -144.7491 15.47486 1245.285 -135.5034 -23.69252 1273.308 -118.725 27.14099 1249.593 -33.7608 -1.555775 1365.457 -31.41011 72.0116 1347.867 -47.38553 36.37651 1346.048 -17.01451 56.67384 1355.923 -159.7366 -4.626212 1229.316 -168.2289 27.09272 1166.224 -156.1742 -15.10148 1203.248 -132.2872 72.89693 1212.187 -96.73299 30.04004 1256.619 -99.20279 68.08211 1228.365 -77.08711 64.46024 1234.648 -79.52532 -16.3084 1206.79 -70.14341 -21.26447 1221.316 -101.9626 -27.44121 1222.233 -118.4503 -13.86578 1190.064 -16.18091 79.98829 1348.54 -35.64349 87.74787 1332.91 -20.3253 99.90656 1329.347 -26.31806 99.66614 1297.156 -57.23667 75.94625 1315.696 -53.41016 83.06011 1274.913 -75.08829 49.7282 1297.854 -30.90456 97.13103 1264.479 -41.27459 93.58158 1215.651 -61.59733 72.77955 1253.028 -36.57889 90.72547 1235.161 -70.46141 107.8246 1209.223 -38.17668 130.8842 1200 -101.5681 132.2292 1182.665 -152.4569 90.14513 1152.216 -165.4346 41.24162 1188.835 -127.6359 142.2978 1124.292 -126.3709 138.1097 1077.182 -69.03493 169.0171 1031.216 -109.8964 101.8682 1043.925 -65.85119 111.7032 1001.658 -32.17639 147.6848 991.5074 -79.3099 83.44054 1013.863 -45.94729 119.8407 983.4296 -44.10316 87.62143 997.4934 -37.6674 71.22559 1016.416 -72.23795 54.28078 1034.193 -109.7723 21.63838 1098.847 -132.2534 3.894729 1154.174 -129.7796 33.12722 1096.39 -99.2181 1.619978 1163.534 -47.8504 121.5207 970.9425 -33.60464 154.5245 979.5219 -55.2994 144.918 955.8049 -34.07764 175.8691 964.8569 -56.65578 112.4502 948.3373 -31.21113 94.01581 966.0524 -38.72153 85.86353 942.6068 -59.00115 166.7761 929.3432 -34.62568 195.9281 936.9934 -60.7484 114.4154 917.7894 -28.57285 75.26276 908.9326 -10.97378 280.8289 576.4198 -27.33364 257.9991 580.8267 -9.664399 278.1555 585.7804 -20.98444 254.0227 568.1512 -16.28195 260.8752 590.3294 -79.52532 -16.3084 1206.79 -68.34388 -26.16408 1198.501 -70.14341 -21.26447 1221.316 -99.2181 1.619978 1163.534 -86.60001 -16.82045 1159.73 -66.40672 -31.93347 1157.785 -65.64588 -29.30812 1177.014 -71.61433 -5.743409 1108.568 -61.55172 5.604986 1152.969 -66.40672 -31.93347 1157.785 -71.61433 -5.743409 1108.568 -61.55172 5.604986 1152.969 -71.61433 -5.743409 1108.568 -55.7298 24.23012 1099.904 -95.71815 40.97574 1054.718 -26.58614 57.44379 1050.662 -55.9972 41.93713 1056.008 -37.00591 -86.48014 1267.051 -11.69636 -102.853 1269.094 -28.43209 -81.8167 1273.977 -12.8361 -107.841 1283.419 -22.88573 -101.1978 1283.528 -30.99619 -98.71865 1299.565 -61.55522 -83.52362 1251.545 -101.4975 -68.87449 1223.718 -113.7841 -73.88795 1246.99 -86.16508 -46.60922 1237.15 -123.7842 -69.48489 1277.579 -119.2526 -56.53382 1294.821 -106.5082 -39.94463 1301.092 -96.39508 -38.96712 1306.702 -89.23281 -17.65042 1324.977 -73.66904 -3.14638 1336.343 -88.64272 22.04279 1298.027 -100.8651 -1.417562 1281.854 -143.5367 -35.07796 1260.109 -137.7709 -40.27892 1226.062 -126.1553 -38.91006 1206.317 -78.39149 48.43103 1276.604 -46.73481 -76.14206 1266.872 -144.6386 -16.24276 1186.441 -157.5298 16.09417 1149.636 -60.98591 169.1668 1169.353 -78.08649 182.3995 1105.526 -153.5093 72.63187 1118.16 -147.2566 48.44437 1104.129 -113.2945 61.88507 1050.518 -32.17639 147.6848 991.5074 -45.94729 119.8407 983.4296 -29.93398 94.93161 979.52 -29.93398 94.93161 979.52 -27.17732 198.0936 895.5112 -48.56784 172.5132 889.6365 -52.3105 125.2598 878.59 -27.76155 88.73192 871.626 -18.90363 117.3234 845.7563 -37.22782 137.2519 849.5018 -32.21313 167.5287 855.6824 -17.44794 180.0753 858.0318 -19.71748 184.5454 840.7103 -34.57838 172.2124 839.3813 -38.85749 138.0043 832.265 -19.47699 116.5043 827.8403 -29.33408 205.7565 828.527 -53.09494 182.6037 822.735 -53.63913 136.4447 814.7456 -25.15777 103.3869 809.0924 -44.9506 222.8831 794.8401 -75.01009 197.1488 792.4983 -74.81859 140.84 783.2977 -33.83669 98.09185 774.6204 -46.51218 231.9718 715.6235 -84.09447 195.8746 715.9337 -33.1991 223.7048 651.7451 -65.60156 204.0958 651.0445 -54.66738 151.9489 640.6766 -55.96532 125.9043 705.2983 -33.95461 199.7737 586.2377 -47.49548 224.3435 601.3913 -24.65812 239.5543 607.8074 -14.7866 10.17929 1142.761 -59.45434 -3.161202 1164.828 -51.806 4.988024 1154.694 -59.45434 -3.161202 1164.828 -62.4159 -59.08306 1253.783 -67.35083 -37.33605 1245.901 -65.64588 -29.30812 1177.014 -22.33495 -86.14624 1144.012 -15.80476 -90.63178 1144.278 -15.6528 -82.60066 1140.66 -23.50685 -83.57852 1144.206 -7.823693 -93.575 1143.727 -7.851813 -82.36222 1146.792 -15.80477 -90.63181 1144.277 -15.90701 -82.60065 1147.252 -7.707737 -82.33736 1139.686 -7.826688 -93.575 1143.928 -15.9521 -70.25649 1138.673 -23.7515 -71.23438 1142.234 -7.859854 -70.01808 1147.582 -15.96666 -70.2565 1147.232 -7.859816 -70.01808 1138.434 -7.860022 -68.43424 1142.958 -15.96707 -68.67267 1142.877 -20.80858 -76.62602 1209.951 -17.54993 -72.36858 1199.456 -20.63074 -80.44614 1210.289 -25.758 -82.53047 1219.67 -26.07825 -78.45029 1218.826 -34.10282 -82.91011 1225.287 -34.05793 -77.83147 1224.267 -54.00385 -72.70689 1224.383 -57.90651 -77.06357 1226.403 -57.62158 -64.18842 1218.202 -45.7392 -80.7536 1227.682 -44.24976 -75.64409 1225.906 -19.93261 -78.41826 1210.632 -24.30723 -79.86832 1222.133 -32.95745 -79.51709 1228.742 -58.0543 -68.15874 1228.063 -59.47334 -61.91984 1223.693 -67.79395 -72.25717 1228.724 -45.38849 -75.69437 1230.956 -56.38305 -57.44072 1213.357 -54.70912 -65.15791 1209.932 -54.92016 -65.79374 1213.387 -54.71966 -63.34721 1207.132 -54.80949 -59.03899 1204.978 -55.04439 -63.34721 1219.575 -54.69233 -59.03899 1221.634 -55.0978 -65.15791 1216.784 -50.05591 -71.70024 1207.202 -49.89289 -72.87516 1213.093 -50.02535 -68.35448 1201.996 -49.93075 -60.39394 1197.7 -49.89291 -68.35487 1224.417 -49.89289 -60.39399 1228.5 -49.89288 -71.70026 1219.221 -42.97984 -76.07172 1205.084 -42.73739 -77.60679 1212.839 -43.27547 -71.70023 1198.603 -42.73206 -61.2993 1192.665 -42.75468 -71.70734 1227.619 -42.73734 -61.29933 1232.956 -42.73737 -76.07589 1220.843 -34.46926 -77.60677 1204.19 -34.29685 -79.2683 1212.617 -34.66492 -72.87515 1196.983 -34.27454 -61.6172 1190.588 -34.42072 -72.87878 1228.529 -34.29684 -61.61729 1234.348 -34.32293 -77.6079 1221.245 -25.85632 -76.07175 1204.846 -25.91582 -77.6068 1212.634 -25.85263 -71.70028 1198.076 -25.83925 -61.29934 1192.442 -25.85628 -61.29934 1232.484 -25.96017 -71.70034 1227.173 -26.11114 -76.07178 1220.412 -18.38114 -71.70028 1206.276 -18.72739 -72.87517 1212.572 -17.71345 -68.35452 1200.36 -18.7008 -60.39396 1197.127 -18.70076 -60.39399 1227.641 -18.73823 -68.35455 1223.575 -18.80129 -71.70026 1218.477 -13.91961 -65.15792 1209.147 -13.91962 -65.79375 1212.372 -13.91958 -63.34723 1206.356 -13.91958 -59.03899 1204.036 -13.91959 -59.03899 1220.526 -13.91961 -63.34723 1218.329 -13.91961 -65.15794 1215.582 -12.24064 -57.44071 1212.202 -55.1937 -51.14635 1213.355 -53.76799 -51.14636 1205.162 -53.55608 -51.14639 1221.433 -49.14383 -51.14638 1197.974 -49.03718 -51.14639 1228.197 -42.2743 -51.14634 1192.951 -42.27426 -51.1464 1232.588 -34.29578 -51.14634 1191.112 -34.29681 -51.14641 1233.968 -26.31945 -51.14639 1192.685 -26.31935 -51.1464 1232.143 -19.55648 -51.14635 1197.196 -19.55642 -51.1464 1227.385 -15.03758 -51.14639 1204.059 -15.03754 -51.14639 1220.394 -13.45076 -51.14638 1212.207 -148.5183 7.030302 930.7802 -256.6665 52.70969 865.9539 -12.52788 -84.88803 1138.179 -6.240095 -89.06567 1137.568 -6.614945 -88.58568 1146 -13.34867 -84.34637 1144.788 -17.74129 -74.96126 1140.77 -8.298326 -89.27667 1138.906 -8.070609 -89.41664 1149.017 -16.43525 -84.44112 1147.542 -16.98793 -84.00935 1141.21 -21.93666 -72.63705 1145.782 -362.0141 3.476568 757.6893 -346.3617 4.038779 762.5486 -338.1449 -35.28537 778.6548 -354.703 -31.54784 796.6886 -370.1353 0.3876485 789.7947 -376.2965 0.5383617 775.1369 -366.8808 28.05946 795.7275 -351.0839 48.52948 777.7029 -334.5494 47.35939 761.3298 -362.0141 3.476568 757.6893 -346.3617 4.038779 762.5486 -323.8996 2.912849 754.673 -368.9854 -2.825944 804.0018 -323.8996 2.912849 754.673 -317.0793 -41.05618 790.3775 -338.7449 -36.11903 814.4371 -354.0018 33.64555 817.0219 -335.9474 57.11559 790.8131 -313.6009 54.81012 768.7662 -298.4095 3.113873 760.4138 -355.4559 -3.284903 827.2623 -298.4095 3.113873 760.4138 -296.7598 58.87834 826.1399 -72.09444 77.5072 460.0067 -139.2773 -24.89291 466.6641 -126.299 -34.95731 633.3209 -136.9597 4.229144 638.3546 -42.07758 -122.3105 970.8727 -65.93892 -114.3379 961.3652 -97.25641 -63.81264 940.8975 -93.80733 30.09395 926.248 -93.80733 30.09395 926.248 -95.20119 34.38349 961.9255 -95.20119 34.38349 961.9255 -84.46427 38.22763 959.718 -49.9885 -75.36715 777.82 -73.88607 -41.69231 796.6328 -83.6965 -58.55055 756.338 -57.31369 -80.23318 730.7026 -23.23061 -83.70459 755.7281 -28.04652 -89.15598 714.7315 -97.38367 -24.65961 769.5931 -104.6466 41.98916 720.0482 -48.83118 89.34943 709.8696 -84.83388 81.21024 658.326 -40.01258 101.9468 652.6869 -124.1879 53.06491 622.9129 -121.7506 -14.51427 729.0041 -142.0961 4.617567 639.255 -65.4004 101.3397 601.4316 -32.99796 -80.23199 773.4742 -31.45942 -73.63774 794.0989 -55.04268 -45.00325 814.4311 -51.8622 -11.46648 818.9845 -67.07501 -3.4238 803.7558 -84.11007 16.21666 768.3988 -32.71784 15.25935 812.6354 -40.46358 30.04674 797.5306 -45.58885 57.73354 761.5506 -75.08355 -80.64855 687.7623 -47.41587 -94.39078 665.7224 -106.8813 -50.82642 718.1263 -102.2272 -74.50782 615.9846 -75.54509 -94.31686 604.0272 -130.8161 -37.50859 633.9786 -85.47723 99.73618 461.6843 -153.208 38.32306 475.7081 -159.2267 -14.46649 479.8817 -144.1308 -49.69414 476.0715 -126.256 -70.82025 464.6809 -156.2244 41.61584 434.0439 -88.15617 97.68813 420.0736 -89.359 96.76466 382.5669 -158.147 43.70683 401.812 -157.5463 -31.87001 426.3405 -144.5469 -53.67265 410.5949 -159.3071 -26.03455 366.2649 -162.8484 4.081597 389.2247 -168.7495 47.73422 307.5428 -162.1627 47.53365 352.5487 -90.54457 99.08537 309.4285 -95.21095 103.1249 268.2075 -162.2066 6.860744 432.8145 -21.71598 -79.44319 751.5859 -55.87538 -76.55777 730.0526 -47.81398 -70.73537 776.7417 -11.69701 -85.00676 741.2585 -28.04652 -89.15598 714.7315 -55.87538 -76.55777 730.0526 -80.20592 -54.92702 754.9131 -28.04652 -89.15598 714.7315 -47.41587 -94.39078 665.7224 -73.16812 -77.18814 687.1651 -103.0091 -47.50317 716.9828 -75.54509 -94.31686 604.0272 -99.59824 -71.54297 615.4384 -126.299 -34.95731 633.3209 -136.9597 4.229144 638.3546 -144.3166 -13.80677 479.4377 -141.2871 33.5214 466.4229 -126.256 -70.82025 464.6809 -140.7963 -47.51913 475.6836 -87.83089 93.07 382.4467 -86.55754 94.0215 420.0867 -149.7716 39.5842 433.6933 -154.6956 41.71316 401.4754 -153.8124 -30.44145 426.2094 -144.5469 -53.67265 410.5949 -159.3071 -26.03455 366.2649 -158.853 4.210836 389.0813 -168.7495 47.73422 307.5428 -158.7951 45.4257 352.0842 -89.10046 95.37198 309.0746 -95.21095 103.1249 268.2075 -158.2125 6.753507 432.6244 -11.69701 -85.00676 741.2585 -18.84713 -81.61517 790.8517 -33.40442 -78.40551 785.1144 -149.7716 39.5842 433.6933 -86.55754 94.0215 420.0867 -72.09444 77.5072 460.0067 -141.2871 33.5214 466.4229 -86.55754 94.0215 420.0867 -5.80971e-5 104.5318 410.5809 -1.81674e-4 86.83403 455.7137 -1.81674e-4 86.83403 455.7137 -72.09444 77.5072 460.0067 -86.55754 94.0215 420.0867 -21.93381 -87.99683 772.5924 -24.92849 -85.8921 781.5209 -11.69701 -85.00676 741.2585 -11.96318 -90.34311 755.4569 -23.23061 -83.70459 755.7281 -32.99796 -80.23199 773.4742 -33.40442 -78.40551 785.1144 -18.84713 -81.61517 790.8517 -11.69701 -85.00676 741.2585 -10.32497 -80.80127 750.0278 -21.71598 -79.44319 751.5859 -101.2339 35.90437 52.44666 -104.6552 46.69294 53.12216 -101.7439 47.02816 211.5382 -95.96175 37.15797 211.3193 -103.7824 22.72033 51.76041 -100.0447 19.65045 211.2473 -130.0818 29.98704 51.82061 -122.5796 16.39202 51.08686 -128.2601 14.88165 211.2498 -135.5684 29.04081 211.2485 -127.9563 43.50959 52.50431 -130.7278 45.99635 211.3295 -123.1087 50.01963 53.17735 -123.5721 51.11079 211.392 -115.3119 12.22152 50.87562 -117.1977 9.945482 211.2033 -114.2008 52.72546 53.85347 -114.2062 52.64699 211.445 -114.2008 52.72546 53.85347 -114.2062 52.64699 211.445 -69.30301 -63.55562 135.6712 -127.0519 -20.10256 138.5911 -127.0519 -20.10256 138.5911 -123.4482 36.23175 138.4977 -123.4482 36.23175 138.4977 -65.5545 75.16154 136.6196 -94.23526 -97.24812 72.86856 -171.8992 -31.2413 75.71935 -171.8992 -31.2413 75.71935 -169.5398 54.69033 77.54233 -169.5398 54.69033 77.54233 -96.2187 111.2484 75.43351</float_array>
          <technique_common>
            <accessor source="#geom-jasmine_betrothal_lod0-positions-array" count="2458" stride="3">
              <param name="X" type="float"/>
              <param name="Y" type="float"/>
              <param name="Z" type="float"/>
            </accessor>
          </technique_common>
        </source>
        <source id="geom-jasmine_betrothal_lod0-normals">
          <float_array id="geom-jasmine_betrothal_lod0-normals-array" count="7374">7.17744e-6 -0.9892117 -0.1464934 -0.09600394 -0.7668875 0.6345603 0.5350124 -0.8426398 -0.0609918 6.22017e-6 -0.7469088 0.6649265 0.01183982 -0.7617587 0.6477527 0.02470781 -0.6344813 0.7725433 -0.09600394 -0.7668875 0.6345603 0.03323981 -0.7243589 0.6886213 0.5600211 -0.7494848 -0.3530568 0.2249656 -0.7506465 0.6212247 0.8541052 -0.5165067 -0.06103476 0.01542283 -0.8553007 0.5179024 0.9070987 -0.3945402 0.1466635 0.3764878 -0.4336674 0.8186511 0.9477055 -0.03182238 0.3175558 0.9165141 0.3767595 0.1343661 0.9477055 -0.03182238 0.3175558 0.8247328 0.5427582 0.1588374 0.5072055 0.1715548 0.8445777 0.8247329 0.5427582 0.1588374 0.4507322 0.6718894 0.5877119 0.5839229 0.8118092 0 0.2905042 0.8936535 0.3420391 0.3162422 0.9448107 -0.0855793 6.07678e-6 -0.8980627 0.4398675 5.31493e-6 -0.7972478 0.6036522 0.2335616 -0.8132538 0.5329798 0.4330073 -0.6281655 0.6464616 0.6905355 -0.6787217 0.2499952 0.477207 -0.03268411 0.8781829 -0.0987971 -0.7643372 0.637203 4.5329e-6 -0.7184546 0.6955739 0.2334757 -0.7759632 0.5859781 0.4393166 -0.7507213 0.4933746 0.8142135 -0.2808424 0.5081182 0.304484 0.7260773 0.6165235 0.9023033 0.2191091 0.3712682 0.9023033 0.2191091 0.3712682 0.8142134 -0.2808424 0.5081181 -0.1921649 0.5944149 0.7808608 0.4389423 -0.3154898 0.8413061 0.141805 0.06022901 0.9880607 0.1292329 0.1125087 0.985211 0.8947412 0.3780167 0.2377847 0.3436597 -0.4632929 0.8168585 0.3535731 -0.3230927 0.8778367 0.01030346 -0.1831727 0.9830268 3.98296e-6 -0.6131454 0.7899701 -0.2151826 -0.5273972 0.8219178 2.74658e-6 -0.28 0.9600001 -0.2329769 -0.1998035 0.9517356 0.1238091 -0.7122844 0.6908852 -0.2460164 -0.9680334 0.04885973 0.1658101 -0.9849501 0.0487901 0.1770049 -0.9376684 0.2990773 0.5157852 -0.7287939 0.4503611 0.5919912 -0.8040706 0.05492702 0.5908478 -0.7158788 -0.3720435 -0.1718905 -0.9167497 -0.3605882 0.14423 -0.8471136 -0.5114648 3.80814e-6 -0.9807272 -0.1953822 2.96464e-6 -0.9044039 -0.4266775 0.2687358 -0.7148525 -0.645575 0.2419573 -0.8853959 -0.3969016 0.7300357 -0.601476 0.3244603 0.2419573 -0.8853959 -0.3969016 0.5043368 -0.8438675 -0.1831177 0.7328655 -0.5481223 -0.403076 0.9066626 -0.12374 -0.4033007 0.7390071 -0.5206642 -0.4275248 0.6857231 -0.5285941 -0.5003719 0.92017 -0.1003336 -0.3784447 0.522805 -0.8090121 -0.2686531 0.7555422 -0.6532768 -0.04884313 0.2465607 -0.5593275 -0.7914295 0.9435641 -0.04032975 -0.3287255 0.8169904 -0.5561028 -0.1525659 0.8487652 -0.3988816 -0.3471183 0.4389423 -0.3154898 0.8413061 0.671028 -0.6862787 0.2806117 0.6710281 -0.6862787 0.2806118 0.4616858 -0.492922 0.7374783 0.1066216 -0.04874131 0.9931043 0.07480807 0.8438808 0.5312899 0.2465607 -0.5593275 -0.7914295 0.4333874 -0.8127915 -0.3892884 0.522805 -0.8090121 -0.2686531 0.968399 0.117902 -0.2197785 0.780434 0.4108277 -0.4713209 0.7043917 0.3642847 -0.6092036 0.9060652 0.0301066 -0.4220658 0.9841813 -0.09002589 -0.1525862 0.882939 -0.2863071 -0.3720848 0.9798402 -0.06400631 0.1892526 0.968399 0.117902 -0.2197785 0.9435641 -0.04032975 -0.3287255 0.5815981 -0.6490298 0.4904121 0.6200379 -0.5935029 0.5131348 0.6233168 -0.06412018 0.7793362 0.7671308 -0.260481 0.5862253 0.9811713 -0.089718 0.1710369 0.661243 0.7401803 -0.1220287 0.4520278 0.2436353 -0.8580866 -0.06502324 0.4188262 0.9057355 -0.1611239 0.3508835 0.9224532 -0.06797111 0.8481115 0.5254396 0.09526367 0.8608026 0.4999438 0.2732086 0.9218882 -0.2747349 0.1740907 0.9651341 0.1954702 0.1388807 0.929432 0.3418601 0.6978544 0.3533174 0.6230297 0.4660201 0.5867407 0.6622391 0.1045309 0.9854137 0.1342879 0.1426043 0.9814532 -0.1281151 0.180123 0.9330522 -0.311399 0.2195029 0.9092605 0.3536436 0.03822996 0.5887415 0.8074169 0.1754662 0.9398886 0.2929523 0.1296915 0.923861 -0.3600846 0.4670378 0.6735096 -0.5729403 0.5528337 0.08196528 -0.8292506 0.882939 -0.2863071 -0.3720848 0.7043917 0.3642847 -0.6092036 0.5528337 0.08196528 -0.8292506 0.0563525 -0.7862697 -0.6153083 0.5997773 -0.7515339 0.2747071 0.6060597 -0.3801164 -0.6987154 -0.4119889 -0.1387974 0.9005557 0.1805451 -0.6110466 0.7707304 0.3192503 -0.4975875 0.8065271 0.7502695 -0.1639785 0.6404739 -0.587366 0.4672925 -0.6607867 -0.2777947 0.2482217 -0.9280173 -0.09604184 0.9207821 -0.3780695 -0.05955205 0.9921524 -0.1099422 -0.1654047 -0.1544926 0.97405 0.08545142 -0.9960431 -0.02441469 0.1373461 -0.9898458 -0.03662563 -0.441913 -0.695251 -0.5668676 -0.7110816 0.1644186 -0.683615 -0.7011284 -0.1897611 -0.6873206 -0.7070796 -0.3160593 -0.6325701 0.2975344 -0.9543989 -0.02441308 -0.1252124 -0.9726869 -0.1954536 0.4182927 -0.9075731 -0.03663878 -0.411768 -0.9038879 -0.1159051 -0.8039657 -0.1528452 -0.5746979 -0.7461158 -0.1852442 -0.6395278 -0.4091709 -0.9078478 -0.09160542 0.2360443 -0.5470021 0.8031637 0.4667389 -0.391237 0.793151 0.6952877 0.1699454 0.6983506 -0.671555 -0.6856729 0.2808321 -0.3329869 -0.7870252 0.5193373 0.6741977 0.1646765 0.7199577 -0.8325609 0.1950838 -0.5184445 -0.3478149 0.9156836 -0.2013665 -0.5591604 0.4643842 -0.6867948 -0.2139234 0.7987747 -0.562313 -0.9082319 -0.2404368 -0.3424982 -0.669632 -0.003899846 -0.7426828 -0.8694805 -0.4454181 -0.2135566 -0.6715549 -0.6856729 0.2808321 -0.6123198 0.03367759 -0.7898926 -0.3329869 -0.7870252 0.5193373 0.525679 -0.5978835 0.6051421 -0.1650379 -0.8633927 0.4767762 0.5438518 -0.575169 0.6110694 -0.2165044 0.1132074 -0.9696957 0.3897153 -0.6568834 -0.6454659 0.1680151 0.5491039 -0.8186917 0.898379 0.3155021 -0.3055711 -0.5544174 -0.1898194 -0.8103024 -0.4784732 0.02628555 -0.8777086 0.3897153 -0.6568834 -0.6454659 0.7370061 -0.111239 0.6666694 0.3188718 -0.7375807 0.5952273 0.8273637 0.2661837 0.4945864 0.7641321 0.2539545 0.5929666 -0.6352162 -0.0650629 -0.7695889 -0.5799263 -0.7752699 -0.250284 -0.5544174 -0.1898194 -0.8103024 -0.6302311 -0.748017 -0.2080374 -0.5799263 -0.7752699 -0.250284 -0.4388821 0.6244165 -0.646132 -0.6225884 -0.7159767 -0.3158498 0.2626165 -0.7519687 -0.6046286 0.593107 -0.7069897 0.3852138 0.5462242 0.8375501 0.01220613 0.4917213 0.670247 -0.5558589 -0.4389384 0.5840605 -0.6827931 0.8269385 0.5614638 -0.03051433 0.8605061 0.0953575 -0.5004362 0.3653953 0.6706527 -0.6455318 -0.1165693 0.373482 -0.9202841 -0.127982 -0.5256405 -0.8410248 -0.7523093 -0.3594703 -0.5520979 0.9407057 -0.3028744 -0.152774 0.9121947 -0.236509 -0.3346108 0.6784422 -0.7158788 -0.1650265 0.3745634 -0.924763 0.06719995 0.2059492 -0.9778775 0.0366132 0.361525 -0.9289821 0.07932195 0.1886325 -0.9811179 0.04272364 0.361525 -0.9289821 0.07932195 0.2059492 -0.9778775 0.0366132 0.06188478 -0.9977848 0.02441064 0.7904602 -0.3844052 0.4768703 0.9819728 -0.13971 0.127321 0.6842961 -0.6682758 0.2917985 0.9947106 0.09611467 0.0362337 0.9173242 0.3953194 0.04731623 0.7469618 0.6573111 0.09995096 0.5868286 0.8069848 0.06639023 -0.08163109 -0.8966069 0.4352387 -0.8779923 -0.4393775 0.1899392 -0.7278228 -0.422513 0.5401452 0.06408876 -0.5695984 0.8194207 -0.9788015 -0.02136122 0.2036944 -0.9753292 -0.1077021 0.1927 0.9884429 0.03775303 0.1468173 0.4547313 -0.224123 0.8619677 0.03738637 -0.1922728 0.9806291 -0.5179554 -0.2288463 0.8242279 0.793171 -0.03069724 0.6082248 0.7564522 0.1057089 -0.6454501 0.3967703 -0.07248687 0.9150514 -0.4240125 -0.00991396 0.9056021 0.03356413 0.01678207 0.9992958 -0.8654366 -0.01946088 0.5006405 -0.7681615 0.6239882 0.1434105 -0.7256483 0.09461661 -0.6815293 -0.9833544 0.1735556 0.05378315 -0.6453681 0.5286526 -0.551386 0.784044 -0.1475803 0.6029055 0.1411258 0.3905752 0.9096893 -0.8798105 -0.09156743 0.4664216 -0.4997631 0.28002 0.8196498 0.4866684 0.2540134 0.8358416 -0.8003528 -0.1014747 -0.5908794 -0.7378491 -0.6439964 -0.2021073 -0.9322374 -0.2235234 0.2845536 -0.7980458 -0.4036006 0.4474702 -0.02517276 -0.06789017 0.9973752 -0.006104863 -0.9134402 0.4069273 -0.006104429 -0.9942588 0.1068275 0.7712189 -0.318862 0.5509524 -0.006104863 -0.9134402 0.4069273 0.03586985 -0.9501694 -0.3096637 0.774155 -0.6307647 0.05310398 -0.006104429 -0.9942588 0.1068275 0.8381904 -0.189318 0.5114641 0.03586985 -0.9501694 -0.3096637 0.6790761 -0.3631913 -0.6379245 0.8239393 -0.1335087 -0.5507264 -0.5225844 -0.3600874 -0.7728146 0.6092294 -0.2661552 -0.7469947 2.67979e-7 -0.3031406 -0.9529459 0.9293451 -0.3690103 0.01220815 0.8747209 -0.140638 -0.4637718 0.9945123 0.103905 -0.01220729 0.8411982 0.2147675 -0.4962465 0.8194176 0.5726764 0.02442605 0.8059647 0.5213048 -0.2804681 0.3283568 -0.6254416 0.7078168 0.03828115 -0.5700064 0.820748 0.01183982 -0.7617587 0.6477527 0.1190822 -0.524992 0.8427353 0.3283568 -0.6254416 0.7078168 0.6206838 -0.3662149 0.6932808 0.6206838 -0.3662149 0.6932808 0.3402224 -0.344779 0.8748578 0.6019531 -0.005950429 0.7985092 0.4697004 0.04610908 0.8816209 0.6019531 -0.005950429 0.7985092 0.4886847 0.8724605 0 0.4930371 0.8530325 -0.1710264 -6.64289e-6 0.9981349 -0.06104801 -5.0108e-6 0.980566 -0.1961899 0.3995696 0.4575238 0.7943653 0.2909211 0.2962036 0.9097408 0.3995696 0.4575238 0.7943653 -3.38657e-6 0.6410826 0.7674718 -1.88553e-6 0.4408343 0.8975886 -3.38657e-6 0.6410826 0.7674718 5.82124e-6 -0.7519383 0.6592336 3.60326e-6 -0.7349195 -0.6781544 0.5328963 -0.7153637 -0.4519694 0.8283542 -0.524803 -0.1959877 0.9068593 -0.3995588 0.1340111 4.54627e-6 -0.8443658 -0.5357671 0.560021 -0.7494847 -0.3530568 0.8541052 -0.5165067 -0.06103476 4.54627e-6 -0.8443658 -0.5357671 0.9070987 -0.3945402 0.1466635 0.9181013 -0.1783184 0.3539668 0.6575135 0.745398 0.109808 0.5839229 0.8118092 0 0.3162422 0.9448107 -0.0855793 0.3775804 0.9050458 0.1957683 -6.89546e-6 0.9973114 -0.0732812 -6.3942e-6 0.9698507 0.2437002 -5.81551e-6 0.9726709 0.2321884 -6.89546e-6 0.9973114 -0.0732812 -0.3174211 0.1010237 0.9428881 -0.03731181 -0.02284396 0.9990426 9.43269e-7 0.0975267 0.995233 0.2214957 -0.1590811 0.9620982 0.4968532 -0.8395368 -0.219806 0.3705672 0.6654927 0.6479195 0.673295 -0.3399722 -0.6565766 0.9976062 -0.04894529 0.04884988 0.9976062 -0.04894529 0.04884989 0.9023032 0.2191091 0.3712681 0.8947412 0.3780167 0.2377847 -0.1968142 -0.4573913 -0.8672125 4.64044e-6 -1 0 2.96464e-6 -0.9044039 -0.4266775 2.50556e-6 -0.9909458 -0.1342621 0.7328655 -0.5481223 -0.403076 0.9125304 -0.06872614 -0.4031934 0.9125304 -0.06872614 -0.4031934 0.356523 -0.540879 0.7618013 0.01445721 -0.1236472 0.992221 0.508051 -0.8098258 0.2933708 0.4679404 -0.8836758 -0.01219389 0.4699755 -0.8785336 0.08545009 0.8712429 0.3693131 -0.3233322 0.4577393 -0.8372814 0.2990563 0.5417388 -0.8404582 -0.0122082 0.5072877 -0.8447178 0.1706192 0.6526754 -0.5984132 0.4646682 0.8404233 -0.4807458 -0.2501441 0.6839518 -0.603992 0.4091497 0.4520278 0.2436353 -0.8580867 -0.2777947 0.2482217 -0.9280173 0.9811713 -0.089718 0.1710369 -0.06797111 0.8481115 0.5254396 -0.1611239 0.3508835 0.9224532 -0.4065958 0.3578652 0.8406024 -0.3848646 0.7952095 0.4685308 0.882939 -0.2863071 -0.3720848 0.4061315 -0.8260042 0.3908634 0.7671308 -0.260481 0.5862253 -5.3602e-6 0.9665385 0.2565221 0.2426396 0.9339333 0.262478 0.3235235 0.8977014 0.2991066 -5.98974e-6 0.9932544 0.115956 -5.94102e-6 0.9841861 -0.1771382 -5.49449e-6 0.9304636 -0.3663844 -4.24047e-6 0.9096065 0.415471 -1.30932e-6 0.4792258 0.8776917 0.24557 0.9440888 -0.2199818 -4.71825e-6 0.990939 -0.1343129 0.3231456 0.8753129 -0.3597281 -4.74876e-6 0.9155003 -0.4023173 0.2884184 0.8652552 -0.410059 0.3560946 0.8316483 -0.4260961 -4.01243e-6 0.9252788 -0.3792878 -4.01243e-6 0.9252788 -0.3792878 0.3560946 0.8316483 -0.4260961 0.4048015 0.859774 -0.3113271 -3.11587e-6 0.9579627 -0.2868929 0.780434 0.4108277 -0.471321 0.1296915 0.923861 -0.3600846 -0.1571914 0.9668036 -0.2014492 0.4182927 -0.907573 -0.03663878 0.3470426 -0.1086411 0.9315356 -0.4337897 -0.164294 0.8859085 0.792539 -0.05806076 0.6070511 0.9986433 0.04224444 -0.03044644 0.7937604 -0.06745055 0.6044791 0.8271212 0.02212778 -0.5615878 0.6912916 -0.2152656 -0.6897656 0.6186933 -0.5261964 0.5833833 0.7140349 -0.1207222 0.6896234 0.7033759 0.3841104 0.5980983 0.4110801 0.8588364 0.3056358 -0.4819679 -0.2736769 -0.8323509 -0.5442939 0.2265994 -0.8077109 -0.5442939 0.2265994 -0.8077109 -0.1252124 -0.9726868 -0.1954536 0.2636482 0.341371 0.9021948 -0.4977123 -0.01679397 0.8671796 0.6795596 0.5360122 0.5008889 0.6734926 0.5200096 0.5253549 0.8359551 0.535057 -0.1220372 0.6718085 0.3279065 -0.6641917 -0.1037632 0.7946275 0.5981641 -0.5574283 0.2210623 0.8002533 0.3162202 0.9391128 0.1344318 0.3078392 0.91285 0.2682164 0.3433979 0.919925 -0.1892504 -0.07943123 0.9722689 -0.2199634 -0.09919411 0.9949932 0.01220851 0 0.8608884 -0.5087939 -0.3832766 0.8650446 0.3237236 -0.6148423 0.470263 0.6331049 -0.5602808 0.7675237 0.3114368 -0.6395385 0.3489425 0.6850034 -0.08884042 0.8868725 -0.4533925 0.4105937 0.9009403 -0.1404261 -0.5275719 0.7993862 -0.2874885 -0.4165908 0.8495857 -0.3235064 -0.3867394 0.89095 -0.2379935 -0.5164019 0.8242569 -0.2322281 -0.5164784 0.7684332 -0.3778368 -0.682143 0.4769672 -0.5542412 -0.1819979 -0.9457391 -0.2691734 0.46561 -0.7885698 0.4017027 0.5997773 -0.7515339 0.2747071 0.0563525 -0.7862698 -0.6153084 0.6902036 -0.104763 0.7159914 0.7415423 -0.07568319 0.6666237 -0.3662727 -0.7895381 -0.4924164 -0.6401233 0.2603372 -0.7228187 -0.5619355 0.5725955 -0.5969613 -0.7110817 0.1644186 -0.683615 0.5654657 0.5715953 0.5945817 0.6004655 0.577283 0.5533404 0.1021995 0.9899622 0.09762339 0.1495668 0.9878277 0.04273338 -0.4738625 0.7096437 -0.5214021 -0.5619355 0.5725955 -0.5969613 -0.7013227 -0.1575117 -0.6952242 -0.7011285 -0.1897611 -0.6873207 -0.7011285 -0.1897611 -0.6873207 -0.7013227 -0.1575117 -0.6952242 0.3682217 -0.8167067 0.4443006 -0.268676 -0.9363589 -0.2259321 -0.7417814 -0.1362339 -0.6566588 0.6248429 -0.1425855 0.7676202 0.2072129 -0.818186 0.5363157 0.5179925 -0.1808051 0.8360582 0.4718663 0.5357966 0.7001888 0.5130432 0.5442522 0.6637592 -0.00457887 0.9882729 0.152629 -0.5722906 0.6685603 -0.4748795 -0.7417814 -0.1362339 -0.6566588 -0.6305193 0.6705946 -0.3908303 -0.8039657 -0.1528452 -0.5746979 0.330451 -0.7132999 -0.6180658 -0.03962292 -0.8351292 -0.548625 0.64419 -0.7455124 0.1709698 0.7565953 -0.6524872 -0.04271102 0.5703484 -0.2141428 0.7929978 0.1799267 -0.8243464 0.5367305 0.5255017 0.572476 0.62938 0.6495662 0.760305 0 0.7223033 0.6516349 -0.2316247 0.9400862 0.3108901 0.1399481 0.8854325 0.339384 0.3175344 0.0213505 0.646615 -0.7625178 0.3423214 0.4259915 -0.8374648 -0.7461158 -0.1852442 -0.6395278 -0.5007346 0.7594984 -0.4152434 0.1680067 -0.6380436 0.7514482 0.6659802 -0.02890871 0.745409 -0.6995439 -0.701835 0.1344102 0.6494396 0.4101874 0.6402925 0.3634845 0.848385 0.384866 -0.543236 0.8232467 -0.1648019 0.2837518 0.8585017 0.4271532 -0.3478149 0.9156836 -0.2013665 -0.543236 0.8232467 -0.1648019 -0.9421524 -0.05663811 -0.3303651 0.4529372 0.816199 0.358702 -0.2139234 0.7987747 -0.562313 -0.7576007 -0.6052405 -0.2443873 -0.1650379 -0.8633928 0.4767762 -0.5474666 0.07603703 -0.8333659 0.7537214 -0.3608403 0.5492707 0.898379 0.3155021 -0.3055711 0.09153481 0.7673668 -0.6346413 0.1680151 0.5491038 -0.8186916 0.898379 0.3155021 -0.305571 0.7291974 0.6841946 0.01220414 0.1680151 0.5491039 -0.8186917 0.09153481 0.7673668 -0.6346413 -0.5846732 0.2245815 -0.7795643 -0.5474666 0.07603703 -0.8333659 -0.7622799 -0.5861933 -0.2744208 -0.7576007 -0.6052405 -0.2443873 -0.149727 -0.8884313 0.4339028 -0.1650379 -0.8633928 0.4767762 0.7537214 -0.3608403 0.5492707 0.6827359 -0.2831976 0.673551 0.5594584 -0.608755 0.5625156 -0.5799263 -0.7752699 -0.250284 0.5582336 0.7948346 0.2379356 0.515764 0.8556647 0.04272601 -0.2932699 0.7642965 -0.5743203 -0.5833437 0.4948072 -0.6441087 -0.2932699 0.7642965 -0.5743203 -0.5833437 0.4948072 -0.6441087 -0.7610217 -0.1992334 -0.6173751 0.3188718 -0.7375807 0.5952273 0.4517386 -0.6673065 0.5921439 0.6502505 -0.6983323 0.2991762 0.8873767 0.302844 0.3476321 -0.4148405 0.5643051 -0.7137697 -0.4389384 0.5840606 -0.6827931 -0.523384 0.01141099 -0.8520204 0.5211271 0.103235 -0.8472124 0.5211272 0.103235 -0.8472126 0.9016526 0.4047537 0.1523062 0.6878754 0.3385876 -0.642017 0.4917213 0.6702471 -0.5558589 0.6878754 0.3385876 -0.6420171 -0.2163769 -0.9295067 0.2986611 0.7623688 -0.3462552 0.5467187 0.8283582 -0.5580758 0.04872695 0.2041855 -0.9554054 -0.2133282 -0.127982 -0.5256405 -0.8410248 0.8605061 0.09535751 -0.5004362 0.3653953 0.6706527 -0.6455317 1.5985e-6 -0.9892035 -0.1465487 0.3022229 -0.9388932 -0.1647449 0.9292964 0.2824688 -0.2379487 0.5083274 0.8358038 -0.2074494 -1.63065e-6 0.9963388 -0.08549316 0.4712929 -0.8758575 0.103715 5.46953e-7 -0.9990876 0.04270909 -2.19903e-7 -0.9993304 0.03658875 -2.2332e-7 -0.9977411 0.06717766 0.2069374 -0.9751257 0.0794151 0.4226127 -0.9016755 0.09154066 0.5103533 -0.8544031 0.09764607 0.4226127 -0.9016755 0.09154066 0.2114471 -0.9770842 0.0244271 -2.6499e-7 -1 0 0.551368 -0.8304837 0.07931159 0.6918284 -0.7162369 0.09153189 0.5103533 -0.8544031 0.09764607 0.9487725 0.313461 0.0396593 0.9992446 -0.03427752 0.01830677 0.8913859 -0.451226 0.04273768 0.4145586 -0.9098949 -0.01524112 -3.17164e-7 -1 0 0.4111268 -0.9114964 0.01220414 -9.884e-8 -0.9998327 0.01828962 0.4040977 -0.9134133 0.04879671 0.9000545 -0.4305769 0.06712271 0.8993897 -0.4332798 0.05802513 0.8266677 0.5593734 0.06100868 0.8411546 0.5369803 0.06411704 0.2808378 0.9585118 0.04884136 0.3075141 0.9515386 -0.003052249 2.03971e-7 -0.9960667 0.08860716 0.4111502 -0.9084972 0.07475459 -1.7462e-8 -0.9994364 0.03356886 0.9110311 -0.4030588 0.08698287 0.8506789 0.515667 0.1021424 0.3532921 0.9271055 0.1251402 1.91901e-7 0.9984931 0.05487901 1.22317e-7 0.9894238 0.1450544 0.4237395 -0.8985412 0.1143182 0.9091005 -0.4049768 0.09762153 2.90981e-7 -0.9901015 0.1403534 0.865661 0.485503 0.1221391 0.3831279 0.9074482 0.1724839 1.74595e-7 0.987086 0.1601917 3.49205e-7 -0.9840767 0.1777441 0.4312527 -0.8907468 0.1434965 0.9089684 -0.4072057 0.08921921 0.8621032 0.4775899 0.169369 0.3965073 0.8913788 0.219604 1.51338e-7 0.9887567 0.1495342 -0.03891483 0.9724894 0.2296738 -0.1236191 0.9836116 0.1312499 -0.9916859 0.06445958 0.1113739 -0.769603 0.6006564 0.2166177 -0.7941684 0.5927655 0.1338872 -0.1236191 0.9836116 0.1312499 -0.03891484 0.9724895 0.2296738 0.07247106 0.9646279 0.253458 0.8032513 0.5843214 0.1155675 0.07247106 0.9646279 0.253458 0.675136 0.4386477 -0.5931101 -0.7294286 0.01783514 -0.6838245 0.07399932 0.8460335 -0.5279693 0.07399932 0.8460335 -0.5279693 0.1220837 -0.6302571 -0.766728 0.1220837 -0.6302571 -0.766728 0.1292329 0.1125087 0.985211 0.9811713 -0.089718 0.1710369 -0.6995439 -0.701835 0.1344102 0.0563525 -0.7862698 -0.6153084 -0.2255417 -0.9101676 -0.3474562 -0.7722151 0.1802977 -0.6092426 0.07399932 0.8460335 -0.5279693 0.675136 0.4386477 -0.5931101 -0.7256483 0.09461661 -0.6815293 -0.645368 0.5286525 -0.5513859 0.6790761 -0.3631913 -0.6379245 0.1220837 -0.630257 -0.7667279 -0.5225844 -0.3600874 -0.7728146 -0.8003527 -0.1014747 -0.5908794 0.8239393 -0.1335087 -0.5507263 -0.7294286 0.01783514 -0.6838245 0.7564522 0.1057089 -0.6454501 0.7405507 0.6285539 0.2377076 -0.5295136 -0.8049215 -0.2678 -0.5191861 -0.721516 -0.4581054 0.4904406 -0.5122806 -0.7050084 0.4904406 -0.5122805 -0.7050083 0.7370061 -0.111239 0.6666694 0.3078422 0.9033341 -0.2986984 0.1405838 0.9355695 -0.3239539 0.6711065 -0.272637 -0.6894094 -0.04274464 -0.9732039 0.225936 0.6711065 -0.272637 -0.6894093 -0.07023797 -0.9974555 0.0122153 -0.4148405 0.5643051 -0.7137697 -0.4388821 0.6244165 -0.646132 -0.5544174 -0.1898194 -0.8103024 0.6711065 -0.272637 -0.6894093 -0.04274464 -0.9732038 0.225936 -0.07023796 -0.9974555 0.0122153 6.22017e-6 -0.7469088 0.6649265 -0.587366 0.4672925 -0.6607867 0.2419054 -0.9683835 0.06095254 -1.51248e-7 -0.9782576 0.2073937 -2.03547e-7 -0.9993304 0.03658875 0.9283022 -0.3716261 -0.01220948 0.9822899 -0.1808879 -0.04884736 0.9817 -0.1868815 0.03661352 0.9402547 -0.3223077 -0.1097218 0.8604518 -0.5071815 0.04888497 0.8853115 -0.4609725 0.06105597 0.4990825 -0.7158095 -0.4883988 0.3549007 -0.9329037 0.06112392 0.310231 -0.9219166 0.2320055 0.496286 -0.8611825 -0.1098408 0.6953458 -0.6980187 0.171068 0.6699377 -0.7224407 -0.1710642 0.7805019 -0.418964 0.4639893 0.6145531 -0.7323472 0.2932444 0.7604121 -0.5796521 0.2928769 0.7147946 -0.6749035 0.1832317 0.7087608 -0.6813249 0.182906 0.2543407 -0.9418048 0.2198053 0.3947876 -0.5307307 -0.7499784 0.5085629 -0.4045517 -0.7600669 0.4247522 -0.7620724 -0.4887037 0.4898529 -0.3500704 -0.7984328 0.5428722 -0.8326074 -0.1097944 0.9156204 -0.3789826 -0.1342071 0.6658573 -0.7451804 0.03661071 0.4838116 -0.853169 0.1950101 0.237432 -0.9335081 0.2686794 0.4197073 -0.907331 0.02441934 0.5347019 -0.8446879 -0.02441736 0.9417071 -0.1835141 -0.2819757 0.9285854 -0.3545092 -0.1097835 0.5715464 -0.8182942 0.06106673 0.3815885 -0.4710591 -0.7952946 0.148335 -0.2831937 0.9475221 0.6970543 -0.01004345 -0.716948 0.4246144 -0.2352645 -0.874273 0.3621004 0.2552165 -0.8965198 0.4769428 -0.6860346 -0.5494381 0.4578042 -0.7184824 -0.5236397 0.883341 -0.0445124 -0.4666128 0.9566116 -0.1130922 -0.2685226 0.7782179 0.0750711 -0.6234913 0.793951 -0.1175519 -0.5965094 0.9864973 -0.1464868 -0.07324342 0.3726301 -0.6149539 -0.6949666 -1.93012e-6 0.2909328 -0.9567435 0.4343663 -0.5369729 -0.7231777 0.6610634 0.2017736 -0.7226912 0.3348194 -0.9371884 -0.09784676 -2.96678e-7 -0.9973175 -0.07319761 -2.26997e-7 -0.996343 0.08544442 0.4806922 -0.8386382 -0.2561659 0.3535062 -0.9064652 -0.2309853 0.3606041 -0.9287941 -0.08547653 0.7518013 -0.2783037 0.5977811 -0.1369377 -0.9886979 -0.06103073 0.669342 -0.7096362 -0.2199949 0.04992054 -0.2930202 0.9548022 0.1510004 -0.650522 0.7443253 0.01964683 -0.9995088 -0.02441548 0.4720679 -0.8223488 -0.3176389 0.1169617 -0.9737917 0.1950631 0.3379275 -0.9149329 -0.2206874 0.126878 -0.8420429 0.5242765 0.03167535 -0.5407986 0.8405556 0.3894124 -0.9190437 0.06096476 0.3981176 -0.8311179 0.3882595 -0.0344762 -0.6343621 0.7722669 0.7551867 -0.6499183 -0.08543526 0.6656474 -0.7317157 0.1466487 0.02055926 -0.85892 0.511697 0.5574753 -0.7323546 -0.3909964 0.965645 -0.1845133 -0.1829884 0.6296722 -0.3266092 0.7048683 0.7947919 -0.6063911 0.0244082 0.8322715 -0.5538305 0.02441126 0.521605 -0.8475603 -0.09782482 0.429207 -0.8729117 -0.2319626 0.5777627 -0.8161137 0.01220357 0.3577232 -0.86892 0.3420705 0.5785212 -0.8000906 0.1586452 0.2370854 -0.4402471 -0.8660099 -0.08374108 -0.548332 -0.8320574 -1.46657e-7 -0.8903931 0.4551923 -1.74582e-7 -0.879465 0.4759637 -2.15158e-7 -0.9756098 0.2195122 0.6101116 -0.7363794 -0.2924196 -2.44819e-7 -0.9664881 -0.2567115 -1.85386e-7 -0.563431 -0.8261631 -2.9988e-7 -0.6296637 -0.7768678 -2.15414e-7 -0.9981349 0.06104801 -5.89092e-7 -0.9349713 -0.3547234 0.177128 -0.9713472 -0.1584629 0.4805195 -0.8549353 -0.1954138 -1.26265e-6 -0.1953794 -0.9807279 0.1555319 -0.3022853 -0.9404432 0.5052975 -0.7803912 -0.3683262 0.6312703 -0.7280676 -0.2672365 0.8616301 -0.3634346 -0.3542723 0.3074926 -0.9514722 0.01220814 0.003279261 -0.3497879 0.9368232 1.48742e-6 -0.2870662 0.9579108 -2.50536e-7 -0.998132 -0.06109454 0.1383232 -0.2243697 -0.9646372 0.5350184 -0.8157026 -0.2199648 -1.35452e-6 -0.5912985 -0.8064529 0.3410793 -0.5789623 -0.740586 0.6573365 -0.5190397 -0.5463576 0.3091722 -0.7704212 -0.5575516 0.6065399 -0.6543995 -0.4515204 -1.0151e-6 -0.8265993 -0.562791 -3.2001e-7 -0.9952242 -0.09761586 -7.43554e-7 -0.9045424 -0.4263836 0.4374724 -0.7839322 -0.4405317 0.2829629 -0.9437819 -0.1709031 0.5053475 -0.8024537 -0.3173201 0.7168686 -0.4735978 -0.5116683 0.5868404 -0.7084207 -0.3921204 0.7781805 -0.3323164 -0.5329174 -1.33273e-6 -0.3302139 -0.9439062 0.7102889 0.09069961 -0.6980425 0.8127643 -0.1062611 -0.5728199 0.6223773 0.1338857 -0.7711816 -0.04511904 -0.5528994 -0.8320256 -2.61426e-7 -0.3776839 -0.9259347 0.8684635 -0.2088566 -0.4496112 0.7518013 -0.2783037 0.5977811 0.2235498 -0.9746925 0 0.04992054 -0.2930202 0.9548022 0.7059567 -0.2580301 -0.6595799 0.3837091 -0.2782273 -0.8805435 0.03167535 -0.5407986 0.8405556 -0.0344762 -0.6343621 0.7722669 0.02055926 -0.85892 0.511697 0.5574753 -0.7323545 -0.3909964 -0.06654646 -0.4944557 -0.8666517 0.10327 -0.3697977 -0.9233553 5.77766e-9 0.7345712 -0.6785317 -2.61426e-7 -0.3776838 -0.9259347 -0.2913144 0.2754527 -0.9161124 0.00114427 -0.9993288 -0.03661663 -0.298373 -0.2421908 -0.9232101 -0.2895309 -0.4505515 -0.8444971 -0.0707213 -0.7783166 0.6238765 0.4288058 -0.8820276 0.1953279 0.3427381 -0.5582823 0.7555472 0.4568272 -0.4453683 0.7700364 0.6134 -0.3969955 0.6827408 0.4689641 -0.6830978 0.5598662 0.2806352 -0.7389166 0.6125734 0.3301547 -0.9180283 -0.2195948 0.4962953 -0.2893783 0.8185055 0.2627724 -0.425695 0.8658721 0.3132948 -0.4644223 0.8283467 0.3998933 -0.5156217 0.7577729 0.6327343 -0.6890788 0.3532956 0.4578795 -0.888679 -0.02441007 0.4704418 -0.8443925 0.2562926 -2.32866e-7 -0.9973134 0.07325333 0.4624849 0.4655275 0.7545806 0.7214456 0.2129637 0.6589102 0.6567794 0.391293 0.6446167 0.3472295 0.5534685 0.7570366 0.3721316 0.04089254 0.9272788 0.668561 0.2607808 0.6964335 0.4960405 0.3797512 0.7808539 0.1941185 0.2655955 0.9443395 0.9564446 -0.1125735 0.2693348 0.8097273 -0.5575452 -0.1829892 0.9767976 -0.1435006 -0.158978 0.5612695 0.54758 0.6205906 0.5791969 0.5908344 0.5616455 0.2366167 0.5602472 0.7938108 0.4043323 0.6919422 0.5981066 -0.1448587 -0.8925962 -0.4269519 -0.4033182 -0.5402799 -0.7385339 0.4990825 -0.7158095 -0.4883988 -0.2089673 -0.800787 -0.5613136 0.1773895 0.5044214 0.8450398 0.5788184 0.6449908 0.4989552 0.3452448 0.8480765 0.4019608 0.4127206 0.9101214 0.03661847 0.7639648 0.5476478 0.3412325 0.8539051 0.445316 0.269332 0.6744634 0.7382073 -0.01221439 0.4125908 0.9079667 -0.07324774 0.1468443 0.7167221 0.681723 0.3791494 0.9213903 0.08535624 0.6616954 0.7448843 0.08547853 0.1362655 0.5245078 0.8404304 0.07945009 0.4904514 0.8678394 3.65847e-7 0.7078676 0.7063453 0.8914311 0.4327188 0.1345557 0.4813182 0.6311123 0.608301 0.929536 0.276266 0.2442131 0.7671968 0.6296515 0.1222624 5.89953e-7 0.4778766 0.878427 0.8208802 0.4570637 -0.3424156 0.7668983 0.1057528 -0.6329955 0.496559 0.7098053 -0.4996054 0.6296464 0.06680395 -0.7740044 0.6614212 0.7171118 -0.2197108 -5.53285e-7 0.906884 -0.4213804 0.4893112 -0.3328232 -0.8061038 -3.029e-7 0.9726915 -0.2321022 0.9416591 0.02517193 -0.3356258 0.3313406 -0.6367236 -0.6962733 -0.04483002 -0.8236566 -0.5653142 -2.20586e-7 -0.9883541 -0.1521716 -5.76455e-7 -0.9097382 -0.4151826 0.09178132 -0.7338681 -0.673063 0.1778373 -0.9024092 -0.3924685 0.5754981 -0.6657051 -0.4750143 0.144791 -0.860911 -0.487717 -0.03441466 -0.8781116 -0.4772166 0.9187562 -0.1466344 0.3665859 0.9005235 0.1646323 0.4024346 0.6210878 0.5212566 0.5852705 0.5185675 0.5813435 0.6269988 0.9053906 -0.3285384 0.268943 0.506057 -0.8020669 0.3171672 0.5788305 -0.7799141 0.2380951 0.9311005 0.3573227 0.07329696 0.5470017 0.8008987 0.2436194 0.9553165 -0.2847247 -0.07938706 0.4941806 -0.8651499 -0.0854469 4.16259e-7 -0.9462132 0.3235438 -1.80471e-7 -0.9973134 -0.07325332 0.6315397 0.6552545 -0.4144866 0.6244158 0.4090276 0.6654331 0.8589176 0.5097796 -0.04884116 0.5755953 0.1418493 -0.8053377 1.10757e-6 0.8007329 0.5990216 1.66628e-6 0.09163734 0.9957925 0.4148875 0.5420182 0.7308111 -1.00082e-6 0.7413189 -0.6711529 0.6405226 -0.7600487 0.1098039 0.6033221 -0.7861471 0.1340716 0.6072759 -0.7884669 0.09765241 0.7325228 -0.6717975 -0.109993 0.8303528 -0.5486243 -0.09759886 0.05877142 -0.9891917 0.1343347 0.5903349 -0.7979043 -0.1218756 0.6939547 -0.6338056 -0.3416393 -0.9634808 -0.1529645 -0.2197881 -0.9717416 -0.149022 -0.1830596 -0.9740034 -0.1909138 -0.121941 0.03905353 -0.7748619 -0.6309231 0.1610714 0.9648538 -0.207637 -0.1309534 -0.9115347 -0.3898148 0.2620201 -0.7594784 -0.595431 -0.2276322 -0.869418 -0.4385156 -0.2146195 -0.8592419 -0.4643725 -4.59387e-7 -0.9043344 -0.4268245 3.27439e-7 -0.8848019 -0.4659676 -0.4202335 0.4798302 -0.7701733 0.06005389 -0.6248646 -0.77842 -4.58928e-7 -0.04492411 -0.9989905 -0.04511904 -0.5528994 -0.8320256 0.3134823 -0.9180822 -0.2425981 -2.6846e-7 -0.9630672 -0.2692611 0.2296694 -0.9720449 0.04879284 0.5397479 -0.8414726 0.02441262 -0.599755 0.258074 -0.7574244 -0.05916477 -0.5455452 -0.8359905 0.6043328 -0.7544633 -0.2560603 -0.5436903 -0.2216293 -0.8094945 0.7743672 -0.6017765 0.195501 0.6604559 -0.1738643 0.7304582 0.4897449 0.1801317 0.8530548 0.7047412 -0.07488351 0.7055015 0.7903975 0.04505647 0.6109352 0.6770366 0.1610339 0.7181153 0.724587 0.4014555 0.560185 0.8528544 0.3715954 0.3668191 0.9262762 -0.2762043 0.2563664 0.7345343 -0.6461463 -0.2072545 0.05112267 -0.704272 -0.7080871 -1.86531e-7 -0.9038467 0.4278564 -7.58424e-8 -0.5727437 0.8197346 -4.63247e-8 -0.4386928 0.8986371 0.8117274 0.5620238 0.1588328 1.2813e-7 0.2626006 0.9649045 5.81193e-8 -0.03294704 0.9994571 -0.08374108 -0.548332 -0.8320574 0.361035 -0.7698766 -0.5262545 0.6683369 -0.5706481 -0.477165 1.75029e-7 0.5161816 0.8564792 2.38583e-7 0.9999256 0.01220352 2.44707e-7 0.8919701 0.4520944 2.1517e-7 0.9939579 -0.1097622 2.15086e-7 0.9981405 0.06095514 0.2877002 0.7859498 0.5472765 0.4096849 0.9109195 0.0488265 7.55737e-8 0.9997027 0.02438299 5.60816e-7 0.8422714 0.5390537 0.9532691 0.1369464 -0.2693024 0.8401117 -0.2844682 -0.4618336 0.6801848 -0.3198625 -0.6595731 9.17856e-7 0.7802761 0.6254354 -3.029e-7 0.9726915 -0.2321022 0.6614211 0.7171117 -0.2197108 0.9416591 0.02517193 -0.3356257 0.5521774 -0.7659605 -0.3292487 0.5521774 -0.7659605 -0.3292487 -2.96539e-7 -0.9831301 -0.1829079 1.74506e-7 -0.9873453 0.1585852 -2.96539e-7 -0.9831301 -0.1829079 1.0923e-6 0.6994299 0.7147013 5.26853e-7 0.9522823 0.3052187 0.4830317 0.8355556 -0.261777 -2.93735e-7 0.9682297 -0.2500625 0.8495581 0.4341422 -0.2996193 0.9032177 -0.1646371 -0.3963487 0.5226485 -0.6639459 -0.5348031 -9.47487e-7 -0.8256269 -0.5642167 -7.1815e-7 -0.9207146 -0.3902367 0.5012399 -0.7781806 -0.3784094 0.9489147 -0.2200382 -0.2261504 0.8624293 0.494124 -0.1098053 0.4383864 0.8912712 -0.1159873 -1.22105e-7 0.9892362 -0.1463277 1.15891e-6 0.7487623 0.6628388 0.357914 0.6495053 0.6708506 0.7622258 0.2980131 0.5746304 0.8384789 -0.3618458 0.4074566 0.4444182 -0.8066494 0.389627 5.46961e-7 -0.9098696 0.4148944 1.25132e-6 0.6909813 0.7228727 0.3772612 0.5892678 0.7144491 0.701998 0.1884151 0.6868033 0.7446678 -0.3965461 0.5368624 0.4430476 -0.7886552 0.4263001 5.45128e-7 -0.9100007 0.4146067 5.81071e-7 0.9581193 0.2863695 0.4433592 0.8309644 0.3360518 0.8502683 0.3660348 0.3782359 0.8915334 -0.3894754 0.231251 0.5131697 -0.855664 0.06705114 -1.09031e-7 -0.9999814 0.006097448 1.00587e-7 0.9997008 -0.02445751 0.4010993 0.9157102 -0.02437831 0.966778 0.2409321 -0.08539364 0.3299932 0.943491 0.03048436 2.90138e-7 0.9958053 0.0914982 0.8947579 0.3658294 -0.2560806 0.6873465 -0.5501812 -0.4741893 0.6998531 -0.6735657 -0.2377291 -6.91835e-7 -0.9378222 -0.347116 -1.047e-6 -0.8230159 -0.5680183 0.5748874 -0.3511928 -0.7390319 -1.4947e-6 -0.5000744 -0.8659825 -1.65099e-6 0.02438299 -0.9997027 0.9153088 0.3293739 -0.2317816 0.3867606 0.8040348 0.4516021 1.05878e-6 0.8235077 0.5673053 1.50508e-6 0.49548 0.8686194 -0.1304279 -0.8998953 -0.4161454 -0.9563872 -0.1786336 -0.2311142 0.4343663 -0.5369729 -0.7231777 0.7939509 -0.1175519 -0.5965093 0.2370854 -0.4402471 -0.8660099 0.3726301 -0.6149539 -0.6949666 -0.9724014 -0.232995 -0.01220268 0.3815885 -0.4710592 -0.7952947 -0.9757898 0.2060722 -0.0732701 -0.22169 0.2584186 0.9402518 0.148335 -0.2831937 0.9475221 0.1555319 -0.3022853 -0.9404432 -1.26265e-6 -0.1953794 -0.9807279 -4.79905e-7 0.1894733 -0.9818859 0.03228176 0.1678074 -0.9852911 0.1383232 -0.2243697 -0.9646372 -0.1630222 0.1388884 -0.9767978 1.48742e-6 -0.2870662 0.9579108 0.003279261 -0.3497879 0.9368232 -0.08559849 0.2394845 0.9671195 1.2294e-6 0.2107806 0.9775333 -0.9114336 -0.3965241 0.1098067 -0.22763 -0.4837735 0.8450727 -3.25813e-7 -0.5582148 -0.8296964 -0.01349087 -0.5534126 -0.8327979 -0.2658638 -0.531341 -0.804359 -0.03604211 -0.5466866 0.8365612 1.44065e-7 -0.533254 0.8459553 -0.0187467 -0.9998242 0 -2.32586e-7 -0.9999256 0.01219421 -0.1680478 -0.9857789 0 0.8684635 -0.2088566 -0.4496112 -0.09366467 -0.9160861 -0.3898887 0.7518013 -0.2783037 0.5977811 0.7059567 -0.2580301 -0.6595799 -0.01983337 -0.9695465 -0.244103 0.3837091 -0.2782273 -0.8805436 0.1201448 -0.9779406 -0.1708726 -0.06654646 -0.4944557 -0.8666517 0.5574753 -0.7323546 -0.3909964 0.3785573 -0.924854 0.03659768 0.10327 -0.3697977 -0.9233553 0.2432701 -0.9692676 -0.03660491 -0.1369377 -0.9886979 -0.06103073 0.01964683 -0.9995088 -0.02441548 0.1169617 -0.9737918 0.1950631 0.6296722 -0.3266092 0.7048683 0.8953707 -0.2691464 0.3547839 0.9656449 -0.1845133 -0.1829884 0.3577232 -0.86892 0.3420704 0.9992275 0.03929761 0 0.9111096 -0.4105335 -0.03662753 0.9126631 -0.3713174 -0.1707907 0.9158099 -0.2744758 -0.2931813 0.9196721 -0.04194193 -0.3904412 0.9097973 0.003814664 0.4150354 0.9104578 -0.250109 0.3294119 0.9131612 -0.3848104 0.1343782 0.6866012 -0.7270343 0 0.7033986 -0.6629646 -0.2563362 0.7043003 -0.4781768 -0.524698 0.7069911 -0.1358427 -0.6940536 0.680518 -0.1306045 0.7209978 0.6705636 -0.4979584 0.5498927 0.6778215 -0.6843132 0.2688373 0.3699436 -0.9290543 0 0.3832825 -0.8580951 -0.3417125 0.4013678 -0.6235876 -0.6708521 0.404161 -0.2045612 -0.8915204 0.3510391 -0.1953609 0.9157541 0.3545163 -0.6260202 0.6945624 0.3642348 -0.8660609 0.3424495 0.007249006 -0.9255835 -0.3784744 -0.002288324 -0.9999974 0 0.0251482 -0.6812875 -0.7315838 0.01483722 -0.2263627 -0.9739301 -0.02516121 -0.2165388 0.9759498 -0.01634993 -0.669967 0.7422109 -0.01104049 -0.9258782 0.3776609 -0.3601228 -0.8679589 -0.3419926 -0.3715222 -0.9284241 0 -0.3339348 -0.6389971 -0.6929433 -0.3834942 -0.2071401 -0.900014 -0.3907687 -0.1945295 0.8996989 -0.3828589 -0.6220266 0.6830096 -0.3744459 -0.8616651 0.3425252 -0.6854102 -0.7277478 0.02441083 -0.6824311 -0.6932874 -0.2316037 -0.674319 -0.4793122 -0.5617417 -0.6742595 -0.1035858 -0.7311937 -0.7048657 -0.1325682 0.6968428 -0.6928684 -0.4829544 0.5354329 -0.6876361 -0.6697308 0.2803879 -0.9158548 -0.4013242 0.01220758 -0.9213684 -0.3600422 -0.1464578 -0.9356119 -0.2549154 -0.2442303 -0.9205735 -0.01219934 -0.3903788 -0.9149262 -0.03540913 0.402065 -0.9125399 -0.2723317 0.3051335 -0.9129847 -0.3759068 0.1585976 -0.9996015 0.02822763 0 0.9152731 0.1401084 -0.3776835 0.9825215 0.1857484 0.01220524 0.9083523 0.1488476 0.3908205 0.7142859 0.08942845 -0.6941169 0.6878211 0.09640928 0.7194495 0.4050968 0.05020918 -0.9128941 0.3516184 0.05348241 0.9346145 0.01903053 0.0468151 -0.9987223 -0.02474579 0.03807045 0.9989686 -0.3774131 0.0479134 -0.9248047 -0.3979787 0.05456467 0.9157705 -0.6922873 0.07827178 -0.7173646 -0.7101138 0.09335547 0.6978704 -0.9099177 0.1399433 -0.3904686 -0.9139119 0.1452018 0.3790533 -0.9820099 0.1888297 0 -0.7011285 -0.1897611 -0.6873207 0.009158054 0.9768592 0.2136879 0.7073727 -0.7064191 -0.02441189 0.7233077 -0.6895546 -0.03661352 0.3287607 -0.9437031 0.03661903 0.3337597 -0.941393 0.04882427 0.8907242 -0.4486046 -0.07324156 0.3111033 -0.9503762 0 0.7219583 -0.691829 0.01220426 0.7127827 -0.7009602 0.02440776 0.2979487 -0.9545039 -0.01220788 0.9081339 -0.4158227 0.04883055 -8.15079e-8 -0.9981349 0.06104801 -5.82165e-8 -0.9973134 0.07325332 -5.26283e-8 -0.4694541 0.8829569 0.06426246 -0.1922614 -0.9792374 -0.3074949 -0.1617155 -0.9377072 0.656022 -0.7538531 0.03661517 0.2105538 -0.8002569 -0.5614768 0.9674728 -0.1354816 0.2136375 0.9168866 -0.08539887 0.3899053 0.8940032 0.4142012 0.1708675 0.6211089 0.742895 -0.2496614 0.185843 0.5556247 -0.8103971 -0.3074949 -0.1617155 -0.9377074 0.06426246 -0.1922614 -0.9792374 0.009143905 -0.1915219 -0.9814457 0.9371976 -0.1793259 0.2991706 0.009143905 -0.1915219 -0.9814457 0.3632115 -0.8458402 0.3906812 -0.216607 -0.9293509 -0.2989787 0.7026455 0.5227835 0.4826869 0.3326386 0.9410773 0.0610346 -0.2380902 0.7402166 -0.6288025 -0.4913466 -0.1969153 -0.8484121 0.7420375 -0.1953383 0.6412669 -0.4913466 -0.1969153 -0.848412 0.1251735 0.9739108 0.1892867 -1.39669e-7 -1 0 -1.28089e-7 -0.9997018 0.0244202 0.3503306 0.9342148 -0.06716578 2.35655e-7 0.9990876 -0.04270909 -2.12446e-7 0.996343 -0.08544442 0.9614691 -0.2687466 0.05790146 0.9612038 -0.2690035 0.06102881 0.9613269 -0.2685612 0.06103663 0.2324046 -0.8648498 0.4449976 0.5956733 -0.7759027 0.207722 -0.3092751 0.9354618 -0.1710559 0.1280735 0.7693998 -0.6257964 0.1280735 0.7693998 -0.6257964 -0.1057486 0.06808993 0.9920589 -0.1057486 0.06808994 0.9920591 0.6612429 0.7401803 -0.1220287 0.4260315 -0.8375567 0.3420468 0.6662907 -0.677726 0.3110373 0.717842 -0.3711918 0.5889986 0.150652 -0.9794286 0.1342519 0.3683961 -0.9160325 0.1586468 0.2034554 -0.967128 0.1525438 0.8472549 -0.1107773 0.5195071 0.7418498 0.5449391 0.3907687 0.5653293 0.8056514 0.1769992 0.3571108 0.8668332 0.3479541 0.2589603 0.9565131 0.1342475 0.785886 0.6008372 0.1462114 0.9264566 -0.05250939 0.3727212 0.9802107 0.07565001 0.182932 -1.06784e-6 0.9997027 0.02438299 1.94138e-7 0.9932748 0.1157805 0.3920184 0.9175059 0.06711598 0.2560438 -0.9638848 0.0732644 0.6580917 -0.4322422 0.6165079 0.4156875 -0.7412716 0.5269918 0.6646176 0.3031794 0.6829098 0.6134549 0.2360757 0.7536189 0.693637 0.4518168 0.5610075 0.3599488 0.6536717 0.6656954 0.3146781 0.5910203 0.7427468 0.3720165 0.739459 0.5610741 -2.46421e-7 0.7342757 0.6788514 -1.66347e-7 0.6656691 0.7462471 -2.83192e-7 0.8299221 0.5578793 0.3735168 -0.9139726 0.1585541 0.4807265 -0.8645448 0.1465071 0.7454199 -0.6251172 0.2314685 0.5432634 -0.8255772 0.1526021 0.6591059 -0.7399684 0.1342623 0.8622499 -0.4883539 0.1342973 1.49802e-7 0.9478371 0.3187552 0.8783877 0.4696935 0.08844877 0.4111269 0.9114965 0.01220414 0.9806615 -0.1639209 0.1069257 0.7508875 -0.6578841 0.0579365 0.8342203 -0.5421669 0.1006555 -8.67772e-7 0.9999256 -0.01220352 0.8549653 0.5110708 0.08854998 0.861672 0.5002273 0.08540466 0.3836779 0.9229628 0.03051117 0.4014519 0.9158598 -0.006105732 -8.81252e-7 0.9984884 0.05496266 -1.06481e-6 0.9997717 0.02136916 0.9334258 -0.3568981 0.03660493 0.846559 -0.5308154 0.03965862 0.980811 -0.1948656 0.006101468 0.9991225 -0.02874762 0.03046105 0.7687457 0.6310883 0.1037197 0.8427196 0.5257473 0.1158168 0.3624226 0.9278018 0.08850742 0.332107 0.9344805 0.128262 -7.54486e-7 0.9957925 0.09163734 -7.50809e-7 0.9932544 0.115956 0.9985124 0.02958131 0.04580332 -0.18544 0.9453059 -0.2683449 -0.3593551 0.9151373 -0.1827229 -0.4042704 0.8908429 -0.2072791 -0.3078466 0.9212539 -0.2377429 0.04375452 0.9298786 -0.3652551 -0.4042704 0.8908429 -0.2072791 -0.5434651 0.8205407 -0.1770841 -0.3078466 0.9212539 -0.2377429 -0.5332658 0.8285074 -0.1708892 -0.4655465 0.8632246 -0.1952169 -0.6051208 0.7825364 -0.146511 -0.7124252 0.6849656 -0.1525536 -0.6259752 0.756514 -0.1893193 -0.8427135 0.5305126 -0.09159929 -0.9747568 0.212942 -0.0671194 -0.9645972 -0.1462896 -0.2194344 -0.9804373 0.0643269 -0.1860239 -0.9171788 0.3626677 -0.1650922 -0.8226674 0.5583749 -0.1069391 -0.384832 -0.9223751 -0.03359644 -0.8566585 -0.5034012 -0.1127984 -0.87612 -0.4407311 -0.1953717 -0.4213628 -0.906846 0.00916006 1.06398e-6 -0.9993294 -0.03661665 8.81252e-7 -0.9984884 -0.05496266 -0.9545903 0.2731485 -0.1189426 -0.8985542 0.4271565 -0.1006869 -0.9972998 -0.005956731 -0.07319631 -0.9897511 0.1166656 -0.08235218 -0.8185408 -0.5520568 -0.1588213 -0.7254504 -0.6618211 -0.1889829 -0.3440497 -0.9284003 -0.1403662 -0.3011796 -0.9279382 -0.2195942 7.43136e-7 -0.9896731 -0.1433425 7.2416e-7 -0.9789042 -0.2043196 -0.9852826 -0.04472915 -0.1649776 -0.04652125 -0.9914364 0.1220229 0.3705277 -0.7889273 0.4902072 0.336363 -0.8508456 0.4036356 -0.503102 -0.7912423 -0.3475977 -0.49593 -0.8217178 -0.2807727 -0.5091345 -0.7438852 -0.4329168 -0.5122672 -0.7141157 -0.4770966 -0.09307067 -0.9078205 -0.4089007 -0.09382685 -0.9077557 -0.4088715 -0.0931189 -0.9076877 -0.4091847 -0.07283909 -0.9287241 -0.3635466 -0.07270538 -0.9277963 -0.3659344 -0.07339896 -0.9297201 -0.3608782 0.4477904 -0.8940552 -0.01220553 0.4363858 -0.8586394 0.2688977 1.12597e-6 -0.9968491 0.07932082 0.2640106 -0.9062707 -0.3301087 0.3183949 -0.917648 -0.2377958 3.79141e-7 -0.9465314 -0.322612 2.72867e-7 -0.9463726 -0.3230773 0.5167902 -0.8290016 -0.2137389 0.5738805 -0.8188481 0.01221022 0.5357162 -0.7961179 0.2814327 0.186273 -0.8419463 0.5063881 1.8062e-6 -0.8950374 0.4459913 2.0987e-6 -0.8862041 0.463295 -2.24628e-7 0.9597174 -0.2809674 -5.69848e-7 0.9807563 -0.1952361 0.04442246 0.9385082 -0.3423873 0.04375452 0.9298787 -0.3652551 -0.18544 0.9453058 -0.2683448 -0.9916859 0.06445958 0.1113739 -0.9874098 0.1549028 -0.03204885 -0.6730127 0.7393231 -0.02134129 -0.7941684 0.5927655 0.1338872 -0.8779923 -0.4393775 0.1899393 -0.800487 -0.5986483 -0.02899762 0.9819728 -0.13971 0.127321 0.9942793 -0.1023635 -0.03049937 0.689458 -0.723683 -0.03050699 0.6842961 -0.6682758 0.2917985 0.9173242 0.3953194 0.04731623 0.818542 0.5742011 -0.01679844 0.5868286 0.8069848 0.06639023 0.382799 0.9238266 -0.003050191 -0.04882949 -0.9984295 -0.02746659 -0.08163109 -0.8966069 0.4352387 -0.1236191 0.9836116 0.1312499 -0.1342607 0.9909355 -0.004577069 -0.1342607 0.9909355 -0.004577069 -0.1236191 0.9836116 0.1312499 -0.3231568 0.7198623 -0.6143028 -1.55485e-6 0.01392995 -0.999903 -0.4834419 0.6450975 -0.5917206 -9.8856e-7 0.8018256 -0.5975582 -0.7232659 -0.03471371 -0.6896967 -0.7313832 -0.0478564 -0.6802855 -1.55307e-6 -0.04979502 -0.9987595 -0.4294287 -0.668551 -0.6071496 -0.2912879 -0.7213568 -0.6283278 -8.49675e-7 -0.8093295 -0.587355 -0.3722695 0.7575074 -0.5362817 -9.02493e-7 0.8394883 -0.5433779 -0.5464165 0.665659 -0.5082589 -0.7962905 -0.009152764 -0.6048452 -0.8051674 -0.02687704 -0.5924385 -0.3284041 -0.7385274 -0.5888361 -0.4637305 -0.6647058 -0.5857648 -7.21845e-7 -0.8576276 -0.5142714 -0.5352349 -0.8432906 -0.04883112 0.09609841 -0.7668805 0.6345546 -0.01183982 -0.7617587 0.6477527 -0.02536636 -0.6464577 0.7625281 -0.03323981 -0.7243589 0.6886213 0.09609841 -0.7668805 0.6345546 -0.565153 -0.7554557 -0.331495 -0.8541052 -0.5165067 -0.06103476 -0.2249656 -0.7506465 0.6212247 -0.01567267 -0.8577921 0.5137578 -0.903596 -0.3930167 0.1704467 -0.3799683 -0.4380244 0.8147138 -0.9477832 -0.03179937 0.3173262 -0.9148799 0.3762782 0.1463198 -0.8247328 0.5427582 0.1588374 -0.9477832 -0.03179937 0.3173262 -0.8247329 0.5427582 0.1588374 -0.5075063 0.171336 0.8444415 -0.5840134 0.8117442 0 -0.4474902 0.6670567 0.5956407 -0.3161562 0.9448392 -0.08558187 -0.2905042 0.8936535 0.3420391 -0.2331592 -0.810524 0.5372965 -0.4323876 -0.6283728 0.646675 -0.6909339 -0.6783646 0.2498636 -0.4772063 -0.03273171 0.8781816 0.09835466 -0.7616768 0.6404489 -0.2333375 -0.7762666 0.5856313 -0.4398192 -0.7500556 0.493939 -0.8116773 -0.2799677 0.5126383 -0.3064115 0.7315812 0.6090165 -0.9063412 0.2200896 0.3607024 -0.9063412 0.2200896 0.3607024 0.1921214 0.5946615 0.7806838 -0.8116773 -0.2799677 0.5126383 -0.4337615 -0.3130627 0.8448921 -0.1300118 0.1131868 0.9850308 -0.1426647 0.06059414 0.9879146 -0.8947412 0.3780167 0.2377847 -0.3460515 -0.4654852 0.8145992 -0.01068503 -0.183172 0.9830228 -0.3530797 -0.3218134 0.8785049 0.215269 -0.5268475 0.8222476 0.2329769 -0.1998035 0.9517356 -0.1238091 -0.7122844 0.6908852 0.2460164 -0.9680334 0.04885973 -0.1779512 -0.9391233 0.2939065 -0.1659347 -0.9849272 0.04882676 -0.516636 -0.7310743 0.4456654 -0.5918587 -0.8041641 0.05498558 -0.5903512 -0.7162013 -0.3722112 0.1721965 -0.9165974 -0.3608291 -0.1440431 -0.8467295 -0.5121532 -0.2686749 -0.7141799 -0.6463442 -0.2419412 -0.8852717 -0.3971883 -0.7300357 -0.601476 0.3244603 -0.2419412 -0.8852717 -0.3971883 -0.7334787 -0.5470528 -0.4034132 -0.5043368 -0.8438675 -0.1831177 -0.9064836 -0.124202 -0.403561 -0.6858506 -0.5288669 -0.4999088 -0.7390597 -0.5209265 -0.427114 -0.9220211 -0.1010854 -0.3737096 -0.522805 -0.8090121 -0.2686531 -0.2477527 -0.5620316 -0.7891382 -0.7555422 -0.6532768 -0.04884313 -0.9454403 -0.04040995 -0.3232796 -0.8515805 -0.4020928 -0.3363513 -0.8168294 -0.5562692 -0.1528212 -0.4337616 -0.3130627 0.8448921 -0.6713793 -0.6858751 0.2807586 -0.6713793 -0.685875 0.2807586 -0.4630775 -0.4956078 0.7348008 -0.1053505 -0.04740772 0.9933046 -0.07378483 0.8412992 0.5355105 -0.2477527 -0.5620316 -0.7891382 -0.522805 -0.8090121 -0.2686531 -0.4352862 -0.8167345 -0.3787754 -0.9682162 0.11883 -0.2200839 -0.7759121 0.4084474 -0.4807612 -0.9035782 0.03004932 -0.4273681 -0.7040321 0.3643976 -0.6095516 -0.9841728 -0.09012049 -0.1525849 -0.8830353 -0.285957 -0.3721254 -0.9798371 -0.0640538 0.189252 -0.9682162 0.11883 -0.2200839 -0.9454403 -0.04040995 -0.3232796 -0.5780895 -0.6451144 0.49964 -0.6237817 -0.06408978 0.7789665 -0.6199676 -0.5936266 0.5130767 -0.7671308 -0.260481 0.5862253 -0.9801595 -0.08955579 0.176825 -0.4514179 0.2437197 -0.8583838 -0.661243 0.7401803 -0.1220287 0.06502324 0.4188262 0.9057355 -0.09450841 0.8608649 0.4999799 0.06799313 0.8480043 0.5256099 0.1609389 0.3492071 0.9231214 -0.2732086 0.9218882 -0.2747349 -0.1388807 0.929432 0.3418601 -0.1736635 0.9627661 0.2071775 -0.4624511 0.5814866 0.6693372 -0.6970226 0.3538613 0.6236519 -0.1044916 0.9854247 0.1342374 -0.1431374 0.982877 -0.1160367 -0.1801871 0.9330028 -0.3115099 -0.2207004 0.9110571 0.348233 -0.03824718 0.5882415 0.8077803 -0.174971 0.9400402 0.2927619 -0.1297372 0.9238051 -0.3602115 -0.4654067 0.6711575 -0.5770132 -0.5494956 0.08158367 -0.8315039 -0.8830353 -0.285957 -0.3721254 -0.5494956 0.08158367 -0.8315039 -0.7040322 0.3643976 -0.6095517 -0.05675827 -0.7923147 -0.6074668 -0.6074986 -0.3827394 -0.6960286 -0.5997773 -0.7515339 0.2747071 0.4084584 -0.1381214 0.9022663 -0.3192806 -0.4974438 0.8066037 -0.1813922 -0.6139135 0.7682493 -0.7496076 -0.1641198 0.6412122 0.587366 0.4672925 -0.6607867 0.09521969 0.920965 -0.3778317 0.2816591 0.2513711 -0.9260026 0.0594678 0.9907488 -0.1219852 0.1639097 -0.1547185 0.9742669 -0.08696591 -0.9959123 -0.02441148 0.4406855 -0.6957189 -0.5672491 -0.1387831 -0.9894017 -0.0427025 0.7110816 0.1644186 -0.683615 0.7070822 -0.3160487 -0.6325725 0.6981767 -0.1889622 -0.690538 -0.2960931 -0.9546712 -0.03052506 -0.4192609 -0.9071281 -0.03659004 0.1250609 -0.9715096 -0.2013175 0.4115049 -0.9032151 -0.1219274 0.4091709 -0.9078478 -0.09160542 0.7461158 -0.1852442 -0.6395278 0.8006059 -0.1524011 -0.5794862 -0.2291094 -0.5450895 0.8064653 -0.6968677 0.1695606 0.6968677 -0.4667389 -0.391237 0.793151 0.6675298 -0.6846752 0.2926158 0.3330869 -0.7868797 0.5194935 -0.6695693 0.1642894 0.7243522 0.8325609 0.1950838 -0.5184445 0.5591111 0.4645332 -0.6867342 0.3478149 0.9156836 -0.2013665 0.2168367 0.7982494 -0.5619431 0.9087651 -0.2397707 -0.3415494 0.6649237 -0.003984988 -0.7469007 0.6675298 -0.6846752 0.2926158 0.8702219 -0.4442392 -0.2129914 0.6064367 0.03335401 -0.794432 0.3330869 -0.7868797 0.5194935 -0.5255589 -0.5981288 0.605004 0.1650379 -0.8633927 0.4767762 -0.5416948 -0.5761245 0.6120844 0.2152221 0.1129158 -0.9700152 -0.1680151 0.5491039 -0.8186917 -0.3857969 -0.6546396 -0.6500829 -0.8999355 0.3164314 -0.2999785 0.5544174 -0.1898194 -0.8103024 0.4761181 0.02632384 -0.8789873 -0.3857969 -0.6546396 -0.6500829 -0.7383983 -0.1109886 0.6651688 -0.3228475 -0.7393512 0.5908718 -0.7641321 0.2539545 0.5929666 -0.8263969 0.2668573 0.4958381 0.6370329 -0.06493082 -0.768097 0.5808036 -0.7764426 -0.2445489 0.5544174 -0.1898194 -0.8103024 0.5808036 -0.7764426 -0.2445489 0.6300508 -0.7481853 -0.2079779 0.4389865 0.624184 -0.6462857 0.6219106 -0.718703 -0.3109553 -0.5927866 -0.7073717 0.3850057 -0.2635867 -0.7547468 -0.6007324 -0.5461733 0.8374721 0.01830749 0.4364604 0.5848722 -0.6836862 -0.4917292 0.6702339 -0.5558678 -0.8272927 0.5609411 -0.03052741 -0.3735623 0.6744024 -0.636893 -0.859711 0.09560843 -0.501753 0.1099517 0.3703234 -0.9223725 0.7521907 -0.3623358 -0.5503835 0.127982 -0.5256405 -0.8410248 -0.9405969 -0.3032212 -0.1527563 -0.6777464 -0.7151445 -0.170963 -0.9139974 -0.2367928 -0.3294508 -0.3743629 -0.9248517 0.06709559 -0.3613617 -0.9295429 0.07326446 -0.2058088 -0.9781163 0.03051845 -0.1886325 -0.9811179 0.04272364 -0.06188478 -0.9977848 0.02441064 -0.2058088 -0.9781163 0.03051845 -0.3613617 -0.9295429 0.07326446 -0.7904602 -0.3844052 0.4768703 -0.6842961 -0.6682758 0.2917985 -0.9819728 -0.13971 0.127321 -0.9173242 0.3953194 0.04731623 -0.9947106 0.09611467 0.0362337 -0.5868286 0.8069848 0.06639023 -0.7469618 0.6573111 0.09995096 0.08163109 -0.8966069 0.4352387 -0.06408876 -0.5695984 0.8194207 0.7278228 -0.422513 0.5401452 0.8779923 -0.4393775 0.1899392 0.9788015 -0.02136122 0.2036944 0.9753292 -0.1077021 0.1927 -0.9884429 0.03775303 0.1468173 -0.4547313 -0.224123 0.8619677 -0.03738637 -0.1922728 0.9806291 0.5179554 -0.2288463 0.8242279 -0.793171 -0.03069724 0.6082248 -0.7564507 0.1057086 -0.6454519 -0.3967703 -0.07248687 0.9150514 0.4233849 -0.01029855 0.9058913 -0.03357714 0.01640701 0.9993015 0.8654366 -0.01946088 0.5006405 0.7681615 0.6239882 0.1434105 0.9833544 0.1735556 0.05378315 0.7256454 0.09461623 -0.6815325 0.645367 0.5286517 -0.5513881 -0.7839999 -0.1479533 0.6028715 -0.1411258 0.3905752 0.9096893 0.8795986 -0.09162486 0.4668095 0.4997631 0.28002 0.8196498 -0.4866684 0.2540134 0.8358416 0.8003485 -0.1014741 -0.5908852 0.7378491 -0.6439964 -0.2021073 0.9322374 -0.2235234 0.2845536 0.7980458 -0.4036006 0.4474702 0.02517276 -0.06789017 0.9973752 0.006104863 -0.9134402 0.4069273 0.006104429 -0.9942588 0.1068275 -0.7712189 -0.318862 0.5509524 0.006104863 -0.9134402 0.4069273 -0.03586985 -0.9501694 -0.3096637 -0.774155 -0.6307647 0.05310398 0.006104429 -0.9942588 0.1068275 -0.8381904 -0.189318 0.5114641 -0.03586985 -0.9501694 -0.3096637 -0.6790775 -0.363192 -0.6379227 -0.8239393 -0.1335087 -0.5507264 0.5225832 -0.3600866 -0.7728159 -0.614953 -0.2685714 -0.7414191 -0.929072 -0.3690926 0.02440912 -0.869759 -0.1397455 -0.4732763 -0.8412025 0.2147449 -0.4962489 -0.9945116 0.1039127 -0.0122026 -0.8191122 0.5724629 0.03662542 -0.8060314 0.5212247 -0.280425 -0.3286774 -0.6254212 0.7076859 -0.01183982 -0.7617587 0.6477527 -0.03828534 -0.5698772 0.8208376 -0.3286774 -0.6254212 0.7076859 -0.1190881 -0.5249229 0.8427776 -0.6206838 -0.3662149 0.6932808 -0.6206838 -0.3662149 0.6932808 -0.3398866 -0.3448236 0.8749708 -0.5959664 -0.00608323 0.8029863 -0.5959664 -0.00608323 0.8029863 -0.4698454 0.04629584 0.881534 -0.4885392 0.8722006 0.02440789 -0.494195 0.8546531 -0.1591832 -0.3994893 0.4575413 0.7943956 -0.3994893 0.4575413 0.7943956 -0.2846282 0.2897008 0.9138163 -0.5300757 -0.7113225 -0.4615625 -0.8261458 -0.5237857 -0.2076818 -0.9082092 -0.4003215 0.1220609 -0.565153 -0.7554557 -0.331495 -0.8541052 -0.5165067 -0.06103476 -0.903596 -0.3930167 0.1704467 -0.9179813 -0.1784434 0.3542149 -0.6576217 0.7453046 0.1097943 -0.5840134 0.8117442 0 -0.3161562 0.9448392 -0.08558187 -0.3767808 0.9027478 0.2075633 0.3155985 0.1004437 0.9435617 0.0370861 -0.02270578 0.9990541 -0.2215491 -0.1575968 0.9623302 -0.4956036 -0.8387138 -0.2256903 -0.3699077 0.665681 0.6481028 -0.6732732 -0.3400562 -0.6565554 -0.9972879 -0.04897736 0.05493858 -0.9972879 -0.04897736 0.05493858 -0.8947412 0.3780167 0.2377847 -0.9063412 0.2200896 0.3607024 0.1965086 -0.4548562 -0.8686139 -0.7334787 -0.5470529 -0.4034133 -0.9101672 -0.06822443 -0.4085843 -0.9101672 -0.06822443 -0.4085843 -0.3542097 -0.53852 0.7645468 -0.012858 -0.1229073 0.9923349 -0.5076992 -0.8080498 0.2988259 -0.4711631 -0.8779032 0.08538878 -0.4667054 -0.8842236 -0.01830217 -0.8729426 0.3700574 -0.3178504 -0.4565319 -0.8378658 0.2992651 -0.5063182 -0.8452616 0.1708061 -0.5404857 -0.8412645 -0.01221437 -0.6517967 -0.5990103 0.4651319 -0.8404233 -0.4807458 -0.2501441 -0.6840307 -0.6038708 0.4091969 0.2816591 0.2513711 -0.9260026 -0.4514179 0.2437197 -0.8583838 -0.9801596 -0.08955579 0.176825 0.06799313 0.8480043 0.5256099 0.3872432 0.8024752 0.4539564 0.4086861 0.359705 0.8388015 0.1609389 0.3492071 0.9231214 -0.8830353 -0.285957 -0.3721254 -0.7671308 -0.260481 0.5862253 -0.4080537 -0.8299137 0.380441 -0.243988 0.9336355 0.2622871 -0.3234127 0.8977754 0.2990042 -0.245393 0.9441716 -0.2198233 -0.3224331 0.8733832 -0.3650187 -0.3563493 0.8340252 -0.4212094 -0.2875972 0.863173 -0.4149944 -0.4048679 0.8597242 -0.3113781 -0.3563493 0.8340252 -0.4212094 -0.775912 0.4084474 -0.4807612 -0.1297372 0.9238051 -0.3602115 0.1555084 0.9658289 -0.2073445 -0.4192609 -0.9071282 -0.03659004 0.4313048 -0.1645114 0.8870808 -0.3470463 -0.1085471 0.9315453 -0.792539 -0.05806076 0.6070511 -0.794324 -0.06736889 0.6037473 -0.9988064 0.04231584 -0.02439832 -0.8271229 0.02203245 -0.561589 -0.6913059 -0.2151747 -0.6897798 -0.6183684 -0.5233229 0.586305 -0.7140431 -0.1206283 0.6896313 -0.7052791 0.3856037 0.5948876 -0.4100385 0.8574225 0.3109585 0.4819679 -0.2736769 -0.8323509 0.5469259 0.2280765 -0.8055143 0.5469259 0.2280765 -0.8055143 0.1250609 -0.9715097 -0.2013175 0.4927869 -0.01711066 0.8699818 -0.2636482 0.341371 0.9021948 -0.6795596 0.5360122 0.5008889 -0.6759218 0.5211188 0.5211188 -0.8361257 0.5347848 -0.1220621 -0.6726431 0.3275711 -0.6635122 0.5563272 0.2216139 0.8008667 0.1041421 0.7975297 0.5942228 -0.3079464 0.9127865 0.2683097 -0.3175941 0.9386584 0.1343667 -0.3420507 0.9204065 -0.1893495 0.08086874 0.9708062 -0.2258221 0.1022148 0.9946876 0.01220476 0 0.8555045 -0.5177954 0.6169915 0.4726705 0.6292092 0.38315 0.8651406 0.3236167 0.6417515 0.3505654 0.682099 0.5608042 0.7671954 0.3113036 0.08808052 0.8869326 -0.4534232 -0.4117202 0.9004472 -0.1402898 0.5281019 0.8009674 -0.2820632 0.5158414 0.824582 -0.2323197 0.3874271 0.8921522 -0.2323034 0.4178507 0.8490452 -0.3233005 0.5142389 0.7696417 -0.378431 0.6852554 0.4780763 -0.5494253 0.1831714 -0.9439051 -0.2747571 -0.05675827 -0.7923147 -0.6074668 -0.5997773 -0.7515339 0.2747071 -0.4679356 -0.7899271 0.3962972 -0.7445647 -0.0760876 0.6631999 -0.6924093 -0.1054247 0.7137612 0.3674782 -0.7917553 -0.4879378 0.6372328 0.2595428 -0.7256527 0.7110817 0.1644186 -0.683615 0.5629762 0.5721055 -0.5964504 -0.6003338 0.5775363 0.553219 -0.5636675 0.5659466 0.6016505 -0.1510583 0.9876012 0.04272358 -0.1007098 0.9906945 0.09155437 0.5629762 0.5721055 -0.5964504 0.4744595 0.7067311 -0.5248041 0.6981767 -0.1889622 -0.690538 0.6946175 -0.1563457 -0.7021841 0.6981767 -0.1889622 -0.690538 0.6946175 -0.1563457 -0.7021841 -0.3678958 -0.8193696 0.4396431 0.2682772 -0.9350644 -0.231694 0.7410868 -0.136481 -0.6573913 -0.6218981 -0.1420089 0.7701144 -0.5206177 -0.1818166 0.8342062 -0.207229 -0.8181545 0.5363574 -0.509851 0.5424753 0.667662 -0.473882 0.5380854 0.6970652 0.006108386 0.9891769 0.1466013 0.5721451 0.6687707 -0.4747587 0.7410868 -0.136481 -0.6573913 0.8006059 -0.1524011 -0.5794862 0.6279261 0.6698386 -0.3962641 -0.330451 -0.7132999 -0.6180658 -0.7565953 -0.6524872 -0.04271102 -0.64419 -0.7455124 0.1709698 0.03962292 -0.8351292 -0.548625 -0.5703484 -0.2141428 0.7929978 -0.1799267 -0.8243464 0.5367305 -0.5255017 0.572476 0.62938 -0.6495662 0.760305 0 -0.8854325 0.339384 0.3175344 -0.9393165 0.3128506 0.1407445 -0.7198969 0.6520252 -0.237932 -0.0213505 0.646615 -0.7625178 -0.3423771 0.4256787 -0.8376011 0.7461158 -0.1852442 -0.6395278 0.5008798 0.7593368 -0.4153637 -0.1680067 -0.6380436 0.7514482 -0.6659802 -0.02891467 0.745409 0.6995439 -0.701835 0.1344102 -0.6494396 0.4101874 0.6402925 -0.3634845 0.848385 0.384866 0.543236 0.8232467 -0.1648019 0.3478149 0.9156836 -0.2013665 -0.2837518 0.8585017 0.4271532 0.543236 0.8232467 -0.1648019 0.9421524 -0.05663811 -0.3303651 -0.4500293 0.8219922 0.3490023 0.2168367 0.7982494 -0.5619431 0.1650379 -0.8633928 0.4767762 0.7588977 -0.6038418 -0.2438225 0.5502529 0.07642402 -0.8314933 -0.7550349 -0.3600116 0.5480092 -0.8999355 0.3164314 -0.2999785 -0.0941935 0.7641827 -0.638085 -0.7304316 0.6828775 0.01217386 -0.8999356 0.3164314 -0.2999785 -0.1680151 0.5491038 -0.8186916 -0.1680151 0.5491039 -0.8186917 0.5502529 0.07642402 -0.8314933 0.5825636 0.2257052 -0.7808181 -0.0941935 0.7641827 -0.638085 0.7632023 -0.5876657 -0.2686472 0.7588977 -0.6038418 -0.2438226 0.149228 -0.8862319 0.4385477 0.1650379 -0.8633928 0.4767762 -0.7550349 -0.3600116 0.5480092 -0.6843652 -0.2826062 0.6721444 -0.5595886 -0.6085144 0.5626464 0.5808036 -0.7764426 -0.2445489 -0.5590352 0.795976 0.2321676 -0.5179988 0.8543171 0.04265872 0.2932271 0.7643759 -0.5742364 0.5836478 0.4975616 -0.6417069 0.2932271 0.7643759 -0.5742364 0.5836478 0.4975616 -0.6417069 0.7581233 -0.1986648 -0.621113 -0.3228475 -0.7393512 0.5908718 -0.4502199 -0.6646828 0.5962372 -0.8873767 0.302844 0.3476321 -0.6500771 -0.6985277 0.2990966 0.4105145 0.5625569 -0.7176403 0.4364604 0.5848722 -0.6836862 0.5189452 0.01125653 -0.8547333 -0.5161846 0.1036165 -0.8501865 -0.5161847 0.1036165 -0.8501866 -0.9024736 0.4051222 0.1463471 -0.6879199 0.3384184 -0.6420586 -0.6879199 0.3384184 -0.6420586 -0.4917292 0.6702339 -0.5558677 -0.7663699 -0.3486983 0.5395245 0.2170764 -0.9309826 0.2935117 -0.8270454 -0.5600104 0.04882925 -0.2014091 -0.9559303 -0.2136157 0.127982 -0.5256405 -0.8410248 -0.859711 0.09560843 -0.501753 -0.3735622 0.6744024 -0.636893 -0.3027388 -0.9397317 -0.158914 -0.9292964 0.2824688 -0.2379487 -0.5084084 0.8357463 -0.2074825 -0.471425 -0.8764843 0.09764142 -0.2073996 -0.9755037 0.07333466 -0.4229036 -0.9015328 0.09160367 -0.5104817 -0.8549996 0.09156621 -0.4229036 -0.9015328 0.09160367 -0.2109526 -0.9773248 0.01831053 -0.5514433 -0.8309839 0.0733221 -0.6916395 -0.7164227 0.09150688 -0.5104816 -0.8549995 0.09156621 -0.9485399 0.3137654 0.04269955 -0.8913859 -0.451226 0.04273768 -0.9993377 -0.03428072 0.01220565 -0.4148635 -0.9098018 -0.01220187 -0.4117431 -0.9111723 0.01524975 -0.8993897 -0.4332798 0.05802513 -0.8997642 -0.4311689 0.06721498 -0.4040977 -0.9134133 0.04879671 -0.8413154 0.537083 0.06107553 -0.8261839 0.5600793 0.06108568 -0.3075141 0.9515386 -0.003052249 -0.2808378 0.9585118 0.04884136 -0.4105162 -0.9087821 0.07477804 -0.9111012 -0.402899 0.08698955 -0.8504243 0.5160564 0.1022952 -0.3531556 0.9267473 0.1281428 -0.9091005 -0.4049768 0.09762153 -0.4242459 -0.8980891 0.1159809 -0.865661 0.485503 0.1221391 -0.3823752 0.9074733 0.1740151 -0.4312054 -0.890649 0.1442439 -0.9089684 -0.4072057 0.08921921 -0.8621032 0.4775899 0.169369 -0.3967769 0.891222 0.2197534 0.1236191 0.9836116 0.1312499 0.03891483 0.9724894 0.2296738 0.9916859 0.06445958 0.1113739 0.769603 0.6006564 0.2166177 0.03891484 0.9724895 0.2296738 0.1236191 0.9836116 0.1312499 0.7941684 0.5927655 0.1338872 -0.07247106 0.9646279 0.253458 -0.07247106 0.9646279 0.253458 -0.8032513 0.5843214 0.1155675 -0.6751384 0.4386493 -0.5931063 0.7294272 0.0178351 -0.683826 -0.07399932 0.8460335 -0.5279693 -0.07399932 0.8460335 -0.5279693 -0.1220837 -0.6302571 -0.766728 -0.1220837 -0.6302571 -0.766728 -0.1300118 0.1131868 0.9850308 -0.9801596 -0.08955579 0.176825 0.6995439 -0.701835 0.1344102 0.223617 -0.9085392 -0.3529194 -0.05675827 -0.7923147 -0.6074668 0.7780078 0.1812666 -0.6015366 -0.07399932 0.8460335 -0.5279693 0.645367 0.5286517 -0.5513881 0.7256454 0.09461623 -0.6815325 -0.6751384 0.4386493 -0.5931063 -0.6790775 -0.363192 -0.6379227 0.5225832 -0.3600866 -0.7728159 -0.1220837 -0.630257 -0.7667279 -0.8239393 -0.1335087 -0.5507263 0.8003485 -0.1014741 -0.5908853 -0.7564507 0.1057086 -0.6454519 0.7294272 0.0178351 -0.683826 -0.7416121 0.6294547 0.2319445 0.5303689 -0.8062217 -0.2621363 0.5166644 -0.7230244 -0.4585778 -0.4903443 -0.5125631 -0.7048699 -0.4903443 -0.512563 -0.7048699 -0.7383983 -0.1109886 0.6651688 -0.1438082 0.9370481 -0.3182139 -0.3089463 0.9065739 -0.2875342 -0.6665339 -0.2723963 -0.6939257 -0.6665339 -0.2723963 -0.6939257 0.04274464 -0.9732039 0.225936 0.07327574 -0.997237 0.01221262 0.4389865 0.624184 -0.6462857 0.4105145 0.5625569 -0.7176402 0.5544174 -0.1898194 -0.8103024 0.04274464 -0.9732038 0.225936 -0.6665339 -0.2723963 -0.6939257 0.07327574 -0.997237 0.01221262 0.587366 0.4672925 -0.6607867 -0.2417068 -0.9675889 0.07314058 -0.9284865 -0.3711657 -0.01220689 -0.9414449 -0.3227157 -0.09765392 -0.9817423 -0.1866532 0.03664357 -0.982331 -0.1806542 -0.0488874 -0.8590035 -0.5067091 0.07320403 -0.8855116 -0.4620393 0.04887688 -0.4990825 -0.7158095 -0.4883988 -0.3541904 -0.9323008 0.0732413 -0.3106976 -0.9246362 0.2202607 -0.4962141 -0.8612233 -0.109846 -0.6698325 -0.7225332 -0.1710861 -0.6949751 -0.6984099 0.1709768 -0.7802522 -0.419593 0.463841 -0.6150156 -0.7319068 0.2933739 -0.7604523 -0.5796101 0.2928556 -0.7147946 -0.6749035 0.1832317 -0.7070378 -0.6798514 0.1946778 -0.2540016 -0.9390823 0.2315336 -0.3947876 -0.5307307 -0.7499784 -0.4247131 -0.7620878 -0.4887137 -0.5084919 -0.4045715 -0.7601039 -0.4898529 -0.3500704 -0.7984328 -0.542805 -0.8326504 -0.1098001 -0.915605 -0.3790157 -0.1342188 -0.6658573 -0.7451804 0.03661071 -0.4837386 -0.8532083 0.195019 -0.237432 -0.9335081 0.2686794 -0.4198645 -0.9072584 0.02441738 -0.535183 -0.8443829 -0.02443061 -0.9417732 -0.1831438 -0.2819955 -0.9287108 -0.3541758 -0.1097983 -0.571802 -0.8189335 0.04889155 -0.1482103 -0.2838958 0.9473315 -0.377901 -0.466507 -0.7997262 -0.6849144 -0.01024526 -0.7285516 -0.357952 0.252806 -0.8988657 -0.4246144 -0.2352645 -0.874273 -0.4553707 -0.7131491 -0.5329691 -0.479884 -0.6910329 -0.5405413 -0.8835244 -0.04409952 -0.4663045 -0.956697 -0.1128216 -0.2683325 -0.7782291 0.07488114 -0.6235 -0.7938103 -0.1175874 -0.5966896 -0.9865178 -0.1463767 -0.07318833 -0.3720608 -0.6148915 -0.6953267 -0.6608543 0.2017788 -0.7228811 -0.4385472 -0.5416638 -0.717131 -0.3339901 -0.9346381 -0.1220752 -0.3544768 -0.9089538 -0.2194289 -0.480385 -0.8388642 -0.2560022 -0.3603487 -0.9288988 -0.08541597 -0.6676055 -0.7075933 -0.2315483 0.1372169 -0.9893354 -0.04885607 -0.7519605 -0.2776 0.5979077 -0.04990935 -0.2937194 0.954588 -0.1523792 -0.6564621 0.7388085 -0.01945616 -0.9995126 -0.02441557 -0.4702118 -0.8191154 -0.3285588 -0.1165859 -0.9738351 0.1950718 -0.3377932 -0.9150638 -0.2203498 -0.03102785 -0.5297437 0.84759 -0.1280644 -0.8473722 0.5153251 -0.3899466 -0.9195414 0.04883871 0.0344762 -0.6343621 0.7722669 -0.3981176 -0.8311179 0.3882595 -0.7551867 -0.6499183 -0.08543526 -0.02109794 -0.8638648 0.5032818 -0.66586 -0.7315297 0.1466114 -0.5577384 -0.7321987 -0.3909132 -0.9677597 -0.1848444 -0.1710957 -0.6350887 -0.3294187 0.6986742 -0.7947919 -0.6063911 0.0244082 -0.8322715 -0.5538305 0.02441126 -0.5209433 -0.8464853 -0.1099133 -0.4276541 -0.8705273 -0.2435042 -0.5779932 -0.8156762 0.02441688 -0.3577232 -0.86892 0.3420705 -0.5781683 -0.8003648 0.1585485 -0.2371252 -0.4399397 -0.8661551 0.08412075 -0.5483143 -0.8320307 -0.6101116 -0.7363794 -0.2924196 -0.1772203 -0.9713308 -0.1584602 -0.4806662 -0.854857 -0.1953959 -0.1555319 -0.3022853 -0.9404432 -0.5029903 -0.7768278 -0.3788659 -0.8577613 -0.3619631 -0.3650048 -0.6336349 -0.7300328 -0.2560449 -0.3071198 -0.9516709 0 -0.003318841 -0.3524706 0.935817 -0.1384167 -0.2243668 -0.9646245 -0.5365584 -0.8177587 -0.2082682 -0.3442466 -0.584176 -0.7350053 -0.661584 -0.5225444 -0.5378234 -0.3113459 -0.7756002 -0.5490975 -0.6062372 -0.6548352 -0.451295 -0.2828752 -0.9438073 -0.1709077 -0.4373951 -0.7839651 -0.4405501 -0.5033645 -0.7993048 -0.3282317 -0.7167761 -0.4736624 -0.5117382 -0.5838718 -0.7050671 -0.40246 -0.7835928 -0.3331032 -0.5244279 -0.8072216 -0.105487 -0.5807458 -0.7102889 0.09069961 -0.6980425 -0.622276 0.1337138 -0.7712932 0.04449288 -0.5467891 -0.8360874 -0.8731824 -0.2099914 -0.4398365 -0.2234667 -0.9747116 0 -0.7519605 -0.2776 0.5979077 -0.04990934 -0.2937194 0.9545879 -0.7060956 -0.2573173 -0.6597097 -0.3833831 -0.2782681 -0.8806726 -0.03102785 -0.5297438 0.84759 0.0344762 -0.6343621 0.7722669 -0.02109794 -0.8638648 0.5032818 -0.5577384 -0.7321986 -0.3909131 0.06545766 -0.4892098 -0.8697064 -0.1044405 -0.3739891 -0.9215337 0.2880717 0.273061 -0.917852 -0.00114427 -0.9993288 -0.03661663 0.2926512 -0.4546338 -0.8412273 0.298373 -0.2421908 -0.9232101 0.0707213 -0.7783166 0.6238765 -0.3427381 -0.5582823 0.7555472 -0.4288058 -0.8820276 0.1953279 -0.4568272 -0.4453683 0.7700364 -0.2806352 -0.7389166 0.6125734 -0.4689641 -0.6830978 0.5598662 -0.6134 -0.3969955 0.6827408 -0.3301547 -0.9180283 -0.2195948 -0.3132948 -0.4644223 0.8283467 -0.2627724 -0.425695 0.8658721 -0.4962953 -0.2893783 0.8185055 -0.3998933 -0.5156217 0.7577729 -0.6327343 -0.6890788 0.3532956 -0.4578795 -0.888679 -0.02441007 -0.4704418 -0.8443925 0.2562926 -0.4624849 0.4655275 0.7545806 -0.6567794 0.391293 0.6446167 -0.7214456 0.2129637 0.6589102 -0.3485706 0.5531747 0.7566348 -0.3721316 0.04089254 0.9272788 -0.4960405 0.3797512 0.7808539 -0.668561 0.2607808 0.6964335 -0.1941185 0.2655955 0.9443395 -0.9561825 -0.112904 0.2701254 -0.9768409 -0.1434735 -0.1587366 -0.8097703 -0.5574796 -0.1829989 -0.5647094 0.5516658 0.6138145 -0.5802099 0.5903121 0.5611491 -0.237337 0.5601459 0.7936673 -0.4051839 0.6913306 0.5982376 0.1448833 -0.8925575 -0.4270245 -0.4990825 -0.7158095 -0.4883988 0.4033594 -0.5401459 -0.7386093 0.2082378 -0.8009145 -0.5614029 -0.1773895 0.5044214 0.8450398 -0.5788184 0.6449908 0.4989552 -0.3452448 0.8480765 0.4019608 -0.4127206 0.9101214 0.03661847 -0.7639648 0.5476478 0.3412325 -0.6740834 0.7385544 -0.01220751 -0.8539051 0.445316 0.269332 -0.412749 0.9078953 -0.07324198 -0.1455519 0.7111683 0.6877895 -0.6619098 0.7446962 0.08545695 -0.3794756 0.9212571 0.08534391 -0.1355182 0.5245621 0.8405174 -0.08023889 0.4968639 0.8641111 -0.4807337 0.6313432 0.6085237 -0.893145 0.4328083 0.1223486 -0.929536 0.276266 0.2442131 -0.7675108 0.6292825 0.1221908 -0.817656 0.454845 -0.3529232 -0.496559 0.7098053 -0.4996054 -0.7666463 0.1050618 -0.6334158 -0.6266621 0.06648732 -0.7764496 -0.6614212 0.7171118 -0.2197108 -0.4863312 -0.3313131 -0.8085256 -0.939719 0.02512007 -0.341024 -0.3313406 -0.6367236 -0.6962733 0.04536447 -0.8264721 -0.5611471 -0.09030044 -0.7277153 -0.6799092 -0.1762351 -0.8981507 -0.4028232 -0.1447939 -0.8609048 -0.487727 -0.5763692 -0.6653338 -0.4744781 0.03441503 -0.8781089 -0.4772216 -0.9188157 -0.146583 0.3664575 -0.6210878 0.5212566 0.5852705 -0.9004515 0.1646888 0.4025727 -0.5188457 0.5812289 0.6268751 -0.9052322 -0.3291059 0.2687826 -0.5061988 -0.8019897 0.3171366 -0.5785767 -0.7800863 0.2381477 -0.9311512 0.3571957 0.07327092 -0.547538 0.8022423 0.2379274 -0.9543205 -0.2844279 -0.09150496 -0.4940365 -0.8652315 -0.08545496 -0.6315397 0.6552545 -0.4144866 -0.8589176 0.5097796 -0.04884116 -0.6244158 0.4090276 0.6654331 -0.5755953 0.1418493 -0.8053377 -0.4148875 0.5420182 0.7308111 -0.6405226 -0.7600487 0.1098039 -0.6072759 -0.7884669 0.09765241 -0.6032318 -0.7862198 0.1340515 -0.8303583 -0.548616 -0.09759951 -0.7329704 -0.6713169 -0.1099456 -0.5916656 -0.7986723 -0.1097936 -0.05877142 -0.9891917 0.1343347 -0.6939757 -0.6337771 -0.3416496 0.9634879 -0.1529179 -0.2197897 0.9753109 -0.1915517 -0.1098942 0.9717346 -0.1490686 -0.1830583 -0.0397345 -0.7807924 -0.6235259 -0.161064 0.9648571 -0.2076275 0.1309762 -0.9115026 -0.3898825 -0.2620957 -0.7593176 -0.5956028 0.2276322 -0.869418 -0.4385156 0.2146195 -0.8592419 -0.4643725 0.4163013 0.4753404 -0.7750773 -0.06008242 -0.6244008 -0.7787898 0.04449288 -0.5467891 -0.8360875 -0.3133968 -0.9181095 -0.2426053 -0.2298397 -0.9720027 0.04882902 -0.5397479 -0.8414726 0.02441262 0.599755 0.258074 -0.7574244 0.05916477 -0.5455452 -0.8359905 -0.6043328 -0.7544633 -0.2560603 0.5384111 -0.2194773 -0.813599 -0.7743672 -0.6017765 0.195501 -0.6604559 -0.1738643 0.7304582 -0.4897449 0.1801317 0.8530548 -0.7047412 -0.07488351 0.7055015 -0.7903975 0.04505647 0.6109352 -0.6770366 0.1610339 0.7181153 -0.8528544 0.3715954 0.3668191 -0.724587 0.4014555 0.560185 -0.9262762 -0.2762043 0.2563664 -0.7338313 -0.6468701 -0.2074866 -0.05112267 -0.704272 -0.7080871 -0.8119876 0.5616757 0.1587344 0.08412075 -0.5483143 -0.8320307 -0.361035 -0.7698766 -0.5262545 -0.6683369 -0.5706481 -0.477165 -0.2899637 0.790601 0.5393248 -0.4094162 0.9120203 0.02444275 -0.9533687 0.1361955 -0.2693305 -0.8402023 -0.2841191 -0.4618834 -0.6801848 -0.3198625 -0.6595731 -0.6614211 0.7171117 -0.2197108 -0.9397189 0.02512007 -0.341024 -0.5521774 -0.7659605 -0.3292487 -0.5521774 -0.7659605 -0.3292487 -0.4837944 0.8368748 -0.2560928 -0.8478829 0.4334811 -0.3052683 -0.9055056 -0.1642901 -0.3912396 -0.5226485 -0.6639459 -0.5348031 -0.5012399 -0.7781806 -0.3784094 -0.9489147 -0.2200382 -0.2261504 -0.8624293 0.494124 -0.1098053 -0.4386945 0.891122 -0.1159679 -0.357914 0.6495053 0.6708506 -0.7620656 0.2980999 0.5747977 -0.8404368 -0.3628552 0.4024949 -0.4465083 -0.8104431 0.3792262 -0.3772612 0.5892678 0.7144491 -0.70788 0.1899937 0.6803002 -0.7442169 -0.3978302 0.5365373 -0.4428947 -0.7887217 0.4263361 -0.4430524 0.8311051 0.3361087 -0.8502683 0.3660348 0.3782359 -0.8926195 -0.3902828 0.2256322 -0.5135517 -0.8563005 0.05490084 -0.4007797 0.91585 -0.02438203 -0.9667282 0.2411098 -0.08545663 -0.3296536 0.9436096 0.03048819 -0.8947579 0.3658294 -0.2560806 -0.6895236 -0.5516189 -0.4693332 -0.7008563 -0.6745313 -0.2319655 -0.5748874 -0.3511928 -0.7390319 -0.9153088 0.3293739 -0.2317816 -0.3867606 0.8040348 0.4516021 0.1304391 -0.8998772 -0.4161812 0.9564155 -0.1785917 -0.2310293 -0.4385472 -0.5416638 -0.717131 -0.7938102 -0.1175874 -0.5966896 -0.2371252 -0.4399397 -0.8661551 -0.3720608 -0.6148915 -0.6953267 0.9723582 -0.2331753 -0.01220214 -0.377901 -0.466507 -0.7997262 -0.1482103 -0.2838958 0.9473314 0.22414 0.2627979 0.9384553 0.9766 0.2062029 -0.06109716 -0.1555319 -0.3022853 -0.9404432 -0.03228176 0.1678074 -0.9852911 -0.1384167 -0.2243668 -0.9646245 0.1628365 0.1388928 -0.9768282 0.08550355 0.2394865 0.9671274 -0.003318842 -0.3524706 0.9358171 0.2300971 -0.4888113 0.841498 0.9119521 -0.3953064 0.1098921 0.01349087 -0.5534126 -0.8327979 0.2660435 -0.5313137 -0.8043176 0.03607492 -0.5472245 0.8362081 0.0187467 -0.9998242 0 0.1680478 -0.9857789 0 -0.8731824 -0.2099914 -0.4398365 -0.7519605 -0.2776 0.5979077 0.09359937 -0.9162084 -0.3896169 0.01981871 -0.9695922 -0.2439226 -0.7060956 -0.2573174 -0.6597097 -0.1197689 -0.9779854 -0.1708805 -0.3833831 -0.2782681 -0.8806726 0.06545766 -0.4892098 -0.8697063 -0.3786387 -0.9252221 0.0244283 -0.5577384 -0.7321987 -0.3909132 -0.2433231 -0.968716 -0.04881718 -0.1044405 -0.373989 -0.9215337 0.1372169 -0.9893354 -0.04885607 -0.01945616 -0.9995126 -0.02441557 -0.1165859 -0.9738351 0.1950718 -0.6350887 -0.3294187 0.6986742 -0.9677597 -0.1848444 -0.1710956 -0.8990674 -0.2704886 0.3442583 -0.3577232 -0.86892 0.3420704 -0.9992275 0.03929761 0 -0.9126631 -0.3713174 -0.1707907 -0.9111096 -0.4105335 -0.03662753 -0.9158099 -0.2744758 -0.2931813 -0.9196721 -0.04194193 -0.3904412 -0.9104578 -0.250109 0.3294119 -0.9097973 0.003814664 0.4150354 -0.9131612 -0.3848104 0.1343782 -0.7033986 -0.6629646 -0.2563362 -0.6866012 -0.7270343 0 -0.7043003 -0.4781768 -0.524698 -0.7069911 -0.1358427 -0.6940536 -0.6705636 -0.4979584 0.5498927 -0.680518 -0.1306045 0.7209978 -0.6778215 -0.6843132 0.2688373 -0.3832825 -0.8580951 -0.3417125 -0.3699436 -0.9290543 0 -0.4013678 -0.6235876 -0.6708521 -0.404161 -0.2045612 -0.8915204 -0.3545163 -0.6260202 0.6945624 -0.3510391 -0.1953609 0.9157541 -0.3639033 -0.8661814 0.3424971 -0.007249006 -0.9255835 -0.3784744 0.002288324 -0.9999974 0 -0.0251482 -0.6812875 -0.7315838 -0.01483722 -0.2263627 -0.9739301 0.01634993 -0.669967 0.7422109 0.02516121 -0.2165388 0.9759498 0.01104049 -0.9258782 0.3776609 0.3601228 -0.8679589 -0.3419926 0.3715222 -0.9284241 0 0.3311327 -0.6336352 -0.6991836 0.3834942 -0.2071401 -0.900014 0.3907687 -0.1945295 0.8996989 0.3828589 -0.6220266 0.6830096 0.3744459 -0.8616651 0.3425252 0.6824311 -0.6932874 -0.2316037 0.6854102 -0.7277478 0.02441083 0.674319 -0.4793122 -0.5617417 0.6742595 -0.1035858 -0.7311937 0.7048657 -0.1325682 0.6968428 0.6928684 -0.4829544 0.5354329 0.6876361 -0.6697308 0.2803879 0.9213684 -0.3600422 -0.1464578 0.9158548 -0.4013242 0.01220758 0.9356119 -0.2549154 -0.2442303 0.9205735 -0.01219934 -0.3903788 0.9149262 -0.03540913 0.402065 0.9125399 -0.2723317 0.3051335 0.9129847 -0.3759068 0.1585976 0.9996015 0.02822763 0 -0.9825215 0.1857484 0.01220524 -0.9152731 0.1401084 -0.3776835 -0.9083523 0.1488476 0.3908205 -0.7142859 0.08942845 -0.6941169 -0.6878211 0.09640928 0.7194495 -0.4050968 0.05020918 -0.9128941 -0.3516184 0.05348241 0.9346145 -0.01903053 0.0468151 -0.9987223 0.02474543 0.03845059 0.9989541 0.3774131 0.0479134 -0.9248047 0.3979787 0.05456467 0.9157705 0.6922873 0.07827178 -0.7173646 0.7101138 0.09335547 0.6978704 0.9099177 0.1399433 -0.3904686 0.9139119 0.1452018 0.3790533 0.9820099 0.1888297 0 0.6981767 -0.1889622 -0.690538 -0.01221034 0.9768271 0.213681 -0.7073727 -0.7064191 -0.02441189 -0.3337597 -0.941393 0.04882427 -0.3287607 -0.9437031 0.03661903 -0.7233077 -0.6895546 -0.03661352 -0.8907242 -0.4486046 -0.07324156 -0.3111033 -0.9503762 0 -0.2979487 -0.9545039 -0.01220788 -0.7127827 -0.7009602 0.02440776 -0.7219583 -0.691829 0.01220426 -0.9081339 -0.4158227 0.04883055 0.3074949 -0.1617155 -0.9377072 -0.06464927 -0.1934668 -0.9789745 -0.2105538 -0.8002569 -0.5614768 -0.656022 -0.7538531 0.03661517 -0.9674728 -0.1354816 0.2136375 -0.9168862 -0.08540478 0.3899051 -0.8940032 0.4142012 0.1708675 -0.6199926 0.7455945 -0.2443321 -0.185843 0.5556247 -0.8103971 0.3074949 -0.1617155 -0.9377074 -0.06464927 -0.1934668 -0.9789745 -0.009143905 -0.1915219 -0.9814457 -0.9371976 -0.1793259 0.2991706 -0.009143905 -0.1915219 -0.9814457 0.216607 -0.9293509 -0.2989787 -0.3632115 -0.8458402 0.3906812 -0.7026455 0.5227835 0.4826869 -0.3326386 0.9410773 0.0610346 0.2380902 0.7402166 -0.6288025 0.4913489 -0.1968924 -0.848416 -0.7420375 -0.1953383 0.6412669 0.4913488 -0.1968924 -0.848416 -0.1251735 0.9739108 0.1892867 -0.3503306 0.9342148 -0.06716578 -0.961179 -0.269092 0.06102724 -0.9612864 -0.268718 0.06098565 -0.9611914 -0.2690478 0.06102802 -0.2331877 -0.8669996 0.4403808 -0.5959265 -0.777229 0.2019571 0.310173 0.9362488 -0.1650181 -0.1280546 0.769478 -0.6257041 -0.1280546 0.769478 -0.6257041 0.1051112 0.06805762 0.9921289 0.1051112 0.06805763 0.992129 -0.6612429 0.7401803 -0.1220287 -0.4263439 -0.8374203 0.3419912 -0.7122816 -0.3687105 0.5972499 -0.6661186 -0.677932 0.310957 -0.3687463 -0.9169034 0.15269 -0.1505395 -0.9794596 0.1341517 -0.2034554 -0.967128 0.1525438 -0.8470032 -0.1112265 0.5198215 -0.7397278 0.5439398 0.3961467 -0.3573472 0.8666434 0.3481845 -0.5641896 0.8051138 0.1829804 -0.258388 0.9558069 0.140246 -0.7859901 0.6020837 0.1404099 -0.9264705 -0.05222375 0.3727268 -0.9801508 0.07576322 0.1832058 -0.3920184 0.9175059 0.06711598 -0.2559246 -0.963436 0.07933281 -0.418336 -0.7459944 0.5181575 -0.6577668 -0.432661 0.6165609 -0.6134686 0.235986 0.7536358 -0.6678287 0.3042235 0.6793033 -0.6931814 0.4522074 0.5612557 -0.3161228 0.5936381 0.7400407 -0.3585764 0.650799 0.6692411 -0.3729882 0.7387301 0.5613891 -0.4805608 -0.8656207 0.1405774 -0.3734088 -0.9129464 0.1646047 -0.7454199 -0.6251172 0.2314685 -0.658674 -0.7403405 0.1343298 -0.5449846 -0.8255026 0.146756 -0.8620892 -0.4886443 0.1342723 -0.4111269 0.9114965 0.01220414 -0.8773538 0.4703932 0.09476645 -0.9799877 -0.1639037 0.1129581 -0.8340479 -0.5424361 0.1006347 -0.7504184 -0.6581414 0.06100963 -0.8553752 0.5104044 0.08843452 -0.4014519 0.9158598 -0.006105732 -0.3837119 0.9230444 0.02746248 -0.8611138 0.5011714 0.08550067 -0.9338124 -0.3564635 0.03046697 -0.8459543 -0.5317754 0.03970183 -0.9808461 -0.1947604 0.003046106 -0.9989134 -0.02878177 0.03665737 -0.7691706 0.6310557 0.1007247 -0.8425714 0.5266071 0.1129534 -0.3624226 0.9278018 0.08850742 -0.3318703 0.9345772 0.1281706 -0.9982201 0.0295275 0.051816 0.1854508 0.9436284 -0.2741777 0.4044556 0.8920917 -0.2014647 0.360303 0.9169961 -0.1711726 -0.04375452 0.9298786 -0.3652551 0.3080191 0.9211999 -0.237729 0.4044556 0.8920917 -0.2014647 0.5423301 0.8199788 -0.183065 0.3080191 0.9211999 -0.237729 0.4652478 0.8633779 -0.1952516 0.5338115 0.8281702 -0.1708197 0.6035123 0.7814418 -0.1584982 0.6248809 0.7559536 -0.1950848 0.7124252 0.6849656 -0.1525536 0.8427135 0.5305126 -0.09159929 0.9743397 0.2128509 -0.07318983 0.9804313 0.0644218 -0.1860227 0.9644911 -0.146505 -0.2197575 0.8240205 0.5569768 -0.1037655 0.9174328 0.3620037 -0.1651379 0.384832 -0.9223751 -0.03359644 0.421349 -0.9068164 0.01221302 0.8769917 -0.4404024 -0.1921756 0.856252 -0.5040593 -0.1129459 0.9545406 0.2733249 -0.1189364 0.8992649 0.4263887 -0.09754738 0.9892359 0.1166049 -0.08840629 0.9973083 -0.005900106 -0.07308518 0.7246644 -0.6618652 -0.1918229 0.8177957 -0.5523172 -0.1617282 0.3442936 -0.9282949 -0.1404657 0.3006989 -0.9280453 -0.2198002 0.983755 -0.0446598 -0.173873 0.04652125 -0.9914364 0.1220229 -0.3682943 -0.7841718 0.4994337 -0.336363 -0.8508456 0.4036356 0.5036337 -0.7920786 -0.3449128 0.5119875 -0.7144901 -0.4768361 0.5091345 -0.7438852 -0.4329168 0.4955033 -0.8210108 -0.2835803 0.07334682 -0.9298238 -0.3606219 0.07270727 -0.9277961 -0.3659344 0.07283866 -0.9287241 -0.3635466 0.09311839 -0.9076877 -0.4091847 0.09307067 -0.9078205 -0.4089007 0.09318659 -0.9089512 -0.4063546 -0.4476629 -0.8941815 -0.006103628 -0.4350555 -0.8556345 0.280386 -0.2636502 -0.9064528 -0.3298968 -0.3189373 -0.9189364 -0.2320238 -0.5167902 -0.8290016 -0.2137389 -0.5738805 -0.8188481 0.01221022 -0.5347862 -0.7947358 0.2870516 -0.186273 -0.8419463 0.5063881 -0.04375452 0.9298787 -0.3652551 -0.04435894 0.9384211 -0.3426346 0.1854508 0.9436284 -0.2741778 0.9916859 0.06445958 0.1113739 0.7941684 0.5927655 0.1338872 0.6727851 0.7395297 -0.02135826 0.9873604 0.154895 -0.0335733 0.8779923 -0.4393775 0.1899393 0.8001762 -0.5989869 -0.03054108 -0.9819728 -0.13971 0.127321 -0.6842961 -0.6682758 0.2917985 -0.6902094 -0.7229677 -0.03047282 -0.9943439 -0.1021795 -0.02897628 -0.9173242 0.3953194 0.04731623 -0.8192441 0.5732421 -0.01525594 -0.5868286 0.8069848 0.06639023 -0.3829339 0.9237708 -0.003051266 0.08163109 -0.8966069 0.4352387 0.04958845 -0.998349 -0.02899017 0.1236191 0.9836116 0.1312499 0.1342596 0.9909274 -0.006102709 0.1236191 0.9836116 0.1312499 0.1342596 0.9909274 -0.006102709 0.3234595 0.7205365 -0.6133524 0.4835013 0.6449861 -0.5917934 0.7313832 -0.0478564 -0.6802855 0.7232659 -0.03471371 -0.6896967 0.4294287 -0.668551 -0.6071496 0.2914481 -0.7209908 -0.6286735 0.3720545 0.7578322 -0.5359719 0.5464165 0.665659 -0.5082589 0.8051674 -0.02687704 -0.5924385 0.7962905 -0.009152764 -0.6048452 0.4637305 -0.6647058 -0.5857648 0.3282189 -0.7388743 -0.5885043</float_array>
          <technique_common>
            <accessor source="#geom-jasmine_betrothal_lod0-normals-array" count="2458" stride="3">
              <param name="X" type="float"/>
              <param name="Y" type="float"/>
              <param name="Z" type="float"/>
            </accessor>
          </technique_common>
        </source>
        <source id="geom-jasmine_betrothal_lod0-map1">
          <float_array id="geom-jasmine_betrothal_lod0-map1-array" count="7374">0.2058 0.63032 0 0.24834 0.58795 0 0.23352 0.6502 0 0.22696 0.56831 0 0.26177 0.61756 0 0.6382427 0.9731711 0 0.6312199 0.9555442 0 0.6537136 0.9670103 0 0.34085 0.97847 0 0.34555 0.94366 0 0.35676 0.9712 0 0.30708 0.96897 0 0.37705 0.96197 0 0.38417 0.93999 0 0.40002 0.95824 0 0.5740975 0.9759083 0 0.5964324 0.9887347 0 0.5709781 0.9825442 0 0.41679 0.93364 0 0.42495 0.96462 0 0.4391 0.9434 0 0.43876 0.97524 0 0.45726 0.9574 0 0.44933 0.98596 0 0.30067 0.99122 0 0.27202 0.98759 0 0.30321 0.94062 0 0.36027 0.91039 0 0.30889 0.89963 0 0.39691 0.90903 0 0.26258 0.9586 0 0.24346 0.98263 0 0.27822 0.93853 0 0.27563 0.91668 0 0.27446 0.89409 0 0.43931 0.92151 0 0.27238 0.87739 0 0.13783 0.62892 0 0.11455 0.62777 0 0.13687 0.618 0 0.1116 0.62567 0 0.13687 0.618 0 0.11455 0.62777 0 0.14414 0.62435 0 0.23269 0.27247 0 0.2101 0.26802 0 0.23893 0.25321 0 0.31 0.29806 0 0.2857209 0.2937384 0 0.30623 0.27284 0 0.27259 0.2614 0 0.25941 0.28217 0 0.2857209 0.2937384 0 0.26105 0.3133 0 0.2587762 0.291063 0 0.2343222 0.2939744 0 0.2331325 0.3103564 0 0.23412 0.33403 0 0.28878 0.33891 0 0.26151 0.33797 0 0.31129 0.33762 0 0.30797 0.38794 0 0.24732 0.37627 0 0.26532 0.39238 0 0.2111851 0.2925727 0 0.28874 0.6006 0 0.34385 0.57543 0 0.32687 0.64678 0 0.17503 0.37254 0 0.2038198 0.3625124 0 0.20163 0.38291 0 0.17099 0.39777 0 0.17625 0.33583 0 0.20668 0.33587 0 0.16978 0.35439 0 0.16978 0.35439 0 0.20668 0.33587 0 0.1858344 0.3600219 0 0.18291 0.28101 0 0.17968 0.30276 0 0.11345 0.60349 0 0.13012 0.60415 0 0.14041 0.60889 0 0.14041 0.60889 0 0.07671999 0.58491 0 0.09358999 0.56771 0 0.09621 0.58684 0 0.15315 0.36625 0 0.13675 0.45787 0 0.10849 0.43122 0 0.13547 0.42111 0 0.11589 0.3941 0 0.09639 0.41307 0 0.09598 0.37216 0 0.16634 0.63374 0 0.1747558 0.6232436 0 0.35864 0.88633 0 0.35631 0.84714 0 0.38925 0.88437 0 0.06923999 0.38634 0 0.49049 0.80383 0 0.49852 0.82034 0 0.48323 0.80984 0 0.04879999 0.40169 0 0.06712074 0.3901031 0 0.06447 0.39481 0 0.05648 0.40465 0 0.48075 0.84606 0 0.46086 0.8765 0 0.4724 0.92748 0 0.40354 0.83742 0 0.41803 0.86894 0 0.49694 0.89886 0 0.51706 0.87142 0 0.53239 0.84844 0 0.04735999 0.42328 0 0.02652999 0.45197 0 0.03101 0.45453 0 0.07591 0.41334 0 0.08553999 0.44847 0 0.0894346 0.4165253 0 0.34409 0.41552 0 0.36776 0.40887 0 0.3446194 0.4289238 0 0.140377 0.4935253 0 0.15637 0.48288 0 0.12936 0.50978 0 0.19652 0.53837 0 0.16029 0.54492 0 0.18914 0.52841 0 0.38151 0.84184 0 0.4534 0.80577 0 0.47707 0.80473 0 0.45328 0.82325 0 0.44083 0.80866 0 0.16346 0.55006 0 0.32801 0.8196 0 0.32437 0.8472 0 0.31775 0.81601 0 0.2706 0.79661 0 0.3029 0.77228 0 0.29442 0.80792 0 0.2959 0.52465 0 0.30809 0.49432 0 0.33297 0.51123 0 0.13223 0.13821 0 0.16675 0.14215 0 0.1573729 0.1807109 0 0.1259453 0.1762546 0 0.44656 0.06607002 0 0.42051 0.07407999 0 0.4424 0.04123002 0 0.44938 0.07692999 0 0.42845 0.08837003 0 0.41478 0.04026002 0 0.38907 0.19849 0 0.40697 0.19321 0 0.39813 0.21195 0 0.41172 0.23151 0 0.36479 0.1991 0 0.37356 0.21665 0 0.34437 0.21932 0 0.34938 0.19135 0 0.35257 0.22809 0 0.3319 0.21072 0 0.3887 0.07932997 0 0.40397 0.10368 0 0.39854 0.08859003 0 0.35397 0.24759 0 0.34574 0.26666 0 0.33681 0.25509 0 0.33712 0.26633 0 0.36212 0.27195 0 0.38452 0.23897 0 0.38795 0.08801001 0 0.37693 0.06742001 0 0.37571 0.08059001 0 0.34695 0.04170001 0 0.3767 0.04057997 0 0.39405 0.26766 0 0.34795 0.27658 0 0.35852 0.1078 0 0.38389 0.13089 0 0.35543 0.12108 0 0.38847 0.11989 0 0.40544 0.13825 0 0.41297 0.14321 0 0.40584 0.14373 0 0.33954 0.01476002 0 0.33422 0.01533997 0 0.33914 0.01007998 0 0.27706 0.04123998 0 0.27704 0.03377002 0 0.28097 0.04026997 0 0.25893 0.02574003 0 0.26456 0.02332002 0 0.26109 0.03064001 0 0.39424 0.60929 0 0.3626 0.63277 0 0.39351 0.55228 0 0.6191822 0.3963729 0 0.6084504 0.3880086 0 0.6020914 0.4017162 0 0.7295845 0.9483349 0 0.713551 0.9568541 0 0.7324328 0.9689164 0 0.738914 0.9686313 0 0.9302 0.56693 0 0.91189 0.58938 0 0.91207 0.57655 0 0.92675 0.59223 0 0.90891 0.60126 0 0.92189 0.60986 0 0.90676 0.60828 0 0.91069 0.57136 0 0.90018 0.57452 0 0.91021 0.55395 0 0.92425 0.5528 0 0.88579 0.56607 0 0.89611 0.54648 0 0.93853 0.58274 0 0.94068 0.55327 0 0.93619 0.5353 0 0.92034 0.5356 0 0.94951 0.55394 0 0.96086 0.58132 0 0.95369 0.52908 0 0.93521 0.51474 0 0.94469 0.52309 0 0.91579 0.53023 0 0.86334 0.56565 0 0.8611 0.54231 0 0.8737 0.55954 0 0.84783 0.54969 0 0.9612 0.53267 0 0.958 0.50105 0 0.93151 0.50673 0 0.95302 0.49496 0 0.96509 0.50546 0 0.91963 0.49964 0 0.94339 0.47821 0 0.94745 0.48963 0 0.96077 0.48464 0 0.96646 0.48544 0 0.96291 0.48014 0 0.95609 0.47287 0 0.96918 0.49001 0 0.97282 0.48592 0 0.94699 0.46695 0 0.98012 0.5034 0 0.98116 0.49084 0 0.97065 0.50983 0 0.98883 0.49761 0 0.98477 0.51806 0 0.97461 0.53785 0 0.93172 0.47808 0 0.20499 0.68814 0 0.1839 0.65943 0 0.25818 0.67278 0 0.23387 0.71146 0 0.28578 0.69688 0 0.26546 0.73411 0 0.3119 0.71134 0 0.29588 0.74203 0 0.27365 0.64278 0 0.6184157 0.9757758 0 0.6196316 0.9651574 0 0.599633 0.9748641 0 0.601786 0.9686707 0 0.29867 0.67199 0 0.5782515 0.9629636 0 0.5767151 0.9686396 0 0.32174 0.68999 0 0.5587444 0.960727 0 0.5614339 0.9583597 0 0.33736 0.72309 0 0.3277 0.75533 0 0.36354 0.73153 0 0.36157 0.76111 0 0.34518 0.70326 0 0.5450276 0.9532548 0 0.5464672 0.9516461 0 0.36789 0.70996 0 0.5322685 0.9482682 0 0.5337988 0.946354 0 0.6658494 0.9541851 0 0.684091 0.9641777 0 0.6676064 0.9757343 0 0.6465488 0.9838241 0 0.62263 0.9862712 0 0.6864937 0.9762779 0 0.6664751 0.9849373 0 0.6446846 0.9915683 0 0.33124 0.99612 0 0.6197738 0.9933477 0 0.5988267 0.9824033 0 0.556067 0.9661961 0 0.5541386 0.9742057 0 0.5399451 0.9674213 0 0.5422913 0.9588399 0 0.5273602 0.9632893 0 0.5293662 0.9536303 0 0.47738 0.97358 0 0.45945 0.99461 0 0.27272 0.25258 0 0.23815 0.24855 0 0.30914 0.26168 0 0.20895 0.26487 0 0.32268 0.87309 0 0.4304 0.89372 0 0.27784 0.84513 0 0.26841 0.8466 0 0.09166999 0.36481 0 0.12853 0.33691 0 0.13246 0.34751 0 0.28458 0.83694 0 0.31 0.29806 0 0.26787 0.56635 0 0.33552 0.53635 0 0.20407 0.41021 0 0.1799 0.42393 0 0.34543 0.66763 0 0.14183 0.56957 0 0.15055 0.57755 0 0.1298322 0.5581273 0 0.11017 0.53873 0 0.12 0.54875 0 0.40351 0.67239 0 0.148985 0.53224 0 0.12936 0.50978 0 0.13768 0.51956 0 0.178475 0.513525 0 0.15915 0.48761 0 0.16781 0.49864 0 0.255 0.82088 0 0.261 0.81518 0 0.25415 0.82978 0 0.33986 0.46213 0 0.3445113 0.4653642 0 0.32993 0.47119 0 0.32642 0.46576 0 0.3655 0.49892 0 0.32993 0.47119 0 0.34823 0.46795 0 0.50035 0.94822 0 0.43809 0.84942 0 0.42742 0.828 0 0.52558 0.92148 0 0.54933 0.89556 0 0.56723 0.87519 0 0.00805 0.50208 0 0.00116999 0.49802 0 0.06380999 0.4763 0 0.04126 0.52097 0 0.08553999 0.44847 0 0.04126 0.52097 0 0.06380999 0.4763 0 0.09677 0.49729 0 0.07323999 0.537 0 0.46832 0.75158 0 0.4257 0.73644 0 0.44277 0.69659 0 0.48029 0.70933 0 0.3831 0.70556 0 0.34506 0.44008 0 0.31326 0.44513 0 0.3118 0.43046 0 0.21836 0.51787 0 0.22448 0.5271 0 0.207025 0.50009 0 0.18974 0.46933 0 0.19569 0.48231 0 0.18515 0.46473 0 0.15637 0.48288 0 0.35494 0.81954 0 0.37757 0.81633 0 0.40145 0.81527 0 0.42231 0.81154 0 0.29442 0.80792 0 0.2706 0.79661 0 0.46516 0.78552 0 0.45197 0.78861 0 0.24628 0.50402 0 0.24984 0.51248 0 0.22739 0.46982 0 0.236835 0.48692 0 0.21875 0.45702 0 0.21567 0.45036 0 0.26495 0.49069 0 0.27064 0.49728 0 0.25173 0.4584 0 0.25834 0.474545 0 0.24649 0.44601 0 0.27796 0.45214 0 0.28234 0.46598 0 0.27085 0.43538 0 0.28672 0.47982 0 0.2898 0.48296 0 0.30303 0.47156 0 0.3049 0.47587 0 0.3118 0.43046 0 0.24499 0.44095 0 0.15055 0.57755 0 0.19609 0.58308 0 0.1843 0.61134 0 0.14041 0.60889 0 0.16346 0.55006 0 0.2072 0.55325 0 0.13481 0.09527999 0 0.1182 0.09377003 0 0.12809 0.03280002 0 0.14112 0.02961999 0 0.09719999 0.09250998 0 0.10295 0.03217 0 0.31775 0.81601 0 0.45197 0.78861 0 0.42915 0.76814 0 0.46516 0.78552 0 0.07192 0.08991003 0 0.07886 0.02552998 0 0.05364 0.08897001 0 0.05716 0.01659 0 0.03652 0.08656001 0 0.04196 0.008710027 0 0.01878999 0.08635998 0 0.01647 0.01120001 0 0.1845 0.03157002 0 0.17107 0.10204 0 0.11708 0.11524 0 0.13352 0.11674 0 0.16891 0.1221 0 0.09613999 0.11376 0 0.11596 0.13672 0 0.09509 0.13502 0 0.0701 0.13298 0 0.07101 0.11144 0 0.05158999 0.10954 0 0.03415 0.10715 0 0.01529 0.10693 0 0.03178 0.12774 0 0.0118 0.1275 0 0.1103184 0.2708532 0 0.10703 0.29076 0 0.09825 0.28973 0 0.1005611 0.2697632 0 0.09191525 0.173511 0 0.1115433 0.1748793 0 0.06950395 0.1719149 0 0.05308999 0.28948 0 0.05262805 0.2686846 0 0.06802187 0.2687274 0 0.06770999 0.2891 0 0.04588 0.28767 0 0.04404004 0.2668002 0 0.01589999 0.1681508 0 0.03529641 0.1676251 0 0.46227 0.06111002 0 0.46083 0.04655999 0 0.46482 0.06954998 0 0.46077 0.03334999 0 0.44551 0.01674998 0 0.46272 0.01413 0 0.46065 0.02041 0 0.44685 0.01112002 0 0.40314 0.17622 0 0.37969 0.17937 0 0.41172 0.01454002 0 0.41116 0.005379975 0 0.32656 0.24222 0 0.31686 0.23882 0 0.33343 0.24734 0 0.39181 0.09900999 0 0.38793 0.09609002 0 0.27788 0.05716002 0 0.27481 0.07116002 0 0.26478 0.06762999 0 0.2711 0.05662 0 0.23509 0.04633999 0 0.24444 0.03565001 0 0.25006 0.03832 0 0.23861 0.05081999 0 0.25353 0.04206002 0 0.24385 0.05541003 0 0.25881 0.04756999 0 0.25057 0.05980003 0 0.25971 0.06480002 0 0.26502 0.05145001 0 0.34497 0.06531 0 0.37875 0.08741999 0 0.37786 0.01753002 0 0.34927 0.01530999 0 0.37914 0.01055998 0 0.34756 0.009180009 0 0.41185 0.2648 0 0.41522 0.2971 0 0.38955 0.3045 0 0.35532 0.12874 0 0.38097 0.13685 0 0.31628 0.06489003 0 0.3234 0.04022002 0 0.41246 0.12775 0 0.41751 0.30539 0 0.39305 0.3296 0 0.41932 0.13394 0 0.41144 0.15527 0 0.40338 0.15416 0 0.31346 0.03943998 0 0.41751 0.31273 0 0.39594 0.33743 0 0.26711 0.03399003 0 0.27274 0.03847003 0 0.27421 0.03382999 0 0.27076 0.03065002 0 0.27014 0.02770001 0 0.25903 0.01775002 0 0.25478 0.02263999 0 0.40779 0.50545 0 0.4005813 0.5290902 0 0.4229 0.63507 0 0.45938 0.65011 0 0.49727 0.65948 0 0.6127048 0.4088635 0 0.7446977 0.9686338 0 0.7450756 0.945714 0 0.7460189 0.9170485 0 0.7239974 0.9198517 0 0.7027061 0.9349437 0 0.6058162 0.422361 0 0.5911331 0.4147719 0 0.7208427 0.8822404 0 0.7472208 0.8785412 0 0.6914541 0.894602 0 0.6687098 0.9035305 0 0.6840457 0.9496265 0 0.6281536 0.8127421 0 0.6466849 0.90662 0 0.6601328 0.8114828 0 0.702188 0.8078605 0 0.7471104 0.8053216 0 0.7018407 0.7790675 0 0.7473656 0.7775813 0 0.7018014 0.7530028 0 0.656669 0.755672 0 0.6579357 0.7822328 0 0.6206049 0.7606139 0 0.6241416 0.7857562 0 0.5767426 0.7645699 0 0.5805848 0.7902451 0 0.7512395 0.6840534 0 0.7021909 0.6835356 0 0.7478945 0.752403 0 0.6522868 0.6859224 0 0.6155189 0.6885797 0 0.5672988 0.6932331 0 0.5371555 0.7706587 0 0.5233195 0.7004919 0 0.703415 0.6354764 0 0.6511939 0.6368383 0 0.7549624 0.6370032 0 0.6102695 0.639039 0 0.5601969 0.6448569 0 0.512158 0.6524237 0 0.7593884 0.5960159 0 0.7061697 0.5937296 0 0.6506894 0.5950341 0 0.6043534 0.5981058 0 0.5546047 0.6034945 0 0.5022936 0.6134776 0 0.9185 0.6229 0 0.90387 0.61623 0 0.88975 0.58064 0 0.8722974 0.5752085 0 0.88321 0.58712 0 0.87319 0.59395 0 0.86227 0.582 0 0.85289 0.57479 0 0.93348 0.61361 0 0.92955 0.62641 0 0.95421 0.61843 0 0.88911 0.52686 0 0.95052 0.63481 0 0.8376 0.55798 0 0.93829 0.4634 0 0.993 0.50562 0 0.17958 0.27522 0 0.06397999 0.38088 0 0.35786 0.17507 0 0.34584 0.7818 0 0.32801 0.8196 0 0.21119 0.53635 0 0.46164 0.61512 0 0.44912 0.60386 0 0.4776 0.59546 0 0.47376 0.61005 0 0.45304 0.49222 0 0.46542 0.48291 0 0.47802 0.49222 0 0.48697 0.51595 0 0.44296 0.51499 0 0.48047 0.5625 0 0.44283 0.56521 0 0.37747 0.14861 0 0.36503 0.30811 0 0.36982 0.33592 0 0.37206 0.34475 0 0.30698 0.06286001 0 0.34879 0.14026 0 0.40306 0.15714 0 0.37789 0.15294 0 0.34742 0.14772 0 0.35983 0.30824 0 0.3541 0.27412 0 0.3661 0.33726 0 0.4033 0.16046 0 0.3782 0.15724 0 0.34592 0.15501 0 0.37629 0.07532001 0 0.34358 0.06998998 0 0.3149 0.06814998 0 0.639995 0.9429528 0 0.3049 0.47587 0 0.02554 0.91915 0 0.00613 0.95598 0 0.01027 0.91479 0 0.14722 0.88621 0 0.18203 0.86631 0 0.16603 0.91545 0 0.14351 0.9045 0 0.13105 0.92206 0 0.13039 0.93098 0 0.20768 0.90178 0 0.05414 0.9307 0 0.05452999 0.95773 0 0.039 0.87596 0 0.04073 0.85593 0 0.05449 0.86859 0 0.06556999 0.85211 0 0.05552 0.82591 0 0.03435999 0.81968 0 0.02854 0.79147 0 0.05443999 0.79632 0 0.07374999 0.81501 0 0.04605 0.77054 0 0.03166 0.77526 0 0.03954 0.76326 0 0.04405999 0.77852 0 0.05903999 0.77396 0 0.04862 0.7855 0 0.06325999 0.78256 0 0.0623 0.76339 0 0.04716 0.75419 0 0.08128999 0.78132 0 0.08242999 0.76304 0 0.17489 0.81313 0 0.15027 0.83898 0 0.07983999 0.73124 0 0.08956 0.74128 0 0.07662999 0.73526 0 0.15536 0.71142 0 0.11884 0.68425 0 0.17333 0.69479 0 0.09511999 0.74034 0 0.09136 0.7463 0 0.19599 0.79438 0 0.20358 0.82637 0 0.22169 0.77049 0 0.24778 0.8034 0 0.2079 0.86205 0 0.17606 0.92988 0 0.15058 0.66194 0 0.25963 0.78034 0 0.24314 0.75718 0 0.0399 0.89945 0 0.01478 0.8896 0 0.01865 0.87132 0 0.05545999 0.8899 0 0.06915 0.90697 0 0.06332 0.91138 0 0.07333 0.85687 0 0.06112999 0.86753 0 0.05780999 0.86806 0 0.07605999 0.84752 0 0.07428 0.84268 0 0.06436999 0.88426 0 0.05991499 0.88708 0 0.07707999 0.89518 0 0.07311499 0.901075 0 0.09007 0.84062 0 0.08964999 0.84684 0 0.09624999 0.81252 0 0.11114 0.84697 0 0.10756 0.85327 0 0.12473 0.82255 0 0.12637 0.86093 0 0.1218 0.864 0 0.12973 0.88551 0 0.13749 0.89794 0 0.11871 0.90149 0 0.12201 0.906515 0 0.12531 0.91154 0 0.09540999 0.91627 0 0.09589 0.908585 0 0.09388999 0.92553 0 0.09636999 0.9009 0 0.09093999 0.94646 0 0.13548 0.94735 0 0.09164 0.95674 0 0.01906999 0.85225 0 0.01472 0.81998 0 0.01157 0.7903 0 0.02802 0.78201 0 0.0143 0.77776 0 0.02169 0.76708 0 0.034 0.75787 0 0.03968999 0.74848 0 0.04214 0.74196 0 0.05068 0.74888 0 0.06229 0.74916 0 0.04935 0.72848 0 0.06072999 0.73643 0 0.07740999 0.7478 0 0.11221 0.77912 0 0.14386 0.79165 0 0.06824 0.7218 0 0.06259 0.72801 0 0.05156999 0.71858 0 0.05624 0.71121 0 0.07525999 0.74078 0 0.09937 0.75856 0 0.06689 0.70078 0 0.07763999 0.71359 0 0.08832 0.72935 0 0.08220999 0.71091 0 0.09127999 0.72827 0 0.07167 0.69615 0 0.07694999 0.69106 0 0.08767999 0.67856 0 0.10185 0.69524 0 0.09008999 0.70631 0 0.1066 0.72646 0 0.12123 0.71667 0 0.10935 0.745 0 0.13707 0.74954 0 0.10708 0.66559 0 0.19624 0.74132 0 0.16664 0.76792 0 0.21477 0.72789 0 0.05607999 0.97237 0 0.00546 0.99381 0 0.58588 0.89501 0 0.59856 0.88882 0 0.60354 0.91345 0 0.61061 0.88923 0 0.57799 0.90713 0 0.57807 0.92058 0 0.62196 0.89596 0 0.62895 0.90898 0 0.62672 0.92238 0 0.61324 0.93526 0 0.59773 0.9388 0 0.58521 0.93319 0 0.69109 0.48002 0 0.65812 0.43049 0 0.68585 0.44129 0 0.7141998 0.425099 0 0.6906898 0.414697 0 0.70067 0.38131 0 0.7534645 0.4341022 0 0.7416275 0.397717 0 0.7605835 0.4033842 0 0.7907877 0.4050568 0 0.8184397 0.4148896 0 0.8031994 0.4409454 0 0.7745982 0.4384098 0 0.72109 0.38903 0 0.8386537 0.439849 0 0.8363889 0.4648541 0 0.8038912 0.4730167 0 0.7978787 0.4784195 0 0.7933211 0.4630427 0 0.7795041 0.47348 0 0.7899556 0.4721471 0 0.7716158 0.4982454 0 0.8134 0.34286 0 0.78962 0.33565 0 0.80813 0.29851 0 0.83475 0.30621 0 0.8807302 0.4558543 0 0.88923 0.40884 0 0.92729 0.42501 0 0.92286 0.44498 0 0.78043 0.29194 0 0.76324 0.28253 0 0.78109 0.23582 0 0.84569 0.25435 0 0.85384 0.31816 0 0.87109 0.27791 0 0.88875 0.29153 0 0.690628 0.2783567 0 0.7075915 0.3026032 0 0.6803836 0.2956237 0 0.7256612 0.2691655 0 0.94233 0.43108 0 0.93611 0.40795 0 0.95465 0.40661 0 0.95774 0.36423 0 0.91452 0.37894 0 0.88425 0.35497 0 0.92089 0.33079 0 0.94759 0.3198 0 0.93138 0.27164 0 0.93546 0.29175 0 0.90681 0.309 0 0.91014 0.25057 0 0.94469 0.23351 0 0.9718 0.26667 0 0.82776 0.20162 0 0.89117 0.21093 0 0.80079 0.24436 0 0.86286 0.16434 0 0.98097 0.22972 0 0.83856 0.13424 0 0.81638 0.10961 0 0.8712 0.07590002 0 0.8153 0.05636001 0 0.8529 0.02433002 0 0.91486 0.03099 0 0.79207 0.07966 0 0.88059 0.00545001 0 0.81738 0.03157002 0 0.78299 0.04696 0 0.75812 0.06055999 0 0.75287 0.01901001 0 0.7339 0.03557003 0 0.76318 0.09811002 0 0.74796 0.17033 0 0.7669 0.1727 0 0.7437848 0.2316753 0 0.7108856 0.2397106 0 0.47979 0.43146 0 0.50212 0.41707 0 0.51284 0.44377 0 0.53017 0.42861 0 0.4749 0.40855 0 0.44776 0.42573 0 0.44751 0.40204 0 0.52121 0.3922 0 0.54701 0.40298 0 0.4816 0.37866 0 0.43937 0.36936 0 0.41153 0.3992 0 0.41487 0.36282 0 0.6326 0.03244001 0 0.63798 0.04136002 0 0.6151 0.05146998 0 0.60667 0.03926003 0 0.65111 0.03224999 0 0.64647 0.04606998 0 0.62845 0.05735999 0 0.6372 0.02316999 0 0.690628 0.2783567 0 0.6803836 0.2956237 0 0.6721794 0.2705511 0 0.6896313 0.2346349 0 0.7108856 0.2397106 0 0.6589795 0.2418966 0 0.6673882 0.2357361 0 0.6847906 0.1962155 0 0.6838088 0.1878443 0 0.6847906 0.1962155 0 0.6673882 0.2357361 0 0.6838088 0.1878443 0 0.6847906 0.1962155 0 0.70783 0.14069 0 0.76241 0.12758 0 0.72451 0.07924998 0 0.73706 0.10657 0 0.71056 0.05868 0 0.6706 0.10333 0 0.6691 0.40308 0 0.744057 0.4807671 0 0.7323782 0.4915329 0 0.64815 0.3932 0 0.7602282 0.4829392 0 0.7433742 0.4940677 0 0.7607374 0.4702184 0 0.7815593 0.4614049 0 0.68237 0.36961 0 0.71724 0.34227 0 0.7332 0.34975 0 0.69551 0.33043 0 0.7562835 0.3612432 0 0.77669 0.36883 0 0.7991708 0.3733743 0 0.8082926 0.3775306 0 0.8379723 0.3864542 0 0.8565165 0.3978236 0 0.82939 0.34814 0 0.85741 0.35764 0 0.77121 0.32798 0 0.74996 0.31361 0 0.73544 0.30787 0 0.7873135 0.4988632 0 0.7999539 0.4961811 0 0.8127292 0.4958037 0 0.8802 0.33346 0 0.92884 0.45971 0 0.88645 0.47695 0 0.66344 0.37255 0 0.7496146 0.27669 0 0.76665 0.23163 0 0.9532 0.4399 0 0.98214 0.36494 0 0.97134 0.41355 0 0.97723 0.31676 0 0.96959 0.28172 0 0.93145 0.18311 0 0.90853 0.12756 0 0.969 0.09258997 0 0.98578 0.17246 0 0.80546 0.18183 0 0.78348 0.17831 0 0.78516 0.12652 0 0.54061 0.46113 0 0.53338 0.47157 0 0.50633 0.45454 0 0.4773 0.44273 0 0.7863 0.02534997 0 0.44835 0.43796 0 0.76278 0.007659972 0 0.41811 0.42732 0 0.41891 0.43943 0 0.5579 0.44392 0 0.57696 0.41263 0 0.55656 0.36674 0 0.58155 0.37014 0 0.53103 0.35907 0 0.49087 0.3488 0 0.45295 0.34058 0 0.42875 0.33165 0 0.45183 0.30373 0 0.4691 0.30899 0 0.50049 0.31604 0 0.5366 0.32512 0 0.55713 0.33094 0 0.57382 0.33448 0 0.57896 0.32355 0 0.562 0.31477 0 0.54168 0.30903 0 0.50225 0.29894 0 0.47042 0.29256 0 0.45167 0.29269 0 0.59901 0.30745 0 0.57604 0.29325 0 0.54842 0.2852 0 0.50499 0.277 0 0.46501 0.27118 0 0.44147 0.27281 0 0.62246 0.27577 0 0.59101 0.26276 0 0.55849 0.2536 0 0.51151 0.24674 0 0.46419 0.23846 0 0.43259 0.23731 0 0.63992 0.19816 0 0.60557 0.19315 0 0.56032 0.19016 0 0.60951 0.13171 0 0.64014 0.13254 0 0.57276 0.13311 0 0.52121 0.12012 0 0.49654 0.17681 0 0.44329 0.16087 0 0.47809 0.09372997 0 0.56074 0.06620002 0 0.54277 0.03991997 0 0.60163 0.01936001 0 0.58967 0.08305001 0 0.61768 0.08398998 0 0.64048 0.08498001 0 0.6431 0.06124997 0 0.6716392 0.1510929 0 0.6637347 0.2043308 0 0.6685249 0.1868905 0 0.6637347 0.2043308 0 0.67546 0.3455 0 0.67561 0.31904 0 0.6589795 0.2418966 0 0.0509 0.6251 0 0.04882999 0.62727 0 0.03443 0.62333 0 0.04078 0.60978 0 0.07294999 0.65309 0 0.07485999 0.66852 0 0.05133 0.67073 0 0.05229999 0.65671 0 0.06572999 0.63604 0 0.05271 0.64241 0 0.00793 0.60232 0 0.02365 0.60235 0 0.02 0.62388 0 0.00591999 0.62496 0 0.03573 0.63937 0 0.02548 0.6419 0 0.02528999 0.67018 0 0.02964 0.65989 0 0.03406 0.65161 0 0.01703 0.64651 0 0.00645 0.65083 0 0.02177 0.6547 0 0.01344 0.66283 0 0.02911 0.64747 0 0.58702 0.8962 0 0.58588 0.89501 0 0.5988 0.89001 0 0.57964 0.90754 0 0.57799 0.90713 0 0.57972 0.92012 0 0.57807 0.92058 0 0.59811 0.93716 0 0.60962 0.93545 0 0.59773 0.9388 0 0.58639 0.93191 0 0.58521 0.93319 0 0.58702 0.8962 0 0.57964 0.90754 0 0.57972 0.92012 0 0.59811 0.93716 0 0.61004 0.93697 0 0.60962 0.93545 0 0.58639 0.93191 0 0.32907 0.16133 0 0.31093 0.16133 0 0.31171 0.15356 0 0.314 0.1465 0 0.32066 0.13847 0 0.32066 0.18418 0 0.314 0.17615 0 0.31171 0.16909 0 0.29314 0.16133 0 0.29404 0.14846 0 0.29687 0.1361 0 0.30598 0.11951 0 0.30598 0.20314 0 0.29687 0.18656 0 0.29404 0.1742 0 0.27628 0.16404 0 0.27684 0.14827 0 0.27863 0.12989 0 0.2849 0.10624 0 0.28489 0.21642 0 0.27863 0.19276 0 0.27684 0.17982 0 0.26001 0.14732 0 0.26 0.16404 0 0.26001 0.12782 0 0.26001 0.10145 0 0.26 0.2212 0 0.26 0.19483 0 0.26 0.18077 0 0.24317 0.14827 0 0.24373 0.16404 0 0.24138 0.12989 0 0.23512 0.10623 0 0.23511 0.21642 0 0.24138 0.19276 0 0.24317 0.17982 0 0.22687 0.16133 0 0.22597 0.14846 0 0.22314 0.13609 0 0.21403 0.11951 0 0.21403 0.20314 0 0.22314 0.18656 0 0.22597 0.17419 0 0.20908 0.16132 0 0.2083 0.15356 0 0.20601 0.1465 0 0.19935 0.13847 0 0.19935 0.18418 0 0.20601 0.17615 0 0.2083 0.16909 0 0.19094 0.16132 0 0.32356 0.13641 0 0.32907 0.16133 0 0.32356 0.18625 0 0.31009 0.1144 0 0.31009 0.20826 0 0.28781 0.09818 0 0.2878 0.22447 0 0.26001 0.09219998 0 0.26 0.23045 0 0.23221 0.09818 0 0.2322 0.22447 0 0.20993 0.11439 0 0.20992 0.20826 0 0.19645 0.1364 0 0.19645 0.18624 0 0.19094 0.16132 0 0.45109 0.75497 0 0.04955 0.13012 0 0.9779418 0.9481254 0 0.9628117 0.9517554 0 0.9628117 0.9256154 0 0.9779418 0.9238054 0 0.9628117 0.9794054 0 0.9628117 0.9256154 0 0.9628117 0.9517554 0 0.9779418 0.9481254 0 0.9779418 0.9238054 0 0.9628117 0.9794054 0 0.9628117 0.8995349 0 0.9779418 0.8995401 0 0.8420507 0.4908211 0 0.1340566 0.2765931 0 0.12915 0.29677 0 0.1020457 0.2569361 0 0.112431 0.2580646 0 0.08402118 0.2692196 0 0.08235999 0.28936 0 0.06822224 0.2556395 0 0.05233128 0.2553251 0 0.04285801 0.2533929 0 0.02824 0.2905 0 0.02609468 0.2692295 0 0.1372086 0.263631 0 0.08508835 0.256281 0 0.02471649 0.2555649 0 0.104119 0.2390237 0 0.1153811 0.2402061 0 0.06850202 0.2373631 0 0.05191687 0.2366694 0 0.04120737 0.2346705 0 0.1416103 0.2455302 0 0.08657861 0.2382129 0 0.02279191 0.2364831 0 0.05043284 0.169863 0 0.9779418 0.8995341 0 0.9628117 0.899549 0 0.5836854 0.8158625 0 0.540828 0.7949037 0 0.5440367 0.8194418 0 0.6601328 0.8114828 0 0.6466849 0.90662 0 0.6687098 0.9035305 0 0.2587762 0.291063 0 0.2331325 0.3103564 0 0.1747558 0.6232436 0 0.3446194 0.4289238 0 0.0894346 0.4165253 0 0.3445113 0.4653642 0 0.06712074 0.3901031 0 0.04879999 0.40169 0 0.9007538 0.9513858 0 0.8915195 0.9277182 0 0.8722391 0.9479476 0 0.9234253 0.950994 0 0.9173068 0.9255828 0 0.9380003 0.9286925 0 0.868524 0.9252888 0 0.8391976 0.886686 0 0.8170226 0.847546 0 0.7962527 0.8801684 0 0.7870239 0.84457 0 0.8475321 0.8279648 0 0.8713507 0.8977146 0 0.8759087 0.8426896 0 0.7625623 0.8070688 0 0.7621257 0.8457146 0 0.8026415 0.8121682 0 0.9106239 0.9564591 0 0.8708191 0.9634165 0 0.899057 0.9665235 0 0.8470994 0.9462723 0 0.8465326 0.9601009 0 0.8431112 0.9203767 0 0.8201903 0.9419899 0 0.8237213 0.9555767 0 0.8086341 0.9157801 0 0.7951453 0.9486218 0 0.8027413 0.9611034 0 0.7805833 0.9219293 0 0.9480122 0.8949205 0 0.9251346 0.896797 0 0.8938974 0.9007922 0 0.9527907 0.8501639 0 0.9314758 0.8485682 0 0.9014642 0.8478359 0 0.7667648 0.8838987 0 0.8781858 0.7417212 0 0.8231459 0.7278089 0 0.9096208 0.751501 0 0.9505209 0.7553144 0 0.9323971 0.7565281 0 0.7710131 0.7196553 0 0.8814611 0.7171595 0 0.884092 0.6981026 0 0.8318806 0.6801923 0 0.8282051 0.7028573 0 0.7770377 0.6688479 0 0.774402 0.6917403 0 0.927242 0.7229287 0 0.9443893 0.717483 0 0.9314791 0.6856021 0 0.9103402 0.6954017 0 0.8937107 0.6412215 0 0.8879553 0.6683051 0 0.8369229 0.6355421 0 0.8413279 0.6103162 0 0.7814045 0.621531 0 0.7833765 0.5949509 0 0.9031839 0.7209295 0 0.6084504 0.3880086 0 0.6191822 0.3963729 0 0.6200997 0.3790945 0 0.6088134 0.3740206 0 0.6041766 0.3844144 0 0.6255541 0.4139031 0 0.6127048 0.4088635 0 0.6374004 0.4174218 0 0.6228617 0.4308662 0 0.6352063 0.4364716 0 0.6058162 0.422361 0 0.6182212 0.4582154 0 0.6306482 0.4605066 0 0.6013971 0.4537937 0 0.5866192 0.4531362 0 0.5797246 0.5158522 0 0.5969422 0.5102146 0 0.6091791 0.5108551 0 0.619539 0.5135829 0 0.5478585 0.5436579 0 0.5787719 0.5399657 0 0.5790247 0.5281861 0 0.549181 0.5304693 0 0.5179918 0.5277951 0 0.5155644 0.5417213 0 0.6041866 0.5297279 0 0.6135536 0.5344355 0 0.5924357 0.5440221 0 0.6036578 0.5516524 0 0.5775813 0.5578439 0 0.5779404 0.5743495 0 0.5445731 0.5698965 0 0.5435827 0.5850847 0 0.5111874 0.5697024 0 0.5081987 0.5852367 0 0.5908712 0.5283799 0 0.9348891 0.948223 0 0.9071429 0.9714677 0 0.9043179 0.9619738 0 0.5790247 0.5281861 0 0.5797246 0.5158522 0 0.5490575 0.5142661 0 0.549181 0.5304693 0 0.549181 0.5304693 0 0.5490575 0.5142661 0 0.522401 0.5104594 0 0.522401 0.5104594 0 0.5179918 0.5277951 0 0.549181 0.5304693 0 0.7795041 0.47348 0 0.7899556 0.472147 0 0.7716159 0.4982454 0 0.744057 0.480767 0 0.7602282 0.4829392 0 0.7433743 0.4940677 0 0.7323782 0.4915329 0 0.7607375 0.4702184 0 0.7815593 0.4614049 0 0.7934062 0.4630037 0 0.7978787 0.4784195 0 0.7873135 0.4988631 0 0.7999385 0.4962436 0 0.7450049 0.9787712 0 0.7446977 0.9686338 0 0.738914 0.9686313 0 0.7385712 0.9742309 0 0.7324328 0.9689164 0 0.8985575 0.5837355 0 0.8825294 0.6003447 0 0.8813293 0.5992119 0 0.8973142 0.582666 0 0.9000525 0.5850006 0 0.8844403 0.6021177 0 0.9043788 0.5887854 0 0.8896395 0.6066538 0 0.8878754 0.6051667 0 0.9027179 0.5872437 0 0.9058647 0.590112 0 0.8916246 0.6082593 0 0.9067212 0.590911 0 0.8926136 0.6090425 0 0.8865633 0.6040069 0 0.9018142 0.5864149 0 0.9077272 0.5918167 0 0.8936948 0.609892 0 0.8799351 0.5978045 0 0.8960793 0.5815876 0 0.775535 0.5495523 0 0.7335445 0.5119046 0 0.741401 0.5484322 0 0.8088672 0.5481912 0 0.714668 0.5451329 0 0.741401 0.5484322 0 0.7335445 0.5119046 0 0.714668 0.5451329 0 0.6826204 0.5370783 0 0.6526263 0.5275621 0 0.7767639 0.5782585 0 0.8126646 0.5762801 0 0.7393962 0.5770245 0 0.7084016 0.5728999 0 0.7393962 0.5770245 0 0.6755353 0.5649756 0 0.7084016 0.5728999 0 0.641643 0.5528469 0 0.23352 0.6502 0 0.24834 0.58795 0 0.26177 0.61756 0 0.6382427 0.9731711 0 0.6537136 0.9670103 0 0.6312199 0.9555442 0 0.34085 0.97847 0 0.35676 0.9712 0 0.34555 0.94366 0 0.30708 0.96897 0 0.37705 0.96197 0 0.38417 0.93999 0 0.40002 0.95824 0 0.5740975 0.9759083 0 0.5709781 0.9825442 0 0.5964324 0.9887347 0 0.42495 0.96462 0 0.41679 0.93364 0 0.43876 0.97524 0 0.4391 0.9434 0 0.44933 0.98596 0 0.45726 0.9574 0 0.30321 0.94062 0 0.36027 0.91039 0 0.30889 0.89963 0 0.39691 0.90903 0 0.26258 0.9586 0 0.27822 0.93853 0 0.27563 0.91668 0 0.27446 0.89409 0 0.43931 0.92151 0 0.27238 0.87739 0 0.13783 0.62892 0 0.13687 0.618 0 0.11455 0.62777 0 0.1116 0.62567 0 0.11455 0.62777 0 0.13687 0.618 0 0.14414 0.62435 0 0.23269 0.27247 0 0.23893 0.25321 0 0.2101 0.26802 0 0.2857209 0.2937384 0 0.27259 0.2614 0 0.25941 0.28217 0 0.2857209 0.2937384 0 0.2587762 0.291063 0 0.26105 0.3133 0 0.2343222 0.2939744 0 0.2331325 0.3103564 0 0.23412 0.33403 0 0.28878 0.33891 0 0.26151 0.33797 0 0.24732 0.37627 0 0.26532 0.39238 0 0.2111851 0.2925727 0 0.28874 0.6006 0 0.32687 0.64678 0 0.34385 0.57543 0 0.17503 0.37254 0 0.20163 0.38291 0 0.2038198 0.3625124 0 0.17099 0.39777 0 0.17625 0.33583 0 0.16978 0.35439 0 0.20668 0.33587 0 0.16978 0.35439 0 0.1858344 0.3600219 0 0.20668 0.33587 0 0.18291 0.28101 0 0.17968 0.30276 0 0.11345 0.60349 0 0.13012 0.60415 0 0.14041 0.60889 0 0.14041 0.60889 0 0.07671999 0.58491 0 0.09621 0.58684 0 0.09358999 0.56771 0 0.15315 0.36625 0 0.13675 0.45787 0 0.13547 0.42111 0 0.10849 0.43122 0 0.11589 0.3941 0 0.09639 0.41307 0 0.09598 0.37216 0 0.16634 0.63374 0 0.1747558 0.6232436 0 0.35864 0.88633 0 0.38925 0.88437 0 0.35631 0.84714 0 0.06923999 0.38634 0 0.49049 0.80383 0 0.48323 0.80984 0 0.49852 0.82034 0 0.04879999 0.40169 0 0.05648 0.40465 0 0.06447 0.39481 0 0.06712074 0.3901031 0 0.48075 0.84606 0 0.4724 0.92748 0 0.46086 0.8765 0 0.41803 0.86894 0 0.40354 0.83742 0 0.49694 0.89886 0 0.51706 0.87142 0 0.53239 0.84844 0 0.04735999 0.42328 0 0.02652999 0.45197 0 0.03101 0.45453 0 0.07591 0.41334 0 0.08553999 0.44847 0 0.0894346 0.4165253 0 0.34409 0.41552 0 0.3446194 0.4289238 0 0.36776 0.40887 0 0.140377 0.4935253 0 0.12936 0.50978 0 0.15637 0.48288 0 0.19652 0.53837 0 0.18914 0.52841 0 0.16029 0.54492 0 0.38151 0.84184 0 0.4534 0.80577 0 0.45328 0.82325 0 0.47707 0.80473 0 0.44083 0.80866 0 0.16346 0.55006 0 0.32801 0.8196 0 0.31775 0.81601 0 0.32437 0.8472 0 0.2706 0.79661 0 0.29442 0.80792 0 0.3029 0.77228 0 0.2959 0.52465 0 0.33297 0.51123 0 0.30809 0.49432 0 0.13223 0.13821 0 0.1259453 0.1762546 0 0.1573729 0.1807109 0 0.16675 0.14215 0 0.44656 0.06607002 0 0.4424 0.04123002 0 0.42051 0.07407999 0 0.44938 0.07692999 0 0.42845 0.08837003 0 0.41478 0.04026002 0 0.38907 0.19849 0 0.39813 0.21195 0 0.40697 0.19321 0 0.41172 0.23151 0 0.36479 0.1991 0 0.37356 0.21665 0 0.34938 0.19135 0 0.34437 0.21932 0 0.35257 0.22809 0 0.3319 0.21072 0 0.3887 0.07932997 0 0.40397 0.10368 0 0.39854 0.08859003 0 0.35397 0.24759 0 0.33681 0.25509 0 0.34574 0.26666 0 0.33712 0.26633 0 0.36212 0.27195 0 0.38452 0.23897 0 0.38795 0.08801001 0 0.37693 0.06742001 0 0.37571 0.08059001 0 0.3767 0.04057997 0 0.34695 0.04170001 0 0.39405 0.26766 0 0.34795 0.27658 0 0.35852 0.1078 0 0.35543 0.12108 0 0.38389 0.13089 0 0.38847 0.11989 0 0.40544 0.13825 0 0.40584 0.14373 0 0.41297 0.14321 0 0.33954 0.01476002 0 0.33914 0.01007998 0 0.33422 0.01533997 0 0.27706 0.04123998 0 0.28097 0.04026997 0 0.27704 0.03377002 0 0.25893 0.02574003 0 0.26109 0.03064001 0 0.26456 0.02332002 0 0.39424 0.60929 0 0.39351 0.55228 0 0.3626 0.63277 0 0.6191822 0.3963729 0 0.6020914 0.4017162 0 0.6084504 0.3880086 0 0.7295845 0.9483349 0 0.738914 0.9686313 0 0.7324328 0.9689164 0 0.713551 0.9568541 0 0.9302 0.56693 0 0.91207 0.57655 0 0.91189 0.58938 0 0.90891 0.60126 0 0.92675 0.59223 0 0.90676 0.60828 0 0.92189 0.60986 0 0.91069 0.57136 0 0.92425 0.5528 0 0.91021 0.55395 0 0.90018 0.57452 0 0.88579 0.56607 0 0.89611 0.54648 0 0.93853 0.58274 0 0.94068 0.55327 0 0.93619 0.5353 0 0.92034 0.5356 0 0.94951 0.55394 0 0.96086 0.58132 0 0.95369 0.52908 0 0.93521 0.51474 0 0.94469 0.52309 0 0.91579 0.53023 0 0.86334 0.56565 0 0.8737 0.55954 0 0.8611 0.54231 0 0.84783 0.54969 0 0.9612 0.53267 0 0.958 0.50105 0 0.93151 0.50673 0 0.95302 0.49496 0 0.96509 0.50546 0 0.91963 0.49964 0 0.94339 0.47821 0 0.94745 0.48963 0 0.96077 0.48464 0 0.96646 0.48544 0 0.96291 0.48014 0 0.95609 0.47287 0 0.96918 0.49001 0 0.97282 0.48592 0 0.94699 0.46695 0 0.98012 0.5034 0 0.98116 0.49084 0 0.97065 0.50983 0 0.98883 0.49761 0 0.98477 0.51806 0 0.97461 0.53785 0 0.93172 0.47808 0 0.20499 0.68814 0 0.25818 0.67278 0 0.23387 0.71146 0 0.26546 0.73411 0 0.28578 0.69688 0 0.3119 0.71134 0 0.29588 0.74203 0 0.27365 0.64278 0 0.6196316 0.9651574 0 0.6184157 0.9757758 0 0.601786 0.9686707 0 0.599633 0.9748641 0 0.29867 0.67199 0 0.5782515 0.9629636 0 0.5767151 0.9686396 0 0.32174 0.68999 0 0.5614339 0.9583597 0 0.5587444 0.960727 0 0.33736 0.72309 0 0.3277 0.75533 0 0.34518 0.70326 0 0.5464672 0.9516461 0 0.5450276 0.9532548 0 0.6676064 0.9757343 0 0.6465488 0.9838241 0 0.62263 0.9862712 0 0.6664751 0.9849373 0 0.6446846 0.9915683 0 0.6197738 0.9933477 0 0.5988267 0.9824033 0 0.556067 0.9661961 0 0.5541386 0.9742057 0 0.5399451 0.9674213 0 0.5422913 0.9588399 0 0.27272 0.25258 0 0.23815 0.24855 0 0.20895 0.26487 0 0.32268 0.87309 0 0.4304 0.89372 0 0.27784 0.84513 0 0.26841 0.8466 0 0.09166999 0.36481 0 0.13246 0.34751 0 0.12853 0.33691 0 0.28458 0.83694 0 0.20407 0.41021 0 0.1799 0.42393 0 0.34543 0.66763 0 0.14183 0.56957 0 0.15055 0.57755 0 0.1298322 0.5581273 0 0.12 0.54875 0 0.11017 0.53873 0 0.40351 0.67239 0 0.148985 0.53224 0 0.13768 0.51956 0 0.12936 0.50978 0 0.178475 0.513525 0 0.15915 0.48761 0 0.16781 0.49864 0 0.261 0.81518 0 0.255 0.82088 0 0.25415 0.82978 0 0.33986 0.46213 0 0.32642 0.46576 0 0.32993 0.47119 0 0.3445113 0.4653642 0 0.3655 0.49892 0 0.34823 0.46795 0 0.32993 0.47119 0 0.43809 0.84942 0 0.42742 0.828 0 0.06380999 0.4763 0 0.08553999 0.44847 0 0.09677 0.49729 0 0.06380999 0.4763 0 0.44277 0.69659 0 0.4257 0.73644 0 0.3831 0.70556 0 0.34506 0.44008 0 0.31326 0.44513 0 0.3118 0.43046 0 0.22448 0.5271 0 0.21836 0.51787 0 0.207025 0.50009 0 0.19569 0.48231 0 0.18974 0.46933 0 0.18515 0.46473 0 0.15637 0.48288 0 0.35494 0.81954 0 0.37757 0.81633 0 0.40145 0.81527 0 0.42231 0.81154 0 0.29442 0.80792 0 0.2706 0.79661 0 0.46516 0.78552 0 0.45197 0.78861 0 0.24984 0.51248 0 0.24628 0.50402 0 0.22739 0.46982 0 0.236835 0.48692 0 0.21875 0.45702 0 0.21567 0.45036 0 0.27064 0.49728 0 0.26495 0.49069 0 0.25834 0.474545 0 0.25173 0.4584 0 0.24649 0.44601 0 0.27796 0.45214 0 0.28234 0.46598 0 0.27085 0.43538 0 0.2898 0.48296 0 0.28672 0.47982 0 0.3049 0.47587 0 0.30303 0.47156 0 0.3118 0.43046 0 0.24499 0.44095 0 0.15055 0.57755 0 0.14041 0.60889 0 0.1843 0.61134 0 0.19609 0.58308 0 0.16346 0.55006 0 0.2072 0.55325 0 0.13481 0.09527999 0 0.14112 0.02961999 0 0.12809 0.03280002 0 0.1182 0.09377003 0 0.10295 0.03217 0 0.09719999 0.09250998 0 0.31775 0.81601 0 0.45197 0.78861 0 0.46516 0.78552 0 0.42915 0.76814 0 0.07886 0.02552998 0 0.07192 0.08991003 0 0.05716 0.01659 0 0.05364 0.08897001 0 0.04196 0.008710027 0 0.03652 0.08656001 0 0.01647 0.01120001 0 0.01878999 0.08635998 0 0.1845 0.03157002 0 0.17107 0.10204 0 0.11708 0.11524 0 0.13352 0.11674 0 0.16891 0.1221 0 0.09613999 0.11376 0 0.09509 0.13502 0 0.11596 0.13672 0 0.07101 0.11144 0 0.0701 0.13298 0 0.05158999 0.10954 0 0.03415 0.10715 0 0.01529 0.10693 0 0.0118 0.1275 0 0.03178 0.12774 0 0.1103184 0.2708532 0 0.1005611 0.2697632 0 0.09825 0.28973 0 0.10703 0.29076 0 0.09191525 0.173511 0 0.1115433 0.1748793 0 0.06950395 0.1719149 0 0.05308999 0.28948 0 0.06770999 0.2891 0 0.06802187 0.2687274 0 0.05262805 0.2686846 0 0.04588 0.28767 0 0.04404004 0.2668002 0 0.01589999 0.1681508 0 0.03529641 0.1676251 0 0.46227 0.06111002 0 0.46083 0.04655999 0 0.46482 0.06954998 0 0.46077 0.03334999 0 0.44551 0.01674998 0 0.46272 0.01413 0 0.44685 0.01112002 0 0.46065 0.02041 0 0.40314 0.17622 0 0.37969 0.17937 0 0.41172 0.01454002 0 0.41116 0.005379975 0 0.31686 0.23882 0 0.32656 0.24222 0 0.33343 0.24734 0 0.39181 0.09900999 0 0.38793 0.09609002 0 0.27788 0.05716002 0 0.2711 0.05662 0 0.26478 0.06762999 0 0.27481 0.07116002 0 0.23509 0.04633999 0 0.23861 0.05081999 0 0.25006 0.03832 0 0.24444 0.03565001 0 0.25353 0.04206002 0 0.24385 0.05541003 0 0.25881 0.04756999 0 0.25057 0.05980003 0 0.25971 0.06480002 0 0.26502 0.05145001 0 0.34497 0.06531 0 0.37875 0.08741999 0 0.37786 0.01753002 0 0.34927 0.01530999 0 0.37914 0.01055998 0 0.34756 0.009180009 0 0.41185 0.2648 0 0.41522 0.2971 0 0.38955 0.3045 0 0.35532 0.12874 0 0.38097 0.13685 0 0.3234 0.04022002 0 0.31628 0.06489003 0 0.41246 0.12775 0 0.41751 0.30539 0 0.39305 0.3296 0 0.41932 0.13394 0 0.41144 0.15527 0 0.40338 0.15416 0 0.31346 0.03943998 0 0.39594 0.33743 0 0.41751 0.31273 0 0.27274 0.03847003 0 0.26711 0.03399003 0 0.27421 0.03382999 0 0.27076 0.03065002 0 0.27014 0.02770001 0 0.25903 0.01775002 0 0.25478 0.02263999 0 0.4005813 0.5290902 0 0.4229 0.63507 0 0.45938 0.65011 0 0.6127048 0.4088635 0 0.7239974 0.9198517 0 0.7027061 0.9349437 0 0.6058162 0.422361 0 0.5911331 0.4147719 0 0.7208427 0.8822404 0 0.6914541 0.894602 0 0.6687098 0.9035305 0 0.6840457 0.9496265 0 0.6281536 0.8127421 0 0.6601328 0.8114828 0 0.6466849 0.90662 0 0.702188 0.8078605 0 0.7018407 0.7790675 0 0.6579357 0.7822328 0 0.656669 0.755672 0 0.7018014 0.7530028 0 0.6241416 0.7857562 0 0.6206049 0.7606139 0 0.5805848 0.7902451 0 0.5767426 0.7645699 0 0.7021909 0.6835356 0 0.6522868 0.6859224 0 0.6155189 0.6885797 0 0.5672988 0.6932331 0 0.6511939 0.6368383 0 0.703415 0.6354764 0 0.6102695 0.639039 0 0.5601969 0.6448569 0 0.7061697 0.5937296 0 0.6506894 0.5950341 0 0.6043534 0.5981058 0 0.5546047 0.6034945 0 0.90387 0.61623 0 0.9185 0.6229 0 0.88975 0.58064 0 0.8722974 0.5752085 0 0.86227 0.582 0 0.87319 0.59395 0 0.88321 0.58712 0 0.85289 0.57479 0 0.92955 0.62641 0 0.93348 0.61361 0 0.95421 0.61843 0 0.88911 0.52686 0 0.95052 0.63481 0 0.8376 0.55798 0 0.93829 0.4634 0 0.993 0.50562 0 0.17958 0.27522 0 0.06397999 0.38088 0 0.35786 0.17507 0 0.32801 0.8196 0 0.34584 0.7818 0 0.21119 0.53635 0 0.46164 0.61512 0 0.47376 0.61005 0 0.4776 0.59546 0 0.44912 0.60386 0 0.45304 0.49222 0 0.47802 0.49222 0 0.46542 0.48291 0 0.44296 0.51499 0 0.48697 0.51595 0 0.44283 0.56521 0 0.48047 0.5625 0 0.37747 0.14861 0 0.36503 0.30811 0 0.36982 0.33592 0 0.37206 0.34475 0 0.30698 0.06286001 0 0.34879 0.14026 0 0.37789 0.15294 0 0.40306 0.15714 0 0.34742 0.14772 0 0.3541 0.27412 0 0.35983 0.30824 0 0.3661 0.33726 0 0.3782 0.15724 0 0.4033 0.16046 0 0.34592 0.15501 0 0.34358 0.06998998 0 0.37629 0.07532001 0 0.3149 0.06814998 0 0.3049 0.47587 0 0.02554 0.91915 0 0.14722 0.88621 0 0.14351 0.9045 0 0.16603 0.91545 0 0.18203 0.86631 0 0.13105 0.92206 0 0.13039 0.93098 0 0.20768 0.90178 0 0.05414 0.9307 0 0.05452999 0.95773 0 0.039 0.87596 0 0.05449 0.86859 0 0.04073 0.85593 0 0.06556999 0.85211 0 0.05552 0.82591 0 0.03435999 0.81968 0 0.02854 0.79147 0 0.05443999 0.79632 0 0.07374999 0.81501 0 0.04605 0.77054 0 0.03954 0.76326 0 0.03166 0.77526 0 0.04405999 0.77852 0 0.05903999 0.77396 0 0.04862 0.7855 0 0.06325999 0.78256 0 0.0623 0.76339 0 0.04716 0.75419 0 0.08128999 0.78132 0 0.08242999 0.76304 0 0.17489 0.81313 0 0.15027 0.83898 0 0.07983999 0.73124 0 0.07662999 0.73526 0 0.08956 0.74128 0 0.15536 0.71142 0 0.17333 0.69479 0 0.11884 0.68425 0 0.09136 0.7463 0 0.09511999 0.74034 0 0.19599 0.79438 0 0.20358 0.82637 0 0.22169 0.77049 0 0.24778 0.8034 0 0.2079 0.86205 0 0.17606 0.92988 0 0.24314 0.75718 0 0.25963 0.78034 0 0.0399 0.89945 0 0.06915 0.90697 0 0.05545999 0.8899 0 0.06332 0.91138 0 0.05780999 0.86806 0 0.06112999 0.86753 0 0.07333 0.85687 0 0.07605999 0.84752 0 0.07428 0.84268 0 0.06436999 0.88426 0 0.05991499 0.88708 0 0.07707999 0.89518 0 0.07311499 0.901075 0 0.08964999 0.84684 0 0.09007 0.84062 0 0.09624999 0.81252 0 0.10756 0.85327 0 0.11114 0.84697 0 0.12473 0.82255 0 0.1218 0.864 0 0.12637 0.86093 0 0.12973 0.88551 0 0.13749 0.89794 0 0.11871 0.90149 0 0.12201 0.906515 0 0.12531 0.91154 0 0.09540999 0.91627 0 0.09589 0.908585 0 0.09388999 0.92553 0 0.09636999 0.9009 0 0.09093999 0.94646 0 0.13548 0.94735 0 0.09164 0.95674 0 0.02802 0.78201 0 0.05068 0.74888 0 0.06229 0.74916 0 0.06072999 0.73643 0 0.07740999 0.7478 0 0.14386 0.79165 0 0.11221 0.77912 0 0.06824 0.7218 0 0.06259 0.72801 0 0.07525999 0.74078 0 0.09937 0.75856 0 0.07763999 0.71359 0 0.08832 0.72935 0 0.08220999 0.71091 0 0.09127999 0.72827 0 0.09008999 0.70631 0 0.10185 0.69524 0 0.1066 0.72646 0 0.12123 0.71667 0 0.10935 0.745 0 0.13707 0.74954 0 0.16664 0.76792 0 0.19624 0.74132 0 0.21477 0.72789 0 0.05607999 0.97237 0 0.58588 0.89501 0 0.60354 0.91345 0 0.59856 0.88882 0 0.61061 0.88923 0 0.57799 0.90713 0 0.57807 0.92058 0 0.62196 0.89596 0 0.62895 0.90898 0 0.62672 0.92238 0 0.61324 0.93526 0 0.59773 0.9388 0 0.58521 0.93319 0 0.68585 0.44129 0 0.7141998 0.425099 0 0.70067 0.38131 0 0.6906898 0.414697 0 0.7534645 0.4341022 0 0.7605835 0.4033842 0 0.7416275 0.397717 0 0.7907877 0.4050568 0 0.7745982 0.4384098 0 0.8031994 0.4409454 0 0.8184397 0.4148896 0 0.72109 0.38903 0 0.8038912 0.4730167 0 0.8363889 0.4648541 0 0.8386537 0.439849 0 0.7978787 0.4784195 0 0.7933211 0.4630427 0 0.7795041 0.47348 0 0.7899556 0.4721471 0 0.8134 0.34286 0 0.80813 0.29851 0 0.78962 0.33565 0 0.83475 0.30621 0 0.8807302 0.4558543 0 0.92729 0.42501 0 0.88923 0.40884 0 0.92286 0.44498 0 0.78043 0.29194 0 0.78109 0.23582 0 0.76324 0.28253 0 0.84569 0.25435 0 0.85384 0.31816 0 0.87109 0.27791 0 0.88875 0.29153 0 0.690628 0.2783567 0 0.6803836 0.2956237 0 0.7075915 0.3026032 0 0.7256612 0.2691655 0 0.94233 0.43108 0 0.93611 0.40795 0 0.95465 0.40661 0 0.95774 0.36423 0 0.91452 0.37894 0 0.92089 0.33079 0 0.88425 0.35497 0 0.94759 0.3198 0 0.93138 0.27164 0 0.90681 0.309 0 0.93546 0.29175 0 0.91014 0.25057 0 0.94469 0.23351 0 0.89117 0.21093 0 0.82776 0.20162 0 0.80079 0.24436 0 0.86286 0.16434 0 0.83856 0.13424 0 0.8712 0.07590002 0 0.81638 0.10961 0 0.8153 0.05636001 0 0.8529 0.02433002 0 0.79207 0.07966 0 0.81738 0.03157002 0 0.78299 0.04696 0 0.75812 0.06055999 0 0.76318 0.09811002 0 0.74796 0.17033 0 0.7437848 0.2316753 0 0.7669 0.1727 0 0.7108856 0.2397106 0 0.47979 0.43146 0 0.51284 0.44377 0 0.50212 0.41707 0 0.53017 0.42861 0 0.4749 0.40855 0 0.44776 0.42573 0 0.44751 0.40204 0 0.52121 0.3922 0 0.54701 0.40298 0 0.4816 0.37866 0 0.43937 0.36936 0 0.6326 0.03244001 0 0.6151 0.05146998 0 0.63798 0.04136002 0 0.60667 0.03926003 0 0.62845 0.05735999 0 0.690628 0.2783567 0 0.6721794 0.2705511 0 0.6803836 0.2956237 0 0.7108856 0.2397106 0 0.6896313 0.2346349 0 0.6673882 0.2357361 0 0.6589795 0.2418966 0 0.6847906 0.1962155 0 0.6838088 0.1878443 0 0.6673882 0.2357361 0 0.6847906 0.1962155 0 0.6838088 0.1878443 0 0.6847906 0.1962155 0 0.70783 0.14069 0 0.76241 0.12758 0 0.72451 0.07924998 0 0.73706 0.10657 0 0.6691 0.40308 0 0.744057 0.4807671 0 0.64815 0.3932 0 0.7602282 0.4829392 0 0.7607374 0.4702184 0 0.7815593 0.4614049 0 0.68237 0.36961 0 0.71724 0.34227 0 0.7332 0.34975 0 0.69551 0.33043 0 0.7562835 0.3612432 0 0.77669 0.36883 0 0.7991708 0.3733743 0 0.8082926 0.3775306 0 0.8379723 0.3864542 0 0.8565165 0.3978236 0 0.85741 0.35764 0 0.82939 0.34814 0 0.77121 0.32798 0 0.74996 0.31361 0 0.73544 0.30787 0 0.8802 0.33346 0 0.66344 0.37255 0 0.7496146 0.27669 0 0.76665 0.23163 0 0.93145 0.18311 0 0.90853 0.12756 0 0.80546 0.18183 0 0.78348 0.17831 0 0.78516 0.12652 0 0.50633 0.45454 0 0.4773 0.44273 0 0.7863 0.02534997 0 0.44835 0.43796 0 0.55656 0.36674 0 0.53103 0.35907 0 0.49087 0.3488 0 0.45295 0.34058 0 0.4691 0.30899 0 0.50049 0.31604 0 0.5366 0.32512 0 0.55713 0.33094 0 0.562 0.31477 0 0.54168 0.30903 0 0.50225 0.29894 0 0.47042 0.29256 0 0.57604 0.29325 0 0.54842 0.2852 0 0.50499 0.277 0 0.46501 0.27118 0 0.59101 0.26276 0 0.55849 0.2536 0 0.51151 0.24674 0 0.46419 0.23846 0 0.60557 0.19315 0 0.56032 0.19016 0 0.60951 0.13171 0 0.57276 0.13311 0 0.52121 0.12012 0 0.49654 0.17681 0 0.56074 0.06620002 0 0.58967 0.08305001 0 0.61768 0.08398998 0 0.6716392 0.1510929 0 0.6637347 0.2043308 0 0.6685249 0.1868905 0 0.6637347 0.2043308 0 0.67546 0.3455 0 0.67561 0.31904 0 0.6589795 0.2418966 0 0.0509 0.6251 0 0.04078 0.60978 0 0.03443 0.62333 0 0.04882999 0.62727 0 0.07294999 0.65309 0 0.05229999 0.65671 0 0.06572999 0.63604 0 0.05271 0.64241 0 0.02 0.62388 0 0.02365 0.60235 0 0.02548 0.6419 0 0.03573 0.63937 0 0.02964 0.65989 0 0.03406 0.65161 0 0.01703 0.64651 0 0.02177 0.6547 0 0.02911 0.64747 0 0.58702 0.8962 0 0.5988 0.89001 0 0.58588 0.89501 0 0.57799 0.90713 0 0.57964 0.90754 0 0.57807 0.92058 0 0.57972 0.92012 0 0.59811 0.93716 0 0.59773 0.9388 0 0.60962 0.93545 0 0.58521 0.93319 0 0.58639 0.93191 0 0.58702 0.8962 0 0.57964 0.90754 0 0.57972 0.92012 0 0.59811 0.93716 0 0.60962 0.93545 0 0.61004 0.93697 0 0.58639 0.93191 0 0.19094 0.16133 0 0.2083 0.15356 0 0.20908 0.16133 0 0.20601 0.1465 0 0.19935 0.13847 0 0.20601 0.17615 0 0.19935 0.18418 0 0.2083 0.16909 0 0.22597 0.14846 0 0.22687 0.16133 0 0.22314 0.1361 0 0.21403 0.11951 0 0.22314 0.18656 0 0.21403 0.20314 0 0.22597 0.1742 0 0.24317 0.14827 0 0.24373 0.16404 0 0.24138 0.12989 0 0.23511 0.10624 0 0.24138 0.19276 0 0.23512 0.21642 0 0.24317 0.17982 0 0.26 0.14732 0 0.26001 0.16404 0 0.26 0.12782 0 0.26 0.10145 0 0.26001 0.19483 0 0.26001 0.2212 0 0.26001 0.18077 0 0.27684 0.14827 0 0.27628 0.16404 0 0.27863 0.12989 0 0.28489 0.10623 0 0.2849 0.21642 0 0.27863 0.19276 0 0.27684 0.17982 0 0.29404 0.14846 0 0.29314 0.16133 0 0.29687 0.13609 0 0.30598 0.11951 0 0.30598 0.20314 0 0.29687 0.18656 0 0.29404 0.17419 0 0.31171 0.15356 0 0.31093 0.16132 0 0.314 0.1465 0 0.32066 0.13847 0 0.32066 0.18418 0 0.314 0.17615 0 0.31171 0.16909 0 0.32907 0.16132 0 0.19094 0.16133 0 0.19645 0.13641 0 0.19645 0.18625 0 0.20992 0.1144 0 0.20992 0.20826 0 0.2322 0.09818 0 0.23221 0.22447 0 0.26 0.09219998 0 0.26001 0.23045 0 0.2878 0.09818 0 0.28781 0.22447 0 0.31008 0.11439 0 0.31009 0.20826 0 0.32356 0.1364 0 0.32356 0.18624 0 0.32907 0.16132 0 0.45109 0.75497 0 0.04955 0.13012 0 0.9779418 0.9481254 0 0.9779418 0.9238054 0 0.9628117 0.9256154 0 0.9628117 0.9517554 0 0.9628117 0.9794054 0 0.9628117 0.9256154 0 0.9779418 0.9238054 0 0.9779418 0.9481254 0 0.9628117 0.9517554 0 0.9628117 0.9794054 0 0.12915 0.29677 0 0.1340566 0.2765931 0 0.112431 0.2580646 0 0.1020457 0.2569361 0 0.08402118 0.2692196 0 0.08235999 0.28936 0 0.06822224 0.2556395 0 0.05233128 0.2553251 0 0.04285801 0.2533929 0 0.02824 0.2905 0 0.02609468 0.2692295 0 0.1372086 0.263631 0 0.08508835 0.256281 0 0.02471649 0.2555649 0 0.1153811 0.2402061 0 0.104119 0.2390237 0 0.06850202 0.2373631 0 0.05191687 0.2366694 0 0.04120737 0.2346705 0 0.1416103 0.2455302 0 0.08657861 0.2382129 0 0.02279191 0.2364831 0 0.05043284 0.169863 0 0.5836854 0.8158625 0 0.6601328 0.8114828 0 0.6687098 0.9035305 0 0.6466849 0.90662 0 0.2587762 0.291063 0 0.2331325 0.3103564 0 0.1747558 0.6232436 0 0.3446194 0.4289238 0 0.0894346 0.4165253 0 0.3445113 0.4653642 0 0.06712074 0.3901031 0 0.04879999 0.40169 0 0.9007538 0.9513858 0 0.8722391 0.9479476 0 0.8915195 0.9277182 0 0.9173068 0.9255828 0 0.9234253 0.950994 0 0.9380003 0.9286925 0 0.868524 0.9252888 0 0.8391976 0.886686 0 0.7962527 0.8801684 0 0.8170226 0.847546 0 0.7870239 0.84457 0 0.8475321 0.8279648 0 0.8713507 0.8977146 0 0.8759087 0.8426896 0 0.8026415 0.8121682 0 0.9106239 0.9564591 0 0.899057 0.9665235 0 0.8708191 0.9634165 0 0.8465326 0.9601009 0 0.8470994 0.9462723 0 0.8431112 0.9203767 0 0.8237213 0.9555767 0 0.8201903 0.9419899 0 0.8086341 0.9157801 0 0.9251346 0.896797 0 0.9480122 0.8949205 0 0.8938974 0.9007922 0 0.9314758 0.8485682 0 0.9527907 0.8501639 0 0.9014642 0.8478359 0 0.8231459 0.7278089 0 0.8781858 0.7417212 0 0.9096208 0.751501 0 0.9323971 0.7565281 0 0.9505209 0.7553144 0 0.8814611 0.7171595 0 0.8282051 0.7028573 0 0.8318806 0.6801923 0 0.884092 0.6981026 0 0.927242 0.7229287 0 0.9443893 0.717483 0 0.9314791 0.6856021 0 0.9103402 0.6954017 0 0.8937107 0.6412215 0 0.8879553 0.6683051 0 0.8369229 0.6355421 0 0.8413279 0.6103162 0 0.9031839 0.7209295 0 0.6084504 0.3880086 0 0.6200997 0.3790945 0 0.6191822 0.3963729 0 0.6041766 0.3844144 0 0.6088134 0.3740206 0 0.6255541 0.4139031 0 0.6127048 0.4088635 0 0.6374004 0.4174218 0 0.6352063 0.4364716 0 0.6228617 0.4308662 0 0.6058162 0.422361 0 0.6306482 0.4605066 0 0.6182212 0.4582154 0 0.6013971 0.4537937 0 0.5866192 0.4531362 0 0.5969422 0.5102146 0 0.5797246 0.5158522 0 0.619539 0.5135829 0 0.6091791 0.5108551 0 0.5478585 0.5436579 0 0.549181 0.5304693 0 0.5790247 0.5281861 0 0.5787719 0.5399657 0 0.6041866 0.5297279 0 0.6135536 0.5344355 0 0.6036578 0.5516524 0 0.5924357 0.5440221 0 0.5779404 0.5743495 0 0.5775813 0.5578439 0 0.5445731 0.5698965 0 0.5435827 0.5850847 0 0.5908712 0.5283799 0 0.9348891 0.948223 0 0.9071429 0.9714677 0 0.9043179 0.9619738 0 0.5790247 0.5281861 0 0.549181 0.5304693 0 0.5490575 0.5142661 0 0.5797246 0.5158522 0 0.549181 0.5304693 0 0.5179918 0.5277951 0 0.522401 0.5104594 0 0.522401 0.5104594 0 0.5490575 0.5142661 0 0.549181 0.5304693 0 0.7795041 0.47348 0 0.7899556 0.472147 0 0.744057 0.480767 0 0.7602282 0.4829392 0 0.7607375 0.4702184 0 0.7815593 0.4614049 0 0.7934062 0.4630037 0 0.7978787 0.4784195 0 0.7385712 0.9742309 0 0.738914 0.9686313 0 0.7324328 0.9689164 0 0.8985575 0.5837355 0 0.8973142 0.582666 0 0.8813293 0.5992119 0 0.8825294 0.6003447 0 0.9000525 0.5850006 0 0.8844403 0.6021177 0 0.9043788 0.5887854 0 0.9027179 0.5872437 0 0.8878754 0.6051667 0 0.8896395 0.6066538 0 0.9058647 0.590112 0 0.8916246 0.6082593 0 0.9067212 0.590911 0 0.8926136 0.6090425 0 0.9018142 0.5864149 0 0.8865633 0.6040069 0 0.9077272 0.5918167 0 0.8936948 0.609892 0 0.8960793 0.5815876 0 0.8799351 0.5978045 0 0.775535 0.5495523 0 0.741401 0.5484322 0 0.741401 0.5484322 0 0.714668 0.5451329 0 0.714668 0.5451329 0 0.6826204 0.5370783 0 0.7767639 0.5782585 0 0.7393962 0.5770245 0 0.7393962 0.5770245 0 0.7084016 0.5728999 0 0.7084016 0.5728999 0 0.6755353 0.5649756 0</float_array>
          <technique_common>
            <accessor source="#geom-jasmine_betrothal_lod0-map1-array" count="2458" stride="3">
              <param name="S" type="float"/>
              <param name="T" type="float"/>
              <param name="P" type="float"/>
            </accessor>
          </technique_common>
        </source>
        <vertices id="geom-jasmine_betrothal_lod0-vertices">
          <input semantic="POSITION" source="#geom-jasmine_betrothal_lod0-positions"/>
        </vertices>
        <triangles material="jasmine_bethrothal_mat" count="3636">
          <input semantic="VERTEX" source="#geom-jasmine_betrothal_lod0-vertices" offset="0"/>
          <input semantic="NORMAL" source="#geom-jasmine_betrothal_lod0-normals" offset="1"/>
          <input semantic="TEXCOORD" source="#geom-jasmine_betrothal_lod0-map1" offset="2" set="0"/>
          <p>0 0 0 1 1 1 2 2 2 1 1 1 0 0 0 3 3 3 4 4 4 2 2 2 1 1 1 5 5 5 6 6 6 7 7 7 8 8 8 9 9 9 10 10 10 11 11 11 9 9 9 8 8 8 12 12 12 10 10 10 13 13 13 13 13 13 10 10 10 9 9 9 14 14 14 12 12 12 13 13 13 15 15 15 16 16 16 17 17 17 14 14 14 18 18 18 19 19 19 13 13 13 18 18 18 14 14 14 19 19 19 20 20 20 21 21 21 20 20 20 19 19 19 18 18 18 21 21 21 22 22 22 23 23 23 24 24 24 25 25 25 11 11 11 26 26 26 9 9 9 11 11 11 9 9 9 27 27 27 13 13 13 9 9 9 26 26 26 28 28 28 27 27 27 9 9 9 28 28 28 29 29 29 13 13 13 27 27 27 25 25 25 30 30 30 11 11 11 31 31 31 30 30 30 25 25 25 26 26 26 11 11 11 32 32 32 32 32 32 11 11 11 30 30 30 32 32 32 28 28 28 26 26 26 33 33 33 28 28 28 32 32 32 34 34 34 28 28 28 33 33 33 20 20 20 18 18 18 35 35 35 36 36 36 28 28 28 34 34 34 37 37 37 38 38 38 39 39 39 40 40 40 41 41 41 42 42 42 39 39 39 43 43 43 37 37 37 44 44 44 45 45 45 46 46 46 47 47 47 48 48 48 49 49 49 50 50 50 48 48 48 51 51 51 52 52 52 53 53 53 54 54 54 50 50 50 51 51 51 46 46 46 46 46 46 51 51 51 44 44 44 44 44 44 51 51 51 55 55 55 56 56 56 54 54 54 53 53 53 53 53 53 57 57 57 56 56 56 48 48 48 50 50 50 49 49 49 58 58 58 53 53 53 52 52 52 53 53 53 58 58 58 59 59 59 60 60 60 61 61 61 58 58 58 62 62 62 59 59 59 58 58 58 63 63 63 58 58 58 61 61 61 59 59 59 57 57 57 53 53 53 59 59 59 62 62 62 57 57 57 64 64 64 44 44 44 55 55 55 65 65 65 66 66 66 67 67 67 68 68 68 69 69 69 70 70 70 68 68 68 70 70 70 71 71 71 72 72 72 73 73 73 74 74 74 75 75 75 76 76 76 77 77 77 44 44 44 64 64 64 45 45 45 64 64 64 78 78 78 45 45 45 78 78 78 64 64 64 79 79 79 80 80 80 81 81 81 40 40 40 41 41 41 40 40 40 81 81 81 82 82 82 41 41 41 81 81 81 83 83 83 43 43 43 39 39 39 84 84 84 85 85 85 86 86 86 68 68 68 71 71 71 87 87 87 68 68 68 87 87 87 75 75 75 88 88 88 89 89 89 90 90 90 91 91 91 90 90 90 92 92 92 92 92 92 90 90 90 89 89 89 92 92 92 93 93 93 91 91 91 83 83 83 94 94 94 43 43 43 94 94 94 83 83 83 95 95 95 96 96 96 97 97 97 98 98 98 93 93 93 92 92 92 99 99 99 100 100 100 101 101 101 102 102 102 103 103 103 104 104 104 105 105 105 105 105 105 106 106 106 103 103 103 101 101 101 107 107 107 102 102 102 22 22 22 21 21 21 20 20 20 35 35 35 108 108 108 109 109 109 98 98 98 110 110 110 111 111 111 112 112 112 109 109 109 108 108 108 113 113 113 107 107 107 114 114 114 101 101 101 114 114 114 107 107 107 115 115 115 116 116 116 103 103 103 106 106 106 115 115 115 103 103 103 116 116 116 115 115 115 117 117 117 105 105 105 118 118 118 106 106 106 89 89 89 88 88 88 119 119 119 119 119 119 120 120 120 89 89 89 121 121 121 122 122 122 123 123 123 124 124 124 125 125 125 126 126 126 127 127 127 128 128 128 129 129 129 130 130 130 98 98 98 97 97 97 110 110 110 98 98 98 130 130 130 131 131 131 132 132 132 133 133 133 134 134 134 131 131 131 133 133 133 128 128 128 127 127 127 135 135 135 136 136 136 137 137 137 138 138 138 139 139 139 140 140 140 141 141 141 142 142 142 143 143 143 144 144 144 145 145 145 146 146 146 147 147 147 147 147 147 148 148 148 145 145 145 149 149 149 150 150 150 151 151 151 152 152 152 153 153 153 149 149 149 150 150 150 149 149 149 153 153 153 154 154 154 151 151 151 150 150 150 155 155 155 156 156 156 157 157 157 156 156 156 158 158 158 157 157 157 159 159 159 155 155 155 160 160 160 157 157 157 160 160 160 155 155 155 159 159 159 161 161 161 162 162 162 161 161 161 159 159 159 163 163 163 160 160 160 163 163 163 159 159 159 164 164 164 162 162 162 161 161 161 150 150 150 165 165 165 154 154 154 153 153 153 166 166 166 150 150 150 167 167 167 150 150 150 166 166 166 165 165 165 150 150 150 167 167 167 168 168 168 169 169 169 170 170 170 171 171 171 170 170 170 169 169 169 163 163 163 160 160 160 168 168 168 169 169 169 168 168 168 172 172 172 173 173 173 172 172 172 168 168 168 168 168 168 160 160 160 173 173 173 165 165 165 167 167 167 174 174 174 175 175 175 154 154 154 165 165 165 176 176 176 175 175 175 165 165 165 175 175 175 177 177 177 178 178 178 173 173 173 157 157 157 158 158 158 157 157 157 173 173 173 160 160 160 172 172 172 173 173 173 179 179 179 169 169 169 172 172 172 180 180 180 181 181 181 182 182 182 183 183 183 182 182 182 181 181 181 184 184 184 185 185 185 186 186 186 187 187 187 188 188 188 189 189 189 190 190 190 191 191 191 192 192 192 193 193 193 194 194 194 195 195 195 196 196 196 197 197 197 198 198 198 66 66 66 66 66 66 199 199 199 197 197 197 200 200 200 201 201 201 202 202 202 203 203 203 204 204 204 205 205 205 205 205 205 206 206 206 203 203 203 207 207 207 208 208 208 209 209 209 208 208 208 210 210 210 211 211 211 208 208 208 207 207 207 210 210 210 211 211 211 212 212 212 213 213 213 211 211 211 210 210 210 212 212 212 214 214 214 215 215 215 216 216 216 216 216 216 217 217 217 214 214 214 218 218 218 216 216 216 215 215 215 218 218 218 219 219 219 216 216 216 210 210 210 207 207 207 220 220 220 207 207 207 217 217 217 221 221 221 222 222 222 221 221 221 217 217 217 217 217 217 223 223 223 222 222 222 217 217 217 216 216 216 223 223 223 221 221 221 220 220 220 207 207 207 224 224 224 220 220 220 221 221 221 224 224 224 225 225 225 220 220 220 226 226 226 221 221 221 222 222 222 223 223 223 227 227 227 222 222 222 226 226 226 222 222 222 228 228 228 228 228 228 222 222 222 227 227 227 219 219 219 223 223 223 216 216 216 223 223 223 219 219 219 229 229 229 229 229 229 227 227 227 223 223 223 230 230 230 231 231 231 232 232 232 231 231 231 230 230 230 233 233 233 221 221 221 226 226 226 224 224 224 234 234 234 224 224 224 226 226 226 235 235 235 228 228 228 227 227 227 228 228 228 235 235 235 226 226 226 227 227 227 229 229 229 236 236 236 235 235 235 227 227 227 237 237 237 238 238 238 226 226 226 235 235 235 239 239 239 240 240 240 236 236 236 236 236 236 240 240 240 241 241 241 242 242 242 243 243 243 237 237 237 237 237 237 241 241 241 242 242 242 237 237 237 243 243 243 235 235 235 244 244 244 243 243 243 242 242 242 242 242 242 245 245 245 244 244 244 245 245 245 242 242 242 240 240 240 246 246 246 238 238 238 243 243 243 246 246 246 243 243 243 247 247 247 235 235 235 243 243 243 238 238 238 240 240 240 248 248 248 245 245 245 249 249 249 246 246 246 250 250 250 251 251 251 246 246 246 249 249 249 238 238 238 246 246 246 251 251 251 250 250 250 252 252 252 249 249 249 251 251 251 249 249 249 253 253 253 254 254 254 251 251 251 253 253 253 251 251 251 254 254 254 234 234 234 226 226 226 251 251 251 234 234 234 240 240 240 239 239 239 255 255 255 2 2 2 256 256 256 257 257 257 257 257 257 0 0 0 2 2 2 258 258 258 259 259 259 256 256 256 256 256 256 2 2 2 258 258 258 259 259 259 258 258 258 260 260 260 260 260 260 261 261 261 259 259 259 262 262 262 263 263 263 261 261 261 261 261 261 260 260 260 262 262 262 2 2 2 4 4 4 264 264 264 264 264 264 258 258 258 2 2 2 5 5 5 265 265 265 266 266 266 266 266 266 6 6 6 5 5 5 265 265 265 267 267 267 268 268 268 268 268 268 266 266 266 265 265 265 258 258 258 264 264 264 269 269 269 269 269 269 260 260 260 258 258 258 270 270 270 268 268 268 267 267 267 267 267 267 271 271 271 270 270 270 260 260 260 269 269 269 272 272 272 272 272 272 262 262 262 260 260 260 271 271 271 273 273 273 274 274 274 274 274 274 270 270 270 271 271 271 275 275 275 276 276 276 263 263 263 263 263 263 262 262 262 275 275 275 277 277 277 278 278 278 276 276 276 276 276 276 275 275 275 277 277 277 262 262 262 272 272 272 279 279 279 279 279 279 275 275 275 262 262 262 273 273 273 280 280 280 281 281 281 281 281 281 274 274 274 273 273 273 282 282 282 277 277 277 275 275 275 275 275 275 279 279 279 282 282 282 280 280 280 283 283 283 284 284 284 284 284 284 281 281 281 280 280 280 285 285 285 286 286 286 287 287 287 287 287 287 7 7 7 285 285 285 7 7 7 287 287 287 288 288 288 288 288 288 5 5 5 7 7 7 5 5 5 288 288 288 289 289 289 289 289 289 265 265 265 5 5 5 286 286 286 290 290 290 291 291 291 291 291 291 287 287 287 286 286 286 291 291 291 292 292 292 288 288 288 288 288 288 287 287 287 291 291 291 293 293 293 24 24 24 11 11 11 11 11 11 8 8 8 293 293 293 289 289 289 288 288 288 292 292 292 292 292 292 294 294 294 289 289 289 295 295 295 289 289 289 294 294 294 294 294 294 16 16 16 295 295 295 15 15 15 296 296 296 273 273 273 273 273 273 271 271 271 15 15 15 16 16 16 15 15 15 295 295 295 297 297 297 296 296 296 15 15 15 15 15 15 17 17 17 297 297 297 298 298 298 299 299 299 296 296 296 296 296 296 297 297 297 298 298 298 296 296 296 299 299 299 280 280 280 280 280 280 273 273 273 296 296 296 300 300 300 301 301 301 299 299 299 299 299 299 298 298 298 300 300 300 23 23 23 22 22 22 302 302 302 302 302 302 303 303 303 23 23 23 18 18 18 13 13 13 29 29 29 304 304 304 50 50 50 46 46 46 46 46 46 305 305 305 304 304 304 306 306 306 49 49 49 50 50 50 50 50 50 304 304 304 306 306 306 307 307 307 305 305 305 46 46 46 46 46 46 45 45 45 307 307 307 308 308 308 96 96 96 27 27 27 27 27 27 28 28 28 308 308 308 98 98 98 29 29 29 27 27 27 27 27 27 96 96 96 98 98 98 29 29 29 309 309 309 18 18 18 309 309 309 29 29 29 98 98 98 98 98 98 111 111 111 309 309 309 310 310 310 28 28 28 36 36 36 36 36 36 311 311 311 310 310 310 312 312 312 313 313 313 314 314 314 314 314 314 93 93 93 312 312 312 308 308 308 28 28 28 310 310 310 310 310 310 315 315 315 308 308 308 58 58 58 52 52 52 316 316 316 316 316 316 60 60 60 58 58 58 62 62 62 58 58 58 63 63 63 317 317 317 318 318 318 66 66 66 66 66 66 65 65 65 317 317 317 76 76 76 56 56 56 57 57 57 62 62 62 70 70 70 69 69 69 69 69 69 57 57 57 62 62 62 62 62 62 63 63 63 319 319 319 319 319 319 70 70 70 62 62 62 71 71 71 70 70 70 319 319 319 319 319 319 320 320 320 71 71 71 67 67 67 198 198 198 321 321 321 80 80 80 322 322 322 81 81 81 81 81 81 322 322 322 323 323 323 323 323 323 82 82 82 81 81 81 322 322 322 80 80 80 324 324 324 85 85 85 325 325 325 326 326 326 326 326 326 86 86 86 85 85 85 90 90 90 320 320 320 88 88 88 91 91 91 87 87 87 71 71 71 71 71 71 90 90 90 91 91 91 198 198 198 327 327 327 321 321 321 128 128 128 322 322 322 324 324 324 324 324 324 328 328 328 128 128 128 325 325 325 329 329 329 330 330 330 330 330 330 326 326 326 325 325 325 129 129 129 128 128 128 328 328 328 328 328 328 331 331 331 129 129 129 332 332 332 333 333 333 330 330 330 330 330 330 329 329 329 332 332 332 315 315 315 137 137 137 308 308 308 97 97 97 96 96 96 308 308 308 308 308 308 137 137 137 97 97 97 315 315 315 310 310 310 334 334 334 334 334 334 335 335 335 315 315 315 336 336 336 334 334 334 310 310 310 310 310 310 311 311 311 336 336 336 337 337 337 338 338 338 339 339 339 339 339 339 340 340 340 337 337 337 341 341 341 144 144 144 342 342 342 342 342 342 343 343 343 341 341 341 102 102 102 107 107 107 133 133 133 133 133 133 132 132 132 102 102 102 20 20 20 35 35 35 109 109 109 109 109 109 22 22 22 20 20 20 22 22 22 109 109 109 344 344 344 344 344 344 302 302 302 22 22 22 35 35 35 309 309 309 108 108 108 108 108 108 309 309 309 111 111 111 111 111 111 345 345 345 108 108 108 345 345 345 111 111 111 110 110 110 110 110 110 346 346 346 345 345 345 112 112 112 347 347 347 344 344 344 344 344 344 109 109 109 112 112 112 345 345 345 107 107 107 108 108 108 346 346 346 133 133 133 345 345 345 112 112 112 108 108 108 107 107 107 107 107 107 113 113 113 112 112 112 113 113 113 348 348 348 347 347 347 347 347 347 112 112 112 113 113 113 348 348 348 113 113 113 114 114 114 114 114 114 349 349 349 348 348 348 116 116 116 117 117 117 350 350 350 350 350 350 351 351 351 116 116 116 350 350 350 117 117 117 352 352 352 352 352 352 353 353 353 350 350 350 117 117 117 115 115 115 354 354 354 354 354 354 352 352 352 117 117 117 355 355 355 356 356 356 357 357 357 357 357 357 358 358 358 355 355 355 119 119 119 357 357 357 356 356 356 359 359 359 360 360 360 361 361 361 361 361 361 362 362 362 359 359 359 361 361 361 360 360 360 363 363 363 363 363 363 327 327 327 361 361 361 364 364 364 337 337 337 340 340 340 340 340 340 365 365 365 364 364 364 123 123 123 366 366 366 121 121 121 127 127 127 129 129 129 367 367 367 367 367 367 368 368 368 127 127 127 129 129 129 331 331 331 369 369 369 369 369 369 367 367 367 129 129 129 333 333 333 332 332 332 370 370 370 370 370 370 371 371 371 333 333 333 372 372 372 370 370 370 332 332 332 332 332 332 373 373 373 372 372 372 137 137 137 136 136 136 374 374 374 374 374 374 97 97 97 137 137 137 97 97 97 374 374 374 375 375 375 375 375 375 130 130 130 97 97 97 130 130 130 375 375 375 376 376 376 376 376 376 110 110 110 130 130 130 346 346 346 110 110 110 376 376 376 376 376 376 377 377 377 346 346 346 346 346 346 134 134 134 133 133 133 378 378 378 315 315 315 335 335 335 335 335 335 379 379 379 378 378 378 380 380 380 132 132 132 131 131 131 131 131 131 381 381 381 380 380 380 367 367 367 382 382 382 383 383 383 383 383 383 368 368 368 367 367 367 384 384 384 385 385 385 369 369 369 369 369 369 371 371 371 384 384 384 386 386 386 384 384 384 371 371 371 371 371 371 370 370 370 386 386 386 387 387 387 386 386 386 370 370 370 370 370 370 372 372 372 387 387 387 138 138 138 137 137 137 315 315 315 315 315 315 378 378 378 138 138 138 382 382 382 388 388 388 389 389 389 389 389 389 383 383 383 382 382 382 385 385 385 384 384 384 390 390 390 390 390 390 391 391 391 385 385 385 384 384 384 386 386 386 392 392 392 392 392 392 390 390 390 384 384 384 393 393 393 394 394 394 391 391 391 391 391 391 390 390 390 393 393 393 395 395 395 393 393 393 392 392 392 389 389 389 388 388 388 396 396 396 396 396 396 397 397 397 389 389 389 397 397 397 396 396 396 398 398 398 398 398 398 399 399 399 397 397 397 398 398 398 396 396 396 394 394 394 394 394 394 365 365 365 398 398 398 400 400 400 365 365 365 393 393 393 393 393 393 395 395 395 400 400 400 392 392 392 401 401 401 395 395 395 392 392 392 386 386 386 387 387 387 387 387 387 401 401 401 392 392 392 340 340 340 339 339 339 399 399 399 399 399 399 398 398 398 340 340 340 365 365 365 340 340 340 398 398 398 402 402 402 403 403 403 404 404 404 404 404 404 405 405 405 402 402 402 406 406 406 407 407 407 403 403 403 403 403 403 402 402 402 406 406 406 408 408 408 409 409 409 410 410 410 410 410 410 411 411 411 408 408 408 409 409 409 412 412 412 413 413 413 413 413 413 410 410 410 409 409 409 414 414 414 141 141 141 140 140 140 415 415 415 416 416 416 417 417 417 413 413 413 412 412 412 418 418 418 418 418 418 419 419 419 413 413 413 419 419 419 418 418 418 420 420 420 420 420 420 421 421 421 419 419 419 421 421 421 420 420 420 422 422 422 422 422 422 423 423 423 421 421 421 422 422 422 424 424 424 425 425 425 425 425 425 423 423 423 422 422 422 426 426 426 427 427 427 408 408 408 408 408 408 411 411 411 426 426 426 428 428 428 409 409 409 408 408 408 408 408 408 429 429 429 428 428 428 430 430 430 146 146 146 145 145 145 145 145 145 429 429 429 430 430 430 431 431 431 428 428 428 432 432 432 432 432 432 433 433 433 431 431 431 431 431 431 433 433 433 434 434 434 434 434 434 435 435 435 431 431 431 436 436 436 420 420 420 418 418 418 418 418 418 435 435 435 436 436 436 437 437 437 422 422 422 420 420 420 420 420 420 436 436 436 437 437 437 438 438 438 437 437 437 439 439 439 439 439 439 440 440 440 438 438 438 441 441 441 442 442 442 443 443 443 443 443 443 444 444 444 441 441 441 445 445 445 433 433 433 432 432 432 432 432 432 446 446 446 445 445 445 447 447 447 434 434 434 433 433 433 433 433 433 445 445 445 447 447 447 448 448 448 449 449 449 450 450 450 450 450 450 451 451 451 448 448 448 452 452 452 453 453 453 449 449 449 449 449 449 448 448 448 452 452 452 454 454 454 440 440 440 439 439 439 439 439 439 455 455 455 454 454 454 456 456 456 149 149 149 457 457 457 458 458 458 152 152 152 149 149 149 149 149 149 456 456 456 458 458 458 457 457 457 151 151 151 459 459 459 151 151 151 460 460 460 459 459 459 461 461 461 462 462 462 460 460 460 460 460 460 463 463 463 461 461 461 464 464 464 156 156 156 155 155 155 155 155 155 465 465 465 464 464 464 155 155 155 159 159 159 465 465 465 154 154 154 466 466 466 460 460 460 460 460 460 151 151 151 154 154 154 466 466 466 467 467 467 463 463 463 463 463 463 460 460 460 466 466 466 164 164 164 161 161 161 468 468 468 468 468 468 469 469 469 164 164 164 468 468 468 161 161 161 163 163 163 163 163 163 470 470 470 468 468 468 470 470 470 163 163 163 168 168 168 168 168 168 170 170 170 470 470 470 167 167 167 166 166 166 471 471 471 174 174 174 167 167 167 471 471 471 471 471 471 472 472 472 174 174 174 473 473 473 474 474 474 475 475 475 475 475 475 476 476 476 473 473 473 477 477 477 478 478 478 479 479 479 479 479 479 480 480 480 477 477 477 481 481 481 482 482 482 480 480 480 480 480 480 479 479 479 481 481 481 483 483 483 484 484 484 482 482 482 482 482 482 481 481 481 483 483 483 485 485 485 484 484 484 483 483 483 483 483 483 486 486 486 485 485 485 154 154 154 175 175 175 178 178 178 175 175 175 487 487 487 177 177 177 488 488 488 176 176 176 165 165 165 165 165 165 174 174 174 488 488 488 466 466 466 154 154 154 178 178 178 178 178 178 489 489 489 466 466 466 490 490 490 489 489 489 178 178 178 178 178 178 177 177 177 490 490 490 467 467 467 466 466 466 489 489 489 489 489 489 491 491 491 467 467 467 490 490 490 492 492 492 491 491 491 491 491 491 489 489 489 490 490 490 173 173 173 158 158 158 493 493 493 493 493 493 179 179 179 173 173 173 494 494 494 495 495 495 179 179 179 179 179 179 493 493 493 494 494 494 172 172 172 179 179 179 495 495 495 496 496 496 183 183 183 182 182 182 182 182 182 497 497 497 496 496 496 487 487 487 498 498 498 499 499 499 499 499 499 177 177 177 487 487 487 185 185 185 187 187 187 497 497 497 497 497 497 182 182 182 185 185 185 177 177 177 499 499 499 188 188 188 188 188 188 490 490 490 177 177 177 492 492 492 490 490 490 188 188 188 188 188 188 190 190 190 492 492 492 185 185 185 182 182 182 184 184 184 184 184 184 500 500 500 185 185 185 501 501 501 502 502 502 495 495 495 495 495 495 494 494 494 501 501 501 186 186 186 185 185 185 500 500 500 500 500 500 503 503 503 186 186 186 504 504 504 505 505 505 187 187 187 187 187 187 186 186 186 504 504 504 189 189 189 188 188 188 499 499 499 499 499 499 506 506 506 189 189 189 502 502 502 501 501 501 507 507 507 507 507 507 508 508 508 502 502 502 483 483 483 509 509 509 510 510 510 510 510 510 486 486 486 483 483 483 509 509 509 483 483 483 481 481 481 481 481 481 196 196 196 509 509 509 191 191 191 476 476 476 486 486 486 486 486 486 510 510 510 191 191 191 511 511 511 510 510 510 509 509 509 509 509 509 512 512 512 511 511 511 192 192 192 191 191 191 510 510 510 510 510 510 511 511 511 192 192 192 509 509 509 196 196 196 513 513 513 513 513 513 512 512 512 509 509 509 512 512 512 513 513 513 192 192 192 192 192 192 511 511 511 512 512 512 514 514 514 195 195 195 194 194 194 194 194 194 515 515 515 514 514 514 473 473 473 476 476 476 191 191 191 191 191 191 193 193 193 473 473 473 479 479 479 478 478 478 515 515 515 515 515 515 194 194 194 479 479 479 318 318 318 516 516 516 517 517 517 517 517 517 66 66 66 318 318 318 518 518 518 327 327 327 198 198 198 198 198 198 197 197 197 518 518 518 519 519 519 327 327 327 518 518 518 519 519 519 520 520 520 362 362 362 362 362 362 361 361 361 519 519 519 200 200 200 202 202 202 521 521 521 206 206 206 522 522 522 523 523 523 523 523 523 203 203 203 206 206 206 524 524 524 525 525 525 203 203 203 203 203 203 523 523 523 524 524 524 526 526 526 204 204 204 203 203 203 203 203 203 525 525 525 526 526 526 527 527 527 521 521 521 202 202 202 202 202 202 528 528 528 527 527 527 529 529 529 525 525 525 524 524 524 524 524 524 530 530 530 529 529 529 531 531 531 526 526 526 525 525 525 525 525 525 529 529 529 531 531 531 532 532 532 533 533 533 526 526 526 526 526 526 531 531 531 532 532 532 534 534 534 535 535 535 536 536 536 536 536 536 532 532 532 531 531 531 531 531 531 537 537 537 536 536 536 529 529 529 537 537 537 531 531 531 537 537 537 529 529 529 530 530 530 530 530 530 538 538 538 537 537 537 539 539 539 537 537 537 538 538 538 538 538 538 540 540 540 539 539 539 539 539 539 541 541 541 542 542 542 542 542 542 543 543 543 539 539 539 542 542 542 544 544 544 545 545 545 545 545 545 543 543 543 542 542 542 544 544 544 546 546 546 547 547 547 547 547 547 545 545 545 544 544 544 548 548 548 549 549 549 541 541 541 541 541 541 550 550 550 548 548 548 549 549 549 551 551 551 542 542 542 542 542 542 541 541 541 549 549 549 544 544 544 542 542 542 551 551 551 551 551 551 552 552 552 544 544 544 546 546 546 544 544 544 552 552 552 552 552 552 553 553 553 546 546 546 554 554 554 546 546 546 553 553 553 553 553 553 555 555 555 554 554 554 549 549 549 556 556 556 557 557 557 557 557 557 551 551 551 549 549 549 549 549 549 548 548 548 558 558 558 558 558 558 556 556 556 549 549 549 557 557 557 559 559 559 552 552 552 552 552 552 551 551 551 557 557 557 552 552 552 559 559 559 560 560 560 560 560 560 553 553 553 552 552 552 553 553 553 560 560 560 561 561 561 561 561 561 555 555 555 553 553 553 556 556 556 558 558 558 562 562 562 562 562 562 563 563 563 556 556 556 563 563 563 564 564 564 557 557 557 557 557 557 556 556 556 563 563 563 559 559 559 557 557 557 564 564 564 564 564 564 565 565 565 559 559 559 560 560 560 559 559 559 565 565 565 565 565 565 566 566 566 560 560 560 561 561 561 560 560 560 566 566 566 566 566 566 567 567 567 561 561 561 214 214 214 217 217 217 207 207 207 207 207 207 209 209 209 214 214 214 213 213 213 212 212 212 568 568 568 568 568 568 569 569 569 213 213 213 215 215 215 570 570 570 218 218 218 571 571 571 572 572 572 573 573 573 573 573 573 574 574 574 571 571 571 232 232 232 219 219 219 218 218 218 230 230 230 571 571 571 574 574 574 574 574 574 575 575 575 230 230 230 568 568 568 212 212 212 576 576 576 576 576 576 577 577 577 568 568 568 576 576 576 212 212 212 210 210 210 210 210 210 220 220 220 576 576 576 578 578 578 576 576 576 220 220 220 220 220 220 225 225 225 578 578 578 579 579 579 229 229 229 219 219 219 578 578 578 580 580 580 577 577 577 577 577 577 576 576 576 578 578 578 575 575 575 581 581 581 233 233 233 233 233 233 230 230 230 575 575 575 219 219 219 232 232 232 231 231 231 231 231 231 579 579 579 219 219 219 254 254 254 225 225 225 224 224 224 224 224 224 234 234 234 254 254 254 229 229 229 579 579 579 239 239 239 239 239 239 236 236 236 229 229 229 582 582 582 248 248 248 240 240 240 240 240 240 255 255 255 582 582 582 249 249 249 252 252 252 583 583 583 583 583 583 253 253 253 249 249 249 240 240 240 242 242 242 241 241 241 247 247 247 250 250 250 246 246 246 251 251 251 226 226 226 238 238 238 280 280 280 299 299 299 301 301 301 301 301 301 283 283 283 280 280 280 78 78 78 584 584 584 307 307 307 307 307 307 45 45 45 78 78 78 314 314 314 87 87 87 91 91 91 91 91 91 93 93 93 314 314 314 585 585 585 312 312 312 93 93 93 93 93 93 99 99 99 585 585 585 118 118 118 354 354 354 115 115 115 115 115 115 106 106 106 118 118 118 323 323 323 322 322 322 128 128 128 128 128 128 135 135 135 323 323 323 143 143 143 342 342 342 144 144 144 586 586 586 465 465 465 159 159 159 159 159 159 162 162 162 586 586 586 485 485 485 486 486 486 476 476 476 476 476 476 475 475 475 485 485 485 479 479 479 194 194 194 196 196 196 196 196 196 481 481 481 479 479 479 237 237 237 227 227 227 236 236 236 236 236 236 241 241 241 237 237 237 414 414 414 587 587 587 588 588 588 407 407 407 406 406 406 589 589 589 265 265 265 289 289 289 295 295 295 295 295 295 267 267 267 265 265 265 15 15 15 271 271 271 295 295 295 590 590 590 591 591 591 592 592 592 592 592 592 593 593 593 590 590 590 594 594 594 595 595 595 596 596 596 594 594 594 596 596 596 597 597 597 597 597 597 598 598 598 594 594 594 598 598 598 597 597 597 599 599 599 599 599 599 600 600 600 598 598 598 600 600 600 599 599 599 592 592 592 592 592 592 591 591 591 600 600 600 497 497 497 187 187 187 505 505 505 505 505 505 601 601 601 497 497 497 602 602 602 495 495 495 502 502 502 502 502 502 603 603 603 602 602 602 502 502 502 508 508 508 604 604 604 604 604 604 603 603 603 502 502 502 506 506 506 499 499 499 498 498 498 498 498 498 605 605 605 506 506 506 172 172 172 495 495 495 602 602 602 496 496 496 497 497 497 601 601 601 601 601 601 606 606 606 496 496 496 505 505 505 607 607 607 608 608 608 608 608 608 601 601 601 505 505 505 601 601 601 608 608 608 609 609 609 609 609 609 606 606 606 601 601 601 602 602 602 610 610 610 611 611 611 611 611 611 172 172 172 602 602 602 602 602 602 603 603 603 612 612 612 612 612 612 610 610 610 602 602 602 607 607 607 613 613 613 614 614 614 614 614 614 608 608 608 607 607 607 615 615 615 609 609 609 608 608 608 608 608 608 614 614 614 615 615 615 487 487 487 175 175 175 616 616 616 616 616 616 617 617 617 487 487 487 498 498 498 487 487 487 617 617 617 617 617 617 618 618 618 498 498 498 613 613 613 607 607 607 504 504 504 604 604 604 612 612 612 603 603 603 605 605 605 498 498 498 618 618 618 607 607 607 505 505 505 504 504 504 271 271 271 267 267 267 295 295 295 619 619 619 285 285 285 7 7 7 7 7 7 6 6 6 619 619 619 143 143 143 620 620 620 342 342 342 346 346 346 377 377 377 134 134 134 345 345 345 133 133 133 107 107 107 621 621 621 622 622 622 623 623 623 624 624 624 625 625 625 626 626 626 626 626 626 627 627 627 624 624 624 628 628 628 626 626 626 629 629 629 625 625 625 630 630 630 626 626 626 631 631 631 632 632 632 621 621 621 633 633 633 634 634 634 635 635 635 635 635 635 634 634 634 636 636 636 636 636 636 634 634 634 637 637 637 637 637 637 634 634 634 638 638 638 639 639 639 640 640 640 638 638 638 637 637 637 638 638 638 640 640 640 640 640 640 641 641 641 637 637 637 642 642 642 643 643 643 644 644 644 645 645 645 643 643 643 642 642 642 642 642 642 646 646 646 645 645 645 647 647 647 648 648 648 640 640 640 646 646 646 642 642 642 649 649 649 644 644 644 649 649 649 642 642 642 650 650 650 649 649 649 644 644 644 651 651 651 649 649 649 652 652 652 653 653 653 625 625 625 654 654 654 655 655 655 656 656 656 657 657 657 658 658 658 659 659 659 660 660 660 656 656 656 661 661 661 662 662 662 663 663 663 664 664 664 653 653 653 625 625 625 653 653 653 664 664 664 665 665 665 666 666 666 663 663 663 664 664 664 667 667 667 625 625 625 664 664 664 663 663 663 666 666 666 625 625 625 667 667 667 630 630 630 630 630 630 668 668 668 626 626 626 621 621 621 632 632 632 622 622 622 669 669 669 257 257 257 660 660 660 256 256 256 660 660 660 257 257 257 261 261 261 670 670 670 671 671 671 672 672 672 621 621 621 623 623 623 623 623 623 673 673 673 672 672 672 633 633 633 672 672 672 673 673 673 673 673 673 674 674 674 633 633 633 672 672 672 675 675 675 676 676 676 631 631 631 621 621 621 672 672 672 672 672 672 677 677 677 631 631 631 675 675 675 672 672 672 633 633 633 633 633 633 635 635 635 675 675 675 636 636 636 678 678 678 679 679 679 679 679 679 680 680 680 636 636 636 681 681 681 678 678 678 636 636 636 636 636 636 682 682 682 681 681 681 683 683 683 684 684 684 680 680 680 680 680 680 679 679 679 683 683 683 685 685 685 686 686 686 684 684 684 684 684 684 683 683 683 685 685 685 682 682 682 687 687 687 688 688 688 688 688 688 681 681 681 682 682 682 637 637 637 641 641 641 682 682 682 682 682 682 636 636 636 637 637 637 687 687 687 682 682 682 641 641 641 641 641 641 689 689 689 687 687 687 687 687 687 690 690 690 691 691 691 691 691 691 688 688 688 687 687 687 689 689 689 692 692 692 690 690 690 690 690 690 687 687 687 689 689 689 691 691 691 690 690 690 693 693 693 693 693 693 694 694 694 691 691 691 690 690 690 692 692 692 654 654 654 654 654 654 693 693 693 690 690 690 695 695 695 694 694 694 693 693 693 693 693 693 624 624 624 695 695 695 654 654 654 625 625 625 624 624 624 624 624 624 693 693 693 654 654 654 624 624 624 696 696 696 695 695 695 697 697 697 696 696 696 627 627 627 627 627 627 698 698 698 697 697 697 627 627 627 626 626 626 628 628 628 628 628 628 699 699 699 627 627 627 700 700 700 676 676 676 686 686 686 686 686 686 701 701 701 700 700 700 677 677 677 676 676 676 700 700 700 700 700 700 702 702 702 677 677 677 697 697 697 698 698 698 701 701 701 701 701 701 703 703 703 697 697 697 700 700 700 699 699 699 628 628 628 628 628 628 702 702 702 700 700 700 702 702 702 704 704 704 631 631 631 631 631 631 677 677 677 702 702 702 629 629 629 704 704 704 702 702 702 702 702 702 628 628 628 629 629 629 626 626 626 668 668 668 705 705 705 705 705 705 629 629 629 626 626 626 706 706 706 704 704 704 629 629 629 629 629 629 705 705 705 706 706 706 704 704 704 706 706 706 632 632 632 632 632 632 631 631 631 704 704 704 674 674 674 707 707 707 634 634 634 634 634 634 633 633 633 674 674 674 638 638 638 634 634 634 707 707 707 707 707 707 708 708 708 638 638 638 708 708 708 709 709 709 639 639 639 639 639 639 638 638 638 708 708 708 710 710 710 639 639 639 709 709 709 709 709 709 711 711 711 710 710 710 647 647 647 640 640 640 639 639 639 639 639 639 710 710 710 647 647 647 710 710 710 711 711 711 712 712 712 712 712 712 643 643 643 710 710 710 645 645 645 647 647 647 710 710 710 710 710 710 643 643 643 645 645 645 713 713 713 644 644 644 643 643 643 643 643 643 712 712 712 713 713 713 644 644 644 713 713 713 714 714 714 714 714 714 650 650 650 644 644 644 647 647 647 645 645 645 646 646 646 646 646 646 648 648 648 647 647 647 651 651 651 641 641 641 640 640 640 640 640 640 648 648 648 651 651 651 714 714 714 715 715 715 716 716 716 716 716 716 650 650 650 714 714 714 717 717 717 649 649 649 650 650 650 650 650 650 716 716 716 717 717 717 715 715 715 718 718 718 716 716 716 719 719 719 717 717 717 716 716 716 720 720 720 652 652 652 649 649 649 649 649 649 717 717 717 720 720 720 692 692 692 721 721 721 722 722 722 692 692 692 722 722 722 653 653 653 653 653 653 654 654 654 692 692 692 723 723 723 724 724 724 725 725 725 725 725 725 726 726 726 723 723 723 717 717 717 727 727 727 720 720 720 655 655 655 657 657 657 724 724 724 724 724 724 723 723 723 655 655 655 720 720 720 727 727 727 656 656 656 656 656 656 662 662 662 720 720 720 662 662 662 728 728 728 652 652 652 652 652 652 720 720 720 662 662 662 729 729 729 730 730 730 723 723 723 723 723 723 726 726 726 729 729 729 730 730 730 731 731 731 655 655 655 655 655 655 723 723 723 730 730 730 656 656 656 731 731 731 661 661 661 732 732 732 733 733 733 731 731 731 731 731 731 730 730 730 732 732 732 661 661 661 731 731 731 733 733 733 734 734 734 732 732 732 730 730 730 730 730 730 729 729 729 734 734 734 735 735 735 736 736 736 737 737 737 737 737 737 738 738 738 735 735 735 737 737 737 739 739 739 738 738 738 740 740 740 741 741 741 739 739 739 740 740 740 658 658 658 742 742 742 659 659 659 740 740 740 737 737 737 736 736 736 743 743 743 659 659 659 659 659 659 737 737 737 736 736 736 659 659 659 743 743 743 669 669 669 669 669 669 660 660 660 659 659 659 728 728 728 721 721 721 651 651 651 651 651 651 652 652 652 728 728 728 741 741 741 742 742 742 721 721 721 721 721 721 728 728 728 741 741 741 742 742 742 722 722 722 721 721 721 742 742 742 658 658 658 744 744 744 744 744 744 745 745 745 742 742 742 653 653 653 722 722 722 745 745 745 745 745 745 663 663 663 653 653 653 663 663 663 745 745 745 744 744 744 744 744 744 665 665 665 663 663 663 744 744 744 658 658 658 660 660 660 660 660 660 746 746 746 744 744 744 746 746 746 671 671 671 665 665 665 665 665 665 744 744 744 746 746 746 670 670 670 666 666 666 665 665 665 665 665 665 671 671 671 670 670 670 622 622 622 632 632 632 747 747 747 747 747 747 748 748 748 622 622 622 706 706 706 747 747 747 632 632 632 256 256 256 259 259 259 746 746 746 746 746 746 660 660 660 256 256 256 259 259 259 261 261 261 671 671 671 671 671 671 746 746 746 259 259 259 261 261 261 263 263 263 670 670 670 649 649 649 651 651 651 648 648 648 648 648 648 646 646 646 649 649 649 741 741 741 728 728 728 662 662 662 662 662 662 661 661 661 741 741 741 749 749 749 750 750 750 751 751 751 750 750 750 752 752 752 751 751 751 753 753 753 749 749 749 751 751 751 754 754 754 753 753 753 751 751 751 752 752 752 755 755 755 751 751 751 755 755 755 756 756 756 751 751 751 756 756 756 757 757 757 751 751 751 757 757 757 758 758 758 751 751 751 758 758 758 759 759 759 751 751 751 760 760 760 754 754 754 751 751 751 759 759 759 760 760 760 751 751 751 761 761 761 762 762 762 763 763 763 764 764 764 765 765 765 766 766 766 767 767 767 764 764 764 768 768 768 768 768 768 769 769 769 767 767 767 770 770 770 771 771 771 772 772 772 772 772 772 773 773 773 770 770 770 766 766 766 774 774 774 764 764 764 772 772 772 775 775 775 776 776 776 776 776 776 777 777 777 772 772 772 778 778 778 779 779 779 777 777 777 780 780 780 781 781 781 782 782 782 783 783 783 784 784 784 785 785 785 785 785 785 786 786 786 783 783 783 787 787 787 788 788 788 789 789 789 789 789 789 790 790 790 787 787 787 791 791 791 792 792 792 793 793 793 786 786 786 785 785 785 794 794 794 795 795 795 786 786 786 796 796 796 794 794 794 796 796 796 786 786 786 796 796 796 797 797 797 795 795 795 798 798 798 799 799 799 800 800 800 799 799 799 798 798 798 801 801 801 789 789 789 802 802 802 790 790 790 802 802 802 789 789 789 803 803 803 804 804 804 803 803 803 805 805 805 803 803 803 804 804 804 802 802 802 803 803 803 806 806 806 805 805 805 806 806 806 807 807 807 808 808 808 806 806 806 808 808 808 805 805 805 808 808 808 809 809 809 805 805 805 810 810 810 811 811 811 812 812 812 812 812 812 797 797 797 810 810 810 797 797 797 796 796 796 813 813 813 813 813 813 810 810 810 797 797 797 810 810 810 814 814 814 815 815 815 810 810 810 813 813 813 814 814 814 794 794 794 816 816 816 817 817 817 794 794 794 818 818 818 816 816 816 819 819 819 817 817 817 816 816 816 820 820 820 815 815 815 814 814 814 793 793 793 818 818 818 791 791 791 821 821 821 822 822 822 823 823 823 822 822 822 824 824 824 823 823 823 823 823 823 825 825 825 826 826 826 825 825 825 823 823 823 824 824 824 827 827 827 824 824 824 822 822 822 828 828 828 826 826 826 825 825 825 824 824 824 829 829 829 825 825 825 830 830 830 824 824 824 827 827 827 830 830 830 831 831 831 832 832 832 831 831 831 830 830 830 827 827 827 833 833 833 832 832 832 831 831 831 827 827 827 834 834 834 831 831 831 835 835 835 836 836 836 837 837 837 837 837 837 838 838 838 835 835 835 839 839 839 840 840 840 841 841 841 842 842 842 841 841 841 840 840 840 843 843 843 839 839 839 844 844 844 839 839 839 843 843 843 840 840 840 844 844 844 845 845 845 843 843 843 842 842 842 840 840 840 846 846 846 847 847 847 842 842 842 846 846 846 840 840 840 843 843 843 848 848 848 848 848 848 846 846 846 840 840 840 843 843 843 845 845 845 848 848 848 849 849 849 845 845 845 850 850 850 849 849 849 848 848 848 845 845 845 851 851 851 849 849 849 850 850 850 852 852 852 853 853 853 854 854 854 854 854 854 855 855 855 852 852 852 853 853 853 852 852 852 856 856 856 857 857 857 853 853 853 856 856 856 858 858 858 854 854 854 853 853 853 852 852 852 859 859 859 856 856 856 860 860 860 861 861 861 862 862 862 860 860 860 863 863 863 864 864 864 862 862 862 865 865 865 866 866 866 866 866 866 860 860 860 862 862 862 867 867 867 864 864 864 863 863 863 867 867 867 863 863 863 866 866 866 868 868 868 869 869 869 870 870 870 871 871 871 838 838 838 872 872 872 838 838 838 871 871 871 873 873 873 838 838 838 873 873 873 835 835 835 874 874 874 835 835 835 873 873 873 875 875 875 876 876 876 873 873 873 877 877 877 875 875 875 878 878 878 873 873 873 878 878 878 875 875 875 763 763 763 762 762 762 879 879 879 879 879 879 765 765 765 763 763 763 761 761 761 880 880 880 881 881 881 762 762 762 882 882 882 879 879 879 880 880 880 761 761 761 763 763 763 880 880 880 883 883 883 884 884 884 884 884 884 881 881 881 880 880 880 883 883 883 880 880 880 885 885 885 780 780 780 883 883 883 885 885 885 885 885 885 886 886 886 780 780 780 879 879 879 887 887 887 766 766 766 766 766 766 765 765 765 879 879 879 767 767 767 769 769 769 770 770 770 770 770 770 773 773 773 767 767 767 779 779 779 781 781 781 780 780 780 780 780 780 886 886 886 779 779 779 888 888 888 889 889 889 774 774 774 774 774 774 766 766 766 888 888 888 887 887 887 890 890 890 888 888 888 888 888 888 766 766 766 887 887 887 774 774 774 889 889 889 891 891 891 891 891 891 768 768 768 774 774 774 769 769 769 768 768 768 891 891 891 891 891 891 892 892 892 769 769 769 892 892 892 893 893 893 770 770 770 770 770 770 769 769 769 892 892 892 770 770 770 893 893 893 894 894 894 894 894 894 895 895 895 771 771 771 771 771 771 770 770 770 894 894 894 775 775 775 772 772 772 771 771 771 896 896 896 775 775 775 771 771 771 771 771 771 895 895 895 896 896 896 778 778 778 781 781 781 779 779 779 895 895 895 894 894 894 897 897 897 897 897 897 898 898 898 895 895 895 896 896 896 895 895 895 898 898 898 898 898 898 807 807 807 896 896 896 783 783 783 897 897 897 894 894 894 894 894 894 893 893 893 783 783 783 784 784 784 783 783 783 893 893 893 893 893 893 892 892 892 784 784 784 899 899 899 784 784 784 892 892 892 892 892 892 891 891 891 899 899 899 899 899 899 891 891 891 889 889 889 889 889 889 900 900 900 899 899 899 889 889 889 888 888 888 901 901 901 901 901 901 900 900 900 889 889 889 902 902 902 781 781 781 778 778 778 778 778 778 903 903 903 902 902 902 778 778 778 777 777 777 904 904 904 904 904 904 903 903 903 778 778 778 775 775 775 896 896 896 787 787 787 788 788 788 896 896 896 807 807 807 807 807 807 806 806 806 788 788 788 905 905 905 807 807 807 898 898 898 898 898 898 897 897 897 795 795 795 795 795 795 905 905 905 898 898 898 899 899 899 791 791 791 785 785 785 785 785 785 784 784 784 899 899 899 900 900 900 792 792 792 791 791 791 791 791 791 899 899 899 900 900 900 787 787 787 790 790 790 906 906 906 906 906 906 907 907 907 787 787 787 887 887 887 879 879 879 908 908 908 888 888 888 890 890 890 799 799 799 799 799 799 901 901 901 888 888 888 792 792 792 900 900 900 901 901 901 901 901 901 909 909 909 792 792 792 901 901 901 799 799 799 801 801 801 801 801 801 909 909 909 901 901 901 909 909 909 910 910 910 793 793 793 793 793 793 792 792 792 909 909 909 909 909 909 801 801 801 837 837 837 837 837 837 910 910 910 909 909 909 797 797 797 812 812 812 905 905 905 905 905 905 795 795 795 797 797 797 790 790 790 802 802 802 911 911 911 911 911 911 906 906 906 790 790 790 804 804 804 805 805 805 912 912 912 912 912 912 913 913 913 804 804 804 808 808 808 807 807 807 905 905 905 905 905 905 812 812 812 808 808 808 809 809 809 914 914 914 912 912 912 912 912 912 805 805 805 809 809 809 914 914 914 809 809 809 811 811 811 811 811 811 915 915 915 914 914 914 809 809 809 808 808 808 812 812 812 812 812 812 811 811 811 809 809 809 810 810 810 815 815 815 915 915 915 915 915 915 811 811 811 810 810 810 813 813 813 796 796 796 794 794 794 794 794 794 817 817 817 813 813 813 814 814 814 813 813 813 817 817 817 817 817 817 916 916 916 814 814 814 916 916 916 817 817 817 819 819 819 819 819 819 917 917 917 916 916 916 916 916 916 917 917 917 918 918 918 918 918 918 919 919 919 916 916 916 816 816 816 818 818 818 793 793 793 793 793 793 920 920 920 816 816 816 819 819 819 816 816 816 920 920 920 920 920 920 821 821 821 819 819 819 917 917 917 821 821 821 823 823 823 823 823 823 826 826 826 918 918 918 918 918 918 917 917 917 823 823 823 920 920 920 921 921 921 822 822 822 822 822 822 821 821 821 920 920 920 920 920 920 793 793 793 910 910 910 910 910 910 921 921 921 920 920 920 837 837 837 836 836 836 921 921 921 921 921 921 910 910 910 837 837 837 921 921 921 836 836 836 922 922 922 922 922 922 822 822 822 921 921 921 827 827 827 822 822 822 922 922 922 841 841 841 923 923 923 924 924 924 924 924 924 925 925 925 841 841 841 839 839 839 841 841 841 925 925 925 925 925 925 926 926 926 839 839 839 830 830 830 927 927 927 829 829 829 829 829 829 824 824 824 830 830 830 839 839 839 926 926 926 928 928 928 928 928 928 844 844 844 839 839 839 832 832 832 929 929 929 830 830 830 930 930 930 844 844 844 928 928 928 928 928 928 931 931 931 930 930 930 922 922 922 874 874 874 834 834 834 834 834 834 827 827 827 922 922 922 875 875 875 877 877 877 833 833 833 833 833 833 831 831 831 875 875 875 834 834 834 876 876 876 875 875 875 875 875 875 831 831 831 834 834 834 923 923 923 841 841 841 842 842 842 842 842 842 932 932 932 923 923 923 932 932 932 842 842 842 847 847 847 847 847 847 933 933 933 932 932 932 934 934 934 935 935 935 933 933 933 933 933 933 847 847 847 934 934 934 936 936 936 934 934 934 847 847 847 847 847 847 846 846 846 936 936 936 848 848 848 937 937 937 936 936 936 936 936 936 846 846 846 848 848 848 938 938 938 937 937 937 848 848 848 848 848 848 849 849 849 938 938 938 849 849 849 851 851 851 939 939 939 939 939 939 938 938 938 849 849 849 940 940 940 941 941 941 938 938 938 938 938 938 939 939 939 940 940 940 941 941 941 942 942 942 937 937 937 937 937 937 938 938 938 941 941 941 937 937 937 942 942 942 943 943 943 943 943 943 936 936 936 937 937 937 936 936 936 943 943 943 944 944 944 944 944 944 934 934 934 936 936 936 934 934 934 944 944 944 945 945 945 945 945 945 935 935 935 934 934 934 946 946 946 945 945 945 944 944 944 944 944 944 947 947 947 946 946 946 943 943 943 948 948 948 947 947 947 947 947 947 944 944 944 943 943 943 948 948 948 943 943 943 942 942 942 942 942 942 949 949 949 948 948 948 949 949 949 942 942 942 941 941 941 941 941 941 950 950 950 949 949 949 950 950 950 941 941 941 940 940 940 940 940 940 951 951 951 950 950 950 952 952 952 946 946 946 947 947 947 947 947 947 953 953 953 952 952 952 953 953 953 947 947 947 948 948 948 948 948 948 954 954 954 953 953 953 948 948 948 949 949 949 955 955 955 955 955 955 954 954 954 948 948 948 955 955 955 949 949 949 950 950 950 950 950 950 956 956 956 955 955 955 956 956 956 950 950 950 951 951 951 951 951 951 957 957 957 956 956 956 958 958 958 952 952 952 953 953 953 953 953 953 959 959 959 958 958 958 959 959 959 953 953 953 954 954 954 954 954 954 960 960 960 959 959 959 954 954 954 955 955 955 961 961 961 961 961 961 960 960 960 954 954 954 955 955 955 956 956 956 962 962 962 962 962 962 961 961 961 955 955 955 962 962 962 956 956 956 957 957 957 957 957 957 963 963 963 962 962 962 964 964 964 958 958 958 959 959 959 959 959 959 965 965 965 964 964 964 960 960 960 966 966 966 965 965 965 965 965 965 959 959 959 960 960 960 967 967 967 968 968 968 964 964 964 964 964 964 965 965 965 967 967 967 969 969 969 967 967 967 965 965 965 965 965 965 966 966 966 969 969 969 966 966 966 960 960 960 961 961 961 970 970 970 966 966 966 971 971 971 971 971 971 966 966 966 961 961 961 971 971 971 961 961 961 962 962 962 962 962 962 972 972 972 971 971 971 973 973 973 970 970 970 971 971 971 971 971 971 972 972 972 973 973 973 974 974 974 970 970 970 973 973 973 973 973 973 975 975 975 974 974 974 855 855 855 974 974 974 975 975 975 975 975 975 976 976 976 855 855 855 974 974 974 977 977 977 969 969 969 969 969 969 970 970 970 974 974 974 977 977 977 978 978 978 967 967 967 967 967 967 969 969 969 977 977 977 978 978 978 979 979 979 968 968 968 968 968 968 967 967 967 978 978 978 858 858 858 980 980 980 979 979 979 979 979 979 978 978 978 858 858 858 854 854 854 858 858 858 978 978 978 978 978 978 977 977 977 854 854 854 878 878 878 873 873 873 981 981 981 982 982 982 868 868 868 870 870 870 786 786 786 795 795 795 897 897 897 897 897 897 783 783 783 786 786 786 806 806 806 803 803 803 788 788 788 785 785 785 791 791 791 818 818 818 818 818 818 794 794 794 785 785 785 911 911 911 802 802 802 804 804 804 804 804 804 913 913 913 911 911 911 919 919 919 820 820 820 814 814 814 814 814 814 916 916 916 919 919 919 836 836 836 835 835 835 874 874 874 874 874 874 922 922 922 836 836 836 844 844 844 930 930 930 850 850 850 850 850 850 845 845 845 844 844 844 855 855 855 854 854 854 977 977 977 977 977 977 974 974 974 855 855 855 853 853 853 857 857 857 980 980 980 980 980 980 858 858 858 853 853 853 852 852 852 855 855 855 976 976 976 976 976 976 859 859 859 852 852 852 876 876 876 834 834 834 874 874 874 874 874 874 873 873 873 876 876 876 983 983 983 981 981 981 871 871 871 871 871 871 984 984 984 983 983 983 879 879 879 882 882 882 908 908 908 890 890 890 887 887 887 985 985 985 887 887 887 908 908 908 985 985 985 986 986 986 890 890 890 985 985 985 982 982 982 870 870 870 987 987 987 873 873 873 871 871 871 981 981 981 988 988 988 989 989 989 990 990 990 990 990 990 991 991 991 988 988 988 992 992 992 993 993 993 994 994 994 994 994 994 995 995 995 992 992 992 996 996 996 992 992 992 995 995 995 995 995 995 997 997 997 996 996 996 988 988 988 996 996 996 997 997 997 997 997 997 989 989 989 988 988 988 998 998 998 999 999 999 1000 1000 1000 1000 1000 1000 1001 1001 1001 998 998 998 991 991 991 990 990 990 1000 1000 1000 1000 1000 1000 999 999 999 991 991 991 990 990 990 989 989 989 1002 1002 1002 1002 1002 1002 1003 1003 1003 990 990 990 995 995 995 994 994 994 1004 1004 1004 1004 1004 1004 1005 1005 1005 995 995 995 995 995 995 1005 1005 1005 1006 1006 1006 1006 1006 1006 997 997 997 995 995 995 997 997 997 1006 1006 1006 1002 1002 1002 1002 1002 1002 989 989 989 997 997 997 1001 1001 1001 1000 1000 1000 1007 1007 1007 1007 1007 1007 1008 1008 1008 1001 1001 1001 1000 1000 1000 990 990 990 1003 1003 1003 1003 1003 1003 1007 1007 1007 1000 1000 1000 1007 1007 1007 1009 1009 1009 1010 1010 1010 1010 1010 1010 1008 1008 1008 1007 1007 1007 1009 1009 1009 1007 1007 1007 1003 1003 1003 1003 1003 1003 1011 1011 1011 1009 1009 1009 1002 1002 1002 1011 1011 1011 1003 1003 1003 1004 1004 1004 1010 1010 1010 1009 1009 1009 1009 1009 1009 1005 1005 1005 1004 1004 1004 1006 1006 1006 1005 1005 1005 1009 1009 1009 1009 1009 1009 1011 1011 1011 1006 1006 1006 1002 1002 1002 1006 1006 1006 1011 1011 1011 772 772 772 779 779 779 886 886 886 886 886 886 773 773 773 772 772 772 641 641 641 651 651 651 689 689 689 651 651 651 721 721 721 689 689 689 692 692 692 689 689 689 721 721 721 742 742 742 745 745 745 722 722 722 718 718 718 719 719 719 716 716 716 717 717 717 719 719 719 727 727 727 1012 1012 1012 1013 1013 1013 1014 1014 1014 1013 1013 1013 1012 1012 1012 1015 1015 1015 1015 1015 1015 1016 1016 1016 1013 1013 1013 1016 1016 1016 1015 1015 1015 1017 1017 1017 1017 1017 1017 1018 1018 1018 1016 1016 1016 1019 1019 1019 1020 1020 1020 1021 1021 1021 1018 1018 1018 1017 1017 1017 1022 1022 1022 1022 1022 1022 1023 1023 1023 1018 1018 1018 1019 1019 1019 1021 1021 1021 1023 1023 1023 1023 1023 1023 1022 1022 1022 1019 1019 1019 1013 1013 1013 1024 1024 1024 1014 1014 1014 1016 1016 1016 1025 1025 1025 1024 1024 1024 1024 1024 1024 1013 1013 1013 1016 1016 1016 1025 1025 1025 1016 1016 1016 1018 1018 1018 1018 1018 1018 1026 1026 1026 1025 1025 1025 1027 1027 1027 1028 1028 1028 1029 1029 1029 1026 1026 1026 1018 1018 1018 1023 1023 1023 1023 1023 1023 1030 1030 1030 1026 1026 1026 1021 1021 1021 1027 1027 1027 1030 1030 1030 1030 1030 1030 1023 1023 1023 1021 1021 1021 1028 1028 1028 1020 1020 1020 1029 1029 1029 624 624 624 627 627 627 696 696 696 1027 1027 1027 1021 1021 1021 1028 1028 1028 1031 1031 1031 1032 1032 1032 1033 1033 1033 1031 1031 1031 1033 1033 1033 1034 1034 1034 1031 1031 1031 1034 1034 1034 1035 1035 1035 1031 1031 1031 1036 1036 1036 1037 1037 1037 1031 1031 1031 1037 1037 1037 1038 1038 1038 1031 1031 1031 1038 1038 1038 1032 1032 1032 1033 1033 1033 1032 1032 1032 1039 1039 1039 1039 1039 1039 1040 1040 1040 1033 1033 1033 1034 1034 1034 1033 1033 1033 1040 1040 1040 1040 1040 1040 1041 1041 1041 1034 1034 1034 1041 1041 1041 1042 1042 1042 1035 1035 1035 1035 1035 1035 1034 1034 1034 1041 1041 1041 1037 1037 1037 1036 1036 1036 1043 1043 1043 1043 1043 1043 1044 1044 1044 1037 1037 1037 1045 1045 1045 1038 1038 1038 1037 1037 1037 1037 1037 1037 1044 1044 1044 1045 1045 1045 1032 1032 1032 1038 1038 1038 1045 1045 1045 1045 1045 1045 1039 1039 1039 1032 1032 1032 1040 1040 1040 1039 1039 1039 1046 1046 1046 1046 1046 1046 1047 1047 1047 1040 1040 1040 1048 1048 1048 1041 1041 1041 1040 1040 1040 1040 1040 1040 1047 1047 1047 1048 1048 1048 1048 1048 1048 1049 1049 1049 1042 1042 1042 1042 1042 1042 1041 1041 1041 1048 1048 1048 1044 1044 1044 1043 1043 1043 1050 1050 1050 1050 1050 1050 1051 1051 1051 1044 1044 1044 1045 1045 1045 1044 1044 1044 1051 1051 1051 1051 1051 1051 1052 1052 1052 1045 1045 1045 1039 1039 1039 1045 1045 1045 1052 1052 1052 1052 1052 1052 1046 1046 1046 1039 1039 1039 1053 1053 1053 1047 1047 1047 1046 1046 1046 1046 1046 1046 1054 1054 1054 1053 1053 1053 1055 1055 1055 1048 1048 1048 1047 1047 1047 1047 1047 1047 1053 1053 1053 1055 1055 1055 1049 1049 1049 1048 1048 1048 1055 1055 1055 1055 1055 1055 1056 1056 1056 1049 1049 1049 1051 1051 1051 1050 1050 1050 1057 1057 1057 1057 1057 1057 1058 1058 1058 1051 1051 1051 1052 1052 1052 1051 1051 1051 1058 1058 1058 1058 1058 1058 1059 1059 1059 1052 1052 1052 1046 1046 1046 1052 1052 1052 1059 1059 1059 1059 1059 1059 1054 1054 1054 1046 1046 1046 1060 1060 1060 1053 1053 1053 1054 1054 1054 1054 1054 1054 1061 1061 1061 1060 1060 1060 1062 1062 1062 1055 1055 1055 1053 1053 1053 1053 1053 1053 1060 1060 1060 1062 1062 1062 1056 1056 1056 1055 1055 1055 1062 1062 1062 1062 1062 1062 1063 1063 1063 1056 1056 1056 1064 1064 1064 1065 1065 1065 1058 1058 1058 1058 1058 1058 1057 1057 1057 1064 1064 1064 1059 1059 1059 1058 1058 1058 1065 1065 1065 1065 1065 1065 1066 1066 1066 1059 1059 1059 1054 1054 1054 1059 1059 1059 1066 1066 1066 1066 1066 1066 1061 1061 1061 1054 1054 1054 1060 1060 1060 1061 1061 1061 1067 1067 1067 1067 1067 1067 1068 1068 1068 1060 1060 1060 1062 1062 1062 1060 1060 1060 1068 1068 1068 1068 1068 1068 1069 1069 1069 1062 1062 1062 1070 1070 1070 1063 1063 1063 1062 1062 1062 1062 1062 1062 1069 1069 1069 1070 1070 1070 1071 1071 1071 1072 1072 1072 1065 1065 1065 1065 1065 1065 1064 1064 1064 1071 1071 1071 1066 1066 1066 1065 1065 1065 1072 1072 1072 1072 1072 1072 1073 1073 1073 1066 1066 1066 1061 1061 1061 1066 1066 1066 1073 1073 1073 1073 1073 1073 1067 1067 1067 1061 1061 1061 1068 1068 1068 1067 1067 1067 1074 1074 1074 1074 1074 1074 1075 1075 1075 1068 1068 1068 1076 1076 1076 1069 1069 1069 1068 1068 1068 1068 1068 1068 1075 1075 1075 1076 1076 1076 1077 1077 1077 1070 1070 1070 1069 1069 1069 1069 1069 1069 1076 1076 1076 1077 1077 1077 1078 1078 1078 1079 1079 1079 1072 1072 1072 1072 1072 1072 1071 1071 1071 1078 1078 1078 1073 1073 1073 1072 1072 1072 1079 1079 1079 1079 1079 1079 1080 1080 1080 1073 1073 1073 1067 1067 1067 1073 1073 1073 1080 1080 1080 1080 1080 1080 1074 1074 1074 1067 1067 1067 1081 1081 1081 1075 1075 1075 1074 1074 1074 1081 1081 1081 1076 1076 1076 1075 1075 1075 1081 1081 1081 1077 1077 1077 1076 1076 1076 1081 1081 1081 1079 1079 1079 1078 1078 1078 1081 1081 1081 1080 1080 1080 1079 1079 1079 1081 1081 1081 1074 1074 1074 1080 1080 1080 1031 1031 1031 1035 1035 1035 1082 1082 1082 1082 1082 1082 1083 1083 1083 1031 1031 1031 1031 1031 1031 1083 1083 1083 1084 1084 1084 1084 1084 1084 1036 1036 1036 1031 1031 1031 1035 1035 1035 1042 1042 1042 1085 1085 1085 1085 1085 1085 1082 1082 1082 1035 1035 1035 1036 1036 1036 1084 1084 1084 1086 1086 1086 1086 1086 1086 1043 1043 1043 1036 1036 1036 1042 1042 1042 1049 1049 1049 1087 1087 1087 1087 1087 1087 1085 1085 1085 1042 1042 1042 1043 1043 1043 1086 1086 1086 1088 1088 1088 1088 1088 1088 1050 1050 1050 1043 1043 1043 1049 1049 1049 1056 1056 1056 1089 1089 1089 1089 1089 1089 1087 1087 1087 1049 1049 1049 1057 1057 1057 1050 1050 1050 1088 1088 1088 1088 1088 1088 1090 1090 1090 1057 1057 1057 1056 1056 1056 1063 1063 1063 1091 1091 1091 1091 1091 1091 1089 1089 1089 1056 1056 1056 1064 1064 1064 1057 1057 1057 1090 1090 1090 1090 1090 1090 1092 1092 1092 1064 1064 1064 1070 1070 1070 1093 1093 1093 1091 1091 1091 1091 1091 1091 1063 1063 1063 1070 1070 1070 1071 1071 1071 1064 1064 1064 1092 1092 1092 1092 1092 1092 1094 1094 1094 1071 1071 1071 1077 1077 1077 1095 1095 1095 1093 1093 1093 1093 1093 1093 1070 1070 1070 1077 1077 1077 1078 1078 1078 1071 1071 1071 1094 1094 1094 1094 1094 1094 1096 1096 1096 1078 1078 1078 1081 1081 1081 1097 1097 1097 1095 1095 1095 1095 1095 1095 1077 1077 1077 1081 1081 1081 1081 1081 1081 1078 1078 1078 1096 1096 1096 1096 1096 1096 1097 1097 1097 1081 1081 1081 659 659 659 658 658 658 740 740 740 737 737 737 740 740 740 739 739 739 740 740 740 742 742 742 741 741 741 738 738 738 732 732 732 734 734 734 734 734 734 735 735 735 738 738 738 733 733 733 732 732 732 738 738 738 738 738 738 739 739 739 733 733 733 739 739 739 741 741 741 661 661 661 661 661 661 733 733 733 739 739 739 656 656 656 655 655 655 731 731 731 970 970 970 969 969 969 966 966 966 1020 1020 1020 1028 1028 1028 1021 1021 1021 119 119 119 88 88 88 357 357 357 90 90 90 71 71 71 320 320 320 803 803 803 789 789 789 788 788 788 414 414 414 140 140 140 587 587 587 416 416 416 1098 1098 1098 417 417 417 432 432 432 428 428 428 429 429 429 429 429 429 145 145 145 432 432 432 427 427 427 430 430 430 429 429 429 429 429 429 408 408 408 427 427 427 409 409 409 428 428 428 431 431 431 431 431 431 412 412 412 409 409 409 412 412 412 431 431 431 435 435 435 435 435 435 418 418 418 412 412 412 1099 1099 1099 436 436 436 435 435 435 435 435 435 434 434 434 1099 1099 1099 439 439 439 437 437 437 436 436 436 436 436 436 1099 1099 1099 439 439 439 437 437 437 438 438 438 424 424 424 424 424 424 422 422 422 437 437 437 66 66 66 198 198 198 67 67 67 327 327 327 363 363 363 321 321 321 519 519 519 361 361 361 327 327 327 309 309 309 35 35 35 18 18 18 460 460 460 462 462 462 459 459 459 149 149 149 151 151 151 457 457 457 962 962 962 963 963 963 972 972 972 781 781 781 902 902 902 782 782 782 782 782 782 884 884 884 883 883 883 883 883 883 780 780 780 782 782 782 929 929 929 927 927 927 830 830 830 917 917 917 819 819 819 821 821 821 635 635 635 680 680 680 684 684 684 684 684 684 675 675 675 635 635 635 675 675 675 684 684 684 686 686 686 686 686 686 676 676 676 675 675 675 701 701 701 686 686 686 685 685 685 685 685 685 703 703 703 701 701 701 700 700 700 701 701 701 698 698 698 698 698 698 699 699 699 700 700 700 636 636 636 680 680 680 635 635 635 698 698 698 627 627 627 699 699 699 1100 1100 1100 1101 1101 1101 1102 1102 1102 1102 1102 1102 1103 1103 1103 1100 1100 1100 1101 1101 1101 1100 1100 1100 1104 1104 1104 1105 1105 1105 1106 1106 1106 1107 1107 1107 1107 1107 1107 1108 1108 1108 1105 1105 1105 1106 1106 1106 1109 1109 1109 1107 1107 1107 1103 1103 1103 1102 1102 1102 1110 1110 1110 1110 1110 1110 1111 1111 1111 1103 1103 1103 672 672 672 676 676 676 677 677 677 776 776 776 775 775 775 787 787 787 907 907 907 1112 1112 1112 776 776 776 776 776 776 787 787 787 907 907 907 1112 1112 1112 904 904 904 777 777 777 777 777 777 776 776 776 1112 1112 1112 787 787 787 896 896 896 788 788 788 880 880 880 765 765 765 764 764 764 885 885 885 880 880 880 767 767 767 767 767 767 773 773 773 885 885 885 880 880 880 764 764 764 767 767 767 768 768 768 764 764 764 774 774 774 773 773 773 886 886 886 885 885 885 772 772 772 777 777 777 779 779 779 442 442 442 441 441 441 1113 1113 1113 1113 1113 1113 1114 1114 1114 442 442 442 441 441 441 444 444 444 1115 1115 1115 1115 1115 1115 1116 1116 1116 441 441 441 1117 1117 1117 444 444 444 443 443 443 443 443 443 1118 1118 1118 1117 1117 1117 450 450 450 1117 1117 1117 1118 1118 1118 1118 1118 1118 451 451 451 450 450 450 1119 1119 1119 450 450 450 449 449 449 449 449 449 1120 1120 1120 1119 1119 1119 1120 1120 1120 449 449 449 453 453 453 453 453 453 1121 1121 1121 1120 1120 1120 1122 1122 1122 1123 1123 1123 453 453 453 453 453 453 452 452 452 1122 1122 1122 441 441 441 1116 1116 1116 1124 1124 1124 1124 1124 1124 1113 1113 1113 441 441 441 1125 1125 1125 1115 1115 1115 444 444 444 444 444 444 1117 1117 1117 1125 1125 1125 1119 1119 1119 1125 1125 1125 1117 1117 1117 1117 1117 1117 450 450 450 1119 1119 1119 1123 1123 1123 1126 1126 1126 1121 1121 1121 1121 1121 1121 453 453 453 1123 1123 1123 1116 1116 1116 1115 1115 1115 1127 1127 1127 1127 1127 1127 1128 1128 1128 1116 1116 1116 1129 1129 1129 1119 1119 1119 1120 1120 1120 1120 1120 1120 1130 1130 1130 1129 1129 1129 1130 1130 1130 1120 1120 1120 1121 1121 1121 1121 1121 1121 1131 1131 1131 1130 1130 1130 1116 1116 1116 1128 1128 1128 1132 1132 1132 1132 1132 1132 1124 1124 1124 1116 1116 1116 1133 1133 1133 1127 1127 1127 1115 1115 1115 1115 1115 1115 1125 1125 1125 1133 1133 1133 1129 1129 1129 1133 1133 1133 1125 1125 1125 1125 1125 1125 1119 1119 1119 1129 1129 1129 1126 1126 1126 1134 1134 1134 1131 1131 1131 1131 1131 1131 1121 1121 1121 1126 1126 1126 148 148 148 1128 1128 1128 1127 1127 1127 1127 1127 1127 446 446 446 148 148 148 1129 1129 1129 1130 1130 1130 1135 1135 1135 1135 1135 1135 447 447 447 1129 1129 1129 1135 1135 1135 1130 1130 1130 1131 1131 1131 1131 1131 1131 455 455 455 1135 1135 1135 1136 1136 1136 1137 1137 1137 1105 1105 1105 1105 1105 1105 1108 1108 1108 1136 1136 1136 541 541 541 539 539 539 540 540 540 540 540 540 550 550 550 541 541 541 537 537 537 539 539 539 543 543 543 543 543 543 536 536 536 537 537 537 543 543 543 545 545 545 534 534 534 534 534 534 536 536 536 543 543 543 534 534 534 545 545 545 547 547 547 547 547 547 1138 1138 1138 534 534 534 1139 1139 1139 547 547 547 546 546 546 546 546 546 554 554 554 1139 1139 1139 547 547 547 1139 1139 1139 1140 1140 1140 1140 1140 1140 1138 1138 1138 547 547 547 1141 1141 1141 1142 1142 1142 1143 1143 1143 331 331 331 328 328 328 330 330 330 330 330 330 333 333 333 331 331 331 371 371 371 369 369 369 331 331 331 331 331 331 333 333 333 371 371 371 367 367 367 369 369 369 385 385 385 385 385 385 382 382 382 367 367 367 385 385 385 391 391 391 388 388 388 388 388 388 382 382 382 385 385 385 391 391 391 394 394 394 396 396 396 396 396 396 388 388 388 391 391 391 328 328 328 324 324 324 326 326 326 326 326 326 330 330 330 328 328 328 324 324 324 80 80 80 86 86 86 86 86 86 326 326 326 324 324 324 392 392 392 393 393 393 390 390 390 48 48 48 1144 1144 1144 51 51 51 1144 1144 1144 1145 1145 1145 55 55 55 55 55 55 51 51 51 1144 1144 1144 1145 1145 1145 73 73 73 64 64 64 64 64 64 55 55 55 1145 1145 1145 73 73 73 72 72 72 79 79 79 79 79 79 64 64 64 73 73 73 57 57 57 69 69 69 76 76 76 69 69 69 77 77 77 76 76 76 75 75 75 77 77 77 68 68 68 77 77 77 69 69 69 68 68 68 1146 1146 1146 405 405 405 404 404 404 365 365 365 394 394 394 393 393 393 400 400 400 1147 1147 1147 364 364 364 364 364 364 365 365 365 400 400 400 1148 1148 1148 354 354 354 118 118 118 342 342 342 1149 1149 1149 343 343 343 1150 1150 1150 585 585 585 99 99 99 1150 1150 1150 1151 1151 1151 585 585 585 148 148 148 147 147 147 1132 1132 1132 1132 1132 1132 1128 1128 1128 148 148 148 1133 1133 1133 445 445 445 446 446 446 446 446 446 1127 1127 1127 1133 1133 1133 447 447 447 445 445 445 1133 1133 1133 1133 1133 1133 1129 1129 1129 447 447 447 1134 1134 1134 454 454 454 455 455 455 455 455 455 1131 1131 1131 1134 1134 1134 145 145 145 148 148 148 446 446 446 446 446 446 432 432 432 145 145 145 434 434 434 447 447 447 1135 1135 1135 1135 1135 1135 1099 1099 1099 434 434 434 1099 1099 1099 1135 1135 1135 455 455 455 455 455 455 439 439 439 1099 1099 1099 1152 1152 1152 1153 1153 1153 1154 1154 1154 1152 1152 1152 1155 1155 1155 1156 1156 1156 1157 1157 1157 1156 1156 1156 1155 1155 1155 1158 1158 1158 1154 1154 1154 1153 1153 1153 1159 1159 1159 1160 1160 1160 1161 1161 1161 1162 1162 1162 1161 1161 1161 1160 1160 1160 1160 1160 1160 1159 1159 1159 1163 1163 1163 1164 1164 1164 1165 1165 1165 1159 1159 1159 1163 1163 1163 1159 1159 1159 1165 1165 1165 1166 1166 1166 1167 1167 1167 1162 1162 1162 1162 1162 1162 1168 1168 1168 1166 1166 1166 1160 1160 1160 1168 1168 1168 1162 1162 1162 1163 1163 1163 1168 1168 1168 1160 1160 1160 1169 1169 1169 1155 1155 1155 1152 1152 1152 1154 1154 1154 1170 1170 1170 1171 1171 1171 1171 1171 1171 1152 1152 1152 1154 1154 1154 1152 1152 1152 1156 1156 1156 1153 1153 1153 1154 1154 1154 1172 1172 1172 1173 1173 1173 1173 1173 1173 1170 1170 1170 1154 1154 1154 1172 1172 1172 1154 1154 1154 1158 1158 1158 1158 1158 1158 1174 1174 1174 1172 1172 1172 1172 1172 1172 1175 1175 1175 1176 1176 1176 1176 1176 1176 1173 1173 1173 1172 1172 1172 1175 1175 1175 1172 1172 1172 1174 1174 1174 1174 1174 1174 1177 1177 1177 1175 1175 1175 1175 1175 1175 1178 1178 1178 1179 1179 1179 1179 1179 1179 1176 1176 1176 1175 1175 1175 1178 1178 1178 1175 1175 1175 1177 1177 1177 1177 1177 1177 1180 1180 1180 1178 1178 1178 1157 1157 1157 1181 1181 1181 1182 1182 1182 1182 1182 1182 1156 1156 1156 1157 1157 1157 1156 1156 1156 1182 1182 1182 1183 1183 1183 1183 1183 1183 1153 1153 1153 1156 1156 1156 1158 1158 1158 1153 1153 1153 1183 1183 1183 1183 1183 1183 1164 1164 1164 1158 1158 1158 1174 1174 1174 1158 1158 1158 1164 1164 1164 1164 1164 1164 1159 1159 1159 1174 1174 1174 1181 1181 1181 1184 1184 1184 1185 1185 1185 1185 1185 1185 1182 1182 1182 1181 1181 1181 1182 1182 1182 1185 1185 1185 1186 1186 1186 1186 1186 1186 1183 1183 1183 1182 1182 1182 1164 1164 1164 1183 1183 1183 1186 1186 1186 1186 1186 1186 1165 1165 1165 1164 1164 1164 1177 1177 1177 1174 1174 1174 1159 1159 1159 1159 1159 1159 1161 1161 1161 1177 1177 1177 1180 1180 1180 1177 1177 1177 1161 1161 1161 1161 1161 1161 1187 1187 1187 1180 1180 1180 1162 1162 1162 1167 1167 1167 1187 1187 1187 1187 1187 1187 1161 1161 1161 1162 1162 1162 1168 1168 1168 1163 1163 1163 1188 1188 1188 1188 1188 1188 1189 1189 1189 1168 1168 1168 1163 1163 1163 1165 1165 1165 1188 1188 1188 1188 1188 1188 1165 1165 1165 1190 1190 1190 1185 1185 1185 1184 1184 1184 1191 1191 1191 1191 1191 1191 1192 1192 1192 1185 1185 1185 1166 1166 1166 1168 1168 1168 1189 1189 1189 1189 1189 1189 1193 1193 1193 1166 1166 1166 1194 1194 1194 1195 1195 1195 1196 1196 1196 1196 1196 1196 1197 1197 1197 1194 1194 1194 1197 1197 1197 1189 1189 1189 1188 1188 1188 1188 1188 1188 1194 1194 1194 1197 1197 1197 1196 1196 1196 1198 1198 1198 1199 1199 1199 1199 1199 1199 1197 1197 1197 1196 1196 1196 1193 1193 1193 1189 1189 1189 1197 1197 1197 1197 1197 1197 1199 1199 1199 1193 1193 1193 1190 1190 1190 1165 1165 1165 1186 1186 1186 1200 1200 1200 1192 1192 1192 1191 1191 1191 1191 1191 1191 1201 1201 1201 1200 1200 1200 1202 1202 1202 1203 1203 1203 1200 1200 1200 1200 1200 1200 1201 1201 1201 1202 1202 1202 1204 1204 1204 1205 1205 1205 1203 1203 1203 1203 1203 1203 1202 1202 1202 1204 1204 1204 1206 1206 1206 1205 1205 1205 1204 1204 1204 1204 1204 1204 1207 1207 1207 1206 1206 1206 1208 1208 1208 1206 1206 1206 1207 1207 1207 1207 1207 1207 1209 1209 1209 1208 1208 1208 1190 1190 1190 1186 1186 1186 1185 1185 1185 1185 1185 1185 1192 1192 1192 1190 1190 1190 1200 1200 1200 1210 1210 1210 1190 1190 1190 1190 1190 1190 1192 1192 1192 1200 1200 1200 1200 1200 1200 1203 1203 1203 1210 1210 1210 1210 1210 1210 1194 1194 1194 1188 1188 1188 1188 1188 1188 1190 1190 1190 1210 1210 1210 1198 1198 1198 1196 1196 1196 1206 1206 1206 1206 1206 1206 1208 1208 1208 1198 1198 1198 1196 1196 1196 1195 1195 1195 1205 1205 1205 1205 1205 1205 1206 1206 1206 1196 1196 1196 1195 1195 1195 1203 1203 1203 1205 1205 1205 1210 1210 1210 1203 1203 1203 1195 1195 1195 1210 1210 1210 1195 1195 1195 1194 1194 1194 1211 1211 1211 1212 1212 1212 1213 1213 1213 1211 1211 1211 1213 1213 1213 1214 1214 1214 1214 1214 1214 1215 1215 1215 1211 1211 1211 1216 1216 1216 1212 1212 1212 1217 1217 1217 1218 1218 1218 1216 1216 1216 1219 1219 1219 1219 1219 1219 1220 1220 1220 1218 1218 1218 1221 1221 1221 1219 1219 1219 1216 1216 1216 1216 1216 1216 1217 1217 1217 1221 1221 1221 1220 1220 1220 1219 1219 1219 1222 1222 1222 1222 1222 1222 1223 1223 1223 1220 1220 1220 1224 1224 1224 1222 1222 1222 1219 1219 1219 1219 1219 1219 1221 1221 1221 1224 1224 1224 1225 1225 1225 1226 1226 1226 1227 1227 1227 1222 1222 1222 1228 1228 1228 1229 1229 1229 1229 1229 1229 1223 1223 1223 1222 1222 1222 1230 1230 1230 1231 1231 1231 1232 1232 1232 1232 1232 1232 1233 1233 1233 1230 1230 1230 1234 1234 1234 1235 1235 1235 1230 1230 1230 1230 1230 1230 1233 1233 1233 1234 1234 1234 1225 1225 1225 1227 1227 1227 1224 1224 1224 1236 1236 1236 1237 1237 1237 1229 1229 1229 1229 1229 1229 1228 1228 1228 1236 1236 1236 1236 1236 1236 1238 1238 1238 1239 1239 1239 1239 1239 1239 1237 1237 1237 1236 1236 1236 1238 1238 1238 1240 1240 1240 1241 1241 1241 1241 1241 1241 1239 1239 1239 1238 1238 1238 1242 1242 1242 1243 1243 1243 1241 1241 1241 1241 1241 1241 1240 1240 1240 1242 1242 1242 1244 1244 1244 1245 1245 1245 1243 1243 1243 1243 1243 1243 1242 1242 1242 1244 1244 1244 1222 1222 1222 1224 1224 1224 1227 1227 1227 1227 1227 1227 1228 1228 1228 1222 1222 1222 1227 1227 1227 1246 1246 1246 1236 1236 1236 1236 1236 1236 1228 1228 1228 1227 1227 1227 1238 1238 1238 1236 1236 1236 1246 1246 1246 1226 1226 1226 1232 1232 1232 1246 1246 1246 1246 1246 1246 1227 1227 1227 1226 1226 1226 1242 1242 1242 1230 1230 1230 1235 1235 1235 1235 1235 1235 1244 1244 1244 1242 1242 1242 1240 1240 1240 1231 1231 1231 1230 1230 1230 1230 1230 1230 1242 1242 1242 1240 1240 1240 1238 1238 1238 1231 1231 1231 1240 1240 1240 1238 1238 1238 1246 1246 1246 1231 1231 1231 1231 1231 1231 1246 1246 1246 1232 1232 1232 1157 1157 1157 1155 1155 1155 1247 1247 1247 1248 1248 1248 1249 1249 1249 1171 1171 1171 1169 1169 1169 1152 1152 1152 1249 1249 1249 1249 1249 1249 1152 1152 1152 1171 1171 1171 1250 1250 1250 1251 1251 1251 1252 1252 1252 1252 1252 1252 1253 1253 1253 1250 1250 1250 1254 1254 1254 1255 1255 1255 1256 1256 1256 1257 1257 1257 1258 1258 1258 1259 1259 1259 1260 1260 1260 1261 1261 1261 1262 1262 1262 1263 1263 1263 1264 1264 1264 1265 1265 1265 1265 1265 1265 1266 1266 1266 1263 1263 1263 1264 1264 1264 1263 1263 1263 1267 1267 1267 1260 1260 1260 1264 1264 1264 1267 1267 1267 1267 1267 1267 1268 1268 1268 1260 1260 1260 1269 1269 1269 1261 1261 1261 1260 1260 1260 1260 1260 1260 1268 1268 1268 1269 1269 1269 1270 1270 1270 1261 1261 1261 1269 1269 1269 1271 1271 1271 1261 1261 1261 1270 1270 1270 1270 1270 1270 1272 1272 1272 1271 1271 1271 1261 1261 1261 1271 1271 1271 1262 1262 1262 1262 1262 1262 1265 1265 1265 1264 1264 1264 1264 1264 1264 1260 1260 1260 1262 1262 1262 1273 1273 1273 1274 1274 1274 1275 1275 1275 1275 1275 1275 1276 1276 1276 1273 1273 1273 1275 1275 1275 1277 1277 1277 1276 1276 1276 66 66 66 517 517 517 199 199 199 1278 1278 1278 1279 1279 1279 1280 1280 1280 1280 1280 1280 1281 1281 1281 1278 1278 1278 1282 1282 1282 1283 1283 1283 1279 1279 1279 1279 1279 1279 1278 1278 1278 1282 1282 1282 1284 1284 1284 1285 1285 1285 1286 1286 1286 1286 1286 1286 1287 1287 1287 1284 1284 1284 1288 1288 1288 1289 1289 1289 1285 1285 1285 1285 1285 1285 1284 1284 1284 1288 1288 1288 1290 1290 1290 1291 1291 1291 1289 1289 1289 1289 1289 1289 1288 1288 1288 1290 1290 1290 1287 1287 1287 1286 1286 1286 1292 1292 1292 1292 1292 1292 1293 1293 1293 1287 1287 1287 1282 1282 1282 1293 1293 1293 1292 1292 1292 1292 1292 1292 1283 1283 1283 1282 1282 1282 1294 1294 1294 1295 1295 1295 1291 1291 1291 1291 1291 1291 1290 1290 1290 1294 1294 1294 1281 1281 1281 1280 1280 1280 1296 1296 1296 1296 1296 1296 1297 1297 1297 1281 1281 1281 570 570 570 572 572 572 571 571 571 571 571 571 218 218 218 570 570 570 571 571 571 230 230 230 232 232 232 232 232 232 218 218 218 571 571 571 1298 1298 1298 1299 1299 1299 1300 1300 1300 1298 1298 1298 1301 1301 1301 1299 1299 1299 1302 1302 1302 1303 1303 1303 1304 1304 1304 1305 1305 1305 1299 1299 1299 1306 1306 1306 1306 1306 1306 1299 1299 1299 1307 1307 1307 1298 1298 1298 1308 1308 1308 1309 1309 1309 1309 1309 1309 1301 1301 1301 1298 1298 1298 1308 1308 1308 1298 1298 1298 1300 1300 1300 1300 1300 1300 1310 1310 1310 1308 1308 1308 1302 1302 1302 1311 1311 1311 1312 1312 1312 1312 1312 1312 1303 1303 1303 1302 1302 1302 1306 1306 1306 1313 1313 1313 1314 1314 1314 1314 1314 1314 1305 1305 1305 1306 1306 1306 1307 1307 1307 1315 1315 1315 1313 1313 1313 1313 1313 1313 1306 1306 1306 1307 1307 1307 329 329 329 373 373 373 332 332 332 801 801 801 838 838 838 837 837 837 801 801 801 798 798 798 838 838 838 860 860 860 866 866 866 863 863 863 800 800 800 799 799 799 890 890 890 800 800 800 890 890 890 986 986 986 880 880 880 763 763 763 765 765 765 0 0 0 1316 1316 1316 1317 1317 1317 1317 1317 1317 3 3 3 0 0 0 1318 1318 1318 1317 1317 1317 1316 1316 1316 1319 1319 1319 1320 1320 1320 1321 1321 1321 1322 1322 1322 1323 1323 1323 1324 1324 1324 1325 1325 1325 1322 1322 1322 1324 1324 1324 1326 1326 1326 1327 1327 1327 1323 1323 1323 1327 1327 1327 1324 1324 1324 1323 1323 1323 1328 1328 1328 1327 1327 1327 1326 1326 1326 1329 1329 1329 1330 1330 1330 1331 1331 1331 1328 1328 1328 1332 1332 1332 1333 1333 1333 1327 1327 1327 1328 1328 1328 1333 1333 1333 1332 1332 1332 1334 1334 1334 1335 1335 1335 1335 1335 1335 1333 1333 1333 1332 1332 1332 1334 1334 1334 1336 1336 1336 1337 1337 1337 24 24 24 1325 1325 1325 25 25 25 1338 1338 1338 1325 1325 1325 1324 1324 1324 1324 1324 1324 1327 1327 1327 1339 1339 1339 1324 1324 1324 1340 1340 1340 1338 1338 1338 1339 1339 1339 1340 1340 1340 1324 1324 1324 1341 1341 1341 1339 1339 1339 1327 1327 1327 25 25 25 1325 1325 1325 1342 1342 1342 31 31 31 25 25 25 1342 1342 1342 1338 1338 1338 1343 1343 1343 1325 1325 1325 1343 1343 1343 1342 1342 1342 1325 1325 1325 1343 1343 1343 1338 1338 1338 1340 1340 1340 1344 1344 1344 1343 1343 1343 1340 1340 1340 1345 1345 1345 1344 1344 1344 1340 1340 1340 1335 1335 1335 1346 1346 1346 1333 1333 1333 1347 1347 1347 1345 1345 1345 1340 1340 1340 1348 1348 1348 1349 1349 1349 1350 1350 1350 1351 1351 1351 1352 1352 1352 1353 1353 1353 1349 1349 1349 1348 1348 1348 1354 1354 1354 1355 1355 1355 1356 1356 1356 1357 1357 1357 47 47 47 49 49 49 1358 1358 1358 1359 1359 1359 1360 1360 1360 1358 1358 1358 1361 1361 1361 1362 1362 1362 1363 1363 1363 1359 1359 1359 1356 1356 1356 1360 1360 1360 1356 1356 1356 1355 1355 1355 1360 1360 1360 1355 1355 1355 1364 1364 1364 1360 1360 1360 1365 1365 1365 1366 1366 1366 1363 1363 1363 1363 1363 1363 1362 1362 1362 1365 1365 1365 1358 1358 1358 49 49 49 1359 1359 1359 1367 1367 1367 1361 1361 1361 1363 1363 1363 1363 1363 1363 1368 1368 1368 1367 1367 1367 60 60 60 1367 1367 1367 61 61 61 1369 1369 1369 1367 1367 1367 1368 1368 1368 1370 1370 1370 61 61 61 1367 1367 1367 1368 1368 1368 1363 1363 1363 1366 1366 1366 1368 1368 1368 1366 1366 1366 1369 1369 1369 1371 1371 1371 1364 1364 1364 1355 1355 1355 1372 1372 1372 1373 1373 1373 1374 1374 1374 1375 1375 1375 1376 1376 1376 1377 1377 1377 1375 1375 1375 1378 1378 1378 1376 1376 1376 1379 1379 1379 1380 1380 1380 1381 1381 1381 1382 1382 1382 1383 1383 1383 1384 1384 1384 1355 1355 1355 1357 1357 1357 1371 1371 1371 1371 1371 1371 1357 1357 1357 1385 1385 1385 1385 1385 1385 1386 1386 1386 1371 1371 1371 1387 1387 1387 1351 1351 1351 1388 1388 1388 1353 1353 1353 1388 1388 1388 1351 1351 1351 1389 1389 1389 1388 1388 1388 1353 1353 1353 1390 1390 1390 1349 1349 1349 1354 1354 1354 1391 1391 1391 1392 1392 1392 1393 1393 1393 1375 1375 1375 1394 1394 1394 1378 1378 1378 1375 1375 1375 1382 1382 1382 1394 1394 1394 1395 1395 1395 1396 1396 1396 1397 1397 1397 1398 1398 1398 1399 1399 1399 1396 1396 1396 1399 1399 1399 1397 1397 1397 1396 1396 1396 1399 1399 1399 1398 1398 1398 1400 1400 1400 1390 1390 1390 1354 1354 1354 1401 1401 1401 1401 1401 1401 1402 1402 1402 1390 1390 1390 1403 1403 1403 1404 1404 1404 1405 1405 1405 1400 1400 1400 1406 1406 1406 1399 1399 1399 1407 1407 1407 1408 1408 1408 1409 1409 1409 1410 1410 1410 1411 1411 1411 1412 1412 1412 1412 1412 1412 1413 1413 1413 1410 1410 1410 1409 1409 1409 1408 1408 1408 1414 1414 1414 1337 1337 1337 1335 1335 1335 1334 1334 1334 1346 1346 1346 1415 1415 1415 1416 1416 1416 1404 1404 1404 1417 1417 1417 1418 1418 1418 1419 1419 1419 1416 1416 1416 1415 1415 1415 1420 1420 1420 1421 1421 1421 1414 1414 1414 1409 1409 1409 1414 1414 1414 1421 1421 1421 1422 1422 1422 1410 1410 1410 1423 1423 1423 1411 1411 1411 1410 1410 1410 1422 1422 1422 1423 1423 1423 1424 1424 1424 1422 1422 1422 1412 1412 1412 1411 1411 1411 1425 1425 1425 1397 1397 1397 1426 1426 1426 1395 1395 1395 1426 1426 1426 1397 1397 1397 1427 1427 1427 1428 1428 1428 1429 1429 1429 1430 1430 1430 1431 1431 1431 1432 1432 1432 1433 1433 1433 1434 1434 1434 1435 1435 1435 1436 1436 1436 1437 1437 1437 1405 1405 1405 1404 1404 1404 1418 1418 1418 1437 1437 1437 1404 1404 1404 1438 1438 1438 1439 1439 1439 1440 1440 1440 1441 1441 1441 1439 1439 1439 1438 1438 1438 1436 1436 1436 1442 1442 1442 1434 1434 1434 1443 1443 1443 1444 1444 1444 1445 1445 1445 1446 1446 1446 1447 1447 1447 1448 1448 1448 1449 1449 1449 1450 1450 1450 1451 1451 1451 1452 1452 1452 1453 1453 1453 1454 1454 1454 1454 1454 1454 1455 1455 1455 1452 1452 1452 1456 1456 1456 1457 1457 1457 1458 1458 1458 1459 1459 1459 1456 1456 1456 1460 1460 1460 1458 1458 1458 1460 1460 1460 1456 1456 1456 1461 1461 1461 1458 1458 1458 1457 1457 1457 1462 1462 1462 1463 1463 1463 1464 1464 1464 1464 1464 1464 1463 1463 1463 1465 1465 1465 1466 1466 1466 1467 1467 1467 1462 1462 1462 1463 1463 1463 1462 1462 1462 1467 1467 1467 1466 1466 1466 1468 1468 1468 1469 1469 1469 1469 1469 1469 1470 1470 1470 1466 1466 1466 1467 1467 1467 1466 1466 1466 1470 1470 1470 1471 1471 1471 1469 1469 1469 1468 1468 1468 1458 1458 1458 1461 1461 1461 1472 1472 1472 1460 1460 1460 1458 1458 1458 1473 1473 1473 1474 1474 1474 1473 1473 1473 1458 1458 1458 1472 1472 1472 1474 1474 1474 1458 1458 1458 1475 1475 1475 1476 1476 1476 1477 1477 1477 1478 1478 1478 1477 1477 1477 1476 1476 1476 1470 1470 1470 1475 1475 1475 1467 1467 1467 1477 1477 1477 1479 1479 1479 1475 1475 1475 1480 1480 1480 1475 1475 1475 1479 1479 1479 1475 1475 1475 1480 1480 1480 1467 1467 1467 1472 1472 1472 1481 1481 1481 1474 1474 1474 1482 1482 1482 1472 1472 1472 1461 1461 1461 1483 1483 1483 1472 1472 1472 1482 1482 1482 1482 1482 1482 1484 1484 1484 1485 1485 1485 1480 1480 1480 1465 1465 1465 1463 1463 1463 1463 1463 1463 1467 1467 1467 1480 1480 1480 1479 1479 1479 1486 1486 1486 1480 1480 1480 1477 1477 1477 1487 1487 1487 1479 1479 1479 1488 1488 1488 1489 1489 1489 1490 1490 1490 1490 1490 1490 1491 1491 1491 1488 1488 1488 1492 1492 1492 1493 1493 1493 1494 1494 1494 1495 1495 1495 1496 1496 1496 1497 1497 1497 1498 1498 1498 1499 1499 1499 1500 1500 1500 1501 1501 1501 1502 1502 1502 1503 1503 1503 1504 1504 1504 1505 1505 1505 1374 1374 1374 1374 1374 1374 1506 1506 1506 1504 1504 1504 1507 1507 1507 1508 1508 1508 1509 1509 1509 1510 1510 1510 1511 1511 1511 1512 1512 1512 1512 1512 1512 1513 1513 1513 1510 1510 1510 1514 1514 1514 1515 1515 1515 1516 1516 1516 1516 1516 1516 1517 1517 1517 1518 1518 1518 1516 1516 1516 1518 1518 1518 1514 1514 1514 1517 1517 1517 1519 1519 1519 1520 1520 1520 1517 1517 1517 1520 1520 1520 1518 1518 1518 1521 1521 1521 1522 1522 1522 1523 1523 1523 1523 1523 1523 1524 1524 1524 1521 1521 1521 1525 1525 1525 1524 1524 1524 1523 1523 1523 1525 1525 1525 1523 1523 1523 1526 1526 1526 1518 1518 1518 1527 1527 1527 1514 1514 1514 1514 1514 1514 1528 1528 1528 1522 1522 1522 1529 1529 1529 1522 1522 1522 1528 1528 1528 1522 1522 1522 1529 1529 1529 1530 1530 1530 1522 1522 1522 1530 1530 1530 1523 1523 1523 1528 1528 1528 1514 1514 1514 1527 1527 1527 1531 1531 1531 1528 1528 1528 1527 1527 1527 1531 1531 1531 1527 1527 1527 1532 1532 1532 1533 1533 1533 1529 1529 1529 1528 1528 1528 1530 1530 1530 1529 1529 1529 1534 1534 1534 1533 1533 1533 1535 1535 1535 1529 1529 1529 1535 1535 1535 1534 1534 1534 1529 1529 1529 1526 1526 1526 1523 1523 1523 1530 1530 1530 1530 1530 1530 1536 1536 1536 1526 1526 1526 1536 1536 1536 1530 1530 1530 1534 1534 1534 1537 1537 1537 1538 1538 1538 1539 1539 1539 1539 1539 1539 1540 1540 1540 1537 1537 1537 1528 1528 1528 1531 1531 1531 1533 1533 1533 1541 1541 1541 1533 1533 1533 1531 1531 1531 1542 1542 1542 1534 1534 1534 1535 1535 1535 1535 1535 1535 1533 1533 1533 1542 1542 1542 1534 1534 1534 1543 1543 1543 1536 1536 1536 1542 1542 1542 1544 1544 1544 1534 1534 1534 1545 1545 1545 1542 1542 1542 1533 1533 1533 1546 1546 1546 1543 1543 1543 1547 1547 1547 1543 1543 1543 1548 1548 1548 1547 1547 1547 1549 1549 1549 1544 1544 1544 1550 1550 1550 1544 1544 1544 1549 1549 1549 1548 1548 1548 1544 1544 1544 1542 1542 1542 1550 1550 1550 1551 1551 1551 1549 1549 1549 1550 1550 1550 1549 1549 1549 1551 1551 1551 1552 1552 1552 1552 1552 1552 1547 1547 1547 1549 1549 1549 1553 1553 1553 1550 1550 1550 1545 1545 1545 1553 1553 1553 1554 1554 1554 1550 1550 1550 1542 1542 1542 1545 1545 1545 1550 1550 1550 1547 1547 1547 1552 1552 1552 1555 1555 1555 1556 1556 1556 1557 1557 1557 1553 1553 1553 1558 1558 1558 1556 1556 1556 1553 1553 1553 1545 1545 1545 1558 1558 1558 1553 1553 1553 1557 1557 1557 1556 1556 1556 1559 1559 1559 1558 1558 1558 1560 1560 1560 1556 1556 1556 1561 1561 1561 1560 1560 1560 1558 1558 1558 1558 1558 1558 1541 1541 1541 1561 1561 1561 1533 1533 1533 1541 1541 1541 1558 1558 1558 1547 1547 1547 1562 1562 1562 1546 1546 1546 1316 1316 1316 0 0 0 257 257 257 257 257 257 1563 1563 1563 1316 1316 1316 1564 1564 1564 1316 1316 1316 1563 1563 1563 1563 1563 1563 1565 1565 1565 1564 1564 1564 1565 1565 1565 1566 1566 1566 1567 1567 1567 1567 1567 1567 1564 1564 1564 1565 1565 1565 1568 1568 1568 1567 1567 1567 1566 1566 1566 1566 1566 1566 1569 1569 1569 1568 1568 1568 1316 1316 1316 1564 1564 1564 1570 1570 1570 1570 1570 1570 1318 1318 1318 1316 1316 1316 1319 1319 1319 1321 1321 1321 1571 1571 1571 1571 1571 1571 1572 1572 1572 1319 1319 1319 1572 1572 1572 1571 1571 1571 1573 1573 1573 1573 1573 1573 1574 1574 1574 1572 1572 1572 1564 1564 1564 1567 1567 1567 1575 1575 1575 1575 1575 1575 1570 1570 1570 1564 1564 1564 1576 1576 1576 1577 1577 1577 1574 1574 1574 1574 1574 1574 1573 1573 1573 1576 1576 1576 1567 1567 1567 1568 1568 1568 1578 1578 1578 1578 1578 1578 1575 1575 1575 1567 1567 1567 1577 1577 1577 1576 1576 1576 1579 1579 1579 1579 1579 1579 1580 1580 1580 1577 1577 1577 1581 1581 1581 1568 1568 1568 1569 1569 1569 1569 1569 1569 1582 1582 1582 1581 1581 1581 277 277 277 1581 1581 1581 1582 1582 1582 1582 1582 1582 278 278 278 277 277 277 1568 1568 1568 1581 1581 1581 1583 1583 1583 1583 1583 1583 1578 1578 1578 1568 1568 1568 1580 1580 1580 1579 1579 1579 1584 1584 1584 1584 1584 1584 1585 1585 1585 1580 1580 1580 282 282 282 1583 1583 1583 1581 1581 1581 1581 1581 1581 277 277 277 282 282 282 1585 1585 1585 1584 1584 1584 284 284 284 284 284 284 283 283 283 1585 1585 1585 285 285 285 1320 1320 1320 1586 1586 1586 1586 1586 1586 286 286 286 285 285 285 1320 1320 1320 1319 1319 1319 1587 1587 1587 1587 1587 1587 1586 1586 1586 1320 1320 1320 1319 1319 1319 1572 1572 1572 1588 1588 1588 1588 1588 1588 1587 1587 1587 1319 1319 1319 286 286 286 1586 1586 1586 1589 1589 1589 1589 1589 1589 290 290 290 286 286 286 1589 1589 1589 1586 1586 1586 1587 1587 1587 1587 1587 1587 1590 1590 1590 1589 1589 1589 293 293 293 1322 1322 1322 1325 1325 1325 1325 1325 1325 24 24 24 293 293 293 1588 1588 1588 1591 1591 1591 1590 1590 1590 1590 1590 1590 1587 1587 1587 1588 1588 1588 1592 1592 1592 1331 1331 1331 1591 1591 1591 1591 1591 1591 1588 1588 1588 1592 1592 1592 1329 1329 1329 1577 1577 1577 1580 1580 1580 1580 1580 1580 1593 1593 1593 1329 1329 1329 1331 1331 1331 1592 1592 1592 1329 1329 1329 1594 1594 1594 1330 1330 1330 1329 1329 1329 1329 1329 1329 1593 1593 1593 1594 1594 1594 1595 1595 1595 1594 1594 1594 1593 1593 1593 1593 1593 1593 1596 1596 1596 1595 1595 1595 1593 1593 1593 1580 1580 1580 1585 1585 1585 1585 1585 1585 1596 1596 1596 1593 1593 1593 300 300 300 1595 1595 1595 1596 1596 1596 1596 1596 1596 301 301 301 300 300 300 1336 1336 1336 303 303 303 302 302 302 302 302 302 1337 1337 1337 1336 1336 1336 1333 1333 1333 1341 1341 1341 1327 1327 1327 1597 1597 1597 1598 1598 1598 1356 1356 1356 1356 1356 1356 1359 1359 1359 1597 1597 1597 306 306 306 1597 1597 1597 1359 1359 1359 1359 1359 1359 49 49 49 306 306 306 1599 1599 1599 1357 1357 1357 1356 1356 1356 1356 1356 1356 1598 1598 1598 1599 1599 1599 1600 1600 1600 1340 1340 1340 1339 1339 1339 1339 1339 1339 1403 1403 1403 1600 1600 1600 1404 1404 1404 1403 1403 1403 1339 1339 1339 1339 1339 1339 1341 1341 1341 1404 1404 1404 1341 1341 1341 1333 1333 1333 1601 1601 1601 1601 1601 1601 1417 1417 1417 1404 1404 1404 1404 1404 1404 1341 1341 1341 1601 1601 1601 1602 1602 1602 1603 1603 1603 1347 1347 1347 1347 1347 1347 1340 1340 1340 1602 1602 1602 1604 1604 1604 1400 1400 1400 1605 1605 1605 1605 1605 1605 1606 1606 1606 1604 1604 1604 1600 1600 1600 1607 1607 1607 1602 1602 1602 1602 1602 1602 1340 1340 1340 1600 1600 1600 1367 1367 1367 60 60 60 316 316 316 316 316 316 1361 1361 1361 1367 1367 1367 1369 1369 1369 1370 1370 1370 1367 1367 1367 317 317 317 1372 1372 1372 1374 1374 1374 1374 1374 1374 318 318 318 317 317 317 1384 1384 1384 1366 1366 1366 1365 1365 1365 1369 1369 1369 1366 1366 1366 1377 1377 1377 1377 1377 1377 1376 1376 1376 1369 1369 1369 1369 1369 1369 1376 1376 1376 1608 1608 1608 1608 1608 1608 1370 1370 1370 1369 1369 1369 1378 1378 1378 1609 1609 1609 1608 1608 1608 1608 1608 1608 1376 1376 1376 1378 1378 1378 1373 1373 1373 1610 1610 1610 1506 1506 1506 1387 1387 1387 1388 1388 1388 1611 1611 1611 1388 1388 1388 1389 1389 1389 1612 1612 1612 1612 1612 1612 1611 1611 1611 1388 1388 1388 1611 1611 1611 1613 1613 1613 1387 1387 1387 1393 1393 1393 1392 1392 1392 1614 1614 1614 1614 1614 1614 1615 1615 1615 1393 1393 1393 1396 1396 1396 1395 1395 1395 1609 1609 1609 1398 1398 1398 1396 1396 1396 1378 1378 1378 1378 1378 1378 1394 1394 1394 1398 1398 1398 1506 1506 1506 1610 1610 1610 1616 1616 1616 1436 1436 1436 1617 1617 1617 1613 1613 1613 1613 1613 1613 1611 1611 1611 1436 1436 1436 1615 1615 1615 1614 1614 1614 1618 1618 1618 1618 1618 1618 1619 1619 1619 1615 1615 1615 1435 1435 1435 1620 1620 1620 1617 1617 1617 1617 1617 1617 1436 1436 1436 1435 1435 1435 1621 1621 1621 1619 1619 1619 1618 1618 1618 1618 1618 1618 1622 1622 1622 1621 1621 1621 1607 1607 1607 1600 1600 1600 1445 1445 1445 1405 1405 1405 1445 1445 1445 1600 1600 1600 1600 1600 1600 1403 1403 1403 1405 1405 1405 1607 1607 1607 1623 1623 1623 1624 1624 1624 1624 1624 1624 1602 1602 1602 1607 1607 1607 1625 1625 1625 1603 1603 1603 1602 1602 1602 1602 1602 1602 1624 1624 1624 1625 1625 1625 1626 1626 1626 1627 1627 1627 1628 1628 1628 1628 1628 1628 1629 1629 1629 1626 1626 1626 1630 1630 1630 1631 1631 1631 1632 1632 1632 1632 1632 1632 1450 1450 1450 1630 1630 1630 1408 1408 1408 1440 1440 1440 1439 1439 1439 1439 1439 1439 1414 1414 1414 1408 1408 1408 1335 1335 1335 1337 1337 1337 1415 1415 1415 1415 1415 1415 1346 1346 1346 1335 1335 1335 1337 1337 1337 302 302 302 344 344 344 344 344 344 1415 1415 1415 1337 1337 1337 1346 1346 1346 1416 1416 1416 1601 1601 1601 1416 1416 1416 1633 1633 1633 1417 1417 1417 1417 1417 1417 1601 1601 1601 1416 1416 1416 1633 1633 1633 1634 1634 1634 1418 1418 1418 1418 1418 1418 1417 1417 1417 1633 1633 1633 1419 1419 1419 1415 1415 1415 344 344 344 344 344 344 347 347 347 1419 1419 1419 1633 1633 1633 1416 1416 1416 1414 1414 1414 1634 1634 1634 1633 1633 1633 1439 1439 1439 1419 1419 1419 1420 1420 1420 1414 1414 1414 1414 1414 1414 1416 1416 1416 1419 1419 1419 1420 1420 1420 1419 1419 1419 347 347 347 347 347 347 348 348 348 1420 1420 1420 348 348 348 349 349 349 1421 1421 1421 1421 1421 1421 1420 1420 1420 348 348 348 1423 1423 1423 351 351 351 350 350 350 350 350 350 1424 1424 1424 1423 1423 1423 350 350 350 353 353 353 1635 1635 1635 1635 1635 1635 1424 1424 1424 350 350 350 1424 1424 1424 1635 1635 1635 1636 1636 1636 1636 1636 1636 1422 1422 1422 1424 1424 1424 355 355 355 358 358 358 1637 1637 1637 1637 1637 1637 1638 1638 1638 355 355 355 1426 1426 1426 1638 1638 1638 1637 1637 1637 359 359 359 362 362 362 1639 1639 1639 1639 1639 1639 1640 1640 1640 359 359 359 1639 1639 1639 1616 1616 1616 1641 1641 1641 1641 1641 1641 1640 1640 1640 1639 1639 1639 1642 1642 1642 1643 1643 1643 1627 1627 1627 1627 1627 1627 1626 1626 1626 1642 1642 1642 1429 1429 1429 1428 1428 1428 1644 1644 1644 1434 1434 1434 1645 1645 1645 1646 1646 1646 1646 1646 1646 1435 1435 1435 1434 1434 1434 1435 1435 1435 1646 1646 1646 1647 1647 1647 1647 1647 1647 1620 1620 1620 1435 1435 1435 1622 1622 1622 1648 1648 1648 1649 1649 1649 1649 1649 1649 1621 1621 1621 1622 1622 1622 1650 1650 1650 1651 1651 1651 1621 1621 1621 1621 1621 1621 1649 1649 1649 1650 1650 1650 1445 1445 1445 1405 1405 1405 1652 1652 1652 1652 1652 1652 1443 1443 1443 1445 1445 1445 1405 1405 1405 1437 1437 1437 1653 1653 1653 1653 1653 1653 1652 1652 1652 1405 1405 1405 1437 1437 1437 1418 1418 1418 1654 1654 1654 1654 1654 1654 1653 1653 1653 1437 1437 1437 1634 1634 1634 1655 1655 1655 1654 1654 1654 1654 1654 1654 1418 1418 1418 1634 1634 1634 1634 1634 1634 1439 1439 1439 1441 1441 1441 1656 1656 1656 1657 1657 1657 1623 1623 1623 1623 1623 1623 1607 1607 1607 1656 1656 1656 1658 1658 1658 1659 1659 1659 1438 1438 1438 1438 1438 1438 1440 1440 1440 1658 1658 1658 1646 1646 1646 1645 1645 1645 1660 1660 1660 1660 1660 1660 1661 1661 1661 1646 1646 1646 1662 1662 1662 1648 1648 1648 1647 1647 1647 1647 1647 1647 1663 1663 1663 1662 1662 1662 1664 1664 1664 1649 1649 1649 1648 1648 1648 1648 1648 1648 1662 1662 1662 1664 1664 1664 1665 1665 1665 1650 1650 1650 1649 1649 1649 1649 1649 1649 1664 1664 1664 1665 1665 1665 1444 1444 1444 1656 1656 1656 1607 1607 1607 1607 1607 1607 1445 1445 1445 1444 1444 1444 1661 1661 1661 1660 1660 1660 1666 1666 1666 1666 1666 1666 1667 1667 1667 1661 1661 1661 1663 1663 1663 1668 1668 1668 1669 1669 1669 1669 1669 1669 1662 1662 1662 1663 1663 1663 1662 1662 1662 1669 1669 1669 1670 1670 1670 1670 1670 1670 1664 1664 1664 1662 1662 1662 1671 1671 1671 1669 1669 1669 1668 1668 1668 1668 1668 1668 1672 1672 1672 1671 1671 1671 1673 1673 1673 1670 1670 1670 1671 1671 1671 1666 1666 1666 1674 1674 1674 1675 1675 1675 1675 1675 1675 1667 1667 1667 1666 1666 1666 1674 1674 1674 1676 1676 1676 1677 1677 1677 1677 1677 1677 1675 1675 1675 1674 1674 1674 1677 1677 1677 1643 1643 1643 1672 1672 1672 1672 1672 1672 1675 1675 1675 1677 1677 1677 1678 1678 1678 1673 1673 1673 1671 1671 1671 1671 1671 1671 1643 1643 1643 1678 1678 1678 1670 1670 1670 1673 1673 1673 1679 1679 1679 1670 1670 1670 1679 1679 1679 1665 1665 1665 1665 1665 1665 1664 1664 1664 1670 1670 1670 1627 1627 1627 1677 1677 1677 1676 1676 1676 1676 1676 1676 1628 1628 1628 1627 1627 1627 1643 1643 1643 1677 1677 1677 1627 1627 1627 1680 1680 1680 1681 1681 1681 1682 1682 1682 1682 1682 1682 1683 1683 1683 1680 1680 1680 1684 1684 1684 1680 1680 1680 1683 1683 1683 1683 1683 1683 1685 1685 1685 1684 1684 1684 1686 1686 1686 1687 1687 1687 1688 1688 1688 1688 1688 1688 1689 1689 1689 1686 1686 1686 1689 1689 1689 1688 1688 1688 1690 1690 1690 1690 1690 1690 1691 1691 1691 1689 1689 1689 1692 1692 1692 1448 1448 1448 1447 1447 1447 1693 1693 1693 1694 1694 1694 1695 1695 1695 1690 1690 1690 1696 1696 1696 1697 1697 1697 1697 1697 1697 1691 1691 1691 1690 1690 1690 1696 1696 1696 1698 1698 1698 1699 1699 1699 1699 1699 1699 1697 1697 1697 1696 1696 1696 1698 1698 1698 1700 1700 1700 1701 1701 1701 1701 1701 1701 1699 1699 1699 1698 1698 1698 1701 1701 1701 1700 1700 1700 1702 1702 1702 1702 1702 1702 1703 1703 1703 1701 1701 1701 1704 1704 1704 1687 1687 1687 1686 1686 1686 1686 1686 1686 1705 1705 1705 1704 1704 1704 1706 1706 1706 1707 1707 1707 1686 1686 1686 1686 1686 1686 1689 1689 1689 1706 1706 1706 1708 1708 1708 1707 1707 1707 1452 1452 1452 1452 1452 1452 1455 1455 1455 1708 1708 1708 1709 1709 1709 1710 1710 1710 1711 1711 1711 1711 1711 1711 1706 1706 1706 1709 1709 1709 1709 1709 1709 1712 1712 1712 1713 1713 1713 1713 1713 1713 1710 1710 1710 1709 1709 1709 1714 1714 1714 1712 1712 1712 1697 1697 1697 1697 1697 1697 1699 1699 1699 1714 1714 1714 1715 1715 1715 1714 1714 1714 1699 1699 1699 1699 1699 1699 1701 1701 1701 1715 1715 1715 1716 1716 1716 1717 1717 1717 1718 1718 1718 1718 1718 1718 1715 1715 1715 1716 1716 1716 1719 1719 1719 1720 1720 1720 1721 1721 1721 1721 1721 1721 1722 1722 1722 1719 1719 1719 1723 1723 1723 1724 1724 1724 1711 1711 1711 1711 1711 1711 1710 1710 1710 1723 1723 1723 1725 1725 1725 1723 1723 1723 1710 1710 1710 1710 1710 1710 1713 1713 1713 1725 1725 1725 1726 1726 1726 1727 1727 1727 1728 1728 1728 1728 1728 1728 1729 1729 1729 1726 1726 1726 1730 1730 1730 1726 1726 1726 1729 1729 1729 1729 1729 1729 1731 1731 1731 1730 1730 1730 1732 1732 1732 1733 1733 1733 1718 1718 1718 1718 1718 1718 1717 1717 1717 1732 1732 1732 1734 1734 1734 1735 1735 1735 1456 1456 1456 1736 1736 1736 1734 1734 1734 1456 1456 1456 1456 1456 1456 1459 1459 1459 1736 1736 1736 1735 1735 1735 1737 1737 1737 1457 1457 1457 1457 1457 1457 1737 1737 1737 1738 1738 1738 1739 1739 1739 1740 1740 1740 1738 1738 1738 1738 1738 1738 1741 1741 1741 1739 1739 1739 1742 1742 1742 1743 1743 1743 1462 1462 1462 1462 1462 1462 1464 1464 1464 1742 1742 1742 1462 1462 1462 1743 1743 1743 1466 1466 1466 1461 1461 1461 1457 1457 1457 1738 1738 1738 1738 1738 1738 1744 1744 1744 1461 1461 1461 1744 1744 1744 1738 1738 1738 1740 1740 1740 1740 1740 1740 1745 1745 1745 1744 1744 1744 1471 1471 1471 1746 1746 1746 1747 1747 1747 1747 1747 1747 1469 1469 1469 1471 1471 1471 1747 1747 1747 1748 1748 1748 1470 1470 1470 1470 1470 1470 1469 1469 1469 1747 1747 1747 1748 1748 1748 1476 1476 1476 1475 1475 1475 1475 1475 1475 1470 1470 1470 1748 1748 1748 1474 1474 1474 1749 1749 1749 1473 1473 1473 1481 1481 1481 1750 1750 1750 1749 1749 1749 1749 1749 1749 1474 1474 1474 1481 1481 1481 1751 1751 1751 1752 1752 1752 1753 1753 1753 1753 1753 1753 1754 1754 1754 1751 1751 1751 1755 1755 1755 1756 1756 1756 1757 1757 1757 1757 1757 1757 1758 1758 1758 1755 1755 1755 1759 1759 1759 1757 1757 1757 1756 1756 1756 1756 1756 1756 1760 1760 1760 1759 1759 1759 1761 1761 1761 1759 1759 1759 1760 1760 1760 1760 1760 1760 1762 1762 1762 1761 1761 1761 1763 1763 1763 1764 1764 1764 1761 1761 1761 1761 1761 1761 1762 1762 1762 1763 1763 1763 1461 1461 1461 1484 1484 1484 1482 1482 1482 1482 1482 1482 1485 1485 1485 1765 1765 1765 1766 1766 1766 1481 1481 1481 1472 1472 1472 1472 1472 1472 1483 1483 1483 1766 1766 1766 1744 1744 1744 1767 1767 1767 1484 1484 1484 1484 1484 1484 1461 1461 1461 1744 1744 1744 1768 1768 1768 1485 1485 1485 1484 1484 1484 1484 1484 1484 1767 1767 1767 1768 1768 1768 1745 1745 1745 1769 1769 1769 1767 1767 1767 1767 1767 1767 1744 1744 1744 1745 1745 1745 1768 1768 1768 1767 1767 1767 1769 1769 1769 1769 1769 1769 1770 1770 1770 1768 1768 1768 1480 1480 1480 1486 1486 1486 1771 1771 1771 1771 1771 1771 1465 1465 1465 1480 1480 1480 1772 1772 1772 1771 1771 1771 1486 1486 1486 1486 1486 1486 1773 1773 1773 1772 1772 1772 1479 1479 1479 1773 1773 1773 1486 1486 1486 1774 1774 1774 1775 1775 1775 1490 1490 1490 1490 1490 1490 1489 1489 1489 1774 1774 1774 1765 1765 1765 1485 1485 1485 1776 1776 1776 1776 1776 1776 1777 1777 1777 1765 1765 1765 1492 1492 1492 1490 1490 1490 1775 1775 1775 1775 1775 1775 1493 1493 1493 1492 1492 1492 1485 1485 1485 1768 1768 1768 1495 1495 1495 1495 1495 1495 1776 1776 1776 1485 1485 1485 1770 1770 1770 1496 1496 1496 1495 1495 1495 1495 1495 1495 1768 1768 1768 1770 1770 1770 1492 1492 1492 1778 1778 1778 1491 1491 1491 1491 1491 1491 1490 1490 1490 1492 1492 1492 1779 1779 1779 1772 1772 1772 1773 1773 1773 1773 1773 1773 1780 1780 1780 1779 1779 1779 1494 1494 1494 1781 1781 1781 1778 1778 1778 1778 1778 1778 1492 1492 1492 1494 1494 1494 1782 1782 1782 1494 1494 1494 1493 1493 1493 1493 1493 1493 1783 1783 1783 1782 1782 1782 1497 1497 1497 1784 1784 1784 1776 1776 1776 1776 1776 1776 1495 1495 1495 1497 1497 1497 1780 1780 1780 1785 1785 1785 1786 1786 1786 1786 1786 1786 1779 1779 1779 1780 1780 1780 1761 1761 1761 1764 1764 1764 1787 1787 1787 1787 1787 1787 1788 1788 1788 1761 1761 1761 1788 1788 1788 1502 1502 1502 1759 1759 1759 1759 1759 1759 1761 1761 1761 1788 1788 1788 1498 1498 1498 1787 1787 1787 1764 1764 1764 1764 1764 1764 1752 1752 1752 1498 1498 1498 1789 1789 1789 1790 1790 1790 1788 1788 1788 1788 1788 1788 1787 1787 1787 1789 1789 1789 1500 1500 1500 1789 1789 1789 1787 1787 1787 1787 1787 1787 1498 1498 1498 1500 1500 1500 1788 1788 1788 1790 1790 1790 1791 1791 1791 1791 1791 1791 1502 1502 1502 1788 1788 1788 1790 1790 1790 1789 1789 1789 1500 1500 1500 1500 1500 1500 1791 1791 1791 1790 1790 1790 1792 1792 1792 1793 1793 1793 1501 1501 1501 1501 1501 1501 1503 1503 1503 1792 1792 1792 1751 1751 1751 1499 1499 1499 1498 1498 1498 1498 1498 1498 1752 1752 1752 1751 1751 1751 1757 1757 1757 1501 1501 1501 1793 1793 1793 1793 1793 1793 1758 1758 1758 1757 1757 1757 318 318 318 1374 1374 1374 1794 1794 1794 1794 1794 1794 516 516 516 318 318 318 1795 1795 1795 1504 1504 1504 1506 1506 1506 1506 1506 1506 1616 1616 1616 1795 1795 1795 1796 1796 1796 1795 1795 1795 1616 1616 1616 1796 1796 1796 1639 1639 1639 362 362 362 362 362 362 520 520 520 1796 1796 1796 1507 1507 1507 1797 1797 1797 1508 1508 1508 1511 1511 1511 1510 1510 1510 523 523 523 523 523 523 522 522 522 1511 1511 1511 524 524 524 523 523 523 1510 1510 1510 1510 1510 1510 1798 1798 1798 524 524 524 1799 1799 1799 1798 1798 1798 1510 1510 1510 1510 1510 1510 1513 1513 1513 1799 1799 1799 1800 1800 1800 1801 1801 1801 1508 1508 1508 1508 1508 1508 1797 1797 1797 1800 1800 1800 1802 1802 1802 530 530 530 524 524 524 524 524 524 1798 1798 1798 1802 1802 1802 1803 1803 1803 1802 1802 1802 1798 1798 1798 1798 1798 1798 1799 1799 1799 1803 1803 1803 1804 1804 1804 1803 1803 1803 1799 1799 1799 1799 1799 1799 1805 1805 1805 1804 1804 1804 1806 1806 1806 1807 1807 1807 1808 1808 1808 1807 1807 1807 1809 1809 1809 1803 1803 1803 1803 1803 1803 1804 1804 1804 1807 1807 1807 1802 1802 1802 1803 1803 1803 1809 1809 1809 1809 1809 1809 538 538 538 530 530 530 530 530 530 1802 1802 1802 1809 1809 1809 1810 1810 1810 540 540 540 538 538 538 538 538 538 1809 1809 1809 1810 1810 1810 1810 1810 1810 1811 1811 1811 1812 1812 1812 1812 1812 1812 1813 1813 1813 1810 1810 1810 1812 1812 1812 1811 1811 1811 1814 1814 1814 1814 1814 1814 1815 1815 1815 1812 1812 1812 1815 1815 1815 1814 1814 1814 1816 1816 1816 1816 1816 1816 1817 1817 1817 1815 1815 1815 548 548 548 550 550 550 1813 1813 1813 1813 1813 1813 1818 1818 1818 548 548 548 1818 1818 1818 1813 1813 1813 1812 1812 1812 1812 1812 1812 1819 1819 1819 1818 1818 1818 1815 1815 1815 1820 1820 1820 1819 1819 1819 1819 1819 1819 1812 1812 1812 1815 1815 1815 1817 1817 1817 1821 1821 1821 1820 1820 1820 1820 1820 1820 1815 1815 1815 1817 1817 1817 554 554 554 555 555 555 1821 1821 1821 1821 1821 1821 1817 1817 1817 554 554 554 1818 1818 1818 1819 1819 1819 1822 1822 1822 1822 1822 1822 1823 1823 1823 1818 1818 1818 1818 1818 1818 1823 1823 1823 558 558 558 558 558 558 548 548 548 1818 1818 1818 1822 1822 1822 1819 1819 1819 1820 1820 1820 1820 1820 1820 1824 1824 1824 1822 1822 1822 1820 1820 1820 1821 1821 1821 1825 1825 1825 1825 1825 1825 1824 1824 1824 1820 1820 1820 1821 1821 1821 555 555 555 561 561 561 561 561 561 1825 1825 1825 1821 1821 1821 1823 1823 1823 1826 1826 1826 562 562 562 562 562 562 558 558 558 1823 1823 1823 1826 1826 1826 1823 1823 1823 1822 1822 1822 1822 1822 1822 1827 1827 1827 1826 1826 1826 1824 1824 1824 1828 1828 1828 1827 1827 1827 1827 1827 1827 1822 1822 1822 1824 1824 1824 1825 1825 1825 1829 1829 1829 1828 1828 1828 1828 1828 1828 1824 1824 1824 1825 1825 1825 561 561 561 567 567 567 1829 1829 1829 1829 1829 1829 1825 1825 1825 561 561 561 1521 1521 1521 1515 1515 1515 1514 1514 1514 1514 1514 1514 1522 1522 1522 1521 1521 1521 1519 1519 1519 1830 1830 1830 1831 1831 1831 1831 1831 1831 1520 1520 1520 1519 1519 1519 1524 1524 1524 1525 1525 1525 1832 1832 1832 1833 1833 1833 1834 1834 1834 1835 1835 1835 1835 1835 1835 1836 1836 1836 1833 1833 1833 1538 1538 1538 1525 1525 1525 1526 1526 1526 1537 1537 1537 1837 1837 1837 1834 1834 1834 1834 1834 1834 1833 1833 1833 1537 1537 1537 1831 1831 1831 1838 1838 1838 1839 1839 1839 1839 1839 1839 1520 1520 1520 1831 1831 1831 1839 1839 1839 1527 1527 1527 1518 1518 1518 1518 1518 1518 1520 1520 1520 1839 1839 1839 1840 1840 1840 1532 1532 1532 1527 1527 1527 1527 1527 1527 1839 1839 1839 1840 1840 1840 1841 1841 1841 1526 1526 1526 1536 1536 1536 1840 1840 1840 1839 1839 1839 1838 1838 1838 1838 1838 1838 1842 1842 1842 1840 1840 1840 1837 1837 1837 1537 1537 1537 1540 1540 1540 1540 1540 1540 1843 1843 1843 1837 1837 1837 1526 1526 1526 1841 1841 1841 1539 1539 1539 1539 1539 1539 1538 1538 1538 1526 1526 1526 1561 1561 1561 1541 1541 1541 1531 1531 1531 1531 1531 1531 1532 1532 1532 1561 1561 1561 1536 1536 1536 1543 1543 1543 1546 1546 1546 1546 1546 1546 1841 1841 1841 1536 1536 1536 1844 1844 1844 1562 1562 1562 1547 1547 1547 1547 1547 1547 1555 1555 1555 1844 1844 1844 1556 1556 1556 1560 1560 1560 1845 1845 1845 1845 1845 1845 1559 1559 1559 1556 1556 1556 1547 1547 1547 1548 1548 1548 1549 1549 1549 1554 1554 1554 1553 1553 1553 1557 1557 1557 1558 1558 1558 1545 1545 1545 1533 1533 1533 1585 1585 1585 283 283 283 301 301 301 301 301 301 1596 1596 1596 1585 1585 1585 1385 1385 1385 1357 1357 1357 1599 1599 1599 1599 1599 1599 1846 1846 1846 1385 1385 1385 1605 1605 1605 1400 1400 1400 1398 1398 1398 1398 1398 1398 1394 1394 1394 1605 1605 1605 1847 1847 1847 1406 1406 1406 1400 1400 1400 1400 1400 1400 1604 1604 1604 1847 1847 1847 1425 1425 1425 1411 1411 1411 1422 1422 1422 1422 1422 1422 1636 1636 1636 1425 1425 1425 1612 1612 1612 1442 1442 1442 1436 1436 1436 1436 1436 1436 1611 1611 1611 1612 1612 1612 1451 1451 1451 1450 1450 1450 1632 1632 1632 1848 1848 1848 1468 1468 1468 1466 1466 1466 1466 1466 1466 1743 1743 1743 1848 1848 1848 1763 1763 1763 1753 1753 1753 1752 1752 1752 1752 1752 1752 1764 1764 1764 1763 1763 1763 1757 1757 1757 1759 1759 1759 1502 1502 1502 1502 1502 1502 1501 1501 1501 1757 1757 1757 1544 1544 1544 1548 1548 1548 1543 1543 1543 1543 1543 1543 1534 1534 1534 1544 1544 1544 1692 1692 1692 1849 1849 1849 1850 1850 1850 1685 1685 1685 1851 1851 1851 1684 1684 1684 1572 1572 1572 1574 1574 1574 1592 1592 1592 1592 1592 1592 1588 1588 1588 1572 1572 1572 1329 1329 1329 1592 1592 1592 1577 1577 1577 1852 1852 1852 1853 1853 1853 1854 1854 1854 1854 1854 1854 1855 1855 1855 1852 1852 1852 1856 1856 1856 1857 1857 1857 1858 1858 1858 1856 1856 1856 1859 1859 1859 1860 1860 1860 1860 1860 1860 1857 1857 1857 1856 1856 1856 1859 1859 1859 1861 1861 1861 1862 1862 1862 1862 1862 1862 1860 1860 1860 1859 1859 1859 1861 1861 1861 1855 1855 1855 1854 1854 1854 1854 1854 1854 1862 1862 1862 1861 1861 1861 1775 1775 1775 1863 1863 1863 1783 1783 1783 1783 1783 1783 1493 1493 1493 1775 1775 1775 1864 1864 1864 1865 1865 1865 1780 1780 1780 1780 1780 1780 1773 1773 1773 1864 1864 1864 1780 1780 1780 1865 1865 1865 1866 1866 1866 1866 1866 1866 1785 1785 1785 1780 1780 1780 1784 1784 1784 1867 1867 1867 1777 1777 1777 1777 1777 1777 1776 1776 1776 1784 1784 1784 1479 1479 1479 1864 1864 1864 1773 1773 1773 1774 1774 1774 1868 1868 1868 1863 1863 1863 1863 1863 1863 1775 1775 1775 1774 1774 1774 1783 1783 1783 1863 1863 1863 1869 1869 1869 1869 1869 1869 1870 1870 1870 1783 1783 1783 1863 1863 1863 1868 1868 1868 1871 1871 1871 1871 1871 1871 1869 1869 1869 1863 1863 1863 1864 1864 1864 1479 1479 1479 1872 1872 1872 1872 1872 1872 1873 1873 1873 1864 1864 1864 1864 1864 1864 1873 1873 1873 1874 1874 1874 1874 1874 1874 1865 1865 1865 1864 1864 1864 1870 1870 1870 1869 1869 1869 1875 1875 1875 1875 1875 1875 1876 1876 1876 1870 1870 1870 1877 1877 1877 1875 1875 1875 1869 1869 1869 1869 1869 1869 1871 1871 1871 1877 1877 1877 1765 1765 1765 1878 1878 1878 1879 1879 1879 1879 1879 1879 1482 1482 1482 1765 1765 1765 1777 1777 1777 1880 1880 1880 1878 1878 1878 1878 1878 1878 1765 1765 1765 1777 1777 1777 1876 1876 1876 1782 1782 1782 1870 1870 1870 1866 1866 1866 1865 1865 1865 1874 1874 1874 1867 1867 1867 1880 1880 1880 1777 1777 1777 1870 1870 1870 1782 1782 1782 1783 1783 1783 1577 1577 1577 1592 1592 1592 1574 1574 1574 619 619 619 1321 1321 1321 1320 1320 1320 1320 1320 1320 285 285 285 619 619 619 1451 1451 1451 1632 1632 1632 1881 1881 1881 1634 1634 1634 1441 1441 1441 1655 1655 1655 1633 1633 1633 1414 1414 1414 1439 1439 1439 1882 1882 1882 623 623 623 622 622 622 1883 1883 1883 1884 1884 1884 1885 1885 1885 1885 1885 1885 1886 1886 1886 1883 1883 1883 1887 1887 1887 1888 1888 1888 1885 1885 1885 1886 1886 1886 1885 1885 1885 1889 1889 1889 1890 1890 1890 1882 1882 1882 1891 1891 1891 1892 1892 1892 1893 1893 1893 1894 1894 1894 1893 1893 1893 1895 1895 1895 1894 1894 1894 1895 1895 1895 1896 1896 1896 1894 1894 1894 1896 1896 1896 1897 1897 1897 1894 1894 1894 1898 1898 1898 1897 1897 1897 1899 1899 1899 1896 1896 1896 1899 1899 1899 1897 1897 1897 1899 1899 1899 1896 1896 1896 1900 1900 1900 1901 1901 1901 1902 1902 1902 1903 1903 1903 1904 1904 1904 1901 1901 1901 1903 1903 1903 1901 1901 1901 1904 1904 1904 1905 1905 1905 1906 1906 1906 1899 1899 1899 1907 1907 1907 1905 1905 1905 1908 1908 1908 1901 1901 1901 1902 1902 1902 1901 1901 1901 1908 1908 1908 1909 1909 1909 1902 1902 1902 1908 1908 1908 1910 1910 1910 1911 1911 1911 1908 1908 1908 1912 1912 1912 1913 1913 1913 1886 1886 1886 1914 1914 1914 1915 1915 1915 1916 1916 1916 1917 1917 1917 1918 1918 1918 1919 1919 1919 1916 1916 1916 1920 1920 1920 1921 1921 1921 1922 1922 1922 1912 1912 1912 1923 1923 1923 1886 1886 1886 1923 1923 1923 1912 1912 1912 1924 1924 1924 1922 1922 1922 1925 1925 1925 1923 1923 1923 1886 1886 1886 1926 1926 1926 1923 1923 1923 1925 1925 1925 1922 1922 1922 1886 1886 1886 1889 1889 1889 1926 1926 1926 1889 1889 1889 1885 1885 1885 1927 1927 1927 1882 1882 1882 622 622 622 1891 1891 1891 669 669 669 1918 1918 1918 257 257 257 1563 1563 1563 257 257 257 1918 1918 1918 1566 1566 1566 1928 1928 1928 1929 1929 1929 1930 1930 1930 673 673 673 623 623 623 623 623 623 1882 1882 1882 1930 1930 1930 1892 1892 1892 674 674 674 673 673 673 673 673 673 1930 1930 1930 1892 1892 1892 1930 1930 1930 1931 1931 1931 1932 1932 1932 1890 1890 1890 1933 1933 1933 1930 1930 1930 1930 1930 1930 1882 1882 1882 1890 1890 1890 1932 1932 1932 1893 1893 1893 1892 1892 1892 1892 1892 1892 1930 1930 1930 1932 1932 1932 1895 1895 1895 1934 1934 1934 1935 1935 1935 1935 1935 1935 1936 1936 1936 1895 1895 1895 1937 1937 1937 1938 1938 1938 1895 1895 1895 1895 1895 1895 1936 1936 1936 1937 1937 1937 1939 1939 1939 1935 1935 1935 1934 1934 1934 1934 1934 1934 1940 1940 1940 1939 1939 1939 1941 1941 1941 1939 1939 1939 1940 1940 1940 1940 1940 1940 1942 1942 1942 1941 1941 1941 1938 1938 1938 1937 1937 1937 1943 1943 1943 1943 1943 1943 1944 1944 1944 1938 1938 1938 1896 1896 1896 1895 1895 1895 1938 1938 1938 1938 1938 1938 1900 1900 1900 1896 1896 1896 1944 1944 1944 1945 1945 1945 1900 1900 1900 1900 1900 1900 1938 1938 1938 1944 1944 1944 1944 1944 1944 1943 1943 1943 1946 1946 1946 1946 1946 1946 1947 1947 1947 1944 1944 1944 1945 1945 1945 1944 1944 1944 1947 1947 1947 1947 1947 1947 1948 1948 1948 1945 1945 1945 1946 1946 1946 1949 1949 1949 1950 1950 1950 1950 1950 1950 1947 1947 1947 1946 1946 1946 1947 1947 1947 1950 1950 1950 1913 1913 1913 1913 1913 1913 1948 1948 1948 1947 1947 1947 1951 1951 1951 1883 1883 1883 1950 1950 1950 1950 1950 1950 1949 1949 1949 1951 1951 1951 1913 1913 1913 1950 1950 1950 1883 1883 1883 1883 1883 1883 1886 1886 1886 1913 1913 1913 1883 1883 1883 1951 1951 1951 1952 1952 1952 1953 1953 1953 1954 1954 1954 1884 1884 1884 1884 1884 1884 1952 1952 1952 1953 1953 1953 1884 1884 1884 1955 1955 1955 1887 1887 1887 1887 1887 1887 1885 1885 1885 1884 1884 1884 1956 1956 1956 1957 1957 1957 1942 1942 1942 1942 1942 1942 1931 1931 1931 1956 1956 1956 1933 1933 1933 1958 1958 1958 1956 1956 1956 1956 1956 1956 1931 1931 1931 1933 1933 1933 1953 1953 1953 1959 1959 1959 1957 1957 1957 1957 1957 1957 1954 1954 1954 1953 1953 1953 1956 1956 1956 1958 1958 1958 1887 1887 1887 1887 1887 1887 1955 1955 1955 1956 1956 1956 1958 1958 1958 1933 1933 1933 1890 1890 1890 1890 1890 1890 1960 1960 1960 1958 1958 1958 1888 1888 1888 1887 1887 1887 1958 1958 1958 1958 1958 1958 1960 1960 1960 1888 1888 1888 1885 1885 1885 1888 1888 1888 1961 1961 1961 1961 1961 1961 1927 1927 1927 1885 1885 1885 1962 1962 1962 1961 1961 1961 1888 1888 1888 1888 1888 1888 1960 1960 1960 1962 1962 1962 1960 1960 1960 1890 1890 1890 1891 1891 1891 1891 1891 1891 1962 1962 1962 1960 1960 1960 674 674 674 1892 1892 1892 1894 1894 1894 1894 1894 1894 707 707 707 674 674 674 1897 1897 1897 708 708 708 707 707 707 707 707 707 1894 1894 1894 1897 1897 1897 708 708 708 1897 1897 1897 1898 1898 1898 1898 1898 1898 709 709 709 708 708 708 1963 1963 1963 711 711 711 709 709 709 709 709 709 1898 1898 1898 1963 1963 1963 1906 1906 1906 1963 1963 1963 1898 1898 1898 1898 1898 1898 1899 1899 1899 1906 1906 1906 1963 1963 1963 1903 1903 1903 712 712 712 712 712 712 711 711 711 1963 1963 1963 1904 1904 1904 1903 1903 1903 1963 1963 1963 1963 1963 1963 1906 1906 1906 1904 1904 1904 713 713 713 712 712 712 1903 1903 1903 1903 1903 1903 1902 1902 1902 713 713 713 1902 1902 1902 1909 1909 1909 714 714 714 714 714 714 713 713 713 1902 1902 1902 1906 1906 1906 1907 1907 1907 1905 1905 1905 1905 1905 1905 1904 1904 1904 1906 1906 1906 1910 1910 1910 1907 1907 1907 1899 1899 1899 1899 1899 1899 1900 1900 1900 1910 1910 1910 714 714 714 1909 1909 1909 1964 1964 1964 1964 1964 1964 715 715 715 714 714 714 1965 1965 1965 1964 1964 1964 1909 1909 1909 1909 1909 1909 1908 1908 1908 1965 1965 1965 715 715 715 1964 1964 1964 718 718 718 1966 1966 1966 1964 1964 1964 1965 1965 1965 1967 1967 1967 1965 1965 1965 1908 1908 1908 1908 1908 1908 1911 1911 1911 1967 1967 1967 1948 1948 1948 1968 1968 1968 1969 1969 1969 1948 1948 1948 1913 1913 1913 1912 1912 1912 1912 1912 1912 1968 1968 1968 1948 1948 1948 1970 1970 1970 726 726 726 725 725 725 725 725 725 1971 1971 1971 1970 1970 1970 1965 1965 1965 1967 1967 1967 1972 1972 1972 1914 1914 1914 1970 1970 1970 1971 1971 1971 1971 1971 1971 1915 1915 1915 1914 1914 1914 1967 1967 1967 1920 1920 1920 1916 1916 1916 1916 1916 1916 1972 1972 1972 1967 1967 1967 1920 1920 1920 1967 1967 1967 1911 1911 1911 1911 1911 1911 1973 1973 1973 1920 1920 1920 729 729 729 726 726 726 1970 1970 1970 1970 1970 1970 1974 1974 1974 729 729 729 1974 1974 1974 1970 1970 1970 1914 1914 1914 1914 1914 1914 1975 1975 1975 1974 1974 1974 1916 1916 1916 1921 1921 1921 1975 1975 1975 1976 1976 1976 1974 1974 1974 1975 1975 1975 1975 1975 1975 1977 1977 1977 1976 1976 1976 1921 1921 1921 1977 1977 1977 1975 1975 1975 734 734 734 729 729 729 1974 1974 1974 1974 1974 1974 1976 1976 1976 734 734 734 735 735 735 1978 1978 1978 1979 1979 1979 1979 1979 1979 736 736 736 735 735 735 1979 1979 1979 1978 1978 1978 1980 1980 1980 1981 1981 1981 1980 1980 1980 1982 1982 1982 1981 1981 1981 1983 1983 1983 1917 1917 1917 1919 1919 1919 1979 1979 1979 1981 1981 1981 736 736 736 1979 1979 1979 1919 1919 1919 1919 1919 1919 743 743 743 736 736 736 1919 1919 1919 1918 1918 1918 669 669 669 669 669 669 743 743 743 1919 1919 1919 1973 1973 1973 1911 1911 1911 1910 1910 1910 1910 1910 1910 1969 1969 1969 1973 1973 1973 1982 1982 1982 1973 1973 1973 1969 1969 1969 1969 1969 1969 1983 1983 1983 1982 1982 1982 1983 1983 1983 1969 1969 1969 1968 1968 1968 1983 1983 1983 1984 1984 1984 1985 1985 1985 1985 1985 1985 1917 1917 1917 1983 1983 1983 1912 1912 1912 1922 1922 1922 1984 1984 1984 1984 1984 1984 1968 1968 1968 1912 1912 1912 1922 1922 1922 1924 1924 1924 1985 1985 1985 1985 1985 1985 1984 1984 1984 1922 1922 1922 1985 1985 1985 1986 1986 1986 1918 1918 1918 1918 1918 1918 1917 1917 1917 1985 1985 1985 1986 1986 1986 1985 1985 1985 1924 1924 1924 1924 1924 1924 1928 1928 1928 1986 1986 1986 1929 1929 1929 1928 1928 1928 1924 1924 1924 1924 1924 1924 1925 1925 1925 1929 1929 1929 622 622 622 748 748 748 1987 1987 1987 1987 1987 1987 1891 1891 1891 622 622 622 1962 1962 1962 1891 1891 1891 1987 1987 1987 1563 1563 1563 1918 1918 1918 1986 1986 1986 1986 1986 1986 1565 1565 1565 1563 1563 1563 1565 1565 1565 1986 1986 1986 1928 1928 1928 1928 1928 1928 1566 1566 1566 1565 1565 1565 1566 1566 1566 1929 1929 1929 1569 1569 1569 1908 1908 1908 1905 1905 1905 1907 1907 1907 1907 1907 1907 1910 1910 1910 1908 1908 1908 1982 1982 1982 1921 1921 1921 1920 1920 1920 1920 1920 1920 1973 1973 1973 1982 1982 1982 1988 1988 1988 1989 1989 1989 1990 1990 1990 1990 1990 1990 1989 1989 1989 1991 1991 1991 1992 1992 1992 1989 1989 1989 1988 1988 1988 1993 1993 1993 1989 1989 1989 1992 1992 1992 1991 1991 1991 1989 1989 1989 1994 1994 1994 1994 1994 1994 1989 1989 1989 1995 1995 1995 1995 1995 1995 1989 1989 1989 1996 1996 1996 1996 1996 1996 1989 1989 1989 1997 1997 1997 1997 1997 1997 1989 1989 1989 1998 1998 1998 1999 1999 1999 1989 1989 1989 1993 1993 1993 1998 1998 1998 1989 1989 1989 1999 1999 1999 761 761 761 2000 2000 2000 762 762 762 2001 2001 2001 2002 2002 2002 2003 2003 2003 2004 2004 2004 2005 2005 2005 2006 2006 2006 2006 2006 2006 2001 2001 2001 2004 2004 2004 2007 2007 2007 2008 2008 2008 2009 2009 2009 2009 2009 2009 2010 2010 2010 2007 2007 2007 2002 2002 2002 2001 2001 2001 2011 2011 2011 2009 2009 2009 2012 2012 2012 2013 2013 2013 2013 2013 2013 2014 2014 2014 2009 2009 2009 2015 2015 2015 2012 2012 2012 2016 2016 2016 2017 2017 2017 782 782 782 2018 2018 2018 2019 2019 2019 2020 2020 2020 2021 2021 2021 2020 2020 2020 2019 2019 2019 2022 2022 2022 2023 2023 2023 2024 2024 2024 2025 2025 2025 2024 2024 2024 2023 2023 2023 2026 2026 2026 2027 2027 2027 2028 2028 2028 2029 2029 2029 2022 2022 2022 2030 2030 2030 2020 2020 2020 2031 2031 2031 2032 2032 2032 2022 2022 2022 2030 2030 2030 2022 2022 2022 2032 2032 2032 2032 2032 2032 2031 2031 2031 2033 2033 2033 2034 2034 2034 2035 2035 2035 2036 2036 2036 2036 2036 2036 2037 2037 2037 2034 2034 2034 2024 2024 2024 2026 2026 2026 2038 2038 2038 2038 2038 2038 2039 2039 2039 2024 2024 2024 2040 2040 2040 2041 2041 2041 2039 2039 2039 2039 2039 2039 2038 2038 2038 2040 2040 2040 2039 2039 2039 2041 2041 2041 2042 2042 2042 2042 2042 2042 2043 2043 2043 2044 2044 2044 2042 2042 2042 2041 2041 2041 2043 2043 2043 2043 2043 2043 2041 2041 2041 2045 2045 2045 2046 2046 2046 2033 2033 2033 2047 2047 2047 2047 2047 2047 2048 2048 2048 2046 2046 2046 2033 2033 2033 2049 2049 2049 2032 2032 2032 2049 2049 2049 2033 2033 2033 2046 2046 2046 2046 2046 2046 815 815 815 2050 2050 2050 2046 2046 2046 2050 2050 2050 2049 2049 2049 2030 2030 2030 2051 2051 2051 2052 2052 2052 2030 2030 2030 2052 2052 2052 2053 2053 2053 2054 2054 2054 2052 2052 2052 2051 2051 2051 820 820 820 2050 2050 2050 815 815 815 2028 2028 2028 2027 2027 2027 2053 2053 2053 2055 2055 2055 2056 2056 2056 2057 2057 2057 2057 2057 2057 2056 2056 2056 2058 2058 2058 2056 2056 2056 826 826 826 2059 2059 2059 2059 2059 2059 2058 2058 2058 2056 2056 2056 2060 2060 2060 2057 2057 2057 2058 2058 2058 828 828 828 2059 2059 2059 826 826 826 2058 2058 2058 2059 2059 2059 2061 2061 2061 2062 2062 2062 2060 2060 2060 2058 2058 2058 2062 2062 2062 832 832 832 2063 2063 2063 2063 2063 2063 2060 2060 2060 2062 2062 2062 833 833 833 2063 2063 2063 832 832 832 2060 2060 2060 2063 2063 2063 2064 2064 2064 2065 2065 2065 2066 2066 2066 2067 2067 2067 2066 2066 2066 2065 2065 2065 2068 2068 2068 2069 2069 2069 2070 2070 2070 2071 2071 2071 2072 2072 2072 2071 2071 2071 2070 2070 2070 2073 2073 2073 2074 2074 2074 2069 2069 2069 2069 2069 2069 2071 2071 2071 2073 2073 2073 2074 2074 2074 2073 2073 2073 2075 2075 2075 2072 2072 2072 2076 2076 2076 2071 2071 2071 2077 2077 2077 2076 2076 2076 2072 2072 2072 2071 2071 2071 2078 2078 2078 2073 2073 2073 2078 2078 2078 2071 2071 2071 2076 2076 2076 2073 2073 2073 2078 2078 2078 2075 2075 2075 2079 2079 2079 850 850 850 2075 2075 2075 2079 2079 2079 2075 2075 2075 2078 2078 2078 851 851 851 850 850 850 2079 2079 2079 2080 2080 2080 2081 2081 2081 2082 2082 2082 2081 2081 2081 2080 2080 2080 2083 2083 2083 2082 2082 2082 856 856 856 2080 2080 2080 857 857 857 856 856 856 2082 2082 2082 2084 2084 2084 2082 2082 2082 2081 2081 2081 2080 2080 2080 856 856 856 859 859 859 2085 2085 2085 2086 2086 2086 2087 2087 2087 2085 2085 2085 2088 2088 2088 2089 2089 2089 2086 2086 2086 2085 2085 2085 2090 2090 2090 2090 2090 2090 2091 2091 2091 2086 2086 2086 2092 2092 2092 2089 2089 2089 2088 2088 2088 2092 2092 2092 2090 2090 2090 2089 2089 2089 2093 2093 2093 2094 2094 2094 2095 2095 2095 2096 2096 2096 2097 2097 2097 2068 2068 2068 2068 2068 2068 2098 2098 2098 2096 2096 2096 2068 2068 2068 2065 2065 2065 2098 2098 2098 2099 2099 2099 2098 2098 2098 2065 2065 2065 2100 2100 2100 2098 2098 2098 2101 2101 2101 877 877 877 878 878 878 2100 2100 2100 2098 2098 2098 2100 2100 2100 878 878 878 2000 2000 2000 2003 2003 2003 2102 2102 2102 2102 2102 2102 762 762 762 2000 2000 2000 761 761 761 881 881 881 2103 2103 2103 762 762 762 2102 2102 2102 2104 2104 2104 2103 2103 2103 2000 2000 2000 761 761 761 2103 2103 2103 881 881 881 884 884 884 884 884 884 2105 2105 2105 2103 2103 2103 2105 2105 2105 2106 2106 2106 2103 2103 2103 2017 2017 2017 2107 2107 2107 2106 2106 2106 2106 2106 2106 2105 2105 2105 2017 2017 2017 2102 2102 2102 2003 2003 2003 2002 2002 2002 2002 2002 2002 2108 2108 2108 2102 2102 2102 2004 2004 2004 2008 2008 2008 2007 2007 2007 2007 2007 2007 2005 2005 2005 2004 2004 2004 2016 2016 2016 2107 2107 2107 2017 2017 2017 2017 2017 2017 2018 2018 2018 2016 2016 2016 2109 2109 2109 2002 2002 2002 2011 2011 2011 2011 2011 2011 2110 2110 2110 2109 2109 2109 2108 2108 2108 2002 2002 2002 2109 2109 2109 2109 2109 2109 2111 2111 2111 2108 2108 2108 2011 2011 2011 2006 2006 2006 2112 2112 2112 2112 2112 2112 2110 2110 2110 2011 2011 2011 2005 2005 2005 2113 2113 2113 2112 2112 2112 2112 2112 2112 2006 2006 2006 2005 2005 2005 2113 2113 2113 2005 2005 2005 2007 2007 2007 2007 2007 2007 2114 2114 2114 2113 2113 2113 2007 2007 2007 2115 2115 2115 2114 2114 2114 2115 2115 2115 2007 2007 2007 2010 2010 2010 2010 2010 2010 2116 2116 2116 2115 2115 2115 2014 2014 2014 2010 2010 2010 2009 2009 2009 2117 2117 2117 2116 2116 2116 2010 2010 2010 2010 2010 2010 2014 2014 2014 2117 2117 2117 2015 2015 2015 2016 2016 2016 2018 2018 2018 2116 2116 2116 2118 2118 2118 2119 2119 2119 2119 2119 2119 2115 2115 2115 2116 2116 2116 2117 2117 2117 2044 2044 2044 2118 2118 2118 2118 2118 2118 2116 2116 2116 2117 2117 2117 2019 2019 2019 2114 2114 2114 2115 2115 2115 2115 2115 2115 2119 2119 2119 2019 2019 2019 2021 2021 2021 2113 2113 2113 2114 2114 2114 2114 2114 2114 2019 2019 2019 2021 2021 2021 2120 2120 2120 2112 2112 2112 2113 2113 2113 2113 2113 2113 2021 2021 2021 2120 2120 2120 2120 2120 2120 2121 2121 2121 2110 2110 2110 2110 2110 2110 2112 2112 2112 2120 2120 2120 2110 2110 2110 2121 2121 2121 2122 2122 2122 2122 2122 2122 2109 2109 2109 2110 2110 2110 902 902 902 903 903 903 2015 2015 2015 2015 2015 2015 2018 2018 2018 902 902 902 2015 2015 2015 903 903 903 904 904 904 904 904 904 2012 2012 2012 2015 2015 2015 2014 2014 2014 2023 2023 2023 2117 2117 2117 2025 2025 2025 2042 2042 2042 2044 2044 2044 2044 2044 2044 2117 2117 2117 2025 2025 2025 2123 2123 2123 2118 2118 2118 2044 2044 2044 2118 2118 2118 2123 2123 2123 2031 2031 2031 2031 2031 2031 2119 2119 2119 2118 2118 2118 2120 2120 2120 2021 2021 2021 2020 2020 2020 2020 2020 2020 2027 2027 2027 2120 2120 2120 2121 2121 2121 2120 2120 2120 2027 2027 2027 2027 2027 2027 2029 2029 2029 2121 2121 2121 2023 2023 2023 907 907 907 906 906 906 906 906 906 2026 2026 2026 2023 2023 2023 2108 2108 2108 2124 2124 2124 2102 2102 2102 2109 2109 2109 2122 2122 2122 2036 2036 2036 2036 2036 2036 2111 2111 2111 2109 2109 2109 2029 2029 2029 2125 2125 2125 2122 2122 2122 2122 2122 2122 2121 2121 2121 2029 2029 2029 2122 2122 2122 2125 2125 2125 2037 2037 2037 2037 2037 2037 2036 2036 2036 2122 2122 2122 2125 2125 2125 2029 2029 2029 2028 2028 2028 2028 2028 2028 2126 2126 2126 2125 2125 2125 2125 2125 2125 2126 2126 2126 2066 2066 2066 2066 2066 2066 2037 2037 2037 2125 2125 2125 2033 2033 2033 2031 2031 2031 2123 2123 2123 2123 2123 2123 2047 2047 2047 2033 2033 2033 2026 2026 2026 906 906 906 911 911 911 911 911 911 2038 2038 2038 2026 2026 2026 2040 2040 2040 913 913 913 912 912 912 912 912 912 2041 2041 2041 2040 2040 2040 2043 2043 2043 2047 2047 2047 2123 2123 2123 2123 2123 2123 2044 2044 2044 2043 2043 2043 2045 2045 2045 2041 2041 2041 912 912 912 912 912 912 914 914 914 2045 2045 2045 914 914 914 915 915 915 2048 2048 2048 2048 2048 2048 2045 2045 2045 914 914 914 2045 2045 2045 2048 2048 2048 2047 2047 2047 2047 2047 2047 2043 2043 2043 2045 2045 2045 2046 2046 2046 2048 2048 2048 915 915 915 915 915 915 815 815 815 2046 2046 2046 2049 2049 2049 2051 2051 2051 2030 2030 2030 2030 2030 2030 2032 2032 2032 2049 2049 2049 2050 2050 2050 2127 2127 2127 2051 2051 2051 2051 2051 2051 2049 2049 2049 2050 2050 2050 2127 2127 2127 2128 2128 2128 2054 2054 2054 2054 2054 2054 2051 2051 2051 2127 2127 2127 2127 2127 2127 919 919 919 918 918 918 918 918 918 2128 2128 2128 2127 2127 2127 2052 2052 2052 2129 2129 2129 2028 2028 2028 2028 2028 2028 2053 2053 2053 2052 2052 2052 2054 2054 2054 2055 2055 2055 2129 2129 2129 2129 2129 2129 2052 2052 2052 2054 2054 2054 2128 2128 2128 2056 2056 2056 2055 2055 2055 2056 2056 2056 2128 2128 2128 918 918 918 918 918 918 826 826 826 2056 2056 2056 2129 2129 2129 2055 2055 2055 2057 2057 2057 2057 2057 2057 2130 2130 2130 2129 2129 2129 2129 2129 2129 2130 2130 2130 2126 2126 2126 2126 2126 2126 2028 2028 2028 2129 2129 2129 2066 2066 2066 2126 2126 2126 2130 2130 2130 2130 2130 2130 2067 2067 2067 2066 2066 2066 2130 2130 2130 2057 2057 2057 2131 2131 2131 2131 2131 2131 2067 2067 2067 2130 2130 2130 2060 2060 2060 2131 2131 2131 2057 2057 2057 2070 2070 2070 2132 2132 2132 924 924 924 924 924 924 923 923 923 2070 2070 2070 2069 2069 2069 2133 2133 2133 2132 2132 2132 2132 2132 2132 2070 2070 2070 2069 2069 2069 2062 2062 2062 2058 2058 2058 2061 2061 2061 2061 2061 2061 2134 2134 2134 2062 2062 2062 2069 2069 2069 2074 2074 2074 2135 2135 2135 2135 2135 2135 2133 2133 2133 2069 2069 2069 832 832 832 2062 2062 2062 929 929 929 930 930 930 931 931 931 2135 2135 2135 2135 2135 2135 2074 2074 2074 930 930 930 2131 2131 2131 2060 2060 2060 2064 2064 2064 2064 2064 2064 2099 2099 2099 2131 2131 2131 2100 2100 2100 2063 2063 2063 833 833 833 833 833 833 877 877 877 2100 2100 2100 2064 2064 2064 2063 2063 2063 2100 2100 2100 2100 2100 2100 2101 2101 2101 2064 2064 2064 923 923 923 932 932 932 2072 2072 2072 2072 2072 2072 2070 2070 2070 923 923 923 932 932 932 933 933 933 2077 2077 2077 2077 2077 2077 2072 2072 2072 932 932 932 2136 2136 2136 2077 2077 2077 933 933 933 933 933 933 935 935 935 2136 2136 2136 2137 2137 2137 2076 2076 2076 2077 2077 2077 2077 2077 2077 2136 2136 2136 2137 2137 2137 2078 2078 2078 2076 2076 2076 2137 2137 2137 2137 2137 2137 2138 2138 2138 2078 2078 2078 2139 2139 2139 2079 2079 2079 2078 2078 2078 2078 2078 2078 2138 2138 2138 2139 2139 2139 2079 2079 2079 2139 2139 2139 939 939 939 939 939 939 851 851 851 2079 2079 2079 940 940 940 939 939 939 2139 2139 2139 2139 2139 2139 2140 2140 2140 940 940 940 2140 2140 2140 2139 2139 2139 2138 2138 2138 2138 2138 2138 2141 2141 2141 2140 2140 2140 2138 2138 2138 2137 2137 2137 2142 2142 2142 2142 2142 2142 2141 2141 2141 2138 2138 2138 2137 2137 2137 2136 2136 2136 2143 2143 2143 2143 2143 2143 2142 2142 2142 2137 2137 2137 2136 2136 2136 935 935 935 945 945 945 945 945 945 2143 2143 2143 2136 2136 2136 946 946 946 2144 2144 2144 2143 2143 2143 2143 2143 2143 945 945 945 946 946 946 2142 2142 2142 2143 2143 2143 2144 2144 2144 2144 2144 2144 2145 2145 2145 2142 2142 2142 2145 2145 2145 2146 2146 2146 2141 2141 2141 2141 2141 2141 2142 2142 2142 2145 2145 2145 2146 2146 2146 2147 2147 2147 2140 2140 2140 2140 2140 2140 2141 2141 2141 2146 2146 2146 2147 2147 2147 951 951 951 940 940 940 940 940 940 2140 2140 2140 2147 2147 2147 952 952 952 2148 2148 2148 2144 2144 2144 2144 2144 2144 946 946 946 952 952 952 2148 2148 2148 2149 2149 2149 2145 2145 2145 2145 2145 2145 2144 2144 2144 2148 2148 2148 2145 2145 2145 2149 2149 2149 2150 2150 2150 2150 2150 2150 2146 2146 2146 2145 2145 2145 2150 2150 2150 2151 2151 2151 2147 2147 2147 2147 2147 2147 2146 2146 2146 2150 2150 2150 2151 2151 2151 957 957 957 951 951 951 951 951 951 2147 2147 2147 2151 2151 2151 958 958 958 2152 2152 2152 2148 2148 2148 2148 2148 2148 952 952 952 958 958 958 2152 2152 2152 2153 2153 2153 2149 2149 2149 2149 2149 2149 2148 2148 2148 2152 2152 2152 2149 2149 2149 2153 2153 2153 2154 2154 2154 2154 2154 2154 2150 2150 2150 2149 2149 2149 2150 2150 2150 2154 2154 2154 2155 2155 2155 2155 2155 2155 2151 2151 2151 2150 2150 2150 2155 2155 2155 963 963 963 957 957 957 957 957 957 2151 2151 2151 2155 2155 2155 964 964 964 2156 2156 2156 2152 2152 2152 2152 2152 2152 958 958 958 964 964 964 2153 2153 2153 2152 2152 2152 2156 2156 2156 2156 2156 2156 2157 2157 2157 2153 2153 2153 2158 2158 2158 2156 2156 2156 964 964 964 964 964 964 968 968 968 2158 2158 2158 2159 2159 2159 2157 2157 2157 2156 2156 2156 2156 2156 2156 2158 2158 2158 2159 2159 2159 2157 2157 2157 2154 2154 2154 2153 2153 2153 2160 2160 2160 2161 2161 2161 2157 2157 2157 2161 2161 2161 2154 2154 2154 2157 2157 2157 2161 2161 2161 2155 2155 2155 2154 2154 2154 2155 2155 2155 2161 2161 2161 972 972 972 973 973 973 972 972 972 2161 2161 2161 2161 2161 2161 2160 2160 2160 973 973 973 2162 2162 2162 975 975 975 973 973 973 973 973 973 2160 2160 2160 2162 2162 2162 2083 2083 2083 976 976 976 975 975 975 975 975 975 2162 2162 2162 2083 2083 2083 2162 2162 2162 2160 2160 2160 2159 2159 2159 2159 2159 2159 2163 2163 2163 2162 2162 2162 2163 2163 2163 2159 2159 2159 2158 2158 2158 2158 2158 2158 2164 2164 2164 2163 2163 2163 2164 2164 2164 2158 2158 2158 968 968 968 968 968 968 979 979 979 2164 2164 2164 2084 2084 2084 2164 2164 2164 979 979 979 979 979 979 980 980 980 2084 2084 2084 2081 2081 2081 2163 2163 2163 2164 2164 2164 2164 2164 2164 2084 2084 2084 2081 2081 2081 878 878 878 2165 2165 2165 2098 2098 2098 2166 2166 2166 2094 2094 2094 2093 2093 2093 2022 2022 2022 2019 2019 2019 2119 2119 2119 2119 2119 2119 2031 2031 2031 2022 2022 2022 2042 2042 2042 2025 2025 2025 2039 2039 2039 2020 2020 2020 2030 2030 2030 2053 2053 2053 2053 2053 2053 2027 2027 2027 2020 2020 2020 911 911 911 913 913 913 2040 2040 2040 2040 2040 2040 2038 2038 2038 911 911 911 919 919 919 2127 2127 2127 2050 2050 2050 2050 2050 2050 820 820 820 919 919 919 2067 2067 2067 2131 2131 2131 2099 2099 2099 2099 2099 2099 2065 2065 2065 2067 2067 2067 2074 2074 2074 2075 2075 2075 850 850 850 850 850 850 930 930 930 2074 2074 2074 2083 2083 2083 2162 2162 2162 2163 2163 2163 2163 2163 2163 2081 2081 2081 2083 2083 2083 2082 2082 2082 2084 2084 2084 980 980 980 980 980 980 857 857 857 2082 2082 2082 2080 2080 2080 859 859 859 976 976 976 976 976 976 2083 2083 2083 2080 2080 2080 2101 2101 2101 2098 2098 2098 2099 2099 2099 2099 2099 2099 2064 2064 2064 2101 2101 2101 2167 2167 2167 2096 2096 2096 2165 2165 2165 2096 2096 2096 2167 2167 2167 2168 2168 2168 2102 2102 2102 2124 2124 2124 2104 2104 2104 2111 2111 2111 2169 2169 2169 2108 2108 2108 2108 2108 2108 2169 2169 2169 2124 2124 2124 2170 2170 2170 2169 2169 2169 2111 2111 2111 2166 2166 2166 2171 2171 2171 2094 2094 2094 2098 2098 2098 2165 2165 2165 2096 2096 2096 2172 2172 2172 2173 2173 2173 2174 2174 2174 2174 2174 2174 2175 2175 2175 2172 2172 2172 2176 2176 2176 2177 2177 2177 994 994 994 994 994 994 993 993 993 2176 2176 2176 2178 2178 2178 2179 2179 2179 2177 2177 2177 2177 2177 2177 2176 2176 2176 2178 2178 2178 2172 2172 2172 2175 2175 2175 2179 2179 2179 2179 2179 2179 2178 2178 2178 2172 2172 2172 998 998 998 1001 1001 1001 2180 2180 2180 2180 2180 2180 2181 2181 2181 998 998 998 2173 2173 2173 2181 2181 2181 2180 2180 2180 2180 2180 2180 2174 2174 2174 2173 2173 2173 2174 2174 2174 2182 2182 2182 2183 2183 2183 2183 2183 2183 2175 2175 2175 2174 2174 2174 2177 2177 2177 2184 2184 2184 1004 1004 1004 1004 1004 1004 994 994 994 2177 2177 2177 2177 2177 2177 2179 2179 2179 2185 2185 2185 2185 2185 2185 2184 2184 2184 2177 2177 2177 2179 2179 2179 2175 2175 2175 2183 2183 2183 2183 2183 2183 2185 2185 2185 2179 2179 2179 1001 1001 1001 1008 1008 1008 2186 2186 2186 2186 2186 2186 2180 2180 2180 1001 1001 1001 2180 2180 2180 2186 2186 2186 2182 2182 2182 2182 2182 2182 2174 2174 2174 2180 2180 2180 2186 2186 2186 1008 1008 1008 1010 1010 1010 1010 1010 1010 2187 2187 2187 2186 2186 2186 2187 2187 2187 2188 2188 2188 2182 2182 2182 2182 2182 2182 2186 2186 2186 2187 2187 2187 2183 2183 2183 2182 2182 2182 2188 2188 2188 1004 1004 1004 2184 2184 2184 2187 2187 2187 2187 2187 2187 1010 1010 1010 1004 1004 1004 2185 2185 2185 2188 2188 2188 2187 2187 2187 2187 2187 2187 2184 2184 2184 2185 2185 2185 2183 2183 2183 2188 2188 2188 2185 2185 2185 2009 2009 2009 2008 2008 2008 2107 2107 2107 2107 2107 2107 2016 2016 2016 2009 2009 2009 1900 1900 1900 1945 1945 1945 1910 1910 1910 1910 1910 1910 1945 1945 1945 1969 1969 1969 1948 1948 1948 1969 1969 1969 1945 1945 1945 1983 1983 1983 1968 1968 1968 1984 1984 1984 718 718 718 1964 1964 1964 1966 1966 1966 1965 1965 1965 1972 1972 1972 1966 1966 1966 2189 2189 2189 2190 2190 2190 2191 2191 2191 2191 2191 2191 2192 2192 2192 2193 2193 2193 2193 2193 2193 2189 2189 2189 2191 2191 2191 2192 2192 2192 2194 2194 2194 2195 2195 2195 2195 2195 2195 2193 2193 2193 2192 2192 2192 2196 2196 2196 2197 2197 2197 2198 2198 2198 2194 2194 2194 2199 2199 2199 2200 2200 2200 2200 2200 2200 2195 2195 2195 2194 2194 2194 2196 2196 2196 2200 2200 2200 2199 2199 2199 2199 2199 2199 2197 2197 2197 2196 2196 2196 2191 2191 2191 2190 2190 2190 2201 2201 2201 2192 2192 2192 2191 2191 2191 2201 2201 2201 2201 2201 2201 2202 2202 2202 2192 2192 2192 2202 2202 2202 2203 2203 2203 2194 2194 2194 2194 2194 2194 2192 2192 2192 2202 2202 2202 2204 2204 2204 2205 2205 2205 2206 2206 2206 2203 2203 2203 2207 2207 2207 2199 2199 2199 2199 2199 2199 2194 2194 2194 2203 2203 2203 2197 2197 2197 2199 2199 2199 2207 2207 2207 2207 2207 2207 2204 2204 2204 2197 2197 2197 2206 2206 2206 2205 2205 2205 2198 2198 2198 1883 1883 1883 1952 1952 1952 1884 1884 1884 2204 2204 2204 2206 2206 2206 2197 2197 2197 2208 2208 2208 2209 2209 2209 2210 2210 2210 2208 2208 2208 2211 2211 2211 2209 2209 2209 2208 2208 2208 2212 2212 2212 2211 2211 2211 2208 2208 2208 2213 2213 2213 2214 2214 2214 2208 2208 2208 2215 2215 2215 2213 2213 2213 2208 2208 2208 2210 2210 2210 2215 2215 2215 2209 2209 2209 2216 2216 2216 2217 2217 2217 2217 2217 2217 2210 2210 2210 2209 2209 2209 2211 2211 2211 2218 2218 2218 2216 2216 2216 2216 2216 2216 2209 2209 2209 2211 2211 2211 2218 2218 2218 2211 2211 2211 2212 2212 2212 2212 2212 2212 2219 2219 2219 2218 2218 2218 2213 2213 2213 2220 2220 2220 2221 2221 2221 2221 2221 2221 2214 2214 2214 2213 2213 2213 2222 2222 2222 2220 2220 2220 2213 2213 2213 2213 2213 2213 2215 2215 2215 2222 2222 2222 2210 2210 2210 2217 2217 2217 2222 2222 2222 2222 2222 2222 2215 2215 2215 2210 2210 2210 2216 2216 2216 2223 2223 2223 2224 2224 2224 2224 2224 2224 2217 2217 2217 2216 2216 2216 2225 2225 2225 2223 2223 2223 2216 2216 2216 2216 2216 2216 2218 2218 2218 2225 2225 2225 2225 2225 2225 2218 2218 2218 2219 2219 2219 2219 2219 2219 2226 2226 2226 2225 2225 2225 2220 2220 2220 2227 2227 2227 2228 2228 2228 2228 2228 2228 2221 2221 2221 2220 2220 2220 2222 2222 2222 2229 2229 2229 2227 2227 2227 2227 2227 2227 2220 2220 2220 2222 2222 2222 2217 2217 2217 2224 2224 2224 2229 2229 2229 2229 2229 2229 2222 2222 2222 2217 2217 2217 2230 2230 2230 2231 2231 2231 2224 2224 2224 2224 2224 2224 2223 2223 2223 2230 2230 2230 2232 2232 2232 2230 2230 2230 2223 2223 2223 2223 2223 2223 2225 2225 2225 2232 2232 2232 2226 2226 2226 2233 2233 2233 2232 2232 2232 2232 2232 2232 2225 2225 2225 2226 2226 2226 2227 2227 2227 2234 2234 2234 2235 2235 2235 2235 2235 2235 2228 2228 2228 2227 2227 2227 2229 2229 2229 2236 2236 2236 2234 2234 2234 2234 2234 2234 2227 2227 2227 2229 2229 2229 2224 2224 2224 2231 2231 2231 2236 2236 2236 2236 2236 2236 2229 2229 2229 2224 2224 2224 2237 2237 2237 2238 2238 2238 2231 2231 2231 2231 2231 2231 2230 2230 2230 2237 2237 2237 2239 2239 2239 2237 2237 2237 2230 2230 2230 2230 2230 2230 2232 2232 2232 2239 2239 2239 2233 2233 2233 2240 2240 2240 2239 2239 2239 2239 2239 2239 2232 2232 2232 2233 2233 2233 2241 2241 2241 2235 2235 2235 2234 2234 2234 2234 2234 2234 2242 2242 2242 2241 2241 2241 2236 2236 2236 2243 2243 2243 2242 2242 2242 2242 2242 2242 2234 2234 2234 2236 2236 2236 2231 2231 2231 2238 2238 2238 2243 2243 2243 2243 2243 2243 2236 2236 2236 2231 2231 2231 2237 2237 2237 2244 2244 2244 2245 2245 2245 2245 2245 2245 2238 2238 2238 2237 2237 2237 2239 2239 2239 2246 2246 2246 2244 2244 2244 2244 2244 2244 2237 2237 2237 2239 2239 2239 2247 2247 2247 2246 2246 2246 2239 2239 2239 2239 2239 2239 2240 2240 2240 2247 2247 2247 2248 2248 2248 2241 2241 2241 2242 2242 2242 2242 2242 2242 2249 2249 2249 2248 2248 2248 2243 2243 2243 2250 2250 2250 2249 2249 2249 2249 2249 2249 2242 2242 2242 2243 2243 2243 2238 2238 2238 2245 2245 2245 2250 2250 2250 2250 2250 2250 2243 2243 2243 2238 2238 2238 2244 2244 2244 2251 2251 2251 2252 2252 2252 2252 2252 2252 2245 2245 2245 2244 2244 2244 2253 2253 2253 2251 2251 2251 2244 2244 2244 2244 2244 2244 2246 2246 2246 2253 2253 2253 2254 2254 2254 2253 2253 2253 2246 2246 2246 2246 2246 2246 2247 2247 2247 2254 2254 2254 2255 2255 2255 2248 2248 2248 2249 2249 2249 2249 2249 2249 2256 2256 2256 2255 2255 2255 2250 2250 2250 2257 2257 2257 2256 2256 2256 2256 2256 2256 2249 2249 2249 2250 2250 2250 2245 2245 2245 2252 2252 2252 2257 2257 2257 2257 2257 2257 2250 2250 2250 2245 2245 2245 2258 2258 2258 2252 2252 2252 2251 2251 2251 2258 2258 2258 2251 2251 2251 2253 2253 2253 2258 2258 2258 2253 2253 2253 2254 2254 2254 2258 2258 2258 2255 2255 2255 2256 2256 2256 2258 2258 2258 2256 2256 2256 2257 2257 2257 2258 2258 2258 2257 2257 2257 2252 2252 2252 2208 2208 2208 2259 2259 2259 2260 2260 2260 2260 2260 2260 2212 2212 2212 2208 2208 2208 2208 2208 2208 2214 2214 2214 2261 2261 2261 2261 2261 2261 2259 2259 2259 2208 2208 2208 2212 2212 2212 2260 2260 2260 2262 2262 2262 2262 2262 2262 2219 2219 2219 2212 2212 2212 2214 2214 2214 2221 2221 2221 2263 2263 2263 2263 2263 2263 2261 2261 2261 2214 2214 2214 2219 2219 2219 2262 2262 2262 2264 2264 2264 2264 2264 2264 2226 2226 2226 2219 2219 2219 2221 2221 2221 2228 2228 2228 2265 2265 2265 2265 2265 2265 2263 2263 2263 2221 2221 2221 2226 2226 2226 2264 2264 2264 2266 2266 2266 2266 2266 2266 2233 2233 2233 2226 2226 2226 2235 2235 2235 2267 2267 2267 2265 2265 2265 2265 2265 2265 2228 2228 2228 2235 2235 2235 2233 2233 2233 2266 2266 2266 2268 2268 2268 2268 2268 2268 2240 2240 2240 2233 2233 2233 2241 2241 2241 2269 2269 2269 2267 2267 2267 2267 2267 2267 2235 2235 2235 2241 2241 2241 2247 2247 2247 2240 2240 2240 2268 2268 2268 2268 2268 2268 2270 2270 2270 2247 2247 2247 2248 2248 2248 2271 2271 2271 2269 2269 2269 2269 2269 2269 2241 2241 2241 2248 2248 2248 2254 2254 2254 2247 2247 2247 2270 2270 2270 2270 2270 2270 2272 2272 2272 2254 2254 2254 2255 2255 2255 2273 2273 2273 2271 2271 2271 2271 2271 2271 2248 2248 2248 2255 2255 2255 2258 2258 2258 2254 2254 2254 2272 2272 2272 2272 2272 2272 2274 2274 2274 2258 2258 2258 2258 2258 2258 2274 2274 2274 2273 2273 2273 2273 2273 2273 2255 2255 2255 2258 2258 2258 1919 1919 1919 1981 1981 1981 1917 1917 1917 1979 1979 1979 1980 1980 1980 1981 1981 1981 1981 1981 1981 1982 1982 1982 1983 1983 1983 1978 1978 1978 735 735 735 734 734 734 734 734 734 1976 1976 1976 1978 1978 1978 1977 1977 1977 1980 1980 1980 1978 1978 1978 1978 1978 1978 1976 1976 1976 1977 1977 1977 1980 1980 1980 1977 1977 1977 1921 1921 1921 1921 1921 1921 1982 1982 1982 1980 1980 1980 1916 1916 1916 1975 1975 1975 1914 1914 1914 2160 2160 2160 2157 2157 2157 2159 2159 2159 2198 2198 2198 2197 2197 2197 2206 2206 2206 1426 1426 1426 1637 1637 1637 1395 1395 1395 1396 1396 1396 1609 1609 1609 1378 1378 1378 2039 2039 2039 2025 2025 2025 2024 2024 2024 1692 1692 1692 1850 1850 1850 1448 1448 1448 1695 1695 1695 1694 1694 1694 2275 2275 2275 1711 1711 1711 1452 1452 1452 1707 1707 1707 1707 1707 1707 1706 1706 1706 1711 1711 1711 1705 1705 1705 1686 1686 1686 1707 1707 1707 1707 1707 1707 1708 1708 1708 1705 1705 1705 1689 1689 1689 1691 1691 1691 1709 1709 1709 1709 1709 1709 1706 1706 1706 1689 1689 1689 1691 1691 1691 1697 1697 1697 1712 1712 1712 1712 1712 1712 1709 1709 1709 1691 1691 1691 2276 2276 2276 1713 1713 1713 1712 1712 1712 1712 1712 1712 1714 1714 1714 2276 2276 2276 1718 1718 1718 2276 2276 2276 1714 1714 1714 1714 1714 1714 1715 1715 1715 1718 1718 1718 1715 1715 1715 1701 1701 1701 1703 1703 1703 1703 1703 1703 1716 1716 1716 1715 1715 1715 1374 1374 1374 1373 1373 1373 1506 1506 1506 1616 1616 1616 1610 1610 1610 1641 1641 1641 1796 1796 1796 1616 1616 1616 1639 1639 1639 1601 1601 1601 1333 1333 1333 1346 1346 1346 1738 1738 1738 1737 1737 1737 1741 1741 1741 1456 1456 1456 1735 1735 1735 1457 1457 1457 2155 2155 2155 972 972 972 963 963 963 2018 2018 2018 782 782 782 902 902 902 782 782 782 2105 2105 2105 884 884 884 2105 2105 2105 782 782 782 2017 2017 2017 929 929 929 2062 2062 2062 2134 2134 2134 2128 2128 2128 2055 2055 2055 2054 2054 2054 1893 1893 1893 1932 1932 1932 1940 1940 1940 1940 1940 1940 1934 1934 1934 1893 1893 1893 1932 1932 1932 1931 1931 1931 1942 1942 1942 1942 1942 1942 1940 1940 1940 1932 1932 1932 1957 1957 1957 1959 1959 1959 1941 1941 1941 1941 1941 1941 1942 1942 1942 1957 1957 1957 1956 1956 1956 1955 1955 1955 1954 1954 1954 1954 1954 1954 1957 1957 1957 1956 1956 1956 1895 1895 1895 1893 1893 1893 1934 1934 1934 1954 1954 1954 1955 1955 1955 1884 1884 1884 2277 2277 2277 2278 2278 2278 2279 2279 2279 2279 2279 2279 2280 2280 2280 2277 2277 2277 2280 2280 2280 2281 2281 2281 2277 2277 2277 2282 2282 2282 2283 2283 2283 2284 2284 2284 2284 2284 2284 2285 2285 2285 2282 2282 2282 2285 2285 2285 2284 2284 2284 2286 2286 2286 2278 2278 2278 1111 1111 1111 1110 1110 1110 1110 1110 1110 2279 2279 2279 2278 2278 2278 1930 1930 1930 1933 1933 1933 1931 1931 1931 2013 2013 2013 2023 2023 2023 2014 2014 2014 907 907 907 2023 2023 2023 2013 2013 2013 2013 2013 2013 1112 1112 1112 907 907 907 1112 1112 1112 2013 2013 2013 2012 2012 2012 2012 2012 2012 904 904 904 1112 1112 1112 2023 2023 2023 2025 2025 2025 2117 2117 2117 2103 2103 2103 2001 2001 2001 2003 2003 2003 2106 2106 2106 2008 2008 2008 2004 2004 2004 2004 2004 2004 2103 2103 2103 2106 2106 2106 2103 2103 2103 2004 2004 2004 2001 2001 2001 2006 2006 2006 2011 2011 2011 2001 2001 2001 2008 2008 2008 2106 2106 2106 2107 2107 2107 2009 2009 2009 2016 2016 2016 2012 2012 2012 1722 1722 1722 2287 2287 2287 2288 2288 2288 2288 2288 2288 1719 1719 1719 1722 1722 1722 1719 1719 1719 2289 2289 2289 2290 2290 2290 2290 2290 2290 1720 1720 1720 1719 1719 1719 2291 2291 2291 2292 2292 2292 1721 1721 1721 1721 1721 1721 1720 1720 1720 2291 2291 2291 1728 1728 1728 1727 1727 1727 2292 2292 2292 2292 2292 2292 2291 2291 2291 1728 1728 1728 2293 2293 2293 2294 2294 2294 1729 1729 1729 1729 1729 1729 1728 1728 1728 2293 2293 2293 2294 2294 2294 2295 2295 2295 1731 1731 1731 1731 1731 1731 1729 1729 1729 2294 2294 2294 2296 2296 2296 1730 1730 1730 1731 1731 1731 1731 1731 1731 2297 2297 2297 2296 2296 2296 1719 1719 1719 2288 2288 2288 2298 2298 2298 2298 2298 2298 2289 2289 2289 1719 1719 1719 2299 2299 2299 2291 2291 2291 1720 1720 1720 1720 1720 1720 2290 2290 2290 2299 2299 2299 2293 2293 2293 1728 1728 1728 2291 2291 2291 2291 2291 2291 2299 2299 2299 2293 2293 2293 2297 2297 2297 1731 1731 1731 2295 2295 2295 2295 2295 2295 2300 2300 2300 2297 2297 2297 2289 2289 2289 2301 2301 2301 2302 2302 2302 2302 2302 2302 2290 2290 2290 2289 2289 2289 2303 2303 2303 2304 2304 2304 2294 2294 2294 2294 2294 2294 2293 2293 2293 2303 2303 2303 2304 2304 2304 2305 2305 2305 2295 2295 2295 2295 2295 2295 2294 2294 2294 2304 2304 2304 2289 2289 2289 2298 2298 2298 2306 2306 2306 2306 2306 2306 2301 2301 2301 2289 2289 2289 2307 2307 2307 2299 2299 2299 2290 2290 2290 2290 2290 2290 2302 2302 2302 2307 2307 2307 2303 2303 2303 2293 2293 2293 2299 2299 2299 2299 2299 2299 2307 2307 2307 2303 2303 2303 2300 2300 2300 2295 2295 2295 2305 2305 2305 2305 2305 2305 2308 2308 2308 2300 2300 2300 1453 1453 1453 1724 1724 1724 2302 2302 2302 2302 2302 2302 2301 2301 2301 1453 1453 1453 2303 2303 2303 1725 1725 1725 2309 2309 2309 2309 2309 2309 2304 2304 2304 2303 2303 2303 2309 2309 2309 1733 1733 1733 2305 2305 2305 2305 2305 2305 2304 2304 2304 2309 2309 2309 1136 1136 1136 2283 2283 2283 2282 2282 2282 2282 2282 2282 1137 1137 1137 1136 1136 1136 1813 1813 1813 550 550 550 540 540 540 540 540 540 1810 1810 1810 1813 1813 1813 1809 1809 1809 1807 1807 1807 1811 1811 1811 1811 1811 1811 1810 1810 1810 1809 1809 1809 1811 1811 1811 1807 1807 1807 1806 1806 1806 1806 1806 1806 1814 1814 1814 1811 1811 1811 1806 1806 1806 2310 2310 2310 1816 1816 1816 1816 1816 1816 1814 1814 1814 1806 1806 1806 1139 1139 1139 554 554 554 1817 1817 1817 1817 1817 1817 1816 1816 1816 1139 1139 1139 1816 1816 1816 2310 2310 2310 1140 1140 1140 1140 1140 1140 1139 1139 1139 1816 1816 1816 2311 2311 2311 2312 2312 2312 2313 2313 2313 1620 1620 1620 1622 1622 1622 1618 1618 1618 1618 1618 1618 1617 1617 1617 1620 1620 1620 1648 1648 1648 1622 1622 1622 1620 1620 1620 1620 1620 1620 1647 1647 1647 1648 1648 1648 1646 1646 1646 1661 1661 1661 1663 1663 1663 1663 1663 1663 1647 1647 1647 1646 1646 1646 1663 1663 1663 1661 1661 1661 1667 1667 1667 1667 1667 1667 1668 1668 1668 1663 1663 1663 1668 1668 1668 1667 1667 1667 1675 1675 1675 1675 1675 1675 1672 1672 1672 1668 1668 1668 1617 1617 1617 1618 1618 1618 1614 1614 1614 1614 1614 1614 1613 1613 1613 1617 1617 1617 1613 1613 1613 1614 1614 1614 1392 1392 1392 1392 1392 1392 1387 1387 1387 1613 1613 1613 1670 1670 1670 1669 1669 1669 1671 1671 1671 1358 1358 1358 1360 1360 1360 2314 2314 2314 2314 2314 2314 1360 1360 1360 1364 1364 1364 1364 1364 1364 2315 2315 2315 2314 2314 2314 2315 2315 2315 1364 1364 1364 1371 1371 1371 1371 1371 1371 1381 1381 1381 2315 2315 2315 1381 1381 1381 1371 1371 1371 1386 1386 1386 1386 1386 1386 1379 1379 1379 1381 1381 1381 1366 1366 1366 1384 1384 1384 1377 1377 1377 1377 1377 1377 1384 1384 1384 1383 1383 1383 1382 1382 1382 1375 1375 1375 1383 1383 1383 1383 1383 1383 1375 1375 1375 1377 1377 1377 2316 2316 2316 1682 1682 1682 1681 1681 1681 1643 1643 1643 1671 1671 1671 1672 1672 1672 1678 1678 1678 1643 1643 1643 1642 1642 1642 1642 1642 1642 2317 2317 2317 1678 1678 1678 2318 2318 2318 1425 1425 1425 1636 1636 1636 1632 1632 1632 1631 1631 1631 2319 2319 2319 2320 2320 2320 1406 1406 1406 1847 1847 1847 2320 2320 2320 1847 1847 1847 2321 2321 2321 1453 1453 1453 2301 2301 2301 2306 2306 2306 2306 2306 2306 1454 1454 1454 1453 1453 1453 2307 2307 2307 2302 2302 2302 1724 1724 1724 1724 1724 1724 1723 1723 1723 2307 2307 2307 1725 1725 1725 2303 2303 2303 2307 2307 2307 2307 2307 2307 1723 1723 1723 1725 1725 1725 2308 2308 2308 2305 2305 2305 1733 1733 1733 1733 1733 1733 1732 1732 1732 2308 2308 2308 1452 1452 1452 1711 1711 1711 1724 1724 1724 1724 1724 1724 1453 1453 1453 1452 1452 1452 1713 1713 1713 2276 2276 2276 2309 2309 2309 2309 2309 2309 1725 1725 1725 1713 1713 1713 2276 2276 2276 1718 1718 1718 1733 1733 1733 1733 1733 1733 2309 2309 2309 2276 2276 2276 2322 2322 2322 2323 2323 2323 2324 2324 2324 2322 2322 2322 2325 2325 2325 2326 2326 2326 2327 2327 2327 2326 2326 2326 2325 2325 2325 2328 2328 2328 2324 2324 2324 2323 2323 2323 2329 2329 2329 2330 2330 2330 2331 2331 2331 2332 2332 2332 2331 2331 2331 2330 2330 2330 2331 2331 2331 2333 2333 2333 2329 2329 2329 2334 2334 2334 2329 2329 2329 2335 2335 2335 2333 2333 2333 2335 2335 2335 2329 2329 2329 1166 1166 1166 2336 2336 2336 2332 2332 2332 2332 2332 2332 1167 1167 1167 1166 1166 1166 2331 2331 2331 2332 2332 2332 2336 2336 2336 2333 2333 2333 2331 2331 2331 2336 2336 2336 2337 2337 2337 2322 2322 2322 2326 2326 2326 2323 2323 2323 2322 2322 2322 2338 2338 2338 2338 2338 2338 2339 2339 2339 2323 2323 2323 2322 2322 2322 2324 2324 2324 2325 2325 2325 2323 2323 2323 2339 2339 2339 2340 2340 2340 2340 2340 2340 2341 2341 2341 2323 2323 2323 2341 2341 2341 2342 2342 2342 2328 2328 2328 2328 2328 2328 2323 2323 2323 2341 2341 2341 2341 2341 2341 2340 2340 2340 2343 2343 2343 2343 2343 2343 2344 2344 2344 2341 2341 2341 2344 2344 2344 2345 2345 2345 2342 2342 2342 2342 2342 2342 2341 2341 2341 2344 2344 2344 2344 2344 2344 2343 2343 2343 1179 1179 1179 1179 1179 1179 1178 1178 1178 2344 2344 2344 1178 1178 1178 1180 1180 1180 2345 2345 2345 2345 2345 2345 2344 2344 2344 1178 1178 1178 2327 2327 2327 2325 2325 2325 2346 2346 2346 2346 2346 2346 2347 2347 2347 2327 2327 2327 2325 2325 2325 2324 2324 2324 2348 2348 2348 2348 2348 2348 2346 2346 2346 2325 2325 2325 2328 2328 2328 2334 2334 2334 2348 2348 2348 2348 2348 2348 2324 2324 2324 2328 2328 2328 2342 2342 2342 2329 2329 2329 2334 2334 2334 2334 2334 2334 2328 2328 2328 2342 2342 2342 2347 2347 2347 2346 2346 2346 2349 2349 2349 2349 2349 2349 2350 2350 2350 2347 2347 2347 2346 2346 2346 2348 2348 2348 2351 2351 2351 2351 2351 2351 2349 2349 2349 2346 2346 2346 2334 2334 2334 2335 2335 2335 2351 2351 2351 2351 2351 2351 2348 2348 2348 2334 2334 2334 2345 2345 2345 2330 2330 2330 2329 2329 2329 2329 2329 2329 2342 2342 2342 2345 2345 2345 1180 1180 1180 1187 1187 1187 2330 2330 2330 2330 2330 2330 2345 2345 2345 1180 1180 1180 2332 2332 2332 2330 2330 2330 1187 1187 1187 1187 1187 1187 1167 1167 1167 2332 2332 2332 2336 2336 2336 2352 2352 2352 2353 2353 2353 2353 2353 2353 2333 2333 2333 2336 2336 2336 2333 2333 2333 2353 2353 2353 2335 2335 2335 2353 2353 2353 2354 2354 2354 2335 2335 2335 2349 2349 2349 2355 2355 2355 2356 2356 2356 2356 2356 2356 2350 2350 2350 2349 2349 2349 1166 1166 1166 1193 1193 1193 2352 2352 2352 2352 2352 2352 2336 2336 2336 1166 1166 1166 2357 2357 2357 2358 2358 2358 2359 2359 2359 2359 2359 2359 2360 2360 2360 2357 2357 2357 2358 2358 2358 2357 2357 2357 2353 2353 2353 2353 2353 2353 2352 2352 2352 2358 2358 2358 2359 2359 2359 2358 2358 2358 1199 1199 1199 1199 1199 1199 1198 1198 1198 2359 2359 2359 1193 1193 1193 1199 1199 1199 2358 2358 2358 2358 2358 2358 2352 2352 2352 1193 1193 1193 2354 2354 2354 2351 2351 2351 2335 2335 2335 2361 2361 2361 2362 2362 2362 2356 2356 2356 2356 2356 2356 2355 2355 2355 2361 2361 2361 2363 2363 2363 2362 2362 2362 2361 2361 2361 2361 2361 2361 2364 2364 2364 2363 2363 2363 2365 2365 2365 2363 2363 2363 2364 2364 2364 2364 2364 2364 2366 2366 2366 2365 2365 2365 2367 2367 2367 2368 2368 2368 2365 2365 2365 2365 2365 2365 2366 2366 2366 2367 2367 2367 1208 1208 1208 1209 1209 1209 2368 2368 2368 2368 2368 2368 2367 2367 2367 1208 1208 1208 2354 2354 2354 2355 2355 2355 2349 2349 2349 2349 2349 2349 2351 2351 2351 2354 2354 2354 2361 2361 2361 2355 2355 2355 2354 2354 2354 2354 2354 2354 2369 2369 2369 2361 2361 2361 2361 2361 2361 2369 2369 2369 2364 2364 2364 2369 2369 2369 2354 2354 2354 2353 2353 2353 2353 2353 2353 2357 2357 2357 2369 2369 2369 1198 1198 1198 1208 1208 1208 2367 2367 2367 2367 2367 2367 2359 2359 2359 1198 1198 1198 2359 2359 2359 2367 2367 2367 2366 2366 2366 2366 2366 2366 2360 2360 2360 2359 2359 2359 2360 2360 2360 2366 2366 2366 2364 2364 2364 2369 2369 2369 2360 2360 2360 2364 2364 2364 2369 2369 2369 2357 2357 2357 2360 2360 2360 2370 2370 2370 2371 2371 2371 2372 2372 2372 2370 2370 2370 2373 2373 2373 2374 2374 2374 2374 2374 2374 2371 2371 2371 2370 2370 2370 2375 2375 2375 2376 2376 2376 2372 2372 2372 2377 2377 2377 2378 2378 2378 2379 2379 2379 2379 2379 2379 2375 2375 2375 2377 2377 2377 2380 2380 2380 2376 2376 2376 2375 2375 2375 2375 2375 2375 2379 2379 2379 2380 2380 2380 2378 2378 2378 2381 2381 2381 2382 2382 2382 2382 2382 2382 2379 2379 2379 2378 2378 2378 2383 2383 2383 2380 2380 2380 2379 2379 2379 2379 2379 2379 2382 2382 2382 2383 2383 2383 2384 2384 2384 2385 2385 2385 2386 2386 2386 2382 2382 2382 2381 2381 2381 2387 2387 2387 2387 2387 2387 2388 2388 2388 2382 2382 2382 2389 2389 2389 2390 2390 2390 2391 2391 2391 2391 2391 2391 2392 2392 2392 2389 2389 2389 1234 1234 1234 2390 2390 2390 2389 2389 2389 2389 2389 2389 1235 1235 1235 1234 1234 1234 2384 2384 2384 2383 2383 2383 2385 2385 2385 2393 2393 2393 2388 2388 2388 2387 2387 2387 2387 2387 2387 2394 2394 2394 2393 2393 2393 2393 2393 2393 2394 2394 2394 2395 2395 2395 2395 2395 2395 2396 2396 2396 2393 2393 2393 2396 2396 2396 2395 2395 2395 2397 2397 2397 2397 2397 2397 2398 2398 2398 2396 2396 2396 2399 2399 2399 2398 2398 2398 2397 2397 2397 2397 2397 2397 2400 2400 2400 2399 2399 2399 1244 1244 1244 2399 2399 2399 2400 2400 2400 2400 2400 2400 1245 1245 1245 1244 1244 1244 2382 2382 2382 2388 2388 2388 2385 2385 2385 2385 2385 2385 2383 2383 2383 2382 2382 2382 2385 2385 2385 2388 2388 2388 2393 2393 2393 2393 2393 2393 2401 2401 2401 2385 2385 2385 2396 2396 2396 2401 2401 2401 2393 2393 2393 2386 2386 2386 2385 2385 2385 2401 2401 2401 2401 2401 2401 2391 2391 2391 2386 2386 2386 2399 2399 2399 1244 1244 1244 1235 1235 1235 1235 1235 1235 2389 2389 2389 2399 2399 2399 2398 2398 2398 2399 2399 2399 2389 2389 2389 2389 2389 2389 2392 2392 2392 2398 2398 2398 2396 2396 2396 2398 2398 2398 2392 2392 2392 2396 2396 2396 2392 2392 2392 2401 2401 2401 2392 2392 2392 2391 2391 2391 2401 2401 2401 2327 2327 2327 2402 2402 2402 2326 2326 2326 2403 2403 2403 2338 2338 2338 2404 2404 2404 2337 2337 2337 2404 2404 2404 2322 2322 2322 2404 2404 2404 2338 2338 2338 2322 2322 2322 2405 2405 2405 2406 2406 2406 2407 2407 2407 2407 2407 2407 2408 2408 2408 2405 2405 2405 2409 2409 2409 2410 2410 2410 2411 2411 2411 2412 2412 2412 2413 2413 2413 2414 2414 2414 2415 2415 2415 1262 1262 1262 2416 2416 2416 2417 2417 2417 1266 1266 1266 1265 1265 1265 1265 1265 1265 2418 2418 2418 2417 2417 2417 2418 2418 2418 2419 2419 2419 2417 2417 2417 2415 2415 2415 2420 2420 2420 2419 2419 2419 2419 2419 2419 2418 2418 2418 2415 2415 2415 2421 2421 2421 2420 2420 2420 2415 2415 2415 2415 2415 2415 2416 2416 2416 2421 2421 2421 2422 2422 2422 2421 2421 2421 2416 2416 2416 1271 1271 1271 1272 1272 1272 2422 2422 2422 2422 2422 2422 2416 2416 2416 1271 1271 1271 2416 2416 2416 1262 1262 1262 1271 1271 1271 1262 1262 1262 2418 2418 2418 1265 1265 1265 2418 2418 2418 1262 1262 1262 2415 2415 2415 1273 1273 1273 2423 2423 2423 2424 2424 2424 2424 2424 2424 1274 1274 1274 1273 1273 1273 2424 2424 2424 2423 2423 2423 2425 2425 2425 1374 1374 1374 1505 1505 1505 1794 1794 1794 2426 2426 2426 2427 2427 2427 2428 2428 2428 2428 2428 2428 2429 2429 2429 2426 2426 2426 2430 2430 2430 2426 2426 2426 2429 2429 2429 2429 2429 2429 2431 2431 2431 2430 2430 2430 2432 2432 2432 2433 2433 2433 2434 2434 2434 2434 2434 2434 2435 2435 2435 2432 2432 2432 2436 2436 2436 2432 2432 2432 2435 2435 2435 2435 2435 2435 2437 2437 2437 2436 2436 2436 2438 2438 2438 2436 2436 2436 2437 2437 2437 2437 2437 2437 2439 2439 2439 2438 2438 2438 2433 2433 2433 2440 2440 2440 2441 2441 2441 2441 2441 2441 2434 2434 2434 2433 2433 2433 2430 2430 2430 2431 2431 2431 2441 2441 2441 2441 2441 2441 2440 2440 2440 2430 2430 2430 2442 2442 2442 2438 2438 2438 2439 2439 2439 2439 2439 2439 2443 2443 2443 2442 2442 2442 2427 2427 2427 2444 2444 2444 2445 2445 2445 2445 2445 2445 2428 2428 2428 2427 2427 2427 1832 1832 1832 1525 1525 1525 1833 1833 1833 1833 1833 1833 1836 1836 1836 1832 1832 1832 1833 1833 1833 1525 1525 1525 1538 1538 1538 1538 1538 1538 1537 1537 1537 1833 1833 1833 2446 2446 2446 2447 2447 2447 1299 1299 1299 1299 1299 1299 1301 1301 1301 2446 2446 2446 1304 1304 1304 2448 2448 2448 2449 2449 2449 2450 2450 2450 2451 2451 2451 1299 1299 1299 2451 2451 2451 1307 1307 1307 1299 1299 1299 2446 2446 2446 1301 1301 1301 1309 1309 1309 1309 1309 1309 2452 2452 2452 2446 2446 2446 2452 2452 2452 2453 2453 2453 2447 2447 2447 2447 2447 2447 2446 2446 2446 2452 2452 2452 2449 2449 2449 2448 2448 2448 2454 2454 2454 2454 2454 2454 2455 2455 2455 2449 2449 2449 2451 2451 2451 2450 2450 2450 2456 2456 2456 2456 2456 2456 2457 2457 2457 2451 2451 2451 1307 1307 1307 2451 2451 2451 2457 2457 2457 2457 2457 2457 1315 1315 1315 1307 1307 1307 1619 1619 1619 1621 1621 1621 1651 1651 1651 2037 2037 2037 2066 2066 2066 2068 2068 2068 2037 2037 2037 2068 2068 2068 2034 2034 2034 2085 2085 2085 2089 2089 2089 2090 2090 2090 2035 2035 2035 2111 2111 2111 2036 2036 2036 2035 2035 2035 2170 2170 2170 2111 2111 2111 2103 2103 2103 2003 2003 2003 2000 2000 2000</p>
        </triangles>
      </mesh>
    </geometry>
  </library_geometries>
  <library_controllers>
    <controller id="geom-jasmine_betrothal_lod0-skin1">
      <skin source="#geom-jasmine_betrothal_lod0">
        <bind_shape_matrix>0.3937008 0 0 0 0 0.3937008 0 0 0 0 0.3937008 0 0 0 0 1</bind_shape_matrix>
        <source id="geom-jasmine_betrothal_lod0-skin1-joints">
          <Name_array id="geom-jasmine_betrothal_lod0-skin1-joints-array" count="68">joint0 joint1 joint2 joint3 joint4 joint5 joint6 joint7 joint8 joint9 joint10 joint11 joint12 joint13 joint14 joint15 joint16 joint17 joint18 joint19 joint20 joint21 joint22 joint23 joint24 joint25 joint26 joint27 joint28 joint29 joint30 joint31 joint32 joint33 joint34 joint35 joint36 joint37 joint38 joint39 joint40 joint41 joint42 joint43 joint44 joint45 joint46 joint47 joint48 joint49 joint50 joint51 joint52 joint53 joint54 joint55 joint56 joint57 joint58 joint59 joint60 joint61 joint62 joint63 joint64 joint65 joint66 joint67</Name_array>
          <technique_common>
            <accessor source="#geom-jasmine_betrothal_lod0-skin1-joints-array" count="68" stride="1">
              <param name="JOINT" type="name"/>
            </accessor>
          </technique_common>
        </source>
        <source id="geom-jasmine_betrothal_lod0-skin1-bind_poses">
          <float_array id="geom-jasmine_betrothal_lod0-skin1-bind_poses-array" count="1088">3.58556e-6 -7.76983e-7 2.539999 -1140.368 -4.15546e-6 -2.540001 -7.78849e-7 -6.166613 2.54 -4.15546e-6 -3.58556e-6 9.20869e-4 0 0 0 1 0.2105038 0.2861013 -2.51504 392.0656 0.02382634 -2.523835 -0.2851073 30.46666 -2.531149 3.62177e-5 -0.2118479 117.524 0 0 0 1 2.39917 4.15789e-6 -0.8340161 327.1673 -3.00292e-6 2.540001 4.02646e-6 -9.42307e-4 0.8340161 -2.81523e-6 2.399169 -1007.749 0 0 0 1 1.355074 -1.404998 -1.625221 234.8432 -0.1170644 1.870368 -1.714528 539.7646 2.145149 0.9895968 0.9330753 -589.4363 0 0 0 1 1.266937 -1.200322 -1.845446 276.3285 -0.2781771 2.02488 -1.508 512.4952 2.183822 0.9542958 0.8785409 -581.4697 0 0 0 1 1.802867 -0.8277211 -1.586234 118.9826 -1.639041 0.138985 -1.935409 818.5237 0.7174979 2.397324 -0.4354715 32.26379 0 0 0 1 1.881501 -0.5056036 -1.629695 122.1508 -1.704829 -0.6585434 -1.763933 776.4663 -0.07140653 2.400476 -0.8271719 246.1224 0 0 0 1 1.358291 -0.7704172 -2.003266 275.3139 -2.022826 0.3330099 -1.49962 775.1637 0.717498 2.397323 -0.435471 32.26362 0 0 0 1 1.182845 -0.7007617 -2.135738 348.2735 -2.244772 -0.2436751 -1.163277 717.526 0.1160454 2.429228 -0.7327874 186.9836 0 0 0 1 -5.10766e-6 3.01393e-6 -2.539996 60.18256 0.08168292 -2.538686 -3.17242e-6 21.28554 -2.538685 -0.08168294 4.84549e-6 113.6413 0 0 0 1 1.773749 -0.2212159 -1.80457 463.7743 0.2851906 2.523773 -0.02906037 -38.0023 1.795572 -0.1823233 1.787253 -796.3011 0 0 0 1 1.814596 -0.4996552 -1.705632 251.3256 -1.712442 0.1610298 -1.869011 808.8992 0.4757952 2.48516 -0.2218212 -7.545746 0 0 0 1 0.211549 -0.134471 -2.5276 654.0924 -0.01125156 -2.536438 0.1339995 -34.67545 -2.53115 3.62187e-5 -0.211848 117.524 0 0 0 1 0.081683 -2.538685 -3.36419e-6 -48.92889 5.11382e-6 -3.20559e-6 2.539995 -0.7838248 -2.538685 -0.08168302 4.84549e-6 113.6413 0 0 0 1 1.795668 0.2604595 -1.777453 652.9164 -0.05568363 2.520026 0.3130178 -125.0944 1.795572 -0.1823233 1.787255 -796.3016 0 0 0 1 3.60489e-6 -0.002027059 2.539999 -1059.301 -4.15834e-6 -2.540001 -0.00202706 0.887574 2.54 -4.15546e-6 -3.60821e-6 9.41136e-4 0 0 0 1 6.1447e-12 -4.43085e-6 2.54 -662.5311 6.74215e-6 -2.54 -4.43085e-6 0.001155738 2.54 6.74215e-6 5.6165e-12 -7.96861e-6 0 0 0 1 -3.90383e-6 0.3222328 -2.519476 1134.591 -9.95724e-6 2.519479 0.3222326 -248.2909 2.54 1.0372e-5 -2.60909e-6 3.25352e-4 0 0 0 1 -4.32336e-6 0.428987 -2.50351 944.3963 -9.78239e-6 2.503513 0.4289868 -288.5683 2.54 1.03721e-5 -2.60909e-6 3.1927e-4 0 0 0 1 -4.73508e-6 0.5349659 -2.483021 795.9502 -9.58986e-6 2.483025 0.5349659 -322.5204 2.54 1.0372e-5 -2.60908e-6 3.26435e-4 0 0 0 1 -0.210513 0.2861031 -2.51504 392.0656 -0.02382133 -2.523834 -0.2851096 30.46717 -2.531149 -4.24121e-5 0.2118566 -117.5263 0 0 0 1 -2.399172 -1.31472e-6 -0.83401 327.1659 -3.00302e-6 2.540002 4.63704e-6 -0.0011992 0.8340103 5.36331e-6 -2.399171 1007.75 0 0 0 1 -1.355075 -1.405002 -1.625219 234.8426 0.1170559 1.87037 -1.714529 539.7645 2.145151 -0.989592 -0.9330837 589.4386 0 0 0 1 -1.266938 -1.200325 -1.845445 276.3281 0.2781698 2.024882 -1.508001 512.4951 2.183825 -0.9542921 -0.8785489 581.4721 0 0 0 1 -1.80287 -0.8277244 -1.58623 118.9818 1.639038 0.1389904 -1.935415 818.5254 0.7175043 -2.397324 0.4354683 -32.26287 0 0 0 1 -1.881504 -0.505608 -1.62969 122.1497 1.704829 -0.658539 -1.76394 776.4686 -0.07139927 -2.400478 0.827172 -246.1223 0 0 0 1 -1.358295 -0.7704183 -2.003263 275.3131 2.022824 0.3330165 -1.499628 775.1663 0.7175047 -2.397324 0.4354668 -32.26236 0 0 0 1 -1.182848 -0.7007636 -2.135738 348.2736 2.244773 -0.2436695 -1.163285 717.5287 0.1160521 -2.429231 0.7327864 -186.9833 0 0 0 1 -2.9043e-6 5.39757e-6 -2.539998 60.18296 -0.08167656 -2.538684 -5.25476e-6 21.28599 -2.538686 0.08167656 3.39129e-6 -113.6436 0 0 0 1 -1.773753 -0.2212198 -1.804565 463.7729 -0.2851966 2.523772 -0.02905868 -38.0029 1.795567 0.1823282 -1.787259 796.3027 0 0 0 1 -1.814599 -0.4996592 -1.705626 251.3242 1.712437 0.1610347 -1.869018 808.9008 0.4758016 -2.485159 0.2218191 7.546471 0 0 0 1 -0.2115573 -0.1344703 -2.527599 654.0922 0.01125813 -2.536438 0.1339982 -34.67511 -2.53115 -4.24188e-5 0.2118566 -117.5263 0 0 0 1 -0.08167652 -2.538683 -5.44652e-6 -48.92845 2.69078e-6 -5.58256e-6 2.539998 -0.7842652 -2.538686 0.08167655 3.18383e-6 -113.6436 0 0 0 1 -1.795673 0.2604555 -1.777447 652.9147 0.0556785 2.520025 0.3130184 -125.0947 1.795566 0.1823281 -1.78726 796.303 0 0 0 1 3.63887e-6 -0.002027058 2.539999 -734.3866 -4.15835e-6 -2.539999 -0.002027059 0.6721696 2.54 -4.15544e-6 -3.64219e-6 9.52303e-4 0 0 0 1 3.63321e-6 -0.002027059 2.539999 -842.6916 -4.15834e-6 -2.539999 -0.002027059 0.7584101 2.54 -4.15544e-6 -3.63653e-6 9.50905e-4 0 0 0 1 3.62188e-6 -0.002027059 2.539999 -950.9961 -4.15834e-6 -2.54 -0.002027059 0.8446504 2.54 -4.15545e-6 -3.6252e-6 9.47377e-4 0 0 0 1 0.01168388 0.07418153 -2.538889 605.6462 0.3859545 2.509382 0.07509553 -114.2486 2.510478 -0.3861311 2.71118e-4 -47.86264 0 0 0 1 0.01168388 0.07418152 -2.538889 490.9123 0.3859544 2.509382 0.07509553 -114.1482 2.510478 -0.386131 2.71119e-4 -47.86263 0 0 0 1 0.01168389 0.07418152 -2.538888 364.7687 0.3859544 2.509381 0.07509553 -114.0711 2.510478 -0.386131 2.71118e-4 -47.86263 0 0 0 1 -0.01168466 0.07418063 -2.538889 605.6464 -0.3859803 2.509378 0.07509477 -114.2489 2.510474 0.3861571 -2.71245e-4 47.86198 0 0 0 1 -0.01168472 0.07418067 -2.53889 490.9126 -0.3859803 2.509378 0.0750948 -114.1484 2.510473 0.386157 -2.7131e-4 47.86199 0 0 0 1 -0.01168486 0.07418071 -2.538889 364.7689 -0.3859803 2.509378 0.07509488 -114.0714 2.510473 0.3861569 -2.71435e-4 47.862 0 0 0 1 3.10868e-6 -2.539999 -0.002027472 -61.4008 -7.21573e-6 0.002027471 -2.539997 1175.174 2.54 3.11444e-6 -7.21325e-6 -44.32831 0 0 0 1 3.10868e-6 -2.54 -0.002027473 -61.4008 -1.44827e-5 0.002027472 -2.539997 1175.174 2.54 3.12024e-6 -1.44802e-5 44.33692 0 0 0 1 3.10868e-6 -2.54 -0.002027473 -49.62036 -2.53832e-5 0.002027472 -2.539997 1212.13 2.54 3.12894e-6 -2.53807e-5 -34.64042 0 0 0 1 0.03535348 -2.539754 -0.002027629 -49.13349 -6.05015e-5 0.002026982 -2.539997 1211.969 2.539754 0.03535354 -3.22827e-5 35.34871 0 0 0 1 3.10868e-6 -2.539999 -0.002027472 -77.12299 -7.21573e-6 0.002027471 -2.539997 1248.039 2.54 3.11444e-6 -7.21325e-6 -17.96245 0 0 0 1 3.10868e-6 -2.54 -0.002027473 -77.12299 -1.44827e-5 0.002027472 -2.539997 1248.039 2.54 3.12024e-6 -1.44802e-5 17.97147 0 0 0 1 3.10868e-6 -2.539999 -0.002027472 -69.98947 -7.21573e-6 0.002027471 -2.539997 1256.339 2.54 3.11444e-6 -7.21325e-6 -43.13807 0 0 0 1 3.10868e-6 -2.54 -0.002027473 -69.98947 -1.44827e-5 0.002027472 -2.539997 1256.339 2.54 3.12024e-6 -1.44802e-5 43.14714 0 0 0 1 3.10868e-6 -2.539999 -0.002027472 -57.94156 -7.21573e-6 0.002027471 -2.539997 1247.176 2.54 3.11444e-6 -7.21325e-6 -61.4259 0 0 0 1 3.10868e-6 -2.54 -0.002027473 -57.94154 -1.44827e-5 0.002027472 -2.539997 1247.176 2.54 3.12024e-6 -1.44802e-5 61.43493 0 0 0 1 0.6703355 -2.324272 -0.7746025 325.9089 0.6154303 0.9370751 -2.279195 1094.198 2.371391 0.4138238 0.8104655 -409.4269 0 0 0 1 -0.6703305 -2.324274 -0.7746015 325.9088 -0.6154525 0.9370759 -2.279188 1094.194 2.371386 -0.4138111 -0.8104843 409.4346 0 0 0 1 6.94282e-4 -2.302827 1.071723 -543.5792 0.8687275 -1.006876 -2.164049 1002.992 2.38682 0.3671411 0.7873342 -403.1647 0 0 0 1 -6.86499e-4 -2.302826 1.071723 -543.5793 -0.8687444 -1.006876 -2.164042 1002.989 2.386814 -0.3671418 -0.7873528 403.1719 0 0 0 1 6.58328e-7 -2.192141 -1.283012 552.7861 -1.1896e-5 1.283013 -2.192139 1002.258 2.54 6.57711e-6 -9.93426e-6 0.004170184 0 0 0 1 3.31069e-6 -2.539956 -0.01505269 -87.00207 -1.48177e-5 0.01505298 -2.539953 1137.124 2.54 3.39845e-6 -1.47979e-5 -0.03634802 0 0 0 1 1.268317 -2.200635 -0.01331234 -79.42053 -0.001016287 0.01477921 -2.539954 1139.298 2.200675 1.268302 0.006499318 30.92674 0 0 0 1 -1.071193 -2.303032 -0.01383328 -81.81648 8.39227e-4 0.01486624 -2.539953 1139.3 2.303072 -1.07118 -0.005508559 -23.78246 0 0 0 1 1.464673 -1.861719 -0.9166977 336.494 -0.5668114 0.7204586 -2.368809 1096.405 1.996261 1.570524 -2.71657e-6 34.49369 0 0 0 1 -1.505429 -1.825485 -0.9235175 340.4073 0.5875599 0.7125016 -2.366159 1095.135 1.959606 -1.616028 -1.52311e-5 -36.35014 0 0 0 1 3.10868e-6 -2.54 -0.002027473 -95.76228 -1.44827e-5 0.002027472 -2.539997 1147.865 2.54 3.12024e-6 -1.44802e-5 0.03682145 0 0 0 1 1.080041 -2.298937 -0.002026769 -91.64539 -8.66305e-4 0.001832301 -2.539997 1147.107 2.298937 1.080042 -4.9679e-6 29.65382 0 0 0 1 -0.9711702 -2.347004 -0.002023693 -92.93352 7.59679e-4 0.001875754 -2.539997 1147.108 2.347004 -0.971171 -1.52395e-5 -25.27795 0 0 0 1 3.11928e-6 -2.539485 0.05118238 -95.84451 -1.10109e-5 -0.05118227 -2.539481 1138.329 2.54 2.89678e-6 -1.10715e-5 0.005145028 0 0 0 1 3.1891e-6 -2.539421 0.05427156 -96.44693 -1.09405e-5 -0.05427159 -2.539418 1144.306 2.54 2.95461e-6 -1.10062e-5 0.002933324 0 0 0 1</float_array>
          <technique_common>
            <accessor source="#geom-jasmine_betrothal_lod0-skin1-bind_poses-array" count="68" stride="16">
              <param name="TRANSFORM" type="float4x4"/>
            </accessor>
          </technique_common>
        </source>
        <source id="geom-jasmine_betrothal_lod0-skin1-weights">
          <float_array id="geom-jasmine_betrothal_lod0-skin1-weights-array" count="5219">1 0.6422443 0.1995762 0.1581796 0.0148979 0.140659 0.8444432 0.5998026 0.2478213 0.1523761 0.0078068 0.1348101 0.8573832 0.02671038 0.1547762 0.8185135 0.04392258 0.05623986 0.8998376 0.0148979 0.140659 0.8444432 0.03667058 0.01359842 0.9497311 0.05651348 0.008620521 0.9348661 0.2133043 0.7866958 0.07011395 0.929886 0.1082144 0.1269536 0.7648321 0.1025582 0.8974417 0.2599265 0.7400735 0.09755486 0.04183538 0.8606098 0.04917804 0.05503454 0.8957875 0.09755486 0.04183538 0.8606098 0.0552448 0.02960543 0.9151498 0.2618907 0.7381094 0.0552448 0.02960543 0.9151498 0.1579984 0.8420016 0.02080909 0.02917896 0.9500119 0.09132035 0.9086797 0.00545424 0.02456119 0.9699847 0.05281625 0.1148545 0.8323293 0.02813811 0.3539177 0.6179443 0.1386386 0.2079699 0.6533914 0.2588817 0.3431531 0.3979651 0.159223 0.2235972 0.6171799 0.268507 0.3818367 0.3496563 0.02547694 0.5177123 0.4568107 0.004795291 0.6410316 0.3541732 0.05270461 0.442307 0.5049885 0.05176596 0.4360988 0.5121353 0.1520604 0.3778419 0.4700978 0.2466607 0.7533393 0.44122 0.55878 0.44122 0.55878 0.1520604 0.3778419 0.4700978 0.2349055 0.3320281 0.4330664 0.1385151 0.3983924 0.4630926 0.2349055 0.3320281 0.4330664 0.1520604 0.3778419 0.4700978 0.2728274 0.3447744 0.3823982 0.02562381 0.5605108 0.4138655 0.4783369 0.5216631 0.04571883 0.4693546 0.4849265 0.00170514 0.7519195 0.2463753 0.00499793 0.7301517 0.2648504 0.00383645 0.6668444 0.3293191 0.01830308 0.5586066 0.4230903 0.00832659 0.6984884 0.293185 0.00499793 0.7301517 0.2648504 0.8732379 0.1267621 0.00554553 0.7527121 0.2417424 0.00843547 0.6947344 0.2968301 0.7910771 0.2089229 0.8857797 0.1142203 0.00637118 0.9259268 0.06770201 0.00532499 0.9240717 0.07060327 0.00568311 0.9165888 0.0777281 0.03872916 0.9286606 0.03261017 0.02567041 0.9283057 0.04602389 0.06661582 0.9112017 0.0221825 0.6512989 0.3487011 0.06661582 0.9112017 0.0221825 0.0131 0.3482364 0.6386636 0.1025897 0.8604712 0.03693911 0.832092 0.167908 0.8743305 0.1256696 0.02576476 0.88899 0.08524519 0.04714091 0.8449352 0.1079239 0.3144964 0.4406866 0.2448171 0.7604446 0.2395555 0.2194153 0.5405134 0.2400713 0.2194153 0.5405134 0.2400713 0.7604446 0.2395555 0.154403 0.6445052 0.2010918 0.1385151 0.3983924 0.4630926 0.25951 0.4171411 0.3233489 0.25951 0.4171411 0.3233489 0.3327361 0.2835479 0.383716 0.3533249 0.2642685 0.3824066 0.3533249 0.2642685 0.3824066 0.2194153 0.5405134 0.2400713 0.4348375 0.3800981 0.1850643 0.3144964 0.4406866 0.2448171 0.1685734 0.6031123 0.2283143 0.1725217 0.7556195 0.07185874 0.8069698 0.1930302 0.8499392 0.1500608 0.1998941 0.5092432 0.2908627 0.3594216 0.4148327 0.2257458 0.2959303 0.3112416 0.3928282 0.1685734 0.6031123 0.2283143 0.2194153 0.5405134 0.2400713 0.2195556 0.5019333 0.2785111 0.06326431 0.8224362 0.1142995 0.2228663 0.5928225 0.1843112 0.4168834 0.2499515 0.333165 0.3704828 0.2640125 0.3655047 0.4515659 0.5484341 0.4233674 0.2313081 0.3453246 0.4515659 0.5484341 0.4209151 0.2518123 0.3272726 0.4543986 0.2417615 0.3038399 0.4610837 0.5389163 0.2857454 0.2161491 0.4981056 0.1817538 0.3011355 0.5171108 0.1632682 0.8367318 0.1025585 0.8563424 0.04109916 0.1983659 0.6123442 0.18929 0.1112266 0.09290068 0.7958727 0.3343554 0.6656446 0.4914721 0.5085279 0.4891367 0.5108633 0.4914721 0.5085279 0.5014332 0.4985668 0.5686623 0.4313377 0.6984965 0.3015035 0.3534095 0.4423841 0.2042064 0.3594216 0.4148327 0.2257458 0.8069698 0.1930302 0.3534095 0.4423841 0.2042064 0.9526895 0.04731058 0.9768972 0.02310282 0.9233986 0.01590751 0.06069388 0.01958657 0.9291373 0.05127618 0.8174016 0.03323453 0.1493639 0.01692773 0.937296 0.04577622 0.07467384 0.8878639 0.03746231 0.7481077 0.06513074 0.1867616 0.4908311 0.2000051 0.3091638 0.08120061 0.741932 0.1768674 0.07491487 0.8571635 0.06792163 0.8069674 0.03461575 0.1584168 0.8069674 0.03461575 0.1584168 0.04532659 0.7358152 0.2188583 0.8409438 0.03839977 0.1206566 0.733152 0.1061334 0.1607147 0.9669171 0.03308294 0.7674718 0.06449708 0.1680311 0.9801503 0.01984968 0.8351393 0.0710292 0.09383145 0.6031906 0.1396192 0.2571902 0.8053762 0.1946238 0.8131266 0.1868734 0.0323751 0.9676248 0.1441405 0.8558596 0.00778721 0.9922128 0.05188948 0.9481106 0.2110239 0.7889761 0.03314447 0.9668556 0.00231984 0.9976802 0.05329955 0.9467005 0.03856539 0.9614346 0.03987439 0.9601256 0.2213362 0.7786638 0.05188948 0.9481106 0.2061537 0.7938463 0.2110239 0.7889761 0.308257 0.691743 0.5329877 0.4670123 0.3903329 0.6096671 0.2828517 0.7171483 0.3194999 0.2127736 0.4677264 0.52914 0.47086 0.4657574 0.1735246 0.360718 0.3222922 0.1560344 0.5216734 0.07725938 0.9227407 0.3194999 0.2127736 0.4677264 0.3690475 0.6309525 0.4511917 0.5488083 0.4579291 0.5420709 0.288082 0.7119181 0.3094098 0.6905902 0.3957445 0.6042555 0.3222922 0.1560344 0.5216734 0.4032996 0.1423462 0.4543542 0.3957445 0.6042555 0.3347383 0.3898144 0.2754472 0.1215371 0.7599652 0.1184977 0.05340436 0.9408817 0.005713981 0.1185566 0.8814434 0.3770401 0.6005905 0.02236945 0.00825532 0.3516679 0.6400768 0.3798056 0.6009969 0.01919741 0.1106183 0.8807148 0.00866686 0.04016948 0.9598305 0.08623407 0.9070547 0.00671117 0.07466392 0.920877 0.00445909 0.04443657 0.9555634 0.1080191 0.8804094 0.0115715 0.05006694 0.6404718 0.3094612 0.3436116 0.6449177 0.01147077 0.09852164 0.6537421 0.2477363 0.2646984 0.6216155 0.1136862 0.1114673 0.4247921 0.4637405 0.3055371 0.4847138 0.2097492 0.2944703 0.5451095 0.1604202 0.3055371 0.4847138 0.2097492 0.1114673 0.4247921 0.4637405 0.08565933 0.441453 0.4728877 0.5488712 0.4511288 0.5577124 0.4422876 0.57306 0.4269401 0.5260901 0.4739099 0.4584953 0.5415047 0.5094062 0.4905938 0.4882472 0.5117528 0.2690109 0.4547084 0.2762807 0.1697532 0.5060432 0.3242037 0.1231311 0.5355927 0.3412763 0.4934939 0.3560914 0.1504146 0.3096712 0.4035822 0.2867467 0.6877829 0.271231 0.04098603 0.3251471 0.3544179 0.320435 0.6045293 0.3364646 0.05900616 0.03092274 0.2127526 0.7563247 0.06093688 0.1136971 0.8253661 0.02671038 0.1547762 0.8185135 0.0546853 0.1636422 0.7816726 0.03092274 0.2127526 0.7563247 0.07719147 0.1772917 0.7455168 0.07719147 0.1772917 0.7455168 0.02404823 0.1436493 0.8323025 0.0921429 0.1666154 0.7412418 0.02717581 0.1437857 0.8290386 0.0921429 0.1666154 0.7412418 0.269638 0.4144602 0.3159018 0.5201494 0.458528 0.02132264 0.2227972 0.4958836 0.2813191 0.4657153 0.5080657 0.02621905 0.06627221 0.1829683 0.7507594 0.01603453 0.1484911 0.8354744 0.06627221 0.1829683 0.7507594 0.04220728 0.1626374 0.7951553 8.1334e-4 0.131852 0.8673347 0.04220728 0.1626374 0.7951553 0.02018269 0.01940739 0.9604099 0.04575471 0.03743483 0.9168105 0.07082095 0.01779731 0.9113818 0.07994748 0.9200526 0.09958612 0.05954577 0.8408682 0.03599732 0.03210484 0.9318979 0.05651348 0.008620521 0.9348661 0.07011395 0.929886 0.03599732 0.03210484 0.9318979 0.1025582 0.8974417 0.08388722 0.1029951 0.8131176 0.01295253 0.07016903 0.9168785 0.02080909 0.02917896 0.9500119 0.00545424 0.02456119 0.9699847 0.00325335 0.06227039 0.9344762 0.01975284 0.00327925 0.9769679 0.06519416 0.00151217 0.9332937 0.0311395 0.03114394 0.9377165 0.01975284 0.00327925 0.9769679 0.02547694 0.5177123 0.4568107 0.05270461 0.442307 0.5049885 0.004795291 0.6410316 0.3541732 0.05176596 0.4360988 0.5121353 0.1268829 0.471958 0.401159 0.237867 0.3872172 0.3749158 0.3668661 0.2392423 0.3938916 0.3305862 0.2780592 0.3913546 0.3305862 0.2780592 0.3913546 0.44122 0.55878 0.2728274 0.3447744 0.3823982 0.467144 0.1858499 0.3470061 0.00170514 0.7519195 0.2463753 0.03872916 0.9286606 0.03261017 0.032234 0.4049876 0.5627784 0.1025897 0.8604712 0.03693911 0.1285978 0.821201 0.05020106 0.1285978 0.821201 0.05020106 0.5580996 0.157737 0.2841635 0.558498 0.1521176 0.2893845 0.6032028 0.1990968 0.1977004 0.8129252 0.09050613 0.09656862 0.7541965 0.1228321 0.1229715 0.4228005 0.5625758 0.01462364 0.8797497 0.02776112 0.09248922 0.9233986 0.01590751 0.06069388 0.9109797 0.01846354 0.07055679 0.00659752 0.9507137 0.04268879 0.9766793 0.0233207 0.9681789 0.03182106 0.4233674 0.2313081 0.3453246 0.4908311 0.2000051 0.3091638 0.3704828 0.2640125 0.3655047 0.4543986 0.2417615 0.3038399 0.4209151 0.2518123 0.3272726 0.5074403 0.1746287 0.3179311 0.5386303 0.1656696 0.2957001 0.3594216 0.4148327 0.2257458 0.5074403 0.1746287 0.3179311 0.4168834 0.2499515 0.333165 0.06087994 0.05876074 0.8803594 0.1712326 0.6122763 0.2164911 0.1111872 0.8250673 0.06374552 0.04119655 0.1002091 0.8585944 0.01147224 0.3250402 0.6634876 0.00479365 0.4978636 0.4973428 0.005337981 0.5064922 0.4881699 0.00479365 0.4978636 0.4973428 0.03402729 0.6849304 0.2810423 0.04573358 0.6966696 0.2575968 0.6984965 0.3015035 0.04573358 0.6966696 0.2575968 0.03402729 0.6849304 0.2810423 0.1652728 0.7428625 0.0918647 0.1700936 0.7382228 0.09168359 0.1700936 0.7382228 0.09168359 0.1652728 0.7428625 0.0918647 0.4050672 0.5773794 0.01755342 0.4231018 0.5599754 0.01692269 0.1725217 0.7556195 0.07185874 0.5686623 0.4313377 0.5560952 0.1580447 0.2858601 0.6031906 0.1396192 0.2571902 0.0274194 0.9569154 0.01566522 0.0336002 0.9448845 0.02151531 0.01179766 0.9739648 0.01423761 0.988804 0.011196 0.9869941 0.01300595 0.9885554 0.01144461 0.9768972 0.02310282 0.01958657 0.9291373 0.05127618 0.0336002 0.9448845 0.02151531 0.05609066 0.9371322 0.00677716 0.07483189 0.9066526 0.01851548 0.7674718 0.06449708 0.1680311 0.733152 0.1061334 0.1607147 0.733152 0.1061334 0.1607147 0.8351393 0.0710292 0.09383145 0.03804322 0.9561128 0.00584397 0.05609066 0.9371322 0.00677716 0.00303562 0.9893294 0.007635 0.01972086 0.9742922 0.005987031 0.9922434 0.00775662 0.9919334 0.008066539 0.06516305 0.9210902 0.01374672 0.07483189 0.9066526 0.01851548 0.9896368 0.00452718 0.005836071 0.02323705 0.9699899 0.00677308 0.9933989 0.00660111 0.9562801 0.02465903 0.01906091 0.03691136 0.9273016 0.03578705 0.9801503 0.01984968 0.0667094 0.878197 0.05509373 0.07491487 0.8571635 0.06792163 0.7624823 0.06255665 0.1749611 0.7481077 0.06513074 0.1867616 0.6031906 0.1396192 0.2571902 0.993269 0.00673095 0.558498 0.1521176 0.2893845 0.8129252 0.09050613 0.09656862 0.4348375 0.3800981 0.1850643 0.3533249 0.2642685 0.3824066 0.8069674 0.03461575 0.1584168 0.9233986 0.01590751 0.06069388 0.1394903 0.8399998 0.02050994 0.1416348 0.8399999 0.0183653 0.9768972 0.02310282 0.9526895 0.04731058 0.1480962 0.8400002 0.01190355 0.9885554 0.01144461 0.8409438 0.03839977 0.1206566 0.8351393 0.0710292 0.09383145 0.9801503 0.01984968 0.733152 0.1061334 0.1607147 0.1523717 0.8400002 0.00762815 0.9919334 0.008066539 0.1531823 0.8399999 0.00681786 0.993269 0.00673095 0.1511874 0.8400001 0.008812631 0.9801503 0.01984968 0.04 0.9570826 0.00291745 0.9669171 0.03308294 0.9669171 0.03308294 0.04 0.9570826 0.00291745 0.4199999 0.58 0.4199999 0.58 0.42 0.58 0.42 0.58 0.7828344 0.2171656 0.7953417 0.2046583 0.8039418 0.1960582 0.42 0.58 0.42 0.58 0.4199999 0.58 0.42 0.58 0.7933197 0.2066803 0.8131266 0.1868734 0.828635 0.171365 0.8311756 0.1688244 0.7986148 0.2013852 0.8043491 0.1956509 0.804311 0.195689 0.04409323 0.9559068 0.05329955 0.9467005 0.5264989 0.4735012 0.5329877 0.4670123 0.5269513 0.4730487 0.4854542 0.1623953 0.3521504 0.4657574 0.1735246 0.360718 0.3824484 0.4386872 0.1788644 0.52914 0.47086 0.4657574 0.1735246 0.360718 0.3914585 0.3496121 0.2589295 0.52914 0.47086 0.3824484 0.4386872 0.1788644 0.3213418 0.5256649 0.1529934 0.5269513 0.4730487 0.3946928 0.6053072 0.5264989 0.4735012 0.4413237 0.5586763 0.5329877 0.4670123 0.4854542 0.1623953 0.3521504 0.3582337 0.435284 0.2064824 0.3319568 0.3091064 0.3589368 0.3957445 0.6042555 0.3115229 0.6884771 0.4065367 0.481851 0.1116124 0.3030031 0.6969969 0.4026971 0.504327 0.09297594 0.3030031 0.6969969 0.4026971 0.504327 0.09297594 0.1164957 0.3755392 0.5079651 0.4511917 0.5488083 0.4190329 0.1536444 0.4273227 0.09242944 0.1702212 0.7373494 0.02554033 0.2572843 0.7171754 0.1122379 0.8161021 0.0716599 0.3798056 0.6009969 0.01919741 0.02535491 0.2221015 0.7525437 0.0488299 0.934425 0.01674507 0.0488299 0.934425 0.01674507 0.1128942 0.8154272 0.07167863 0.00720993 0.1762512 0.8165388 0.00825532 0.3516679 0.6400768 0.00720993 0.1762512 0.8165388 0.08471296 0.8855362 0.02975088 0.0906975 0.8590308 0.05027177 0.03958796 0.960412 0.04097346 0.9590265 0.04443657 0.9555634 0.04016948 0.9598305 0.08623407 0.9070547 0.00671117 0.1118025 0.6173479 0.2708497 0.117121 0.6298427 0.2530364 0.05637347 0.676116 0.2675104 0.08370908 0.7048402 0.2114507 0.1009037 0.7234688 0.1756275 0.2336999 0.4482284 0.3180718 0.4431913 0.04556144 0.5112473 0.2049675 0.6126726 0.1823599 0.2920445 0.4362464 0.2717091 0.4447457 0.4368714 0.1183829 0.4830413 0.480141 0.03681769 0.3970913 0.5000387 0.10287 0.4830413 0.480141 0.03681769 0.6720643 0.256729 0.07120672 0.3077231 0.2645952 0.4276816 0.6849269 0.2804705 0.03460254 0.01327742 0.6756952 0.3110274 0.3970913 0.5000387 0.10287 0.5814915 0.2937945 0.124714 0.01137807 0.626559 0.362063 0.2839341 0.6989949 0.01707102 0.265077 0.6130331 0.1218899 0.1779964 0.385912 0.4360916 0.4438938 0.4925199 0.06358625 0.2856853 0.3552047 0.35911 0.5 0.5 0.5990394 0.4009606 0.5568454 0.4431545 0.4265332 0.5734668 0.495439 0.4393949 0.06516618 0.1486522 0.8513478 0.5 0.5 0.6941698 0.3058302 0.3577164 0.2466368 0.3956469 0.9602911 0.03970894 0.9635172 0.03648278 0.92 0.07999999 0.5491046 0.1708954 0.28 0.4367512 0.5632488 0.7600001 0.12 0.12 0.5 0.5 0.92 0.07999999 0.4767512 0.5232488 0.5 0.5 0.6800001 0.16 0.16 0.92 0.07999999 0.4767513 0.5232487 0.1520604 0.3778419 0.4700978 0.3704828 0.2640125 0.3655047 0.9526895 0.04731058 0.8069674 0.03461575 0.1584168 0.9526895 0.04731058 0.5094062 0.4905938 0.4882472 0.5117528 0.3660113 0.3504293 0.2835595 0.305017 0.3273744 0.3676087 0.08959411 0.1658439 0.7445619 0.03200734 0.1216032 0.8463895 0.03200734 0.1216032 0.8463895 0.3690475 0.6309525 0.1134408 0.808641 0.07791811 0.3482378 0.3719612 0.279801 0.3761274 0.6238727 0.3207811 0.3088612 0.3703578 0.3761274 0.6238727 0.08993771 0.1672195 0.7428428 0.1122379 0.8161021 0.0716599 0.3347383 0.3898144 0.2754472 0.3222922 0.1560344 0.5216734 0.3761274 0.6238727 0.3207811 0.3088612 0.3703578 0.08993771 0.1672195 0.7428428 0.0078068 0.1348101 0.8573832 0.7481077 0.06513074 0.1867616 0.510851 0.4371325 0.05201653 0.7557367 0.1221319 0.1221315 0.4308485 0.2845755 0.284576 0.5843225 0.06802828 0.3476492 0.9227657 0.031329 0.04590528 0.6615078 0.2990299 0.03946238 0.5237387 0.1447645 0.3314969 0.5317664 0.3340141 0.1342195 0.5818567 0.3486083 0.06953502 0.903614 1.8887e-4 0.09619706 0.5385921 0.2340186 0.2273894 0.6975349 0.1580721 0.144393 0.8659974 0.04752333 0.08647926 0.8218699 0.07793143 0.1001988 0.704127 0.09385934 0.2020137 0.6303576 0.1985143 0.1711281 0.8060753 0.1614768 0.03244792 0.971783 0.02510987 0.00310718 0.9490011 0.03191982 0.01907907 0.7601979 0.08086295 0.1589391 0.9730955 0.0269045 0.9899909 0.01000905 0.9451924 0.05480768 0.9898738 0.01012629 0.9887095 0.01129054 0.9922618 0.00773824 0.967866 0.02408071 0.008053351 0.8827302 0.1172697 0.8253967 0.1746033 0.8261396 0.09606738 0.07779308 0.5947183 0.2780228 0.1272589 0.9600343 0.03075277 0.009213001 0.8229756 0.05714306 0.1198815 0.6385204 0.3614796 0.246255 0.2201771 0.533568 0.7394527 0.2605473 0.2132881 0.127668 0.6590439 0.1054869 0.01119234 0.8833207 0.2022496 0.3236003 0.4741501 0.2653257 0.2011064 0.533568 0.5224307 0.4775693 0.9469031 0.01288379 0.04021313 0.995478 0.004522009 0.8993099 0.04826565 0.05242452 0.9680176 0.02239348 0.009588931 0.9940402 9.6423e-4 0.00499558 0.7169988 0.2830012 0.1196048 0.2559824 0.6244127 0.9165365 0.0625324 0.02093123 0.8447648 0.1113849 0.04385032 0.4756885 0.4795241 0.0447874 0.4660682 0.266966 0.2669658 0.9297175 0.02550851 0.04477403 0.5488302 0.0721489 0.379021 0.5363252 0.2086014 0.2550734 0.5084858 0.2333416 0.2581726 0.6024846 0.234281 0.1632343 0.5731776 0.1057017 0.3211207 0.6218013 0.08958892 0.2886097 0.2015739 0.7356817 0.06274444 0.3687035 0.5356817 0.09561483 0.3968305 0.02204874 0.5811207 0.5288976 0.03840419 0.4326982 0.2498952 0.0219299 0.7281749 0.4236726 0.0820228 0.4943047 0.2039002 0.74 0.05609981 0.03229768 0.9556817 0.01202063 0.6452186 0.1516231 0.2031583 0.06999999 0.86 0.06999999 0.6913525 0.1277548 0.1808927 0.2172275 0.6610577 0.1217148 0.1211188 0.8010577 0.07782351 0.4320216 0.1048723 0.4631062 0.4369781 0.1003995 0.4626224 0.2665641 0.0686422 0.6647937 0.4310352 0.14791 0.4210548 0.4427673 0.1974707 0.3597621 0.6153864 0.1844765 0.2001372 0.3913906 0.08671467 0.5218948 0.5925289 0.3035507 0.1039203 0.2421209 0.02970414 0.7281749 0.6545519 0.04067523 0.3047729 0.6312439 0.04357059 0.3251856 0.6930159 0.03594765 0.2710364 0.9449371 0.03699948 0.01806353 0.9984008 0.00159925 0.9126874 0.08731263 0.802568 0.1974321 0.2853218 0.6359012 0.07877701 0.3095821 0.4829093 0.2075085 0.2377819 0.2829905 0.4792276 0.189668 0.7045929 0.1057391 0.5219989 0.478001 0.1657096 0.8342904 0.7367755 0.1393041 0.1239203 0.8360825 0.09189343 0.07202413 0.1339424 0.3896388 0.4764187 0.1335839 0.3842867 0.4821294 0.1900314 0.6748837 0.135085 0.1822687 0.7161037 0.1016275 0.7394527 0.2605473 0.4694398 0.1540174 0.3765429 0.3304599 0.5823343 0.08720576 0.3033657 0.3153512 0.3812831 0.1889561 0.4521961 0.3588479 0.4521337 0.2256217 0.3222447 0.2558165 0.3907529 0.3534307 0.5331248 0.4012038 0.0656714 0.07880999 0.732272 0.188918 0.1 0.9 0.1057382 0.8942618 0.7607512 0.1026872 0.1365616 0.1902845 0.6081911 0.2015245 0.1810994 0.8189006 0.3668973 0.303634 0.3294686 0.5340046 0.4659954 0.102209 0.00457166 0.8932193 0.5890725 0.1420767 0.2688508 0.7882631 0.01814554 0.1935913 0.5021563 0.2879295 0.2099142 0.7959852 0.08883829 0.1151766 0.9148561 0.04257204 0.04257191 0.5658424 0.1351653 0.2989922 0.6024846 0.234281 0.1632343 0.3933174 0.1860847 0.420598 0.2015739 0.7356817 0.06274444 0.3547746 0.06410465 0.5811208 0.2272016 0.0446235 0.7281749 0.03229768 0.9556817 0.01202063 0.1211188 0.8010577 0.07782351 0.4320216 0.1048723 0.4631062 0.2859682 0.04923812 0.6647937 0.2307082 0.04111691 0.7281749 0.8736194 0.06319045 0.06319016 0.9148561 0.04257204 0.04257191 0.8355437 0.1307125 0.03374379 0.9933488 0.00665124 0.8031217 0.09448359 0.1023948 0.9109021 0.0714731 0.01762477 0.9998783 1.2164e-4 0.9997978 2.0215e-4 0.9921862 0.00781381 0.9941818 0.00581816 0.9868294 0.01317057 0.9667683 0.03323166 0.8185579 0.1814421 0.8862282 0.1137718 0.9949594 0.00504067 0.9466638 0.05333618 0.9569301 0.04306992 0.988984 6.945e-4 0.01032146 0.9777402 0.0025197 0.0197401 0.903614 1.8887e-4 0.09619706 0.9764596 0.02354043 0.9959029 0.00409711 0.9993275 6.7245e-4 0.9991283 8.7168e-4 0.9790735 0.02092646 0.9575965 0.04240347 0.8385264 0.1614736 0.8995079 0.1004921 0.9604469 0.03955312 0.7640633 0.2359367 0.6657791 0.3342209 0.8046402 0.1953597 0.6000261 0.3991685 8.0545e-4 0.5867316 0.4132685 0.8484042 0.1515958 0.3103689 0.6710144 0.01861678 0.6041028 0.394919 9.7815e-4 0.1536086 0.7994667 0.04692459 0.09737805 0.8520547 0.05056721 0.03870495 0.8289603 0.1323348 0.00657433 0.8110706 0.1823551 0.0034886 0.6026106 0.3939008 0.02531837 0.7853905 0.1892911 0.02707408 0.9011276 0.07179833 0.00590564 0.6203008 0.3737935 0.00259084 0.6171841 0.380225 0.00813074 0.8086985 0.1831708 0.02690056 0.9034597 0.06963969 0.01107612 0.7689925 0.2199314 0.03241123 0.8889109 0.07867787 0.07038735 0.8971179 0.03249487 0.4624842 0.5305092 0.007006519 0.4259512 0.571992 0.00205687 0.8361927 0.1638073 0.9276875 0.07231251 0.00176351 0.5230145 0.475222 0.3645854 0.6333871 0.00202752 0.00251259 0.5188277 0.4786597 0.00209579 0.3712164 0.6266878 7.7644e-4 0.3417552 0.6574684 6.6204e-4 0.5264344 0.4729035 0.2593553 0.7394415 0.00120324 0.1503306 0.830697 0.01897235 0.1440756 0.8358061 0.02011836 0.1021524 0.8723472 0.02550046 0.09260438 0.8836036 0.02379196 0.2582249 0.7417751 0.08139341 0.889652 0.02895454 0.988984 6.945e-4 0.01032146 0.903614 1.8887e-4 0.09619706 0.9940402 9.6423e-4 0.00499558 0.9819003 0.01783115 2.6856e-4 0.9276875 0.07231251 0.995478 0.004522009 0.9797329 0.00523025 0.0150369 0.2630117 0.7369883 0.938765 0.02806325 0.03317185 0.2630117 0.7369883 0.9797329 0.00523025 0.0150369 0.938765 0.02806325 0.03317185 0.2630117 0.7369883 0.4805536 0.4592365 0.06020997 0.1907285 0.7987901 0.0104814 0.1081713 0.8730679 0.01876079 0.1404058 0.8482906 0.01130359 0.08843355 0.8942532 0.01731327 0.4175138 0.4454201 0.1370662 0.7222909 0.08132451 0.1963846 0.8768921 0.09193307 0.03117478 0.7309568 0.1345218 0.1345214 0.7959852 0.08883829 0.1151766 0.9730679 0.01452664 0.01240542 0.946003 0.02699854 0.02699854 0.9658238 0.0251442 0.00903199 0.732004 0.1553532 0.1126428 0.9994267 5.7333e-4 0.9998099 1.9007e-4 0.8527597 0.1426752 0.004565251 0.9992809 7.1915e-4 0.9961944 0.00380561 0.9919068 0.00809318 0.9956478 0.00435221 0.6930159 0.03594765 0.2710364 0.957903 0.04209702 0.7764027 0.2235973 0.9964186 0.00358149 0.9610606 0.03893936 0.8610857 0.1389143 0.4254707 0.5653289 0.00920041 0.1714409 0.778582 0.04997705 0.1612965 0.7780044 0.06069918 0.3948236 0.5976409 0.00753556 0.4715347 0.5240508 0.00441453 0.4611813 0.536338 0.00248072 0.1734973 0.8101011 0.01640166 0.00308677 0.5598469 0.4370663 0.00590564 0.6203008 0.3737935 0.0034886 0.6026106 0.3939008 0.00259084 0.6171841 0.380225 0.00158984 0.6506652 0.3477451 0.00158984 0.6506652 0.3477451 0.00142864 0.6174544 0.3811169 4.8276e-4 0.503844 0.4956733 0.00142864 0.6174544 0.3811169 0.00110062 0.3654675 0.633432 0.1065645 0.8734255 0.02001003 0.01924029 0.8452796 0.1354802 0.01879613 0.868454 0.1127499 0.0222988 0.8041027 0.1735985 0.01614142 0.8027539 0.1811046 0.01830088 0.8478292 0.1338699 0.01787905 0.8490697 0.1330512 0.4890151 0.5109849 0.5084701 0.4915299 6.4591e-4 0.4826269 0.5167271 0.4643703 0.5356297 0.4851895 0.5148105 0.5241038 0.4758963 0.3575832 0.6424168 0.3610772 0.6389228 0.3515963 0.6484037 0.3699859 0.6300141 0.3625371 0.6374629 0.3687108 0.6312892 0.2234229 0.7765772 0.2408109 0.7591891 0.2305378 0.7694622 0.216667 0.783333 0.2412171 0.7587829 0.2441904 0.7558096 0.1062918 0.8937082 0.1099797 0.8900203 0.1095047 0.8904953 0.1128421 0.8871579 0.1124472 0.8875529 0.1087194 0.8912806 0.05000754 0.9499925 0.05056539 0.9494346 0.05322014 0.9467798 0.01000329 0.9899967 0.00914561 0.9908544 0.01239183 0.9876083 0.009684171 0.9903159 0.04819139 0.9518086 0.04790036 0.9520996 0.01008628 0.9899137 0.6309581 0.3061741 0.06286774 0.9680176 0.02239348 0.009588931 0.9165365 0.0625324 0.02093123 0.9680176 0.02239348 0.009588931 0.6312439 0.04357059 0.3251856 0.7169988 0.2830012 0.995478 0.004522009 0.246255 0.2201771 0.533568 0.3179066 0.1855532 0.4965402 0.2921634 0.4004419 0.3073947 0.7394527 0.2605473 0.5219989 0.478001 0.189668 0.7045929 0.1057391 0.6747965 0.08234144 0.2428621 0.7325921 0.2674079 0.7394527 0.2605473 0.3340021 0.2977853 0.3682125 0.1900314 0.6748837 0.135085 0.1335839 0.3842867 0.4821294 0.3520913 0.2718807 0.376028 0.2398014 0.3869531 0.3732455 0.6196539 0.2180059 0.1623402 0.7557676 0.1741069 0.07012543 0.8819123 0.1028175 0.0152703 0.9167871 0.08321284 0.8236658 0.1231641 0.05317013 0.8263617 0.1221373 0.05150094 0.8229034 0.1478981 0.02919853 0.8848772 0.0905833 0.02453948 0.8777283 0.1101146 0.0121571 0.8766404 0.08921551 0.03414414 0.5658424 0.1351653 0.2989922 0.5660762 0.112803 0.3211208 0.6024846 0.234281 0.1632343 0.3547746 0.06410465 0.5811208 0.3750787 0.0438005 0.5811207 0.2272016 0.0446235 0.7281749 0.2426918 0.02913328 0.7281749 0.2859682 0.04923812 0.6647937 0.4320216 0.1048723 0.4631062 0.2857996 0.04940679 0.6647937 0.2307082 0.04111691 0.7281749 0.2415646 0.03026049 0.7281749 0.5731776 0.1057017 0.3211207 0.3968305 0.02204874 0.5811207 0.2498952 0.0219299 0.7281749 0.2665641 0.0686422 0.6647937 0.2499375 0.0852688 0.6647937 0.4369781 0.1003995 0.4626224 0.2421209 0.02970414 0.7281749 0.2643183 0.7356817 0.9669171 0.03308294 0.7922572 0.2077429 0.8234686 0.1765315 0.8274924 0.1725076 0.8554019 0.1445981 0.8234686 0.1765315 0.1811678 0.4481255 0.3707067 0.3204798 0.3524415 0.3270786 0.4710492 0.2284106 0.3005403 0.2839341 0.6989949 0.01707102 0.01137807 0.626559 0.362063 0.01327742 0.6756952 0.3110274 0.00554553 0.7527121 0.2417424 0.7910771 0.2089229 0.2194153 0.5405134 0.2400713 0.3534095 0.4423841 0.2042064 0.3534095 0.4423841 0.2042064 0.4209151 0.2518123 0.3272726 0.4209151 0.2518123 0.3272726 0.4515659 0.5484341 0.2569911 0.6226143 0.1203946 0.2403757 0.4484021 0.3112222 0.2016526 0.6491869 0.1491606 0.1017071 0.4012824 0.4970105 0.3081669 0.481012 0.2108212 0.2994169 0.5390229 0.1615603 0.2357159 0.4359591 0.3283251 0.3750701 0.5459027 0.07902727 0.4173004 0.5468891 0.03581047 0.310037 0.6299402 0.06002281 0.330135 0.5705554 0.09930953 0.581155 0.4016021 0.01724295 0.3768809 0.5110748 0.1120444 0.01174413 0.6328809 0.355375 0.1088946 0.6452557 0.2458497 0.2118421 0.5823838 0.2057741 0.3492824 0.3491851 0.3015325 0.2545603 0.6231868 0.122253 0.05006694 0.6404718 0.3094612 0.09852164 0.6537421 0.2477363 0.1685641 0.6736627 0.1577732 0.05637347 0.676116 0.2675104 0.2145587 0.4370621 0.3483793 0.1810685 0.7117829 0.1071486 0.08370908 0.7048402 0.2114507 0.1663237 0.4255396 0.4081368 0.1637807 0.7393971 0.0968222 0.1009037 0.7234688 0.1756275 0.07491802 0.4541769 0.4709051 0.4886782 0.4124474 0.09887452 0.4960727 0.4716716 0.0322556 0.4022718 0.4970798 0.1006484 0.7074382 0.249679 0.04288276 0.01882012 0.7414042 0.2397757 0.007991901 0.7969106 0.1950976 0.2118421 0.5823838 0.2057741 0.5814915 0.2937945 0.124714 0.06787634 0.1656728 0.7664509 0.03972765 0.9177567 0.04251578 0.3056672 0.6820346 0.0122982 0.1378924 0.8148162 0.0472914 0.3822286 0.2933411 0.3244303 0.2412818 0.3728807 0.3858375 0.4171466 0.2862427 0.2966107 0.0991301 0.6160619 0.2848081 0.1363365 0.3046273 0.5590363 0.5 0.5 0.2972572 0.2195829 0.4831599 0.3968296 0.5231705 0.08 0.4445378 0.4954622 0.05999999 0.5116683 0.3283317 0.16 0.413501 0.3864989 0.2 0.5126615 0.1620627 0.3252757 0.5352951 0.2847689 0.179936 0.1343011 0.06568528 0.8000137 0.05000001 0.05000001 0.9 0.5 0.5000001 0.5 0.5000001 0.3227198 0.4772802 0.2 0.1114673 0.4247921 0.4637405 0.2646984 0.6216155 0.1136862 0.3048871 0.4835622 0.2115507 0.2994169 0.5390229 0.1615603 0.1176573 0.4875934 0.3947493 0.3048871 0.4835622 0.2115507 0.2336999 0.4482284 0.3180718 0.2994169 0.5390229 0.1615603 0.4923003 0.4754203 0.03227946 0.4886782 0.4124474 0.09887452 0.3970913 0.5000387 0.10287 0.698275 0.2699318 0.03179317 0.7074382 0.249679 0.04288276 0.01327742 0.6756952 0.3110274 0.01137807 0.626559 0.362063 0.5814915 0.2937945 0.124714 0.1861037 0.6083366 0.2055597 0.2373468 0.6807665 0.0818866 0.3056672 0.6820346 0.0122982 0.0991301 0.6160619 0.2848081 0.4171466 0.2862427 0.2966107 0.2424079 0.377449 0.3801432 0.1363365 0.3046273 0.5590363 0.2972572 0.2195829 0.4831599 0.5000001 0.5 0.396145 0.5238551 0.08 0.4445378 0.4954622 0.05999999 0.4114619 0.3885382 0.2 0.5116683 0.3283317 0.16 0.5352951 0.2847689 0.179936 0.5126615 0.1620627 0.3252757 0.1343011 0.06568528 0.8000137 0.05000001 0.05000001 0.9 0.5 0.5000001 0.5 0.5000001 0.321766 0.4782341 0.2 0.1176573 0.4875934 0.3947493 0.117121 0.6298427 0.2530364 0.1479396 0.6527185 0.199342 0.2424079 0.377449 0.3801432 0.5814915 0.2937945 0.124714 0.1811678 0.4481255 0.3707067 0.1363365 0.3046273 0.5590363 0.1363365 0.3046273 0.5590363 0.1811678 0.4481255 0.3707067 0.4710492 0.2284106 0.3005403 0.4710492 0.2284106 0.3005403 0.2972572 0.2195829 0.4831599 0.1363365 0.3046273 0.5590363 0.2502823 0.6199767 0.129741 0.1736952 0.6386467 0.1876581 0.2853611 0.615268 0.09937091 0.1176573 0.4875934 0.3947493 0.07125341 0.4112004 0.5175462 0.07456123 0.4820411 0.4433977 0.1200942 0.558991 0.3209149 0.1017071 0.4012824 0.4970105 0.2545603 0.6231868 0.122253 0.1479396 0.6527185 0.199342 0.117121 0.6298427 0.2530364 0.166471 0.6247191 0.20881 0.1118025 0.6173479 0.2708497 0.1200942 0.558991 0.3209149 0.4431913 0.04556144 0.5112473 0.08565933 0.441453 0.4728877 0.1176573 0.4875934 0.3947493 0.1114673 0.4247921 0.4637405 0.76 0.24 0.76 0.24 0.76 0.24 0.76 0.24 0.76 0.24 0.76 0.24 0.76 0.24 0.76 0.24 0.76 0.24 0.76 0.24 0.6800001 0.16 0.16 0.489736 0.5083262 0.0019379 0.4847152 0.5152848 0.489736 0.5083262 0.0019379 0.78 0.22 0.4782777 0.5208634 8.5892e-4 0.6800001 0.16 0.16 0.5 0.5 0.92 0.07999999 0.4767513 0.5232487 0.5998026 0.2478213 0.1523761 0.140659 0.0148979 0.8444432 0.1547762 0.02671038 0.8185135 0.05623986 0.04392258 0.8998376 0.01359842 0.03667058 0.9497311 0.140659 0.0148979 0.8444432 0.05651348 0.008620521 0.9348661 0.07011395 0.929886 0.2133043 0.7866958 0.1082144 0.1269536 0.7648321 0.1025582 0.8974417 0.2599265 0.7400735 0.04183538 0.09755486 0.8606098 0.05503454 0.04917804 0.8957875 0.02960543 0.0552448 0.9151498 0.04183538 0.09755486 0.8606098 0.02960543 0.0552448 0.9151498 0.2618907 0.7381094 0.02917896 0.02080909 0.9500119 0.1579984 0.8420016 0.02456119 0.00545424 0.9699847 0.09132035 0.9086797 0.1386386 0.2079699 0.6533914 0.2588817 0.3431531 0.3979651 0.159223 0.2235972 0.6171799 0.268507 0.3818367 0.3496563 0.02547694 0.5177123 0.4568107 0.05270461 0.442307 0.5049885 0.05176596 0.4360988 0.5121353 0.1520604 0.3778419 0.4700978 0.2466607 0.7533393 0.44122 0.55878 0.44122 0.55878 0.2349055 0.3320281 0.4330664 0.1520604 0.3778419 0.4700978 0.1385151 0.3983924 0.4630926 0.1520604 0.3778419 0.4700978 0.2349055 0.3320281 0.4330664 0.2728274 0.3447744 0.3823982 0.02562381 0.5605108 0.4138655 0.04571883 0.4693546 0.4849265 0.4783369 0.5216631 0.00499793 0.7301517 0.2648504 0.01830308 0.5586066 0.4230903 0.00832659 0.6984884 0.293185 0.00499793 0.7301517 0.2648504 0.00554553 0.7527121 0.2417424 0.8732379 0.1267621 0.00843547 0.6947344 0.2968301 0.7910771 0.2089229 0.8857797 0.1142203 0.00637118 0.9259268 0.06770201 0.00532499 0.9240717 0.07060327 0.02567041 0.9283057 0.04602389 0.06661582 0.9112017 0.0221825 0.6512989 0.3487011 0.06661582 0.9112017 0.0221825 0.1025897 0.8604712 0.03693911 0.0131 0.3482364 0.6386636 0.832092 0.167908 0.02576476 0.88899 0.08524519 0.8743305 0.1256696 0.04714091 0.8449352 0.1079239 0.3144964 0.4406866 0.2448171 0.2194153 0.5405134 0.2400713 0.7604446 0.2395555 0.2194153 0.5405134 0.2400713 0.154403 0.6445052 0.2010918 0.7604446 0.2395555 0.1385151 0.3983924 0.4630926 0.25951 0.4171411 0.3233489 0.25951 0.4171411 0.3233489 0.3327361 0.2835479 0.383716 0.3533249 0.2642685 0.3824066 0.3533249 0.2642685 0.3824066 0.2194153 0.5405134 0.2400713 0.3144964 0.4406866 0.2448171 0.4348375 0.3800981 0.1850643 0.1685734 0.6031123 0.2283143 0.1725217 0.7556195 0.07185874 0.8499392 0.1500608 0.8069698 0.1930302 0.1998941 0.5092432 0.2908627 0.3594216 0.4148327 0.2257458 0.2959303 0.3112416 0.3928282 0.1685734 0.6031123 0.2283143 0.2194153 0.5405134 0.2400713 0.2195556 0.5019333 0.2785111 0.2228663 0.5928225 0.1843112 0.06326431 0.8224362 0.1142995 0.4168834 0.2499515 0.333165 0.3704828 0.2640125 0.3655047 0.4233674 0.2313081 0.3453246 0.4515659 0.5484341 0.4515659 0.5484341 0.4610837 0.5389163 0.4543986 0.2417615 0.3038399 0.4209151 0.2518123 0.3272726 0.2857454 0.2161491 0.4981056 0.1632682 0.8367318 0.1817538 0.3011355 0.5171108 0.1983659 0.6123442 0.18929 0.1025585 0.8563424 0.04109916 0.1112266 0.09290068 0.7958727 0.3343554 0.6656446 0.4914721 0.5085279 0.4891367 0.5108633 0.4914721 0.5085279 0.5014332 0.4985668 0.5686623 0.4313377 0.6984965 0.3015035 0.3534095 0.4423841 0.2042064 0.3594216 0.4148327 0.2257458 0.3534095 0.4423841 0.2042064 0.8069698 0.1930302 0.9526895 0.04731058 0.9233986 0.01590751 0.06069388 0.9768972 0.02310282 0.01958657 0.9291373 0.05127618 0.01692773 0.937296 0.04577622 0.8174016 0.03323453 0.1493639 0.07467384 0.8878639 0.03746231 0.7481077 0.06513074 0.1867616 0.08120061 0.741932 0.1768674 0.4908311 0.2000051 0.3091638 0.07491487 0.8571635 0.06792163 0.8069674 0.03461575 0.1584168 0.8069674 0.03461575 0.1584168 0.8409438 0.03839977 0.1206566 0.04532659 0.7358152 0.2188583 0.733152 0.1061334 0.1607147 0.7674718 0.06449708 0.1680311 0.9669171 0.03308294 0.9801503 0.01984968 0.6031906 0.1396192 0.2571902 0.8351393 0.0710292 0.09383145 0.8053762 0.1946238 0.8131266 0.1868734 0.0323751 0.9676248 0.00778721 0.9922128 0.1441405 0.8558596 0.05188948 0.9481106 0.2110239 0.7889761 0.03314447 0.9668556 0.00231984 0.9976802 0.05329955 0.9467005 0.03856539 0.9614346 0.03987439 0.9601256 0.05188948 0.9481106 0.2213362 0.7786638 0.2061537 0.7938463 0.2110239 0.7889761 0.308257 0.691743 0.5329877 0.4670123 0.3903329 0.6096671 0.2828517 0.7171483 0.52914 0.47086 0.3194999 0.2127736 0.4677264 0.4657574 0.1735246 0.360718 0.3222922 0.1560344 0.5216734 0.07725938 0.9227407 0.3194999 0.2127736 0.4677264 0.3690475 0.6309525 0.4511917 0.5488083 0.288082 0.7119181 0.4579291 0.5420709 0.3094098 0.6905902 0.3957445 0.6042555 0.3222922 0.1560344 0.5216734 0.3957445 0.6042555 0.4032996 0.1423462 0.4543542 0.3347383 0.3898144 0.2754472 0.1215371 0.7599652 0.1184977 0.1185566 0.8814434 0.05340436 0.9408817 0.005713981 0.3770401 0.6005905 0.02236945 0.3798056 0.6009969 0.01919741 0.00825532 0.3516679 0.6400768 0.1106183 0.8807148 0.00866686 0.08623407 0.9070547 0.00671117 0.04016948 0.9598305 0.07466392 0.920877 0.00445909 0.1080191 0.8804094 0.0115715 0.04443657 0.9555634 0.05006694 0.6404718 0.3094612 0.09852164 0.6537421 0.2477363 0.3436116 0.6449177 0.01147077 0.2646984 0.6216155 0.1136862 0.4847138 0.3055371 0.2097492 0.4247921 0.1114673 0.4637405 0.5451095 0.2944703 0.1604202 0.441453 0.08565933 0.4728877 0.4247921 0.1114673 0.4637405 0.4847138 0.3055371 0.2097492 0.5488712 0.4511288 0.5577124 0.4422876 0.57306 0.4269401 0.5260901 0.4739099 0.4584953 0.5415047 0.5094062 0.4905938 0.4882472 0.5117528 0.2690109 0.4547084 0.2762807 0.1231311 0.5355927 0.3412763 0.4934939 0.3560914 0.1504146 0.6877829 0.271231 0.04098603 0.3096712 0.4035822 0.2867467 0.3251471 0.3544179 0.320435 0.6045293 0.3364646 0.05900616 0.2127526 0.03092274 0.7563247 0.1547762 0.02671038 0.8185135 0.1136971 0.06093688 0.8253661 0.2127526 0.03092274 0.7563247 0.1636422 0.0546853 0.7816726 0.07719147 0.1772917 0.7455168 0.07719147 0.1772917 0.7455168 0.1436493 0.02404823 0.8323025 0.0921429 0.1666154 0.7412418 0.0921429 0.1666154 0.7412418 0.02717581 0.1437857 0.8290386 0.269638 0.4144602 0.3159018 0.5201494 0.458528 0.02132264 0.06627221 0.1829683 0.7507594 0.06627221 0.1829683 0.7507594 0.01603453 0.1484911 0.8354744 0.07082095 0.01779731 0.9113818 0.07994748 0.9200526 0.05954577 0.09958612 0.8408682 0.05651348 0.008620521 0.9348661 0.07011395 0.929886 0.1025582 0.8974417 0.1029951 0.08388722 0.8131176 0.01295253 0.07016903 0.9168785 0.02917896 0.02080909 0.9500119 0.02456119 0.00545424 0.9699847 0.06227039 0.00325335 0.9344762 0.02547694 0.5177123 0.4568107 0.05270461 0.442307 0.5049885 0.05176596 0.4360988 0.5121353 0.1268829 0.471958 0.401159 0.237867 0.3872172 0.3749158 0.3668661 0.2392423 0.3938916 0.3305862 0.2780592 0.3913546 0.3305862 0.2780592 0.3913546 0.2728274 0.3447744 0.3823982 0.44122 0.55878 0.467144 0.1858499 0.3470061 0.1025897 0.8604712 0.03693911 0.1285978 0.821201 0.05020106 0.1285978 0.821201 0.05020106 0.5580996 0.157737 0.2841635 0.558498 0.1521176 0.2893845 0.6032028 0.1990968 0.1977004 0.7541965 0.1228321 0.1229715 0.8129252 0.09050613 0.09656862 0.4228005 0.5625758 0.01462364 0.8797497 0.02776112 0.09248922 0.9109797 0.01846354 0.07055679 0.9233986 0.01590751 0.06069388 0.00659752 0.9507137 0.04268879 0.9766793 0.0233207 0.9681789 0.03182106 0.4908311 0.2000051 0.3091638 0.4233674 0.2313081 0.3453246 0.3704828 0.2640125 0.3655047 0.4543986 0.2417615 0.3038399 0.5386303 0.1656696 0.2957001 0.5074403 0.1746287 0.3179311 0.4209151 0.2518123 0.3272726 0.3594216 0.4148327 0.2257458 0.4168834 0.2499515 0.333165 0.5074403 0.1746287 0.3179311 0.1712326 0.6122763 0.2164911 0.1111872 0.8250673 0.06374552 0.03402729 0.6849304 0.2810423 0.6984965 0.3015035 0.1652728 0.7428625 0.0918647 0.03402729 0.6849304 0.2810423 0.4050672 0.5773794 0.01755342 0.1652728 0.7428625 0.0918647 0.1725217 0.7556195 0.07185874 0.5686623 0.4313377 0.5560952 0.1580447 0.2858601 0.6031906 0.1396192 0.2571902 0.0336002 0.9448845 0.02151531 0.0274194 0.9569154 0.01566522 0.01179766 0.9739648 0.01423761 0.9869941 0.01300595 0.988804 0.011196 0.9885554 0.01144461 0.9768972 0.02310282 0.01958657 0.9291373 0.05127618 0.0336002 0.9448845 0.02151531 0.05609066 0.9371322 0.00677716 0.07483189 0.9066526 0.01851548 0.7674718 0.06449708 0.1680311 0.733152 0.1061334 0.1607147 0.733152 0.1061334 0.1607147 0.8351393 0.0710292 0.09383145 0.05609066 0.9371322 0.00677716 0.03804322 0.9561128 0.00584397 0.00303562 0.9893294 0.007635 0.01972086 0.9742922 0.005987031 0.9922434 0.00775662 0.9919334 0.008066539 0.07483189 0.9066526 0.01851548 0.06516305 0.9210902 0.01374672 0.02323705 0.9699899 0.00677308 0.9896368 0.00452718 0.005836071 0.9933989 0.00660111 0.9562801 0.02465903 0.01906091 0.03691136 0.9273016 0.03578705 0.9801503 0.01984968 0.07491487 0.8571635 0.06792163 0.0667094 0.878197 0.05509373 0.7481077 0.06513074 0.1867616 0.7624823 0.06255665 0.1749611 0.6031906 0.1396192 0.2571902 0.993269 0.00673095 0.558498 0.1521176 0.2893845 0.3533249 0.2642685 0.3824066 0.4348375 0.3800981 0.1850643 0.8129252 0.09050613 0.09656862 0.8069674 0.03461575 0.1584168 0.9233986 0.01590751 0.06069388 0.1394903 0.8399998 0.02050994 0.9526895 0.04731058 0.9768972 0.02310282 0.1416348 0.8399999 0.0183653 0.9885554 0.01144461 0.1480962 0.8400002 0.01190355 0.8409438 0.03839977 0.1206566 0.8351393 0.0710292 0.09383145 0.733152 0.1061334 0.1607147 0.9801503 0.01984968 0.9919334 0.008066539 0.1523717 0.8400002 0.00762815 0.993269 0.00673095 0.1531823 0.8399999 0.00681786 0.9801503 0.01984968 0.1511874 0.8400001 0.008812631 0.9669171 0.03308294 0.04 0.9570826 0.00291745 0.9669171 0.03308294 0.04 0.9570826 0.00291745 0.4199999 0.58 0.4199999 0.58 0.42 0.58 0.42 0.58 0.7953417 0.2046583 0.7828344 0.2171656 0.42 0.58 0.8039418 0.1960582 0.42 0.58 0.4199999 0.58 0.42 0.58 0.8131266 0.1868734 0.7933197 0.2066803 0.828635 0.171365 0.8311756 0.1688244 0.8043491 0.1956509 0.7986148 0.2013852 0.804311 0.195689 0.04409323 0.9559068 0.05329955 0.9467005 0.5329877 0.4670123 0.5264989 0.4735012 0.5269513 0.4730487 0.4854542 0.1623953 0.3521504 0.4657574 0.1735246 0.360718 0.3824484 0.4386872 0.1788644 0.3914585 0.3496121 0.2589295 0.4657574 0.1735246 0.360718 0.52914 0.47086 0.52914 0.47086 0.5269513 0.4730487 0.3213418 0.5256649 0.1529934 0.3824484 0.4386872 0.1788644 0.3946928 0.6053072 0.5264989 0.4735012 0.4413237 0.5586763 0.5329877 0.4670123 0.4854542 0.1623953 0.3521504 0.3582337 0.435284 0.2064824 0.3319568 0.3091064 0.3589368 0.3957445 0.6042555 0.3115229 0.6884771 0.4065367 0.481851 0.1116124 0.3030031 0.6969969 0.4026971 0.504327 0.09297594 0.3030031 0.6969969 0.4026971 0.504327 0.09297594 0.1164957 0.3755392 0.5079651 0.4511917 0.5488083 0.4190329 0.1536444 0.4273227 0.02554033 0.2572843 0.7171754 0.09242944 0.1702212 0.7373494 0.1122379 0.8161021 0.0716599 0.3798056 0.6009969 0.01919741 0.02535491 0.2221015 0.7525437 0.0488299 0.934425 0.01674507 0.0488299 0.934425 0.01674507 0.1128942 0.8154272 0.07167863 0.00720993 0.1762512 0.8165388 0.00720993 0.1762512 0.8165388 0.00825532 0.3516679 0.6400768 0.0906975 0.8590308 0.05027177 0.08471296 0.8855362 0.02975088 0.03958796 0.960412 0.04097346 0.9590265 0.04443657 0.9555634 0.04016948 0.9598305 0.08623407 0.9070547 0.00671117 0.117121 0.6298427 0.2530364 0.05637347 0.676116 0.2675104 0.08370908 0.7048402 0.2114507 0.4482284 0.2336999 0.3180718 0.1183829 0.4368714 0.4447457 0.480141 0.4830413 0.03681769 0.5000387 0.3970913 0.10287 0.480141 0.4830413 0.03681769 0.07120672 0.256729 0.6720643 0.03460254 0.2804705 0.6849269 0.3110274 0.01327742 0.6756952 0.5000387 0.3970913 0.10287 0.5814915 0.2937945 0.124714 0.01707102 0.2839341 0.6989949 0.362063 0.01137807 0.626559 0.1218899 0.265077 0.6130331 0.06358626 0.4438938 0.49252 0.5990394 0.4009606 0.5 0.5 0.4265332 0.5734668 0.5568454 0.4431545 0.1486522 0.8513478 0.06516618 0.495439 0.4393949 0.6941698 0.3058302 0.9602911 0.03970894 0.9635172 0.03648278 0.07999999 0.92 0.06000001 0.94 0.02999997 0.9400001 0.02999997 0.06000001 0.94 0.1520604 0.3778419 0.4700978 0.3704828 0.2640125 0.3655047 0.8069674 0.03461575 0.1584168 0.9526895 0.04731058 0.9526895 0.04731058 0.4882472 0.5117528 0.5094062 0.4905938 0.3660113 0.3504293 0.2835595 0.305017 0.3273744 0.3676087 0.08959411 0.1658439 0.7445619 0.03200734 0.1216032 0.8463895 0.03200734 0.1216032 0.8463895 0.3690475 0.6309525 0.3482378 0.3719612 0.279801 0.1134408 0.808641 0.07791811 0.3761274 0.6238727 0.3761274 0.6238727 0.3207811 0.3088612 0.3703578 0.08993771 0.1672195 0.7428428 0.3347383 0.3898144 0.2754472 0.1122379 0.8161021 0.0716599 0.3222922 0.1560344 0.5216734 0.3207811 0.3088612 0.3703578 0.3761274 0.6238727 0.08993771 0.1672195 0.7428428 0.7481077 0.06513074 0.1867616 0.510851 0.05201653 0.4371325 0.5843225 0.06802828 0.3476492 0.5237387 0.1447645 0.3314969 0.6615078 0.2990299 0.03946238 0.9227657 0.031329 0.04590528 0.5317664 0.3340141 0.1342195 0.5818567 0.3486083 0.06953502 0.903614 1.8887e-4 0.09619706 0.5385921 0.2340186 0.2273894 0.6975349 0.1580721 0.144393 0.8659974 0.04752333 0.08647926 0.704127 0.09385934 0.2020137 0.8218699 0.07793143 0.1001988 0.6303576 0.1985143 0.1711281 0.8060753 0.1614768 0.03244792 0.971783 0.02510987 0.00310718 0.9490011 0.03191982 0.01907907 0.7601979 0.08086295 0.1589391 0.9730955 0.0269045 0.9451924 0.05480768 0.9899909 0.01000905 0.9898738 0.01012629 0.9887095 0.01129054 0.9922618 0.00773824 0.967866 0.02408071 0.008053351 0.8827302 0.1172697 0.8253967 0.1746033 0.8261396 0.09606738 0.07779308 0.5947183 0.2780228 0.1272589 0.9600343 0.03075277 0.009213001 0.8229756 0.05714306 0.1198815 0.6385204 0.3614796 0.7394527 0.2605473 0.246255 0.2201771 0.533568 0.2132881 0.127668 0.6590439 0.2022496 0.3236003 0.4741501 0.1054869 0.01119234 0.8833207 0.5224307 0.4775693 0.2653257 0.2011064 0.533568 0.9469031 0.01288379 0.04021313 0.995478 0.004522009 0.8993099 0.04826565 0.05242452 0.9680176 0.02239348 0.009588931 0.9940402 9.6423e-4 0.00499558 0.7169988 0.2830012 0.8447648 0.1113849 0.04385032 0.9165365 0.0625324 0.02093123 0.4756885 0.4795241 0.0447874 0.5363252 0.2086014 0.2550734 0.5488302 0.0721489 0.379021 0.5084858 0.2333416 0.2581726 0.6218013 0.08958892 0.2886097 0.5731776 0.1057017 0.3211207 0.6024846 0.234281 0.1632343 0.2015739 0.7356817 0.06274444 0.3687035 0.5356817 0.09561483 0.3968305 0.02204874 0.5811207 0.5288976 0.03840419 0.4326982 0.2498952 0.0219299 0.7281749 0.4236726 0.0820228 0.4943047 0.03229768 0.9556817 0.01202063 0.2039002 0.74 0.05609981 0.6452186 0.1516231 0.2031583 0.06999999 0.86 0.06999999 0.6913525 0.1277548 0.1808927 0.1211188 0.8010577 0.07782351 0.2172275 0.6610577 0.1217148 0.4320216 0.1048723 0.4631062 0.4369781 0.1003995 0.4626224 0.2665641 0.0686422 0.6647937 0.4310352 0.14791 0.4210548 0.4427673 0.1974707 0.3597621 0.6153864 0.1844765 0.2001372 0.3913906 0.08671467 0.5218948 0.5925289 0.3035507 0.1039203 0.2421209 0.02970414 0.7281749 0.6545519 0.04067523 0.3047729 0.6312439 0.04357059 0.3251856 0.6930159 0.03594765 0.2710364 0.3095821 0.4829093 0.2075085 0.2377819 0.2829905 0.4792276 0.5219989 0.478001 0.1657096 0.8342904 0.8360825 0.09189343 0.07202413 0.7367755 0.1393041 0.1239203 0.1339424 0.3896388 0.4764187 0.1335839 0.3842867 0.4821294 0.06411064 0.9358894 0.4694398 0.1540174 0.3765429 0.3033657 0.3153512 0.3812831 0.1889561 0.4521961 0.3588479 0.4521337 0.2256217 0.3222447 0.2558165 0.3907529 0.3534307 0.7607512 0.1026872 0.1365616 0.1057382 0.8942618 0.1902845 0.6081911 0.2015245 0.1810994 0.8189006 0.3668973 0.303634 0.3294686 0.5340046 0.4659954 0.7882631 0.01814554 0.1935913 0.5890725 0.1420767 0.2688508 0.5021563 0.2879295 0.2099142 0.7959852 0.08883829 0.1151766 0.5658424 0.1351653 0.2989922 0.3933174 0.1860847 0.420598 0.6024846 0.234281 0.1632343 0.2015739 0.7356817 0.06274444 0.3547746 0.06410465 0.5811208 0.2272016 0.0446235 0.7281749 0.03229768 0.9556817 0.01202063 0.1211188 0.8010577 0.07782351 0.4320216 0.1048723 0.4631062 0.2859682 0.04923812 0.6647937 0.2307082 0.04111691 0.7281749 0.8355437 0.03374379 0.1307125 0.9933488 0.00665124 0.9109021 0.0714731 0.01762477 0.8031217 0.09448359 0.1023948 0.9998783 1.2164e-4 0.9921862 0.00781381 0.9997978 2.0215e-4 0.9941818 0.00581816 0.9868294 0.01317057 0.8185579 0.1814421 0.9667683 0.03323166 0.8862282 0.1137718 0.9949594 0.00504067 0.9466638 0.05333618 0.9569301 0.04306992 0.988984 6.945e-4 0.01032146 0.903614 1.8887e-4 0.09619706 0.9777402 0.0025197 0.0197401 0.9764596 0.02354043 0.9959029 0.00409711 0.9993275 6.7245e-4 0.9790735 0.02092646 0.9991283 8.7168e-4 0.9575965 0.04240347 0.8385264 0.1614736 0.9604469 0.03955312 0.8995079 0.1004921 0.7640633 0.2359367 0.6657791 0.3342209 0.5867316 0.4132685 0.6000261 0.3991685 8.0545e-4 0.8484042 0.1515958 0.3103689 0.6710144 0.01861678 0.1536086 0.7994667 0.04692459 0.03870495 0.8289603 0.1323348 0.09737805 0.8520547 0.05056721 0.00657433 0.8110706 0.1823551 0.0034886 0.6026106 0.3939008 0.02707408 0.9011276 0.07179833 0.00259084 0.6171841 0.380225 0.00813074 0.8086985 0.1831708 0.02690056 0.9034597 0.06963969 0.07038735 0.8971179 0.03249487 0.4624842 0.5305092 0.007006519 0.8361927 0.1638073 0.4259512 0.571992 0.00205687 0.9276875 0.07231251 0.00176351 0.5230145 0.475222 0.00251259 0.5188277 0.4786597 0.3645854 0.6333871 0.00202752 0.00209579 0.3712164 0.6266878 7.7644e-4 0.3417552 0.6574684 6.6204e-4 0.5264344 0.4729035 0.2593553 0.7394415 0.00120324 0.1503306 0.830697 0.01897235 0.1440756 0.8358061 0.02011836 0.1021524 0.8723472 0.02550046 0.09260438 0.8836036 0.02379196 0.988984 6.945e-4 0.01032146 0.9940402 9.6423e-4 0.00499558 0.903614 1.8887e-4 0.09619706 0.9276875 0.07231251 0.9819003 0.01783115 2.6856e-4 0.9797329 0.00523025 0.0150369 0.995478 0.004522009 0.2630117 0.7369883 0.938765 0.02806325 0.03317185 0.9797329 0.00523025 0.0150369 0.2630117 0.7369883 0.938765 0.02806325 0.03317185 0.2630117 0.7369883 0.4805536 0.4592365 0.06020997 0.1907285 0.7987901 0.0104814 0.1081713 0.8730679 0.01876079 0.1404058 0.8482906 0.01130359 0.7222909 0.08132451 0.1963846 0.8768921 0.03117478 0.09193307 0.7959852 0.08883829 0.1151766 0.9730679 0.01240542 0.01452664 0.9658238 0.00903199 0.0251442 0.732004 0.1553532 0.1126428 0.9994267 5.7333e-4 0.9998099 1.9007e-4 0.8527597 0.1426752 0.004565251 0.9992809 7.1915e-4 0.9961944 0.00380561 0.9919068 0.00809318 0.9956478 0.00435221 0.6930159 0.03594765 0.2710364 0.957903 0.04209702 0.7764027 0.2235973 0.4254707 0.5653289 0.00920041 0.1714409 0.778582 0.04997705 0.4715347 0.5240508 0.00441453 0.4611813 0.536338 0.00248072 0.1734973 0.8101011 0.01640166 0.0034886 0.6026106 0.3939008 0.00259084 0.6171841 0.380225 0.00158984 0.6506652 0.3477451 0.00158984 0.6506652 0.3477451 0.01924029 0.8452796 0.1354802 0.0222988 0.8041027 0.1735985 0.01614142 0.8027539 0.1811046 0.01830088 0.8478292 0.1338699 0.5084701 0.4915299 6.4591e-4 0.4826269 0.5167271 0.4643703 0.5356297 0.4851895 0.5148105 0.3610772 0.6389228 0.3515963 0.6484037 0.3699859 0.6300141 0.3625371 0.6374629 0.2408109 0.7591891 0.2305378 0.7694622 0.216667 0.783333 0.2412171 0.7587829 0.1099797 0.8900203 0.1095047 0.8904953 0.1128421 0.8871579 0.1124472 0.8875529 0.05056539 0.9494346 0.05322014 0.9467798 0.01000329 0.9899967 0.01239183 0.9876083 0.009684171 0.9903159 0.04819139 0.9518086 0.6309581 0.3061741 0.06286774 0.9680176 0.02239348 0.009588931 0.9165365 0.0625324 0.02093123 0.9680176 0.02239348 0.009588931 0.6312439 0.04357059 0.3251856 0.7169988 0.2830012 0.995478 0.004522009 0.246255 0.2201771 0.533568 0.7394527 0.2605473 0.2921634 0.4004419 0.3073947 0.3179066 0.1855532 0.4965402 0.5219989 0.478001 0.7325921 0.2674079 0.06411064 0.9358894 0.3340021 0.2977853 0.3682125 0.3520913 0.2718807 0.376028 0.1335839 0.3842867 0.4821294 0.7557676 0.1741069 0.07012543 0.6196539 0.2180059 0.1623402 0.9167871 0.08321284 0.8236658 0.1231641 0.05317013 0.8263617 0.1221373 0.05150094 0.8848772 0.0905833 0.02453948 0.8766404 0.08921551 0.03414414 0.5658424 0.1351653 0.2989922 0.6024846 0.234281 0.1632343 0.5660762 0.112803 0.3211208 0.3750787 0.0438005 0.5811207 0.3547746 0.06410465 0.5811208 0.2426918 0.02913328 0.7281749 0.2272016 0.0446235 0.7281749 0.2859682 0.04923812 0.6647937 0.2857996 0.04940679 0.6647937 0.4320216 0.1048723 0.4631062 0.2415646 0.03026049 0.7281749 0.2307082 0.04111691 0.7281749 0.5731776 0.1057017 0.3211207 0.3968305 0.02204874 0.5811207 0.2498952 0.0219299 0.7281749 0.2665641 0.0686422 0.6647937 0.4369781 0.1003995 0.4626224 0.2499375 0.0852688 0.6647937 0.2421209 0.02970414 0.7281749 0.2643183 0.7356817 0.9669171 0.03308294 0.7922572 0.2077429 0.8234686 0.1765315 0.8274924 0.1725076 0.8554019 0.1445981 0.8234686 0.1765315 0.1811678 0.4481255 0.3707067 0.01707102 0.2839341 0.6989949 0.3110274 0.01327742 0.6756952 0.362063 0.01137807 0.626559 0.00554553 0.7527121 0.2417424 0.7910771 0.2089229 0.2194153 0.5405134 0.2400713 0.3534095 0.4423841 0.2042064 0.3534095 0.4423841 0.2042064 0.4209151 0.2518123 0.3272726 0.4209151 0.2518123 0.3272726 0.4515659 0.5484341 0.2569911 0.6226143 0.1203946 0.2016526 0.6491869 0.1491606 0.4484021 0.2403757 0.3112222 0.481012 0.3081669 0.2108212 0.4012824 0.1017071 0.4970105 0.5390229 0.2994169 0.1615603 0.4359591 0.2357159 0.3283251 0.5459027 0.3750701 0.07902727 0.6299402 0.310037 0.06002281 0.03581047 0.5468891 0.4173004 0.09930953 0.5705554 0.330135 0.01724295 0.4016021 0.581155 0.5110748 0.3768809 0.1120444 0.355375 0.01174413 0.6328809 0.3491851 0.3492824 0.3015325 0.2545603 0.6231868 0.122253 0.09852164 0.6537421 0.2477363 0.05006694 0.6404718 0.3094612 0.05637347 0.676116 0.2675104 0.1685641 0.6736627 0.1577732 0.4370621 0.2145587 0.3483793 0.08370908 0.7048402 0.2114507 0.1810685 0.7117829 0.1071486 0.4255396 0.1663237 0.4081368 0.4716716 0.4960727 0.0322556 0.09887452 0.4124474 0.4886782 0.4970798 0.4022718 0.1006484 0.2583201 0.02027568 0.7214042 0.04288276 0.249679 0.7074383 0.1758845 0.00720487 0.8169106 0.06787634 0.1656728 0.7664509 0.5814915 0.2937945 0.124714 0.04938863 0.8977566 0.05285477 0.1825698 0.7548164 0.06261393 0.0122982 0.3056672 0.6820346 0.2412818 0.3728807 0.3858375 0.1363365 0.3046273 0.5590363 0.0991301 0.6160619 0.2848081 0.4171466 0.2862427 0.2966107 0.3968296 0.5231705 0.08 0.4445378 0.4954622 0.05999999 0.5116683 0.3283317 0.16 0.413501 0.3864989 0.2 0.5126615 0.1620627 0.3252757 0.5352951 0.2847689 0.179936 0.1343011 0.06568528 0.8000137 0.05000001 0.05000001 0.9 0.2609812 0.5772802 0.1617386 0.4247921 0.1114673 0.4637405 0.4835622 0.3048871 0.2115507 0.2646984 0.6216155 0.1136862 0.4875934 0.1176573 0.3947493 0.5390229 0.2994169 0.1615603 0.4835622 0.3048871 0.2115507 0.4482284 0.2336999 0.3180718 0.5390229 0.2994169 0.1615603 0.09887452 0.4124474 0.4886782 0.4754203 0.4923003 0.03227946 0.5000387 0.3970913 0.10287 0.04288276 0.249679 0.7074383 0.03179317 0.2699318 0.698275 0.3110274 0.01327742 0.6756952 0.362063 0.01137807 0.626559 0.1861037 0.6083366 0.2055597 0.5814915 0.2937945 0.124714 0.0122982 0.3056672 0.6820346 0.2373468 0.6807665 0.0818866 0.0991301 0.6160619 0.2848081 0.1363365 0.3046273 0.5590363 0.2424079 0.377449 0.3801432 0.4171466 0.2862427 0.2966107 0.396145 0.5238551 0.08 0.4445378 0.4954622 0.05999999 0.5116683 0.3283317 0.16 0.4114619 0.3885382 0.2 0.5126615 0.1620627 0.3252757 0.5352951 0.2847689 0.179936 0.1343011 0.06568528 0.8000137 0.05000001 0.05000001 0.9 0.321766 0.4782341 0.2 0.4875934 0.1176573 0.3947493 0.117121 0.6298427 0.2530364 0.1479396 0.6527185 0.199342 0.2424079 0.377449 0.3801432 0.1363365 0.3046273 0.5590363 0.1811678 0.4481255 0.3707067 0.5814915 0.2937945 0.124714 0.1363365 0.3046273 0.5590363 0.2972572 0.2195829 0.4831599 0.4710492 0.2284106 0.3005403 0.4710492 0.2284106 0.3005403 0.1811678 0.4481255 0.3707067 0.1363365 0.3046273 0.5590363 0.2502823 0.6199767 0.129741 0.1736952 0.6386467 0.1876581 0.4875934 0.1176573 0.3947493 0.4112004 0.07125341 0.5175462 0.4012824 0.1017071 0.4970105 0.2545603 0.6231868 0.122253 0.1479396 0.6527185 0.199342 0.117121 0.6298427 0.2530364 0.4875934 0.1176573 0.3947493 0.441453 0.08565933 0.4728877 0.4247921 0.1114673 0.4637405 0.7000008 0.2999991 0.7000005 0.2999995 0.7000008 0.2999992 0.6999979 0.3000021 0.7000008 0.2999992 0.7000019 0.2999981 0.7 0.3 0.6999954 0.3000046 0.7000115 0.2999886 0.7000115 0.2999886 0.16 0.6800001 0.16 0.12 0.76 0.12 0.12 0.76 0.12 0.12 0.88 0.02999997 0.9400001 0.02999997 0.06000001 0.94</float_array>
          <technique_common>
            <accessor source="#geom-jasmine_betrothal_lod0-skin1-weights-array" count="5219" stride="1">
              <param name="WEIGHT" type="float"/>
            </accessor>
          </technique_common>
        </source>
        <joints>
          <input semantic="JOINT" source="#geom-jasmine_betrothal_lod0-skin1-joints"/>
          <input semantic="INV_BIND_MATRIX" source="#geom-jasmine_betrothal_lod0-skin1-bind_poses"/>
        </joints>
        <vertex_weights count="2458">
          <input semantic="JOINT" source="#geom-jasmine_betrothal_lod0-skin1-joints" offset="0"/>
          <input semantic="WEIGHT" source="#geom-jasmine_betrothal_lod0-skin1-weights" offset="1"/>
          <vcount>3 3 3 3 3 3 3 3 3 2 2 3 2 2 3 3 3 3 2 3 2 3 2 3 3 3 3 3 3 3 3 3 3 3 3 2 2 2 3 3 3 3 3 3 3 2 3 3 3 3 3 3 3 2 3 3 2 2 3 3 3 3 3 3 2 3 3 3 2 2 3 3 3 2 3 3 2 3 3 3 3 3 3 3 3 3 3 3 3 2 2 3 3 3 3 3 3 3 3 3 3 2 3 2 3 3 2 3 3 2 3 3 3 2 2 2 2 2 2 2 3 3 2 3 2 2 3 3 3 3 3 3 3 3 3 3 3 3 3 3 2 3 2 3 3 2 2 1 1 2 2 2 2 2 2 1 1 2 2 2 2 2 2 2 2 2 2 2 2 3 2 3 3 2 3 2 2 2 2 2 2 3 3 2 3 3 3 2 3 3 3 3 2 3 3 2 3 3 3 3 3 3 3 3 3 3 3 1 1 1 1 1 1 1 1 1 1 1 1 1 1 1 1 1 1 1 2 2 2 1 1 1 1 1 2 1 2 1 1 2 1 1 1 1 1 1 1 1 1 1 1 1 1 1 2 1 3 3 3 3 3 3 3 3 3 3 3 3 3 3 3 3 3 3 3 3 3 3 3 3 3 3 3 3 3 3 3 3 2 3 3 3 2 3 2 3 3 3 3 3 3 3 3 3 3 3 3 3 3 3 3 3 3 2 3 3 3 3 3 3 3 3 3 3 3 3 3 3 3 3 3 3 2 2 3 3 3 3 3 3 3 3 3 3 3 3 3 3 3 3 3 3 3 3 2 3 3 3 3 3 3 3 3 3 2 3 3 3 3 3 2 2 2 2 3 3 3 3 3 3 3 3 3 3 3 3 2 2 3 3 3 3 2 3 3 2 3 3 3 3 3 2 3 3 3 3 3 3 3 3 2 2 3 2 3 3 2 3 3 2 3 2 3 2 3 2 2 3 2 2 2 2 2 2 2 2 2 2 2 2 2 2 1 1 2 1 1 1 1 2 2 1 1 2 1 1 1 1 1 1 1 1 1 1 1 1 2 2 2 2 2 3 3 3 2 3 3 2 3 3 2 2 2 2 2 3 3 3 2 2 3 2 3 2 3 3 2 3 3 3 3 3 3 3 3 3 3 3 3 3 3 2 2 2 2 3 3 3 3 3 3 3 3 3 3 3 3 3 3 3 3 3 3 3 3 3 3 3 3 3 3 2 2 1 2 2 3 2 2 2 3 2 2 2 3 2 3 1 2 1 2 2 2 3 1 1 2 2 1 1 1 1 1 1 1 1 1 1 1 1 1 1 1 1 3 3 1 2 3 2 1 1 1 1 1 1 1 2 2 1 1 3 3 3 3 3 2 3 3 2 3 2 3 3 3 3 2 3 3 3 3 3 3 3 3 3 3 3 3 3 3 3 3 3 3 3 3 3 3 1 3 3 2 2 2 2 2 2 3 2 2 3 3 3 3 2 3 2 3 3 3 3 2 3 2 3 3 3 2 3 3 3 3 3 3 3 3 3 3 3 3 3 3 3 3 3 3 3 3 3 3 1 3 3 3 3 3 3 3 3 3 3 3 3 3 3 3 3 1 1 1 1 2 2 2 3 3 3 3 2 2 3 3 3 3 3 3 2 3 3 3 3 3 3 3 3 2 2 3 3 2 3 2 3 3 3 3 3 3 3 3 3 3 3 3 3 1 3 3 3 3 3 3 3 2 3 3 1 1 1 1 1 1 1 1 1 1 1 1 1 1 1 1 2 2 2 2 1 1 1 1 2 2 2 2 2 2 2 3 3 3 2 1 1 1 2 2 2 2 2 2 2 2 2 2 2 3 2 2 3 3 3 3 3 3 3 3 3 3 3 3 3 3 3 3 3 3 2 2 3 3 3 3 3 3 3 3 3 3 3 2 3 1 1 1 1 1 1 1 1 3 3 3 3 2 2 3 2 3 2 3 3 2 3 3 3 3 3 3 3 3 3 3 3 3 3 1 3 2 2 3 1 1 1 1 1 1 1 1 2 2 2 1 1 1 2 1 1 3 2 2 1 2 1 2 2 3 3 3 3 3 3 3 3 3 3 3 3 3 3 3 3 3 3 3 3 3 3 3 3 2 2 3 2 2 2 2 2 2 2 2 2 2 2 2 2 2 2 2 2 2 2 2 2 2 2 2 2 2 2 2 2 2 2 1 1 1 1 1 1 1 3 3 3 3 3 2 2 3 3 3 2 2 3 3 2 2 3 3 3 3 3 3 3 3 2 3 3 3 3 3 3 3 3 3 3 3 3 3 3 3 3 3 3 3 3 3 3 3 3 3 1 1 1 1 1 1 1 1 1 1 1 1 1 1 1 1 1 1 1 1 1 1 1 1 1 1 1 1 1 1 1 2 1 1 1 1 1 1 1 1 1 1 1 1 1 1 1 1 1 1 1 1 1 1 1 1 1 1 1 1 1 1 1 1 1 1 1 2 2 1 1 1 1 1 1 1 1 1 1 1 1 1 2 1 1 1 2 1 1 2 1 1 2 1 1 1 1 1 1 1 1 1 1 1 1 1 1 3 3 3 3 3 3 3 2 3 3 3 3 3 2 3 3 3 3 3 3 3 3 3 3 3 3 3 3 3 3 3 3 3 3 3 3 3 3 3 3 3 3 3 3 3 3 3 3 3 3 3 3 3 3 3 3 3 3 3 3 2 3 3 3 3 3 3 3 3 3 2 2 3 3 3 3 3 3 3 3 3 3 3 3 3 3 3 3 3 3 3 3 3 3 3 3 3 2 3 3 3 3 3 3 3 3 2 2 3 3 3 3 3 3 3 3 3 3 3 3 3 3 3 3 3 3 3 3 3 3 3 3 3 3 3 3 3 3 3 3 1 2 2 1 1 2 1 2 2 1 1 2 1 2 2 1 1 2 2 1 3 3 1 2 1 1 3 1 2 3 3 2 1 1 1 2 1 2 3 3 3 3 3 3 3 2 2 3 2 2 3 3 3 3 3 2 3 2 3 2 3 3 3 3 3 3 3 3 2 2 2 3 3 3 3 3 3 3 3 2 3 3 3 3 3 2 3 2 2 3 3 3 3 2 3 3 3 2 3 2 3 3 3 2 3 3 2 3 3 3 3 3 3 3 3 3 3 3 2 2 3 3 3 3 3 3 3 3 3 3 3 2 2 2 3 3 3 2 3 3 3 3 2 2 2 2 2 2 2 3 3 3 2 2 3 2 3 3 3 3 3 3 3 3 3 3 3 3 3 3 2 2 3 3 2 1 1 2 2 2 2 2 2 2 1 2 1 2 2 2 2 2 2 2 2 2 2 2 2 3 3 3 2 3 2 2 2 2 2 2 3 2 3 3 3 2 3 3 3 3 3 3 2 3 3 2 3 3 3 3 3 3 3 3 3 3 1 1 1 1 1 1 1 1 1 1 1 1 1 1 1 1 1 1 1 2 2 2 1 1 1 1 1 2 1 2 1 1 2 1 1 1 1 1 1 1 1 1 1 1 1 1 1 2 1 3 3 3 3 3 3 3 3 3 3 3 3 3 3 3 3 3 3 3 3 3 3 3 3 2 3 3 2 2 3 3 3 3 3 3 3 3 3 3 3 3 3 3 2 3 3 3 3 3 3 3 3 3 3 3 3 3 3 2 2 3 3 3 3 3 3 3 3 3 3 3 3 3 2 3 3 3 3 3 2 3 3 3 3 3 2 2 2 2 3 3 3 3 3 3 3 3 3 3 3 3 2 2 3 3 3 3 2 3 3 2 3 3 3 3 3 2 3 3 3 3 3 3 3 2 2 3 2 3 3 3 3 2 2 3 2 3 2 3 2 3 2 3 2 2 2 2 2 2 2 2 2 2 2 2 2 2 2 1 1 1 1 1 1 1 2 2 1 2 1 1 1 1 1 1 1 1 1 1 1 1 2 2 2 2 2 3 3 3 3 3 2 2 2 3 3 2 2 2 2 3 3 3 2 2 3 2 3 2 3 3 2 3 3 3 3 3 3 3 3 3 3 3 3 3 3 2 2 2 2 3 3 3 3 3 3 3 3 3 3 3 3 3 3 3 3 3 3 1 2 2 2 2 2 3 2 2 2 2 1 1 1 2 3 1 1 2 1 1 1 1 1 1 1 1 1 1 1 1 1 1 1 1 3 3 1 3 2 2 1 1 1 1 1 1 1 2 2 1 1 3 3 3 3 3 2 3 3 2 2 3 3 3 3 3 3 2 3 3 3 3 3 3 3 3 3 3 3 3 3 3 3 3 3 3 1 3 3 2 2 2 2 2 2 3 2 2 3 3 3 3 2 2 3 3 3 3 2 3 3 2 3 3 3 2 3 3 3 3 3 3 3 3 3 3 3 3 3 3 3 3 3 3 1 3 3 3 3 3 3 3 3 3 3 3 3 3 3 3 3 1 3 3 2 2 3 3 3 3 2 3 3 3 3 3 3 2 3 2 3 2 3 3 3 3 3 3 3 3 3 3 3 1 3 3 3 3 3 2 3 3 1 1 1 1 1 1 1 1 1 1 1 1 1 1 1 2 2 2 2 1 1 1 1 2 2 2 2 2 2 2 3 3 3 2 1 1 1 2 2 2 2 2 2 2 2 2 2 2 3 2 3 3 3 3 3 3 3 3 3 3 3 3 2 3 2 3 3 3 3 3 3 3 3 3 3 3 1 1 1 1 1 3 3 3 2 3 3 2 2 3 3 2 3 2 3 3 3 3 3 3 3 3 3 1 3 2 2 3 1 1 1 1 1 1 1 1 2 2 2 2 3 2 2 3 3 3 3 3 3 3 3 3 3 3 3 3 2 3 2 2 2 2 2 2 2 2 2 2 2 2 2 2 2 2 2 2 2 2 1 1 1 3 3 3 3 3 2 2 3 2 3 3 2 2 2 3 3 3 3 3 2 3 3 3 3 3 3 3 3 3 3 3 3 3 3 3 3 3 3 3 3 3 3 3 1 1 1 1 1 1 1 1 1 1 1 1 1 1 1 1 1 1 1 1 1 1 1 1 1 1 1 1 1 1 1 2 1 1 1 1 1 1 1 1 1 1 1 1 1 1 1 1 1 1 1 1 1 1 1 1 1 1 1 1 1 1 1 1 1 1 1 2 2 1 1 1 1 1 1 1 1 1 1 1 2 1 1 2 1 1 2 1 1 2 1 1 1 1 1 1 1 1 1 1 1 1 3 3 3 3 3 2 3 3 3 3 3 2 3 3 3 3 3 3 3 3 3 3 3 3 3 3 3 3 3 3 3 3 3 3 3 3 3 3 3 3 3 3 3 3 3 3 3 3 3 3 3 3 3 3 3 3 3 3 3 3 3 3 3 3 3 3 3 3 3 3 3 3 3 3 3 3 3 3 3 3 3 3 3 3 3 3 3 3 3 3 3 3 3 3 3 3 3 3 3 3 3 3 3 3 3 3 3 3 3 3 3 3 3 3 3 3 1 1 2 2 1 2 1 1 2 2 1 2 1 2 1 2 1 2 1 2 3 3 3 1 1 2 3 1 1 1 1 2</vcount>
          <v>15 1 36 2 57 3 2 4 15 5 36 6 15 7 36 8 57 9 2 10 15 11 36 12 2 13 15 14 36 15 2 16 15 17 36 18 2 19 15 20 36 21 2 22 15 23 36 24 2 25 35 26 36 27 2 28 36 29 2 30 36 31 2 32 35 33 36 34 2 35 36 36 2 37 36 38 2 39 15 40 36 41 2 42 15 43 36 44 2 45 15 46 36 47 2 48 15 49 36 50 2 51 36 52 2 53 15 54 36 55 2 56 36 57 2 58 15 59 36 60 2 61 36 62 2 63 15 64 36 65 2 66 35 67 36 68 2 69 35 70 36 71 2 72 35 73 36 74 2 75 14 76 36 77 2 78 14 79 36 80 2 81 14 82 36 83 2 84 35 85 36 86 2 87 35 88 36 89 2 90 35 91 36 92 2 93 35 94 36 95 14 96 35 97 36 98 2 99 36 100 35 101 36 102 35 103 36 104 14 105 35 106 36 107 14 108 35 109 36 110 14 111 35 112 36 113 14 114 35 115 36 116 14 117 35 118 36 119 14 120 35 121 36 122 2 123 35 124 36 125 35 126 36 127 2 128 35 129 36 130 2 131 35 132 36 133 2 134 35 135 36 136 2 137 35 138 36 139 2 140 35 141 36 142 2 143 35 144 36 145 2 146 35 147 36 148 35 149 36 150 2 151 35 152 36 153 2 154 35 155 36 156 35 157 36 158 35 159 36 160 34 161 35 162 36 163 34 164 35 165 36 166 34 167 35 168 36 169 34 170 35 171 36 172 34 173 35 174 36 175 34 176 35 177 36 178 35 179 36 180 34 181 35 182 36 183 16 184 34 185 35 186 34 187 35 188 36 189 35 190 36 191 35 192 36 193 34 194 35 195 36 196 34 197 35 198 36 199 14 200 35 201 36 202 35 203 36 204 14 205 35 206 36 207 14 208 35 209 36 210 35 211 36 212 14 213 35 214 36 215 14 216 35 217 36 218 14 219 35 220 36 221 14 222 35 223 36 224 14 225 35 226 36 227 14 228 35 229 36 230 14 231 35 232 36 233 14 234 35 235 36 236 14 237 35 238 36 239 14 240 35 241 36 242 14 243 35 244 36 245 34 246 35 247 36 248 35 249 36 250 35 251 36 252 14 253 35 254 36 255 14 256 35 257 36 258 14 259 35 260 36 261 14 262 35 263 36 264 14 265 35 266 36 267 2 268 14 269 36 270 2 271 14 272 36 273 2 274 14 275 36 276 14 277 35 278 36 279 14 280 35 281 36 282 35 283 36 284 14 285 35 286 36 287 35 288 36 289 14 290 35 291 36 292 14 293 35 294 36 295 35 296 36 297 14 298 35 299 36 300 2 301 14 302 36 303 2 304 36 305 2 306 14 307 36 308 2 309 14 310 36 311 2 312 35 313 36 314 35 315 36 316 35 317 36 318 35 319 36 320 35 321 36 322 35 323 36 324 35 325 36 326 35 327 36 328 14 329 35 330 36 331 14 332 35 333 36 334 35 335 36 336 14 337 35 338 36 339 14 340 36 341 14 342 36 343 14 344 35 345 36 346 2 347 14 348 36 349 14 350 35 351 36 352 2 353 14 354 36 355 2 356 14 357 36 358 14 359 35 360 36 361 14 362 35 363 36 364 2 365 14 366 36 367 2 368 14 369 36 370 14 371 35 372 36 373 14 374 35 375 36 376 2 377 14 378 36 379 14 380 35 381 36 382 14 383 35 384 36 385 14 386 36 387 14 388 35 389 36 390 14 391 35 392 14 393 35 394 36 395 14 396 35 397 36 398 10 399 14 400 10 401 14 402 10 0 10 0 3 403 11 404 3 405 11 406 3 407 11 408 3 409 11 410 3 411 11 412 5 413 11 414 11 0 11 0 3 415 11 416 6 417 11 418 3 419 11 420 3 421 11 422 3 423 11 424 3 425 11 426 3 427 11 428 3 429 11 430 5 431 11 432 3 433 11 434 3 435 11 436 3 437 11 438 3 439 5 440 11 441 3 442 11 443 3 444 5 445 11 446 5 447 6 448 11 449 6 450 11 451 3 452 5 453 11 454 5 455 11 456 5 457 11 458 6 459 8 460 6 461 11 462 6 463 11 464 5 465 11 466 5 467 6 468 11 469 5 470 6 471 7 472 5 473 11 474 5 475 7 476 8 477 5 478 7 479 8 480 5 481 7 482 8 483 5 484 7 485 6 486 8 487 11 488 5 489 6 490 8 491 6 492 8 493 11 494 3 495 4 496 11 497 3 498 4 499 3 500 4 501 11 502 3 503 4 504 11 505 3 506 4 507 3 508 4 509 11 510 16 511 34 512 35 513 34 514 35 515 36 516 16 517 34 518 35 519 16 520 34 521 35 522 12 523 16 524 34 525 12 526 16 527 34 528 12 529 16 530 34 531 12 532 16 533 34 534 12 535 16 536 34 537 12 538 16 539 34 540 9 0 9 0 9 0 9 0 9 0 9 0 9 0 9 0 9 0 9 0 9 0 9 0 9 0 9 0 9 0 9 0 9 0 9 0 9 0 9 541 13 542 9 543 13 544 9 545 13 546 9 0 9 0 9 0 9 0 9 0 9 547 13 548 13 0 9 549 13 550 13 0 13 0 9 551 13 552 13 0 13 0 13 0 13 0 13 0 13 0 13 0 13 0 13 0 13 0 13 0 13 0 13 0 13 0 9 553 13 554 13 0 0 555 15 556 57 557 0 558 15 559 57 560 0 561 15 562 36 563 0 564 15 565 57 566 0 567 15 568 36 569 0 570 15 571 17 572 0 573 15 574 36 575 0 576 15 577 17 578 2 579 15 580 36 581 2 582 15 583 36 584 2 585 15 586 36 587 2 588 15 589 36 590 2 591 15 592 36 593 0 594 15 595 36 596 0 597 15 598 36 599 2 600 15 601 36 602 0 603 15 604 36 605 0 606 15 607 36 608 0 609 15 610 36 611 0 612 15 613 36 614 0 615 15 616 36 617 0 618 15 619 36 620 0 621 15 622 36 623 0 624 15 625 36 626 0 627 15 628 36 629 0 630 15 631 36 632 0 633 15 634 36 635 2 636 15 637 36 638 0 639 15 640 36 641 2 642 21 643 36 644 2 645 21 646 36 647 2 648 35 649 36 650 2 651 36 652 2 653 15 654 36 655 2 656 21 657 36 658 2 659 35 660 36 661 2 662 36 663 2 664 21 665 36 666 2 667 36 668 2 669 15 670 36 671 0 672 15 673 36 674 2 675 15 676 36 677 2 678 15 679 36 680 2 681 15 682 36 683 15 684 21 685 36 686 15 687 21 688 36 689 2 690 21 691 36 692 15 693 21 694 36 695 2 696 35 697 36 698 2 699 35 700 36 701 2 702 35 703 36 704 2 705 35 706 36 707 2 708 14 709 36 710 2 711 14 712 36 713 14 714 35 715 36 716 14 717 35 718 36 719 14 720 35 721 36 722 35 723 36 724 14 725 35 726 36 727 14 728 35 729 36 730 2 731 35 732 36 733 34 734 35 735 36 736 16 737 34 738 35 739 34 740 35 741 36 742 34 743 35 744 36 745 34 746 35 747 36 748 14 749 35 750 36 751 14 752 35 753 36 754 14 755 35 756 36 757 14 758 35 759 36 760 14 761 35 762 36 763 34 764 35 765 36 766 14 767 35 768 36 769 14 770 35 771 36 772 14 773 35 774 36 775 2 776 14 777 36 778 14 779 36 780 14 781 36 782 14 783 35 784 36 785 14 786 35 787 36 788 14 789 35 790 36 791 14 792 35 793 36 794 14 795 35 796 36 797 14 798 35 799 36 800 14 801 35 802 36 803 14 804 35 805 36 806 14 807 35 808 36 809 14 810 35 811 36 812 2 813 21 814 36 815 2 816 14 817 36 818 2 819 14 820 36 821 2 822 35 823 36 824 2 825 35 826 36 827 34 828 35 829 36 830 34 831 35 832 36 833 34 834 35 835 36 836 34 837 35 838 36 839 34 840 35 841 36 842 35 843 36 844 34 845 35 846 36 847 34 848 35 849 36 850 34 851 35 852 36 853 34 854 35 855 36 856 34 857 35 858 36 859 34 860 35 861 36 862 34 863 35 864 36 865 34 866 35 867 36 868 34 869 35 870 36 871 35 872 36 873 14 874 35 875 36 876 14 877 35 878 36 879 2 880 14 881 36 882 2 883 14 884 36 885 2 886 14 887 36 888 14 889 36 890 14 891 36 892 14 893 36 894 14 895 36 896 2 897 14 898 36 899 2 900 14 901 36 902 2 903 14 904 36 905 2 906 14 907 36 908 14 909 35 910 36 911 14 912 35 913 36 914 14 915 35 916 36 917 14 918 35 919 36 920 2 921 14 922 36 923 2 924 14 925 36 926 2 927 14 928 36 929 2 930 14 931 36 932 14 933 36 934 14 935 36 936 2 937 14 938 36 939 2 940 14 941 36 942 14 943 35 944 36 945 2 946 14 947 36 948 14 949 36 950 14 951 35 952 36 953 2 954 14 955 36 956 14 957 35 958 2 959 14 960 36 961 2 962 14 963 36 964 14 965 35 966 36 967 14 968 35 969 36 970 14 971 35 972 36 973 14 974 36 975 14 976 35 977 36 978 14 979 35 980 36 981 14 982 35 983 36 984 14 985 35 986 36 987 14 988 35 989 36 990 14 991 35 992 36 993 10 994 14 995 36 996 10 997 14 998 36 999 14 1000 36 1001 14 1002 36 1003 10 1004 14 1005 36 1006 14 1007 36 1008 14 1009 35 1010 36 1011 14 1012 35 1013 36 1014 14 1015 35 1016 14 1017 35 1018 36 1019 10 1020 14 1021 36 1022 14 1023 36 1024 10 1025 14 1026 36 1027 14 1028 36 1029 10 1030 14 1031 36 1032 14 1033 35 1034 10 1035 14 1036 36 1037 14 1038 36 1039 14 1040 36 1041 10 1042 14 1043 36 1044 10 1045 14 1046 10 1047 14 1048 10 1049 14 1050 10 1051 14 1052 10 1053 14 1054 10 1055 14 1056 10 1057 14 1058 10 1059 14 1060 10 1061 14 1062 10 1063 14 1064 10 1065 14 1066 10 1067 14 1068 10 1069 14 1070 10 1071 11 1072 11 0 11 0 10 1073 11 1074 10 0 10 0 10 0 11 0 10 1075 11 1076 10 1077 11 1078 11 0 11 0 10 1079 11 1080 10 0 10 0 11 0 11 0 11 0 11 0 11 0 11 0 11 0 11 0 11 0 11 0 6 1081 11 1082 6 1083 11 1084 3 1085 11 1086 3 1087 11 1088 3 1089 11 1090 3 1091 5 1092 11 1093 3 1094 5 1095 11 1096 3 1097 4 1098 11 1099 3 1100 11 1101 3 1102 5 1103 11 1104 3 1105 4 1106 11 1107 3 1108 11 1109 3 1110 4 1111 11 1112 3 1113 4 1114 11 1115 3 1116 11 1117 3 1118 4 1119 3 1120 11 1121 3 1122 4 1123 3 1124 11 1125 3 1126 5 1127 11 1128 3 1129 4 1130 11 1131 5 1132 6 1133 8 1134 5 1135 11 1136 6 1137 11 1138 6 1139 8 1140 11 1141 6 1142 11 1143 6 1144 8 1145 11 1146 6 1147 11 1148 6 1149 8 1150 11 1151 5 1152 6 1153 8 1154 5 1155 11 1156 5 1157 6 1158 7 1159 5 1160 6 1161 8 1162 5 1163 6 1164 8 1165 5 1166 7 1167 8 1168 6 1169 8 1170 11 1171 5 1172 6 1173 8 1174 5 1175 7 1176 8 1177 5 1178 7 1179 8 1180 5 1181 7 1182 8 1183 5 1184 6 1185 8 1186 5 1187 6 1188 8 1189 5 1190 6 1191 8 1192 3 1193 4 1194 11 1195 3 1196 4 1197 11 1198 3 1199 4 1200 3 1201 4 1202 3 1203 4 1204 3 1205 4 1206 3 1207 4 1208 11 1209 16 1210 34 1211 35 1212 16 1213 34 1214 35 1215 16 1216 34 1217 35 1218 16 1219 34 1220 35 1221 16 1222 34 1223 35 1224 12 1225 16 1226 34 1227 16 1228 31 1229 34 1230 12 1231 16 1232 31 1233 12 1234 16 1235 31 1236 12 1237 16 1238 31 1239 12 1240 16 1241 34 1242 12 1243 16 1244 34 1245 12 1246 16 1247 34 1248 12 1249 16 1250 31 1251 12 1252 16 1253 31 1254 12 1255 16 1256 31 1257 1 1258 12 1259 16 1260 12 1261 16 1262 34 1263 12 1264 37 1265 38 1266 1 1267 12 1268 16 1269 1 1270 12 1271 16 1272 1 1273 12 1274 31 1275 1 1276 12 1277 31 1278 1 1279 12 1280 31 1281 1 1282 12 1283 20 1284 1 1285 12 1286 1 1287 12 1288 12 0 1 1289 12 1290 1 1291 12 1292 1 1293 12 1294 20 1295 1 1296 12 1297 1 1298 20 1299 1 1300 12 1301 1 1302 12 1303 20 1304 1 1305 12 1306 1 1307 12 1308 1 1309 20 1310 1 1311 12 1312 20 1313 1 1314 20 1315 1 1316 9 1317 20 1318 1 0 1 1319 20 1320 1 0 1 1321 20 1322 1 1323 20 1324 1 1325 20 1326 1 1327 9 1328 20 1329 1 0 1 0 1 1330 20 1331 1 1332 20 1333 9 0 9 0 9 0 9 0 9 0 9 0 9 0 9 0 9 0 9 0 9 0 9 0 9 0 9 0 13 0 13 0 14 1334 35 1335 36 1336 14 1337 35 1338 36 1339 11 0 14 1340 36 1341 14 1342 35 1343 36 1344 14 1345 36 1346 9 0 9 0 9 0 9 0 13 0 13 0 13 0 9 1347 13 1348 9 1349 13 1350 9 0 9 0 5 1351 7 1352 8 1353 5 1354 7 1355 8 1356 5 1357 6 1358 8 1359 5 1360 6 1361 8 1362 5 1363 6 1364 8 1365 5 1366 11 1367 5 1368 7 1369 8 1370 5 1371 7 1372 8 1373 5 1374 11 1375 5 1376 7 1377 8 1378 5 1379 11 1380 5 1381 6 1382 8 1383 5 1384 7 1385 8 1386 5 1387 7 1388 8 1389 5 1390 6 1391 11 1392 5 1393 11 1394 5 1395 7 1396 8 1397 5 1398 6 1399 8 1400 2 1401 15 1402 36 1403 14 1404 35 1405 36 1406 0 1407 47 1408 48 1409 0 1410 47 1411 48 1412 0 1413 47 1414 48 1415 0 1416 53 1417 55 1418 0 1419 51 1420 55 1421 0 1422 51 1423 55 1424 0 1425 51 1426 55 1427 0 1428 51 1429 55 1430 0 1431 51 1432 55 1433 0 1434 17 1435 51 1436 0 1437 47 1438 49 1439 0 1440 47 1441 49 1442 0 1443 47 1444 55 1445 0 1446 53 1447 55 1448 0 1449 53 1450 55 1451 0 1452 53 1453 55 1454 0 1455 53 1456 55 1457 0 1458 53 1459 55 1460 0 0 0 1461 43 1462 53 1463 0 1464 43 1465 53 1466 0 1467 63 1468 0 1469 63 1470 0 1471 63 1472 0 1473 63 1474 0 1475 43 1476 0 1477 43 1478 0 1479 43 1480 61 1481 0 1482 63 1483 0 1484 63 1485 0 1486 43 1487 61 1488 0 1489 61 1490 64 1491 0 1492 43 1493 57 1494 0 1495 43 1496 53 1497 59 1498 61 1499 0 1500 59 1501 61 1502 59 1503 61 1504 0 1505 15 1506 57 1507 0 1508 15 1509 57 1510 0 1511 15 1512 57 1513 0 1514 59 1515 61 1516 0 1517 61 1518 0 1519 15 1520 57 1521 0 1522 43 1523 0 1524 15 1525 57 1526 0 1527 15 1528 17 1529 0 1530 43 1531 51 1532 0 1533 51 1534 0 1535 15 1536 57 1537 0 1538 15 1539 17 1540 0 1541 15 1542 57 1543 0 1544 47 1545 49 1546 0 1547 47 1548 48 1549 0 1550 55 1551 56 1552 0 1553 47 1554 55 1555 0 1556 47 1557 55 1558 0 1559 47 1560 49 1561 0 1562 53 1563 55 1564 0 1565 53 1566 55 1567 0 1568 53 1569 55 1570 0 1571 53 1572 55 1573 0 1574 53 1575 55 1576 0 1577 53 1578 55 1579 0 1580 47 1581 55 1582 0 1583 47 1584 55 1585 0 1586 47 1587 55 1588 0 1589 53 1590 55 1591 0 1592 53 1593 55 1594 0 1595 43 1596 53 1597 0 1598 53 1599 55 1600 53 0 0 1601 43 1602 53 1603 0 1604 53 1605 55 1606 0 1607 53 1608 55 1609 0 1610 53 1611 55 1612 0 1613 51 1614 55 1615 0 1616 51 1617 55 1618 0 1619 51 1620 55 1621 0 1622 51 1623 55 1624 0 1625 49 1626 55 1627 0 1628 49 1629 55 1630 0 1631 49 1632 51 1633 0 1634 51 1635 55 1636 0 1637 47 1638 49 1639 0 1640 49 1641 51 1642 0 1643 47 1644 49 1645 0 1646 55 1647 56 1648 0 0 0 0 0 0 0 0 0 1649 63 1650 0 1651 63 1652 0 1653 63 1654 0 1655 63 1656 64 1657 0 1658 63 1659 64 1660 0 1661 63 1662 64 1663 0 1664 63 1665 65 1666 63 1667 64 1668 61 1669 64 1670 0 1671 43 1672 61 1673 0 1674 43 1675 57 1676 57 1677 58 1678 59 1679 57 1680 58 1681 59 1682 57 1683 58 1684 59 1685 57 1686 58 1687 59 1688 59 1689 61 1690 0 1691 57 1692 61 1693 57 1694 58 1695 59 1696 57 1697 58 1698 59 1699 57 1700 59 1701 61 1702 57 1703 58 1704 59 1705 57 1706 59 1707 61 1708 57 1709 58 1710 59 1711 0 1712 57 1713 58 1714 0 1715 57 1716 0 1717 57 1718 57 1719 58 1720 59 1721 0 1722 57 1723 61 1724 0 1725 57 1726 0 1727 57 1728 61 1729 0 1730 57 1731 0 1732 15 1733 57 1734 0 1735 15 1736 57 1737 0 1738 43 1739 57 1740 0 1741 15 1742 57 1743 0 1744 47 1745 49 1746 0 1747 47 1748 48 1749 0 1750 53 1751 55 1752 0 1753 53 1754 55 1755 0 1756 53 1757 55 1758 0 1759 53 1760 55 1761 0 1762 53 1763 55 1764 0 1765 53 1766 55 1767 0 1768 53 1769 55 1770 53 0 0 1771 53 1772 55 1773 0 1774 53 1775 55 1776 0 1777 53 1778 55 1779 0 1780 53 1781 55 1782 0 1783 47 1784 48 1785 0 1786 47 1787 48 1788 0 1789 47 1790 48 1791 0 1792 47 1793 0 1794 47 1795 49 1796 0 1797 49 1798 51 1799 0 0 0 0 0 0 0 0 0 0 0 0 0 0 0 0 0 0 0 0 0 0 0 0 0 0 0 0 0 0 0 0 0 1800 17 1801 0 1802 17 1803 0 1804 17 1805 0 1806 17 1807 0 0 0 0 0 0 0 0 0 1808 17 1809 0 1810 17 1811 0 1812 17 1813 0 1814 17 1815 0 1816 17 1817 0 1818 17 1819 0 1820 17 1821 0 1822 17 1823 51 1824 0 1825 17 1826 51 1827 0 1828 17 1829 51 1830 0 1831 17 1832 0 0 0 0 0 0 0 1833 17 1834 0 1835 17 1836 0 1837 17 1838 0 1839 17 1840 0 1841 17 1842 0 1843 17 1844 0 1845 17 1846 0 1847 17 1848 0 1849 17 1850 0 1851 17 1852 0 1853 17 1854 0 1855 17 1856 18 1857 0 1858 17 1859 0 1860 17 1861 0 1862 17 1863 18 1864 0 1865 17 1866 18 1867 0 1868 17 1869 18 1870 0 1871 17 1872 18 1873 0 1874 17 1875 18 1876 0 1877 17 1878 18 1879 0 1880 17 1881 18 1882 0 1883 17 1884 18 1885 0 1886 17 1887 18 1888 0 1889 17 1890 18 1891 0 1892 17 1893 18 1894 0 1895 17 1896 18 1897 0 1898 17 1899 18 1900 0 1901 17 1902 18 1903 0 1904 17 1905 18 1906 0 1907 17 1908 18 1909 0 1910 17 1911 36 1912 0 1913 17 1914 18 1915 0 1916 17 1917 0 1918 17 1919 0 1920 17 1921 18 1922 17 1923 18 1924 19 1925 0 1926 17 1927 18 1928 0 1929 17 1930 18 1931 0 1932 17 1933 18 1934 0 1935 17 1936 18 1937 17 1938 18 1939 19 1940 17 1941 18 1942 19 1943 17 1944 18 1945 19 1946 17 1947 18 1948 19 1949 17 1950 18 1951 19 1952 17 1953 18 1954 17 1955 18 1956 19 1957 19 0 19 0 19 0 19 0 19 0 19 0 19 0 19 0 0 1958 17 1959 51 1960 0 1961 17 1962 51 1963 0 1964 43 1965 51 1966 0 1967 17 1968 36 1969 0 1970 17 1971 0 1972 43 1973 0 1974 15 1975 57 1976 2 1977 36 1978 0 1979 15 1980 17 1981 2 1982 36 1983 0 1984 15 1985 57 1986 0 1987 15 1988 17 1989 2 1990 36 1991 0 1992 17 1993 36 1994 0 1995 17 1996 18 1997 0 1998 17 1999 36 2000 0 2001 17 2002 36 2003 0 2004 17 2005 36 2006 0 2007 17 2008 36 2009 0 2010 47 2011 49 2012 0 2013 47 2014 48 2015 0 2016 47 2017 48 2018 0 2019 47 2020 49 2021 0 2022 47 2023 48 2024 0 2025 47 2026 48 2027 0 2028 47 2029 48 2030 0 0 0 2031 49 2032 51 2033 0 2034 17 2035 0 2036 17 2037 0 2038 51 2039 55 2040 0 0 0 0 0 0 0 0 0 0 0 0 0 0 0 0 0 2041 17 2042 0 2043 17 2044 0 2045 17 2046 0 0 0 0 0 0 0 2047 17 2048 0 0 0 0 0 2049 47 2050 49 2051 0 2052 17 2053 0 2054 17 2055 0 0 0 2056 17 2057 0 0 0 2058 17 2059 0 2060 17 2061 0 2062 17 2063 18 2064 0 2065 17 2066 18 2067 0 2068 17 2069 18 2070 0 2071 17 2072 18 2073 0 2074 17 2075 18 2076 0 2077 17 2078 18 2079 0 2080 17 2081 18 2082 0 2083 17 2084 18 2085 0 2086 17 2087 18 2088 0 2089 17 2090 18 2091 0 2092 17 2093 18 2094 0 2095 17 2096 18 2097 0 2098 17 2099 18 2100 0 2101 17 2102 18 2103 0 2104 17 2105 18 2106 0 2107 17 2108 18 2109 0 2110 17 2111 18 2112 17 2113 18 2114 19 2115 17 2116 18 2117 19 2118 17 2119 18 2120 19 2121 17 2122 18 2123 19 2124 17 2125 18 2126 19 2127 17 2128 18 2129 19 2130 17 2131 18 2132 19 2133 18 2134 19 2135 18 2136 19 2137 17 2138 18 2139 19 2140 18 2141 19 2142 18 2143 19 2144 18 2145 19 2146 18 2147 19 2148 18 2149 19 2150 18 2151 19 2152 18 2153 19 2154 18 2155 19 2156 18 2157 19 2158 18 2159 19 2160 18 2161 19 2162 18 2163 19 2164 18 2165 19 2166 18 2167 19 2168 18 2169 19 2170 18 2171 19 2172 18 2173 19 2174 18 2175 19 2176 18 2177 19 2178 18 2179 19 2180 18 2181 19 2182 18 2183 19 2184 18 2185 19 2186 18 2187 19 2188 18 2189 19 2190 18 2191 19 2192 18 2193 19 2194 18 2195 19 2196 18 2197 19 2198 18 2199 19 2200 18 2201 19 2202 19 0 19 0 19 0 19 0 19 0 19 0 19 0 0 2203 15 2204 17 2205 0 2206 15 2207 17 2208 0 2209 15 2210 17 2211 0 2212 15 2213 17 2214 0 2215 49 2216 51 2217 0 2218 51 2219 0 2220 43 2221 0 2222 59 2223 61 2224 0 2225 59 2226 61 2227 0 2228 59 2229 61 2230 59 2231 61 2232 63 2233 64 2234 0 2235 63 2236 65 2237 0 2238 57 2239 63 2240 0 2241 57 2242 59 2243 61 2244 0 2245 59 2246 61 2247 57 2248 58 2249 59 2250 57 2251 58 2252 59 2253 0 2254 57 2255 59 2256 0 2257 57 2258 58 2259 0 2260 57 2261 61 2262 0 2263 57 2264 59 2265 0 2266 57 2267 63 2268 0 2269 57 2270 0 2271 57 2272 61 2273 0 2274 57 2275 59 2276 0 2277 57 2278 58 2279 0 2280 57 2281 59 2282 0 2283 57 2284 58 2285 0 2286 57 2287 59 2288 0 2289 53 2290 55 2291 0 2292 53 2293 55 2294 0 2295 53 2296 55 2297 0 2298 53 2299 55 2300 0 2301 53 2302 55 2303 0 2304 53 2305 55 2306 0 2307 53 2308 55 2309 0 2310 53 2311 55 2312 0 2313 53 2314 55 2315 0 2316 51 2317 55 2318 0 2319 53 2320 55 2321 0 2322 53 2323 55 2324 0 2325 53 2326 55 2327 0 2328 53 2329 55 2330 0 2331 47 2332 55 2333 0 2334 51 2335 55 2336 0 2337 51 2338 55 2339 0 2340 51 2341 55 2342 0 2343 51 2344 55 2345 45 0 45 0 45 0 45 0 45 0 45 0 45 0 45 0 45 0 45 0 45 0 45 0 45 0 45 0 45 0 45 0 45 0 45 0 45 0 45 0 45 0 45 0 45 0 45 0 45 0 45 0 45 0 45 0 45 0 45 0 45 0 45 2346 53 2347 45 0 45 0 45 0 45 0 45 0 45 0 45 0 45 0 45 0 45 0 45 0 45 0 45 0 45 0 45 0 45 0 45 0 45 0 45 0 45 0 45 0 45 0 45 0 45 0 45 0 45 0 45 0 45 0 45 0 45 0 45 0 45 0 45 0 45 0 45 0 14 2348 36 2349 10 2350 14 2351 66 0 66 0 66 0 66 0 66 0 67 0 67 0 67 0 67 0 67 0 66 0 66 0 0 0 10 2352 11 2353 11 0 10 0 10 0 10 2354 11 2355 11 0 10 0 10 2356 11 2357 10 0 11 0 10 2358 11 2359 10 0 10 0 10 0 10 0 10 0 10 0 10 0 10 0 10 0 10 0 10 0 10 0 67 0 67 0 1 2360 12 2361 37 2362 1 2363 12 2364 31 2365 12 2366 38 2367 41 2368 1 2369 12 2370 16 2371 1 2372 12 2373 16 2374 1 2375 12 2376 16 2377 2 2378 35 2379 36 2380 35 2381 36 2382 14 2383 35 2384 36 2385 14 2386 35 2387 36 2388 14 2389 35 2390 36 2391 14 2392 35 2393 36 2394 14 2395 35 2396 36 2397 35 2398 36 2399 16 2400 34 2401 35 2402 12 2403 16 2404 34 2405 16 2406 34 2407 35 2408 12 2409 16 2410 34 2411 12 2412 16 2413 34 2414 12 2415 16 2416 34 2417 12 2418 16 2419 34 2420 12 2421 16 2422 34 2423 12 2424 16 2425 31 2426 12 2427 16 2428 34 2429 12 2430 16 2431 31 2432 12 2433 16 2434 31 2435 12 2436 16 2437 34 2438 1 2439 12 2440 16 2441 16 2442 37 2443 40 2444 12 2445 16 2446 31 2447 12 2448 16 2449 37 2450 16 2451 34 2452 35 2453 16 2454 34 2455 35 2456 16 2457 34 2458 35 2459 16 2460 34 2461 35 2462 16 2463 34 2464 35 2465 12 2466 16 2467 34 2468 16 2469 34 2470 35 2471 16 2472 34 2473 35 2474 12 2475 16 2476 34 2477 16 2478 34 2479 35 2480 16 2481 34 2482 35 2483 12 2484 16 2485 34 2486 12 2487 16 2488 31 2489 12 2490 16 2491 34 2492 12 2493 16 2494 34 2495 12 2496 16 2497 31 2498 1 2499 12 2500 16 2501 1 2502 12 2503 16 2504 12 2505 16 2506 31 2507 12 2508 37 2509 38 2510 1 2511 12 2512 37 2513 1 2514 12 2515 37 2516 1 2517 12 2518 16 2519 1 2520 12 2521 37 2522 38 2523 40 2524 41 2525 1 2526 12 2527 37 2528 12 2529 37 2530 38 2531 1 2532 38 2533 39 2534 12 2535 37 2536 38 2537 38 2538 41 2539 38 2540 39 2541 41 2542 1 2543 12 2544 37 2545 1 2546 12 2547 38 2548 1 2549 12 2550 37 2551 1 2552 12 2553 37 2554 1 2555 38 2556 39 2557 1 2558 38 2559 39 2560 1 2561 38 2562 39 2563 1 2564 12 2565 39 2566 39 2567 42 2568 39 2569 42 2570 1 2571 12 2572 37 2573 12 2574 16 2575 34 2576 16 2577 34 2578 35 2579 12 2580 16 2581 34 2582 12 2583 16 2584 34 2585 12 2586 16 2587 34 2588 12 2589 16 2590 34 2591 12 2592 16 2593 34 2594 12 2595 16 2596 34 2597 12 2598 16 2599 34 2600 12 2601 16 2602 31 2603 12 2604 16 2605 34 2606 12 2607 16 2608 31 2609 12 2610 16 2611 31 2612 1 2613 12 2614 16 2615 1 2616 12 2617 16 2618 12 2619 37 2620 38 2621 1 2622 12 2623 37 2624 1 2625 12 2626 37 2627 1 2628 12 2629 16 2630 1 2631 38 2632 39 2633 12 2634 37 2635 38 2636 1 2637 12 2638 37 2639 12 2640 37 2641 38 2642 38 2643 39 2644 41 2645 38 2646 41 2647 1 2648 12 2649 37 2650 1 2651 12 2652 38 2653 1 2654 12 2655 37 2656 1 2657 12 2658 37 2659 1 2660 38 2661 39 2662 1 2663 38 2664 39 2665 1 2666 38 2667 39 2668 1 2669 12 2670 39 2671 39 2672 42 2673 39 2674 42 2675 1 2676 12 2677 37 2678 12 2679 16 2680 34 2681 16 2682 34 2683 35 2684 16 2685 34 2686 35 2687 1 2688 12 2689 37 2690 12 2691 37 2692 38 2693 1 2694 12 2695 37 2696 12 2697 37 2698 38 2699 12 2700 37 2701 38 2702 1 2703 12 2704 37 2705 12 2706 38 2707 41 2708 12 2709 38 2710 41 2711 38 2712 39 2713 41 2714 12 2715 37 2716 38 2717 16 2718 34 2719 35 2720 16 2721 34 2722 35 2723 16 2724 34 2725 35 2726 12 2727 16 2728 34 2729 12 2730 16 2731 34 2732 12 2733 16 2734 34 2735 12 2736 16 2737 34 2738 12 2739 16 2740 34 2741 16 2742 34 2743 35 2744 16 2745 34 2746 35 2747 16 2748 34 2749 35 2750 16 2751 34 2752 35 2753 16 2754 34 2755 35 2756 12 2757 16 2758 34 2759 16 2760 31 2761 34 2762 12 2763 16 2764 34 2765 12 2766 16 2767 34 2768 12 2769 16 2770 34 2771 9 0 1 2772 12 2773 1 2774 12 2775 9 0 9 0 1 2776 12 2777 9 0 1 2778 12 2779 1 2780 12 2781 9 0 9 0 1 2782 12 2783 9 0 1 2784 12 2785 1 2786 12 2787 9 0 9 0 1 2788 12 2789 1 2790 12 2791 9 0 1 2792 9 2793 20 2794 1 2795 20 2796 31 2797 1 0 1 2798 20 2799 1 0 1 0 1 2800 20 2801 31 2802 1 0 1 2803 20 2804 1 2805 20 2806 28 2807 1 2808 9 2809 20 2810 1 2811 20 2812 1 0 1 0 1 0 1 2813 20 2814 1 0 1 2815 20 2816 15 2817 36 2818 57 2819 15 2820 21 2821 36 2822 15 2823 21 2824 36 2825 15 2826 21 2827 36 2828 15 2829 21 2830 36 2831 15 2832 21 2833 36 2834 21 2835 35 2836 36 2837 21 2838 36 2839 21 2840 36 2841 21 2842 35 2843 36 2844 21 2845 36 2846 21 2847 36 2848 15 2849 21 2850 36 2851 15 2852 21 2853 36 2854 15 2855 21 2856 36 2857 15 2858 21 2859 36 2860 15 2861 21 2862 36 2863 21 2864 36 2865 15 2866 21 2867 36 2868 21 2869 36 2870 15 2871 21 2872 36 2873 21 2874 36 2875 21 2876 35 2877 36 2878 21 2879 33 2880 36 2881 21 2882 33 2883 36 2884 21 2885 33 2886 36 2887 21 2888 35 2889 36 2890 21 2891 35 2892 36 2893 21 2894 35 2895 36 2896 33 2897 35 2898 36 2899 21 2900 36 2901 35 2902 36 2903 35 2904 36 2905 33 2906 35 2907 36 2908 33 2909 35 2910 36 2911 33 2912 35 2913 36 2914 33 2915 35 2916 36 2917 33 2918 35 2919 36 2920 33 2921 35 2922 36 2923 21 2924 35 2925 36 2926 21 2927 35 2928 36 2929 35 2930 36 2931 21 2932 35 2933 36 2934 21 2935 35 2936 36 2937 21 2938 35 2939 36 2940 21 2941 35 2942 36 2943 21 2944 35 2945 36 2946 35 2947 36 2948 21 2949 35 2950 36 2951 35 2952 36 2953 35 2954 36 2955 34 2956 35 2957 36 2958 34 2959 35 2960 36 2961 34 2962 35 2963 36 2964 34 2965 35 2966 36 2967 35 2968 36 2969 34 2970 35 2971 36 2972 34 2973 35 2974 36 2975 16 2976 34 2977 35 2978 35 2979 36 2980 34 2981 35 2982 36 2983 35 2984 36 2985 34 2986 35 2987 36 2988 33 2989 35 2990 36 2991 33 2992 35 2993 36 2994 35 2995 36 2996 33 2997 35 2998 36 2999 33 3000 35 3001 36 3002 35 3003 36 3004 33 3005 35 3006 36 3007 33 3008 35 3009 36 3010 33 3011 35 3012 36 3013 33 3014 35 3015 36 3016 33 3017 35 3018 36 3019 33 3020 35 3021 36 3022 33 3023 35 3024 36 3025 33 3026 35 3027 36 3028 33 3029 35 3030 36 3031 33 3032 35 3033 36 3034 34 3035 35 3036 36 3037 35 3038 36 3039 35 3040 36 3041 33 3042 35 3043 36 3044 33 3045 35 3046 36 3047 33 3048 35 3049 36 3050 33 3051 35 3052 36 3053 33 3054 35 3055 36 3056 21 3057 33 3058 36 3059 21 3060 33 3061 36 3062 21 3063 33 3064 36 3065 33 3066 35 3067 36 3068 33 3069 35 3070 36 3071 33 3072 35 3073 36 3074 35 3075 36 3076 35 3077 36 3078 35 3079 36 3080 33 3081 35 3082 36 3083 33 3084 35 3085 36 3086 33 3087 35 3088 36 3089 21 3090 36 3091 21 3092 33 3093 36 3094 21 3095 33 3096 36 3097 21 3098 33 3099 36 3100 21 3101 35 3102 36 3103 35 3104 36 3105 35 3106 36 3107 35 3108 36 3109 35 3110 36 3111 35 3112 36 3113 35 3114 36 3115 35 3116 36 3117 33 3118 35 3119 36 3120 33 3121 35 3122 36 3123 33 3124 35 3125 36 3126 35 3127 36 3128 33 3129 36 3130 33 3131 35 3132 36 3133 33 3134 36 3135 21 3136 33 3137 36 3138 21 3139 33 3140 36 3141 33 3142 35 3143 36 3144 21 3145 33 3146 36 3147 33 3148 35 3149 36 3150 21 3151 33 3152 36 3153 33 3154 35 3155 36 3156 21 3157 33 3158 36 3159 33 3160 35 3161 36 3162 33 3163 35 3164 36 3165 33 3166 35 3167 36 3168 21 3169 33 3170 36 3171 33 3172 35 3173 36 3174 33 3175 35 3176 36 3177 33 3178 36 3179 33 3180 35 3181 33 3182 35 3183 36 3184 33 3185 35 3186 36 3187 29 3188 33 3189 29 0 29 0 29 3190 33 3191 22 3192 30 3193 22 3194 30 3195 22 3196 30 3197 22 3198 30 3199 22 3200 30 3201 24 3202 30 3203 30 0 22 3204 30 3205 30 0 25 3206 30 3207 22 3208 30 3209 22 3210 30 3211 22 3212 30 3213 22 3214 30 3215 22 3216 30 3217 22 3218 30 3219 24 3220 30 3221 22 3222 30 3223 22 3224 30 3225 22 3226 30 3227 22 3228 30 3229 22 3230 24 3231 30 3232 22 3233 24 3234 30 3235 24 3236 25 3237 30 3238 25 3239 30 3240 22 3241 24 3242 30 3243 24 3244 30 3245 24 3246 30 3247 25 3248 30 3249 25 3250 27 3251 25 3252 30 3253 24 3254 30 3255 24 3256 25 3257 30 3258 24 3259 30 3260 24 3261 25 3262 26 3263 24 3264 26 3265 27 3266 24 3267 26 3268 27 3269 24 3270 26 3271 24 3272 26 3273 27 3274 25 3275 27 3276 30 3277 25 3278 27 3279 30 3280 24 3281 25 3282 27 3283 22 3284 23 3285 30 3286 22 3287 23 3288 30 3289 22 3290 23 3291 22 3292 23 3293 30 3294 22 3295 23 3296 30 3297 22 3298 23 3299 16 3300 34 3301 35 3302 16 3303 34 3304 35 3305 34 3306 35 3307 36 3308 16 3309 34 3310 35 3311 16 3312 31 3313 34 3314 16 3315 31 3316 34 3317 16 3318 31 3319 34 3320 16 3321 31 3322 34 3323 16 3324 31 3325 34 3326 16 3327 31 3328 34 3329 28 0 28 0 28 0 28 0 28 0 28 0 28 0 28 0 28 0 28 0 28 0 28 0 28 0 28 0 28 0 28 0 28 0 28 0 28 0 28 3330 32 3331 28 3332 32 3333 28 3334 32 3335 28 0 28 0 28 0 28 0 28 0 28 3336 32 3337 32 0 28 3338 32 3339 32 0 32 0 28 3340 32 3341 32 0 32 0 32 0 32 0 32 0 32 0 32 0 32 0 32 0 32 0 32 0 32 0 32 0 32 0 28 3342 32 3343 32 0 0 3344 15 3345 57 3346 0 3347 15 3348 36 3349 0 3350 15 3351 57 3352 0 3353 15 3354 17 3355 0 3356 15 3357 36 3358 0 3359 15 3360 36 3361 0 3362 15 3363 17 3364 15 3365 21 3366 36 3367 15 3368 21 3369 36 3370 15 3371 21 3372 36 3373 15 3374 21 3375 36 3376 15 3377 21 3378 36 3379 0 3380 15 3381 36 3382 0 3383 15 3384 36 3385 15 3386 21 3387 36 3388 0 3389 15 3390 36 3391 0 3392 15 3393 36 3394 0 3395 15 3396 36 3397 0 3398 15 3399 36 3400 0 3401 15 3402 36 3403 0 3404 15 3405 36 3406 0 3407 15 3408 36 3409 0 3410 15 3411 36 3412 21 3413 35 3414 36 3415 21 3416 36 3417 15 3418 21 3419 36 3420 21 3421 35 3422 36 3423 21 3424 36 3425 21 3426 36 3427 15 3428 21 3429 36 3430 0 3431 15 3432 36 3433 15 3434 21 3435 36 3436 15 3437 21 3438 36 3439 15 3440 21 3441 36 3442 21 3443 35 3444 36 3445 21 3446 35 3447 36 3448 21 3449 35 3450 36 3451 21 3452 33 3453 36 3454 21 3455 33 3456 36 3457 33 3458 35 3459 36 3460 33 3461 35 3462 36 3463 33 3464 35 3465 36 3466 33 3467 35 3468 36 3469 35 3470 36 3471 33 3472 35 3473 36 3474 34 3475 35 3476 36 3477 34 3478 35 3479 36 3480 34 3481 35 3482 36 3483 33 3484 35 3485 36 3486 33 3487 35 3488 36 3489 33 3490 35 3491 36 3492 33 3493 35 3494 36 3495 33 3496 35 3497 36 3498 34 3499 35 3500 36 3501 33 3502 35 3503 36 3504 33 3505 35 3506 36 3507 33 3508 35 3509 36 3510 21 3511 33 3512 36 3513 33 3514 36 3515 33 3516 36 3517 33 3518 35 3519 36 3520 33 3521 35 3522 36 3523 33 3524 35 3525 36 3526 33 3527 35 3528 36 3529 33 3530 35 3531 36 3532 33 3533 35 3534 36 3535 33 3536 35 3537 36 3538 33 3539 35 3540 36 3541 33 3542 35 3543 36 3544 33 3545 35 3546 36 3547 21 3548 33 3549 36 3550 21 3551 33 3552 36 3553 34 3554 35 3555 36 3556 35 3557 36 3558 34 3559 35 3560 36 3561 34 3562 35 3563 36 3564 34 3565 35 3566 36 3567 34 3568 35 3569 36 3570 34 3571 35 3572 36 3573 35 3574 36 3575 33 3576 35 3577 36 3578 33 3579 35 3580 36 3581 21 3582 33 3583 36 3584 21 3585 33 3586 36 3587 21 3588 33 3589 36 3590 33 3591 36 3592 33 3593 36 3594 33 3595 36 3596 33 3597 36 3598 21 3599 33 3600 36 3601 21 3602 33 3603 36 3604 21 3605 33 3606 36 3607 21 3608 33 3609 36 3610 33 3611 35 3612 36 3613 33 3614 35 3615 36 3616 33 3617 35 3618 36 3619 33 3620 35 3621 36 3622 21 3623 33 3624 36 3625 21 3626 33 3627 36 3628 21 3629 33 3630 36 3631 21 3632 33 3633 36 3634 33 3635 36 3636 33 3637 36 3638 21 3639 33 3640 36 3641 21 3642 33 3643 36 3644 21 3645 33 3646 36 3647 33 3648 35 3649 36 3650 33 3651 36 3652 33 3653 35 3654 36 3655 21 3656 33 3657 36 3658 33 3659 35 3660 21 3661 33 3662 36 3663 21 3664 33 3665 36 3666 33 3667 35 3668 36 3669 33 3670 35 3671 36 3672 33 3673 35 3674 36 3675 33 3676 36 3677 33 3678 35 3679 36 3680 33 3681 35 3682 36 3683 33 3684 35 3685 36 3686 33 3687 35 3688 36 3689 33 3690 35 3691 36 3692 33 3693 35 3694 36 3695 29 3696 33 3697 36 3698 33 3699 36 3700 33 3701 36 3702 29 3703 33 3704 36 3705 33 3706 36 3707 29 3708 33 3709 36 3710 33 3711 35 3712 36 3713 33 3714 35 3715 36 3716 33 3717 35 3718 36 3719 33 3720 35 3721 33 3722 36 3723 29 3724 33 3725 36 3726 33 3727 36 3728 29 3729 33 3730 36 3731 33 3732 35 3733 29 3734 33 3735 36 3736 33 3737 36 3738 29 3739 33 3740 36 3741 33 3742 36 3743 29 3744 33 3745 36 3746 29 3747 33 3748 29 3749 33 3750 29 3751 33 3752 29 3753 33 3754 29 3755 33 3756 29 3757 33 3758 29 3759 33 3760 29 3761 33 3762 29 3763 33 3764 29 3765 33 3766 29 3767 33 3768 29 3769 33 3770 29 3771 33 3772 29 3773 30 3774 29 3775 30 3776 30 0 30 0 29 0 29 0 29 0 30 0 30 0 29 3777 30 3778 29 3779 30 3780 30 0 29 3781 30 3782 29 0 29 0 30 0 30 0 30 0 30 0 30 0 30 0 30 0 30 0 30 0 30 0 25 3783 30 3784 25 3785 30 3786 22 3787 30 3788 22 3789 30 3790 22 3791 30 3792 22 3793 24 3794 30 3795 22 3796 24 3797 30 3798 22 3799 23 3800 30 3801 22 3802 23 3803 30 3804 22 3805 24 3806 30 3807 22 3808 30 3809 22 3810 30 3811 22 3812 30 3813 22 3814 23 3815 30 3816 22 3817 23 3818 30 3819 22 3820 23 3821 22 3822 30 3823 22 3824 23 3825 22 3826 30 3827 22 3828 24 3829 30 3830 22 3831 23 3832 30 3833 24 3834 25 3835 27 3836 24 3837 30 3838 25 3839 30 3840 25 3841 27 3842 30 3843 25 3844 30 3845 25 3846 27 3847 30 3848 25 3849 30 3850 25 3851 27 3852 30 3853 24 3854 25 3855 27 3856 24 3857 30 3858 24 3859 25 3860 26 3861 24 3862 25 3863 27 3864 24 3865 25 3866 27 3867 24 3868 26 3869 27 3870 25 3871 27 3872 30 3873 24 3874 25 3875 27 3876 24 3877 26 3878 27 3879 24 3880 26 3881 27 3882 24 3883 26 3884 27 3885 24 3886 25 3887 27 3888 24 3889 25 3890 27 3891 24 3892 25 3893 27 3894 22 3895 23 3896 30 3897 22 3898 23 3899 30 3900 22 3901 23 3902 22 3903 23 3904 22 3905 23 3906 22 3907 23 3908 22 3909 23 3910 30 3911 16 3912 34 3913 35 3914 16 3915 34 3916 35 3917 16 3918 34 3919 35 3920 16 3921 31 3922 34 3923 12 3924 16 3925 31 3926 16 3927 31 3928 34 3929 16 3930 31 3931 34 3932 16 3933 31 3934 34 3935 12 3936 16 3937 31 3938 12 3939 16 3940 31 3941 16 3942 20 3943 31 3944 16 3945 31 3946 34 3947 31 3948 40 3949 41 3950 16 3951 20 3952 31 3953 16 3954 20 3955 31 3956 12 3957 20 3958 31 3959 12 3960 20 3961 31 3962 31 0 20 3963 31 3964 20 3965 31 3966 20 3967 31 3968 20 3969 31 3970 20 3971 31 3972 1 3973 20 3974 31 3975 20 3976 31 3977 20 3978 31 3979 20 3980 31 3981 1 3982 20 3983 20 0 20 0 20 0 1 3984 20 3985 1 3986 20 3987 28 3988 20 0 20 0 1 3989 20 3990 28 0 28 0 28 0 28 0 28 0 28 0 28 0 28 0 28 0 28 0 28 0 28 0 28 0 28 0 32 0 32 0 33 3991 35 3992 36 3993 33 3994 35 3995 36 3996 30 0 33 3997 35 3998 36 3999 33 4000 36 4001 33 4002 36 4003 28 0 28 0 28 0 28 0 32 0 32 0 32 0 28 4004 32 4005 28 4006 32 4007 28 0 28 0 24 4008 26 4009 27 4010 24 4011 26 4012 27 4013 24 4014 25 4015 27 4016 24 4017 25 4018 27 4019 24 4020 25 4021 27 4022 24 4023 30 4024 24 4025 26 4026 27 4027 24 4028 26 4029 27 4030 24 4031 30 4032 24 4033 30 4034 24 4035 26 4036 27 4037 24 4038 25 4039 27 4040 24 4041 26 4042 27 4043 24 4044 26 4045 27 4046 24 4047 25 4048 30 4049 24 4050 26 4051 27 4052 24 4053 30 4054 24 4055 25 4056 27 4057 33 4058 35 4059 36 4060 0 4061 47 4062 48 4063 0 4064 54 4065 56 4066 0 4067 52 4068 56 4069 0 4070 52 4071 56 4072 0 4073 52 4074 56 4075 0 4076 52 4077 56 4078 0 4079 52 4080 56 4081 0 4082 17 4083 52 4084 0 4085 48 4086 50 4087 0 4088 48 4089 50 4090 0 4091 48 4092 56 4093 0 4094 54 4095 56 4096 0 4097 54 4098 56 4099 0 4100 54 4101 56 4102 0 4103 54 4104 56 4105 0 4106 54 4107 56 4108 0 0 0 4109 44 4110 54 4111 0 4112 44 4113 54 4114 0 4115 63 4116 0 4117 63 4118 0 4119 63 4120 0 4121 63 4122 0 4123 44 4124 0 4125 44 4126 0 4127 44 4128 62 4129 0 4130 63 4131 0 4132 63 4133 0 4134 44 4135 62 4136 0 4137 62 4138 65 4139 0 4140 44 4141 57 4142 0 4143 44 4144 54 4145 60 4146 62 4147 60 4148 62 4149 0 4150 60 4151 62 4152 0 4153 15 4154 57 4155 0 4156 15 4157 57 4158 0 4159 15 4160 57 4161 0 4162 62 4163 0 4164 60 4165 62 4166 0 4167 15 4168 57 4169 0 4170 44 4171 0 4172 15 4173 57 4174 0 4175 15 4176 17 4177 0 4178 44 4179 52 4180 0 4181 52 4182 0 4183 15 4184 57 4185 0 4186 15 4187 17 4188 0 4189 48 4190 50 4191 0 4192 48 4193 56 4194 0 4195 48 4196 56 4197 0 4198 48 4199 50 4200 0 4201 54 4202 56 4203 0 4204 54 4205 56 4206 0 4207 54 4208 56 4209 0 4210 54 4211 56 4212 0 4213 54 4214 56 4215 0 4216 54 4217 56 4218 0 4219 48 4220 56 4221 0 4222 48 4223 56 4224 0 4225 48 4226 56 4227 0 4228 54 4229 56 4230 0 4231 54 4232 56 4233 0 4234 44 4235 54 4236 54 0 0 4237 54 4238 56 4239 0 4240 44 4241 54 4242 0 4243 54 4244 56 4245 0 4246 54 4247 56 4248 0 4249 54 4250 56 4251 0 4252 52 4253 56 4254 0 4255 52 4256 56 4257 0 4258 52 4259 56 4260 0 4261 52 4262 56 4263 0 4264 50 4265 56 4266 0 4267 50 4268 56 4269 0 4270 50 4271 52 4272 0 4273 52 4274 56 4275 0 4276 48 4277 50 4278 0 4279 50 4280 52 4281 0 4282 48 4283 50 4284 0 0 0 4285 63 4286 65 4287 0 4288 63 4289 65 4290 63 4291 65 4292 62 4293 65 4294 0 4295 44 4296 57 4297 0 4298 44 4299 62 4300 57 4301 58 4302 60 4303 57 4304 58 4305 60 4306 62 4307 65 4308 0 4309 57 4310 62 4311 57 4312 58 4313 60 4314 57 4315 60 4316 62 4317 57 4318 58 4319 60 4320 57 4321 60 4322 62 4323 57 4324 58 4325 60 4326 0 4327 57 4328 0 4329 57 4330 62 4331 0 4332 57 4333 0 4334 57 4335 62 4336 0 4337 57 4338 0 4339 44 4340 57 4341 0 4342 15 4343 57 4344 0 4345 15 4346 57 4347 0 4348 48 4349 50 4350 0 4351 54 4352 56 4353 0 4354 54 4355 56 4356 0 4357 54 4358 56 4359 0 4360 54 4361 56 4362 0 4363 54 4364 56 4365 0 4366 54 4367 56 4368 0 4369 54 4370 56 4371 54 0 0 4372 54 4373 56 4374 0 4375 54 4376 56 4377 0 4378 54 4379 56 4380 0 4381 54 4382 56 4383 0 4384 47 4385 48 4386 0 4387 48 4388 0 4389 50 4390 52 4391 0 4392 48 4393 50 4394 0 0 0 0 0 0 0 0 0 0 0 0 0 0 0 0 0 0 0 0 0 0 0 0 0 0 0 0 0 0 0 4395 17 4396 0 4397 17 4398 0 4399 17 4400 0 4401 17 4402 0 0 0 0 0 0 0 0 0 4403 17 4404 0 4405 17 4406 0 4407 17 4408 0 4409 17 4410 0 4411 17 4412 0 4413 17 4414 0 4415 17 4416 0 4417 17 4418 52 4419 0 4420 17 4421 52 4422 0 4423 17 4424 52 4425 0 4426 17 4427 0 0 0 0 0 0 0 4428 17 4429 0 4430 17 4431 0 4432 17 4433 0 4434 17 4435 0 4436 17 4437 0 4438 17 4439 0 4440 17 4441 0 4442 17 4443 0 4444 17 4445 0 4446 17 4447 0 4448 17 4449 0 4450 17 4451 18 4452 0 4453 17 4454 0 4455 17 4456 18 4457 0 4458 17 4459 18 4460 0 4461 17 4462 18 4463 0 4464 17 4465 18 4466 0 4467 17 4468 18 4469 0 4470 17 4471 18 4472 0 4473 17 4474 18 4475 0 4476 17 4477 18 4478 0 4479 17 4480 18 4481 0 4482 17 4483 18 4484 0 4485 17 4486 18 4487 0 4488 17 4489 36 4490 0 4491 17 4492 0 4493 17 4494 18 4495 0 4496 17 4497 0 4498 17 4499 18 4500 0 4501 17 4502 18 4503 17 4504 18 4505 19 4506 0 4507 17 4508 18 4509 0 4510 17 4511 18 4512 0 4513 17 4514 18 4515 17 4516 18 4517 19 4518 17 4519 18 4520 19 4521 17 4522 18 4523 19 4524 17 4525 18 4526 19 4527 17 4528 18 4529 19 4530 19 0 19 0 19 0 19 0 19 0 0 4531 17 4532 52 4533 0 4534 44 4535 52 4536 0 4537 17 4538 52 4539 0 4540 17 4541 0 4542 17 4543 36 4544 0 4545 15 4546 57 4547 0 4548 44 4549 21 4550 36 4551 0 4552 15 4553 17 4554 0 4555 15 4556 57 4557 21 4558 36 4559 0 4560 15 4561 17 4562 21 4563 36 4564 0 4565 17 4566 36 4567 0 4568 17 4569 18 4570 0 4571 17 4572 36 4573 0 4574 17 4575 36 4576 0 4577 48 4578 50 4579 0 4580 47 4581 48 4582 0 4583 48 4584 50 4585 0 4586 47 4587 48 4588 0 4589 47 4590 48 4591 0 0 0 4592 50 4593 52 4594 0 4595 17 4596 0 4597 17 4598 0 4599 52 4600 56 4601 0 0 0 0 0 0 0 0 0 0 0 0 0 0 0 0 0 4602 17 4603 0 4604 17 4605 0 4606 17 4607 0 4608 17 4609 0 4610 48 4611 50 4612 0 4613 17 4614 0 4615 17 4616 0 4617 17 4618 18 4619 0 4620 17 4621 18 4622 0 4623 17 4624 18 4625 0 4626 17 4627 18 4628 0 4629 17 4630 18 4631 0 4632 17 4633 18 4634 0 4635 17 4636 18 4637 0 4638 17 4639 18 4640 0 4641 17 4642 18 4643 17 4644 18 4645 19 4646 17 4647 18 4648 19 4649 17 4650 18 4651 19 4652 17 4653 18 4654 19 4655 18 4656 19 4657 17 4658 18 4659 19 4660 18 4661 19 4662 18 4663 19 4664 18 4665 19 4666 18 4667 19 4668 18 4669 19 4670 18 4671 19 4672 18 4673 19 4674 18 4675 19 4676 18 4677 19 4678 18 4679 19 4680 18 4681 19 4682 18 4683 19 4684 18 4685 19 4686 18 4687 19 4688 18 4689 19 4690 18 4691 19 4692 18 4693 19 4694 18 4695 19 4696 18 4697 19 4698 18 4699 19 4700 19 0 19 0 19 0 0 4701 15 4702 17 4703 0 4704 15 4705 17 4706 0 4707 15 4708 17 4709 0 4710 15 4711 17 4712 0 4713 50 4714 52 4715 0 4716 52 4717 0 4718 44 4719 0 4720 60 4721 62 4722 60 4723 62 4724 0 4725 60 4726 62 4727 0 4728 60 4729 62 4730 63 4731 65 4732 0 4733 57 4734 62 4735 65 4736 0 4737 60 4738 62 4739 0 4740 57 4741 60 4742 57 4743 58 4744 60 4745 0 4746 57 4747 60 4748 0 4749 57 4750 62 4751 0 4752 57 4753 0 4754 57 4755 62 4756 0 4757 57 4758 60 4759 0 4760 57 4761 60 4762 0 4763 57 4764 60 4765 0 4766 54 4767 56 4768 0 4769 54 4770 56 4771 0 4772 54 4773 56 4774 0 4775 54 4776 56 4777 0 4778 54 4779 56 4780 0 4781 54 4782 56 4783 0 4784 54 4785 56 4786 0 4787 54 4788 56 4789 0 4790 52 4791 56 4792 0 4793 54 4794 56 4795 0 4796 54 4797 56 4798 0 4799 54 4800 56 4801 0 4802 54 4803 56 4804 0 4805 54 4806 56 4807 0 4808 48 4809 56 4810 0 4811 52 4812 56 4813 0 4814 52 4815 56 4816 0 4817 52 4818 56 4819 0 4820 52 4821 56 4822 46 0 46 0 46 0 46 0 46 0 46 0 46 0 46 0 46 0 46 0 46 0 46 0 46 0 46 0 46 0 46 0 46 0 46 0 46 0 46 0 46 0 46 0 46 0 46 0 46 0 46 0 46 0 46 0 46 0 46 0 46 0 46 4823 54 4824 46 0 46 0 46 0 46 0 46 0 46 0 46 0 46 0 46 0 46 0 46 0 46 0 46 0 46 0 46 0 46 0 46 0 46 0 46 0 46 0 46 0 46 0 46 0 46 0 46 0 46 0 46 0 46 0 46 0 46 0 46 0 46 0 46 0 46 0 46 0 33 4825 36 4826 29 4827 33 4828 66 0 66 0 66 0 66 0 66 0 67 0 67 0 67 0 67 0 67 0 30 0 29 4829 30 4830 29 0 29 0 29 4831 30 4832 30 0 29 0 29 4833 30 4834 29 0 30 0 29 4835 30 4836 29 0 29 0 29 0 29 0 29 0 29 0 29 0 29 0 29 0 29 0 29 0 29 0 20 4837 31 4838 40 4839 16 4840 20 4841 31 4842 16 4843 20 4844 31 4845 16 4846 20 4847 31 4848 21 4849 35 4850 36 4851 35 4852 36 4853 33 4854 35 4855 36 4856 33 4857 35 4858 36 4859 33 4860 35 4861 36 4862 33 4863 35 4864 36 4865 33 4866 35 4867 36 4868 35 4869 36 4870 16 4871 34 4872 35 4873 16 4874 34 4875 35 4876 16 4877 31 4878 34 4879 16 4880 31 4881 34 4882 16 4883 31 4884 34 4885 16 4886 31 4887 34 4888 16 4889 31 4890 34 4891 16 4892 31 4893 34 4894 16 4895 31 4896 34 4897 12 4898 16 4899 31 4900 12 4901 16 4902 31 4903 12 4904 16 4905 31 4906 16 4907 31 4908 34 4909 16 4910 20 4911 31 4912 16 4913 31 4914 40 4915 16 4916 34 4917 35 4918 16 4919 34 4920 35 4921 16 4922 34 4923 35 4924 16 4925 34 4926 35 4927 16 4928 34 4929 35 4930 16 4931 31 4932 34 4933 16 4934 34 4935 35 4936 16 4937 34 4938 35 4939 16 4940 31 4941 34 4942 16 4943 31 4944 34 4945 12 4946 16 4947 31 4948 16 4949 31 4950 34 4951 16 4952 20 4953 31 4954 12 4955 16 4956 31 4957 16 4958 20 4959 31 4960 20 4961 31 4962 40 4963 31 4964 40 4965 41 4966 20 4967 31 4968 40 4969 20 4970 31 4971 40 4972 16 4973 20 4974 31 4975 20 4976 31 4977 40 4978 31 4979 40 4980 41 4981 20 4982 41 4983 42 4984 31 4985 40 4986 41 4987 20 4988 31 4989 40 4990 20 4991 31 4992 41 4993 20 4994 31 4995 40 4996 20 4997 31 4998 40 4999 20 5000 41 5001 42 5002 20 5003 41 5004 42 5005 20 5006 41 5007 42 5008 20 5009 31 5010 42 5011 20 5012 31 5013 40 5014 16 5015 31 5016 34 5017 16 5018 31 5019 34 5020 16 5021 34 5022 35 5023 16 5024 31 5025 34 5026 16 5027 31 5028 34 5029 16 5030 31 5031 34 5032 16 5033 31 5034 34 5035 16 5036 31 5037 34 5038 12 5039 16 5040 31 5041 16 5042 31 5043 34 5044 16 5045 31 5046 34 5047 12 5048 16 5049 31 5050 12 5051 16 5052 31 5053 16 5054 20 5055 31 5056 16 5057 20 5058 31 5059 20 5060 31 5061 40 5062 31 5063 40 5064 41 5065 16 5066 20 5067 31 5068 20 5069 31 5070 40 5071 20 5072 41 5073 42 5074 31 5075 40 5076 41 5077 20 5078 31 5079 40 5080 31 5081 40 5082 41 5083 20 5084 31 5085 40 5086 20 5087 31 5088 41 5089 20 5090 31 5091 40 5092 20 5093 31 5094 40 5095 20 5096 41 5097 42 5098 20 5099 41 5100 42 5101 20 5102 41 5103 42 5104 20 5105 31 5106 42 5107 20 5108 31 5109 40 5110 16 5111 31 5112 34 5113 16 5114 34 5115 35 5116 16 5117 34 5118 35 5119 20 5120 31 5121 40 5122 31 5123 40 5124 41 5125 20 5126 31 5127 40 5128 31 5129 40 5130 41 5131 31 5132 40 5133 41 5134 38 5135 39 5136 41 5137 12 5138 38 5139 41 5140 12 5141 38 5142 41 5143 20 5144 31 5145 40 5146 31 5147 40 5148 41 5149 16 5150 34 5151 35 5152 16 5153 34 5154 35 5155 16 5156 31 5157 34 5158 16 5159 31 5160 34 5161 16 5162 31 5163 34 5164 16 5165 34 5166 35 5167 16 5168 34 5169 35 5170 16 5171 34 5172 35 5173 16 5174 31 5175 34 5176 16 5177 31 5178 34 5179 16 5180 31 5181 34 5182 28 0 28 0 20 5183 31 5184 20 5185 31 5186 28 0 20 5187 31 5188 28 0 28 0 20 5189 31 5190 20 5191 31 5192 28 0 20 5193 31 5194 28 0 20 5195 31 5196 28 0 20 5197 31 5198 28 0 20 5199 31 5200 28 0 20 5201 31 5202 1 5203 20 5204 28 5205 1 5206 20 5207 28 5208 1 5209 20 5210 28 5211 20 0 20 0 1 5212 20 5213 1 5214 20 5215 28 5216 20 0 20 0 20 0 20 0 1 5217 20 5218</v>
        </vertex_weights>
      </skin>
    </controller>
  </library_controllers>
  <library_lights>
    <light id="EnvironmentAmbientLight" name="EnvironmentAmbientLight">
      <technique_common>
        <ambient>
          <color>0 0 0</color>
        </ambient>
      </technique_common>
    </light>
  </library_lights>
  <library_images>
    <image id="jasmine_betrothal_diff_png">
      <init_from>./jasmine_betrothal_diff.png</init_from>
    </image>
  </library_images>
  <library_visual_scenes>
    <visual_scene id="MaxScene">
      <node name="EnvironmentAmbientLight">
        <instance_light url="#EnvironmentAmbientLight"/>
      </node>
      <node id="node-Bip001_Pelvis" name="Bip001_Pelvis" sid="joint16" type="JOINT">
        <translate>3.13667e-6 4.86898e-12 260.839</translate>
        <rotate>0.7071068 3.21721e-7 0.7071068 -179.9998</rotate>
        <scale>0.3937008 0.3937008 0.3937008</scale>
        <node id="node-Bip001_Spine" name="Bip001_Spine" sid="joint34" type="JOINT">
          <translate>71.85602 -0.0862141 9.3162e-5</translate>
          <rotate>0.005388472 0.001798542 -0.9999838 -0.04562595</rotate>
          <node id="node-Bip001_L_Thigh" name="Bip001_L_Thigh" sid="joint12" type="JOINT">
            <translate>-71.85596 0.1432869 62.48351</translate>
            <rotate>0.0268785 0.9996381 -0.001095868 -175.2173</rotate>
            <node id="node-Bip001_L_Calf" name="Bip001_L_Calf" sid="joint1" type="JOINT">
              <translate>262.3764 0 7.62939e-6</translate>
              <rotate>9.09059e-10 2.26439e-8 1 -9.502163</rotate>
              <node id="node-Bip001_L_Foot" name="Bip001_L_Foot" sid="joint9" type="JOINT">
                <translate>344.639 3.05176e-5 1.52588e-5</translate>
                <rotate>0.1917522 0.5961268 -0.7796563 -8.190958</rotate>
                <node id="node-Bip001_L_Toe0" name="Bip001_L_Toe0" sid="joint13" type="JOINT">
                  <translate>59.39874 70.21444 -1.52588e-5</translate>
                  <rotate>1.95577e-8 -1.95579e-8 -1 -90</rotate>
                  <extra>
                    <technique profile="OpenCOLLADA">
                      <cast_shadows sid="cast_shadows" type="bool">1</cast_shadows>
                      <receive_shadows sid="receive_shadows" type="bool">1</receive_shadows>
                      <primary_visibility sid="primary_visibility" type="bool">1</primary_visibility>
                      <secondary_visibility sid="secondary_visibility" type="bool">1</secondary_visibility>
                    </technique>
                  </extra>
                </node>
                <extra>
                  <technique profile="OpenCOLLADA">
                    <cast_shadows sid="cast_shadows" type="bool">1</cast_shadows>
                    <receive_shadows sid="receive_shadows" type="bool">1</receive_shadows>
                    <primary_visibility sid="primary_visibility" type="bool">1</primary_visibility>
                    <secondary_visibility sid="secondary_visibility" type="bool">1</secondary_visibility>
                  </technique>
                </extra>
              </node>
              <extra>
                <technique profile="OpenCOLLADA">
                  <cast_shadows sid="cast_shadows" type="bool">1</cast_shadows>
                  <receive_shadows sid="receive_shadows" type="bool">1</receive_shadows>
                  <primary_visibility sid="primary_visibility" type="bool">1</primary_visibility>
                  <secondary_visibility sid="secondary_visibility" type="bool">1</secondary_visibility>
                </technique>
              </extra>
            </node>
            <extra>
              <technique profile="OpenCOLLADA">
                <cast_shadows sid="cast_shadows" type="bool">1</cast_shadows>
                <receive_shadows sid="receive_shadows" type="bool">1</receive_shadows>
                <primary_visibility sid="primary_visibility" type="bool">1</primary_visibility>
                <secondary_visibility sid="secondary_visibility" type="bool">1</secondary_visibility>
              </technique>
            </extra>
          </node>
          <node id="node-Bip001_R_Thigh" name="Bip001_R_Thigh" sid="joint31" type="JOINT">
            <translate>-71.8559 0.1436359 -62.48351</translate>
            <rotate>0.02687838 0.9996381 0.001098725 -184.7827</rotate>
            <node id="node-Bip001_R_Calf" name="Bip001_R_Calf" sid="joint20" type="JOINT">
              <translate>262.3763 -3.8147e-6 0</translate>
              <rotate>-3.08597e-8 -1.13685e-7 1 -9.502186</rotate>
              <node id="node-Bip001_R_Foot" name="Bip001_R_Foot" sid="joint28" type="JOINT">
                <translate>344.6389 1.14441e-5 -3.05176e-5</translate>
                <rotate>-0.191751 -0.5961277 -0.7796558 -8.190963</rotate>
                <node id="node-Bip001_R_Toe0" name="Bip001_R_Toe0" sid="joint32" type="JOINT">
                  <translate>59.39871 70.21446 -3.05176e-5</translate>
                  <rotate>-4.08384e-8 -4.08387e-8 -1 -90</rotate>
                  <extra>
                    <technique profile="OpenCOLLADA">
                      <cast_shadows sid="cast_shadows" type="bool">1</cast_shadows>
                      <receive_shadows sid="receive_shadows" type="bool">1</receive_shadows>
                      <primary_visibility sid="primary_visibility" type="bool">1</primary_visibility>
                      <secondary_visibility sid="secondary_visibility" type="bool">1</secondary_visibility>
                    </technique>
                  </extra>
                </node>
                <extra>
                  <technique profile="OpenCOLLADA">
                    <cast_shadows sid="cast_shadows" type="bool">1</cast_shadows>
                    <receive_shadows sid="receive_shadows" type="bool">1</receive_shadows>
                    <primary_visibility sid="primary_visibility" type="bool">1</primary_visibility>
                    <secondary_visibility sid="secondary_visibility" type="bool">1</secondary_visibility>
                  </technique>
                </extra>
              </node>
              <extra>
                <technique profile="OpenCOLLADA">
                  <cast_shadows sid="cast_shadows" type="bool">1</cast_shadows>
                  <receive_shadows sid="receive_shadows" type="bool">1</receive_shadows>
                  <primary_visibility sid="primary_visibility" type="bool">1</primary_visibility>
                  <secondary_visibility sid="secondary_visibility" type="bool">1</secondary_visibility>
                </technique>
              </extra>
            </node>
            <extra>
              <technique profile="OpenCOLLADA">
                <cast_shadows sid="cast_shadows" type="bool">1</cast_shadows>
                <receive_shadows sid="receive_shadows" type="bool">1</receive_shadows>
                <primary_visibility sid="primary_visibility" type="bool">1</primary_visibility>
                <secondary_visibility sid="secondary_visibility" type="bool">1</secondary_visibility>
              </technique>
            </extra>
          </node>
          <node id="node-Bip001_Spine1" name="Bip001_Spine1" sid="joint35" type="JOINT">
            <translate>108.3049 -0.08624035 -4.81377e-7</translate>
            <node id="node-Bip001_Spine2" name="Bip001_Spine2" sid="joint36" type="JOINT">
              <translate>108.3047 -0.08624023 -7.13044e-7</translate>
              <node id="node-Bip001_Neck" name="Bip001_Neck" sid="joint15" type="JOINT">
                <translate>108.3048 -0.04292321 -8.44593e-7</translate>
                <node id="node-Bip001_Head" name="Bip001_Head" sid="joint0" type="JOINT">
                  <translate>81.07104 6.14446 1.00971e-5</translate>
                  <rotate>-4.45033e-9 -1.11798e-5 1 -0.04570763</rotate>
                  <node id="node-Bip001_Ponytail1" name="Bip001_Ponytail1" sid="joint17" type="JOINT">
                    <translate>16.55554 -108.5137 -4.34619e-4</translate>
                    <rotate>1.00845e-8 -2.87199e-6 1 -172.7116</rotate>
                    <node id="node-Bip001_Ponytail11" name="Bip001_Ponytail11" sid="joint18" type="JOINT">
                      <translate>178.7867 -0.1078186 6.08125e-6</translate>
                      <rotate>6.96396e-12 2.84512e-12 -1 -2.435063</rotate>
                      <node id="node-Bip001_Ponytail12" name="Bip001_Ponytail12" sid="joint19" type="JOINT">
                        <translate>135.4613 -0.1565247 -7.16571e-6</translate>
                        <rotate>1.08487e-12 4.06518e-12 -1 -2.435057</rotate>
                        <extra>
                          <technique profile="OpenCOLLADA">
                            <cast_shadows sid="cast_shadows" type="bool">1</cast_shadows>
                            <receive_shadows sid="receive_shadows" type="bool">1</receive_shadows>
                            <primary_visibility sid="primary_visibility" type="bool">1</primary_visibility>
                            <secondary_visibility sid="secondary_visibility" type="bool">1</secondary_visibility>
                          </technique>
                        </extra>
                      </node>
                      <extra>
                        <technique profile="OpenCOLLADA">
                          <cast_shadows sid="cast_shadows" type="bool">1</cast_shadows>
                          <receive_shadows sid="receive_shadows" type="bool">1</receive_shadows>
                          <primary_visibility sid="primary_visibility" type="bool">1</primary_visibility>
                          <secondary_visibility sid="secondary_visibility" type="bool">1</secondary_visibility>
                        </technique>
                      </extra>
                    </node>
                    <extra>
                      <technique profile="OpenCOLLADA">
                        <cast_shadows sid="cast_shadows" type="bool">1</cast_shadows>
                        <receive_shadows sid="receive_shadows" type="bool">1</receive_shadows>
                        <primary_visibility sid="primary_visibility" type="bool">1</primary_visibility>
                        <secondary_visibility sid="secondary_visibility" type="bool">1</secondary_visibility>
                      </technique>
                    </extra>
                  </node>
                  <node id="node-Bip001_cheek_L" name="Bip001_cheek_L" sid="joint43" type="JOINT">
                    <translate>34.75806 56.17175 44.33109</translate>
                    <rotate>-7.15826e-7 2.14463e-6 -1 -90.04573</rotate>
                    <extra>
                      <technique profile="OpenCOLLADA">
                        <cast_shadows sid="cast_shadows" type="bool">1</cast_shadows>
                        <receive_shadows sid="receive_shadows" type="bool">1</receive_shadows>
                        <primary_visibility sid="primary_visibility" type="bool">1</primary_visibility>
                        <secondary_visibility sid="secondary_visibility" type="bool">1</secondary_visibility>
                      </technique>
                    </extra>
                  </node>
                  <node id="node-Bip001_cheek_R" name="Bip001_cheek_R" sid="joint44" type="JOINT">
                    <translate>34.75806 56.17199 -44.33078</translate>
                    <rotate>7.13545e-7 3.57514e-6 -1 -90.04573</rotate>
                    <extra>
                      <technique profile="OpenCOLLADA">
                        <cast_shadows sid="cast_shadows" type="bool">1</cast_shadows>
                        <receive_shadows sid="receive_shadows" type="bool">1</receive_shadows>
                        <primary_visibility sid="primary_visibility" type="bool">1</primary_visibility>
                        <secondary_visibility sid="secondary_visibility" type="bool">1</secondary_visibility>
                      </technique>
                    </extra>
                  </node>
                  <node id="node-Bip001_eye_L" name="Bip001_eye_L" sid="joint45" type="JOINT">
                    <translate>71.72241 44.42081 34.65189</translate>
                    <rotate>2.8576e-6 5.7209e-6 -1 -90.04573</rotate>
                    <extra>
                      <technique profile="OpenCOLLADA">
                        <cast_shadows sid="cast_shadows" type="bool">1</cast_shadows>
                        <receive_shadows sid="receive_shadows" type="bool">1</receive_shadows>
                        <primary_visibility sid="primary_visibility" type="bool">1</primary_visibility>
                        <secondary_visibility sid="secondary_visibility" type="bool">1</secondary_visibility>
                      </technique>
                    </extra>
                  </node>
                  <node id="node-Bip001_eye_R" name="Bip001_eye_R" sid="joint46" type="JOINT">
                    <translate>71.56299 44.42099 -34.63325</translate>
                    <rotate>-0.00694897 0.006965819 -0.9999516 -90.04848</rotate>
                    <extra>
                      <technique profile="OpenCOLLADA">
                        <cast_shadows sid="cast_shadows" type="bool">1</cast_shadows>
                        <receive_shadows sid="receive_shadows" type="bool">1</receive_shadows>
                        <primary_visibility sid="primary_visibility" type="bool">1</primary_visibility>
                        <secondary_visibility sid="secondary_visibility" type="bool">1</secondary_visibility>
                      </technique>
                    </extra>
                  </node>
                  <node id="node-Bip001_eyebrow_1_L" name="Bip001_eyebrow_1_L" sid="joint47" type="JOINT">
                    <translate>107.6102 71.95216 17.96538</translate>
                    <rotate>-7.15826e-7 2.14463e-6 -1 -90.04573</rotate>
                    <extra>
                      <technique profile="OpenCOLLADA">
                        <cast_shadows sid="cast_shadows" type="bool">1</cast_shadows>
                        <receive_shadows sid="receive_shadows" type="bool">1</receive_shadows>
                        <primary_visibility sid="primary_visibility" type="bool">1</primary_visibility>
                        <secondary_visibility sid="secondary_visibility" type="bool">1</secondary_visibility>
                      </technique>
                    </extra>
                  </node>
                  <node id="node-Bip001_eyebrow_1_R" name="Bip001_eyebrow_1_R" sid="joint48" type="JOINT">
                    <translate>107.6104 71.95225 -17.96498</translate>
                    <rotate>7.13545e-7 3.57514e-6 -1 -90.04573</rotate>
                    <extra>
                      <technique profile="OpenCOLLADA">
                        <cast_shadows sid="cast_shadows" type="bool">1</cast_shadows>
                        <receive_shadows sid="receive_shadows" type="bool">1</receive_shadows>
                        <primary_visibility sid="primary_visibility" type="bool">1</primary_visibility>
                        <secondary_visibility sid="secondary_visibility" type="bool">1</secondary_visibility>
                      </technique>
                    </extra>
                  </node>
                  <node id="node-Bip001_eyebrow_2_L" name="Bip001_eyebrow_2_L" sid="joint49" type="JOINT">
                    <translate>115.9159 64.82519 43.14099</translate>
                    <rotate>-7.15826e-7 2.14463e-6 -1 -90.04573</rotate>
                    <extra>
                      <technique profile="OpenCOLLADA">
                        <cast_shadows sid="cast_shadows" type="bool">1</cast_shadows>
                        <receive_shadows sid="receive_shadows" type="bool">1</receive_shadows>
                        <primary_visibility sid="primary_visibility" type="bool">1</primary_visibility>
                        <secondary_visibility sid="secondary_visibility" type="bool">1</secondary_visibility>
                      </technique>
                    </extra>
                  </node>
                  <node id="node-Bip001_eyebrow_2_R" name="Bip001_eyebrow_2_R" sid="joint50" type="JOINT">
                    <translate>115.9158 64.82542 -43.14064</translate>
                    <rotate>7.13545e-7 3.57514e-6 -1 -90.04573</rotate>
                    <extra>
                      <technique profile="OpenCOLLADA">
                        <cast_shadows sid="cast_shadows" type="bool">1</cast_shadows>
                        <receive_shadows sid="receive_shadows" type="bool">1</receive_shadows>
                        <primary_visibility sid="primary_visibility" type="bool">1</primary_visibility>
                        <secondary_visibility sid="secondary_visibility" type="bool">1</secondary_visibility>
                      </technique>
                    </extra>
                  </node>
                  <node id="node-Bip001_eyebrow_3_L" name="Bip001_eyebrow_3_L" sid="joint51" type="JOINT">
                    <translate>106.7625 52.7699 61.42877</translate>
                    <rotate>-7.15826e-7 2.14463e-6 -1 -90.04573</rotate>
                    <extra>
                      <technique profile="OpenCOLLADA">
                        <cast_shadows sid="cast_shadows" type="bool">1</cast_shadows>
                        <receive_shadows sid="receive_shadows" type="bool">1</receive_shadows>
                        <primary_visibility sid="primary_visibility" type="bool">1</primary_visibility>
                        <secondary_visibility sid="secondary_visibility" type="bool">1</secondary_visibility>
                      </technique>
                    </extra>
                  </node>
                  <node id="node-Bip001_eyebrow_3_R" name="Bip001_eyebrow_3_R" sid="joint52" type="JOINT">
                    <translate>106.7622 52.77023 -61.42849</translate>
                    <rotate>7.13545e-7 3.57514e-6 -1 -90.04573</rotate>
                    <extra>
                      <technique profile="OpenCOLLADA">
                        <cast_shadows sid="cast_shadows" type="bool">1</cast_shadows>
                        <receive_shadows sid="receive_shadows" type="bool">1</receive_shadows>
                        <primary_visibility sid="primary_visibility" type="bool">1</primary_visibility>
                        <secondary_visibility sid="secondary_visibility" type="bool">1</secondary_visibility>
                      </technique>
                    </extra>
                  </node>
                  <node id="node-Bip001_eyelid_bot_L" name="Bip001_eyelid_bot_L" sid="joint53" type="JOINT">
                    <translate>71.50977 32.57853 31.11736</translate>
                    <rotate>-0.2181002 -0.02969319 -0.9754745 -111.724</rotate>
                    <extra>
                      <technique profile="OpenCOLLADA">
                        <cast_shadows sid="cast_shadows" type="bool">1</cast_shadows>
                        <receive_shadows sid="receive_shadows" type="bool">1</receive_shadows>
                        <primary_visibility sid="primary_visibility" type="bool">1</primary_visibility>
                        <secondary_visibility sid="secondary_visibility" type="bool">1</secondary_visibility>
                      </technique>
                    </extra>
                  </node>
                  <node id="node-Bip001_eyelid_bot_R" name="Bip001_eyelid_bot_R" sid="joint54" type="JOINT">
                    <translate>71.50989 32.57873 -31.11721</translate>
                    <rotate>0.2180999 0.02969897 -0.9754745 -111.724</rotate>
                    <extra>
                      <technique profile="OpenCOLLADA">
                        <cast_shadows sid="cast_shadows" type="bool">1</cast_shadows>
                        <receive_shadows sid="receive_shadows" type="bool">1</receive_shadows>
                        <primary_visibility sid="primary_visibility" type="bool">1</primary_visibility>
                        <secondary_visibility sid="secondary_visibility" type="bool">1</secondary_visibility>
                      </technique>
                    </extra>
                  </node>
                  <node id="node-Bip001_eyelid_top_L" name="Bip001_eyelid_top_L" sid="joint55" type="JOINT">
                    <translate>68.4978 30.78645 35.95687</translate>
                    <rotate>-0.2628981 -0.1673358 -0.9502017 -67.72706</rotate>
                    <extra>
                      <technique profile="OpenCOLLADA">
                        <cast_shadows sid="cast_shadows" type="bool">1</cast_shadows>
                        <receive_shadows sid="receive_shadows" type="bool">1</receive_shadows>
                        <primary_visibility sid="primary_visibility" type="bool">1</primary_visibility>
                        <secondary_visibility sid="secondary_visibility" type="bool">1</secondary_visibility>
                      </technique>
                    </extra>
                  </node>
                  <node id="node-Bip001_eyelid_top_R" name="Bip001_eyelid_top_R" sid="joint56" type="JOINT">
                    <translate>68.49768 30.7866 -35.95671</translate>
                    <rotate>0.2628983 0.1673409 -0.9502008 -67.72706</rotate>
                    <extra>
                      <technique profile="OpenCOLLADA">
                        <cast_shadows sid="cast_shadows" type="bool">1</cast_shadows>
                        <receive_shadows sid="receive_shadows" type="bool">1</receive_shadows>
                        <primary_visibility sid="primary_visibility" type="bool">1</primary_visibility>
                        <secondary_visibility sid="secondary_visibility" type="bool">1</secondary_visibility>
                      </technique>
                    </extra>
                  </node>
                  <node id="node-Bip001_jaw" name="Bip001_jaw" sid="joint57" type="JOINT">
                    <translate>3.853516 23.01582 -2.66036e-4</translate>
                    <rotate>-3.83047e-8 -2.82932e-6 1 -239.6605</rotate>
                    <node id="node-Bip001_lip_bot" name="Bip001_lip_bot" sid="joint58" type="JOINT">
                      <translate>59.57025 -26.02277 0.04257724</translate>
                      <rotate>2.92778e-6 -3.31003e-6 1 -29.99997</rotate>
                      <extra>
                        <technique profile="OpenCOLLADA">
                          <cast_shadows sid="cast_shadows" type="bool">1</cast_shadows>
                          <receive_shadows sid="receive_shadows" type="bool">1</receive_shadows>
                          <primary_visibility sid="primary_visibility" type="bool">1</primary_visibility>
                          <secondary_visibility sid="secondary_visibility" type="bool">1</secondary_visibility>
                        </technique>
                      </extra>
                    </node>
                    <node id="node-Bip001_lip_bot_L" name="Bip001_lip_bot_L" sid="joint59" type="JOINT">
                      <translate>55.99463 -26.47345 13.31784</translate>
                      <rotate>0.1865698 0.6940829 0.695299 -42.15068</rotate>
                      <extra>
                        <technique profile="OpenCOLLADA">
                          <cast_shadows sid="cast_shadows" type="bool">1</cast_shadows>
                          <receive_shadows sid="receive_shadows" type="bool">1</receive_shadows>
                          <primary_visibility sid="primary_visibility" type="bool">1</primary_visibility>
                          <secondary_visibility sid="secondary_visibility" type="bool">1</secondary_visibility>
                        </technique>
                      </extra>
                    </node>
                    <node id="node-Bip001_lip_bot_R" name="Bip001_lip_bot_R" sid="joint60" type="JOINT">
                      <translate>55.99481 -26.47321 -13.3173</translate>
                      <rotate>-0.1686438 -0.6273986 0.7602172 -38.83135</rotate>
                      <extra>
                        <technique profile="OpenCOLLADA">
                          <cast_shadows sid="cast_shadows" type="bool">1</cast_shadows>
                          <receive_shadows sid="receive_shadows" type="bool">1</receive_shadows>
                          <primary_visibility sid="primary_visibility" type="bool">1</primary_visibility>
                          <secondary_visibility sid="secondary_visibility" type="bool">1</secondary_visibility>
                        </technique>
                      </extra>
                    </node>
                    <node id="node-Bip001_tooth_bottom" name="Bip001_tooth_bottom" sid="joint66" type="JOINT">
                      <translate>39.83575 -18.45917 -5.70027e-4</translate>
                      <rotate>1.25718e-7 -2.7912e-6 1 -31.49414</rotate>
                      <extra>
                        <technique profile="OpenCOLLADA">
                          <cast_shadows sid="cast_shadows" type="bool">1</cast_shadows>
                          <receive_shadows sid="receive_shadows" type="bool">1</receive_shadows>
                          <primary_visibility sid="primary_visibility" type="bool">1</primary_visibility>
                          <secondary_visibility sid="secondary_visibility" type="bool">1</secondary_visibility>
                        </technique>
                      </extra>
                    </node>
                    <extra>
                      <technique profile="OpenCOLLADA">
                        <cast_shadows sid="cast_shadows" type="bool">1</cast_shadows>
                        <receive_shadows sid="receive_shadows" type="bool">1</receive_shadows>
                        <primary_visibility sid="primary_visibility" type="bool">1</primary_visibility>
                        <secondary_visibility sid="secondary_visibility" type="bool">1</secondary_visibility>
                      </technique>
                    </extra>
                  </node>
                  <node id="node-Bip001_lip_corner_L" name="Bip001_lip_corner_L" sid="joint61" type="JOINT">
                    <translate>3.585327 79.51421 23.52016</translate>
                    <rotate>-0.2187682 0.3192384 -0.9220777 -115.4238</rotate>
                    <extra>
                      <technique profile="OpenCOLLADA">
                        <cast_shadows sid="cast_shadows" type="bool">1</cast_shadows>
                        <receive_shadows sid="receive_shadows" type="bool">1</receive_shadows>
                        <primary_visibility sid="primary_visibility" type="bool">1</primary_visibility>
                        <secondary_visibility sid="secondary_visibility" type="bool">1</secondary_visibility>
                      </technique>
                    </extra>
                  </node>
                  <node id="node-Bip001_lip_corner_R" name="Bip001_lip_corner_R" sid="joint62" type="JOINT">
                    <translate>3.584106 79.51013 -23.53065</translate>
                    <rotate>0.2249978 -0.3293411 -0.9170117 -115.8682</rotate>
                    <extra>
                      <technique profile="OpenCOLLADA">
                        <cast_shadows sid="cast_shadows" type="bool">1</cast_shadows>
                        <receive_shadows sid="receive_shadows" type="bool">1</receive_shadows>
                        <primary_visibility sid="primary_visibility" type="bool">1</primary_visibility>
                        <secondary_visibility sid="secondary_visibility" type="bool">1</secondary_visibility>
                      </technique>
                    </extra>
                  </node>
                  <node id="node-Bip001_lip_top" name="Bip001_lip_top" sid="joint63" type="JOINT">
                    <translate>7.420776 90.51155 -0.0307005</translate>
                    <rotate>7.13545e-7 3.57514e-6 -1 -90.04573</rotate>
                    <extra>
                      <technique profile="OpenCOLLADA">
                        <cast_shadows sid="cast_shadows" type="bool">1</cast_shadows>
                        <receive_shadows sid="receive_shadows" type="bool">1</receive_shadows>
                        <primary_visibility sid="primary_visibility" type="bool">1</primary_visibility>
                        <secondary_visibility sid="secondary_visibility" type="bool">1</secondary_visibility>
                      </technique>
                    </extra>
                  </node>
                  <node id="node-Bip001_lip_top_L" name="Bip001_lip_top_L" sid="joint64" type="JOINT">
                    <translate>6.666992 90.21731 12.52005</translate>
                    <rotate>-0.2126849 0.2128553 -0.9536549 -92.76347</rotate>
                    <extra>
                      <technique profile="OpenCOLLADA">
                        <cast_shadows sid="cast_shadows" type="bool">1</cast_shadows>
                        <receive_shadows sid="receive_shadows" type="bool">1</receive_shadows>
                        <primary_visibility sid="primary_visibility" type="bool">1</primary_visibility>
                        <secondary_visibility sid="secondary_visibility" type="bool">1</secondary_visibility>
                      </technique>
                    </extra>
                  </node>
                  <node id="node-Bip001_lip_top_R" name="Bip001_lip_top_R" sid="joint65" type="JOINT">
                    <translate>6.66687 90.2174 -12.51954</translate>
                    <rotate>0.191168 -0.191316 -0.9627321 -92.22128</rotate>
                    <extra>
                      <technique profile="OpenCOLLADA">
                        <cast_shadows sid="cast_shadows" type="bool">1</cast_shadows>
                        <receive_shadows sid="receive_shadows" type="bool">1</receive_shadows>
                        <primary_visibility sid="primary_visibility" type="bool">1</primary_visibility>
                        <secondary_visibility sid="secondary_visibility" type="bool">1</secondary_visibility>
                      </technique>
                    </extra>
                  </node>
                  <node id="node-Bip001_tooth_up" name="Bip001_tooth_up" sid="joint67" type="JOINT">
                    <translate>5.738647 65.80784 0.001537368</translate>
                    <rotate>3.08994e-8 2.89192e-6 -1 -88.77566</rotate>
                    <extra>
                      <technique profile="OpenCOLLADA">
                        <cast_shadows sid="cast_shadows" type="bool">1</cast_shadows>
                        <receive_shadows sid="receive_shadows" type="bool">1</receive_shadows>
                        <primary_visibility sid="primary_visibility" type="bool">1</primary_visibility>
                        <secondary_visibility sid="secondary_visibility" type="bool">1</secondary_visibility>
                      </technique>
                    </extra>
                  </node>
                  <extra>
                    <technique profile="OpenCOLLADA">
                      <cast_shadows sid="cast_shadows" type="bool">1</cast_shadows>
                      <receive_shadows sid="receive_shadows" type="bool">1</receive_shadows>
                      <primary_visibility sid="primary_visibility" type="bool">1</primary_visibility>
                      <secondary_visibility sid="secondary_visibility" type="bool">1</secondary_visibility>
                    </technique>
                  </extra>
                </node>
                <node id="node-Bip001_L_Clavicle" name="Bip001_L_Clavicle" sid="joint2" type="JOINT">
                  <translate>-3.66211e-4 0.04286849 21.8692</translate>
                  <rotate>0.5795034 -2.31927e-4 0.8149698 -180.0371</rotate>
                  <node id="node-Bip001_L_UpperArm" name="Bip001_L_UpperArm" sid="joint14" type="JOINT">
                    <translate>81.22855 -1.22389e-5 1.83105e-4</translate>
                    <rotate>-0.2012538 -0.9624738 -0.182047 -26.72061</rotate>
                    <node id="node-Bip001_L_Forearm" name="Bip001_L_Forearm" sid="joint10" type="JOINT">
                      <translate>204.7176 1.52588e-5 0</translate>
                      <rotate>-1.54416e-7 -1.73571e-6 1 -10.91024</rotate>
                      <node id="node-Bip001_L_Hand" name="Bip001_L_Hand" sid="joint11" type="JOINT">
                        <translate>177.4176 -1.52588e-5 1.2207e-4</translate>
                        <rotate>0.9965638 -0.0304998 0.07700872 -90.29919</rotate>
                        <node id="node-Bip001_L_Finger0" name="Bip001_L_Finger0" sid="joint3" type="JOINT">
                          <translate>51.71686 0.5759277 -34.05194</translate>
                          <rotate>-0.91597 -0.3843577 0.1151872 -59.95447</rotate>
                          <node id="node-Bip001_L_Finger01" name="Bip001_L_Finger01" sid="joint4" type="JOINT">
                            <translate>39.04886 0 -1.2207e-4</translate>
                            <rotate>0.01444423 -0.2408492 -0.9704551 -7.072566</rotate>
                            <extra>
                              <technique profile="OpenCOLLADA">
                                <cast_shadows sid="cast_shadows" type="bool">1</cast_shadows>
                                <receive_shadows sid="receive_shadows" type="bool">1</receive_shadows>
                                <primary_visibility sid="primary_visibility" type="bool">1</primary_visibility>
                                <secondary_visibility sid="secondary_visibility" type="bool">1</secondary_visibility>
                              </technique>
                            </extra>
                          </node>
                          <extra>
                            <technique profile="OpenCOLLADA">
                              <cast_shadows sid="cast_shadows" type="bool">1</cast_shadows>
                              <receive_shadows sid="receive_shadows" type="bool">1</receive_shadows>
                              <primary_visibility sid="primary_visibility" type="bool">1</primary_visibility>
                              <secondary_visibility sid="secondary_visibility" type="bool">1</secondary_visibility>
                            </technique>
                          </extra>
                        </node>
                        <node id="node-Bip001_L_Finger1" name="Bip001_L_Finger1" sid="joint5" type="JOINT">
                          <translate>96.56891 -4.109741 -23.25154</translate>
                          <rotate>-0.01332857 -0.9569476 0.2899548 -7.886552</rotate>
                          <node id="node-Bip001_L_Finger11" name="Bip001_L_Finger11" sid="joint7" type="JOINT">
                            <translate>37.15228 2.44141e-4 -1.52588e-5</translate>
                            <rotate>-9.56364e-7 -1.09258e-7 -1 -13.84441</rotate>
                            <extra>
                              <technique profile="OpenCOLLADA">
                                <cast_shadows sid="cast_shadows" type="bool">1</cast_shadows>
                                <receive_shadows sid="receive_shadows" type="bool">1</receive_shadows>
                                <primary_visibility sid="primary_visibility" type="bool">1</primary_visibility>
                                <secondary_visibility sid="secondary_visibility" type="bool">1</secondary_visibility>
                              </technique>
                            </extra>
                          </node>
                          <extra>
                            <technique profile="OpenCOLLADA">
                              <cast_shadows sid="cast_shadows" type="bool">1</cast_shadows>
                              <receive_shadows sid="receive_shadows" type="bool">1</receive_shadows>
                              <primary_visibility sid="primary_visibility" type="bool">1</primary_visibility>
                              <secondary_visibility sid="secondary_visibility" type="bool">1</secondary_visibility>
                            </technique>
                          </extra>
                        </node>
                        <node id="node-Bip001_L_Finger2" name="Bip001_L_Finger2" sid="joint6" type="JOINT">
                          <translate>96.77142 0.005432129 6.665817</translate>
                          <rotate>0.9924479 -0.01971325 0.1210724 -18.72642</rotate>
                          <node id="node-Bip001_L_Finger21" name="Bip001_L_Finger21" sid="joint8" type="JOINT">
                            <translate>34.83231 0 1.52588e-5</translate>
                            <rotate>-0.2295476 -0.04058481 -0.9724509 -20.60967</rotate>
                            <extra>
                              <technique profile="OpenCOLLADA">
                                <cast_shadows sid="cast_shadows" type="bool">1</cast_shadows>
                                <receive_shadows sid="receive_shadows" type="bool">1</receive_shadows>
                                <primary_visibility sid="primary_visibility" type="bool">1</primary_visibility>
                                <secondary_visibility sid="secondary_visibility" type="bool">1</secondary_visibility>
                              </technique>
                            </extra>
                          </node>
                          <extra>
                            <technique profile="OpenCOLLADA">
                              <cast_shadows sid="cast_shadows" type="bool">1</cast_shadows>
                              <receive_shadows sid="receive_shadows" type="bool">1</receive_shadows>
                              <primary_visibility sid="primary_visibility" type="bool">1</primary_visibility>
                              <secondary_visibility sid="secondary_visibility" type="bool">1</secondary_visibility>
                            </technique>
                          </extra>
                        </node>
                        <extra>
                          <technique profile="OpenCOLLADA">
                            <cast_shadows sid="cast_shadows" type="bool">1</cast_shadows>
                            <receive_shadows sid="receive_shadows" type="bool">1</receive_shadows>
                            <primary_visibility sid="primary_visibility" type="bool">1</primary_visibility>
                            <secondary_visibility sid="secondary_visibility" type="bool">1</secondary_visibility>
                          </technique>
                        </extra>
                      </node>
                      <extra>
                        <technique profile="OpenCOLLADA">
                          <cast_shadows sid="cast_shadows" type="bool">1</cast_shadows>
                          <receive_shadows sid="receive_shadows" type="bool">1</receive_shadows>
                          <primary_visibility sid="primary_visibility" type="bool">1</primary_visibility>
                          <secondary_visibility sid="secondary_visibility" type="bool">1</secondary_visibility>
                        </technique>
                      </extra>
                    </node>
                    <extra>
                      <technique profile="OpenCOLLADA">
                        <cast_shadows sid="cast_shadows" type="bool">1</cast_shadows>
                        <receive_shadows sid="receive_shadows" type="bool">1</receive_shadows>
                        <primary_visibility sid="primary_visibility" type="bool">1</primary_visibility>
                        <secondary_visibility sid="secondary_visibility" type="bool">1</secondary_visibility>
                      </technique>
                    </extra>
                  </node>
                  <extra>
                    <technique profile="OpenCOLLADA">
                      <cast_shadows sid="cast_shadows" type="bool">1</cast_shadows>
                      <receive_shadows sid="receive_shadows" type="bool">1</receive_shadows>
                      <primary_visibility sid="primary_visibility" type="bool">1</primary_visibility>
                      <secondary_visibility sid="secondary_visibility" type="bool">1</secondary_visibility>
                    </technique>
                  </extra>
                </node>
                <node id="node-Bip001_R_Clavicle" name="Bip001_R_Clavicle" sid="joint21" type="JOINT">
                  <translate>0 0.04298931 -21.86924</translate>
                  <rotate>-0.5795033 2.29561e-4 0.8149699 -180.0373</rotate>
                  <node id="node-Bip001_R_UpperArm" name="Bip001_R_UpperArm" sid="joint33" type="JOINT">
                    <translate>81.22855 -1.1961e-5 6.10352e-5</translate>
                    <rotate>0.2012541 0.9624737 -0.1820472 -26.72058</rotate>
                    <node id="node-Bip001_R_Forearm" name="Bip001_R_Forearm" sid="joint29" type="JOINT">
                      <translate>204.7177 1.52588e-5 0</translate>
                      <rotate>1.02398e-7 2.3531e-6 1 -10.91024</rotate>
                      <node id="node-Bip001_R_Hand" name="Bip001_R_Hand" sid="joint30" type="JOINT">
                        <translate>177.4175 7.62939e-6 2.44141e-4</translate>
                        <rotate>-0.9965638 0.03049977 0.07700873 -90.29919</rotate>
                        <node id="node-Bip001_R_Finger0" name="Bip001_R_Finger0" sid="joint22" type="JOINT">
                          <translate>51.7168 0.5760498 34.05196</translate>
                          <rotate>0.91597 0.3843578 0.115187 -59.95448</rotate>
                          <node id="node-Bip001_R_Finger01" name="Bip001_R_Finger01" sid="joint23" type="JOINT">
                            <translate>39.04897 1.2207e-4 1.2207e-4</translate>
                            <rotate>-0.01444758 0.24085 -0.9704548 -7.072581</rotate>
                            <extra>
                              <technique profile="OpenCOLLADA">
                                <cast_shadows sid="cast_shadows" type="bool">1</cast_shadows>
                                <receive_shadows sid="receive_shadows" type="bool">1</receive_shadows>
                                <primary_visibility sid="primary_visibility" type="bool">1</primary_visibility>
                                <secondary_visibility sid="secondary_visibility" type="bool">1</secondary_visibility>
                              </technique>
                            </extra>
                          </node>
                          <extra>
                            <technique profile="OpenCOLLADA">
                              <cast_shadows sid="cast_shadows" type="bool">1</cast_shadows>
                              <receive_shadows sid="receive_shadows" type="bool">1</receive_shadows>
                              <primary_visibility sid="primary_visibility" type="bool">1</primary_visibility>
                              <secondary_visibility sid="secondary_visibility" type="bool">1</secondary_visibility>
                            </technique>
                          </extra>
                        </node>
                        <node id="node-Bip001_R_Finger1" name="Bip001_R_Finger1" sid="joint24" type="JOINT">
                          <translate>96.56897 -4.109558 23.25152</translate>
                          <rotate>0.01332891 0.9569484 0.289952 -7.886526</rotate>
                          <node id="node-Bip001_R_Finger11" name="Bip001_R_Finger11" sid="joint26" type="JOINT">
                            <translate>37.15234 0 -3.05176e-5</translate>
                            <rotate>2.1959e-6 -1.28228e-6 -1 -13.84438</rotate>
                            <extra>
                              <technique profile="OpenCOLLADA">
                                <cast_shadows sid="cast_shadows" type="bool">1</cast_shadows>
                                <receive_shadows sid="receive_shadows" type="bool">1</receive_shadows>
                                <primary_visibility sid="primary_visibility" type="bool">1</primary_visibility>
                                <secondary_visibility sid="secondary_visibility" type="bool">1</secondary_visibility>
                              </technique>
                            </extra>
                          </node>
                          <extra>
                            <technique profile="OpenCOLLADA">
                              <cast_shadows sid="cast_shadows" type="bool">1</cast_shadows>
                              <receive_shadows sid="receive_shadows" type="bool">1</receive_shadows>
                              <primary_visibility sid="primary_visibility" type="bool">1</primary_visibility>
                              <secondary_visibility sid="secondary_visibility" type="bool">1</secondary_visibility>
                            </technique>
                          </extra>
                        </node>
                        <node id="node-Bip001_R_Finger2" name="Bip001_R_Finger2" sid="joint25" type="JOINT">
                          <translate>96.77148 0.005432129 -6.665833</translate>
                          <rotate>-0.9924481 0.01971319 0.1210711 -18.72641</rotate>
                          <node id="node-Bip001_R_Finger21" name="Bip001_R_Finger21" sid="joint27" type="JOINT">
                            <translate>34.83221 1.2207e-4 -3.05176e-5</translate>
                            <rotate>0.2295474 0.04058373 -0.972451 -20.60968</rotate>
                            <extra>
                              <technique profile="OpenCOLLADA">
                                <cast_shadows sid="cast_shadows" type="bool">1</cast_shadows>
                                <receive_shadows sid="receive_shadows" type="bool">1</receive_shadows>
                                <primary_visibility sid="primary_visibility" type="bool">1</primary_visibility>
                                <secondary_visibility sid="secondary_visibility" type="bool">1</secondary_visibility>
                              </technique>
                            </extra>
                          </node>
                          <extra>
                            <technique profile="OpenCOLLADA">
                              <cast_shadows sid="cast_shadows" type="bool">1</cast_shadows>
                              <receive_shadows sid="receive_shadows" type="bool">1</receive_shadows>
                              <primary_visibility sid="primary_visibility" type="bool">1</primary_visibility>
                              <secondary_visibility sid="secondary_visibility" type="bool">1</secondary_visibility>
                            </technique>
                          </extra>
                        </node>
                        <extra>
                          <technique profile="OpenCOLLADA">
                            <cast_shadows sid="cast_shadows" type="bool">1</cast_shadows>
                            <receive_shadows sid="receive_shadows" type="bool">1</receive_shadows>
                            <primary_visibility sid="primary_visibility" type="bool">1</primary_visibility>
                            <secondary_visibility sid="secondary_visibility" type="bool">1</secondary_visibility>
                          </technique>
                        </extra>
                      </node>
                      <extra>
                        <technique profile="OpenCOLLADA">
                          <cast_shadows sid="cast_shadows" type="bool">1</cast_shadows>
                          <receive_shadows sid="receive_shadows" type="bool">1</receive_shadows>
                          <primary_visibility sid="primary_visibility" type="bool">1</primary_visibility>
                          <secondary_visibility sid="secondary_visibility" type="bool">1</secondary_visibility>
                        </technique>
                      </extra>
                    </node>
                    <extra>
                      <technique profile="OpenCOLLADA">
                        <cast_shadows sid="cast_shadows" type="bool">1</cast_shadows>
                        <receive_shadows sid="receive_shadows" type="bool">1</receive_shadows>
                        <primary_visibility sid="primary_visibility" type="bool">1</primary_visibility>
                        <secondary_visibility sid="secondary_visibility" type="bool">1</secondary_visibility>
                      </technique>
                    </extra>
                  </node>
                  <extra>
                    <technique profile="OpenCOLLADA">
                      <cast_shadows sid="cast_shadows" type="bool">1</cast_shadows>
                      <receive_shadows sid="receive_shadows" type="bool">1</receive_shadows>
                      <primary_visibility sid="primary_visibility" type="bool">1</primary_visibility>
                      <secondary_visibility sid="secondary_visibility" type="bool">1</secondary_visibility>
                    </technique>
                  </extra>
                </node>
                <extra>
                  <technique profile="OpenCOLLADA">
                    <cast_shadows sid="cast_shadows" type="bool">1</cast_shadows>
                    <receive_shadows sid="receive_shadows" type="bool">1</receive_shadows>
                    <primary_visibility sid="primary_visibility" type="bool">1</primary_visibility>
                    <secondary_visibility sid="secondary_visibility" type="bool">1</secondary_visibility>
                  </technique>
                </extra>
              </node>
              <extra>
                <technique profile="OpenCOLLADA">
                  <cast_shadows sid="cast_shadows" type="bool">1</cast_shadows>
                  <receive_shadows sid="receive_shadows" type="bool">1</receive_shadows>
                  <primary_visibility sid="primary_visibility" type="bool">1</primary_visibility>
                  <secondary_visibility sid="secondary_visibility" type="bool">1</secondary_visibility>
                </technique>
              </extra>
            </node>
            <extra>
              <technique profile="OpenCOLLADA">
                <cast_shadows sid="cast_shadows" type="bool">1</cast_shadows>
                <receive_shadows sid="receive_shadows" type="bool">1</receive_shadows>
                <primary_visibility sid="primary_visibility" type="bool">1</primary_visibility>
                <secondary_visibility sid="secondary_visibility" type="bool">1</secondary_visibility>
              </technique>
            </extra>
          </node>
          <extra>
            <technique profile="OpenCOLLADA">
              <cast_shadows sid="cast_shadows" type="bool">1</cast_shadows>
              <receive_shadows sid="receive_shadows" type="bool">1</receive_shadows>
              <primary_visibility sid="primary_visibility" type="bool">1</primary_visibility>
              <secondary_visibility sid="secondary_visibility" type="bool">1</secondary_visibility>
            </technique>
          </extra>
        </node>
        <node id="node-Bip001_xskirt_L" name="Bip001_xskirt_L" sid="joint37" type="JOINT">
          <translate>-53.76678 -87.90703 61.88079</translate>
          <rotate>0.00118045 0.07623238 0.9970894 -178.3113</rotate>
          <node id="node-Bip001_xskirt_L02" name="Bip001_xskirt_L02" sid="joint38" type="JOINT">
            <translate>114.7339 -0.1004486 -7.62939e-6</translate>
            <node id="node-Bip001_xskirt_L03" name="Bip001_xskirt_L03" sid="joint39" type="JOINT">
              <translate>126.1435 -0.07706451 0</translate>
              <extra>
                <technique profile="OpenCOLLADA">
                  <cast_shadows sid="cast_shadows" type="bool">1</cast_shadows>
                  <receive_shadows sid="receive_shadows" type="bool">1</receive_shadows>
                  <primary_visibility sid="primary_visibility" type="bool">1</primary_visibility>
                  <secondary_visibility sid="secondary_visibility" type="bool">1</secondary_visibility>
                </technique>
              </extra>
            </node>
            <extra>
              <technique profile="OpenCOLLADA">
                <cast_shadows sid="cast_shadows" type="bool">1</cast_shadows>
                <receive_shadows sid="receive_shadows" type="bool">1</receive_shadows>
                <primary_visibility sid="primary_visibility" type="bool">1</primary_visibility>
                <secondary_visibility sid="secondary_visibility" type="bool">1</secondary_visibility>
              </technique>
            </extra>
          </node>
          <extra>
            <technique profile="OpenCOLLADA">
              <cast_shadows sid="cast_shadows" type="bool">1</cast_shadows>
              <receive_shadows sid="receive_shadows" type="bool">1</receive_shadows>
              <primary_visibility sid="primary_visibility" type="bool">1</primary_visibility>
              <secondary_visibility sid="secondary_visibility" type="bool">1</secondary_visibility>
            </technique>
          </extra>
        </node>
        <node id="node-Bip001_xskirt_R" name="Bip001_xskirt_R" sid="joint40" type="JOINT">
          <translate>-53.76666 -87.90723 -61.88063</translate>
          <rotate>-0.001180501 -0.0762349 0.9970892 -178.3113</rotate>
          <node id="node-Bip001_xskirt_R02" name="Bip001_xskirt_R02" sid="joint41" type="JOINT">
            <translate>114.7338 -0.1004639 -3.8147e-6</translate>
            <node id="node-Bip001_xskirt_R03" name="Bip001_xskirt_R03" sid="joint42" type="JOINT">
              <translate>126.1436 -0.07707214 -7.62939e-6</translate>
              <extra>
                <technique profile="OpenCOLLADA">
                  <cast_shadows sid="cast_shadows" type="bool">1</cast_shadows>
                  <receive_shadows sid="receive_shadows" type="bool">1</receive_shadows>
                  <primary_visibility sid="primary_visibility" type="bool">1</primary_visibility>
                  <secondary_visibility sid="secondary_visibility" type="bool">1</secondary_visibility>
                </technique>
              </extra>
            </node>
            <extra>
              <technique profile="OpenCOLLADA">
                <cast_shadows sid="cast_shadows" type="bool">1</cast_shadows>
                <receive_shadows sid="receive_shadows" type="bool">1</receive_shadows>
                <primary_visibility sid="primary_visibility" type="bool">1</primary_visibility>
                <secondary_visibility sid="secondary_visibility" type="bool">1</secondary_visibility>
              </technique>
            </extra>
          </node>
          <extra>
            <technique profile="OpenCOLLADA">
              <cast_shadows sid="cast_shadows" type="bool">1</cast_shadows>
              <receive_shadows sid="receive_shadows" type="bool">1</receive_shadows>
              <primary_visibility sid="primary_visibility" type="bool">1</primary_visibility>
              <secondary_visibility sid="secondary_visibility" type="bool">1</secondary_visibility>
            </technique>
          </extra>
        </node>
        <extra>
          <technique profile="OpenCOLLADA">
            <cast_shadows sid="cast_shadows" type="bool">1</cast_shadows>
            <receive_shadows sid="receive_shadows" type="bool">1</receive_shadows>
            <primary_visibility sid="primary_visibility" type="bool">1</primary_visibility>
            <secondary_visibility sid="secondary_visibility" type="bool">1</secondary_visibility>
          </technique>
        </extra>
      </node>
      <node id="node-jasmine_betrothal_lod0" name="jasmine_betrothal_lod0">
        <instance_controller url="#geom-jasmine_betrothal_lod0-skin1">
          <skeleton>#node-Bip001_Pelvis</skeleton>
          <bind_material>
            <technique_common>
              <instance_material symbol="jasmine_bethrothal_mat" target="#jasmine_bethrothal_mat-material">
                <bind_vertex_input semantic="CHANNEL1" input_semantic="TEXCOORD" input_set="0"/>
              </instance_material>
            </technique_common>
          </bind_material>
        </instance_controller>
        <extra>
          <technique profile="OpenCOLLADA">
            <cast_shadows sid="cast_shadows" type="bool">1</cast_shadows>
            <receive_shadows sid="receive_shadows" type="bool">1</receive_shadows>
            <primary_visibility sid="primary_visibility" type="bool">1</primary_visibility>
            <secondary_visibility sid="secondary_visibility" type="bool">1</secondary_visibility>
          </technique>
        </extra>
      </node>
    </visual_scene>
  </library_visual_scenes>
  <scene>
    <instance_visual_scene url="#MaxScene"/>
  </scene>
</COLLADA>