<?xml version="1.0" encoding="utf-8"?>
<COLLADA xmlns="http://www.collada.org/2005/11/COLLADASchema" version="1.4.1" xmlns:xsi="http://www.w3.org/2001/XMLSchema-instance">
  <asset>
    <contributor>
      <author>Centrixe</author>
      <authoring_tool>OpenCOLLADA for 3ds Max;  Version: 1.6;  Revision: 68</authoring_tool>
    </contributor>
    <created>2022-08-19T17:29:38</created>
    <modified>2022-08-19T17:29:38</modified>
    <unit name="inch" meter="0.0254"/>
    <up_axis>Z_UP</up_axis>
  </asset>
  <library_effects>
    <effect id="jasmine_mat">
      <profile_COMMON>
        <newparam sid="jasmine_diff_png-surface">
          <surface type="2D">
            <init_from>jasmine_diff_png</init_from>
          </surface>
        </newparam>
        <newparam sid="jasmine_diff_png-sampler">
          <sampler2D>
            <source>jasmine_diff_png-surface</source>
          </sampler2D>
        </newparam>
        <technique sid="common">
          <phong>
            <emission>
              <color>0 0 0 1</color>
            </emission>
            <ambient>
              <color>0.2 0.2 0.2 1</color>
            </ambient>
            <diffuse>
              <texture texture="jasmine_diff_png-sampler" texcoord="CHANNEL1"/>
            </diffuse>
            <specular>
              <color>0.2 0.2 0.2 1</color>
            </specular>
            <shininess>
              <float>43.21928</float>
            </shininess>
            <reflective>
              <color>0 0 0 1</color>
            </reflective>
            <transparent opaque="A_ONE">
              <color>1 1 1 1</color>
            </transparent>
            <transparency>
              <float>1</float>
            </transparency>
          </phong>
        </technique>
      </profile_COMMON>
      <extra>
        <technique profile="OpenCOLLADA3dsMax">
          <extended_shader>
            <opacity_type sid="opacity_type" type="int">0</opacity_type>
            <falloff_type sid="falloff_type" type="int">0</falloff_type>
            <falloff sid="falloff" type="float">0</falloff>
            <index_of_refraction sid="index_of_refraction" type="float">1.5</index_of_refraction>
            <wire_size sid="wire_size" type="float">1</wire_size>
            <wire_units sid="wire_units" type="int">0</wire_units>
            <apply_reflection_dimming sid="apply_reflection_dimming" type="bool">0</apply_reflection_dimming>
            <dim_level sid="dim_level" type="float">0</dim_level>
            <reflection_level sid="reflection_level" type="float">3</reflection_level>
          </extended_shader>
          <shader>
            <ambient_diffuse_texture_lock sid="ambient_diffuse_texture_lock" type="bool">1</ambient_diffuse_texture_lock>
            <ambient_diffuse_lock sid="ambient_diffuse_lock" type="bool">0</ambient_diffuse_lock>
            <diffuse_specular_lock sid="diffuse_specular_lock" type="bool">0</diffuse_specular_lock>
            <use_self_illum_color sid="use_self_illum_color" type="bool">0</use_self_illum_color>
            <self_illumination sid="self_illumination" type="float">0</self_illumination>
            <specular_level sid="specular_level" type="float">1</specular_level>
            <soften sid="soften" type="float">0.1</soften>
          </shader>
        </technique>
      </extra>
    </effect>
  </library_effects>
  <library_materials>
    <material id="jasmine_mat-material" name="jasmine_mat">
      <instance_effect url="#jasmine_mat"/>
    </material>
  </library_materials>
  <library_geometries>
    <geometry id="geom-jasmine_lod1" name="jasmine_lod1">
      <mesh>
        <source id="geom-jasmine_lod1-positions">
          <float_array id="geom-jasmine_lod1-positions-array" count="3672">8.6096e-4 -27.11975 1101.982 22.92893 -27.31533 1074.665 19.45294 -23.9543 1104.764 7.97913e-4 -33.14231 1064.013 32.91053 -36.42327 1069.012 22.92893 -27.31533 1074.665 21.829 -52.66558 1054.397 26.20779 -54.51345 1040.567 54.43024 -43.87994 1051.757 35.49443 -40.48569 1055.664 37.01505 -67.40214 1023.128 61.58452 -13.11261 1072.58 45.28198 -3.378257 1085.597 37.55738 12.13256 1108.693 42.86546 -8.014565 1092.368 45.28198 -3.378257 1085.597 37.23085 17.82788 1098.056 63.33821 17.37575 1079.152 37.23085 17.82788 1098.056 46.11284 33.82555 1080.612 19.68742 33.96355 1107.012 9.53477e-4 -70.07681 1018.773 9.28429e-4 -78.4977 1001.554 99.48334 -27.07966 1046.857 93.48312 -46.42191 1006.403 101.5136 4.393258 1060.167 25.84474 -98.76992 997.7432 9.56117e-4 -102.8253 982.1753 50.11069 -88.25424 1003.457 81.71275 -72.24654 984.6921 61.79142 38.49802 1066.436 90.22868 -46.68458 962.547 72.38503 -103.9977 980.0753 81.71275 -72.24654 984.6921 50.11069 -88.25424 1003.457 9.6501e-4 -117.6549 968.866 37.70911 -123.6303 971.0439 9.56117e-4 -102.8253 982.1753 25.84474 -98.76992 997.7432 19.0411 -120.7895 938.8987 54.75262 -119.1709 940.3188 8.61423e-4 -115.6297 932.0791 7.01057e-4 -100.3288 895.0342 53.66699 -97.56438 907.8184 32.92324 -93.44888 891.7795 92.49052 -54.95943 923.7638 82.59939 -94.99776 938.6293 69.79375 -51.55976 884.96 92.89268 -68.51484 940.6913 95.08517 -69.98297 974.1675 95.08517 -69.98297 974.1675 102.6369 -55.00368 963.5535 81.71275 -72.24654 984.6921 90.22868 -46.68458 962.547 92.49052 -54.95943 923.7638 133.263 -45.36544 945.6519 92.89268 -68.51484 940.6913 68.40937 7.178348 885.2234 83.01151 15.67536 914.6979 92.49052 -54.95943 923.7638 109.5316 -55.5823 977.6231 133.263 -45.36544 945.6519 124.0483 -12.7253 1030.803 91.48743 -6.574754 961.2085 96.1907 19.14426 930.4342 94.75745 18.73256 963.0353 94.75745 18.73256 963.0353 89.87425 32.21041 963.872 100.9643 24.10502 970.3627 99.20609 51.48247 1002.164 25.25087 42.46618 1082.33 34.62237 52.60039 1051.832 126.0731 33.79768 1035.793 100.6868 37.09573 1048.515 38.36196 62.73972 998.0944 51.43677 54.32323 953.8392 56.61823 45.1214 918.1422 51.43677 54.32323 953.8392 89.87425 32.21041 963.872 126.6083 -30.38924 989.974 164.5038 -23.78942 959.6176 179.3793 -1.71666 968.7721 146.1777 -2.160146 1008.934 117.1638 46.30688 988.9611 126.6083 -30.38924 989.974 130.5363 2.605914 958.5556 164.5038 -23.78942 959.6176 140.5888 47.2598 955.5241 131.5123 40.34396 959.6818 111.5569 31.74147 940.1895 362.0146 3.476287 757.6885 365.7684 -14.27307 767.0592 246.8484 -12.01907 866.1166 232.5588 12.98302 853.2458 383.3835 -22.82639 762.5699 403.8952 -36.28214 745.0753 391.241 3.088574 760.2079 376.0691 -26.71761 754.2427 389.9687 -45.60976 740.4271 413.9375 -1.398637 739.7088 380.7092 26.07809 749.1451 405.2719 23.86551 717.3712 377.0838 1.483714 732.3065 382.7725 -40.45245 727.6791 376.0691 -26.71761 754.2427 396.5688 -34.24023 715.5336 389.9687 -45.60976 740.4271 428.7171 -46.15907 721.6143 406.7761 -64.80401 719.5438 417.4654 -53.24728 725.2368 422.1935 -47.95561 715.2238 406.8653 -53.5153 706.5254 435.3981 -72.78929 689.216 431.4386 -74.73747 683.7368 406.8653 -53.5153 706.5254 422.1935 -47.95561 715.2238 429.5028 -31.98434 703.4054 403.8953 -2.492652 712.9298 422.1935 -47.95561 715.2238 441.6712 -33.11311 714.4666 474.0923 -69.80331 662.6286 477.8685 -56.20895 660.0862 441.6712 -33.11311 714.4666 428.7171 -46.15907 721.6143 481.3134 -46.35853 659.7591 478.0234 -18.51184 660.9786 443.8107 -2.997923 709.5457 432.6522 16.81492 696.9854 429.5028 -31.98434 703.4054 471.3097 -55.38795 655.6871 466.8279 -69.98074 660.8336 422.1935 -47.95561 715.2238 461.8386 5.448161 664.7827 473.255 -21.37236 652.0278 457.9448 5.416131 661.7545 437.0558 -78.89556 684.7075 431.4386 -74.73747 683.7368 431.1086 -82.81335 681.5675 424.9328 -78.58894 685.0631 31.46002 -74.97825 794.0986 55.04327 -45.00304 821.4456 69.79375 -51.55976 884.96 32.92324 -93.44888 891.7795 43.54062 -70.73528 772.827 78.5424 -60.22848 722.0458 65.86699 -41.82974 802.0368 -6.74536e-6 -77.04581 729.9851 39.57215 -74.25604 673.7042 98.24895 3.639287 743.4107 17.91696 -60.54678 632.7855 11.60505 -21.55848 583.776 32.05806 -65.87254 587.2675 57.63062 92.11026 654.7794 45.29373 69.33304 733.359 130.0362 28.04616 636.2484 54.44184 81.03833 596.1483 133.1446 4.242877 22.25409 126.0268 52.28913 23.60102 125.5306 46.76406 52.84015 126.3288 23.189 51.72867 95.90923 40.73877 23.78393 100.6681 -0.5842232 22.97873 102.5062 29.31182 52.10296 112.6541 13.41413 51.42492 115.9614 -24.32669 23.37096 131.3794 -39.5332 17.6218 99.78251 -35.23374 18.77357 114.2348 -64.43117 24.62706 101.3572 52.8327 23.83876 97.42548 43.35162 0.4809226 100.5952 59.47 0.4809229 103.2977 -73.26088 15.26344 125.3574 -71.32361 16.25546 92.74426 -43.72465 0.4807431 113.5047 -78.44901 32.84886 115.3685 -83.60561 14.71941 115.3685 -83.60561 14.71941 140.6393 -41.71453 0.4806482 131.265 -67.15775 0.4806257 104.1172 -68.89838 0.4806786 18.55217 -29.09953 1120.306 7.54087e-4 -34.68754 1117.593 29.12795 -14.8765 1128.504 37.09436 -8.938687 1091.736 34.37299 11.40347 1107.018 33.73362 3.256683 1138.119 20.46951 31.28111 1119.299 23.43354 25.9629 1144.325 37.09436 -8.938687 1091.736 34.37299 11.40347 1107.018 20.46951 31.28111 1119.299 3.8122e-4 38.49346 1123.214 4.83043e-4 38.53552 1147.505 9.19107e-4 -55.94962 1048.8 9.07721e-4 -59.04489 1030.548 26.20779 -54.51345 1040.567 35.49443 -40.48569 1055.664 9.07721e-4 -59.04489 1030.548 19.68742 33.96355 1107.012 3.60132e-4 40.32697 1109.514 3.8122e-4 38.49346 1123.214 2.85892e-4 47.75105 1082.569 3.60132e-4 40.32697 1109.514 97.73679 -7.478925 975.2795 7.01057e-4 -100.3288 895.0342 9.75458e-5 -77.07034 765.6382 51.86267 -11.4663 819.6415 68.40937 7.178348 885.2234 109.6328 -38.84673 1000.681 94.75745 18.73256 963.0353 100.9643 24.10502 970.3627 91.48743 -6.574754 961.2085 103.2475 39.17958 974.994 89.87425 32.21041 963.872 94.75745 18.73256 963.0353 96.1907 19.14426 930.4342 2.00155e-4 55.10777 1048.557 8.37055e-5 63.50874 994.9152 1.09256e-4 56.20111 950.4614 1.09256e-4 56.20111 950.4614 1.04845e-4 54.66308 917.2015 38.40474 38.13176 888.9802 1.75413e-4 42.82752 889.6399 32.71817 15.25946 812.6354 1.67937e-4 23.11361 809.2267 1.75413e-4 42.82752 889.6399 38.40474 38.13176 888.9802 146.1777 -2.160146 1008.934 143.6772 32.60857 1012.931 131.5123 40.34396 959.6818 175.9272 36.36593 971.7429 143.6772 32.60857 1012.931 140.5888 47.2598 955.5241 117.1638 46.30688 988.9611 111.5569 31.74147 940.1895 164.5038 -23.78942 959.6176 179.3793 -1.71666 968.7721 164.5038 -23.78942 959.6176 233.3069 -11.02102 882.2701 248.9844 3.273566 896.676 131.5123 40.34396 959.6818 140.5888 47.2598 955.5241 130.5363 2.605914 958.5556 250.5148 36.53091 897.0486 175.9272 36.36593 971.7429 231.6698 45.09419 879.96 140.5888 47.2598 955.5241 130.5363 2.605914 958.5556 219.7379 13.35817 869.1625 130.5363 2.605914 958.5556 219.7379 13.35817 869.1625 264.2766 1.616033 882.3766 267.0843 35.54378 883.1613 245.611 45.72011 864.582 232.5588 12.98302 853.2458 373.7441 -6.351358 774.2743 375.6835 13.49662 771.58 368.6153 23.51094 762.569 362.0146 3.476287 757.6885 365.7684 -14.27307 767.0592 373.7441 -6.351358 774.2743 375.6835 13.49662 771.58 380.7092 26.07809 749.1451 362.0146 3.476287 757.6885 368.6153 23.51094 762.569 411.291 23.68881 727.8781 405.2719 23.86551 717.3712 400.3712 -61.29104 712.3832 406.7761 -64.80401 719.5438 406.7761 -64.80401 719.5438 429.7108 -82.77362 688.7399 435.8022 -78.68468 691.5757 417.4654 -53.24728 725.2368 422.1935 -47.95561 715.2238 417.4654 -53.24728 725.2368 406.8653 -53.5153 706.5254 400.3712 -61.29104 712.3832 428.7171 -46.15907 721.6143 422.1935 -47.95561 715.2238 438.7 16.12765 701.0815 432.6522 16.81492 696.9854 473.255 -21.37236 652.0278 436.9237 -81.70467 686.3393 433.0874 -84.67304 684.2355 431.1086 -82.81335 681.5675 437.0558 -78.89556 684.7075 9.75458e-5 -77.07034 765.6382 31.46002 -74.97825 794.0986 55.04327 -45.00304 821.4456 -2.97665e-5 -74.46853 686.8387 63.27033 -5.377251 800.7468 51.86267 -11.4663 819.6415 38.37852 26.37068 794.4506 32.71817 15.25946 812.6354 7.98783e-5 37.06333 791.5587 1.67937e-4 23.11361 809.2267 -6.54151e-5 79.7236 730.8629 -2.33759e-5 -58.79236 640.5825 1.1607e-5 -13.44387 614.4578 64.6915 -77.38425 602.5365 112.196 -50.69334 625.437 2.34082e-5 98.0302 651.9869 3.74772e-5 77.27615 616.2335 12.1925 37.84783 586.3209 2.18232e-5 31.8667 614.2161 2.18232e-5 31.8667 614.2161 12.1925 37.84783 586.3209 147.0433 44.50706 415.8634 75.5563 87.49034 403.9855 144.3271 -50.21239 415.4181 88.53023 -96.08281 406.1562 40.14874 -76.73717 398.094 19.97078 -28.78425 394.7314 22.43836 41.82234 395.147 22.43836 41.82234 395.147 156.717 -49.53575 355.7566 98.37571 -104.8401 343.3611 153.2755 52.02612 361.7773 78.24182 92.6333 361.1809 25.42915 -24.57581 184.6705 57.95331 -88.20107 177.8776 41.72209 -82.50281 339.6317 20.24591 -31.14729 346.4755 118.6443 -110.3289 180.4051 191.9499 -44.15567 192.3884 188.9149 82.90685 202.9212 81.43428 122.169 195.822 21.37064 48.825 187.3402 22.52135 42.28993 354.0197 22.52135 42.28993 354.0197 21.37064 48.825 187.3402 123.8873 -53.75974 77.88197 87.21121 -42.28477 79.69791 56.37518 8.604405 81.66063 172.8026 -8.228578 81.35416 173.2146 75.90886 86.3754 95.06258 86.11808 87.82027 56.37518 8.604405 81.66063 112.6541 13.41413 51.42492 126.3288 23.189 51.72867 125.5306 46.76406 52.84015 108.6741 49.1404 54.31298 102.5062 29.31182 52.10296 108.6741 49.1404 54.31298 114.2542 60.79921 24.63912 108.6741 49.1404 54.31298 114.2542 60.79921 24.63912 137.3095 12.87258 0.4808205 127.8037 54.44542 0.480877 96.58105 7.328849 0.4808845 113.4198 65.81949 0.4809059 113.4198 65.81949 0.4809059 118.4654 -78.14821 0.4806355 118.4654 -78.14821 0.4806355 365.7684 -14.27307 767.0592 102.5062 29.31182 52.10296 97.42548 43.35162 0.4809226 100.5952 59.47 0.4809229 113.4198 65.81949 0.4809059 127.8037 54.44542 0.480877 131.265 -67.15775 0.4806257 118.4654 -78.14821 0.4806355 104.1172 -68.89838 0.4806786 92.74426 -43.72465 0.4807431 140.6393 -41.71453 0.4806482 96.58105 7.328849 0.4808845 137.3095 12.87258 0.4808205 474.9849 -45.91237 654.4214 473.255 -21.37236 652.0278 471.3097 -55.38795 655.6871 429.5028 -31.98434 703.4054 429.5028 -31.98434 703.4054 474.9849 -45.91237 654.4214 7.97913e-4 -33.14231 1064.013 13.58352 -91.27568 1253.927 6.64083e-4 -91.17654 1267.532 6.6252e-4 -93.26129 1251.561 62.37596 -56.13348 1216.785 66.72321 -39.0813 1202.29 67.07597 -41.71112 1241.186 63.38522 -57.18745 1227.782 61.07279 -63.13589 1244.742 61.65823 -61.26883 1248.938 66.81944 -21.26449 1221.316 29.51627 -85.10088 1258.327 27.47685 -84.46566 1265.986 16.82543 -81.81725 1211.943 10.68816 -87.81603 1212.548 17.97791 -75.16099 1200.151 21.37043 -86.31111 1185.866 9.619303 -99.89392 1188.932 8.43 -109.1975 1171.28 15.08388 -94.80827 1171.007 4.365263 -98.10264 1161.666 6.39328 -100.857 1150.932 15.78405 -95.16113 1148.538 14.87031 -92.0024 1164.321 28.06043 -86.35851 1154.422 60.76226 -46.68731 1169.532 58.17696 -66.91 1184.46 13.05978 -93.89596 1141.056 23.01128 -85.77416 1144.113 11.81629 -92.10339 1144.052 57.05839 -33.93877 1157.624 64.49913 -29.30815 1177.014 50.55377 -18.41448 1147.119 59.45569 -3.161202 1164.828 68.06776 -24.80298 1198.074 67.35223 -37.33604 1245.901 19.32406 -64.70853 1112.584 51.80736 4.988066 1154.694 17.19051 -89.23694 1240.83 6.61223e-4 -93.75041 1233.937 6.59582e-4 -94.64977 1212.635 30.92474 -82.48904 1237.728 19.45015 -84.38226 1226.346 32.55235 -83.68665 1246.402 20.28304 -79.43215 1210.46 25.034 -81.19932 1220.901 33.53154 -81.21349 1227.015 26.11212 -77.12403 1199.104 35.72487 -77.74794 1197.418 38.37794 -83.00237 1178.938 51.12573 -72.57755 1202.162 57.62297 -64.18835 1218.202 59.47473 -61.91978 1223.693 60.10403 -64.98499 1235.819 57.98182 -72.61105 1227.233 47.20114 -77.54663 1240.523 45.56526 -78.22387 1229.319 47.15509 -77.82748 1250.677 46.45431 -77.76711 1262.413 62.41729 -59.08303 1253.783 46.73619 -76.14202 1266.872 6.55329e-4 -106.4693 1190.805 6.5246e-4 -113.2254 1171.793 6.52691e-4 -109.6082 1162.499 6.801014 -106.9052 1164.701 6.54881e-4 -99.7962 1160.625 6.54227e-4 -99.43611 1149.602 6.55172e-4 -93.48804 1142.766 11.81629 -92.10339 1144.052 47.09158 -71.8565 1158.154 6.55172e-4 -93.48804 1142.766 6.53856e-4 -97.90594 1138.69 6.54627e-4 -93.25212 1133.803 14.04014 -90.32349 1137.041 14.6109 -86.37538 1135.622 6.55719e-4 -87.96378 1131.48 18.2315 -81.26959 1124.82 35.44796 -73.38594 1139.781 6.55149e-4 -87.22216 1120.369 6.56517e-4 -76.83277 1104.194 39.46605 -32.59426 1133.815 48.53638 -50.55486 1145.411 28.43345 -81.81666 1273.977 6.67402e-4 -83.03727 1288.389 20.28304 -79.43215 1210.46 17.97791 -75.16099 1200.151 33.3263 -36.98291 1211.363 26.11212 -77.12403 1199.104 25.034 -81.19932 1220.901 20.28304 -79.43215 1210.46 33.53154 -81.21349 1227.015 25.034 -81.19932 1220.901 35.72487 -77.74794 1197.418 51.12573 -72.57755 1202.162 57.62297 -64.18835 1218.202 57.98182 -72.61105 1227.233 45.56526 -78.22387 1229.319 33.53154 -81.21349 1227.015 57.98182 -72.61105 1227.233 45.56526 -78.22387 1229.319 22.5749 -131.2935 1316.195 6.57725e-4 -130.8014 1312.191 24.64714 -134.4876 1269.746 6.57717e-4 -124.6987 1290.586 75.07274 -117.1353 1274.177 6.67402e-4 -83.03727 1288.389 57.66021 -112.6676 1246.158 76.0117 -109.4453 1309.906 20.53475 -79.76985 1323.082 61.18572 -80.81978 1322.528 55.25076 -30.07738 1336.621 15.48299 -28.69222 1349.657 28.31038 -49.60349 1340.711 33.76215 17.76617 1356.374 101.6885 -13.81651 1293.777 130.5206 -46.19736 1276.454 150.5533 31.24673 1218.906 87.56364 39.23549 1266.611 69.7604 26.5303 1335.688 17.01592 56.67384 1355.923 99.20421 68.08206 1228.365 54.13591 80.38668 1234.622 67.35223 -37.33604 1245.901 86.30807 -20.03189 1218.812 97.74875 -41.88617 1226.961 108.8308 -4.587361 1192.254 140.4727 -0.4217569 1171.106 25.89137 84.91356 1339.666 64.5752 60.11615 1306.775 41.01216 90.72933 1277.865 101.5696 132.2292 1182.665 60.98737 169.1668 1169.353 7.3368e-4 180.1728 1168.949 7.2433e-4 100.8292 1218.812 140.0478 116.2214 1138.254 126.3722 138.1097 1077.182 87.87489 106.7857 1022.791 69.03604 169.0171 1031.216 32.89149 151.1047 985.5146 5.42764e-4 184.3611 1023.169 4.94174e-4 161.6628 988.3141 46.8998 120.6808 977.186 113.5957 4.088254 1163.534 112.1424 39.40659 1075.118 46.8998 120.6808 977.186 60.31768 144.918 955.8047 32.89149 151.1047 985.5146 34.07857 175.8691 964.8569 61.17289 112.4501 948.3373 30.57349 94.47371 972.7864 38.72238 85.86353 942.6068 44.85246 183.3278 912.8712 61.04639 119.8375 898.1898 28.16789 81.99734 890.2793 4.20612e-4 74.70663 941.0937 3.40212e-4 74.97638 889.0242 21.80752 259.437 585.5782 20.9841 254.0226 568.1514 -1.26053e-4 290.3791 588.2942 66.81944 -21.26449 1221.316 67.84205 -38.00071 1187.784 68.06776 -24.80298 1198.074 98.77491 -32.04546 1183.142 99.01863 -29.72011 1159.559 69.20316 7.06787 1143.721 67.19883 -42.41674 1153.421 61.61445 -29.13063 1153.457 63.26024 5.604975 1152.969 48.51173 36.96056 1076.62 28.43345 -81.81666 1273.977 6.67179e-4 -93.03646 1320.263 15.94733 -79.92849 1333.218 6.6866e-4 -88.81509 1327.494 19.43888 -52.51917 1347.294 46.73619 -76.14202 1266.872 113.8277 -53.89233 1215.017 125.7789 -57.0835 1236.526 62.41729 -59.08303 1253.783 6.83096e-4 -35.6086 1355.505 6.85606e-4 -23.97082 1351.979 6.94071e-4 9.789984 1359.39 162.2029 5.995548 1184.736 7.04237e-4 52.74325 1359.815 7.12322e-4 92.69485 1339.771 7.13082e-4 105.7955 1279.748 78.08782 182.3995 1105.526 6.6004e-4 196.9741 1101.077 153.5106 72.63184 1118.16 147.2579 48.44434 1104.129 55.61827 80.35915 1008.539 30.57349 94.47371 972.7864 5.17111e-4 83.27352 1006.549 4.67677e-4 87.09478 971.83 6.27553e-4 51.11189 1075.897 4.94174e-4 161.6628 988.3141 4.66801e-4 185.6557 968.0183 3.95319e-4 206.0351 918.1849 2.60907e-4 113.223 836.3711 19.19083 116.9139 836.7983 38.04318 137.628 840.8834 25.98981 176.0904 848.4515 2.91119e-4 185.8987 850.0541 2.36128e-4 222.8465 813.101 50.59788 202.0979 809.6501 64.22926 138.6423 799.0215 29.49759 100.7393 791.8563 1.80626e-4 91.79037 789.7834 7.90825e-5 235.9017 716.5647 46.51233 231.9717 715.6234 84.09461 195.8745 715.9337 42.73842 222.9245 627.9972 -6.32837e-5 234.65 630.8227 44.31078 175.8613 613.4572 55.9654 125.9042 705.2983 3.1367e-5 101.1109 698.915 -1.12227e-4 163.5705 607.3098 -1.77051e-4 251.5847 560.5133 -1.22157e-4 260.8273 592.9711 64.49913 -29.30815 1177.014 14.7879 10.17938 1142.762 59.45569 -3.161202 1164.828 4.67677e-4 87.09478 971.83 51.80736 4.988066 1154.694 57.98182 -72.61105 1227.233 67.79537 -72.25708 1228.723 59.47473 -61.91978 1223.693 57.62297 -64.18835 1218.202 56.38448 -57.44067 1213.357 54.9216 -65.79369 1213.387 54.71056 -65.15787 1209.932 54.72109 -63.34715 1207.132 54.81092 -59.03894 1204.977 54.69379 -59.03891 1221.634 55.04584 -63.34714 1219.575 55.09924 -65.15785 1216.784 49.89432 -72.87511 1213.093 50.05733 -71.7002 1207.202 50.02677 -68.35444 1201.996 49.93216 -60.3939 1197.7 49.89435 -60.39391 1228.5 49.89437 -68.3548 1224.417 49.89432 -71.7002 1219.22 42.73882 -77.60673 1212.839 42.98126 -76.07167 1205.084 43.27688 -71.70018 1198.603 42.73346 -61.29927 1192.664 42.7388 -61.29925 1232.956 42.75613 -71.70725 1227.619 42.7388 -76.07581 1220.843 34.29827 -79.26824 1212.617 34.47068 -77.60672 1204.19 34.66632 -72.87511 1196.983 34.27594 -61.61716 1190.588 34.2983 -61.61719 1234.348 34.42216 -72.8787 1228.529 34.32437 -77.60783 1221.245 25.91725 -77.60673 1212.634 25.85774 -76.07169 1204.846 25.85403 -71.70021 1198.076 25.84066 -61.29929 1192.442 25.85774 -61.29924 1232.484 25.96162 -71.70025 1227.173 26.11258 -76.07169 1220.412 18.72882 -72.8751 1212.572 18.38256 -71.70021 1206.276 17.71486 -68.35446 1200.36 18.70221 -60.39391 1197.127 18.70221 -60.39391 1227.641 18.73967 -68.35447 1223.575 18.80272 -71.70019 1218.477 13.92105 -65.79367 1212.372 13.92103 -65.15785 1209.147 13.921 -63.34716 1206.356 13.921 -59.03893 1204.036 13.92103 -59.03891 1220.526 13.92105 -63.34715 1218.329 13.92105 -65.15785 1215.582 12.24207 -57.44064 1212.202 368.6153 23.51094 762.569 6.75633e-4 -65.40124 1349.063 90.22868 -46.68458 962.547 117.1638 46.30688 988.9611 474.9849 -45.91237 654.4214 457.9448 5.416131 661.7545 96.1907 19.14426 930.4342 83.01151 15.67536 914.6979 -19.45128 -23.95464 1104.763 -22.92738 -27.31566 1074.665 -32.90887 -36.42373 1069.012 -21.8272 -52.66587 1054.397 -22.92738 -27.31566 1074.665 -26.20601 -54.51379 1040.567 -35.49281 -40.48613 1055.664 -54.42866 -43.88051 1051.757 -37.01319 -67.4026 1023.128 -61.58323 -13.11322 1072.581 -45.28074 -3.378803 1085.597 -45.28074 -3.378803 1085.597 -42.86413 -8.015177 1092.368 -37.55629 12.13202 1108.693 -37.22984 17.82741 1098.056 -37.22984 17.82741 1098.056 -63.33721 17.37513 1079.152 -19.68663 33.96327 1107.012 -46.11204 33.82503 1080.612 -99.48204 -27.08022 1046.858 -93.48175 -46.42261 1006.403 -101.5125 4.392807 1060.167 -25.84275 -98.77019 997.7433 -50.10876 -88.25477 1003.457 -81.71106 -72.2474 984.6924 -61.7902 38.49803 1066.436 -90.22733 -46.68554 962.5471 -72.38313 -103.9984 980.0757 -50.10876 -88.25477 1003.457 -81.71106 -72.2474 984.6924 -37.70713 -123.6306 971.0439 -25.84275 -98.77019 997.7433 -54.75083 -119.1714 940.3188 -19.03931 -120.7897 938.8987 -53.6655 -97.56483 907.8186 -32.92189 -93.44913 891.7797 -92.48927 -54.96028 923.7641 -69.79277 -51.56027 884.9603 -82.59778 -94.99849 938.6295 -92.89155 -68.51527 940.6915 -95.08356 -69.98392 974.1676 -95.08356 -69.98392 974.1676 -81.71106 -72.2474 984.6924 -102.6358 -55.00408 963.5538 -90.22733 -46.68554 962.5471 -92.48927 -54.96028 923.7641 -92.89155 -68.51527 940.6915 -133.9995 -45.36548 945.6522 -68.4088 7.177881 885.2235 -83.01094 15.6746 914.698 -92.48927 -54.96028 923.7641 -133.9995 -45.36548 945.6522 -110.2678 -55.58258 977.6235 -124.0472 -12.72538 1030.804 -91.48648 -6.575403 961.2086 -94.75668 18.73198 963.0358 -96.19 19.14387 930.4346 -94.75668 18.73198 963.0358 -100.9635 24.1045 970.3629 -89.87356 32.20985 963.8719 -99.20532 51.48202 1002.164 -25.2496 42.46619 1082.33 -34.62186 52.60001 1051.832 -100.6858 37.09529 1048.516 -126.072 33.79774 1035.793 -38.36177 62.73924 998.0944 -51.43652 54.32267 953.8394 -56.61793 45.12086 918.1422 -51.43652 54.32267 953.8394 -89.87356 32.20985 963.8719 -127.3446 -30.38937 989.9743 -146.914 -2.160138 1008.935 -180.1157 -1.716546 968.7724 -165.2403 -23.78932 959.618 -117.9002 46.30677 988.9613 -127.3446 -30.38937 989.9743 -131.2727 2.606012 958.5558 -97.73582 -7.479482 975.28 -109.6316 -38.84703 1000.681 -141.3253 47.25991 955.5243 -112.2934 31.74138 940.1898 -121.9261 40.34385 971.4999 -362.0142 3.476573 757.6893 -232.5582 12.9832 853.2461 -246.8479 -12.01888 866.1171 -365.768 -14.27278 767.0601 -383.3831 -22.82609 762.5708 -391.2406 3.088873 760.2089 -403.8948 -36.28181 745.0762 -376.0687 -26.7173 754.2433 -389.9684 -45.60943 740.4279 -413.9372 -1.398317 739.7097 -380.7089 26.07838 749.1459 -377.0835 1.484022 732.3074 -405.2716 23.86582 717.3721 -376.0687 -26.7173 754.2433 -382.7722 -40.45211 727.6799 -396.5686 -34.2399 715.5344 -389.9684 -45.60943 740.4279 -428.7167 -46.15872 721.6152 -406.7757 -64.80366 719.5447 -417.4649 -53.24693 725.2375 -406.8651 -53.51495 706.5262 -422.1931 -47.95525 715.2246 -406.8651 -53.51495 706.5262 -431.4382 -74.73711 683.7376 -435.3977 -72.78894 689.2167 -422.1931 -47.95525 715.2246 -429.5024 -31.98396 703.4064 -403.895 -2.492319 712.9307 -422.1931 -47.95525 715.2246 -441.6708 -33.11273 714.4677 -441.6708 -33.11273 714.4677 -477.8683 -56.20848 660.0875 -474.0921 -69.80283 662.6298 -428.7167 -46.15872 721.6152 -481.3133 -46.3581 659.7601 -443.8104 -2.997576 709.5468 -478.0233 -18.51144 660.9795 -432.6519 16.81527 696.9865 -466.8277 -69.98026 660.8348 -471.3095 -55.38747 655.6882 -429.5024 -31.98396 703.4064 -422.1931 -47.95525 715.2246 -474.0921 -69.80283 662.6298 -457.9448 5.416507 661.7555 -473.2549 -21.37194 652.0288 -461.8384 5.448535 664.7836 -437.0555 -78.89521 684.7083 -431.4382 -74.73711 683.7376 -424.9325 -78.58858 685.0639 -431.1082 -82.81297 681.5682 -31.45937 -74.97838 794.0988 -32.92189 -93.44913 891.7797 -69.79277 -51.56027 884.9603 -55.04263 -45.00328 821.4458 -43.54042 -70.73536 772.8272 -65.86645 -41.82997 802.0369 -78.54242 -60.22847 722.0458 -39.57217 -74.25605 673.7043 -98.24898 3.639305 743.4108 -17.91698 -60.54677 632.7855 -32.05818 -65.87254 587.2677 -11.60511 -21.55847 583.7761 -45.29376 69.33305 733.3591 -57.63057 92.11029 654.7795 -130.0363 28.04623 636.2487 -54.44181 81.03836 596.1483 -133.1466 4.243403 22.25486 -126.3307 23.18951 51.7294 -125.5325 46.76459 52.84091 -126.0289 52.2897 23.60182 -95.91125 40.73932 23.78462 -102.5081 29.31234 52.10362 -100.6702 -0.5837052 22.9794 -112.656 13.41463 51.4256 -115.9635 -24.32619 23.37167 -131.3814 -39.53271 17.62258 -99.78458 -35.23326 18.77425 -114.2368 -64.43074 24.62777 -101.3593 52.83326 23.83948 -97.42761 43.3522 0.4816536 -100.5973 59.4706 0.4816844 -103.2997 -73.26044 15.26411 -125.3594 -71.32316 16.2562 -92.74635 -43.72416 0.4814165 -113.5066 -78.44859 32.84955 -115.3705 -83.60519 14.72011 -115.3705 -83.60519 14.72011 -140.6413 -41.71404 0.4814754 -131.267 -67.15727 0.4814033 -104.1193 -68.89792 0.4813701 -18.55069 -29.09962 1120.306 -29.12648 -14.87677 1128.504 -33.73228 3.256499 1138.119 -34.37189 11.40297 1107.018 -37.09301 -8.939223 1091.736 -23.43238 25.96272 1144.325 -20.46865 31.28082 1119.299 -37.09301 -8.939223 1091.736 -34.37189 11.40297 1107.018 -20.46865 31.28082 1119.299 -26.20601 -54.51379 1040.567 -35.49281 -40.48613 1055.664 -19.68663 33.96327 1107.012 -91.48648 -6.575403 961.2086 -51.86218 -11.46651 819.6416 -68.4088 7.177881 885.2235 -94.75668 18.73198 963.0358 -100.9635 24.1045 970.3629 -103.984 39.17914 974.9943 -94.75668 18.73198 963.0358 -89.87356 32.20985 963.8719 -96.19 19.14387 930.4346 -38.40437 38.13149 888.9803 -32.71782 15.25935 812.6356 -38.40437 38.13149 888.9803 -146.914 -2.160138 1008.935 -144.4135 32.60866 1012.932 -121.9261 40.34385 971.4999 -144.4135 32.60866 1012.932 -176.6637 36.36604 971.7433 -117.9002 46.30677 988.9613 -141.3253 47.25991 955.5243 -112.2934 31.74138 940.1898 -165.2403 -23.78932 959.618 -180.1157 -1.716546 968.7724 -248.9837 3.27374 896.6765 -233.3063 -11.02084 882.2706 -165.2403 -23.78932 959.618 -121.9261 40.34385 971.4999 -131.2727 2.606012 958.5558 -141.3253 47.25991 955.5243 -176.6637 36.36604 971.7433 -250.5141 36.53109 897.0491 -141.3253 47.25991 955.5243 -231.6692 45.09438 879.9604 -131.2727 2.606012 958.5558 -219.7373 13.35834 869.1631 -131.2727 2.606012 958.5558 -219.7373 13.35834 869.1631 -267.0836 35.54397 883.162 -264.276 1.616222 882.3772 -232.5582 12.9832 853.2461 -245.6104 45.7203 864.5825 -373.7437 -6.351071 774.2751 -375.6831 13.4969 771.5807 -368.6149 23.51122 762.5698 -362.0142 3.476573 757.6893 -365.768 -14.27278 767.0601 -373.7437 -6.351071 774.2751 -375.6831 13.4969 771.5807 -380.7089 26.07838 749.1459 -368.6149 23.51122 762.5698 -362.0142 3.476573 757.6893 -411.2906 23.68913 727.8789 -405.2716 23.86582 717.3721 -406.7757 -64.80366 719.5447 -400.3708 -61.29068 712.384 -435.8018 -78.68432 691.5764 -429.7104 -82.77325 688.7405 -406.7757 -64.80366 719.5447 -417.4649 -53.24693 725.2375 -422.1931 -47.95525 715.2246 -417.4649 -53.24693 725.2375 -406.8651 -53.51495 706.5262 -400.3708 -61.29068 712.384 -428.7167 -46.15872 721.6152 -422.1931 -47.95525 715.2246 -438.6997 16.12799 701.0826 -432.6519 16.81527 696.9865 -457.9448 5.416507 661.7555 -473.2549 -21.37194 652.0288 -436.9233 -81.70431 686.3399 -433.087 -84.67267 684.2363 -431.1082 -82.81297 681.5682 -437.0555 -78.89521 684.7083 -31.45937 -74.97838 794.0988 -55.04263 -45.00328 821.4458 -51.86218 -11.46651 819.6416 -63.2701 -5.377364 800.7469 -32.71782 15.25935 812.6356 -38.37835 26.37061 794.4506 -64.69162 -77.38423 602.5367 -112.1961 -50.69329 625.4371 -12.1925 37.84785 586.321 -12.1925 37.84785 586.321 -75.55711 87.49055 403.986 -147.0441 44.50726 415.864 -144.3279 -50.21224 415.4186 -88.53106 -96.08269 406.1566 -40.14962 -76.73707 398.0942 -19.97165 -28.78412 394.7317 -22.43921 41.82251 395.1472 -22.43921 41.82251 395.1472 -156.718 -49.53556 355.7573 -98.37674 -104.84 343.3615 -153.2765 52.02636 361.778 -78.24278 92.63356 361.1814 -25.43068 -24.57545 184.6707 -20.24694 -31.14711 346.4757 -41.72314 -82.50264 339.6319 -57.95486 -88.20074 177.8779 -118.6458 -110.3286 180.4056 -191.9514 -44.15535 192.3892 -188.9164 82.90725 202.9221 -81.43579 122.1694 195.8226 -22.52234 42.29015 354.0199 -21.37217 48.82542 187.3406 -21.37217 48.82542 187.3406 -22.52234 42.29015 354.0199 -123.8891 -53.75932 77.88259 -87.21305 -42.28432 79.69843 -56.37704 8.604882 81.66111 -172.8045 -8.228127 81.35497 -173.2164 75.90938 86.37628 -95.06443 86.11859 87.82093 -56.37704 8.604882 81.66111 -126.3307 23.18951 51.7294 -112.656 13.41463 51.4256 -125.5325 46.76459 52.84091 -108.6761 49.14093 54.31368 -102.5081 29.31234 52.10362 -108.6761 49.14093 54.31368 -114.2563 60.79978 24.63989 -108.6761 49.14093 54.31368 -114.2563 60.79978 24.63989 -127.8058 54.44601 0.481715 -137.3117 12.87314 0.4816446 -96.58318 7.329395 0.4815784 -113.4219 65.82009 0.4817142 -113.4219 65.82009 0.4817142 -118.4675 -78.14775 0.4813641 -118.4675 -78.14775 0.4813641 -365.768 -14.27278 767.0601 -102.5081 29.31234 52.10362 -97.42761 43.3522 0.4816536 -127.8058 54.44601 0.481715 -113.4219 65.82009 0.4817142 -100.5973 59.4706 0.4816844 -131.267 -67.15727 0.4814033 -104.1193 -68.89792 0.4813701 -118.4675 -78.14775 0.4813641 -140.6413 -41.71404 0.4814754 -92.74635 -43.72416 0.4814165 -137.3117 12.87314 0.4816446 -96.58318 7.329395 0.4815784 -473.2549 -21.37194 652.0288 -474.9849 -45.91194 654.4224 -429.5024 -31.98396 703.4064 -471.3095 -55.38747 655.6882 -474.9849 -45.91194 654.4224 -429.5024 -31.98396 703.4064 -13.58219 -91.27568 1253.927 -62.37461 -56.13345 1216.785 -63.38388 -57.18742 1227.782 -67.07461 -41.71109 1241.186 -66.72187 -39.08126 1202.29 -61.07145 -63.13586 1244.742 -61.65689 -61.2688 1248.938 -66.81809 -21.26446 1221.316 -29.51494 -85.10087 1258.327 -27.47552 -84.46564 1265.986 -16.82411 -81.81724 1211.943 -17.97659 -75.16097 1200.151 -10.68684 -87.81603 1212.548 -21.36912 -86.3111 1185.866 -9.617989 -99.89392 1188.932 -8.428692 -109.1975 1171.28 -15.08257 -94.80827 1171.007 -4.363953 -98.10264 1161.666 -14.86899 -92.0024 1164.321 -15.78274 -95.16113 1148.538 -6.391972 -100.857 1150.932 -28.05912 -86.3585 1154.422 -60.76093 -46.68727 1169.532 -58.17563 -66.90997 1184.46 -13.05847 -93.89596 1141.056 -11.81498 -92.10339 1144.052 -23.00997 -85.77415 1144.113 -57.05704 -33.93874 1157.624 -64.49779 -29.30812 1177.014 -50.55242 -18.41446 1147.119 -59.45434 -3.161203 1164.828 -68.06642 -24.80295 1198.074 -67.35087 -37.33601 1245.901 -19.32274 -64.70852 1112.584 -51.806 4.988021 1154.694 -17.18918 -89.23692 1240.83 -30.92342 -82.48903 1237.728 -19.44882 -84.38224 1226.346 -32.55102 -83.68663 1246.402 -20.28171 -79.43214 1210.46 -25.03267 -81.1993 1220.901 -33.53021 -81.21347 1227.015 -26.1108 -77.12402 1199.104 -35.72355 -77.74792 1197.418 -38.37662 -83.00236 1178.938 -51.12439 -72.57751 1202.162 -57.62164 -64.18832 1218.202 -59.4734 -61.91975 1223.693 -57.98048 -72.61102 1227.233 -60.1027 -64.98496 1235.819 -47.19981 -77.54662 1240.523 -45.56393 -78.22385 1229.319 -47.15376 -77.82747 1250.677 -46.45297 -77.7671 1262.413 -62.41595 -59.083 1253.783 -46.73486 -76.14201 1266.872 -6.799707 -106.9052 1164.701 -11.81498 -92.10339 1144.052 -47.09025 -71.85648 1158.154 -14.03883 -90.32349 1137.041 -14.60959 -86.37538 1135.622 -18.23019 -81.26958 1124.82 -35.44665 -73.38593 1139.781 -48.53505 -50.55483 1145.411 -39.46471 -32.59425 1133.815 -28.43212 -81.81664 1273.977 -20.28171 -79.43214 1210.46 -33.32495 -36.98289 1211.363 -17.97659 -75.16097 1200.151 -26.1108 -77.12402 1199.104 -25.03267 -81.1993 1220.901 -20.28171 -79.43214 1210.46 -33.53021 -81.21347 1227.015 -25.03267 -81.1993 1220.901 -35.72355 -77.74792 1197.418 -51.12439 -72.57751 1202.162 -57.62164 -64.18832 1218.202 -57.98048 -72.61102 1227.233 -45.56393 -78.22385 1229.319 -33.53021 -81.21347 1227.015 -57.98048 -72.61102 1227.233 -45.56393 -78.22385 1229.319 -22.57358 -131.2935 1316.195 -24.64584 -134.4876 1269.746 -75.07143 -117.1353 1274.177 -57.6589 -112.6676 1246.158 -76.01038 -109.4453 1309.906 -20.53341 -79.76984 1323.082 -61.18438 -80.81975 1322.528 -55.2494 -30.07735 1336.621 -15.48162 -28.69222 1349.657 -28.30902 -49.60347 1340.711 -33.76077 17.76618 1356.374 -101.6871 -13.81646 1293.777 -150.5519 31.2468 1218.906 -130.5193 -46.1973 1276.454 -87.56223 39.23553 1266.611 -17.01451 56.67384 1355.923 -69.759 26.53033 1335.688 -99.20279 68.08211 1228.365 -54.13448 80.38671 1234.622 -67.35087 -37.33601 1245.901 -97.74741 -41.88612 1226.961 -86.30673 -20.03185 1218.812 -108.8295 -4.58731 1192.254 -140.4713 -0.4216967 1171.106 -25.88995 84.91357 1339.666 -41.01073 90.72935 1277.865 -64.57379 60.11618 1306.775 -60.98591 169.1668 1169.353 -101.5681 132.2292 1182.665 -140.0464 116.2215 1138.254 -126.3709 138.1097 1077.182 -69.03493 169.0171 1031.216 -87.87381 106.7857 1022.792 -32.89052 151.1047 985.5148 -46.89885 120.6808 977.1863 -113.5943 4.088302 1163.534 -112.1412 39.40661 1075.118 -46.89885 120.6808 977.1863 -32.89052 151.1047 985.5148 -60.31679 144.918 955.8049 -34.07764 175.8691 964.8571 -61.17202 112.4502 948.3375 -30.57255 94.47371 972.7864 -38.72153 85.86353 942.6069 -44.8517 183.3278 912.8714 -61.04568 119.8376 898.1899 -28.1672 81.99734 890.2795 -21.80779 259.437 585.5782 -20.98443 254.0226 568.1514 -67.84071 -38.00068 1187.784 -66.81809 -21.26446 1221.316 -68.06642 -24.80295 1198.074 -98.77355 -32.04541 1183.142 -99.01729 -29.72007 1159.559 -69.20181 7.0679 1143.721 -67.19749 -42.41671 1153.421 -61.61311 -29.1306 1153.457 -63.25888 5.605004 1152.969 -48.51095 36.96003 1076.62 -28.43212 -81.81664 1273.977 -15.94599 -79.92849 1333.218 -19.43752 -52.51916 1347.294 -46.73486 -76.14201 1266.872 -113.8264 -53.89228 1215.017 -125.7775 -57.08344 1236.526 -62.41595 -59.083 1253.783 -162.2015 5.995617 1184.736 -78.08649 182.3995 1105.526 -153.5092 72.63187 1118.16 -147.2566 48.44437 1104.129 -55.61723 80.35916 1008.539 -30.57255 94.47371 972.7864 -19.19031 116.9139 836.7983 -38.04265 137.6281 840.8837 -25.98923 176.0904 848.4517 -50.59742 202.098 809.6503 -64.22884 138.6423 799.0217 -29.49722 100.7393 791.8564 -46.51217 231.9717 715.6236 -84.09445 195.8745 715.9339 -42.73856 222.9245 627.9973 -44.31098 175.8613 613.4573 -55.96531 125.9043 705.2985 -64.49779 -29.30812 1177.014 -14.78661 10.17928 1142.762 -59.45434 -3.161203 1164.828 -51.806 4.988021 1154.694 -57.98048 -72.61102 1227.233 -59.4734 -61.91975 1223.693 -67.79403 -72.25705 1228.723 -57.62164 -64.18832 1218.202 -56.38315 -57.44064 1213.357 -54.70922 -65.15784 1209.932 -54.92027 -65.79366 1213.387 -54.71975 -63.34713 1207.132 -54.80959 -59.03892 1204.977 -55.04451 -63.34712 1219.575 -54.69245 -59.03889 1221.634 -55.09791 -65.15782 1216.784 -50.056 -71.70016 1207.202 -49.89299 -72.87508 1213.093 -50.02544 -68.35441 1201.996 -49.93084 -60.39388 1197.7 -49.89303 -68.35477 1224.417 -49.89302 -60.39389 1228.5 -49.89299 -71.70016 1219.22 -42.97993 -76.07166 1205.084 -42.73749 -77.60671 1212.839 -43.27555 -71.70016 1198.603 -42.73214 -61.29924 1192.664 -42.7548 -71.70724 1227.619 -42.73747 -61.29922 1232.956 -42.73747 -76.0758 1220.843 -34.46935 -77.6067 1204.19 -34.29694 -79.26823 1212.617 -34.665 -72.87509 1196.983 -34.27461 -61.61715 1190.588 -34.42084 -72.87868 1228.529 -34.29696 -61.61718 1234.348 -34.32304 -77.60781 1221.245 -25.85641 -76.07167 1204.846 -25.91593 -77.60671 1212.634 -25.8527 -71.7002 1198.076 -25.83932 -61.29928 1192.442 -25.96029 -71.70023 1227.173 -25.85641 -61.29923 1232.484 -26.11125 -76.07168 1220.412 -18.38123 -71.7002 1206.276 -18.72749 -72.87508 1212.572 -17.71353 -68.35445 1200.36 -18.70088 -60.3939 1197.127 -18.73834 -68.35445 1223.575 -18.70087 -60.3939 1227.641 -18.80139 -71.70017 1218.477 -13.9197 -65.15785 1209.147 -13.91971 -65.79367 1212.372 -13.91967 -63.34715 1206.356 -13.91967 -59.03893 1204.036 -13.91971 -63.34714 1218.329 -13.9197 -59.0389 1220.526 -13.91971 -65.15785 1215.582 -12.24073 -57.44063 1212.202 -368.6149 23.51122 762.5698 -90.22733 -46.68554 962.5471 -117.9002 46.30677 988.9613 -474.9849 -45.91194 654.4224 -457.9448 5.416507 661.7555 -96.19 19.14387 930.4346 -83.01094 15.6746 914.698 -165.2403 -23.78932 959.618</float_array>
          <technique_common>
            <accessor source="#geom-jasmine_lod1-positions-array" count="1224" stride="3">
              <param name="X" type="float"/>
              <param name="Y" type="float"/>
              <param name="Z" type="float"/>
            </accessor>
          </technique_common>
        </source>
        <source id="geom-jasmine_lod1-normals">
          <float_array id="geom-jasmine_lod1-normals-array" count="3672">8.49153e-6 -0.9909458 -0.1342621 0.07060924 -0.8232004 0.5633432 0.5022268 -0.8633572 -0.04881172 6.30455e-6 -0.7907715 0.6121114 0.3831214 -0.6920656 0.6117707 0.07060924 -0.8232004 0.5633432 0.2193721 -0.8297572 0.5132046 0.1184494 -0.8718026 0.475321 0.2235339 -0.7300078 0.6458493 0.3567932 -0.7226478 0.5920125 0.1328988 -0.7339983 0.6660213 0.3283319 -0.44835 0.8313726 0.7703304 -0.2792019 0.5732691 0.5875561 -0.1261382 0.7992916 0.6395678 -0.4708457 0.6076654 0.7703304 -0.2792019 0.5732691 0.7807542 0.3561904 0.5133726 0.5102637 0.1520057 0.8464782 0.7807542 0.3561904 0.5133726 0.4492722 0.6655462 0.5959889 0.4982578 0.8198935 0.2819821 6.07536e-6 -0.8282834 0.5603094 5.06261e-6 -0.7116735 0.7025104 0.5132158 -0.6281943 0.5847918 0.6569069 -0.7343472 0.1709026 0.5677318 -0.07005787 0.8202271 -0.1246323 -0.6700417 0.7317861 4.41989e-6 -0.6924364 0.721479 0.3210516 -0.5932972 0.7381899 0.7369165 -0.3566218 0.5742604 0.3298686 0.748798 0.5748811 0.9647657 0.2390941 0.1098231 0.6057562 -0.6546445 0.4522166 0.7369165 -0.3566218 0.5742604 0.3210516 -0.5932972 0.7381899 4.7021e-6 -0.913057 0.4078321 0.09412723 -0.9351751 0.3414494 4.41989e-6 -0.6924364 0.721479 -0.1246323 -0.6700417 0.7317861 -0.05215606 -0.9697587 -0.2384277 0.3644288 -0.8935367 -0.2622667 3.61991e-6 -0.9649572 -0.2624073 3.01659e-6 -0.9419145 -0.3358528 0.4261994 -0.6933863 -0.5810072 0.3584093 -0.8399622 -0.4074387 0.8916382 -0.1108832 -0.4389604 0.7798183 -0.5737998 -0.2502744 0.8685619 -0.2802427 -0.408735 0.7967361 -0.5529927 -0.2437434 0.8170764 -0.2330124 0.5273439 0.8170764 -0.2330124 0.5273439 -0.03358626 0.9434687 0.3297561 0.7369165 -0.3566218 0.5742604 0.9647657 0.2390941 0.1098231 0.8916382 -0.1108832 -0.4389603 0.9214333 0.3646069 -0.1342486 0.796736 -0.5529927 -0.2437433 0.8421738 0.3584865 -0.4027788 0.7483171 0.4348638 -0.5009143 0.8916383 -0.1108832 -0.4389604 0.291819 0.1562496 0.9436247 0.9214333 0.3646069 -0.1342486 0.7203988 -0.4518743 0.5261512 0.9847009 -0.0718011 -0.1587735 0.784651 0.4812475 -0.3907989 0.9533876 -0.2068851 -0.2196605 0.9533876 -0.2068851 -0.2196605 0.2607962 0.9074489 -0.3294268 0.2018488 0.3756208 -0.9045253 0.2623048 0.9630551 -0.06100112 0.2660947 0.89688 0.3532702 0.1574898 0.939219 0.305065 0.6254167 0.5146897 0.5864713 0.3651615 0.7044574 0.6086025 0.09881633 0.9950308 0.01220897 0.2767745 0.9294437 -0.2439885 0.4842769 0.8288293 -0.2802106 0.2767745 0.9294437 -0.2439885 0.2607962 0.9074488 -0.3294268 0.2631221 -0.9472394 -0.1830414 0.1174728 -0.9926073 -0.03051242 0.705856 -0.3498909 0.6159089 0.7279062 -0.347916 0.5908527 -0.01906715 0.9861528 -0.1647401 0.2631221 -0.9472395 -0.1830414 -0.4757214 -0.3094524 -0.823364 0.1174728 -0.9926073 -0.03051242 -0.2219979 0.8617626 -0.4561602 -0.1022181 -0.6236066 -0.7750267 0.4901808 0.03881867 -0.870756 -0.7564344 -0.04184409 -0.6527297 -0.4726105 -0.880237 0.0426874 -0.1783005 -0.9711282 -0.1584893 -0.6965347 -0.07773145 -0.7133003 0.2206425 -0.5261327 0.8212804 0.4667389 -0.391237 0.793151 0.680314 0.2213367 0.6987009 -0.758041 -0.6182008 0.2078499 -0.3341433 -0.7893752 0.5150098 0.6624638 0.1822992 0.7265733 -0.09462903 0.9955127 0 -0.311149 0.7799698 -0.5429856 -0.7891336 0.1336849 -0.5994969 -0.8713458 -0.3674073 -0.3252206 -0.7580411 -0.6182008 0.2078499 -0.4879093 0.01401603 -0.8727819 -0.3341433 -0.7893752 0.5150098 0.5358872 -0.5910745 0.6028731 -0.1712001 -0.8552364 0.4891433 0.527456 -0.5611887 0.6378539 0.3932806 -0.5807034 -0.7128211 -0.3311402 0.3820264 -0.8627873 0.7911134 0.5795898 -0.1954875 0.09127991 0.5446368 -0.8336899 -0.3311402 0.3820264 -0.8627873 0.3932806 -0.5807034 -0.7128211 -0.5845697 -0.1374345 -0.7996187 -0.5062925 0.06259555 -0.8600871 0.3932806 -0.5807034 -0.7128211 0.737101 -0.1256422 0.6640001 0.6574999 -0.737776 -0.152907 0.9243992 0.2656887 -0.2736708 0.737101 -0.1256422 0.6640002 0.5358872 -0.5910745 0.6028731 0.7674958 -0.6391992 -0.04872989 0.9424067 0.3335784 -0.02439888 0.7737361 0.2523769 0.5810666 -0.2905319 0.7307261 -0.6177627 -0.5845698 -0.1374345 -0.7996187 0.02124407 0.3547 -0.9347389 -0.3269539 -0.7684945 -0.5500159 0.3932806 -0.5807034 -0.7128211 0.635574 0.7591367 -0.1405597 0.1005764 0.1636272 -0.981382 -0.3272353 0.5105406 -0.7951512 0.8526172 0.125295 -0.5072919 0.09127991 0.5446368 -0.8336899 -0.1587979 -0.4718129 -0.8672807 -0.6961787 -0.2758874 -0.6627378 0.4456174 -0.8931416 -0.06101736 0.9573503 -0.2883493 0.01830789 0.8685619 -0.2802427 -0.408735 0.3584092 -0.8399623 -0.4074387 0.4158734 -0.9041719 0.09758348 0.6388598 -0.7527236 0.1589508 0.8464648 -0.3549199 0.3968996 3.22374e-7 -1 0 0.08281999 -0.9953665 -0.04885234 0.9034241 0.1766408 0.3906699 -0.490872 -0.8156968 -0.3060776 -0.9614549 -0.2245302 -0.1587164 -0.6533014 -0.7558922 -0.04271439 0.39345 0.9180499 0.04879999 0.4408916 0.7866814 0.4321422 0.9232719 0.3307755 0.1953368 0.04815494 0.9829721 -0.1773325 0.8994397 -0.09572773 0.4264322 0.8461545 0.5206518 0.1137735 0.6333507 0.6112216 -0.4746315 0.8656319 -0.2896244 -0.4084105 -0.9833031 0.1529498 0.0985973 -0.9019942 -0.1976629 0.3838436 -0.9456511 0.0141085 -0.3248769 -0.2257513 -0.8936625 -0.3878194 0.03356777 -0.1708904 0.9847181 0.6640277 -0.09616953 0.7414976 -0.7104774 -0.02060461 0.7034184 -0.02822869 0.1182553 0.9925818 -0.7730853 0.6048076 0.1911726 -0.7306159 0.0816885 -0.6778845 -0.6453681 0.5286526 -0.551386 -0.8584428 -0.4715713 0.2017341 0.8200055 -0.3977867 0.4115297 -0.8421217 -0.08352566 -0.5327801 -0.04960097 -0.3617055 0.9309721 0.05575254 -0.9974359 -0.04486934 0.05575254 -0.9974359 -0.04486934 0.85904 -0.1329831 -0.4943337 0.6925211 -0.4204046 -0.5862375 -0.5333684 -0.4280682 -0.7295723 0.6179394 -0.3154542 -0.7201664 5.18521e-7 -0.3711273 -0.928582 0.8778283 -0.1245619 -0.4624954 0.4283341 -0.6759648 0.5996678 0.5328835 -0.4256592 0.731334 0.8559524 0.2721837 -0.4396153 0.6364297 0.7634482 0.1100191 0.7439458 0.6591684 -0.1097344 0.4283341 -0.6759648 0.5996678 0.5328835 -0.4256592 0.731334 0.6364297 0.7634482 0.1100191 -6.97526e-6 0.9981378 0.06100154 -5.11528e-6 0.9973154 0.07322545 6.51777e-6 -0.8787709 0.4772438 6.43978e-6 -0.8840497 0.4673932 0.1184494 -0.8718026 0.475321 0.3567932 -0.7226478 0.5920125 6.43978e-6 -0.8840497 0.4673932 0.4982578 0.8198935 0.2819821 -6.37172e-6 0.9782248 0.2075485 -6.97526e-6 0.9981378 0.06100154 -5.87278e-6 0.9601063 0.2796353 -6.37172e-6 0.9782248 0.2075485 0.5243091 -0.3810452 -0.7615147 3.01659e-6 -0.9419145 -0.3358528 6.82069e-7 -0.9973175 -0.07319761 0.9354118 0.327089 0.1342295 0.8421738 0.3584865 -0.4027788 0.3544441 -0.9117005 -0.2077776 0.9533876 -0.2068851 -0.2196605 0.2018488 0.3756208 -0.9045253 0.9847009 -0.0718011 -0.1587735 0.1970589 0.5055817 0.8399732 0.2607962 0.9074489 -0.3294268 0.9533876 -0.2068851 -0.2196605 0.784651 0.4812475 -0.390799 -5.85799e-6 0.9780927 0.20817 -6.13218e-6 0.9998325 -0.01831055 -5.47275e-6 0.9901091 -0.1403004 -5.47275e-6 0.9901091 -0.1403004 -4.88904e-6 0.9782084 -0.207626 0.362354 0.8546374 -0.3718797 -3.6956e-6 0.9397934 -0.3417431 0.5090748 0.842284 0.1772023 -1.26828e-6 0.9697713 0.2440156 -3.6956e-6 0.9397934 -0.3417431 0.362354 0.8546374 -0.3718797 0.7279062 -0.347916 0.5908527 0.6628716 0.5334284 0.5254098 -0.1022181 -0.6236066 -0.7750266 0.573375 0.617716 0.5382081 0.6628716 0.5334284 0.5254098 -0.2219979 0.8617626 -0.4561602 -0.01906715 0.9861528 -0.1647401 0.4901808 0.03881867 -0.870756 0.1174728 -0.9926073 -0.03051242 0.705856 -0.3498909 0.6159089 0.1174728 -0.9926073 -0.03051242 -0.1098263 -0.9878645 -0.1098263 0.6086876 -0.4821565 0.6300988 -0.1022181 -0.6236066 -0.7750266 -0.2219979 0.8617626 -0.4561602 -0.4757214 -0.3094524 -0.823364 0.5595374 0.5805009 0.5915545 0.573375 0.617716 0.5382081 -0.2840953 0.9271283 -0.2443831 -0.2219979 0.8617626 -0.4561602 -0.4757214 -0.3094524 -0.823364 -0.7348331 -0.07486872 -0.6741031 -0.4757214 -0.3094524 -0.823364 -0.7348331 -0.07486872 -0.6741031 0.5721257 -0.5215321 0.6329901 0.5966704 0.5498652 0.5844935 -0.2312364 0.9200014 -0.3164288 -0.6965347 -0.07773144 -0.7133003 0.5416201 -0.3484575 0.7650001 0.6645675 0.4232617 0.6157919 -0.1373061 0.9796411 -0.1464599 -0.7564344 -0.04184409 -0.6527297 -0.4726105 -0.880237 0.0426874 0.5416201 -0.3484575 0.7650001 0.6645675 0.4232616 0.6157919 -0.09462902 0.9955126 0 -0.7564344 -0.04184409 -0.6527297 -0.1373061 0.9796411 -0.1464599 0.434047 0.817277 0.379027 -0.311149 0.7799698 -0.5429856 -0.7975554 -0.5049657 -0.3300229 -0.1712001 -0.8552364 0.4891433 -0.1712002 -0.8552365 0.4891433 -0.2075689 -0.9332972 0.2930385 0.7667419 -0.385662 0.5131977 0.527456 -0.5611886 0.6378538 0.3932806 -0.5807034 -0.7128211 0.527456 -0.5611886 0.6378538 -0.3311402 0.3820264 -0.8627873 -0.7975554 -0.5049657 -0.3300229 0.5358872 -0.5910745 0.6028731 0.3932806 -0.5807034 -0.7128211 0.5643207 0.7923367 0.231829 -0.2905319 0.7307261 -0.6177626 0.1005764 0.1636272 -0.9813819 0.8276302 -0.5596429 0.0427558 0.2043343 -0.955339 -0.2134836 -0.1587979 -0.4718129 -0.8672807 0.8526172 0.125295 -0.5072919 6.82069e-7 -0.9973175 -0.07319761 0.4456175 -0.8931417 -0.06101737 0.9573503 -0.2883493 0.01830789 -1.81872e-7 -0.986332 -0.1647701 0.7592226 0.3579492 0.5435562 0.9354118 0.327089 0.1342295 0.4237129 0.7148485 0.5562904 0.5090747 0.8422839 0.1772023 -1.98069e-7 0.8039372 0.5947143 -1.26828e-6 0.9697713 0.2440156 -4.8558e-7 0.9119071 0.4103965 -2.58176e-7 -0.8292359 -0.5588989 1.40173e-8 -0.5183504 -0.8551683 0.06492095 -0.9936725 0.09165311 0.7669918 -0.6167957 0.1768808 2.18314e-7 0.9873453 -0.1585852 3.87325e-7 0.7870861 -0.6168433 -0.9006329 0.2960042 -0.3181854 2.01093e-7 0.01648549 -0.9998641 2.01093e-7 0.01648549 -0.9998641 -0.9006329 0.2960042 -0.3181854 0.8638363 0.4838094 0.1404116 -0.09153055 0.9931065 0.07322444 0.8788825 -0.4577513 0.1342737 0.1359171 -0.9842538 0.1130097 -0.7042948 -0.709252 0.03050546 -0.9833728 -0.1811878 -0.01220633 -0.903392 0.4284245 -0.018312 -0.9033921 0.4284246 -0.018312 0.8943155 -0.4082412 0.1831363 0.1745179 -0.9785196 0.1097405 0.8349683 0.5044917 0.2198088 -0.1312873 0.9785484 0.158766 -0.945145 -0.2535011 -0.2060054 -0.6304446 -0.7299886 -0.2639248 -0.6994252 -0.7146799 0.006101856 -0.981397 -0.1918922 -0.006103927 0.200599 -0.9587563 -0.2013617 0.9159585 -0.3988236 -0.04427132 0.8196418 0.5700861 0.05647439 -0.2616844 0.9628155 -0.06713769 -0.929855 0.3250201 -0.1724285 -0.9143612 0.4039668 0.02746517 -0.9143612 0.4039668 0.02746517 -0.929855 0.3250201 -0.1724285 0.1928989 -0.6930635 -0.6945884 -0.4790567 -0.5507626 -0.6834949 -0.7824469 -0.03309472 -0.6218374 0.7708598 -0.2731401 -0.5754735 0.6660048 0.5491485 -0.50485 -0.355417 0.755833 -0.5499048 -0.7824469 -0.03309472 -0.6218374 -0.2257513 -0.8936624 -0.3878193 0.8656319 -0.2896244 -0.4084105 0.6333507 0.6112216 -0.4746315 -0.5576708 0.759836 -0.3341447 -0.9456511 0.01410851 -0.3248769 -0.5576708 0.7598359 -0.3341447 0.0503784 0.9694026 0.2402516 -0.5576708 0.759836 -0.3341447 0.0503784 0.9694026 0.2402516 0.7932491 0.1282356 -0.5952407 0.6910785 0.4229614 -0.5861009 -0.7709585 0.01915958 -0.6365972 0.07324067 0.8460823 -0.5279968 0.07324067 0.8460823 -0.5279968 0.141166 -0.7210913 -0.6783063 0.141166 -0.7210913 -0.6783063 -0.4726105 -0.880237 0.0426874 -0.9456511 0.01410851 -0.3248769 -0.7306159 0.0816885 -0.6778845 -0.645368 0.5286525 -0.5513859 0.07324067 0.8460823 -0.5279968 0.6910785 0.4229614 -0.5861009 0.6925211 -0.4204046 -0.5862375 0.141166 -0.7210913 -0.6783063 -0.5333684 -0.4280682 -0.7295723 -0.8421217 -0.08352566 -0.5327801 0.85904 -0.1329831 -0.4943337 -0.7709585 0.01915958 -0.6365972 0.7932491 0.1282356 -0.5952408 -0.06705074 -0.6583163 -0.7497492 0.1005764 0.1636272 -0.981382 0.02124406 0.3547 -0.9347388 -0.5845698 -0.1374345 -0.7996187 -0.5845698 -0.1374345 -0.7996187 -0.06705074 -0.6583163 -0.7497492 6.30455e-6 -0.7907715 0.6121114 0.2421731 -0.9683108 0.06104403 -2.09635e-7 -0.9632331 0.2686673 -2.32802e-7 -0.9993294 0.03661665 0.9202636 -0.3882422 -0.0488163 0.9853826 -0.1632135 -0.04881152 0.9893113 -0.1453075 0.0122043 0.9501125 -0.296243 -0.09760386 0.8598072 -0.5069582 0.06103334 0.8851558 -0.461273 0.06104523 0.6311721 -0.7721746 -0.07326786 0.3546093 -0.9321379 0.07328848 0.3100129 -0.922031 0.2318424 0.545598 -0.7755546 -0.3175499 0.6475071 -0.7604943 0.04881809 0.7172274 -0.5603815 0.414195 0.5524889 -0.7890519 0.2686134 0.6934817 -0.6636699 0.2804025 0.6880081 -0.7240584 -0.04883006 0.7796673 -0.6257178 -0.02441826 0.442674 -0.7360914 -0.5120636 0.1893666 -0.9689765 -0.1588236 0.4812538 -0.8217366 -0.3051946 0.4718414 -0.8506867 -0.2317283 0.5692191 -0.8067433 -0.1586036 0.9354903 -0.1978482 -0.2927696 0.8440287 -0.5273272 -0.09768146 0.4120337 -0.9108415 0.02441116 0.5933118 -0.7172276 -0.3654664 0.3041176 -0.9431362 -0.1341891 0.8853313 -0.03999991 -0.4632371 -0.02895438 -0.9095865 -0.4145048 0.7778127 0.0862117 -0.6225553 -0.1278474 -0.2174649 -0.9676591 -0.1234593 -0.8642149 -0.4877403 0.3921373 -0.4905516 -0.778195 0.5446503 -0.1302135 -0.8284929 0.4405237 -0.5544589 -0.7060553 0.3372715 -0.9349802 -0.1098182 -2.38622e-7 -0.9993294 -0.03661665 -2.09481e-7 -0.9632881 0.2684698 0.3270266 -0.9335989 -0.1464469 0.4377894 -0.8748161 -0.2074542 0.3606041 -0.9287941 -0.08547653 0.6706846 -0.6148101 -0.4149587 0.5206771 -0.7082432 -0.4767462 0.3712219 -0.7897526 -0.4883494 0.03274568 -0.6035929 0.79662 0.1248741 -0.7317318 0.6700561 0.443626 -0.894881 0.04882556 0.3056934 -0.8098394 0.5007113 0.3029037 -0.884647 -0.35447 0.9525828 -0.1815897 -0.2441542 0.8563447 -0.5070964 0.09760652 0.4711207 -0.8361915 -0.280765 0.5071991 -0.8617424 0.01221247 0.2872775 -0.8236307 -0.488983 0.5783764 -0.8156787 0.01220847 0.5785212 -0.8000906 0.1586452 0.2057049 -0.4072194 -0.889864 -0.1182636 -0.6160353 -0.7787903 -1.80243e-7 -0.8985046 0.4389641 -2.386e-7 -1 0 -2.04611e-7 -0.6497812 -0.7601213 0.5671378 -0.5106003 -0.6462523 -2.2089e-7 -0.7527655 -0.6582888 -2.44096e-7 -0.9354497 -0.3534598 -2.32858e-7 -0.9988069 0.04883395 0.3041176 -0.9431362 -0.1341892 0.7667066 -0.5581594 -0.3172053 -2.32858e-7 -0.9988069 0.04883395 -2.44443e-7 -0.9993294 -0.03661665 -1.92818e-7 -0.5881718 -0.8087361 0.4887547 -0.5432301 -0.6826566 0.4116797 -0.7089458 -0.5726393 -2.2675e-7 -0.81084 -0.585268 0.4859723 -0.7083923 -0.5118705 0.7280093 -0.492724 -0.4766818 -2.38596e-7 -0.9153151 -0.4027386 -1.6815e-7 -0.4362362 -0.8998322 0.6947705 0.03538535 -0.7183606 0.7911631 -0.1772114 -0.5853692 -0.2234196 -0.7602367 -0.6100194 -2.08697e-7 -0.6967745 -0.7172902 0.6706846 -0.6148101 -0.4149587 0.7172274 -0.5603815 0.414195 0.172385 -0.984349 0.03661274 0.03274568 -0.6035929 0.79662 0.5206771 -0.7082431 -0.4767462 0.6706846 -0.6148101 -0.4149587 0.3712219 -0.7897526 -0.4883494 0.5206771 -0.7082431 -0.4767462 0.1248741 -0.7317317 0.6700561 0.3056934 -0.8098394 0.5007113 0.3029037 -0.884647 -0.35447 0.4711207 -0.8361915 -0.280765 0.2872775 -0.8236306 -0.4889829 0.3712219 -0.7897526 -0.4883494 0.4711207 -0.8361915 -0.280765 0.2872775 -0.8236306 -0.4889829 0.08580364 -0.7446529 0.6619138 -1.57115e-7 -0.8191603 0.5735647 -0.2653844 -0.7652236 -0.5865186 -2.09471e-7 -0.6940227 -0.7199532 0.5566185 -0.8250154 -0.09759885 -2.08697e-7 -0.6967745 -0.7172902 -0.1125773 -0.5016199 -0.8577318 0.5710807 -0.5634663 0.5969697 0.316387 -0.4376051 0.8416657 0.3303441 -0.1680363 0.9287823 0.4941404 -0.2144455 0.842519 0.2816372 -0.1101727 0.9531749 0.5099173 -0.3622946 0.7802097 0.3280405 -0.02740058 0.9442662 0.7176529 0.1806552 0.6725608 0.8481279 -0.2059303 0.4881311 0.8273875 0.3188255 0.4623636 0.6812742 0.5764921 0.4511347 0.7262716 0.1951092 0.6591373 0.2807322 0.2942455 0.9135694 0.4104884 0.5960938 0.6900518 0.3873148 0.7891444 0.4766952 0.3921373 -0.4905517 -0.778195 -0.115206 -0.9452999 -0.3051815 -0.5824631 -0.2264287 -0.7806835 0.306215 -0.8510417 -0.4265682 0.2515099 -0.8135042 -0.5243601 0.4340356 0.6859398 0.5840374 0.7728019 0.5693126 0.2804646 0.5344888 0.8429652 0.06108444 0.517868 0.6440839 0.5629997 0.3008119 0.7868566 0.538859 5.60409e-7 0.8263569 0.5631469 3.19176e-7 0.8367016 0.5476592 0.8408762 0.5135297 0.1709222 0.831807 0.4467817 -0.3293681 0.7184725 -0.03123793 -0.6948537 0.5139578 0.7137456 -0.4758304 0.6855474 0.7267718 0.04275128 -4.94338e-7 0.933031 -0.3597963 2.26813e-7 0.9909596 0.1341607 0.9968016 -0.07779171 -0.01830393 0.2870922 -0.8385741 -0.4630029 0.3867561 -0.6924304 -0.6090647 0.9968016 -0.07779171 -0.01830393 0.9184377 0.2517312 0.3051288 0.6855474 0.7267718 0.04275128 0.5053374 0.7272581 0.4644673 0.9103491 -0.3615463 0.2013675 0.5353964 -0.8389402 -0.09762213 0.5479298 -0.8236105 0.1464196 0.7324625 0.6790539 -0.04883084 0.9470198 -0.20138 -0.2501993 0.4938638 -0.8165622 -0.2988724 1.86408e-7 -0.9841861 0.1771382 -5.41407e-7 -0.9522823 -0.3052187 0.76423 0.6127558 0.2012034 0.6659274 0.1895552 -0.7215328 5.35925e-7 0.9712109 0.2382215 0.6311721 -0.7721746 -0.07326786 -0.5174835 -0.8082818 0.280876 -0.1234593 -0.8642149 -0.4877403 0.6493616 -0.7381534 0.1829187 0.6481164 -0.5508608 -0.5258303 -0.07145518 -0.7611591 -0.6446169 -0.3198483 -0.7957948 -0.5142059 -0.8616134 -0.2297381 -0.4525955 -0.5286018 -0.7000415 -0.4801274 -0.08286774 -0.8817586 -0.4643649 -0.2234196 -0.7602367 -0.6100194 -4.0802e-8 -0.426312 0.9045762 0.5431938 -0.6541277 0.5263624 -1.56986e-7 -0.8360152 0.5487064 0.4966043 -0.2571599 0.8290072 -0.1182636 -0.6160353 -0.7787903 0.0130066 -0.5891224 -0.8079392 0.740296 -0.6469012 -0.1829774 0.2057049 -0.4072194 -0.889864 7.55456e-8 0.03656091 0.9993314 6.39635e-8 -0.008764908 0.9999617 4.09184e-8 -0.1183748 0.9929691 0.9413638 -0.3095286 -0.1342626 1.16243e-7 0.221687 0.975118 2.32909e-7 0.8189092 0.5739232 2.3868e-7 0.9988069 0.04883395 0.4407909 0.8968605 0.03666891 5.82223e-8 0.9997019 0.0244202 0.9697461 0.1282814 -0.2076936 0.8101718 -0.3216183 -0.490085 0.3574233 -0.685093 -0.6347409 0.5353964 -0.8389402 -0.09762213 -4.54084e-7 -0.9522823 -0.3052187 5.8128e-8 -0.9973216 0.07314199 -5.48797e-7 -0.8976181 -0.4407741 2.26813e-7 0.9909596 0.1341607 8.2925e-7 0.8435987 0.5369742 1.77501e-7 0.9977446 0.06712654 -2.76582e-7 -0.9952169 -0.09769 0.507659 -0.8589391 -0.06712845 0.971495 -0.2211409 0.08540615 0.7367977 0.632687 0.2384038 5.52824e-7 0.9579941 0.286788 8.12455e-7 0.906884 0.4213804 0.6768593 0.5682275 0.4679521 0.8947182 -0.3203594 0.3112063 0.4903126 -0.8558046 0.1649008 1.00301e-7 -0.9892362 0.1463277 2.76471e-7 0.996343 0.08544443 0.3982937 0.9143173 0.07339001 0.9735785 0.2243198 -0.04272759 0.7882381 0.6043413 -0.1159847 6.26183e-7 0.9525655 0.304334 0.6810287 -0.4044204 -0.6104459 0.7054488 -0.663099 -0.2502836 -7.04519e-7 -0.9332279 -0.3592851 -1.29149e-6 -0.687787 -0.7259126 -1.64498e-6 0.02895127 -0.9995809 1.45205e-6 0.5603094 0.8282834 -0.02895438 -0.9095865 -0.4145048 -0.1067261 -0.9091729 -0.4025098 -0.1278474 -0.2174649 -0.9676591 5.8128e-8 -0.9973216 0.07314199 0.4405237 -0.5544589 -0.7060553 0.4711207 -0.8361915 -0.280765 0.8064648 -0.42189 0.4142746 0.9525827 -0.1815897 -0.2441542 0.3029037 -0.884647 -0.35447 0.9928641 -0.1186249 -0.01220578 0.9111096 -0.4105335 -0.03662753 0.9126631 -0.3713174 -0.1707907 0.9158099 -0.2744758 -0.2931813 0.9087831 -0.199917 -0.3662602 0.9074789 -0.118682 0.4029847 0.9104578 -0.250109 0.3294119 0.9131612 -0.3848104 0.1343782 0.6866012 -0.7270343 0 0.7033986 -0.6629646 -0.2563362 0.7043003 -0.4781768 -0.524698 0.6832308 -0.3399007 -0.6462685 0.6581576 -0.3357791 0.6738554 0.6705636 -0.4979584 0.5498927 0.6778215 -0.6843132 0.2688373 0.3699436 -0.9290543 0 0.3832825 -0.8580951 -0.3417125 0.4013678 -0.6235876 -0.6708521 0.3814119 -0.4461944 -0.8095898 0.3359894 -0.4275883 0.8392135 0.3545163 -0.6260202 0.6945624 0.3642348 -0.8660609 0.3424495 -0.002288324 -0.9999974 0 0.007249006 -0.9255835 -0.3784744 0.0251482 -0.6812875 -0.7315838 0.01252872 -0.4844439 -0.8747326 -0.02397384 -0.4574057 0.888935 -0.01634993 -0.669967 0.7422109 -0.01104049 -0.9258782 0.3776609 -0.3715222 -0.9284241 0 -0.3601228 -0.8679589 -0.3419926 -0.3339348 -0.6389971 -0.6929433 -0.3652471 -0.4438688 -0.8182757 -0.3710431 -0.4243746 0.8259742 -0.3828589 -0.6220266 0.6830096 -0.3744459 -0.8616651 0.3425252 -0.6854102 -0.7277478 0.02441083 -0.6824311 -0.6932874 -0.2316037 -0.674319 -0.4793122 -0.5617417 -0.6431729 -0.2675295 -0.7174655 -0.6827757 -0.3368004 0.6483694 -0.6928684 -0.4829544 0.5354329 -0.6876361 -0.6697308 0.2803879 -0.9158548 -0.4013242 0.01220758 -0.9213684 -0.3600422 -0.1464578 -0.9356119 -0.2549154 -0.2442303 -0.9245643 -0.140126 -0.354324 -0.9052276 -0.1936846 0.3782187 -0.9125399 -0.2723317 0.3051335 -0.9129847 -0.3759068 0.1585976 -0.9892137 -0.1464795 0 -0.1373061 0.9796411 -0.1464599 -4.67073e-8 -0.4484377 0.8938142 0.9647657 0.2390941 0.1098231 -0.01906714 0.9861526 -0.1647401 -0.06705074 -0.6583163 -0.7497492 -0.3272353 0.5105406 -0.7951512 0.784651 0.4812475 -0.390799 0.7483171 0.4348638 -0.5009143 -0.5023094 -0.8633087 -0.04881976 -0.07060924 -0.8232004 0.5633432 -0.3832228 -0.6918663 0.6119325 -0.2191209 -0.8299108 0.5130635 -0.07060924 -0.8232004 0.5633432 -0.1183009 -0.8717308 0.4754895 -0.3590151 -0.7279183 0.5841602 -0.2235961 -0.7298298 0.6460289 -0.13318 -0.7305875 0.6697052 -0.3319707 -0.4528948 0.827455 -0.7703304 -0.2792019 0.5732691 -0.7703304 -0.2792019 0.5732691 -0.6445196 -0.4742095 0.5997666 -0.5815701 -0.1249348 0.8038455 -0.775692 0.3540543 0.5224436 -0.7756921 0.3540543 0.5224436 -0.5099652 0.1522227 0.846619 -0.4982578 0.8198935 0.2819821 -0.4464314 0.6604014 0.6037956 -0.5132158 -0.6281943 0.5847918 -0.6554919 -0.7327655 0.1827155 -0.5677318 -0.07005787 0.8202271 0.1247562 -0.6704455 0.7313951 -0.3187846 -0.5912696 0.7407947 -0.7365673 -0.3568226 0.5745836 -0.3298686 0.748798 0.5748811 -0.9640483 0.2391053 0.1159299 -0.6037776 -0.6532676 0.4568305 -0.3187846 -0.5912696 0.7407947 -0.7365673 -0.3568226 0.5745836 -0.09444665 -0.9391134 0.3303722 0.1247562 -0.6704455 0.7313951 -0.364757 -0.8951046 -0.2563983 0.05219075 -0.9668625 -0.2499061 -0.4231713 -0.6884598 -0.589024 -0.3592939 -0.8420355 -0.4023482 -0.8916005 -0.1112595 -0.4389418 -0.8662037 -0.2802424 -0.4137092 -0.7806994 -0.5750108 -0.2446854 -0.7965859 -0.5580688 -0.2324012 -0.8094913 -0.2359744 0.5376244 -0.8094913 -0.2359744 0.5376244 -0.7365673 -0.3568226 0.5745836 0.02748824 0.9414724 0.3359674 -0.9640483 0.2391053 0.1159299 -0.8916004 -0.1112595 -0.4389418 -0.7965859 -0.5580687 -0.2324012 -0.9224437 0.3596614 -0.1405047 -0.8421595 0.358528 -0.4027719 -0.7463612 0.4332851 -0.5051823 -0.8916005 -0.1112596 -0.4389418 -0.9224437 0.3596614 -0.1405047 -0.312808 0.1514569 0.937663 -0.7121547 -0.4524356 0.5367847 -0.9837325 -0.07168283 -0.164718 -0.9512073 -0.2168417 -0.2195094 -0.7835022 0.4792295 -0.3955545 -0.9512073 -0.2168417 -0.2195094 -0.2626589 0.3767585 -0.8882924 -0.2740187 0.9056357 -0.3236322 -0.2608802 0.9638076 -0.05492216 -0.2660947 0.89688 0.3532702 -0.1578616 0.9391625 0.3050467 -0.3645019 0.704653 0.6087714 -0.6213064 0.5174999 0.5883641 -0.09919411 0.9949932 0.01220851 -0.2770283 0.9293975 -0.2438764 -0.4849585 0.8302673 -0.2747208 -0.2770283 0.9293975 -0.2438763 -0.2740187 0.9056356 -0.3236321 -0.260711 -0.9490794 -0.1768565 -0.7220497 -0.3493858 0.5971381 -0.7093024 -0.3507101 0.6114676 -0.1159222 -0.9925835 -0.036607 0.01448602 0.9900051 -0.1402857 -0.260711 -0.9490793 -0.1768565 0.4892757 -0.2809035 -0.8256528 -0.5238316 -0.3775062 -0.763603 -0.3511553 -0.9130037 -0.2076396 0.3255894 0.8399596 -0.4341192 -0.6220788 0.08465482 -0.7783647 0.3997219 -0.6613719 -0.6346729 0.7564337 -0.04186788 -0.652729 0.6973284 -0.07745978 -0.7125539 0.1786327 -0.9729375 -0.1465704 0.4701454 -0.8812363 0.04884627 -0.2177242 -0.5264863 0.8218323 -0.6819514 0.2208984 0.6972418 -0.4692593 -0.3900337 0.792256 0.758041 -0.6182008 0.2078499 0.330366 -0.7876782 0.5200206 -0.6578112 0.181845 0.7309014 0.09766963 0.9952002 0.006104352 0.7850718 0.1335262 -0.6048413 0.3138537 0.7793018 -0.542388 0.7580411 -0.6182008 0.2078499 0.8685753 -0.364954 -0.3352396 0.4905018 0.0140905 -0.8713263 0.330366 -0.7876782 0.5200206 -0.540144 -0.5920222 0.5981256 0.1701726 -0.8501034 0.4983627 -0.5233382 -0.5568075 0.6450447 0.3284313 0.3824096 -0.8636526 -0.389851 -0.5756393 -0.7187877 0.3284313 0.3824096 -0.8636526 -0.09221346 0.550207 -0.8299211 -0.7896151 0.5814995 -0.1958735 -0.3898509 -0.5756392 -0.7187876 0.5825554 -0.1378639 -0.8010136 0.5085561 0.06247512 -0.8587593 -0.3898509 -0.5756392 -0.7187876 -0.7384874 -0.1253605 0.6625113 -0.7384874 -0.1253605 0.6625112 -0.9231131 0.2974222 -0.2437262 -0.650314 -0.7533568 -0.09769976 -0.540144 -0.5920222 0.5981256 -0.7658101 -0.6407176 -0.05491865 -0.7749591 0.2517807 0.5796938 -0.9389693 0.3435113 -0.01835119 0.289435 0.727967 -0.6215235 0.3534008 -0.7707793 -0.5301012 0 0.3901656 -0.9207448 0.5825554 -0.1378638 -0.8010136 -0.3898509 -0.5756392 -0.7187876 -0.650314 -0.7533568 -0.09769976 0.3089687 0.5023131 -0.8076013 -0.1003956 0.1739811 -0.979618 -0.6447365 0.7463837 -0.1650037 -0.84997 0.124906 -0.5118099 -0.09221346 0.550207 -0.8299211 0.6963245 -0.275185 -0.6628766 0.1587407 -0.4724061 -0.8669682 -0.4453118 -0.8932935 -0.06102774 -0.3592939 -0.8420356 -0.4023482 -0.8662037 -0.2802424 -0.4137092 -0.9575607 -0.2876497 0.01831192 -0.4164287 -0.9045501 0.09152278 -0.8463501 -0.3552533 0.3968458 -0.6373917 -0.7513751 0.1707844 -0.08237833 -0.9954048 -0.04881679 -0.9034203 0.1766639 0.3906682 0.4897933 -0.8142862 -0.3115132 0.6529002 -0.7558693 -0.04881497 0.961496 -0.2243491 -0.1587231 -0.4417818 0.7890321 0.4269159 -0.3935598 0.9183064 0.04271192 -0.9231554 0.3311152 0.1953122 -0.04841018 0.9819263 -0.1829676 -0.8998768 -0.09561193 0.425535 -0.8657188 -0.2898442 -0.4080701 -0.6333507 0.6112216 -0.4746315 -0.8459561 0.5209991 0.1136587 0.9832457 0.1533222 0.09859154 0.9456511 0.0141085 -0.3248769 0.9021363 -0.197527 0.3835795 0.2257705 -0.8936432 -0.3878524 -0.03279954 -0.1708627 0.9847488 -0.6640033 -0.0965476 0.7414703 0.7109558 -0.02021495 0.7029461 0.02975325 0.1182501 0.992538 0.773057 0.6047855 0.1913564 0.7309927 0.08126381 -0.6775292 0.6454982 0.5283777 -0.5514972 0.8586434 -0.4712625 0.201602 -0.8200065 -0.3981799 0.4111474 0.8421191 -0.0835254 -0.5327843 0.04960097 -0.3617055 0.9309721 -0.05575254 -0.9974359 -0.04486934 -0.05575254 -0.9974359 -0.04486934 -0.8594423 -0.132809 -0.4936808 -0.6930942 -0.4205891 -0.5854274 0.5333673 -0.4280673 -0.7295737 -0.6179394 -0.3154542 -0.7201664 -0.8728542 -0.1239506 -0.4719766 -0.8560543 0.2720948 -0.4394717 -0.5326322 -0.4256676 0.7315121 -0.4280218 -0.6760756 0.599766 -0.7448877 0.6600029 -0.09766518 -0.6345578 0.7611648 0.134032 -0.4280218 -0.6760756 0.599766 -0.5326322 -0.4256676 0.7315121 -0.6345578 0.7611648 0.134032 -0.1183009 -0.8717309 0.4754896 -0.3590151 -0.7279183 0.5841602 -0.4982578 0.8198935 0.2819821 -0.9837325 -0.07168283 -0.164718 -0.9353827 0.3271742 0.1342253 -0.8421595 0.358528 -0.4027719 -0.9512074 -0.2168418 -0.2195094 -0.2626589 0.3767585 -0.8882924 0.09465396 0.4549496 0.8854724 -0.9512074 -0.2168418 -0.2195094 -0.2740187 0.9056357 -0.3236322 -0.7835022 0.4792295 -0.3955545 -0.363649 0.8585943 -0.3613522 -0.5079789 0.8403754 0.1890154 -0.3636489 0.8585942 -0.3613522 -0.7220497 -0.3493858 0.5971381 -0.6602841 0.5314296 0.5306671 0.3997219 -0.6613719 -0.6346729 -0.6602841 0.5314296 0.5306671 -0.5744001 0.6171745 0.5377362 0.01448602 0.9900051 -0.1402857 0.3255894 0.8399596 -0.4341192 -0.6220788 0.08465482 -0.7783647 -0.1159222 -0.9925835 -0.036607 -0.7093024 -0.3507101 0.6114675 -0.6062396 -0.4805744 0.6336575 0.1128599 -0.9875244 -0.1098096 -0.1159222 -0.9925835 -0.036607 0.3997219 -0.6613719 -0.6346729 0.4892757 -0.2809035 -0.8256528 0.3255894 0.8399596 -0.4341192 -0.5744001 0.6171745 0.5377362 -0.55832 0.5784225 0.5947321 0.3255894 0.8399596 -0.4341192 0.2875269 0.9275802 -0.2385862 0.4892757 -0.2809035 -0.8256528 0.7378622 -0.07489149 -0.6707837 0.4892757 -0.2809035 -0.8256528 0.7378622 -0.07489149 -0.6707837 -0.5989202 0.5515566 0.5805859 -0.5700732 -0.5224401 0.6340922 0.6973284 -0.07745978 -0.7125539 0.2306692 0.9238225 -0.3055221 -0.5419849 -0.3507216 0.763706 -0.6620741 0.4216737 0.6195556 0.1343105 0.9800472 -0.1465206 0.7564337 -0.04186788 -0.652729 0.4701454 -0.8812364 0.04884627 -0.5419849 -0.3507216 0.763706 -0.6620742 0.4216737 0.6195556 0.09766963 0.9952002 0.006104352 0.1343105 0.9800472 -0.1465206 0.7564337 -0.04186788 -0.652729 -0.4365229 0.816191 0.3785234 0.3138537 0.7793018 -0.542388 0.1701726 -0.8501034 0.4983627 0.795784 -0.5042252 -0.3353879 -0.7669675 -0.3850116 0.5133488 0.2074212 -0.9333954 0.2928299 0.1701726 -0.8501035 0.4983627 -0.5233381 -0.5568075 0.6450447 -0.389851 -0.5756393 -0.7187877 -0.5233381 -0.5568075 0.6450447 0.3284313 0.3824096 -0.8636526 0.7957839 -0.5042252 -0.3353879 -0.540144 -0.5920222 0.5981256 -0.3898509 -0.5756392 -0.7187876 -0.5655023 0.789917 0.2371461 0.289435 0.727967 -0.6215235 0.3089687 0.5023131 -0.8076014 -0.1003956 0.1739811 -0.979618 -0.8267868 -0.5603777 0.04899477 -0.2076716 -0.9559002 -0.2076716 0.1587407 -0.4724061 -0.8669683 -0.84997 0.124906 -0.5118099 -0.4453117 -0.8932934 -0.06102773 -0.9575607 -0.2876497 0.01831192 -0.9353827 0.3271742 0.1342253 -0.7590609 0.358053 0.5437136 -0.5079788 0.8403753 0.1890154 -0.4255257 0.7170683 0.5520334 -0.06566715 -0.9941701 0.08552002 -0.7669918 -0.6167957 0.1768808 0.8988677 0.295424 -0.3236687 0.8988677 0.295424 -0.3236687 0.09304296 0.9929667 0.07321413 -0.8639957 0.4835171 0.1404375 -0.879229 -0.4571381 0.1340939 -0.1349175 -0.9840597 0.1158614 0.7042948 -0.709252 0.03050546 0.9833316 -0.1811802 -0.01525728 0.903392 0.4284245 -0.018312 0.9033921 0.4284246 -0.018312 -0.8941762 -0.4085591 0.1831078 -0.1739086 -0.9786172 0.109837 -0.8344047 0.5041513 0.2227113 0.1325892 0.9784164 0.1584974 0.9454411 -0.2535805 -0.2045435 0.98141 -0.191704 -0.009156012 0.699044 -0.7150527 0.00609853 0.6304446 -0.7299886 -0.2639248 -0.2007458 -0.9586946 -0.201509 -0.9159585 -0.3988236 -0.04427132 -0.8196418 0.5700861 0.05647439 0.2616844 0.9628155 -0.06713769 0.9145021 0.4036476 0.0274694 0.929855 0.3250201 -0.1724285 0.929855 0.3250201 -0.1724285 0.9145021 0.4036476 0.0274694 -0.1928989 -0.6930635 -0.6945884 0.478368 -0.5512295 -0.6836008 0.7825948 -0.03308484 -0.6216518 -0.7708598 -0.2731401 -0.5754735 -0.6662841 0.5486147 -0.5050617 0.3547504 0.7560378 -0.5500537 0.7825948 -0.03308484 -0.6216518 -0.8657188 -0.2898442 -0.4080701 0.2257705 -0.8936432 -0.3878524 -0.6333507 0.6112216 -0.4746315 0.5576708 0.759836 -0.3341447 0.9456511 0.01410851 -0.3248769 0.5576708 0.7598359 -0.3341447 -0.05038071 0.969447 0.2400717 0.5576708 0.759836 -0.3341447 -0.0503807 0.9694469 0.2400717 -0.6910797 0.4229621 -0.5860989 -0.7932491 0.1282356 -0.5952407 0.7706446 0.01926612 -0.636974 -0.07399932 0.8460335 -0.5279693 -0.07399932 0.8460335 -0.5279693 -0.141914 -0.7210149 -0.6782315 -0.141914 -0.7210149 -0.6782315 0.4701454 -0.8812364 0.04884627 0.9456511 0.01410851 -0.3248769 0.7309927 0.08126381 -0.6775292 -0.6910797 0.4229621 -0.5860989 -0.07399932 0.8460335 -0.5279693 0.6454982 0.5283777 -0.5514972 -0.6930942 -0.4205891 -0.5854274 0.5333673 -0.4280673 -0.7295737 -0.141914 -0.7210149 -0.6782315 -0.8594422 -0.132809 -0.4936808 0.8421191 -0.0835254 -0.5327843 -0.7932491 0.1282356 -0.5952408 0.7706446 0.01926612 -0.636974 -0.1003956 0.1739811 -0.979618 0.07008385 -0.6581788 -0.7495925 0.5825554 -0.1378638 -0.8010136 0 0.3901656 -0.9207447 0.07008385 -0.6581788 -0.7495925 0.5825554 -0.1378638 -0.8010136 -0.2421731 -0.9683108 0.06104403 -0.9202636 -0.3882422 -0.0488163 -0.9501125 -0.296243 -0.09760386 -0.9893113 -0.1453075 0.0122043 -0.9853826 -0.1632135 -0.04881152 -0.8598072 -0.5069582 0.06103334 -0.8851558 -0.461273 0.06104523 -0.6311721 -0.7721746 -0.07326786 -0.3546093 -0.9321379 0.07328848 -0.3100129 -0.922031 0.2318424 -0.545598 -0.7755546 -0.3175499 -0.7172274 -0.5603815 0.414195 -0.6475071 -0.7604943 0.04881809 -0.5524889 -0.7890519 0.2686134 -0.6934817 -0.6636699 0.2804025 -0.6880081 -0.7240584 -0.04883006 -0.7796673 -0.6257178 -0.02441826 -0.442674 -0.7360914 -0.5120636 -0.4718414 -0.8506867 -0.2317283 -0.4812538 -0.8217366 -0.3051946 -0.1893666 -0.9689765 -0.1588236 -0.5692191 -0.8067433 -0.1586036 -0.9354903 -0.1978482 -0.2927696 -0.8440287 -0.5273272 -0.09768146 -0.4120337 -0.9108415 0.02441116 -0.3041176 -0.9431362 -0.1341891 -0.5933118 -0.7172276 -0.3654664 -0.8853313 -0.03999991 -0.4632371 0.02895438 -0.9095865 -0.4145048 -0.7778127 0.0862117 -0.6225553 0.1278474 -0.2174649 -0.9676591 0.1234593 -0.8642149 -0.4877403 -0.3921373 -0.4905516 -0.778195 -0.5446503 -0.1302135 -0.8284929 -0.4405122 -0.5544918 -0.7060368 -0.3372715 -0.9349802 -0.1098182 -0.3270266 -0.9335989 -0.1464469 -0.4377894 -0.8748161 -0.2074542 -0.3606041 -0.9287941 -0.08547653 -0.6706846 -0.6148101 -0.4149587 -0.5206771 -0.7082432 -0.4767462 -0.3712219 -0.7897526 -0.4883494 -0.03274568 -0.6035929 0.79662 -0.1248741 -0.7317318 0.6700561 -0.443626 -0.894881 0.04882556 -0.3056934 -0.8098394 0.5007113 -0.3029037 -0.884647 -0.35447 -0.9525828 -0.1815897 -0.2441542 -0.4711207 -0.8361915 -0.280765 -0.8563447 -0.5070964 0.09760652 -0.5071991 -0.8617424 0.01221247 -0.2872775 -0.8236307 -0.488983 -0.5783764 -0.8156787 0.01220847 -0.5785212 -0.8000906 0.1586452 -0.2057049 -0.4072194 -0.889864 0.1182636 -0.6160353 -0.7787903 -0.5671378 -0.5106003 -0.6462523 -0.3041176 -0.9431362 -0.1341892 -0.7667066 -0.5581594 -0.3172053 -0.4887547 -0.5432301 -0.6826566 -0.4116797 -0.7089458 -0.5726393 -0.4859723 -0.7083923 -0.5118705 -0.7280093 -0.492724 -0.4766818 -0.7911631 -0.1772114 -0.5853692 -0.6947705 0.03538535 -0.7183606 0.2234196 -0.7602367 -0.6100194 -0.6706846 -0.6148101 -0.4149587 -0.172385 -0.984349 0.03661274 -0.7172274 -0.5603815 0.414195 -0.03274568 -0.6035929 0.79662 -0.5206771 -0.7082431 -0.4767462 -0.6706846 -0.6148101 -0.4149587 -0.3712219 -0.7897526 -0.4883494 -0.5206771 -0.7082431 -0.4767462 -0.1248741 -0.7317317 0.6700561 -0.3056934 -0.8098394 0.5007113 -0.3029037 -0.884647 -0.35447 -0.4711207 -0.8361915 -0.280765 -0.2872775 -0.8236306 -0.4889829 -0.3712219 -0.7897526 -0.4883494 -0.4711207 -0.8361915 -0.280765 -0.2872775 -0.8236306 -0.4889829 -0.08580364 -0.7446529 0.6619138 0.2653844 -0.7652236 -0.5865186 -0.5566185 -0.8250154 -0.09759885 0.1125773 -0.5016199 -0.8577318 -0.5710807 -0.5634663 0.5969697 -0.316387 -0.4376051 0.8416657 -0.3303441 -0.1680363 0.9287823 -0.4941404 -0.2144455 0.842519 -0.2816372 -0.1101727 0.9531749 -0.5099173 -0.3622946 0.7802097 -0.3280405 -0.02740058 0.9442662 -0.7176529 0.1806552 0.6725608 -0.8324385 0.3203743 0.4521134 -0.8485551 -0.2056642 0.4875003 -0.6816822 0.5761929 0.4509004 -0.2807322 0.2942455 0.9135694 -0.7262716 0.1951092 0.6591373 -0.4037413 0.5855386 0.7029492 -0.3853726 0.7844135 0.4859871 -0.3921373 -0.4905517 -0.778195 0.5824631 -0.2264287 -0.7806835 0.115206 -0.9452999 -0.3051815 -0.3062027 -0.8510548 -0.426551 -0.2515093 -0.8135053 -0.5243589 -0.4340356 0.6859398 0.5840374 -0.5344888 0.8429652 0.06108444 -0.7731086 0.5689775 0.2802995 -0.302075 0.7927064 0.5294971 -0.5173578 0.6449778 0.5624451 -0.8407585 0.5136271 0.171209 -0.8315718 0.4470653 -0.3295771 -0.5145187 0.7134658 -0.4756439 -0.7185059 -0.02971552 -0.6948858 -0.6855474 0.7267718 0.04275128 -0.9967281 -0.07705285 -0.02441278 -0.2854653 -0.8338218 -0.4724943 -0.3837905 -0.6874987 -0.6164824 -0.9967281 -0.07705285 -0.02441278 -0.6855474 0.7267718 0.04275128 -0.9200769 0.2522853 0.2996844 -0.507053 0.729176 0.4595647 -0.9100324 -0.3623348 0.2013819 -0.5358416 -0.8393389 -0.09156425 -0.5481427 -0.8245044 0.1404711 -0.7319719 0.6785989 -0.06099766 -0.9470198 -0.20138 -0.2501993 -0.4944793 -0.8160532 -0.2992449 -0.76423 0.6127558 0.2012034 -0.6659274 0.1895552 -0.7215328 0.5174835 -0.8082818 0.280876 -0.6311721 -0.7721746 -0.07326786 0.1234593 -0.8642149 -0.4877403 -0.649802 -0.7377881 0.1828282 -0.6439412 -0.547312 -0.5345926 0.07145775 -0.7611392 -0.6446402 0.3198483 -0.7957948 -0.5142059 0.8616134 -0.2297381 -0.4525955 0.5283244 -0.7001838 -0.480225 0.08248848 -0.8817865 -0.4643795 0.2234196 -0.7602367 -0.6100194 -0.5431938 -0.6541277 0.5263624 -0.4966043 -0.2571599 0.8290072 0.1182636 -0.6160353 -0.7787903 -0.0130066 -0.5891224 -0.8079392 -0.740296 -0.6469012 -0.1829774 -0.2057049 -0.4072194 -0.889864 -0.9413498 -0.3095717 -0.1342606 -0.439343 0.896992 0.04881589 -0.9720589 0.1287901 -0.1962516 -0.8052907 -0.3196807 -0.4993107 -0.3574233 -0.685093 -0.6347409 -0.5358416 -0.8393389 -0.09156425 -0.5083324 -0.8589919 -0.06108387 -0.9721069 -0.2228063 0.07325138 -0.7342947 0.6335838 0.2436861 -0.6785743 0.5699872 0.4633051 -0.8964053 -0.3209635 0.3056795 -0.4906332 -0.8556001 0.1650086 -0.3984652 0.9147108 0.06730314 -0.973204 0.225936 -0.04274465 -0.7882381 0.6043413 -0.1159847 -0.6810287 -0.4044204 -0.6104459 -0.7054488 -0.663099 -0.2502836 0.02895438 -0.9095865 -0.4145048 0.1069145 -0.9091544 -0.4025017 0.1278474 -0.2174649 -0.9676591 -0.4405122 -0.5544918 -0.7060368 -0.4711207 -0.8361915 -0.280765 -0.9525827 -0.1815897 -0.2441542 -0.8064648 -0.42189 0.4142746 -0.3029037 -0.884647 -0.35447 -0.9928641 -0.1186249 -0.01220578 -0.9126631 -0.3713174 -0.1707907 -0.9111096 -0.4105335 -0.03662753 -0.9158099 -0.2744758 -0.2931813 -0.9087831 -0.199917 -0.3662602 -0.9104578 -0.250109 0.3294119 -0.9074789 -0.118682 0.4029847 -0.9131612 -0.3848104 0.1343782 -0.7033986 -0.6629646 -0.2563362 -0.6866012 -0.7270343 0 -0.7043003 -0.4781768 -0.524698 -0.6832308 -0.3399007 -0.6462685 -0.6705636 -0.4979584 0.5498927 -0.6581576 -0.3357791 0.6738554 -0.6778215 -0.6843132 0.2688373 -0.3832825 -0.8580951 -0.3417125 -0.3699436 -0.9290543 0 -0.4013678 -0.6235876 -0.6708521 -0.3814119 -0.4461944 -0.8095898 -0.3545163 -0.6260202 0.6945624 -0.3359894 -0.4275883 0.8392135 -0.3642348 -0.8660609 0.3424495 -0.007249006 -0.9255835 -0.3784744 0.002288324 -0.9999974 0 -0.0251482 -0.6812875 -0.7315838 -0.01252872 -0.4844439 -0.8747326 0.01634993 -0.669967 0.7422109 0.02397384 -0.4574057 0.888935 0.01104049 -0.9258782 0.3776609 0.3601228 -0.8679589 -0.3419926 0.3715222 -0.9284241 0 0.3339348 -0.6389971 -0.6929433 0.3652471 -0.4438688 -0.8182757 0.3828589 -0.6220266 0.6830096 0.3710431 -0.4243746 0.8259742 0.3744459 -0.8616651 0.3425252 0.6824311 -0.6932874 -0.2316037 0.6854102 -0.7277478 0.02441083 0.674319 -0.4793122 -0.5617417 0.6431729 -0.2675295 -0.7174655 0.6928684 -0.4829544 0.5354329 0.6827757 -0.3368004 0.6483694 0.6876361 -0.6697308 0.2803879 0.9213684 -0.3600422 -0.1464578 0.9158548 -0.4013242 0.01220758 0.9356119 -0.2549154 -0.2442303 0.9245643 -0.140126 -0.354324 0.9125399 -0.2723317 0.3051335 0.9052276 -0.1936846 0.3782187 0.9129847 -0.3759068 0.1585976 0.9892137 -0.1464795 0 0.1343105 0.9800472 -0.1465206 -0.9640481 0.2391053 0.1159298 0.01448602 0.9900051 -0.1402857 0.07008385 -0.6581788 -0.7495925 0.3089687 0.5023131 -0.8076014 -0.7835022 0.4792295 -0.3955545 -0.7463611 0.4332851 -0.5051823 -0.1159222 -0.9925835 -0.036607</float_array>
          <technique_common>
            <accessor source="#geom-jasmine_lod1-normals-array" count="1224" stride="3">
              <param name="X" type="float"/>
              <param name="Y" type="float"/>
              <param name="Z" type="float"/>
            </accessor>
          </technique_common>
        </source>
        <source id="geom-jasmine_lod1-map1">
          <float_array id="geom-jasmine_lod1-map1-array" count="3672">0.2058 0.63032 0 0.255055 0.602755 0 0.23352 0.6502 0 0.22696 0.56831 0 0.637085 0.9766425 0 0.633815 0.963775 0 0.66054 0.9713 0 0.34085 0.97847 0 0.34555 0.94366 0 0.366905 0.966585 0 0.305145 0.954795 0 0.38417 0.93999 0 0.40002 0.95824 0 0.57877 0.96984 0 0.603495 0.97969 0 0.60143 0.98949 0 0.57395 0.98567 0 0.41679 0.93364 0 0.42495 0.96462 0 0.4391 0.9434 0 0.444045 0.9806 0 0.30067 0.99122 0 0.27202 0.98759 0 0.359455 0.89836 0 0.315785 0.88636 0 0.39308 0.8967 0 0.26258 0.9586 0 0.24346 0.98263 0 0.27822 0.93853 0 0.27446 0.89409 0 0.43931 0.92151 0 0.27238 0.87739 0 0.221685 0.2907825 0 0.181245 0.278115 0 0.23854 0.25088 0 0.31 0.29806 0 0.26664 0.30056 0 0.307685 0.26726 0 0.272655 0.25699 0 0.28878 0.33891 0 0.247815 0.336 0 0.31129 0.33762 0 0.30797 0.38794 0 0.24732 0.37627 0 0.26532 0.39238 0 0.1627775 0.3648575 0 0.20668 0.33587 0 0.191985 0.41707 0 0.17625 0.33583 0 0.17968 0.30276 0 0.11345 0.60349 0 0.135265 0.60652 0 0.113075 0.62672 0 0.1391675 0.6250475 0 0.067945 0.57728 0 0.11017 0.53873 0 0.09621 0.58684 0 0.13675 0.45787 0 0.10849 0.43122 0 0.16634 0.63374 0 0.15055 0.57755 0 0.19609 0.58308 0 0.36891 0.8444901 0 0.09382499 0.368485 0 0.09639 0.41307 0 0.06660999 0.38361 0 0.49049 0.80383 0 0.49852 0.82034 0 0.48015 0.807285 0 0.4569113 0.84613 0 0.45726 0.9574 0 0.4724 0.92748 0 0.40354 0.83742 0 0.424215 0.88133 0 0.507 0.88514 0 0.53239 0.84844 0 0.07467499 0.462385 0 0.0328575 0.4454375 0 0.056635 0.39825 0 0.16346 0.55006 0 0.13516 0.50243 0 0.1726025 0.4761375 0 0.2105 0.532735 0 0.447115 0.807215 0 0.32801 0.8196 0 0.29866 0.7901 0 0.34584 0.7818 0 0.2959 0.52465 0 0.30809 0.49432 0 0.33297 0.51123 0 0.12915 0.29677 0 0.10703 0.29076 0 0.13223 0.13821 0 0.16675 0.14215 0 0.44656 0.06607002 0 0.42051 0.07407999 0 0.4424 0.04123002 0 0.44938 0.07692999 0 0.42845 0.08837003 0 0.41478 0.04026002 0 0.40697 0.19321 0 0.41172 0.23151 0 0.3813875 0.2065475 0 0.34437 0.21932 0 0.34938 0.19135 0 0.35327 0.23784 0 0.3319 0.21072 0 0.3887 0.07932997 0 0.40397 0.10368 0 0.39854 0.08859003 0 0.34574 0.26666 0 0.33512 0.251215 0 0.27706 0.04123998 0 0.28097 0.04026997 0 0.27481 0.07116002 0 0.2600825 0.07248616 0 0.36212 0.27195 0 0.38452 0.23897 0 0.38795 0.08801001 0 0.37693 0.06742001 0 0.40584 0.14373 0 0.40338 0.15416 0 0.34879 0.14026 0 0.3443502 0.1255376 0 0.31628 0.06489003 0 0.3234 0.04022002 0 0.3767 0.04057997 0 0.41185 0.2648 0 0.35852 0.1078 0 0.41246 0.12775 0 0.40544 0.13825 0 0.3466852 0.1187022 0 0.33954 0.01476002 0 0.3156135 0.02128768 0 0.33914 0.01007998 0 0.27704 0.03377002 0 0.256855 0.02419001 0 0.26456 0.02332002 0 0.26109 0.03064001 0 0.39351 0.55228 0 0.39424 0.60929 0 0.33615 0.657205 0 0.28874 0.6006 0 0.60396 0.54029 0 0.6238675 0.5729425 0 0.57486 0.55233 0 0.63945 0.53081 0 0.66225 0.564995 0 0.5851175 0.6005175 0 0.69289 0.56433 0 0.73366 0.56484 0 0.71418 0.58821 0 0.56593 0.681025 0 0.544835 0.633435 0 0.62269 0.657015 0 0.583565 0.7152 0 0.9418125 0.5681725 0 0.93348 0.61361 0 0.907835 0.60477 0 0.91198 0.582965 0 0.8737 0.55954 0 0.908225 0.54104 0 0.894965 0.57758 0 0.909135 0.57181 0 0.93619 0.5353 0 0.957445 0.530875 0 0.92943 0.51661 0 0.958 0.50105 0 0.86334 0.56565 0 0.8611 0.54231 0 0.84783 0.54969 0 0.94542 0.48392 0 0.973995 0.5055225 0 0.91963 0.49964 0 0.96483 0.4850575 0 0.95154 0.46991 0 0.984995 0.494225 0 0.97461 0.53785 0 0.98477 0.51806 0 0.93172 0.47808 0 0.20499 0.68814 0 0.1839 0.65943 0 0.23387 0.71146 0 0.27365 0.64278 0 0.29867 0.67199 0 0.26546 0.73411 0 0.33346 0.696625 0 0.31179 0.74868 0 0.60565 0.97269 0 0.58006 0.96634 0 0.55122 0.9595075 0 0.36789 0.70996 0 0.36157 0.76111 0 0.674385 0.95994 0 0.68755 0.97727 0 0.66768 0.98532 0 0.637535 0.99089 0 0.33124 0.99612 0 0.546555 0.977175 0 0.52433 0.97197 0 0.528715 0.95256 0 0.47738 0.97358 0 0.45945 0.99461 0 0.28121 0.841035 0 0.26787 0.56635 0 0.40779 0.50545 0 0.4229 0.63507 0 0.3831 0.70556 0 0.32437 0.8472 0 0.25415 0.82978 0 0.258 0.81803 0 0.26841 0.8466 0 0.32993 0.47119 0 0.33986 0.46213 0 0.34823 0.46795 0 0.3655 0.49892 0 0.50035 0.94822 0 0.537455 0.90852 0 0.56723 0.87519 0 0.00461 0.50005 0 0.04126 0.52097 0 0.09677 0.49729 0 0.07323999 0.537 0 0.45938 0.65011 0 0.49727 0.65948 0 0.46832 0.75158 0 0.4257 0.73644 0 0.366255 0.817935 0 0.40145 0.81527 0 0.2588518 0.7877788 0 0.21721 0.45369 0 0.24984 0.51248 0 0.27085 0.43538 0 0.29735 0.479415 0 0.3118 0.43046 0 0.209195 0.5448 0 0.11552 0.03248501 0 0.14112 0.02961999 0 0.13352 0.11674 0 0.10661 0.1145 0 0.45197 0.78861 0 0.42915 0.76814 0 0.45109 0.75497 0 0.07101 0.11144 0 0.07886 0.02552998 0 0.04287 0.108345 0 0.04196 0.008710027 0 0.01647 0.01120001 0 0.01529 0.10693 0 0.1845 0.03157002 0 0.16891 0.1221 0 0.105525 0.13587 0 0.0701 0.13298 0 0.040665 0.12893 0 0.0118 0.1275 0 0.090305 0.289545 0 0.06770999 0.2891 0 0.04948499 0.288575 0 0.02824 0.2905 0 0.46482 0.06954998 0 0.46155 0.05383497 0 0.46077 0.03334999 0 0.44618 0.01393497 0 0.37969 0.17937 0 0.40314 0.17622 0 0.41172 0.01454002 0 0.41116 0.005379975 0 0.32656 0.24222 0 0.31686 0.23882 0 0.25057 0.05980003 0 0.26711 0.03399003 0 0.27274 0.03847003 0 0.257458 0.07766503 0 0.2666731 0.07462949 0 0.2555997 0.07614321 0 0.23685 0.04857999 0 0.24385 0.05541003 0 0.3440732 0.1248503 0 0.3473211 0.1168325 0 0.37786 0.01753002 0 0.37914 0.01055998 0 0.39305 0.3296 0 0.27421 0.03382999 0 0.27076 0.03065002 0 0.27014 0.02770001 0 0.25903 0.01775002 0 0.62022 0.51707 0 0.59538 0.52743 0 0.56626 0.54201 0 0.66462 0.53932 0 0.55778 0.57016 0 0.55035 0.55854 0 0.53783 0.58695 0 0.53391 0.57359 0 0.51411 0.59395 0 0.51383 0.57966 0 0.51821 0.642685 0 0.69073 0.55169 0 0.72068 0.5474 0 0.69429 0.6015 0 0.66266 0.622085 0 0.53411 0.69564 0 0.54499 0.71893 0 0.55581 0.75041 0 0.538 0.74512 0 0.73684 0.52561 0 0.75411 0.53427 0 0.7058377 0.7615724 0 0.6665517 0.80721 0 0.7493703 0.7142646 0 0.7844597 0.6812108 0 0.8087181 0.6584886 0 0.8315853 0.6352361 0 0.859543 0.6018258 0 0.6313722 0.8392191 0 0.77293 0.740725 0 0.81194 0.70738 0 0.72623 0.787855 0 0.684225 0.829645 0 0.93218 0.7295851 0 0.901755 0.753405 0 0.8377 0.68094 0 0.85779 0.6543 0 0.87676 0.77418 0 0.8412325 0.81067 0 0.7948475 0.858315 0 0.7534375 0.908835 0 0.722765 0.956325 0 0.64557 0.86219 0 0.88459 0.61837 0 0.969035 0.70827 0 0.91768 0.82868 0 0.93637 0.81208 0 0.969835 0.79562 0 0.889475 0.86417 0 0.84969 0.9054 0 0.81419 0.949465 0 0.80078 0.99097 0 0.950615 0.854515 0 0.917285 0.891385 0 0.877765 0.932545 0 0.84483 0.962765 0 0.83713 0.97758 0 0.90387 0.61623 0 0.92955 0.62641 0 0.8782 0.590535 0 0.85289 0.57479 0 0.96086 0.58132 0 0.95421 0.61843 0 0.88911 0.52686 0 0.95052 0.63481 0 0.8376 0.55798 0 0.93829 0.4634 0 0.993 0.50562 0 0.35786 0.17507 0 0.974195 0.83472 0 0.4776 0.59546 0 0.47376 0.61005 0 0.46164 0.61512 0 0.44912 0.60386 0 0.45304 0.49222 0 0.46542 0.48291 0 0.47802 0.49222 0 0.48697 0.51595 0 0.44296 0.51499 0 0.48047 0.5625 0 0.44283 0.56521 0 0.312748 0.06374258 0 0.3158709 0.04015785 0 0.4033 0.16046 0 0.34592 0.15501 0 0.3733025 0.08176678 0 0.31352 0.07140988 0 0.6539 0.94444 0 0.02554 0.91915 0 0.00613 0.95598 0 0.01027 0.91479 0 0.14722 0.88621 0 0.18203 0.86631 0 0.16603 0.91545 0 0.14351 0.9045 0 0.13105 0.92206 0 0.13039 0.93098 0 0.20768 0.90178 0 0.05414 0.9307 0 0.05452999 0.95773 0 0.05449 0.86859 0 0.039865 0.865945 0 0.06944999 0.85449 0 0.064635 0.82046 0 0.03435999 0.81968 0 0.02828 0.78674 0 0.05153 0.79091 0 0.03954 0.76326 0 0.05068 0.74888 0 0.06984999 0.74848 0 0.06114999 0.77826 0 0.090615 0.76537 0 0.17489 0.81313 0 0.1375 0.830765 0 0.07403999 0.72652 0 0.09139999 0.7423 0 0.06961 0.731635 0 0.19599 0.79438 0 0.20358 0.82637 0 0.22169 0.77049 0 0.24778 0.8034 0 0.2079 0.86205 0 0.17606 0.92988 0 0.1371 0.697835 0 0.25963 0.78034 0 0.0399 0.89945 0 0.01478 0.8896 0 0.01886 0.861785 0 0.06915 0.90697 0 0.05545999 0.8899 0 0.06332 0.91138 0 0.06112999 0.86753 0 0.06436999 0.88426 0 0.07707999 0.89518 0 0.07516999 0.8451 0 0.08986 0.84373 0 0.09624999 0.81252 0 0.1167175 0.8562925 0 0.12973 0.88551 0 0.13749 0.89794 0 0.12531 0.91154 0 0.11871 0.90149 0 0.09540999 0.91627 0 0.09636999 0.9009 0 0.09388999 0.92553 0 0.09093999 0.94646 0 0.13548 0.94735 0 0.09164 0.95674 0 0.01472 0.81998 0 0.012935 0.78403 0 0.02169 0.76708 0 0.03166 0.77526 0 0.034 0.75787 0 0.04214 0.74196 0 0.04935 0.72848 0 0.06799499 0.738605 0 0.128035 0.785385 0 0.05156999 0.71858 0 0.05624 0.71121 0 0.06689 0.70078 0 0.08297999 0.72147 0 0.08674499 0.71959 0 0.07167 0.69615 0 0.1049425 0.71117 0 0.12321 0.74727 0 0.08231499 0.68481 0 0.10708 0.66559 0 0.19624 0.74132 0 0.16664 0.76792 0 0.05607999 0.97237 0 0.00546 0.99381 0 0.5826958 0.8934763 0 0.59856 0.88882 0 0.60354 0.91345 0 0.61061 0.88923 0 0.5743545 0.9065534 0 0.5827613 0.894131 0 0.5737199 0.9207472 0 0.574442 0.9068725 0 0.62196 0.89596 0 0.627835 0.91568 0 0.61324 0.93526 0 0.5968239 0.9435339 0 0.5813841 0.9359215 0 0.5736393 0.9213223 0 0.596726 0.9435393 0 0.5813807 0.9364202 0 0.719795 0.468545 0 0.709095 0.48562 0 0.68585 0.44129 0 0.66261 0.45597 0 0.71707 0.404765 0 0.6267 0.41819 0 0.695105 0.39877 0 0.7448375 0.421335 0 0.7813925 0.4694 0 0.77479 0.432595 0 0.8277863 0.4314125 0 0.84162 0.47064 0 0.81667 0.46084 0 0.88188 0.44474 0 0.8200313 0.3632875 0 0.7736425 0.34833 0 0.80876 0.27229 0 0.86702 0.32581 0 0.87258 0.401655 0 0.92286 0.44498 0 0.87109 0.27791 0 0.9155999 0.29098 0 0.67561 0.31904 0 0.69149 0.28901 0 0.70603 0.31597 0 0.720845 0.26105 0 0.74931 0.251715 0 0.940095 0.4176625 0 0.899385 0.366955 0 0.9367775 0.3364025 0 0.89117 0.21093 0 0.93145 0.18311 0 0.98578 0.17246 0 0.970695 0.274195 0 0.84531 0.18298 0 0.83856 0.13424 0 0.81584 0.08298498 0 0.8712 0.07590002 0 0.8529 0.02433002 0 0.91486 0.03099 0 0.88059 0.00545001 0 0.81738 0.03157002 0 0.72657 0.22738 0 0.7656075 0.1492825 0 0.478545 0.437095 0 0.50212 0.41707 0 0.509585 0.449155 0 0.53017 0.42861 0 0.4749 0.40855 0 0.448055 0.431845 0 0.44751 0.40204 0 0.5389525 0.3802475 0 0.486235 0.36373 0 0.44616 0.35497 0 0.41153 0.3992 0 0.42181 0.347235 0 0.621775 0.05441499 0 0.60667 0.03926003 0 0.6425174 0.03459752 0 0.67392 0.29355 0 0.67091 0.257575 0 0.66234 0.26981 0 0.69412 0.25372 0 0.6977 0.2347 0 0.68898 0.18737 0 0.67384 0.23057 0 0.66972 0.22236 0 0.67369 0.18947 0 0.7193075 0.1168 0 0.64815 0.3932 0 0.76934 0.49012 0 0.78794 0.47668 0 0.77731 0.4908 0 0.81794 0.471745 0 0.66344 0.37255 0 0.72634 0.32507 0 0.74158 0.33168 0 0.67546 0.3455 0 0.83944 0.48701 0 0.8499 0.48402 0 0.88645 0.47695 0 0.772165 0.259175 0 0.92884 0.45971 0 0.96227 0.426725 0 0.979685 0.34085 0 0.90853 0.12756 0 0.969 0.09258997 0 0.80546 0.18183 0 0.78348 0.17831 0 0.779675 0.06322873 0 0.7863 0.02534997 0 0.743385 0.02728999 0 0.76278 0.007659972 0 0.69058 0.08100498 0 0.536995 0.46635 0 0.5579 0.44392 0 0.579255 0.391385 0 0.45175 0.29821 0 0.46976 0.300775 0 0.50137 0.30749 0 0.5493525 0.319965 0 0.57639 0.329015 0 0.610735 0.29161 0 0.56849 0.2737025 0 0.50825 0.26187 0 0.4646 0.25482 0 0.43703 0.25506 0 0.63992 0.19816 0 0.60557 0.19315 0 0.56032 0.19016 0 0.597405 0.107965 0 0.64031 0.10876 0 0.540975 0.09316003 0 0.49654 0.17681 0 0.44329 0.16087 0 0.51043 0.06682503 0 0.60163 0.01936001 0 0.6431 0.06124997 0 0.65747 0.2413 0 0.66971 0.16363 0 0.65911 0.20179 0 0.41851 0.433375 0 0.66588 0.18294 0 0.59792 0.93798 0 0.61004 0.93697 0 0.60962 0.93545 0 0.60962 0.93545 0 0.32907 0.16133 0 0.31093 0.16133 0 0.31171 0.15356 0 0.314 0.1465 0 0.32066 0.13847 0 0.32066 0.18418 0 0.314 0.17615 0 0.31171 0.16909 0 0.29314 0.16133 0 0.29404 0.14846 0 0.29687 0.1361 0 0.30598 0.11951 0 0.30598 0.20314 0 0.29687 0.18656 0 0.29404 0.1742 0 0.27628 0.16404 0 0.27684 0.14827 0 0.27863 0.12989 0 0.2849 0.10624 0 0.28489 0.21642 0 0.27863 0.19276 0 0.27684 0.17982 0 0.26 0.16404 0 0.26001 0.14732 0 0.26001 0.12782 0 0.26001 0.10145 0 0.26 0.2212 0 0.26 0.19483 0 0.26 0.18077 0 0.24373 0.16404 0 0.24317 0.14827 0 0.24138 0.12989 0 0.23512 0.10623 0 0.23511 0.21642 0 0.24138 0.19276 0 0.24317 0.17982 0 0.22687 0.16133 0 0.22597 0.14846 0 0.22314 0.13609 0 0.21403 0.11951 0 0.21403 0.20314 0 0.22314 0.18656 0 0.22597 0.17419 0 0.20908 0.16132 0 0.2083 0.15356 0 0.20601 0.1465 0 0.19935 0.13847 0 0.19935 0.18418 0 0.20601 0.17615 0 0.2083 0.16909 0 0.19094 0.16132 0 0.461685 0.01726997 0 0.80936 0.49185 0 0.130495 0.34221 0 0.2462506 0.7934179 0 0.36982 0.33592 0 0.41751 0.30539 0 0.34409 0.41552 0 0.36776 0.40887 0 0.23352 0.6502 0 0.255055 0.602755 0 0.637085 0.9766425 0 0.66054 0.9713 0 0.633815 0.963775 0 0.34085 0.97847 0 0.366905 0.966585 0 0.34555 0.94366 0 0.305145 0.954795 0 0.38417 0.93999 0 0.40002 0.95824 0 0.60143 0.98949 0 0.603495 0.97969 0 0.57877 0.96984 0 0.57395 0.98567 0 0.42495 0.96462 0 0.41679 0.93364 0 0.444045 0.9806 0 0.4391 0.9434 0 0.359455 0.89836 0 0.315785 0.88636 0 0.39308 0.8967 0 0.26258 0.9586 0 0.27822 0.93853 0 0.27446 0.89409 0 0.43931 0.92151 0 0.27238 0.87739 0 0.221685 0.2907825 0 0.23854 0.25088 0 0.181245 0.278115 0 0.26664 0.30056 0 0.272655 0.25699 0 0.247815 0.336 0 0.28878 0.33891 0 0.24732 0.37627 0 0.26532 0.39238 0 0.1627775 0.3648575 0 0.191985 0.41707 0 0.20668 0.33587 0 0.17625 0.33583 0 0.17968 0.30276 0 0.11345 0.60349 0 0.113075 0.62672 0 0.135265 0.60652 0 0.1391675 0.6250475 0 0.067945 0.57728 0 0.09621 0.58684 0 0.11017 0.53873 0 0.13675 0.45787 0 0.10849 0.43122 0 0.16634 0.63374 0 0.19609 0.58308 0 0.15055 0.57755 0 0.36891 0.8444901 0 0.09382499 0.368485 0 0.06660999 0.38361 0 0.09639 0.41307 0 0.49049 0.80383 0 0.48015 0.807285 0 0.49852 0.82034 0 0.4569113 0.84613 0 0.45726 0.9574 0 0.4724 0.92748 0 0.424215 0.88133 0 0.40354 0.83742 0 0.507 0.88514 0 0.53239 0.84844 0 0.07467499 0.462385 0 0.0328575 0.4454375 0 0.056635 0.39825 0 0.16346 0.55006 0 0.2105 0.532735 0 0.1726025 0.4761375 0 0.13516 0.50243 0 0.447115 0.807215 0 0.32801 0.8196 0 0.29866 0.7901 0 0.28121 0.841035 0 0.32437 0.8472 0 0.2959 0.52465 0 0.33297 0.51123 0 0.30809 0.49432 0 0.12915 0.29677 0 0.16675 0.14215 0 0.13223 0.13821 0 0.10703 0.29076 0 0.44656 0.06607002 0 0.4424 0.04123002 0 0.42051 0.07407999 0 0.44938 0.07692999 0 0.42845 0.08837003 0 0.41478 0.04026002 0 0.40697 0.19321 0 0.3813875 0.2065475 0 0.41172 0.23151 0 0.34938 0.19135 0 0.34437 0.21932 0 0.35327 0.23784 0 0.3319 0.21072 0 0.3887 0.07932997 0 0.40397 0.10368 0 0.39854 0.08859003 0 0.33512 0.251215 0 0.34574 0.26666 0 0.27481 0.07116002 0 0.28097 0.04026997 0 0.27706 0.04123998 0 0.2600825 0.07248616 0 0.36212 0.27195 0 0.38452 0.23897 0 0.38795 0.08801001 0 0.37693 0.06742001 0 0.34879 0.14026 0 0.40338 0.15416 0 0.40584 0.14373 0 0.3443502 0.1255376 0 0.31628 0.06489003 0 0.3767 0.04057997 0 0.3234 0.04022002 0 0.41185 0.2648 0 0.40544 0.13825 0 0.41246 0.12775 0 0.35852 0.1078 0 0.3466852 0.1187022 0 0.4079023 0.1408188 0 0.3386522 0.01048177 0 0.3173453 0.03701091 0 0.33954 0.01476002 0 0.27704 0.03377002 0 0.256855 0.02419001 0 0.26109 0.03064001 0 0.26456 0.02332002 0 0.39351 0.55228 0 0.28874 0.6006 0 0.33615 0.657205 0 0.39424 0.60929 0 0.60396 0.54029 0 0.57486 0.55233 0 0.6238675 0.5729425 0 0.66225 0.564995 0 0.5851175 0.6005175 0 0.69289 0.56433 0 0.71418 0.58821 0 0.73366 0.56484 0 0.544835 0.633435 0 0.56593 0.681025 0 0.62269 0.657015 0 0.583565 0.7152 0 0.9418125 0.5681725 0 0.91198 0.582965 0 0.907835 0.60477 0 0.93348 0.61361 0 0.8737 0.55954 0 0.894965 0.57758 0 0.908225 0.54104 0 0.909135 0.57181 0 0.93619 0.5353 0 0.957445 0.530875 0 0.92943 0.51661 0 0.958 0.50105 0 0.86334 0.56565 0 0.8611 0.54231 0 0.84783 0.54969 0 0.94542 0.48392 0 0.973995 0.5055225 0 0.91963 0.49964 0 0.96483 0.4850575 0 0.95154 0.46991 0 0.984995 0.494225 0 0.97461 0.53785 0 0.98477 0.51806 0 0.93172 0.47808 0 0.20499 0.68814 0 0.23387 0.71146 0 0.26546 0.73411 0 0.29867 0.67199 0 0.27365 0.64278 0 0.31179 0.74868 0 0.33346 0.696625 0 0.60565 0.97269 0 0.58006 0.96634 0 0.55122 0.9595075 0 0.66768 0.98532 0 0.637535 0.99089 0 0.546555 0.977175 0 0.26841 0.8466 0 0.4229 0.63507 0 0.3831 0.70556 0 0.25415 0.82978 0 0.258 0.81803 0 0.32993 0.47119 0 0.34823 0.46795 0 0.33986 0.46213 0 0.3655 0.49892 0 0.09677 0.49729 0 0.45938 0.65011 0 0.4257 0.73644 0 0.366255 0.817935 0 0.40145 0.81527 0 0.2588518 0.7877788 0 0.24984 0.51248 0 0.21721 0.45369 0 0.29735 0.479415 0 0.27085 0.43538 0 0.3118 0.43046 0 0.209195 0.5448 0 0.11552 0.03248501 0 0.10661 0.1145 0 0.13352 0.11674 0 0.14112 0.02961999 0 0.45197 0.78861 0 0.45109 0.75497 0 0.42915 0.76814 0 0.07886 0.02552998 0 0.07101 0.11144 0 0.04196 0.008710027 0 0.04287 0.108345 0 0.01647 0.01120001 0 0.01529 0.10693 0 0.1845 0.03157002 0 0.16891 0.1221 0 0.0701 0.13298 0 0.105525 0.13587 0 0.0118 0.1275 0 0.040665 0.12893 0 0.090305 0.289545 0 0.06770999 0.2891 0 0.04948499 0.288575 0 0.02824 0.2905 0 0.46482 0.06954998 0 0.46155 0.05383497 0 0.46077 0.03334999 0 0.44618 0.01393497 0 0.40314 0.17622 0 0.37969 0.17937 0 0.41172 0.01454002 0 0.41116 0.005379975 0 0.31686 0.23882 0 0.32656 0.24222 0 0.27274 0.03847003 0 0.26711 0.03399003 0 0.25057 0.05980003 0 0.257458 0.07766503 0 0.2666731 0.07462949 0 0.2555997 0.07614321 0 0.23685 0.04857999 0 0.24385 0.05541003 0 0.3440732 0.1248503 0 0.3473211 0.1168325 0 0.37786 0.01753002 0 0.37914 0.01055998 0 0.33914 0.01007998 0 0.39305 0.3296 0 0.27421 0.03382999 0 0.27076 0.03065002 0 0.27014 0.02770001 0 0.25903 0.01775002 0 0.59538 0.52743 0 0.56626 0.54201 0 0.55035 0.55854 0 0.55778 0.57016 0 0.53391 0.57359 0 0.53783 0.58695 0 0.69429 0.6015 0 0.66266 0.622085 0 0.55581 0.75041 0 0.75411 0.53427 0 0.6665517 0.80721 0 0.7058377 0.7615724 0 0.7493703 0.7142646 0 0.7844597 0.6812108 0 0.8087181 0.6584886 0 0.8315853 0.6352361 0 0.859543 0.6018258 0 0.6313722 0.8392191 0 0.77293 0.740725 0 0.81194 0.70738 0 0.72623 0.787855 0 0.684225 0.829645 0 0.93218 0.7295851 0 0.85779 0.6543 0 0.8377 0.68094 0 0.901755 0.753405 0 0.87676 0.77418 0 0.8412325 0.81067 0 0.7948475 0.858315 0 0.7534375 0.908835 0 0.64557 0.86219 0 0.722765 0.956325 0 0.969035 0.70827 0 0.88459 0.61837 0 0.91768 0.82868 0 0.93637 0.81208 0 0.969835 0.79562 0 0.889475 0.86417 0 0.84969 0.9054 0 0.81419 0.949465 0 0.80078 0.99097 0 0.917285 0.891385 0 0.950615 0.854515 0 0.877765 0.932545 0 0.84483 0.962765 0 0.83713 0.97758 0 0.90387 0.61623 0 0.92955 0.62641 0 0.8782 0.590535 0 0.85289 0.57479 0 0.95421 0.61843 0 0.96086 0.58132 0 0.88911 0.52686 0 0.95052 0.63481 0 0.8376 0.55798 0 0.93829 0.4634 0 0.993 0.50562 0 0.35786 0.17507 0 0.974195 0.83472 0 0.4776 0.59546 0 0.44912 0.60386 0 0.46164 0.61512 0 0.47376 0.61005 0 0.45304 0.49222 0 0.47802 0.49222 0 0.46542 0.48291 0 0.44296 0.51499 0 0.48697 0.51595 0 0.44283 0.56521 0 0.48047 0.5625 0 0.3158709 0.04015785 0 0.31352 0.07140988 0 0.34592 0.15501 0 0.4033 0.16046 0 0.31352 0.07140988 0 0.3733025 0.08176678 0 0.02554 0.91915 0 0.14722 0.88621 0 0.14351 0.9045 0 0.16603 0.91545 0 0.18203 0.86631 0 0.13105 0.92206 0 0.13039 0.93098 0 0.20768 0.90178 0 0.05414 0.9307 0 0.05452999 0.95773 0 0.05449 0.86859 0 0.06944999 0.85449 0 0.039865 0.865945 0 0.064635 0.82046 0 0.03435999 0.81968 0 0.02828 0.78674 0 0.05153 0.79091 0 0.03954 0.76326 0 0.06114999 0.77826 0 0.06984999 0.74848 0 0.05068 0.74888 0 0.090615 0.76537 0 0.17489 0.81313 0 0.1375 0.830765 0 0.07403999 0.72652 0 0.06961 0.731635 0 0.09139999 0.7423 0 0.19599 0.79438 0 0.20358 0.82637 0 0.22169 0.77049 0 0.24778 0.8034 0 0.2079 0.86205 0 0.17606 0.92988 0 0.1371 0.697835 0 0.25963 0.78034 0 0.0399 0.89945 0 0.06915 0.90697 0 0.05545999 0.8899 0 0.06332 0.91138 0 0.06112999 0.86753 0 0.06436999 0.88426 0 0.07707999 0.89518 0 0.07516999 0.8451 0 0.08986 0.84373 0 0.09624999 0.81252 0 0.1167175 0.8562925 0 0.12973 0.88551 0 0.13749 0.89794 0 0.11871 0.90149 0 0.12531 0.91154 0 0.09540999 0.91627 0 0.09636999 0.9009 0 0.09388999 0.92553 0 0.09093999 0.94646 0 0.13548 0.94735 0 0.09164 0.95674 0 0.03166 0.77526 0 0.06799499 0.738605 0 0.128035 0.785385 0 0.08297999 0.72147 0 0.08674499 0.71959 0 0.1049425 0.71117 0 0.12321 0.74727 0 0.16664 0.76792 0 0.19624 0.74132 0 0.05607999 0.97237 0 0.5826958 0.8934763 0 0.60354 0.91345 0 0.59856 0.88882 0 0.61061 0.88923 0 0.5743545 0.9065534 0 0.5827613 0.894131 0 0.5737199 0.9207472 0 0.574442 0.9068725 0 0.62196 0.89596 0 0.627835 0.91568 0 0.61324 0.93526 0 0.5968239 0.9435339 0 0.5813841 0.9359215 0 0.5736393 0.9213223 0 0.596726 0.9435393 0 0.5813807 0.9364202 0 0.719795 0.468545 0 0.68585 0.44129 0 0.71707 0.404765 0 0.695105 0.39877 0 0.7448375 0.421335 0 0.7813925 0.4694 0 0.77479 0.432595 0 0.8277863 0.4314125 0 0.84162 0.47064 0 0.81667 0.46084 0 0.88188 0.44474 0 0.8200313 0.3632875 0 0.80876 0.27229 0 0.7736425 0.34833 0 0.86702 0.32581 0 0.92286 0.44498 0 0.87258 0.401655 0 0.87109 0.27791 0 0.9155999 0.29098 0 0.67561 0.31904 0 0.70603 0.31597 0 0.69149 0.28901 0 0.720845 0.26105 0 0.74931 0.251715 0 0.940095 0.4176625 0 0.9367775 0.3364025 0 0.899385 0.366955 0 0.93145 0.18311 0 0.89117 0.21093 0 0.84531 0.18298 0 0.83856 0.13424 0 0.8712 0.07590002 0 0.81584 0.08298498 0 0.8529 0.02433002 0 0.81738 0.03157002 0 0.72657 0.22738 0 0.7656075 0.1492825 0 0.478545 0.437095 0 0.509585 0.449155 0 0.50212 0.41707 0 0.53017 0.42861 0 0.4749 0.40855 0 0.448055 0.431845 0 0.44751 0.40204 0 0.5389525 0.3802475 0 0.486235 0.36373 0 0.44616 0.35497 0 0.621775 0.05441499 0 0.60667 0.03926003 0 0.67091 0.257575 0 0.67392 0.29355 0 0.66234 0.26981 0 0.69412 0.25372 0 0.6977 0.2347 0 0.68898 0.18737 0 0.67384 0.23057 0 0.66972 0.22236 0 0.67369 0.18947 0 0.7193075 0.1168 0 0.64815 0.3932 0 0.78794 0.47668 0 0.81794 0.471745 0 0.66344 0.37255 0 0.72634 0.32507 0 0.74158 0.33168 0 0.67546 0.3455 0 0.772165 0.259175 0 0.90853 0.12756 0 0.80546 0.18183 0 0.78348 0.17831 0 0.779675 0.06322873 0 0.7863 0.02534997 0 0.46976 0.300775 0 0.50137 0.30749 0 0.5493525 0.319965 0 0.56849 0.2737025 0 0.50825 0.26187 0 0.4646 0.25482 0 0.60557 0.19315 0 0.56032 0.19016 0 0.597405 0.107965 0 0.540975 0.09316003 0 0.49654 0.17681 0 0.65747 0.2413 0 0.66971 0.16363 0 0.65911 0.20179 0 0.66588 0.18294 0 0.59792 0.93798 0 0.60962 0.93545 0 0.61004 0.93697 0 0.60962 0.93545 0 0.32907 0.16133 0 0.31171 0.15356 0 0.31093 0.16133 0 0.314 0.1465 0 0.32066 0.13847 0 0.314 0.17615 0 0.32066 0.18418 0 0.31171 0.16909 0 0.29404 0.14846 0 0.29314 0.16133 0 0.29687 0.1361 0 0.30598 0.11951 0 0.29687 0.18656 0 0.30598 0.20314 0 0.29404 0.1742 0 0.27684 0.14827 0 0.27628 0.16404 0 0.27863 0.12989 0 0.2849 0.10624 0 0.27863 0.19276 0 0.28489 0.21642 0 0.27684 0.17982 0 0.26001 0.14732 0 0.26 0.16404 0 0.26001 0.12782 0 0.26001 0.10145 0 0.26 0.19483 0 0.26 0.2212 0 0.26 0.18077 0 0.24317 0.14827 0 0.24373 0.16404 0 0.24138 0.12989 0 0.23512 0.10623 0 0.24138 0.19276 0 0.23511 0.21642 0 0.24317 0.17982 0 0.22597 0.14846 0 0.22687 0.16133 0 0.22314 0.13609 0 0.21403 0.11951 0 0.22314 0.18656 0 0.21403 0.20314 0 0.22597 0.17419 0 0.2083 0.15356 0 0.20908 0.16132 0 0.20601 0.1465 0 0.19935 0.13847 0 0.20601 0.17615 0 0.19935 0.18418 0 0.2083 0.16909 0 0.19094 0.16132 0 0.461685 0.01726997 0 0.130495 0.34221 0 0.2462506 0.7934179 0 0.36982 0.33592 0 0.41751 0.30539 0 0.34409 0.41552 0 0.36776 0.40887 0 0.34584 0.7818 0</float_array>
          <technique_common>
            <accessor source="#geom-jasmine_lod1-map1-array" count="1224" stride="3">
              <param name="S" type="float"/>
              <param name="T" type="float"/>
              <param name="P" type="float"/>
            </accessor>
          </technique_common>
        </source>
        <vertices id="geom-jasmine_lod1-vertices">
          <input semantic="POSITION" source="#geom-jasmine_lod1-positions"/>
        </vertices>
        <triangles material="jasmine_mat" count="1752">
          <input semantic="VERTEX" source="#geom-jasmine_lod1-vertices" offset="0"/>
          <input semantic="NORMAL" source="#geom-jasmine_lod1-normals" offset="1"/>
          <input semantic="TEXCOORD" source="#geom-jasmine_lod1-map1" offset="2" set="0"/>
          <p>0 0 0 1 1 1 2 2 2 1 1 1 0 0 0 3 3 3 4 4 4 5 5 5 6 6 6 7 7 7 8 8 8 9 9 9 10 10 10 8 8 8 7 7 7 11 11 11 9 9 9 8 8 8 12 12 12 9 9 9 11 11 11 13 13 13 14 14 14 15 15 15 15 15 15 16 16 16 13 13 13 12 12 12 17 17 17 18 18 18 11 11 11 17 17 17 12 12 12 18 18 18 19 19 19 20 20 20 19 19 19 18 18 18 17 17 17 21 21 21 22 22 22 10 10 10 8 8 8 23 23 23 11 11 11 8 8 8 10 10 10 24 24 24 23 23 23 8 8 8 24 24 24 25 25 25 11 11 11 23 23 23 22 22 22 26 26 26 10 10 10 27 27 27 26 26 26 22 22 22 28 28 28 10 10 10 26 26 26 28 28 28 24 24 24 10 10 10 29 29 29 24 24 24 28 28 28 19 19 19 17 17 17 30 30 30 31 31 31 24 24 24 29 29 29 32 32 32 33 33 33 34 34 34 35 35 35 36 36 36 37 37 37 38 38 38 36 36 36 34 34 34 34 34 34 36 36 36 32 32 32 36 36 36 38 38 38 37 37 37 36 36 36 39 39 39 40 40 40 41 41 41 42 42 42 39 39 39 43 43 43 40 40 40 39 39 39 44 44 44 39 39 39 42 42 42 32 32 32 36 36 36 40 40 40 45 45 45 46 46 46 47 47 47 48 48 48 46 46 46 45 45 45 46 46 46 49 49 49 32 32 32 49 49 49 46 46 46 48 48 48 33 33 33 32 32 32 49 49 49 50 50 50 51 51 51 52 52 52 53 53 53 52 52 52 51 51 51 54 54 54 55 55 55 56 56 56 57 57 57 58 58 58 47 47 47 51 51 51 59 59 59 53 53 53 51 51 51 60 60 60 61 61 61 61 61 61 59 59 59 51 51 51 23 23 23 62 62 62 25 25 25 63 63 63 64 64 64 65 65 65 66 66 66 67 67 67 68 68 68 67 67 67 69 69 69 68 68 68 70 70 70 20 20 20 19 19 19 30 30 30 69 69 69 71 71 71 25 25 25 72 72 72 73 73 73 74 74 74 71 71 71 69 69 69 74 74 74 69 69 69 75 75 75 67 67 67 75 75 75 69 69 69 58 58 58 57 57 57 76 76 76 77 77 77 78 78 78 58 58 58 58 58 58 76 76 76 77 77 77 79 79 79 80 80 80 81 81 81 81 81 81 82 82 82 79 79 79 72 72 72 25 25 25 62 62 62 83 83 83 68 68 68 69 69 69 84 84 84 85 85 85 86 86 86 87 87 87 88 88 88 89 89 89 90 90 90 91 91 91 92 92 92 92 92 92 93 93 93 90 90 90 94 94 94 95 95 95 96 96 96 97 97 97 98 98 98 94 94 94 95 95 95 94 94 94 98 98 98 99 99 99 96 96 96 95 95 95 100 100 100 101 101 101 102 102 102 102 102 102 103 103 103 104 104 104 103 103 103 102 102 102 105 105 105 106 106 106 104 104 104 103 103 103 95 95 95 107 107 107 99 99 99 98 98 98 108 108 108 95 95 95 109 109 109 95 95 95 108 108 108 107 107 107 95 95 95 109 109 109 105 105 105 110 110 110 111 111 111 112 112 112 113 113 113 114 114 114 114 114 114 115 115 115 112 112 112 110 110 110 105 105 105 116 116 116 117 117 117 116 116 116 105 105 105 105 105 105 102 102 102 117 117 117 107 107 107 109 109 109 118 118 118 119 119 119 99 99 99 107 107 107 120 120 120 121 121 121 122 122 122 122 122 122 123 123 123 120 120 120 124 124 124 125 125 125 126 126 126 126 126 126 119 119 119 124 124 124 117 117 117 102 102 102 101 101 101 116 116 116 117 117 117 127 127 127 128 128 128 129 129 129 130 130 130 130 130 130 131 131 131 128 128 128 130 130 130 129 129 129 121 121 121 121 121 121 120 120 120 130 130 130 132 132 132 125 125 125 133 133 133 133 133 133 134 134 134 132 132 132 112 112 112 135 135 135 113 113 113 136 136 136 137 137 137 138 138 138 139 139 139 140 140 140 141 141 141 141 141 141 142 142 142 139 139 139 143 143 143 144 144 144 145 145 145 143 143 143 146 146 146 144 144 144 146 146 146 147 147 147 144 144 144 148 148 148 145 145 145 144 144 144 149 149 149 150 150 150 151 151 151 148 148 148 152 152 152 153 153 153 152 152 152 148 148 148 154 154 154 154 154 154 155 155 155 152 152 152 156 156 156 157 157 157 158 158 158 158 158 158 159 159 159 156 156 156 160 160 160 161 161 161 162 162 162 163 163 163 162 162 162 161 161 161 161 161 161 164 164 164 163 163 163 165 165 165 156 156 156 164 164 164 161 161 161 166 166 166 164 164 164 165 165 165 164 164 164 167 167 167 164 164 164 166 166 166 167 167 167 168 168 168 169 169 169 160 160 160 169 169 169 168 168 168 170 170 170 167 167 167 166 166 166 171 171 171 172 172 172 165 165 165 167 167 167 173 173 173 171 171 171 166 166 166 171 171 171 174 174 174 167 167 167 175 175 175 174 174 174 171 171 171 172 172 172 174 174 174 176 176 176 177 177 177 172 172 172 178 178 178 172 172 172 177 177 177 165 165 165 171 171 171 173 173 173 179 179 179 2 2 2 180 180 180 181 181 181 181 181 181 0 0 0 2 2 2 180 180 180 2 2 2 182 182 182 182 182 182 183 183 183 184 184 184 184 184 184 185 185 185 182 182 182 185 185 185 184 184 184 186 186 186 186 186 186 187 187 187 185 185 185 4 4 4 14 14 14 188 188 188 188 188 188 5 5 5 4 4 4 189 189 189 188 188 188 14 14 14 14 14 14 13 13 13 189 189 189 189 189 189 13 13 13 190 190 190 186 186 186 191 191 191 192 192 192 192 192 192 187 187 187 186 186 186 193 193 193 194 194 194 195 195 195 195 195 195 6 6 6 193 193 193 195 195 195 196 196 196 4 4 4 4 4 4 6 6 6 195 195 195 197 197 197 21 21 21 10 10 10 10 10 10 7 7 7 197 197 197 14 14 14 4 4 4 196 196 196 196 196 196 15 15 15 14 14 14 13 13 13 16 16 16 198 198 198 198 198 198 190 190 190 13 13 13 199 199 199 200 200 200 190 190 190 190 190 190 198 198 198 199 199 199 20 20 20 70 70 70 201 201 201 201 201 201 202 202 202 20 20 20 17 17 17 11 11 11 25 25 25 25 25 25 73 73 73 17 17 17 31 31 31 203 203 203 24 24 24 35 35 35 39 39 39 36 36 36 43 43 43 39 39 39 44 44 44 204 204 204 205 205 205 139 139 139 139 139 139 142 142 142 204 204 204 32 32 32 40 40 40 46 46 46 43 43 43 46 46 46 40 40 40 50 50 50 60 60 60 51 51 51 206 206 206 207 207 207 141 141 141 141 141 141 140 140 140 206 206 206 79 79 79 60 60 60 55 55 55 55 55 55 80 80 80 79 79 79 203 203 203 208 208 208 24 24 24 62 62 62 23 23 23 24 24 24 24 24 24 208 208 208 62 62 62 209 209 209 210 210 210 203 203 203 203 203 203 211 211 211 209 209 209 212 212 212 213 213 213 214 214 214 215 215 215 89 89 89 212 212 212 212 212 212 214 214 214 215 215 215 19 19 19 30 30 30 71 71 71 71 71 71 70 70 70 19 19 19 70 70 70 71 71 71 216 216 216 216 216 216 201 201 201 70 70 70 30 30 30 73 73 73 69 69 69 72 72 72 69 69 69 73 73 73 74 74 74 217 217 217 216 216 216 216 216 216 71 71 71 74 74 74 217 217 217 74 74 74 75 75 75 75 75 75 218 218 218 217 217 217 219 219 219 77 77 77 76 76 76 76 76 76 220 220 220 219 219 219 220 220 220 76 76 76 221 221 221 221 221 221 222 222 222 220 220 220 223 223 223 224 224 224 225 225 225 225 225 225 226 226 226 223 223 223 208 208 208 84 84 84 227 227 227 227 227 227 62 62 62 208 208 208 62 62 62 227 227 227 228 228 228 228 228 228 72 72 72 62 62 62 228 228 228 83 83 83 69 69 69 69 69 69 72 72 72 228 228 228 210 210 210 229 229 229 85 85 85 85 85 85 203 203 203 210 210 210 82 82 82 81 81 81 230 230 230 230 230 230 231 231 231 82 82 82 231 231 231 230 230 230 232 232 232 232 232 232 233 233 233 231 231 231 233 233 233 232 232 232 234 234 234 234 234 234 212 212 212 233 233 233 79 79 79 235 235 235 61 61 61 61 61 61 60 60 60 79 79 79 236 236 236 237 237 237 238 238 238 238 238 238 239 239 239 236 236 236 240 240 240 241 241 241 242 242 242 236 236 236 239 239 239 243 243 243 243 243 243 244 244 244 236 236 236 244 244 244 243 243 243 245 245 245 245 245 245 246 246 246 244 244 244 247 247 247 246 246 246 245 245 245 245 245 245 248 248 248 247 247 247 249 249 249 250 250 250 238 238 238 238 238 238 237 237 237 249 249 249 250 250 250 93 93 93 92 92 92 92 92 92 238 238 238 250 250 250 239 239 239 251 251 251 252 252 252 252 252 252 243 243 243 239 239 239 248 248 248 245 245 245 253 253 253 253 253 253 254 254 254 248 248 248 251 251 251 92 92 92 91 91 91 91 91 91 255 255 255 251 251 251 252 252 252 251 251 251 255 255 255 255 255 255 256 256 256 252 252 252 252 252 252 256 256 256 257 257 257 257 257 257 253 253 253 252 252 252 257 257 257 258 258 258 254 254 254 254 254 254 253 253 253 257 257 257 259 259 259 97 97 97 94 94 94 94 94 94 260 260 260 259 259 259 260 260 260 96 96 96 261 261 261 96 96 96 262 262 262 261 261 261 102 102 102 263 263 263 264 264 264 264 264 264 100 100 100 102 102 102 99 99 99 265 265 265 262 262 262 262 262 262 96 96 96 99 99 99 262 262 262 265 265 265 266 266 266 106 106 106 103 103 103 267 267 267 267 267 267 268 268 268 106 106 106 267 267 267 103 103 103 105 105 105 105 105 105 111 111 111 267 267 267 269 269 269 270 270 270 271 271 271 271 271 271 272 272 272 269 269 269 271 271 271 112 112 112 273 273 273 273 273 273 274 274 274 271 271 271 275 275 275 136 136 136 138 138 138 138 138 138 276 276 276 275 275 275 276 276 276 138 138 138 270 270 270 270 270 270 269 269 269 276 276 276 99 99 99 119 119 119 126 126 126 277 277 277 278 278 278 130 130 130 130 130 130 120 120 120 277 277 277 126 126 126 279 279 279 265 265 265 265 265 265 99 99 99 126 126 126 126 126 126 125 125 125 132 132 132 132 132 132 279 279 279 126 126 126 279 279 279 280 280 280 266 266 266 266 266 266 265 265 265 279 279 279 280 280 280 279 279 279 132 132 132 132 132 132 134 134 134 280 280 280 127 127 127 281 281 281 116 116 116 282 282 282 271 271 271 270 270 270 270 270 270 283 283 283 282 282 282 135 135 135 112 112 112 271 271 271 271 271 271 282 282 282 135 135 135 270 270 270 138 138 138 284 284 284 284 284 284 283 283 283 270 270 270 283 283 283 284 284 284 135 135 135 135 135 135 282 282 282 283 283 283 136 136 136 285 285 285 137 137 137 223 223 223 226 226 226 207 207 207 207 207 207 206 206 206 223 223 223 286 286 286 146 146 146 143 143 143 143 143 143 287 287 287 286 286 286 145 145 145 288 288 288 287 287 287 287 287 287 143 143 143 145 145 145 146 146 146 289 289 289 147 147 147 145 145 145 290 290 290 291 291 291 291 291 291 288 288 288 145 145 145 290 290 290 145 145 145 148 148 148 290 290 290 292 292 292 293 293 293 293 293 293 291 291 291 290 290 290 148 148 148 153 153 153 292 292 292 292 292 292 290 290 290 148 148 148 292 292 292 294 294 294 295 295 295 295 295 295 293 293 293 292 292 292 153 153 153 296 296 296 294 294 294 294 294 294 292 292 292 153 153 153 147 147 147 289 289 289 297 297 297 297 297 297 149 149 149 147 147 147 298 298 298 150 150 150 149 149 149 149 149 149 297 297 297 298 298 298 299 299 299 147 147 147 149 149 149 149 149 149 151 151 151 299 299 299 300 300 300 144 144 144 147 147 147 147 147 147 299 299 299 300 300 300 300 300 300 154 154 154 148 148 148 148 148 148 144 144 144 300 300 300 296 296 296 153 153 153 152 152 152 152 152 152 301 301 301 296 296 296 152 152 152 155 155 155 302 302 302 302 302 302 301 301 301 152 152 152 302 302 302 155 155 155 303 303 303 303 303 303 304 304 304 302 302 302 298 298 298 305 305 305 306 306 306 306 306 306 150 150 150 298 298 298 155 155 155 154 154 154 307 307 307 307 307 307 308 308 308 155 155 155 309 309 309 307 307 307 154 154 154 154 154 154 300 300 300 309 309 309 310 310 310 309 309 309 300 300 300 300 300 300 299 299 299 310 310 310 151 151 151 311 311 311 310 310 310 310 310 310 299 299 299 151 151 151 150 150 150 312 312 312 311 311 311 311 311 311 151 151 151 150 150 150 150 150 150 306 306 306 313 313 313 313 313 313 312 312 312 150 150 150 155 155 155 308 308 308 314 314 314 314 314 314 303 303 303 155 155 155 315 315 315 309 309 309 310 310 310 310 310 310 316 316 316 315 315 315 315 315 315 317 317 317 307 307 307 307 307 307 309 309 309 315 315 315 317 317 317 318 318 318 308 308 308 308 308 308 307 307 307 317 317 317 319 319 319 320 320 320 321 321 321 321 321 321 322 322 322 319 319 319 316 316 316 321 321 321 320 320 320 320 320 320 323 323 323 316 316 316 316 316 316 323 323 323 324 324 324 324 324 324 315 315 315 316 316 316 317 317 317 315 315 315 324 324 324 324 324 324 325 325 325 317 317 317 325 325 325 326 326 326 318 318 318 318 318 318 317 317 317 325 325 325 326 326 326 327 327 327 328 328 328 328 328 328 318 318 318 326 326 326 322 322 322 329 329 329 330 330 330 330 330 330 319 319 319 322 322 322 331 331 331 323 323 323 320 320 320 320 320 320 332 332 332 331 331 331 332 332 332 320 320 320 319 319 319 319 319 319 333 333 333 332 332 332 324 324 324 323 323 323 331 331 331 331 331 331 334 334 334 324 324 324 325 325 325 324 324 324 334 334 334 334 334 334 335 335 335 325 325 325 335 335 335 336 336 336 326 326 326 326 326 326 325 325 325 335 335 335 327 327 327 326 326 326 336 336 336 336 336 336 337 337 337 327 327 327 333 333 333 319 319 319 330 330 330 334 334 334 331 331 331 338 338 338 338 338 338 339 339 339 334 334 334 332 332 332 338 338 338 331 331 331 340 340 340 335 335 335 334 334 334 334 334 334 339 339 339 340 340 340 336 336 336 335 335 335 340 340 340 340 340 340 341 341 341 336 336 336 342 342 342 337 337 337 336 336 336 336 336 336 341 341 341 342 342 342 343 343 343 158 158 158 344 344 344 345 345 345 346 346 346 168 168 168 156 156 156 347 347 347 348 348 348 348 348 348 157 157 157 156 156 156 349 349 349 166 166 166 161 161 161 348 348 348 350 350 350 344 344 344 344 344 344 157 157 157 348 348 348 346 346 346 351 351 351 170 170 170 170 170 170 168 168 168 346 346 346 161 161 161 160 160 160 169 169 169 169 169 169 349 349 349 161 161 161 177 177 177 347 347 347 156 156 156 156 156 156 165 165 165 177 177 177 173 173 173 166 166 166 349 349 349 352 352 352 175 175 175 171 171 171 171 171 171 179 179 179 352 352 352 172 172 172 176 176 176 353 353 353 353 353 353 178 178 178 172 172 172 88 88 88 212 212 212 89 89 89 354 354 354 263 263 263 102 102 102 102 102 102 104 104 104 354 354 354 338 338 338 332 332 332 333 333 333 333 333 333 355 355 355 338 338 338 356 356 356 357 357 357 358 358 358 358 358 358 359 359 359 356 356 356 360 360 360 361 361 361 362 362 362 360 360 360 362 362 362 363 363 363 363 363 363 364 364 364 360 360 360 364 364 364 363 363 363 365 365 365 365 365 365 366 366 366 364 364 364 366 366 366 365 365 365 356 356 356 356 356 356 359 359 359 366 366 366 124 124 124 367 367 367 368 368 368 368 368 368 125 125 125 124 124 124 121 121 121 369 369 369 370 370 370 370 370 370 122 122 122 121 121 121 124 124 124 119 119 119 371 371 371 371 371 371 372 372 372 124 124 124 373 373 373 193 193 193 6 6 6 6 6 6 5 5 5 373 373 373 88 88 88 233 233 233 212 212 212 374 374 374 375 375 375 376 376 376 377 377 377 378 378 378 379 379 379 379 379 379 380 380 380 377 377 377 381 381 381 379 379 379 382 382 382 378 378 378 383 383 383 379 379 379 384 384 384 385 385 385 374 374 374 386 386 386 387 387 387 388 388 388 388 388 388 387 387 387 389 389 389 389 389 389 387 387 387 390 390 390 391 391 391 392 392 392 390 390 390 389 389 389 390 390 390 392 392 392 393 393 393 394 394 394 395 395 395 395 395 395 396 396 396 393 393 393 396 396 396 395 395 395 397 397 397 398 398 398 378 378 378 399 399 399 400 400 400 401 401 401 402 402 402 403 403 403 404 404 404 398 398 398 378 378 378 398 398 398 404 404 404 405 405 405 406 406 406 403 403 403 404 404 404 407 407 407 378 378 378 404 404 404 403 403 403 406 406 406 378 378 378 407 407 407 383 383 383 383 383 383 408 408 408 379 379 379 374 374 374 385 385 385 375 375 375 180 180 180 409 409 409 181 181 181 185 185 185 410 410 410 405 405 405 411 411 411 374 374 374 376 376 376 376 376 376 412 412 412 411 411 411 387 387 387 411 411 411 412 412 412 412 412 412 413 413 413 387 387 387 414 414 414 411 411 411 415 415 415 384 384 384 374 374 374 411 411 411 411 411 411 416 416 416 384 384 384 415 415 415 411 411 411 387 387 387 387 387 387 386 386 386 415 415 415 388 388 388 417 417 417 386 386 386 418 418 418 415 415 415 386 386 386 386 386 386 417 417 417 418 418 418 419 419 419 414 414 414 415 415 415 415 415 415 418 418 418 419 419 419 420 420 420 388 388 388 389 389 389 421 421 421 420 420 420 389 389 389 389 389 389 422 422 422 421 421 421 422 422 422 399 399 399 423 423 423 423 423 423 421 421 421 422 422 422 423 423 423 377 377 377 424 424 424 399 399 399 378 378 378 377 377 377 377 377 377 423 423 423 399 399 399 377 377 377 425 425 425 424 424 424 380 380 380 426 426 426 427 427 427 427 427 427 425 425 425 380 380 380 380 380 380 379 379 379 381 381 381 381 381 381 426 426 426 380 380 380 428 428 428 414 414 414 419 419 419 419 419 419 429 429 429 428 428 428 416 416 416 414 414 414 428 428 428 428 428 428 430 430 430 416 416 416 427 427 427 426 426 426 428 428 428 428 428 428 429 429 429 427 427 427 381 381 381 430 430 430 428 428 428 428 428 428 426 426 426 381 381 381 430 430 430 431 431 431 384 384 384 384 384 384 416 416 416 430 430 430 382 382 382 431 431 431 430 430 430 430 430 430 381 381 381 382 382 382 379 379 379 408 408 408 432 432 432 432 432 432 382 382 382 379 379 379 382 382 382 432 432 432 433 433 433 433 433 433 431 431 431 382 382 382 431 431 431 433 433 433 385 385 385 385 385 385 384 384 384 431 431 431 390 390 390 387 387 387 413 413 413 413 413 413 434 434 434 390 390 390 434 434 434 435 435 435 391 391 391 391 391 391 390 390 390 434 434 434 391 391 391 435 435 435 436 436 436 436 436 436 437 437 437 391 391 391 391 391 391 437 437 437 396 396 396 396 396 396 392 392 392 391 391 391 437 437 437 436 436 436 438 438 438 438 438 438 393 393 393 437 437 437 393 393 393 438 438 438 439 439 439 439 439 439 394 394 394 393 393 393 397 397 397 389 389 389 392 392 392 392 392 392 396 396 396 397 397 397 439 439 439 440 440 440 394 394 394 441 441 441 395 395 395 394 394 394 399 399 399 442 442 442 398 398 398 400 400 400 402 402 402 443 443 443 443 443 443 444 444 444 400 400 400 401 401 401 395 395 395 441 441 441 395 395 395 401 401 401 397 397 397 445 445 445 446 446 446 400 400 400 400 400 400 444 444 444 445 445 445 401 401 401 446 446 446 447 447 447 448 448 448 447 447 447 446 446 446 446 446 446 445 445 445 448 448 448 449 449 449 409 409 409 450 450 450 409 409 409 449 449 449 451 451 451 451 451 451 452 452 452 409 409 409 442 442 442 397 397 397 450 450 450 450 450 450 409 409 409 453 453 453 453 453 453 454 454 454 450 450 450 398 398 398 442 442 442 454 454 454 454 454 454 403 403 403 398 398 398 403 403 403 454 454 454 453 453 453 453 453 453 405 405 405 403 403 403 405 405 405 453 453 453 182 182 182 182 182 182 185 185 185 405 405 405 375 375 375 385 385 385 455 455 455 455 455 455 456 456 456 375 375 375 433 433 433 455 455 455 385 385 385 185 185 185 187 187 187 410 410 410 401 401 401 450 450 450 397 397 397 457 457 457 458 458 458 459 459 459 458 458 458 460 460 460 459 459 459 461 461 461 462 462 462 459 459 459 463 463 463 464 464 464 459 459 459 460 460 460 465 465 465 459 459 459 465 465 465 466 466 466 459 459 459 466 466 466 467 467 467 459 459 459 467 467 467 468 468 468 459 459 459 469 469 469 470 470 470 459 459 459 471 471 471 472 472 472 459 459 459 473 473 473 474 474 474 475 475 475 474 474 474 476 476 476 475 475 475 473 473 473 475 475 475 477 477 477 476 476 476 478 478 478 475 475 475 475 475 475 479 479 479 477 477 477 477 477 477 480 480 480 473 473 473 481 481 481 473 473 473 482 482 482 483 483 483 481 481 481 482 482 482 484 484 484 485 485 485 483 483 483 484 484 484 483 483 483 486 486 486 487 487 487 488 488 488 489 489 489 489 489 489 490 490 490 487 487 487 486 486 486 491 491 491 492 492 492 490 490 490 489 489 489 493 493 493 493 493 493 494 494 494 490 490 490 495 495 495 496 496 496 497 497 497 497 497 497 496 496 496 498 498 498 498 498 498 499 499 499 497 497 497 500 500 500 501 501 501 502 502 502 493 493 493 503 503 503 504 504 504 504 504 504 494 494 494 493 493 493 504 504 504 505 505 505 506 506 506 506 506 506 494 494 494 504 504 504 489 489 489 507 507 507 503 503 503 508 508 508 509 509 509 510 510 510 510 510 510 511 511 511 512 512 512 511 511 511 510 510 510 509 509 509 513 513 513 512 512 512 511 511 511 509 509 509 514 514 514 511 511 511 498 498 498 515 515 515 499 499 499 499 499 499 515 515 515 516 516 516 517 517 517 518 518 518 519 519 519 520 520 520 519 519 519 518 518 518 521 521 521 517 517 517 522 522 522 517 517 517 521 521 521 518 518 518 522 522 522 523 523 523 521 521 521 520 520 520 518 518 518 524 524 524 518 518 518 521 521 521 525 525 525 525 525 525 524 524 524 518 518 518 521 521 521 523 523 523 525 525 525 526 526 526 523 523 523 527 527 527 526 526 526 525 525 525 523 523 523 528 528 528 526 526 526 527 527 527 529 529 529 530 530 530 531 531 531 496 496 496 532 532 532 533 533 533 534 534 534 533 533 533 532 532 532 496 496 496 535 535 535 498 498 498 533 533 533 535 535 535 496 496 496 515 515 515 498 498 498 536 536 536 535 535 535 536 536 536 498 498 498 515 515 515 536 536 536 537 537 537 535 535 535 533 533 533 538 538 538 536 536 536 535 535 535 538 538 538 536 536 536 538 538 538 537 537 537 539 539 539 540 540 540 537 537 537 537 537 537 538 538 538 539 539 539 537 537 537 541 541 541 516 516 516 516 516 516 515 515 515 537 537 537 475 475 475 478 478 478 542 542 542 542 542 542 479 479 479 475 475 475 543 543 543 474 474 474 473 473 473 473 473 473 481 481 481 543 543 543 481 481 481 544 544 544 545 545 545 545 545 545 543 543 543 481 481 481 546 546 546 544 544 544 481 481 481 481 481 481 485 485 485 546 546 546 479 479 479 542 542 542 547 547 547 483 483 483 485 485 485 481 481 481 548 548 548 549 549 549 477 477 477 477 477 477 479 479 479 548 548 548 479 479 479 547 547 547 550 550 550 479 479 479 550 550 550 497 497 497 548 548 548 479 479 479 497 497 497 477 477 477 549 549 549 488 488 488 488 488 488 480 480 480 477 477 477 488 488 488 487 487 487 482 482 482 482 482 482 480 480 480 488 488 488 483 483 483 482 482 482 487 487 487 484 484 484 546 546 546 485 485 485 551 551 551 546 546 546 484 484 484 484 484 484 552 552 552 551 551 551 553 553 553 552 552 552 484 484 484 484 484 484 486 486 486 553 553 553 483 483 483 491 491 491 486 486 486 490 490 490 501 501 501 487 487 487 489 489 489 488 488 488 554 554 554 555 555 555 553 553 553 486 486 486 486 486 486 492 492 492 555 555 555 548 548 548 499 499 499 554 554 554 554 554 554 549 549 549 548 548 548 499 499 499 548 548 548 497 497 497 492 492 492 500 500 500 556 556 556 556 556 556 555 555 555 492 492 492 500 500 500 502 502 502 557 557 557 557 557 557 556 556 556 500 500 500 502 502 502 501 501 501 490 490 490 490 490 490 494 494 494 502 502 502 494 494 494 506 506 506 557 557 557 557 557 557 502 502 502 494 494 494 489 489 489 503 503 503 493 493 493 504 504 504 503 503 503 507 507 507 507 507 507 558 558 558 504 504 504 504 504 504 558 558 558 559 559 559 559 559 559 505 505 505 504 504 504 507 507 507 489 489 489 554 554 554 554 554 554 560 560 560 507 507 507 560 560 560 508 508 508 507 507 507 558 558 558 508 508 508 510 510 510 510 510 510 512 512 512 559 559 559 559 559 559 558 558 558 510 510 510 509 509 509 508 508 508 560 560 560 560 560 560 561 561 561 509 509 509 560 560 560 554 554 554 561 561 561 561 561 561 499 499 499 516 516 516 509 509 509 561 561 561 516 516 516 562 562 562 509 509 509 516 516 516 562 562 562 563 563 563 514 514 514 514 514 514 509 509 509 562 562 562 564 564 564 565 565 565 562 562 562 541 541 541 566 566 566 564 564 564 564 564 564 562 562 562 541 541 541 567 567 567 519 519 519 520 520 520 520 520 520 568 568 568 567 567 567 568 568 568 520 520 520 524 524 524 524 524 524 569 569 569 568 568 568 570 570 570 571 571 571 526 526 526 526 526 526 528 528 528 570 570 570 571 571 571 572 572 572 525 525 525 525 525 525 526 526 526 571 571 571 525 525 525 572 572 572 573 573 573 573 573 573 524 524 524 525 525 525 524 524 524 573 573 573 574 574 574 574 574 574 569 569 569 524 524 524 575 575 575 574 574 574 573 573 573 573 573 573 576 576 576 575 575 575 573 573 573 572 572 572 577 577 577 577 577 577 576 576 576 573 573 573 577 577 577 572 572 572 571 571 571 571 571 571 578 578 578 577 577 577 578 578 578 571 571 571 570 570 570 570 570 570 579 579 579 578 578 578 580 580 580 575 575 575 576 576 576 576 576 576 581 581 581 580 580 580 581 581 581 576 576 576 582 582 582 580 580 580 581 581 581 583 583 583 583 583 583 584 584 584 580 580 580 581 581 581 582 582 582 583 583 583 582 582 582 576 576 576 577 577 577 585 585 585 582 582 582 586 586 586 586 586 586 582 582 582 577 577 577 586 586 586 577 577 577 578 578 578 578 578 578 587 587 587 586 586 586 588 588 588 585 585 585 586 586 586 586 586 586 587 587 587 588 588 588 530 530 530 585 585 585 588 588 588 588 588 588 589 589 589 530 530 530 529 529 529 590 590 590 584 584 584 584 584 584 583 583 583 529 529 529 591 591 591 533 533 533 534 534 534 538 538 538 533 533 533 591 591 591 591 591 591 539 539 539 538 538 538 566 566 566 541 541 541 592 592 592 593 593 593 540 540 540 539 539 539 501 501 501 500 500 500 491 491 491 522 522 522 594 594 594 527 527 527 527 527 527 523 523 523 522 522 522 583 583 583 530 530 530 529 529 529 590 590 590 529 529 529 531 531 531 589 589 589 531 531 531 530 530 530 516 516 516 541 541 541 562 562 562 537 537 537 540 540 540 595 595 595 595 595 595 592 592 592 537 537 537 540 540 540 593 593 593 595 595 595 495 495 495 497 497 497 550 550 550 593 593 593 539 539 539 591 591 591 541 541 541 537 537 537 592 592 592 389 389 389 397 397 397 422 422 422 397 397 397 442 442 442 422 422 422 399 399 399 422 422 422 442 442 442 450 450 450 454 454 454 442 442 442 440 440 440 441 441 441 394 394 394 596 596 596 597 597 597 598 598 598 597 597 597 599 599 599 598 598 598 377 377 377 380 380 380 425 425 425 600 600 600 601 601 601 602 602 602 600 600 600 602 602 602 603 603 603 600 600 600 603 603 603 604 604 604 600 600 600 605 605 605 606 606 606 600 600 600 606 606 606 607 607 607 600 600 600 607 607 607 601 601 601 602 602 602 601 601 601 608 608 608 608 608 608 609 609 609 602 602 602 603 603 603 602 602 602 609 609 609 609 609 609 610 610 610 603 603 603 604 604 604 603 603 603 610 610 610 610 610 610 611 611 611 604 604 604 606 606 606 605 605 605 612 612 612 612 612 612 613 613 613 606 606 606 606 606 606 613 613 613 614 614 614 614 614 614 607 607 607 606 606 606 601 601 601 607 607 607 614 614 614 614 614 614 608 608 608 601 601 601 609 609 609 608 608 608 615 615 615 615 615 615 616 616 616 609 609 609 609 609 609 616 616 616 617 617 617 617 617 617 610 610 610 609 609 609 611 611 611 610 610 610 617 617 617 617 617 617 618 618 618 611 611 611 613 613 613 612 612 612 619 619 619 619 619 619 620 620 620 613 613 613 614 614 614 613 613 613 620 620 620 620 620 620 621 621 621 614 614 614 608 608 608 614 614 614 621 621 621 621 621 621 615 615 615 608 608 608 615 615 615 622 622 622 623 623 623 623 623 623 616 616 616 615 615 615 616 616 616 623 623 623 624 624 624 624 624 624 617 617 617 616 616 616 618 618 618 617 617 617 624 624 624 624 624 624 625 625 625 618 618 618 620 620 620 619 619 619 626 626 626 626 626 626 627 627 627 620 620 620 621 621 621 620 620 620 627 627 627 627 627 627 628 628 628 621 621 621 615 615 615 621 621 621 628 628 628 628 628 628 622 622 622 615 615 615 622 622 622 629 629 629 630 630 630 630 630 630 623 623 623 622 622 622 623 623 623 630 630 630 631 631 631 631 631 631 624 624 624 623 623 623 625 625 625 624 624 624 631 631 631 631 631 631 632 632 632 625 625 625 627 627 627 626 626 626 633 633 633 633 633 633 634 634 634 627 627 627 628 628 628 627 627 627 634 634 634 634 634 634 635 635 635 628 628 628 622 622 622 628 628 628 635 635 635 635 635 635 629 629 629 622 622 622 630 630 630 629 629 629 636 636 636 636 636 636 637 637 637 630 630 630 631 631 631 630 630 630 637 637 637 637 637 637 638 638 638 631 631 631 631 631 631 638 638 638 639 639 639 639 639 639 632 632 632 631 631 631 634 634 634 633 633 633 640 640 640 640 640 640 641 641 641 634 634 634 635 635 635 634 634 634 641 641 641 641 641 641 642 642 642 635 635 635 629 629 629 635 635 635 642 642 642 642 642 642 636 636 636 629 629 629 637 637 637 636 636 636 643 643 643 643 643 643 644 644 644 637 637 637 637 637 637 644 644 644 645 645 645 645 645 645 638 638 638 637 637 637 638 638 638 645 645 645 646 646 646 646 646 646 639 639 639 638 638 638 641 641 641 640 640 640 647 647 647 647 647 647 648 648 648 641 641 641 642 642 642 641 641 641 648 648 648 648 648 648 649 649 649 642 642 642 636 636 636 642 642 642 649 649 649 649 649 649 643 643 643 636 636 636 650 650 650 644 644 644 643 643 643 650 650 650 645 645 645 644 644 644 650 650 650 646 646 646 645 645 645 650 650 650 648 648 648 647 647 647 650 650 650 649 649 649 648 648 648 650 650 650 643 643 643 649 649 649 448 448 448 451 451 451 449 449 449 449 449 449 447 447 447 448 448 448 449 449 449 450 450 450 401 401 401 401 401 401 447 447 447 449 449 449 401 401 401 400 400 400 446 446 446 585 585 585 583 583 583 582 582 582 599 599 599 597 597 597 596 596 596 76 76 76 57 57 57 221 221 221 487 487 487 501 501 501 491 491 491 473 473 473 480 480 480 482 482 482 251 251 251 239 239 239 238 238 238 238 238 238 92 92 92 251 251 251 253 253 253 245 245 245 243 243 243 243 243 243 252 252 252 253 253 253 73 73 73 30 30 30 17 17 17 262 262 262 651 651 651 261 261 261 94 94 94 96 96 96 260 260 260 578 578 578 579 579 579 587 587 587 546 546 546 551 551 551 652 652 652 652 652 652 545 545 545 544 544 544 544 544 544 546 546 546 652 652 652 565 565 565 563 563 563 562 562 562 558 558 558 507 507 507 508 508 508 495 495 495 532 532 532 496 496 496 414 414 414 416 416 416 411 411 411 322 322 322 321 321 321 311 311 311 311 311 311 312 312 312 322 322 322 329 329 329 322 322 322 312 312 312 312 312 312 313 313 313 329 329 329 321 321 321 316 316 316 310 310 310 310 310 310 311 311 311 321 321 321 318 318 318 328 328 328 314 314 314 314 314 314 308 308 308 318 318 318 396 396 396 437 437 437 393 393 393 180 180 180 453 453 453 409 409 409 180 180 180 182 182 182 453 453 453 409 409 409 452 452 452 181 181 181 483 483 483 487 487 487 491 491 491 491 491 491 500 500 500 492 492 492 488 488 488 549 549 549 554 554 554 56 56 56 55 55 55 60 60 60 60 60 60 50 50 50 56 56 56 43 43 43 44 44 44 47 47 47 63 63 63 653 653 653 45 45 45 45 45 45 64 64 64 63 63 63 210 210 210 654 654 654 229 229 229 212 212 212 234 234 234 213 213 213 281 281 281 655 655 655 116 116 116 127 127 127 656 656 656 281 281 281 117 117 117 101 101 101 127 127 127 583 583 583 585 585 585 530 530 530 35 35 35 41 41 41 39 39 39 410 410 410 406 406 406 405 405 405 2 2 2 1 1 1 183 183 183 2 2 2 183 183 183 182 182 182 174 174 174 172 172 172 167 167 167 345 345 345 168 168 168 160 160 160 160 160 160 162 162 162 345 345 345 163 163 163 164 164 164 156 156 156 156 156 156 159 159 159 163 163 163 657 657 657 658 658 658 213 213 213 234 234 234 657 657 657 213 213 213 158 158 158 157 157 157 344 344 344 0 0 0 659 659 659 660 660 660 660 660 660 3 3 3 0 0 0 661 661 661 662 662 662 663 663 663 664 664 664 665 665 665 666 666 666 667 667 667 664 664 664 666 666 666 668 668 668 666 666 666 665 665 665 669 669 669 668 668 668 665 665 665 670 670 670 671 671 671 672 672 672 672 672 672 673 673 673 670 670 670 669 669 669 674 674 674 675 675 675 668 668 668 669 669 669 675 675 675 674 674 674 676 676 676 677 677 677 677 677 677 675 675 675 674 674 674 21 21 21 667 667 667 22 22 22 666 666 666 668 668 668 678 678 678 666 666 666 679 679 679 667 667 667 678 678 678 679 679 679 666 666 666 680 680 680 678 678 678 668 668 668 22 22 22 667 667 667 681 681 681 27 27 27 22 22 22 681 681 681 682 682 682 681 681 681 667 667 667 682 682 682 667 667 667 679 679 679 683 683 683 682 682 682 679 679 679 677 677 677 684 684 684 675 675 675 685 685 685 683 683 683 679 679 679 686 686 686 687 687 687 688 688 688 35 35 35 37 37 37 689 689 689 690 690 690 687 687 687 689 689 689 687 687 687 686 686 686 689 689 689 689 689 689 37 37 37 690 690 690 689 689 689 691 691 691 692 692 692 41 41 41 692 692 692 42 42 42 693 693 693 692 692 692 691 691 691 694 694 694 42 42 42 692 692 692 686 686 686 691 691 691 689 689 689 695 695 695 696 696 696 697 697 697 698 698 698 695 695 695 697 697 697 697 697 697 686 686 686 699 699 699 699 699 699 698 698 698 697 697 697 688 688 688 699 699 699 686 686 686 700 700 700 701 701 701 702 702 702 703 703 703 702 702 702 701 701 701 704 704 704 705 705 705 706 706 706 707 707 707 696 696 696 708 708 708 702 702 702 703 703 703 709 709 709 710 710 710 711 711 711 702 702 702 702 702 702 709 709 709 710 710 710 678 678 678 680 680 680 712 712 712 713 713 713 714 714 714 715 715 715 716 716 716 717 717 717 718 718 718 718 718 718 717 717 717 719 719 719 720 720 720 677 677 677 676 676 676 684 684 684 721 721 721 719 719 719 680 680 680 722 722 722 723 723 723 724 724 724 719 719 719 721 721 721 724 724 724 725 725 725 719 719 719 718 718 718 719 719 719 725 725 725 708 708 708 726 726 726 707 707 707 727 727 727 726 726 726 708 708 708 708 708 708 728 728 728 727 727 727 729 729 729 730 730 730 731 731 731 731 731 731 732 732 732 729 729 729 723 723 723 712 712 712 680 680 680 733 733 733 719 719 719 717 717 717 734 734 734 735 735 735 736 736 736 736 736 736 737 737 737 734 734 734 738 738 738 739 739 739 740 740 740 741 741 741 742 742 742 743 743 743 743 743 743 744 744 744 741 741 741 745 745 745 746 746 746 747 747 747 748 748 748 745 745 745 749 749 749 747 747 747 749 749 749 745 745 745 750 750 750 747 747 747 746 746 746 751 751 751 752 752 752 753 753 753 752 752 752 754 754 754 755 755 755 755 755 755 756 756 756 752 752 752 757 757 757 755 755 755 754 754 754 747 747 747 750 750 750 758 758 758 749 749 749 747 747 747 759 759 759 760 760 760 759 759 759 747 747 747 758 758 758 760 760 760 747 747 747 756 756 756 761 761 761 762 762 762 763 763 763 764 764 764 765 765 765 765 765 765 766 766 766 763 763 763 762 762 762 767 767 767 756 756 756 768 768 768 756 756 756 767 767 767 756 756 756 768 768 768 752 752 752 758 758 758 769 769 769 760 760 760 770 770 770 758 758 758 750 750 750 771 771 771 772 772 772 773 773 773 773 773 773 774 774 774 771 771 771 775 775 775 770 770 770 776 776 776 776 776 776 777 777 777 775 775 775 768 768 768 753 753 753 752 752 752 767 767 767 778 778 778 768 768 768 779 779 779 780 780 780 781 781 781 781 781 781 782 782 782 779 779 779 780 780 780 779 779 779 783 783 783 783 783 783 772 772 772 780 780 780 784 784 784 785 785 785 777 777 777 777 777 777 786 786 786 784 784 784 765 765 765 764 764 764 787 787 787 788 788 788 789 789 789 790 790 790 791 791 791 792 792 792 793 793 793 793 793 793 794 794 794 791 791 791 795 795 795 796 796 796 797 797 797 795 795 795 797 797 797 146 146 146 146 146 146 797 797 797 798 798 798 799 799 799 797 797 797 796 796 796 800 800 800 801 801 801 802 802 802 799 799 799 803 803 803 804 804 804 804 804 804 805 805 805 799 799 799 805 805 805 804 804 804 806 806 806 807 807 807 808 808 808 809 809 809 809 809 809 810 810 810 807 807 807 811 811 811 812 812 812 813 813 813 814 814 814 815 815 815 813 813 813 813 813 813 812 812 812 814 814 814 816 816 816 815 815 815 807 807 807 813 813 813 815 815 815 817 817 817 816 816 816 818 818 818 815 815 815 815 815 815 818 818 818 817 817 817 819 819 819 811 811 811 820 820 820 820 820 820 821 821 821 819 819 819 818 818 818 822 822 822 817 817 817 823 823 823 818 818 818 816 816 816 824 824 824 817 817 817 822 822 822 822 822 822 818 818 818 825 825 825 826 826 826 822 822 822 825 825 825 823 823 823 827 827 827 825 825 825 828 828 828 829 829 829 823 823 823 823 823 823 816 816 816 828 828 828 822 822 822 830 830 830 824 824 824 659 659 659 0 0 0 181 181 181 181 181 181 831 831 831 659 659 659 831 831 831 832 832 832 659 659 659 832 832 832 833 833 833 834 834 834 834 834 834 835 835 835 832 832 832 833 833 833 836 836 836 837 837 837 837 837 837 834 834 834 833 833 833 661 661 661 663 663 663 838 838 838 838 838 838 671 671 671 661 661 661 839 839 839 672 672 672 671 671 671 671 671 671 838 838 838 839 839 839 840 840 840 672 672 672 839 839 839 837 837 837 836 836 836 192 192 192 192 192 192 191 191 191 837 837 837 193 193 193 662 662 662 841 841 841 841 841 841 194 194 194 193 193 193 841 841 841 662 662 662 661 661 661 661 661 661 842 842 842 841 841 841 197 197 197 664 664 664 667 667 667 667 667 667 21 21 21 197 197 197 671 671 671 670 670 670 842 842 842 842 842 842 661 661 661 671 671 671 843 843 843 673 673 673 672 672 672 672 672 672 840 840 840 843 843 843 840 840 840 200 200 200 199 199 199 199 199 199 843 843 843 840 840 840 676 676 676 202 202 202 201 201 201 201 201 201 720 720 720 676 676 676 675 675 675 680 680 680 668 668 668 680 680 680 675 675 675 722 722 722 685 685 685 736 736 736 844 844 844 35 35 35 689 689 689 692 692 692 693 693 693 694 694 694 692 692 692 204 204 204 792 792 792 791 791 791 791 791 791 205 205 205 204 204 204 686 686 686 697 697 697 691 691 691 693 693 693 691 691 691 697 697 697 700 700 700 702 702 702 711 711 711 845 845 845 794 794 794 793 793 793 793 793 793 846 846 846 845 845 845 729 729 729 732 732 732 706 706 706 706 706 706 711 711 711 729 729 729 736 736 736 679 679 679 737 737 737 712 712 712 737 737 737 679 679 679 679 679 679 678 678 678 712 712 712 847 847 847 844 844 844 736 736 736 736 736 736 848 848 848 847 847 847 849 849 849 850 850 850 851 851 851 852 852 852 850 850 850 849 849 849 849 849 849 739 739 739 852 852 852 677 677 677 720 720 720 721 721 721 721 721 721 684 684 684 677 677 677 720 720 720 201 201 201 216 216 216 216 216 216 721 721 721 720 720 720 684 684 684 719 719 719 722 722 722 723 723 723 722 722 722 719 719 719 724 724 724 721 721 721 216 216 216 216 216 216 217 217 217 724 724 724 217 217 217 218 218 218 725 725 725 725 725 725 724 724 724 217 217 217 219 219 219 220 220 220 726 726 726 726 726 726 727 727 727 219 219 219 220 220 220 222 222 222 853 853 853 853 853 853 726 726 726 220 220 220 854 854 854 855 855 855 225 225 225 225 225 225 224 224 224 854 854 854 737 737 737 712 712 712 856 856 856 856 856 856 734 734 734 737 737 737 712 712 712 723 723 723 857 857 857 857 857 857 856 856 856 712 712 712 857 857 857 723 723 723 719 719 719 719 719 719 733 733 733 857 857 857 848 848 848 736 736 736 735 735 735 735 735 735 858 858 858 848 848 848 730 730 730 859 859 859 860 860 860 860 860 860 731 731 731 730 730 730 859 859 859 861 861 861 862 862 862 862 862 862 860 860 860 859 859 859 861 861 861 849 849 849 863 863 863 863 863 863 862 862 862 861 861 861 729 729 729 711 711 711 710 710 710 710 710 710 864 864 864 729 729 729 865 865 865 866 866 866 867 867 867 867 867 867 868 868 868 865 865 865 869 869 869 870 870 870 871 871 871 865 865 865 872 872 872 873 873 873 873 873 873 866 866 866 865 865 865 872 872 872 874 874 874 875 875 875 875 875 875 873 873 873 872 872 872 876 876 876 877 877 877 875 875 875 875 875 875 874 874 874 876 876 876 878 878 878 868 868 868 867 867 867 867 867 867 879 879 879 878 878 878 879 879 879 867 867 867 743 743 743 743 743 743 742 742 742 879 879 879 866 866 866 873 873 873 880 880 880 880 880 880 881 881 881 866 866 866 877 877 877 882 882 882 883 883 883 883 883 883 875 875 875 877 877 877 881 881 881 884 884 884 744 744 744 744 744 744 743 743 743 881 881 881 880 880 880 885 885 885 884 884 884 884 884 884 881 881 881 880 880 880 880 880 880 883 883 883 886 886 886 886 886 886 885 885 885 880 880 880 886 886 886 883 883 883 882 882 882 882 882 882 887 887 887 886 886 886 888 888 888 889 889 889 745 745 745 745 745 745 748 748 748 888 888 888 889 889 889 890 890 890 746 746 746 746 746 746 890 890 890 891 891 891 752 752 752 751 751 751 892 892 892 892 892 892 893 893 893 752 752 752 750 750 750 746 746 746 891 891 891 891 891 891 894 894 894 750 750 750 891 891 891 895 895 895 894 894 894 757 757 757 896 896 896 897 897 897 897 897 897 755 755 755 757 757 757 897 897 897 761 761 761 756 756 756 756 756 756 755 755 755 897 897 897 898 898 898 899 899 899 900 900 900 900 900 900 901 901 901 898 898 898 902 902 902 765 765 765 898 898 898 898 898 898 903 903 903 902 902 902 904 904 904 905 905 905 789 789 789 789 789 789 788 788 788 904 904 904 905 905 905 900 900 900 899 899 899 899 899 899 789 789 789 905 905 905 750 750 750 776 776 776 770 770 770 906 906 906 773 773 773 779 779 779 779 779 779 907 907 907 906 906 906 776 776 776 750 750 750 894 894 894 894 894 894 908 908 908 776 776 776 776 776 776 908 908 908 786 786 786 786 786 786 777 777 777 776 776 776 908 908 908 894 894 894 895 895 895 895 895 895 909 909 909 908 908 908 909 909 909 910 910 910 786 786 786 786 786 786 908 908 908 909 909 909 778 778 778 767 767 767 911 911 911 912 912 912 913 913 913 899 899 899 899 899 899 898 898 898 912 912 912 787 787 787 912 912 912 898 898 898 898 898 898 765 765 765 787 787 787 899 899 899 913 913 913 914 914 914 914 914 914 789 789 789 899 899 899 913 913 913 912 912 912 787 787 787 787 787 787 914 914 914 913 913 913 788 788 788 790 790 790 915 915 915 854 854 854 845 845 845 846 846 846 846 846 846 855 855 855 854 854 854 286 286 286 916 916 916 795 795 795 795 795 795 146 146 146 286 286 286 796 796 796 795 795 795 916 916 916 916 916 916 917 917 917 796 796 796 146 146 146 798 798 798 289 289 289 796 796 796 917 917 917 918 918 918 918 918 918 919 919 919 796 796 796 919 919 919 799 799 799 796 796 796 919 919 919 918 918 918 920 920 920 920 920 920 921 921 921 919 919 919 799 799 799 919 919 919 921 921 921 921 921 921 803 803 803 799 799 799 921 921 921 920 920 920 295 295 295 295 295 295 294 294 294 921 921 921 803 803 803 921 921 921 294 294 294 294 294 294 296 296 296 803 803 803 798 798 798 800 800 800 297 297 297 297 297 297 289 289 289 798 798 798 298 298 298 297 297 297 800 800 800 800 800 800 802 802 802 298 298 298 922 922 922 801 801 801 800 800 800 800 800 800 798 798 798 922 922 922 923 923 923 922 922 922 798 798 798 798 798 798 797 797 797 923 923 923 923 923 923 797 797 797 799 799 799 799 799 799 805 805 805 923 923 923 296 296 296 301 301 301 804 804 804 804 804 804 803 803 803 296 296 296 804 804 804 301 301 301 302 302 302 302 302 302 806 806 806 804 804 804 302 302 302 304 304 304 924 924 924 924 924 924 806 806 806 302 302 302 298 298 298 802 802 802 925 925 925 925 925 925 305 305 305 298 298 298 806 806 806 926 926 926 927 927 927 927 927 927 805 805 805 806 806 806 805 805 805 927 927 927 928 928 928 928 928 928 923 923 923 805 805 805 923 923 923 928 928 928 929 929 929 929 929 929 922 922 922 923 923 923 929 929 929 930 930 930 801 801 801 801 801 801 922 922 922 929 929 929 930 930 930 931 931 931 802 802 802 802 802 802 801 801 801 930 930 930 802 802 802 931 931 931 932 932 932 932 932 932 925 925 925 802 802 802 933 933 933 926 926 926 806 806 806 806 806 806 924 924 924 933 933 933 934 934 934 935 935 935 929 929 929 929 929 929 928 928 928 934 934 934 934 934 934 928 928 928 927 927 927 927 927 927 936 936 936 934 934 934 936 936 936 927 927 927 926 926 926 926 926 926 937 937 937 936 936 936 938 938 938 939 939 939 940 940 940 940 940 940 941 941 941 938 938 938 935 935 935 942 942 942 941 941 941 941 941 941 940 940 940 935 935 935 935 935 935 934 934 934 943 943 943 943 943 943 942 942 942 935 935 935 936 936 936 944 944 944 943 943 943 943 943 943 934 934 934 936 936 936 944 944 944 936 936 936 937 937 937 937 937 937 945 945 945 944 944 944 945 945 945 937 937 937 946 946 946 946 946 946 947 947 947 945 945 945 939 939 939 938 938 938 948 948 948 948 948 948 949 949 949 939 939 939 950 950 950 951 951 951 941 941 941 941 941 941 942 942 942 950 950 950 951 951 951 952 952 952 938 938 938 938 938 938 941 941 941 951 951 951 943 943 943 953 953 953 950 950 950 950 950 950 942 942 942 943 943 943 944 944 944 954 954 954 953 953 953 953 953 953 943 943 943 944 944 944 954 954 954 944 944 944 945 945 945 945 945 945 955 955 955 954 954 954 947 947 947 956 956 956 955 955 955 955 955 955 945 945 945 947 947 947 948 948 948 938 938 938 952 952 952 953 953 953 957 957 957 958 958 958 958 958 958 950 950 950 953 953 953 951 951 951 950 950 950 958 958 958 959 959 959 957 957 957 953 953 953 953 953 953 954 954 954 959 959 959 955 955 955 960 960 960 959 959 959 959 959 959 954 954 954 955 955 955 961 961 961 960 960 960 955 955 955 955 955 955 956 956 956 961 961 961 962 962 962 963 963 963 809 809 809 964 964 964 819 819 819 965 965 965 807 807 807 810 810 810 966 966 966 966 966 966 967 967 967 807 807 807 968 968 968 813 813 813 817 817 817 966 966 966 810 810 810 963 963 963 963 963 963 969 969 969 966 966 966 965 965 965 819 819 819 821 821 821 821 821 821 970 970 970 965 965 965 813 813 813 968 968 968 820 820 820 820 820 820 811 811 811 813 813 813 828 828 828 816 816 816 807 807 807 807 807 807 967 967 967 828 828 828 824 824 824 968 968 968 817 817 817 971 971 971 830 830 830 822 822 822 822 822 822 826 826 826 971 971 971 823 823 823 829 829 829 972 972 972 972 972 972 827 827 827 823 823 823 740 740 740 739 739 739 849 849 849 973 973 973 754 754 754 752 752 752 752 752 752 893 893 893 973 973 973 958 958 958 974 974 974 952 952 952 952 952 952 951 951 951 958 958 958 975 975 975 976 976 976 977 977 977 977 977 977 978 978 978 975 975 975 979 979 979 980 980 980 981 981 981 979 979 979 982 982 982 983 983 983 983 983 983 980 980 980 979 979 979 982 982 982 984 984 984 985 985 985 985 985 985 983 983 983 982 982 982 984 984 984 976 976 976 975 975 975 975 975 975 985 985 985 984 984 984 775 775 775 777 777 777 986 986 986 986 986 986 987 987 987 775 775 775 772 772 772 771 771 771 988 988 988 988 988 988 989 989 989 772 772 772 775 775 775 990 990 990 991 991 991 991 991 991 770 770 770 775 775 775 373 373 373 663 663 663 662 662 662 662 662 662 193 193 193 373 373 373 740 740 740 849 849 849 861 861 861 992 992 992 376 376 376 375 375 375 993 993 993 994 994 994 995 995 995 995 995 995 996 996 996 993 993 993 997 997 997 998 998 998 995 995 995 996 996 996 995 995 995 999 999 999 1000 1000 1000 992 992 992 1001 1001 1001 1002 1002 1002 1003 1003 1003 1004 1004 1004 1003 1003 1003 1005 1005 1005 1004 1004 1004 1005 1005 1005 1006 1006 1006 1004 1004 1004 1007 1007 1007 1006 1006 1006 1008 1008 1008 1005 1005 1005 1008 1008 1008 1006 1006 1006 1009 1009 1009 1010 1010 1010 1011 1011 1011 1011 1011 1011 1012 1012 1012 1009 1009 1009 1010 1010 1010 1013 1013 1013 1011 1011 1011 1014 1014 1014 1015 1015 1015 996 996 996 1016 1016 1016 1017 1017 1017 1018 1018 1018 1019 1019 1019 1014 1014 1014 1020 1020 1020 996 996 996 1020 1020 1020 1014 1014 1014 1021 1021 1021 1019 1019 1019 1022 1022 1022 1020 1020 1020 996 996 996 1023 1023 1023 1020 1020 1020 1022 1022 1022 1019 1019 1019 996 996 996 999 999 999 1023 1023 1023 999 999 999 995 995 995 1024 1024 1024 992 992 992 375 375 375 1001 1001 1001 831 831 831 181 181 181 1025 1025 1025 833 833 833 1021 1021 1021 1026 1026 1026 1027 1027 1027 412 412 412 376 376 376 376 376 376 992 992 992 1027 1027 1027 1004 1004 1004 413 413 413 412 412 412 412 412 412 1027 1027 1027 1004 1004 1004 1028 1028 1028 1029 1029 1029 1027 1027 1027 1000 1000 1000 1030 1030 1030 1027 1027 1027 1027 1027 1027 992 992 992 1000 1000 1000 1029 1029 1029 1002 1002 1002 1004 1004 1004 1004 1004 1004 1027 1027 1027 1029 1029 1029 1003 1003 1003 1002 1002 1002 1031 1031 1031 1032 1032 1032 1031 1031 1031 1002 1002 1002 1002 1002 1002 1029 1029 1029 1032 1032 1032 1033 1033 1033 1032 1032 1032 1029 1029 1029 1029 1029 1029 1028 1028 1028 1033 1033 1033 1034 1034 1034 1005 1005 1005 1003 1003 1003 1035 1035 1035 1036 1036 1036 1005 1005 1005 1005 1005 1005 1034 1034 1034 1035 1035 1035 1036 1036 1036 1035 1035 1035 1037 1037 1037 1037 1037 1037 1015 1015 1015 1036 1036 1036 1037 1037 1037 1038 1038 1038 993 993 993 1015 1015 1015 1037 1037 1037 993 993 993 993 993 993 996 996 996 1015 1015 1015 993 993 993 1038 1038 1038 1039 1039 1039 994 994 994 1039 1039 1039 1040 1040 1040 1040 1040 1040 1041 1041 1041 994 994 994 994 994 994 1041 1041 1041 997 997 997 997 997 997 995 995 995 994 994 994 1042 1042 1042 1043 1043 1043 1033 1033 1033 1033 1033 1033 1028 1028 1028 1042 1042 1042 1030 1030 1030 1044 1044 1044 1042 1042 1042 1042 1042 1042 1028 1028 1028 1030 1030 1030 1040 1040 1040 1043 1043 1043 1042 1042 1042 1042 1042 1042 1041 1041 1041 1040 1040 1040 997 997 997 1041 1041 1041 1042 1042 1042 1042 1042 1042 1044 1044 1044 997 997 997 1044 1044 1044 1030 1030 1030 1000 1000 1000 1000 1000 1000 1045 1045 1045 1044 1044 1044 998 998 998 997 997 997 1044 1044 1044 1044 1044 1044 1045 1045 1045 998 998 998 995 995 995 998 998 998 1046 1046 1046 1046 1046 1046 1024 1024 1024 995 995 995 998 998 998 1045 1045 1045 1047 1047 1047 1047 1047 1047 1046 1046 1046 998 998 998 1045 1045 1045 1000 1000 1000 1001 1001 1001 1001 1001 1001 1047 1047 1047 1045 1045 1045 1006 1006 1006 434 434 434 413 413 413 413 413 413 1004 1004 1004 1006 1006 1006 434 434 434 1006 1006 1006 1007 1007 1007 1007 1007 1007 435 435 435 434 434 434 1007 1007 1007 1048 1048 1048 436 436 436 436 436 436 435 435 435 1007 1007 1007 1007 1007 1007 1008 1008 1008 1010 1010 1010 1010 1010 1010 1048 1048 1048 1007 1007 1007 1048 1048 1048 1009 1009 1009 438 438 438 438 438 438 436 436 436 1048 1048 1048 1009 1009 1009 1012 1012 1012 439 439 439 439 439 439 438 438 438 1009 1009 1009 1013 1013 1013 1010 1010 1010 1008 1008 1008 1008 1008 1008 1005 1005 1005 1013 1013 1013 439 439 439 1012 1012 1012 440 440 440 1049 1049 1049 1012 1012 1012 1011 1011 1011 1015 1015 1015 1014 1014 1014 1050 1050 1050 1016 1016 1016 444 444 444 443 443 443 443 443 443 1017 1017 1017 1016 1016 1016 1018 1018 1018 1049 1049 1049 1011 1011 1011 1011 1011 1011 1013 1013 1013 1018 1018 1018 445 445 445 444 444 444 1016 1016 1016 1016 1016 1016 1051 1051 1051 445 445 445 1018 1018 1018 1052 1052 1052 1051 1051 1051 448 448 448 445 445 445 1051 1051 1051 1051 1051 1051 1052 1052 1052 448 448 448 1053 1053 1053 1054 1054 1054 1025 1025 1025 1025 1025 1025 452 452 452 451 451 451 451 451 451 1053 1053 1053 1025 1025 1025 1050 1050 1050 1054 1054 1054 1013 1013 1013 1054 1054 1054 1055 1055 1055 1056 1056 1056 1056 1056 1056 1025 1025 1025 1054 1054 1054 1014 1014 1014 1019 1019 1019 1055 1055 1055 1055 1055 1055 1050 1050 1050 1014 1014 1014 1019 1019 1019 1021 1021 1021 1056 1056 1056 1056 1056 1056 1055 1055 1055 1019 1019 1019 1021 1021 1021 833 833 833 832 832 832 832 832 832 1056 1056 1056 1021 1021 1021 375 375 375 456 456 456 1057 1057 1057 1057 1057 1057 1001 1001 1001 375 375 375 1047 1047 1047 1001 1001 1001 1057 1057 1057 833 833 833 1026 1026 1026 836 836 836 1018 1018 1018 1013 1013 1013 1054 1054 1054 1058 1058 1058 1059 1059 1059 1060 1060 1060 1060 1060 1060 1059 1059 1059 1061 1061 1061 1062 1062 1062 1059 1059 1059 1063 1063 1063 1064 1064 1064 1059 1059 1059 1065 1065 1065 1061 1061 1061 1059 1059 1059 1066 1066 1066 1066 1066 1066 1059 1059 1059 1067 1067 1067 1067 1067 1067 1059 1059 1059 1068 1068 1068 1068 1068 1068 1059 1059 1059 1069 1069 1069 1070 1070 1070 1059 1059 1059 1071 1071 1071 1072 1072 1072 1059 1059 1059 1073 1073 1073 1074 1074 1074 1075 1075 1075 474 474 474 474 474 474 1075 1075 1075 476 476 476 1074 1074 1074 1076 1076 1076 1075 1075 1075 476 476 476 1075 1075 1075 478 478 478 1075 1075 1075 1076 1076 1076 1077 1077 1077 1076 1076 1076 1074 1074 1074 1078 1078 1078 1079 1079 1079 1080 1080 1080 1074 1074 1074 1081 1081 1081 1080 1080 1080 1079 1079 1079 1082 1082 1082 1081 1081 1081 1083 1083 1083 1082 1082 1082 1084 1084 1084 1081 1081 1081 1085 1085 1085 1086 1086 1086 1087 1087 1087 1086 1086 1086 1085 1085 1085 1088 1088 1088 1084 1084 1084 1089 1089 1089 1090 1090 1090 1088 1088 1088 1091 1091 1091 1086 1086 1086 1091 1091 1091 1088 1088 1088 1092 1092 1092 1093 1093 1093 1094 1094 1094 1095 1095 1095 1094 1094 1094 1096 1096 1096 1095 1095 1095 1096 1096 1096 1094 1094 1094 1097 1097 1097 1098 1098 1098 1099 1099 1099 1100 1100 1100 1101 1101 1101 1102 1102 1102 1091 1091 1091 1091 1091 1091 1092 1092 1092 1101 1101 1101 506 506 506 505 505 505 1101 1101 1101 1101 1101 1101 1092 1092 1092 506 506 506 1086 1086 1086 1102 1102 1102 1103 1103 1103 1104 1104 1104 1105 1105 1105 1106 1106 1106 1105 1105 1105 512 512 512 1107 1107 1107 1107 1107 1107 1106 1106 1106 1105 1105 1105 513 513 513 1107 1107 1107 512 512 512 1106 1106 1106 1107 1107 1107 1108 1108 1108 1096 1096 1096 1097 1097 1097 1109 1109 1109 1097 1097 1097 1110 1110 1110 1109 1109 1109 1111 1111 1111 1112 1112 1112 1113 1113 1113 1114 1114 1114 1113 1113 1113 1112 1112 1112 1115 1115 1115 1116 1116 1116 1111 1111 1111 1111 1111 1111 1113 1113 1113 1115 1115 1115 1116 1116 1116 1115 1115 1115 1117 1117 1117 1114 1114 1114 1118 1118 1118 1113 1113 1113 1113 1113 1113 1119 1119 1119 1115 1115 1115 1119 1119 1119 1113 1113 1113 1118 1118 1118 1115 1115 1115 1119 1119 1119 1117 1117 1117 1120 1120 1120 527 527 527 1117 1117 1117 1120 1120 1120 1117 1117 1117 1119 1119 1119 528 528 528 527 527 527 1120 1120 1120 1121 1121 1121 531 531 531 1122 1122 1122 1095 1095 1095 1123 1123 1123 1124 1124 1124 1125 1125 1125 1124 1124 1124 1123 1123 1123 1095 1095 1095 1096 1096 1096 1126 1126 1126 1123 1123 1123 1095 1095 1095 1126 1126 1126 1109 1109 1109 1127 1127 1127 1096 1096 1096 1126 1126 1126 1096 1096 1096 1127 1127 1127 1109 1109 1109 1128 1128 1128 1127 1127 1127 1126 1126 1126 1129 1129 1129 1123 1123 1123 1127 1127 1127 1129 1129 1129 1126 1126 1126 1127 1127 1127 1128 1128 1128 1129 1129 1129 1130 1130 1130 1129 1129 1129 1128 1128 1128 1128 1128 1128 1131 1131 1131 1130 1130 1130 1128 1128 1128 1109 1109 1109 1110 1110 1110 1110 1110 1110 1132 1132 1132 1128 1128 1128 1075 1075 1075 1077 1077 1077 1133 1133 1133 1133 1133 1133 478 478 478 1075 1075 1075 543 543 543 1079 1079 1079 1074 1074 1074 1074 1074 1074 474 474 474 543 543 543 1079 1079 1079 543 543 543 545 545 545 545 545 545 1134 1134 1134 1079 1079 1079 1135 1135 1135 1083 1083 1083 1079 1079 1079 1079 1079 1079 1134 1134 1134 1135 1135 1135 1077 1077 1077 1136 1136 1136 1133 1133 1133 1081 1081 1081 1079 1079 1079 1083 1083 1083 1137 1137 1137 1077 1077 1077 1076 1076 1076 1076 1076 1076 1138 1138 1138 1137 1137 1137 1139 1139 1139 1136 1136 1136 1077 1077 1077 1094 1094 1094 1139 1139 1139 1077 1077 1077 1137 1137 1137 1094 1094 1094 1077 1077 1077 1076 1076 1076 1078 1078 1078 1087 1087 1087 1087 1087 1087 1138 1138 1138 1076 1076 1076 1087 1087 1087 1078 1078 1078 1080 1080 1080 1080 1080 1080 1085 1085 1085 1087 1087 1087 1081 1081 1081 1085 1085 1085 1080 1080 1080 1082 1082 1082 1083 1083 1083 1135 1135 1135 551 551 551 552 552 552 1082 1082 1082 1082 1082 1082 1135 1135 1135 551 551 551 553 553 553 1084 1084 1084 1082 1082 1082 1082 1082 1082 552 552 552 553 553 553 1081 1081 1081 1084 1084 1084 1090 1090 1090 1088 1088 1088 1085 1085 1085 1100 1100 1100 1086 1086 1086 1140 1140 1140 1087 1087 1087 555 555 555 1089 1089 1089 1084 1084 1084 1084 1084 1084 553 553 553 555 555 555 1137 1137 1137 1138 1138 1138 1140 1140 1140 1140 1140 1140 1097 1097 1097 1137 1137 1137 1094 1094 1094 1137 1137 1137 1097 1097 1097 1089 1089 1089 555 555 555 556 556 556 556 556 556 1098 1098 1098 1089 1089 1089 1098 1098 1098 556 556 556 557 557 557 557 557 557 1099 1099 1099 1098 1098 1098 1099 1099 1099 1092 1092 1092 1088 1088 1088 1088 1088 1088 1100 1100 1100 1099 1099 1099 1092 1092 1092 1099 1099 1099 557 557 557 557 557 557 506 506 506 1092 1092 1092 1086 1086 1086 1091 1091 1091 1102 1102 1102 1101 1101 1101 1141 1141 1141 1103 1103 1103 1103 1103 1103 1102 1102 1102 1101 1101 1101 1101 1101 1101 505 505 505 559 559 559 559 559 559 1141 1141 1141 1101 1101 1101 1103 1103 1103 1142 1142 1142 1140 1140 1140 1140 1140 1140 1086 1086 1086 1103 1103 1103 1142 1142 1142 1103 1103 1103 1104 1104 1104 1141 1141 1141 1105 1105 1105 1104 1104 1104 1105 1105 1105 1141 1141 1141 559 559 559 559 559 559 512 512 512 1105 1105 1105 1106 1106 1106 1143 1143 1143 1142 1142 1142 1142 1142 1142 1104 1104 1104 1106 1106 1106 1142 1142 1142 1143 1143 1143 1140 1140 1140 1143 1143 1143 1110 1110 1110 1097 1097 1097 1106 1106 1106 1110 1110 1110 1143 1143 1143 1144 1144 1144 1110 1110 1110 1106 1106 1106 1144 1144 1144 1106 1106 1106 1108 1108 1108 1108 1108 1108 1145 1145 1145 1144 1144 1144 564 564 564 1144 1144 1144 565 565 565 1132 1132 1132 1144 1144 1144 564 564 564 564 564 564 566 566 566 1132 1132 1132 567 567 567 568 568 568 1114 1114 1114 1114 1114 1114 1112 1112 1112 567 567 567 568 568 568 569 569 569 1118 1118 1118 1118 1118 1118 1114 1114 1114 568 568 568 570 570 570 528 528 528 1120 1120 1120 1120 1120 1120 1146 1146 1146 570 570 570 1146 1146 1146 1120 1120 1120 1119 1119 1119 1119 1119 1119 1147 1147 1147 1146 1146 1146 1119 1119 1119 1118 1118 1118 1148 1148 1148 1148 1148 1148 1147 1147 1147 1119 1119 1119 1118 1118 1118 569 569 569 574 574 574 574 574 574 1148 1148 1148 1118 1118 1118 575 575 575 1149 1149 1149 1148 1148 1148 1148 1148 1148 574 574 574 575 575 575 1148 1148 1148 1149 1149 1149 1150 1150 1150 1150 1150 1150 1147 1147 1147 1148 1148 1148 1150 1150 1150 1151 1151 1151 1146 1146 1146 1146 1146 1146 1147 1147 1147 1150 1150 1150 1151 1151 1151 579 579 579 570 570 570 570 570 570 1146 1146 1146 1151 1151 1151 580 580 580 1152 1152 1152 1149 1149 1149 1149 1149 1149 575 575 575 580 580 580 1152 1152 1152 1153 1153 1153 1149 1149 1149 580 580 580 584 584 584 1154 1154 1154 1154 1154 1154 1152 1152 1152 580 580 580 1152 1152 1152 1154 1154 1154 1153 1153 1153 1153 1153 1153 1150 1150 1150 1149 1149 1149 1155 1155 1155 1156 1156 1156 1153 1153 1153 1156 1156 1156 1150 1150 1150 1153 1153 1153 1156 1156 1156 1151 1151 1151 1150 1150 1150 1151 1151 1151 1156 1156 1156 587 587 587 588 588 588 587 587 587 1156 1156 1156 1156 1156 1156 1155 1155 1155 588 588 588 1122 1122 1122 589 589 589 588 588 588 588 588 588 1155 1155 1155 1122 1122 1122 1121 1121 1121 1154 1154 1154 584 584 584 584 584 584 590 590 590 1121 1121 1121 1157 1157 1157 1125 1125 1125 1123 1123 1123 1129 1129 1129 1130 1130 1130 1157 1157 1157 1157 1157 1157 1123 1123 1123 1129 1129 1129 566 566 566 1158 1158 1158 1132 1132 1132 1159 1159 1159 1130 1130 1130 1131 1131 1131 1100 1100 1100 1090 1090 1090 1098 1098 1098 1116 1116 1116 1117 1117 1117 527 527 527 527 527 527 594 594 594 1116 1116 1116 1154 1154 1154 1121 1121 1121 1122 1122 1122 590 590 590 531 531 531 1121 1121 1121 589 589 589 1122 1122 1122 531 531 531 1110 1110 1110 1144 1144 1144 1132 1132 1132 1128 1128 1128 1158 1158 1158 1160 1160 1160 1160 1160 1160 1131 1131 1131 1128 1128 1128 1131 1131 1131 1160 1160 1160 1159 1159 1159 1093 1093 1093 1139 1139 1139 1094 1094 1094 1159 1159 1159 1157 1157 1157 1130 1130 1130 1132 1132 1132 1158 1158 1158 1128 1128 1128 1005 1005 1005 1036 1036 1036 1013 1013 1013 1013 1013 1013 1036 1036 1036 1050 1050 1050 1015 1015 1015 1050 1050 1050 1036 1036 1036 1054 1054 1054 1050 1050 1050 1055 1055 1055 440 440 440 1012 1012 1012 1049 1049 1049 1161 1161 1161 1162 1162 1162 1163 1163 1163 1163 1163 1163 1162 1162 1162 1164 1164 1164 993 993 993 1039 1039 1039 994 994 994 1165 1165 1165 1166 1166 1166 1167 1167 1167 1165 1165 1165 1168 1168 1168 1166 1166 1166 1165 1165 1165 1169 1169 1169 1168 1168 1168 1165 1165 1165 1170 1170 1170 1171 1171 1171 1165 1165 1165 1172 1172 1172 1170 1170 1170 1165 1165 1165 1167 1167 1167 1172 1172 1172 1166 1166 1166 1173 1173 1173 1174 1174 1174 1174 1174 1174 1167 1167 1167 1166 1166 1166 1168 1168 1168 1175 1175 1175 1173 1173 1173 1173 1173 1173 1166 1166 1166 1168 1168 1168 1169 1169 1169 1176 1176 1176 1175 1175 1175 1175 1175 1175 1168 1168 1168 1169 1169 1169 1170 1170 1170 1177 1177 1177 1178 1178 1178 1178 1178 1178 1171 1171 1171 1170 1170 1170 1170 1170 1170 1172 1172 1172 1179 1179 1179 1179 1179 1179 1177 1177 1177 1170 1170 1170 1167 1167 1167 1174 1174 1174 1179 1179 1179 1179 1179 1179 1172 1172 1172 1167 1167 1167 1173 1173 1173 1180 1180 1180 1181 1181 1181 1181 1181 1181 1174 1174 1174 1173 1173 1173 1173 1173 1173 1175 1175 1175 1182 1182 1182 1182 1182 1182 1180 1180 1180 1173 1173 1173 1176 1176 1176 1183 1183 1183 1182 1182 1182 1182 1182 1182 1175 1175 1175 1176 1176 1176 1177 1177 1177 1184 1184 1184 1185 1185 1185 1185 1185 1185 1178 1178 1178 1177 1177 1177 1179 1179 1179 1186 1186 1186 1184 1184 1184 1184 1184 1184 1177 1177 1177 1179 1179 1179 1174 1174 1174 1181 1181 1181 1186 1186 1186 1186 1186 1186 1179 1179 1179 1174 1174 1174 1181 1181 1181 1180 1180 1180 1187 1187 1187 1187 1187 1187 1188 1188 1188 1181 1181 1181 1180 1180 1180 1182 1182 1182 1189 1189 1189 1189 1189 1189 1187 1187 1187 1180 1180 1180 1183 1183 1183 1190 1190 1190 1189 1189 1189 1189 1189 1189 1182 1182 1182 1183 1183 1183 1184 1184 1184 1191 1191 1191 1192 1192 1192 1192 1192 1192 1185 1185 1185 1184 1184 1184 1186 1186 1186 1193 1193 1193 1191 1191 1191 1191 1191 1191 1184 1184 1184 1186 1186 1186 1181 1181 1181 1188 1188 1188 1193 1193 1193 1193 1193 1193 1186 1186 1186 1181 1181 1181 1188 1188 1188 1187 1187 1187 1194 1194 1194 1194 1194 1194 1195 1195 1195 1188 1188 1188 1187 1187 1187 1189 1189 1189 1196 1196 1196 1196 1196 1196 1194 1194 1194 1187 1187 1187 1190 1190 1190 1197 1197 1197 1196 1196 1196 1196 1196 1196 1189 1189 1189 1190 1190 1190 1191 1191 1191 1198 1198 1198 1199 1199 1199 1199 1199 1199 1192 1192 1192 1191 1191 1191 1193 1193 1193 1200 1200 1200 1198 1198 1198 1198 1198 1198 1191 1191 1191 1193 1193 1193 1188 1188 1188 1195 1195 1195 1200 1200 1200 1200 1200 1200 1193 1193 1193 1188 1188 1188 1194 1194 1194 1201 1201 1201 1202 1202 1202 1202 1202 1202 1195 1195 1195 1194 1194 1194 1196 1196 1196 1203 1203 1203 1201 1201 1201 1201 1201 1201 1194 1194 1194 1196 1196 1196 1196 1196 1196 1197 1197 1197 1204 1204 1204 1204 1204 1204 1203 1203 1203 1196 1196 1196 1198 1198 1198 1205 1205 1205 1206 1206 1206 1206 1206 1206 1199 1199 1199 1198 1198 1198 1200 1200 1200 1207 1207 1207 1205 1205 1205 1205 1205 1205 1198 1198 1198 1200 1200 1200 1195 1195 1195 1202 1202 1202 1207 1207 1207 1207 1207 1207 1200 1200 1200 1195 1195 1195 1201 1201 1201 1208 1208 1208 1209 1209 1209 1209 1209 1209 1202 1202 1202 1201 1201 1201 1201 1201 1201 1203 1203 1203 1210 1210 1210 1210 1210 1210 1208 1208 1208 1201 1201 1201 1203 1203 1203 1204 1204 1204 1211 1211 1211 1211 1211 1211 1210 1210 1210 1203 1203 1203 1205 1205 1205 1212 1212 1212 1213 1213 1213 1213 1213 1213 1206 1206 1206 1205 1205 1205 1207 1207 1207 1214 1214 1214 1212 1212 1212 1212 1212 1212 1205 1205 1205 1207 1207 1207 1202 1202 1202 1209 1209 1209 1214 1214 1214 1214 1214 1214 1207 1207 1207 1202 1202 1202 1215 1215 1215 1209 1209 1209 1208 1208 1208 1215 1215 1215 1208 1208 1208 1210 1210 1210 1215 1215 1215 1210 1210 1210 1211 1211 1211 1215 1215 1215 1213 1213 1213 1212 1212 1212 1215 1215 1215 1212 1212 1212 1214 1214 1214 1215 1215 1215 1214 1214 1214 1209 1209 1209 448 448 448 1052 1052 1052 1053 1053 1053 1053 1053 1053 451 451 451 448 448 448 1053 1053 1053 1052 1052 1052 1018 1018 1018 1018 1018 1018 1054 1054 1054 1053 1053 1053 1018 1018 1018 1051 1051 1051 1016 1016 1016 1155 1155 1155 1153 1153 1153 1154 1154 1154 1164 1164 1164 1161 1161 1161 1163 1163 1163 726 726 726 853 853 853 707 707 707 1085 1085 1085 1090 1090 1090 1100 1100 1100 1074 1074 1074 1080 1080 1080 1078 1078 1078 881 881 881 743 743 743 867 867 867 867 867 867 866 866 866 881 881 881 883 883 883 880 880 880 873 873 873 873 873 873 875 875 875 883 883 883 722 722 722 675 675 675 684 684 684 891 891 891 890 890 890 1216 1216 1216 745 745 745 889 889 889 746 746 746 1151 1151 1151 587 587 587 579 579 579 1135 1135 1135 652 652 652 551 551 551 652 652 652 1134 1134 1134 545 545 545 1134 1134 1134 652 652 652 1135 1135 1135 565 565 565 1144 1144 1144 1145 1145 1145 1141 1141 1141 1104 1104 1104 1103 1103 1103 1093 1093 1093 1095 1095 1095 1124 1124 1124 1028 1028 1028 1027 1027 1027 1030 1030 1030 939 939 939 931 931 931 930 930 930 930 930 930 940 940 940 939 939 939 949 949 949 932 932 932 931 931 931 931 931 931 939 939 939 949 949 949 940 940 940 930 930 930 929 929 929 929 929 929 935 935 935 940 940 940 937 937 937 926 926 926 933 933 933 933 933 933 946 946 946 937 937 937 1010 1010 1010 1009 1009 1009 1048 1048 1048 831 831 831 1025 1025 1025 1056 1056 1056 831 831 831 1056 1056 1056 832 832 832 1025 1025 1025 181 181 181 452 452 452 1081 1081 1081 1090 1090 1090 1085 1085 1085 1090 1090 1090 1089 1089 1089 1098 1098 1098 1087 1087 1087 1140 1140 1140 1138 1138 1138 705 705 705 700 700 700 711 711 711 711 711 711 706 706 706 705 705 705 693 693 693 696 696 696 694 694 694 713 713 713 715 715 715 695 695 695 695 695 695 1217 1217 1217 713 713 713 848 848 848 858 858 858 1218 1218 1218 849 849 849 851 851 851 863 863 863 911 911 911 767 767 767 1219 1219 1219 778 778 778 911 911 911 1220 1220 1220 768 768 768 778 778 778 753 753 753 1154 1154 1154 1122 1122 1122 1155 1155 1155 35 35 35 692 692 692 41 41 41 1026 1026 1026 1021 1021 1021 1022 1022 1022 659 659 659 835 835 835 660 660 660 659 659 659 832 832 832 835 835 835 825 825 825 818 818 818 823 823 823 964 964 964 812 812 812 811 811 811 811 811 811 819 819 819 964 964 964 814 814 814 808 808 808 807 807 807 807 807 807 815 815 815 814 814 814 1221 1221 1221 851 851 851 1222 1222 1222 863 863 863 851 851 851 1221 1221 1221 809 809 809 963 963 963 810 810 810 554 554 554 499 499 499 561 561 561 1143 1143 1143 1097 1097 1097 1140 1140 1140 696 696 696 693 693 693 697 697 697 695 695 695 715 715 715 708 708 708 696 696 696 695 695 695 708 708 708 58 58 58 45 45 45 47 47 47 58 58 58 64 64 64 45 45 45 46 46 46 43 43 43 47 47 47 84 84 84 208 208 208 203 203 203 203 203 203 85 85 85 84 84 84 734 734 734 1223 1223 1223 735 735 735 31 31 31 211 211 211 203 203 203 685 685 685 679 679 679 736 736 736</p>
        </triangles>
      </mesh>
    </geometry>
  </library_geometries>
  <library_controllers>
    <controller id="geom-jasmine_lod1-skin1">
      <skin source="#geom-jasmine_lod1">
        <bind_shape_matrix>0.3937008 0 0 0 0 0.3937008 0 0 0 0 0.3937008 0 0 0 0 1</bind_shape_matrix>
        <source id="geom-jasmine_lod1-skin1-joints">
          <Name_array id="geom-jasmine_lod1-skin1-joints-array" count="37">joint0 joint1 joint2 joint3 joint4 joint5 joint6 joint7 joint8 joint9 joint10 joint11 joint12 joint13 joint14 joint15 joint16 joint17 joint18 joint19 joint20 joint21 joint22 joint23 joint24 joint25 joint26 joint27 joint28 joint29 joint30 joint31 joint32 joint33 joint34 joint35 joint36</Name_array>
          <technique_common>
            <accessor source="#geom-jasmine_lod1-skin1-joints-array" count="37" stride="1">
              <param name="JOINT" type="name"/>
            </accessor>
          </technique_common>
        </source>
        <source id="geom-jasmine_lod1-skin1-bind_poses">
          <float_array id="geom-jasmine_lod1-skin1-bind_poses-array" count="592">3.58556e-6 -7.76983e-7 2.539999 -1140.368 -4.15546e-6 -2.540001 -7.78849e-7 -6.166613 2.54 -4.15546e-6 -3.58556e-6 9.20869e-4 0 0 0 1 0.2105038 0.2861013 -2.51504 392.0656 0.02382634 -2.523835 -0.2851073 30.46666 -2.531149 3.62177e-5 -0.2118479 117.524 0 0 0 1 2.39917 4.15789e-6 -0.8340161 327.1673 -3.00292e-6 2.540001 4.02646e-6 -9.42307e-4 0.8340161 -2.81523e-6 2.399169 -1007.749 0 0 0 1 1.355074 -1.404998 -1.625221 234.8432 -0.1170644 1.870368 -1.714528 539.7646 2.145149 0.9895968 0.9330753 -589.4363 0 0 0 1 1.266937 -1.200322 -1.845446 276.3285 -0.2781771 2.02488 -1.508 512.4952 2.183822 0.9542958 0.8785409 -581.4697 0 0 0 1 1.802867 -0.8277211 -1.586234 118.9826 -1.639041 0.138985 -1.935409 818.5237 0.7174979 2.397324 -0.4354715 32.26379 0 0 0 1 1.881501 -0.5056036 -1.629695 122.1508 -1.704829 -0.6585434 -1.763933 776.4663 -0.07140653 2.400476 -0.8271719 246.1224 0 0 0 1 1.358291 -0.7704172 -2.003266 275.3139 -2.022826 0.3330099 -1.49962 775.1637 0.717498 2.397323 -0.435471 32.26362 0 0 0 1 1.182845 -0.7007617 -2.135738 348.2735 -2.244772 -0.2436751 -1.163277 717.526 0.1160454 2.429228 -0.7327874 186.9836 0 0 0 1 -5.10766e-6 3.01393e-6 -2.539996 60.18256 0.08168292 -2.538686 -3.17242e-6 21.28554 -2.538685 -0.08168294 4.84549e-6 113.6413 0 0 0 1 1.773749 -0.2212159 -1.80457 463.7743 0.2851906 2.523773 -0.02906037 -38.0023 1.795572 -0.1823233 1.787253 -796.3011 0 0 0 1 1.814596 -0.4996552 -1.705632 251.3256 -1.712442 0.1610298 -1.869011 808.8992 0.4757952 2.48516 -0.2218212 -7.545746 0 0 0 1 0.211549 -0.134471 -2.5276 654.0924 -0.01125156 -2.536438 0.1339995 -34.67545 -2.53115 3.62187e-5 -0.211848 117.524 0 0 0 1 0.081683 -2.538685 -3.36419e-6 -48.92889 5.11382e-6 -3.20559e-6 2.539995 -0.7838248 -2.538685 -0.08168302 4.84549e-6 113.6413 0 0 0 1 1.795668 0.2604595 -1.777453 652.9164 -0.05568363 2.520026 0.3130178 -125.0944 1.795572 -0.1823233 1.787255 -796.3016 0 0 0 1 3.60489e-6 -0.002027059 2.539999 -1059.301 -4.15834e-6 -2.540001 -0.00202706 0.887574 2.54 -4.15546e-6 -3.60821e-6 9.41136e-4 0 0 0 1 6.1447e-12 -4.43085e-6 2.54 -662.5311 6.74215e-6 -2.54 -4.43085e-6 0.001155738 2.54 6.74215e-6 5.6165e-12 -7.96861e-6 0 0 0 1 -3.90383e-6 0.3222328 -2.519476 1134.591 -9.95724e-6 2.519479 0.3222326 -248.2909 2.54 1.0372e-5 -2.60909e-6 3.25352e-4 0 0 0 1 -4.32336e-6 0.4289869 -2.50351 944.3964 -9.78239e-6 2.503513 0.4289868 -288.5683 2.54 1.0372e-5 -2.60909e-6 3.1927e-4 0 0 0 1 -4.73508e-6 0.5349659 -2.483022 795.9508 -9.58986e-6 2.483026 0.5349658 -322.5204 2.54 1.03721e-5 -2.60909e-6 3.26436e-4 0 0 0 1 -0.210513 0.2861031 -2.51504 392.0656 -0.02382133 -2.523834 -0.2851096 30.46717 -2.531149 -4.24121e-5 0.2118566 -117.5263 0 0 0 1 -2.399172 -1.31472e-6 -0.83401 327.1659 -3.00302e-6 2.540002 4.63704e-6 -0.0011992 0.8340103 5.36331e-6 -2.399171 1007.75 0 0 0 1 -1.355075 -1.405002 -1.625219 234.8426 0.1170559 1.87037 -1.714529 539.7645 2.145151 -0.989592 -0.9330837 589.4386 0 0 0 1 -1.266938 -1.200325 -1.845445 276.3281 0.2781698 2.024882 -1.508001 512.4951 2.183825 -0.9542921 -0.8785489 581.4721 0 0 0 1 -1.80287 -0.8277244 -1.58623 118.9818 1.639038 0.1389904 -1.935415 818.5254 0.7175043 -2.397324 0.4354683 -32.26287 0 0 0 1 -1.881504 -0.505608 -1.62969 122.1497 1.704829 -0.658539 -1.76394 776.4686 -0.07139927 -2.400478 0.827172 -246.1223 0 0 0 1 -1.358295 -0.7704183 -2.003263 275.3131 2.022824 0.3330165 -1.499628 775.1663 0.7175047 -2.397324 0.4354668 -32.26236 0 0 0 1 -1.182848 -0.7007636 -2.135738 348.2736 2.244773 -0.2436695 -1.163285 717.5287 0.1160521 -2.429231 0.7327864 -186.9833 0 0 0 1 -2.9043e-6 5.39757e-6 -2.539998 60.18296 -0.08167656 -2.538684 -5.25476e-6 21.28599 -2.538686 0.08167656 3.39129e-6 -113.6436 0 0 0 1 -1.773753 -0.2212198 -1.804565 463.7729 -0.2851966 2.523772 -0.02905868 -38.0029 1.795567 0.1823282 -1.787259 796.3027 0 0 0 1 -1.814599 -0.4996592 -1.705626 251.3242 1.712437 0.1610347 -1.869018 808.9008 0.4758016 -2.485159 0.2218191 7.546471 0 0 0 1 -0.2115573 -0.1344703 -2.527599 654.0922 0.01125813 -2.536438 0.1339982 -34.67511 -2.53115 -4.24188e-5 0.2118566 -117.5263 0 0 0 1 -0.08167652 -2.538683 -5.44652e-6 -48.92845 2.69078e-6 -5.58256e-6 2.539998 -0.7842652 -2.538686 0.08167655 3.18383e-6 -113.6436 0 0 0 1 -1.795673 0.2604555 -1.777447 652.9147 0.0556785 2.520025 0.3130184 -125.0947 1.795566 0.1823281 -1.78726 796.303 0 0 0 1 3.63887e-6 -0.002027058 2.539999 -734.3866 -4.15835e-6 -2.539999 -0.002027059 0.6721696 2.54 -4.15544e-6 -3.64219e-6 9.52303e-4 0 0 0 1 3.63321e-6 -0.002027059 2.539999 -842.6916 -4.15834e-6 -2.539999 -0.002027059 0.7584101 2.54 -4.15544e-6 -3.63653e-6 9.50905e-4 0 0 0 1 3.62188e-6 -0.002027059 2.539999 -950.9961 -4.15834e-6 -2.54 -0.002027059 0.8446504 2.54 -4.15545e-6 -3.6252e-6 9.47377e-4 0 0 0 1</float_array>
          <technique_common>
            <accessor source="#geom-jasmine_lod1-skin1-bind_poses-array" count="37" stride="16">
              <param name="TRANSFORM" type="float4x4"/>
            </accessor>
          </technique_common>
        </source>
        <source id="geom-jasmine_lod1-skin1-weights">
          <float_array id="geom-jasmine_lod1-skin1-weights-array" count="1693">1 0.7118514 0.2881487 0.1136702 0.8863298 0.6391095 0.3608905 0.04110642 0.9588936 0.08153286 0.9184672 0.1136702 0.8863298 0.03518273 0.9648173 0.04981055 0.9501895 0.21619 0.78381 0.07446909 0.925531 0.2207642 0.7792357 0.2672591 0.7327409 0.1074815 0.8925185 0.1286387 0.8713613 0.1300554 0.8699445 0.1074815 0.8925185 0.06534693 0.9346532 0.2678941 0.7321059 0.06534693 0.9346532 0.1655105 0.8344896 0.02475607 0.975244 0.133637 0.866363 0.3811707 0.6188293 0.5637719 0.4362281 0.4240699 0.5759301 0.6495048 0.3504951 0.5424222 0.4575778 0.6705492 0.3294508 0.4673414 0.5326587 0.5086941 0.4913059 0.1778544 0.8221456 0.5082045 0.4917955 0.6720173 0.3279826 0.5086941 0.4913059 0.4673414 0.5326587 0.8059012 0.1940988 0.8174506 0.1825494 0.6705492 0.3294508 0.5424222 0.4575778 0.9360905 0.06390956 0.9177883 0.0822117 0.9354875 0.06451251 0.09230176 0.9076982 0.9503611 0.04963884 0.08960047 0.9103995 0.7788046 0.2211954 0.8413204 0.1586796 0.1259942 0.8740058 0.352585 0.647415 0.5942225 0.4057775 0.5942225 0.4057775 0.4704265 0.5295735 0.5086941 0.4913059 0.5082045 0.4917955 0.7788046 0.2211954 0.8911366 0.1088634 0.352585 0.647415 0.1966093 0.8033907 0.7978386 0.2021615 0.7788046 0.2211954 0.7862711 0.2137289 0.8911366 0.1088634 0.9197421 0.08025794 0.4503478 0.5496522 0.444947 0.555053 0.5180715 0.4819285 0.5180715 0.4819285 0.503574 0.496426 0.583325 0.416675 0.6278474 0.3721526 0.2466501 0.75335 0.1629302 0.8370697 0.1036522 0.8963478 0.6502841 0.3497159 0.2327492 0.7672508 0.4970367 0.5029634 0.7284188 0.2715812 0.4970367 0.5029634 0.503574 0.496426 0.8842381 0.115762 0.1173313 0.8826686 0.259564 0.7404361 0.9646639 0.03533612 0.8860815 0.1139185 0.8842381 0.115762 0.2039556 0.7960443 0.1173313 0.8826686 0.2467582 0.7532418 0.904215 0.09578499 0.8127067 0.1872934 0.7024661 0.297534 0.716031 0.283969 0.7488088 0.2511912 0.7533138 0.2466862 0.6029744 0.3970257 0.484744 0.5152561 0.5964983 0.4035017 0.581558 0.4184421 0.467763 0.5322371 0.4832401 0.5167599 0.5805631 0.419437 0.3920488 0.6079512 0.4864954 0.5135046 0.4208259 0.5791742 0.581558 0.4184421 0.3230208 0.6769792 0.467763 0.5322371 0.3655532 0.6344469 0.5382078 0.4617922 0.4253342 0.5746658 0.4331302 0.5668698 0.5387822 0.4612179 0.09336967 0.9066303 0.070563 0.929437 0.5387822 0.4612179 0.4331302 0.5668698 0.3933448 0.6066552 0.2609735 0.7390265 0.4331302 0.5668698 0.4007828 0.5992172 0.1048106 0.8951893 0.1082092 0.8917909 0.4007828 0.5992172 0.3655532 0.6344469 0.1774153 0.8225847 0.2539416 0.7460584 0.329402 0.670598 0.3373079 0.6626921 0.3933448 0.6066552 0.1099401 0.8900599 0.1247944 0.8752056 0.4331302 0.5668698 0.3764592 0.6235408 0.217367 0.782633 0.379257 0.620743 0.03876856 0.9612314 0.070563 0.929437 0.04639863 0.9536014 0.1001765 0.8998235 0.7323431 0.2676569 0.6455345 0.3544655 0.1259942 0.8740058 0.08960047 0.9103995 0.340304 0.659696 0.4412117 0.5587884 0.7773931 0.2226069 0.6690046 0.3309954 0.4851952 0.5148048 0.3860557 0.6139443 0.5082496 0.4917505 0.5737392 0.4262608 0.6679045 0.3320955 0.3986065 0.6013935 0.319848 0.680152 0.6116075 0.3883925 0.5141303 0.4858697 0.3919246 0.6080754 0.4083651 0.5916349 0.6077031 0.3922968 0.5698504 0.4301496 0.3687549 0.6312451 0.3626594 0.6373406 0.5739751 0.4260249 0.5536603 0.4463397 0.2975112 0.7024887 0.5331808 0.4668192 0.6463723 0.3536277 0.1714483 0.8285516 0.3606532 0.6393468 0.2507882 0.7492117 0.2027127 0.7972873 0.151577 0.8484231 0.1294246 0.8705754 0.5086897 0.4913103 0.06980162 0.9301984 0.08550754 0.9144924 0.08550754 0.9144924 0.4874382 0.5125618 0.1858557 0.8141443 0.1972436 0.8027565 0.72 0.28 0.72 0.28 0.5041258 0.4958742 0.1604668 0.8395332 0.1457043 0.8542957 0.697028 0.302972 0.1273645 0.8726356 0.5856317 0.4143683 0.1604668 0.8395332 0.1457043 0.8542957 0.1273645 0.8726356 0.1145695 0.8854306 0.4461871 0.5538129 0.01935494 0.9806451 0.03385884 0.9661412 0.04981055 0.9501895 0.07446909 0.925531 0.03385884 0.9661412 0.02475607 0.975244 0.01461172 0.9853883 0.1145695 0.8854306 0.03550299 0.964497 0.01461172 0.9853883 0.5504203 0.4495797 0.09230176 0.9076982 0.3552113 0.6447886 0.7236524 0.2763476 0.1966093 0.8033907 0.7710819 0.2289181 0.5180715 0.4819285 0.583325 0.416675 0.4503478 0.5496522 0.6555695 0.3444305 0.503574 0.496426 0.5180715 0.4819285 0.444947 0.555053 0.06600407 0.9339959 0.2333563 0.7666438 0.5141232 0.4858768 0.5141232 0.4858768 0.7419252 0.2580748 0.1910753 0.8089247 0.1969219 0.8030782 0.7805659 0.2194341 0.8200724 0.1799276 0.1969219 0.8030782 0.1910753 0.8089247 0.9646639 0.03533612 0.04513613 0.9548638 0.904215 0.09578499 0.2819762 0.7180238 0.04513613 0.9548638 0.2467582 0.7532418 0.8860815 0.1139185 0.8127067 0.1872934 0.1173313 0.8826686 0.259564 0.7404361 0.1173313 0.8826686 0.6342012 0.3657988 0.620087 0.379913 0.904215 0.09578499 0.2467582 0.7532418 0.2039556 0.7960443 0.6254184 0.3745816 0.2819762 0.7180238 0.6275532 0.3724467 0.2467582 0.7532418 0.2039556 0.7960443 0.6337119 0.3662881 0.2039556 0.7960443 0.6337119 0.3662881 0.7455107 0.2544893 0.7429042 0.2570958 0.7369148 0.2630853 0.7533138 0.2466862 0.7214331 0.2785669 0.7309173 0.2690827 0.7198331 0.2801669 0.7024661 0.297534 0.716031 0.283969 0.7214331 0.2785669 0.7309173 0.2690827 0.5805631 0.419437 0.7024661 0.297534 0.7198331 0.2801669 0.4023415 0.5976585 0.3920488 0.6079512 0.5544585 0.4455415 0.5382078 0.4617922 0.5382078 0.4617922 0.06878856 0.9312114 0.0723511 0.927649 0.4253342 0.5746658 0.4331302 0.5668698 0.4253342 0.5746658 0.5387822 0.4612179 0.5544585 0.4455415 0.3655532 0.6344469 0.4331302 0.5668698 0.3386827 0.6613172 0.3373079 0.6626921 0.217367 0.782633 0.03622707 0.963773 0.03933608 0.9606639 0.04639863 0.9536014 0.03876856 0.9612314 0.3552113 0.6447886 0.7323431 0.2676569 0.6455345 0.3544655 0.3248376 0.6751624 0.2127099 0.7872901 0.7236524 0.2763476 0.2144759 0.7855242 0.7805659 0.2194341 0.1859229 0.8140771 0.8200724 0.1799276 0.7586676 0.2413325 0.4338488 0.5661512 0.5282748 0.4717253 0.718936 0.2810641 0.711481 0.288519 0.7297487 0.2702513 0.6648182 0.3351818 0.4912856 0.5087144 0.5651555 0.4348445 0.5651555 0.4348445 0.4912856 0.5087144 0.4350098 0.5649902 0.4550887 0.5449113 0.4652846 0.5347154 0.4894246 0.5105755 0.4969956 0.5030044 0.4922279 0.5077721 0.4808829 0.5191171 0.4808829 0.5191171 0.6584971 0.3415029 0.7197292 0.2802708 0.6124637 0.3875364 0.5992398 0.4007602 0.9957574 0.0042426 0.7079871 0.2920129 0.6654542 0.3345458 0.9993933 6.0669e-4 0.999464 5.3605e-4 0.630258 0.369742 0.630258 0.369742 0.999464 5.3605e-4 0.9206201 0.0793799 0.8999063 0.1000937 0.8537169 0.1462831 0.877911 0.122089 0.9180595 0.0819405 0.8567249 0.1432752 0.8537169 0.1462831 0.5536603 0.4463397 0.5698504 0.4301496 0.6077031 0.3922968 0.5888048 0.4111952 0.5739751 0.4260249 0.5888048 0.4111952 0.3680475 0.6319525 0.5888048 0.4111952 0.3680475 0.6319525 0.3033551 0.6966449 0.2551836 0.7448164 0.2665475 0.7334524 0.2058592 0.7941408 0.2058592 0.7941408 0.1216806 0.8783194 0.1216806 0.8783194 0.716031 0.283969 0.5739751 0.4260249 0.2507882 0.7492117 0.2027127 0.7972873 0.2058592 0.7941408 0.2551836 0.7448164 0.1858557 0.8141443 0.1216806 0.8783194 0.1972436 0.8027565 0.5086897 0.4913103 0.4874382 0.5125618 0.2665475 0.7334524 0.3033551 0.6966449 0.1732767 0.8267233 0.217367 0.782633 0.1099401 0.8900599 0.3933448 0.6066552 0.3933448 0.6066552 0.1732767 0.8267233 0.04110642 0.9588936 0.9759312 0.02406885 0.9314765 0.06852351 0.9998801 1.1985e-4 0.9562942 0.04370584 0.9942575 0.00574251 0.9437733 0.05622671 0.9118164 0.08818361 0.9774656 0.02253445 0.9032167 0.09678332 0.9988213 0.00117872 0.9786745 0.02132546 0.5792106 0.4207895 0.4221745 0.5778256 0.3926566 0.6073434 0.8244226 0.1755774 0.4202366 0.5797634 0.1582485 0.8417516 0.9127017 0.08729841 0.8586191 0.1413809 0.5556576 0.4443425 0.7899429 0.2100572 0.5835107 0.4164893 0.5575067 0.4424933 0.8938642 0.1061359 0.280809 0.719191 0.5575067 0.4424933 0.350507 0.649493 0.5556576 0.4443425 0.3610672 0.6389328 0.3234377 0.6765624 0.5695731 0.430427 0.2205174 0.7794827 0.9371918 0.06280817 0.9386758 0.06132415 0.9379737 0.06202639 0.2439821 0.756018 0.9410461 0.05895398 0.9908239 0.009176161 0.9827773 0.01722271 0.9182349 0.08176504 0.9602431 0.03975683 0.1900245 0.8099756 0.9042616 0.09573841 0.9907203 0.00927965 0.1773594 0.8226407 0.1643437 0.8356563 0.4644959 0.5355041 0.4503976 0.5496024 0.9030135 0.09698647 0.5695731 0.430427 0.8669447 0.1330553 0.5410501 0.4589499 0.2093773 0.7906228 0.5835107 0.4164893 0.3545309 0.6454691 0.9397211 0.06027898 0.4098901 0.5901098 0.4131545 0.5868455 0.412897 0.587103 0.4000565 0.5999435 0.409695 0.590305 0.1349959 0.8650041 0.1404761 0.8595239 0.1279166 0.8720834 0.1414124 0.8585876 0.1324727 0.8675273 0.048227 0.951773 0.04868973 0.9513103 0.05143733 0.9485627 0.0031192 0.9968809 0.00292436 0.9970756 0.04685298 0.953147 0.04614415 0.9538559 0.6497161 0.3502839 0.9759312 0.02406885 0.5410501 0.4589499 0.9314765 0.06852351 0.7198331 0.2801669 0.5082045 0.4917955 0.8860815 0.1139185 0.1732767 0.8267233 0.379257 0.620743 0.444947 0.555053 0.7978386 0.2021615 0.6393041 0.3606959 0.1060255 0.8939745 0.08172729 0.9182727 0.03434878 0.9656513 0.1060255 0.8939745 0.04905009 0.9509498 0.07557727 0.9244228 0.2162609 0.783739 0.2236124 0.7763876 0.267323 0.732677 0.1056565 0.8943436 0.1056565 0.8943436 0.130628 0.8693721 0.1288109 0.8711891 0.065375 0.934625 0.065375 0.934625 0.2679079 0.7320922 0.02474766 0.9752524 0.165554 0.8344461 0.5636274 0.4363726 0.4240853 0.5759147 0.649483 0.350517 0.5418206 0.4581795 0.4680161 0.5319839 0.5076989 0.4923011 0.1778318 0.8221682 0.5066711 0.4933289 0.670465 0.3295351 0.4680161 0.5319839 0.5076989 0.4923011 0.8165716 0.1834284 0.5418206 0.4581795 0.9177888 0.08221118 0.9360893 0.06391068 0.9503731 0.04962686 0.08964878 0.9103513 0.7799866 0.2200134 0.1259988 0.8740013 0.8423439 0.1576561 0.3713419 0.6286582 0.5929208 0.4070792 0.5929208 0.4070792 0.5076989 0.4923011 0.4759218 0.5240783 0.5066711 0.4933289 0.7799866 0.2200134 0.3713419 0.6286582 0.88084 0.11916 0.1966348 0.8033651 0.7969145 0.2030855 0.7799866 0.2200134 0.88084 0.11916 0.7779447 0.2220554 0.9198647 0.08013539 0.4420472 0.5579528 0.5131713 0.4868288 0.4297013 0.5702987 0.5131713 0.4868288 0.5807498 0.4192502 0.5006045 0.4993955 0.6277216 0.3722784 0.2466526 0.7533475 0.1621781 0.8378219 0.6501722 0.3498278 0.08822261 0.9117774 0.2327444 0.7672555 0.4970261 0.5029739 0.7284328 0.2715672 0.4970261 0.5029739 0.5006045 0.4993955 0.8792729 0.1207272 0.9644639 0.03553608 0.2149506 0.7850495 0.09714025 0.9028598 0.8864666 0.1135334 0.8792729 0.1207272 0.171134 0.8288661 0.5458024 0.4541977 0.7672429 0.2327571 0.2053849 0.7946152 0.8083044 0.1916957 0.9048421 0.09515783 0.6990823 0.3009177 0.6259537 0.3740463 0.6380205 0.3619795 0.7120686 0.2879314 0.6019884 0.3980116 0.5977147 0.4022853 0.4858552 0.5141448 0.5802772 0.4197228 0.4619897 0.5380103 0.4918082 0.5081918 0.5821267 0.4178733 0.491394 0.508606 0.4041946 0.5958054 0.5802772 0.4197228 0.4132226 0.5867774 0.3136617 0.6863383 0.4619897 0.5380103 0.3548368 0.6451632 0.4102691 0.5897309 0.3434394 0.6565606 0.4099763 0.5900238 0.3487879 0.6512121 0.4099763 0.5900238 0.07048097 0.9295191 0.09147423 0.9085258 0.3487879 0.6512121 0.3919471 0.6080529 0.2708195 0.7291805 0.3487879 0.6512121 0.3990418 0.6009582 0.3990418 0.6009582 0.1732204 0.8267796 0.1690081 0.8309919 0.3548368 0.6451632 0.1635229 0.8364771 0.3330719 0.6669281 0.2358039 0.7641961 0.3492557 0.6507443 0.185395 0.8146051 0.1746887 0.8253112 0.3919471 0.6080529 0.3487879 0.6512121 0.1690081 0.8309919 0.3574502 0.6425498 0.2033635 0.7966366 0.3554 0.6446 0.0386873 0.9613127 0.07048097 0.9295191 0.09729431 0.9027058 0.0463063 0.9536937 0.7322413 0.2677587 0.08964878 0.9103513 0.1259988 0.8740013 0.6453753 0.3546247 0.3407566 0.6592435 0.7772727 0.2227273 0.5588864 0.4411136 0.5220687 0.4779314 0.6142422 0.3857579 0.4940085 0.5059915 0.3322473 0.6677527 0.426259 0.573741 0.6969674 0.3030327 0.6018662 0.3981338 0.3880973 0.6119028 0.4852711 0.5147289 0.3905823 0.6094177 0.5692443 0.4307557 0.60718 0.39282 0.4069339 0.5930661 0.3690832 0.6309168 0.5745018 0.4254982 0.3639582 0.6360418 0.5536858 0.4463142 0.2980572 0.7019427 0.5330803 0.4669196 0.6453328 0.3546672 0.1713411 0.828659 0.3605094 0.6394906 0.2494022 0.7505978 0.198707 0.801293 0.1515407 0.8484594 0.1293979 0.8706021 0.5067252 0.4932748 0.06977403 0.930226 0.08545962 0.9145404 0.08545962 0.9145404 0.487458 0.512542 0.1858176 0.8141823 0.1970614 0.8029386 0.72 0.28 0.5039877 0.4960123 0.6972274 0.3027727 0.1459037 0.8540962 0.180146 0.8198541 0.5837814 0.4162187 0.1258451 0.8741549 0.180146 0.8198541 0.1459037 0.8540962 0.1258451 0.8741549 0.04905009 0.9509498 0.07557727 0.9244228 0.02474766 0.9752524 0.4420472 0.5579528 0.7235006 0.2764994 0.1966348 0.8033651 0.5131713 0.4868288 0.5807498 0.4192502 0.6535066 0.3464933 0.5131713 0.4868288 0.5006045 0.4993955 0.4297013 0.5702987 0.1911049 0.8088951 0.7805927 0.2194074 0.1911049 0.8088951 0.9644639 0.03553608 0.01940721 0.9805928 0.9048421 0.09515783 0.01940721 0.9805928 0.2330996 0.7669005 0.8864666 0.1135334 0.2053849 0.7946152 0.8083044 0.1916957 0.09714025 0.9028598 0.2149506 0.7850495 0.5144719 0.4855281 0.5262433 0.4737567 0.09714025 0.9028598 0.9048421 0.09515783 0.171134 0.8288661 0.2053849 0.7946152 0.2330996 0.7669005 0.5164505 0.4835494 0.2053849 0.7946152 0.515928 0.484072 0.171134 0.8288661 0.5234866 0.4765134 0.171134 0.8288661 0.5234866 0.4765134 0.6308829 0.3691171 0.6355347 0.3644653 0.6259537 0.3740463 0.6223317 0.3776683 0.7177796 0.2822204 0.7278747 0.2721253 0.7167016 0.2832983 0.6990823 0.3009177 0.7120686 0.2879314 0.7177796 0.2822204 0.7278747 0.2721253 0.5821267 0.4178733 0.7167016 0.2832983 0.6990823 0.3009177 0.414403 0.585597 0.4041946 0.5958054 0.4102691 0.5897309 0.4156564 0.5843436 0.07058047 0.9294195 0.0669595 0.9330405 0.4102691 0.5897309 0.3434394 0.6565606 0.3487879 0.6512121 0.3434394 0.6565606 0.4099763 0.5900238 0.4156564 0.5843436 0.3548368 0.6451632 0.3487879 0.6512121 0.3472859 0.6527141 0.3492557 0.6507443 0.3574502 0.6425498 0.2033635 0.7966366 0.03614736 0.9638526 0.03925033 0.9607497 0.0463063 0.9536937 0.0386873 0.9613127 0.7322413 0.2677587 0.6453753 0.3546247 0.7235006 0.2764994 0.2126644 0.7873356 0.7805927 0.2194074 0.2147119 0.7852881 0.2811834 0.7188166 0.2883675 0.7116325 0.5083394 0.4916606 0.5083394 0.4916606 0.4523481 0.5476519 0.431993 0.568007 0.4628046 0.5371954 0.4873816 0.5126184 0.4951278 0.5048722 0.4901856 0.5098144 0.4785554 0.5214446 0.4785554 0.5214446 0.6572568 0.3427432 0.7191615 0.2808385 0.6108181 0.3891819 0.5976269 0.4023732 0.9957587 0.00424126 0.6646971 0.3353029 0.7076045 0.2923955 0.9993924 6.0756e-4 0.6292228 0.3707772 0.9995265 4.7349e-4 0.9995265 4.7349e-4 0.6292228 0.3707772 0.9203894 0.07961061 0.8997039 0.1002961 0.8535327 0.1464674 0.8774039 0.1225962 0.9181487 0.08185128 0.8569624 0.1430376 0.8535327 0.1464674 0.5692443 0.4307557 0.5536858 0.4463142 0.60718 0.39282 0.589911 0.410089 0.5745018 0.4254982 0.589911 0.410089 0.3671308 0.6328692 0.589911 0.410089 0.3671308 0.6328692 0.2500158 0.7499842 0.298029 0.701971 0.2717172 0.7282828 0.2014543 0.7985457 0.2014543 0.7985457 0.1216489 0.8783511 0.1216489 0.8783511 0.7120686 0.2879314 0.5745018 0.4254982 0.2494022 0.7505978 0.2500158 0.7499842 0.2014543 0.7985457 0.198707 0.801293 0.1858176 0.8141823 0.1970614 0.8029386 0.1216489 0.8783511 0.487458 0.512542 0.5067252 0.4932748 0.298029 0.701971 0.2717172 0.7282828 0.2033635 0.7966366 0.1598543 0.8401458 0.3919471 0.6080529 0.1746887 0.8253112 0.1598543 0.8401458 0.3919471 0.6080529 0.9759309 0.02406911 0.9324663 0.06753372 0.9563313 0.04366872 0.99988 1.2e-4 0.9942621 0.00573789 0.9438289 0.05617106 0.9118397 0.08816026 0.9774854 0.02251457 0.9033151 0.09668491 0.9786702 0.02132977 0.9988211 0.00117884 0.4220624 0.5779375 0.5790894 0.4209107 0.4202517 0.5797484 0.1582533 0.8417467 0.8585159 0.1414842 0.9126754 0.0873245 0.5556791 0.4443209 0.5575748 0.4424253 0.8939562 0.1060438 0.2808506 0.7191494 0.5575748 0.4424253 0.5556791 0.4443209 0.3506323 0.6493677 0.3611363 0.6388637 0.3236277 0.6763723 0.5695309 0.4304691 0.2207887 0.7792113 0.9370133 0.06298672 0.9386714 0.06132861 0.9378285 0.06217157 0.9908258 0.0091742 0.9828632 0.01713682 0.9182436 0.08175642 0.9602603 0.03973969 0.1900757 0.8099243 0.9042883 0.09571172 0.1773315 0.8226685 0.4643582 0.5356417 0.4504446 0.5495554 0.90294 0.09705997 0.5695309 0.4304691 0.4131339 0.5868661 0.4128212 0.5871788 0.3999188 0.6000813 0.1405723 0.8594277 0.1279273 0.8720726 0.1414129 0.8585871 0.04870434 0.9512957 0.05145189 0.9485481 0.00313225 0.9968678 0.04685591 0.9531441 0.6494125 0.3505875 0.9759309 0.02406911 0.9324663 0.06753372 0.7167016 0.2832983 0.5066711 0.4933289 0.8864666 0.1135334 0.1598543 0.8401458 0.3574502 0.6425498 0.4297013 0.5702987 0.7969145 0.2030855 0.09714025 0.9028598</float_array>
          <technique_common>
            <accessor source="#geom-jasmine_lod1-skin1-weights-array" count="1693" stride="1">
              <param name="WEIGHT" type="float"/>
            </accessor>
          </technique_common>
        </source>
        <joints>
          <input semantic="JOINT" source="#geom-jasmine_lod1-skin1-joints"/>
          <input semantic="INV_BIND_MATRIX" source="#geom-jasmine_lod1-skin1-bind_poses"/>
        </joints>
        <vertex_weights count="1224">
          <input semantic="JOINT" source="#geom-jasmine_lod1-skin1-joints" offset="0"/>
          <input semantic="WEIGHT" source="#geom-jasmine_lod1-skin1-weights" offset="1"/>
          <vcount>2 2 2 2 2 2 2 2 2 2 2 2 2 2 2 2 2 2 2 2 2 2 2 2 2 2 2 2 2 2 2 2 2 2 2 2 2 2 2 2 2 2 2 2 2 2 2 2 2 2 2 2 2 2 2 2 2 2 2 2 2 2 2 2 2 2 2 2 2 2 2 2 2 2 2 2 2 2 2 2 2 2 2 2 2 2 2 2 2 2 2 2 2 2 2 2 2 2 2 2 2 2 2 2 2 2 2 2 2 2 2 2 2 2 2 2 2 2 2 2 2 2 2 2 2 2 2 2 2 2 2 2 2 2 2 2 2 2 2 2 2 2 2 2 2 2 2 2 2 2 2 2 2 2 2 2 2 2 2 2 2 2 2 2 2 2 2 2 2 2 2 2 2 2 2 2 2 2 2 2 2 2 2 2 2 2 2 2 2 2 2 2 2 2 2 2 2 2 2 2 2 2 2 2 2 2 2 2 2 2 2 2 2 2 2 2 2 2 2 2 2 2 2 2 2 2 2 2 2 2 2 2 2 2 2 2 2 2 2 2 2 2 2 2 2 2 2 2 2 2 2 2 2 2 2 2 2 2 2 2 2 2 2 2 2 2 2 2 2 2 2 2 2 2 2 2 2 2 2 2 2 2 2 2 2 2 2 2 2 2 2 2 2 2 2 2 2 2 2 2 2 2 2 2 2 2 2 2 2 2 2 2 2 2 2 2 2 2 2 2 1 2 2 2 1 1 1 2 2 2 2 2 2 2 2 2 2 2 2 2 2 2 2 2 2 2 2 2 2 2 2 2 2 2 2 2 2 2 2 2 2 2 2 2 2 2 2 2 2 2 2 2 2 2 1 1 1 1 1 1 1 1 1 1 1 1 1 1 1 1 1 1 1 1 1 1 1 1 1 1 1 1 1 1 1 1 2 1 1 1 2 1 1 1 1 1 1 1 1 1 1 1 1 1 1 1 1 1 1 1 1 1 1 1 1 1 1 1 1 1 1 1 1 1 1 1 1 1 1 1 1 1 1 1 1 1 1 1 1 1 1 1 1 1 1 1 1 1 1 1 1 1 1 1 1 1 1 1 1 1 1 1 1 1 1 1 1 1 2 2 2 1 1 2 2 1 1 1 2 2 1 2 2 2 2 2 2 2 2 2 2 2 2 2 2 2 2 2 2 2 2 2 2 2 2 2 2 2 2 1 1 1 1 1 1 2 2 2 1 1 2 2 1 1 1 1 1 1 1 1 1 1 1 1 2 1 1 2 2 2 2 2 2 2 2 2 2 2 2 2 2 2 2 2 2 2 2 2 2 2 2 2 2 2 2 1 2 2 1 1 1 1 2 2 2 2 1 1 1 1 1 1 1 1 1 1 1 1 1 1 1 1 1 1 1 1 1 1 1 1 1 1 1 1 1 1 1 1 1 1 1 1 1 1 1 1 1 1 1 1 1 1 1 1 1 1 1 1 1 1 1 2 1 2 2 2 2 2 2 2 2 2 2 2 2 2 2 2 2 2 2 2 2 2 2 2 2 2 2 2 2 2 2 2 2 2 2 2 2 2 2 2 2 2 2 2 2 2 2 2 2 2 2 2 2 2 2 2 2 2 2 2 2 2 2 2 2 2 2 2 2 2 2 2 2 2 2 2 2 2 2 2 2 2 2 2 2 2 2 2 2 2 2 2 2 2 2 2 2 2 2 2 2 2 2 2 2 2 2 2 2 2 2 2 2 2 2 2 2 2 2 2 2 2 2 2 2 2 2 2 2 2 2 2 2 2 2 2 2 2 2 2 2 2 2 2 2 2 2 2 2 2 2 2 2 2 2 2 2 2 2 2 2 2 2 2 2 2 2 2 2 2 2 2 2 2 2 2 2 2 2 2 2 2 2 2 2 2 2 2 2 2 2 2 2 2 2 2 2 2 2 2 2 2 2 2 2 2 2 2 2 2 2 2 2 2 2 2 2 2 2 2 2 2 2 2 2 2 2 2 2 2 2 2 2 2 2 2 2 2 2 2 2 2 2 2 2 2 2 2 2 2 2 2 2 2 2 2 2 2 2 2 2 2 2 2 2 2 2 2 2 2 2 2 2 2 2 2 2 2 2 2 2 2 2 2 2 2 2 2 2 1 2 1 1 1 2 2 2 2 2 2 2 2 2 2 2 2 2 2 2 2 2 2 2 2 2 2 2 2 2 2 2 2 2 2 2 2 2 2 2 2 2 2 2 2 2 2 2 2 2 2 1 1 1 1 1 1 1 1 1 1 1 1 1 1 1 1 1 1 1 1 1 1 1 1 1 1 1 1 1 1 2 1 1 1 2 1 1 1 1 1 1 1 1 1 1 1 1 1 1 1 1 1 1 1 1 1 1 1 1 1 1 1 1 1 1 1 1 1 1 1 1 1 1 1 1 1 1 1 1 1 1 1 1 1 1 1 1 1 1 1 1 1 1 1 2 2 2 1 1 2 2 1 1 1 2 2 1 2 2 2 2 2 2 2 2 2 2 2 2 2 2 2 2 2 2 2 2 2 2 1 1 1 1 1 2 2 2 1 1 2 2 1 1 1 1 1 1 1 2 2 2 2 2 2 2 2 2 2 2 2 2 2 2 1 2 1 2 2 2 1 1 1 1 1 1 1 1 1 1 1 1 1 1 1 1 1 1 1 1 1 1 1 1 1 1 1 1 1 1 1 1 1 1 1 1 1 1 1 1 1 1 1 1 1 1 1 1 1 1 1 1 1 1 1 2 2 2 2 2 2 2 2</vcount>
          <v>15 1 36 2 15 3 36 4 15 5 36 6 15 7 36 8 15 9 36 10 15 11 36 12 2 13 36 14 2 15 36 16 2 17 36 18 2 19 36 20 35 21 36 22 2 23 36 24 2 25 36 26 15 27 36 28 15 29 36 30 2 31 36 32 2 33 36 34 2 35 36 36 2 37 36 38 2 39 36 40 15 41 36 42 35 43 36 44 35 45 36 46 14 47 36 48 14 49 36 50 14 51 36 52 35 53 36 54 35 55 36 56 35 57 36 58 35 59 36 60 0 61 17 62 35 63 36 64 35 65 36 66 35 67 36 68 35 69 36 70 35 71 36 72 35 73 36 74 35 75 36 76 35 77 36 78 35 79 36 80 35 81 36 82 35 83 36 84 34 85 35 86 35 87 36 88 34 89 35 90 35 91 36 92 35 93 36 94 34 95 35 96 14 97 35 98 35 99 36 100 35 101 36 102 14 103 35 104 35 105 36 106 35 107 36 108 35 109 36 110 14 111 35 112 14 113 35 114 34 115 35 116 35 117 36 118 35 119 36 120 14 121 36 122 14 123 35 124 14 125 36 126 14 127 36 128 14 129 35 130 14 131 36 132 14 133 36 134 14 135 36 136 14 137 36 138 14 139 36 140 0 141 17 142 2 143 36 144 2 145 14 146 14 147 36 148 35 149 36 150 35 151 36 152 35 153 36 154 35 155 36 156 14 157 36 158 14 159 36 160 10 161 14 162 10 163 14 164 14 165 36 166 14 167 36 168 14 169 36 170 10 171 14 172 10 173 14 174 10 175 14 176 14 177 36 178 14 179 35 180 10 181 11 182 10 183 11 184 10 185 14 186 10 187 14 188 10 189 11 190 10 191 11 192 10 193 11 194 10 195 11 196 10 197 11 198 10 199 11 200 10 201 11 202 10 203 11 204 10 205 11 206 10 207 11 208 10 209 11 210 10 211 11 212 10 213 11 214 10 215 11 216 3 217 11 218 3 219 11 220 3 221 11 222 3 223 11 224 3 225 4 226 3 227 4 228 3 229 11 230 3 231 11 232 5 233 11 234 10 235 11 236 3 237 11 238 5 239 11 240 5 241 7 242 5 243 7 244 5 245 11 246 10 247 11 248 6 249 8 250 6 251 8 252 10 253 11 254 6 255 11 256 5 257 11 258 5 259 7 260 5 261 7 262 3 263 11 264 6 265 8 266 6 267 8 268 6 269 8 270 3 271 4 272 3 273 4 274 3 275 4 276 3 277 4 278 34 279 35 280 34 281 35 282 34 283 35 284 34 285 35 286 16 287 34 288 12 289 16 290 34 291 35 292 16 293 34 294 12 295 16 296 12 297 16 298 12 299 16 300 12 301 16 302 12 303 16 304 12 305 16 306 12 307 16 308 12 309 16 310 12 311 16 312 1 313 9 314 1 315 9 316 1 317 9 318 1 319 9 320 1 321 9 322 1 323 9 324 1 325 9 326 1 327 9 328 1 329 9 330 9 331 13 332 9 333 13 334 9 335 13 336 1 337 9 338 1 339 9 340 1 341 9 342 9 343 13 344 9 345 13 346 9 347 13 348 9 349 13 350 9 351 13 352 9 353 13 354 9 355 13 356 9 357 13 358 9 359 13 360 0 361 15 362 0 363 15 364 0 365 15 366 15 367 36 368 15 369 36 370 0 371 15 372 15 373 36 374 0 375 15 376 15 377 36 378 15 379 36 380 15 381 36 382 15 383 36 384 0 385 15 386 2 387 36 388 2 389 36 390 2 391 36 392 2 393 36 394 2 395 36 396 15 397 36 398 15 399 36 400 15 401 36 402 21 403 36 404 15 405 36 406 14 407 36 408 34 409 35 410 16 411 34 412 34 413 35 414 34 415 35 416 14 417 36 418 14 419 36 420 14 421 36 422 14 423 36 424 14 425 36 426 14 427 36 428 14 429 36 430 14 431 35 432 2 433 36 434 35 435 36 436 35 437 36 438 35 439 36 440 35 441 36 442 34 443 35 444 34 445 35 446 34 447 35 448 34 449 35 450 34 451 35 452 34 453 35 454 14 455 36 456 2 457 14 458 14 459 36 460 10 461 14 462 2 463 14 464 10 465 14 466 14 467 36 468 14 469 35 470 10 471 14 472 10 473 14 474 10 475 14 476 10 477 14 478 10 479 14 480 14 481 36 482 10 483 14 484 10 485 14 486 10 487 14 488 10 489 14 490 10 491 14 492 10 493 14 494 10 495 14 496 10 497 14 498 10 499 14 500 10 501 14 502 10 503 14 504 10 505 14 506 10 507 14 508 10 509 14 510 10 511 11 512 10 513 11 514 10 515 11 516 10 517 11 518 10 519 11 520 10 521 11 522 10 523 11 524 10 525 11 526 10 527 11 528 10 529 11 530 10 531 11 532 10 533 11 534 3 535 11 536 3 537 11 538 3 539 11 540 3 541 4 542 3 543 4 544 3 545 11 546 3 547 11 548 3 549 11 550 3 551 11 552 3 553 11 554 10 555 11 556 3 557 11 558 6 559 11 560 6 561 11 562 6 563 8 564 3 565 4 566 3 567 4 568 3 569 4 570 3 571 4 572 16 573 34 574 34 575 35 576 34 577 35 578 12 579 16 580 16 581 34 582 34 583 35 584 16 585 34 586 34 587 35 588 16 589 34 590 34 591 35 592 16 593 34 594 12 595 16 596 16 597 31 598 12 599 16 600 12 601 16 602 16 603 31 604 16 605 31 606 12 607 16 608 16 609 31 610 16 611 31 612 12 613 16 614 1 615 12 616 1 617 12 618 1 619 12 620 1 621 12 622 1 623 12 624 1 625 12 626 1 627 12 628 1 629 12 630 1 631 12 632 1 633 12 634 1 635 12 636 1 637 12 638 1 639 12 640 1 0 1 641 12 642 1 643 12 644 1 645 12 646 1 0 1 0 1 0 1 647 12 648 1 649 12 650 1 651 12 652 1 653 12 654 1 655 9 656 1 657 9 658 1 659 9 660 1 661 9 662 1 663 9 664 1 665 9 666 1 667 9 668 1 669 9 670 1 671 9 672 1 673 9 674 1 675 9 676 1 677 9 678 1 679 9 680 1 681 9 682 1 683 9 684 1 685 9 686 1 687 9 688 1 689 9 690 1 691 9 692 1 693 9 694 1 695 9 696 9 697 13 698 9 699 13 700 10 701 11 702 1 703 9 704 1 705 9 706 1 707 9 708 1 709 9 710 1 711 9 712 9 713 13 714 9 715 13 716 9 717 13 718 9 719 13 720 9 721 13 722 1 723 9 724 1 725 9 726 6 727 8 728 6 729 8 730 5 731 7 732 5 733 11 734 5 735 11 736 6 737 8 738 15 739 36 740 0 0 0 0 0 0 0 0 0 0 0 0 0 0 0 0 0 0 0 0 0 0 0 0 0 0 0 0 0 0 0 0 0 0 0 0 0 0 0 0 0 0 0 0 0 0 0 0 0 0 0 0 0 0 0 0 0 0 0 0 0 0 0 0 0 741 15 742 0 0 0 0 0 0 0 743 15 744 0 0 0 0 0 0 0 0 0 0 0 0 0 0 0 0 0 0 0 0 0 0 0 0 0 0 0 0 0 0 0 0 0 0 0 0 0 0 0 0 0 0 0 0 0 0 0 0 0 0 0 0 0 0 0 0 0 0 0 0 0 0 0 0 0 0 0 0 0 0 0 0 0 0 0 0 0 0 0 0 0 0 0 0 0 0 0 0 0 0 0 0 0 0 0 0 0 0 0 0 0 0 0 0 0 0 0 0 0 0 0 0 0 0 0 0 0 0 0 0 0 0 0 0 0 0 0 0 0 0 0 0 0 0 0 0 0 0 0 0 0 0 0 0 0 0 0 0 0 0 0 0 0 0 0 745 17 746 0 747 17 748 0 749 17 750 0 0 0 0 0 751 17 752 0 753 17 754 0 0 0 0 0 0 0 755 17 756 0 757 17 758 0 0 0 759 17 760 0 761 17 762 0 763 17 764 0 765 17 766 0 767 17 768 0 769 17 770 0 771 17 772 0 773 17 774 17 775 18 776 17 777 18 778 17 779 18 780 17 781 18 782 17 783 18 784 17 785 18 786 0 787 17 788 0 789 17 790 17 791 18 792 17 793 18 794 17 795 18 796 17 797 18 798 17 799 18 800 17 801 18 802 17 803 18 804 18 805 19 806 18 807 19 808 18 809 19 810 17 811 18 812 18 813 19 814 19 0 19 0 19 0 0 0 0 0 0 0 0 815 17 816 0 817 17 818 0 819 17 820 0 0 0 0 0 821 17 822 2 823 36 824 0 0 0 0 0 0 0 0 0 0 0 0 0 0 0 0 0 0 0 0 0 0 0 0 0 825 17 826 0 0 0 0 0 827 17 828 0 829 17 830 0 831 17 832 0 833 17 834 0 835 17 836 17 837 18 838 17 839 18 840 17 841 18 842 17 843 18 844 0 845 17 846 17 847 18 848 17 849 18 850 18 851 19 852 18 853 19 854 18 855 19 856 18 857 19 858 18 859 19 860 18 861 19 862 18 863 19 864 18 865 19 866 18 867 19 868 18 869 19 870 18 871 19 872 18 873 19 874 18 875 19 876 18 877 19 878 18 879 19 880 18 881 19 882 19 0 18 883 19 884 18 885 19 886 19 0 19 0 19 0 0 0 0 887 15 888 0 889 15 890 17 891 18 892 0 893 15 894 0 0 0 0 0 0 0 0 0 0 0 0 0 0 0 0 0 0 0 0 0 0 0 0 0 0 0 0 0 0 0 0 0 0 0 0 0 0 0 0 0 0 0 0 0 0 0 0 0 0 0 0 0 0 0 0 0 0 0 0 0 0 0 0 0 0 0 0 0 0 0 0 0 0 0 0 0 0 0 0 0 0 0 0 0 0 0 0 0 0 0 0 0 0 0 0 0 0 0 0 0 0 0 0 0 0 0 0 0 0 10 895 11 896 0 0 35 897 36 898 14 899 36 900 6 901 8 902 6 903 8 904 14 905 35 906 35 907 36 908 15 909 36 910 15 911 36 912 15 913 36 914 21 915 36 916 15 917 36 918 21 919 36 920 21 921 36 922 21 923 36 924 35 925 36 926 21 927 36 928 21 929 36 930 21 931 36 932 15 933 36 934 15 935 36 936 21 937 36 938 21 939 36 940 21 941 36 942 15 943 36 944 21 945 36 946 33 947 36 948 33 949 36 950 33 951 36 952 35 953 36 954 35 955 36 956 35 957 36 958 0 959 17 960 35 961 36 962 35 963 36 964 35 965 36 966 35 967 36 968 35 969 36 970 35 971 36 972 35 973 36 974 35 975 36 976 35 977 36 978 34 979 35 980 35 981 36 982 34 983 35 984 35 985 36 986 33 987 35 988 35 989 36 990 35 991 36 992 35 993 36 994 33 995 35 996 35 997 36 998 35 999 36 1000 33 1001 35 1002 33 1003 35 1004 34 1005 35 1006 35 1007 36 1008 35 1009 36 1010 33 1011 35 1012 33 1013 36 1014 33 1015 36 1016 33 1017 36 1018 33 1019 36 1020 33 1021 35 1022 33 1023 36 1024 33 1025 36 1026 33 1027 36 1028 33 1029 36 1030 0 1031 17 1032 21 1033 36 1034 33 1035 36 1036 21 1037 33 1038 35 1039 36 1040 35 1041 36 1042 35 1043 36 1044 35 1045 36 1046 33 1047 36 1048 33 1049 36 1050 33 1051 36 1052 29 1053 33 1054 29 1055 33 1056 33 1057 36 1058 33 1059 36 1060 29 1061 33 1062 33 1063 36 1064 33 1065 36 1066 29 1067 33 1068 33 1069 35 1070 33 1071 36 1072 29 1073 30 1074 29 1075 33 1076 29 1077 33 1078 29 1079 30 1080 29 1081 30 1082 29 1083 30 1084 29 1085 30 1086 29 1087 30 1088 29 1089 30 1090 29 1091 30 1092 29 1093 30 1094 29 1095 30 1096 29 1097 30 1098 29 1099 30 1100 29 1101 30 1102 29 1103 30 1104 29 1105 30 1106 29 1107 30 1108 22 1109 30 1110 22 1111 30 1112 22 1113 30 1114 22 1115 30 1116 22 1117 30 1118 22 1119 23 1120 22 1121 23 1122 22 1123 30 1124 24 1125 30 1126 29 1127 30 1128 22 1129 30 1130 24 1131 30 1132 24 1133 30 1134 24 1135 26 1136 24 1137 26 1138 29 1139 30 1140 25 1141 27 1142 29 1143 30 1144 25 1145 27 1146 25 1147 30 1148 24 1149 26 1150 24 1151 26 1152 24 1153 30 1154 22 1155 30 1156 24 1157 26 1158 25 1159 27 1160 25 1161 27 1162 25 1163 27 1164 22 1165 23 1166 22 1167 23 1168 22 1169 23 1170 22 1171 23 1172 34 1173 35 1174 34 1175 35 1176 34 1177 35 1178 34 1179 35 1180 16 1181 34 1182 34 1183 35 1184 16 1185 31 1186 16 1187 31 1188 16 1189 31 1190 16 1191 31 1192 16 1193 31 1194 16 1195 31 1196 16 1197 31 1198 16 1199 31 1200 16 1201 31 1202 16 1203 31 1204 20 1205 28 1206 20 1207 28 1208 20 1209 28 1210 20 1211 28 1212 20 1213 28 1214 20 1215 28 1216 20 1217 28 1218 20 1219 28 1220 20 1221 28 1222 28 1223 32 1224 28 1225 32 1226 28 1227 32 1228 20 1229 28 1230 20 1231 28 1232 20 1233 28 1234 28 1235 32 1236 28 1237 32 1238 28 1239 32 1240 28 1241 32 1242 28 1243 32 1244 28 1245 32 1246 28 1247 32 1248 28 1249 32 1250 28 1251 32 1252 0 1253 15 1254 0 1255 15 1256 0 1257 15 1258 15 1259 36 1260 15 1261 36 1262 0 1263 15 1264 15 1265 36 1266 15 1267 36 1268 15 1269 36 1270 15 1271 36 1272 21 1273 36 1274 21 1275 36 1276 15 1277 36 1278 33 1279 36 1280 34 1281 35 1282 34 1283 35 1284 33 1285 36 1286 33 1287 36 1288 33 1289 36 1290 33 1291 36 1292 33 1293 36 1294 33 1295 35 1296 34 1297 35 1298 34 1299 35 1300 34 1301 35 1302 33 1303 36 1304 21 1305 33 1306 33 1307 36 1308 21 1309 33 1310 29 1311 33 1312 33 1313 36 1314 29 1315 33 1316 33 1317 35 1318 29 1319 33 1320 29 1321 33 1322 29 1323 33 1324 29 1325 33 1326 29 1327 33 1328 33 1329 36 1330 29 1331 33 1332 29 1333 33 1334 29 1335 33 1336 29 1337 33 1338 29 1339 33 1340 29 1341 33 1342 29 1343 33 1344 29 1345 33 1346 29 1347 33 1348 29 1349 33 1350 29 1351 33 1352 29 1353 33 1354 29 1355 33 1356 29 1357 33 1358 29 1359 30 1360 29 1361 30 1362 29 1363 30 1364 29 1365 30 1366 29 1367 30 1368 29 1369 30 1370 29 1371 30 1372 29 1373 30 1374 29 1375 30 1376 29 1377 30 1378 29 1379 30 1380 29 1381 30 1382 22 1383 30 1384 22 1385 30 1386 22 1387 23 1388 22 1389 23 1390 22 1391 30 1392 22 1393 30 1394 22 1395 30 1396 22 1397 30 1398 22 1399 30 1400 22 1401 30 1402 29 1403 30 1404 22 1405 30 1406 25 1407 30 1408 25 1409 30 1410 25 1411 27 1412 25 1413 27 1414 22 1415 23 1416 22 1417 23 1418 22 1419 23 1420 22 1421 23 1422 34 1423 35 1424 34 1425 35 1426 34 1427 35 1428 16 1429 34 1430 34 1431 35 1432 16 1433 34 1434 16 1435 31 1436 16 1437 31 1438 16 1439 31 1440 16 1441 31 1442 20 1443 31 1444 20 1445 31 1446 20 1447 31 1448 20 1449 31 1450 20 1451 31 1452 20 1453 31 1454 20 1455 31 1456 20 1457 31 1458 20 1459 31 1460 20 1461 31 1462 20 1463 31 1464 20 1465 31 1466 20 1467 31 1468 20 1469 31 1470 20 1471 31 1472 20 0 20 1473 31 1474 20 0 20 0 20 0 20 1475 31 1476 20 1477 31 1478 20 1479 31 1480 20 1481 31 1482 20 1483 28 1484 20 1485 28 1486 20 1487 28 1488 20 1489 28 1490 20 1491 28 1492 20 1493 28 1494 20 1495 28 1496 20 1497 28 1498 20 1499 28 1500 20 1501 28 1502 20 1503 28 1504 20 1505 28 1506 20 1507 28 1508 20 1509 28 1510 20 1511 28 1512 20 1513 28 1514 20 1515 28 1516 20 1517 28 1518 20 1519 28 1520 20 1521 28 1522 20 1523 28 1524 28 1525 32 1526 28 1527 32 1528 29 1529 30 1530 20 1531 28 1532 20 1533 28 1534 20 1535 28 1536 20 1537 28 1538 20 1539 28 1540 28 1541 32 1542 28 1543 32 1544 28 1545 32 1546 28 1547 32 1548 28 1549 32 1550 20 1551 28 1552 20 1553 28 1554 25 1555 27 1556 25 1557 27 1558 24 1559 30 1560 24 1561 26 1562 25 1563 27 1564 24 1565 30 1566 0 0 0 0 0 0 0 0 0 0 0 0 0 0 0 0 0 0 0 0 0 0 0 0 0 0 0 0 0 0 0 0 0 0 0 0 0 0 0 0 0 0 0 0 0 0 0 0 0 0 0 0 0 0 0 0 0 0 0 0 0 1567 15 1568 0 0 0 0 0 0 0 1569 15 1570 0 0 0 0 0 0 0 0 0 0 0 0 0 0 0 0 0 0 0 0 0 0 0 0 0 0 0 0 0 0 0 0 0 0 0 0 0 0 0 0 0 0 0 0 0 0 0 0 0 0 0 0 0 0 0 0 0 0 0 0 0 0 0 0 0 0 0 0 0 0 0 0 0 0 0 0 0 0 0 0 0 0 0 0 0 0 0 0 0 0 0 0 0 0 0 0 0 0 0 0 0 0 0 0 0 0 0 0 0 0 0 0 0 0 0 0 0 0 0 1571 17 1572 0 1573 17 1574 0 1575 17 1576 0 0 0 0 0 1577 17 1578 0 1579 17 1580 0 0 0 0 0 0 0 1581 17 1582 0 1583 17 1584 0 0 0 1585 17 1586 0 1587 17 1588 0 1589 17 1590 0 1591 17 1592 0 1593 17 1594 0 1595 17 1596 17 1597 18 1598 17 1599 18 1600 17 1601 18 1602 17 1603 18 1604 0 1605 17 1606 0 1607 17 1608 17 1609 18 1610 17 1611 18 1612 17 1613 18 1614 17 1615 18 1616 17 1617 18 1618 17 1619 18 1620 17 1621 18 1622 18 1623 19 1624 18 1625 19 1626 18 1627 19 1628 19 0 19 0 0 0 0 0 0 0 0 1629 17 1630 0 1631 17 1632 0 1633 17 1634 0 0 0 0 0 1635 17 1636 21 1637 36 1638 0 0 0 0 0 0 0 0 0 0 0 0 0 0 0 1639 17 1640 0 1641 17 1642 0 1643 17 1644 0 1645 17 1646 17 1647 18 1648 17 1649 18 1650 18 1651 19 1652 18 1653 19 1654 18 1655 19 1656 18 1657 19 1658 18 1659 19 1660 18 1661 19 1662 18 1663 19 1664 18 1665 19 1666 18 1667 19 1668 19 0 18 1669 19 1670 0 0 0 1671 15 1672 0 1673 15 1674 0 1675 15 1676 0 0 0 0 0 0 0 0 0 0 0 0 0 0 0 0 0 0 0 0 0 0 0 0 0 0 0 0 0 0 0 0 0 0 0 0 0 0 0 0 0 0 0 0 0 0 0 0 0 0 0 0 0 0 0 0 0 0 0 0 0 0 0 0 0 0 0 0 0 0 0 0 0 0 0 0 0 0 0 0 0 0 0 0 0 0 0 0 0 0 0 0 0 0 0 0 0 0 0 0 0 0 0 0 0 0 0 0 0 0 29 1677 30 1678 35 1679 36 1680 33 1681 36 1682 25 1683 27 1684 25 1685 27 1686 33 1687 35 1688 35 1689 36 1690 29 1691 33 1692</v>
        </vertex_weights>
      </skin>
    </controller>
  </library_controllers>
  <library_lights>
    <light id="EnvironmentAmbientLight" name="EnvironmentAmbientLight">
      <technique_common>
        <ambient>
          <color>0 0 0</color>
        </ambient>
      </technique_common>
    </light>
  </library_lights>
  <library_images>
    <image id="jasmine_diff_png">
      <init_from>./jasmine_diff.png</init_from>
    </image>
  </library_images>
  <library_visual_scenes>
    <visual_scene id="MaxScene">
      <node name="EnvironmentAmbientLight">
        <instance_light url="#EnvironmentAmbientLight"/>
      </node>
      <node id="node-Bip001_Pelvis" name="Bip001_Pelvis" sid="joint16" type="JOINT">
        <translate>3.13667e-6 4.86898e-12 260.839</translate>
        <rotate>0.7071068 3.21721e-7 0.7071068 -179.9998</rotate>
        <scale>0.3937008 0.3937008 0.3937008</scale>
        <node id="node-Bip001_Spine" name="Bip001_Spine" sid="joint34" type="JOINT">
          <translate>71.85602 -0.0862141 9.3162e-5</translate>
          <rotate>0.005388472 0.001798542 -0.9999838 -0.04562595</rotate>
          <node id="node-Bip001_L_Thigh" name="Bip001_L_Thigh" sid="joint12" type="JOINT">
            <translate>-71.85596 0.1432869 62.48351</translate>
            <rotate>0.0268785 0.9996381 -0.001095868 -175.2173</rotate>
            <node id="node-Bip001_L_Calf" name="Bip001_L_Calf" sid="joint1" type="JOINT">
              <translate>262.3764 0 7.62939e-6</translate>
              <rotate>9.09059e-10 2.26439e-8 1 -9.502163</rotate>
              <node id="node-Bip001_L_Foot" name="Bip001_L_Foot" sid="joint9" type="JOINT">
                <translate>344.639 3.05176e-5 1.52588e-5</translate>
                <rotate>0.1917522 0.5961268 -0.7796563 -8.190958</rotate>
                <node id="node-Bip001_L_Toe0" name="Bip001_L_Toe0" sid="joint13" type="JOINT">
                  <translate>59.39874 70.21444 -1.52588e-5</translate>
                  <rotate>1.95577e-8 -1.95579e-8 -1 -90</rotate>
                  <extra>
                    <technique profile="OpenCOLLADA">
                      <cast_shadows sid="cast_shadows" type="bool">1</cast_shadows>
                      <receive_shadows sid="receive_shadows" type="bool">1</receive_shadows>
                      <primary_visibility sid="primary_visibility" type="bool">1</primary_visibility>
                      <secondary_visibility sid="secondary_visibility" type="bool">1</secondary_visibility>
                    </technique>
                  </extra>
                </node>
                <extra>
                  <technique profile="OpenCOLLADA">
                    <cast_shadows sid="cast_shadows" type="bool">1</cast_shadows>
                    <receive_shadows sid="receive_shadows" type="bool">1</receive_shadows>
                    <primary_visibility sid="primary_visibility" type="bool">1</primary_visibility>
                    <secondary_visibility sid="secondary_visibility" type="bool">1</secondary_visibility>
                  </technique>
                </extra>
              </node>
              <extra>
                <technique profile="OpenCOLLADA">
                  <cast_shadows sid="cast_shadows" type="bool">1</cast_shadows>
                  <receive_shadows sid="receive_shadows" type="bool">1</receive_shadows>
                  <primary_visibility sid="primary_visibility" type="bool">1</primary_visibility>
                  <secondary_visibility sid="secondary_visibility" type="bool">1</secondary_visibility>
                </technique>
              </extra>
            </node>
            <extra>
              <technique profile="OpenCOLLADA">
                <cast_shadows sid="cast_shadows" type="bool">1</cast_shadows>
                <receive_shadows sid="receive_shadows" type="bool">1</receive_shadows>
                <primary_visibility sid="primary_visibility" type="bool">1</primary_visibility>
                <secondary_visibility sid="secondary_visibility" type="bool">1</secondary_visibility>
              </technique>
            </extra>
          </node>
          <node id="node-Bip001_R_Thigh" name="Bip001_R_Thigh" sid="joint31" type="JOINT">
            <translate>-71.8559 0.1436359 -62.48351</translate>
            <rotate>0.02687838 0.9996381 0.001098725 -184.7827</rotate>
            <node id="node-Bip001_R_Calf" name="Bip001_R_Calf" sid="joint20" type="JOINT">
              <translate>262.3763 -3.8147e-6 0</translate>
              <rotate>-3.08597e-8 -1.13685e-7 1 -9.502186</rotate>
              <node id="node-Bip001_R_Foot" name="Bip001_R_Foot" sid="joint28" type="JOINT">
                <translate>344.6389 1.14441e-5 -3.05176e-5</translate>
                <rotate>-0.191751 -0.5961277 -0.7796558 -8.190963</rotate>
                <node id="node-Bip001_R_Toe0" name="Bip001_R_Toe0" sid="joint32" type="JOINT">
                  <translate>59.39871 70.21446 -3.05176e-5</translate>
                  <rotate>-4.08384e-8 -4.08387e-8 -1 -90</rotate>
                  <extra>
                    <technique profile="OpenCOLLADA">
                      <cast_shadows sid="cast_shadows" type="bool">1</cast_shadows>
                      <receive_shadows sid="receive_shadows" type="bool">1</receive_shadows>
                      <primary_visibility sid="primary_visibility" type="bool">1</primary_visibility>
                      <secondary_visibility sid="secondary_visibility" type="bool">1</secondary_visibility>
                    </technique>
                  </extra>
                </node>
                <extra>
                  <technique profile="OpenCOLLADA">
                    <cast_shadows sid="cast_shadows" type="bool">1</cast_shadows>
                    <receive_shadows sid="receive_shadows" type="bool">1</receive_shadows>
                    <primary_visibility sid="primary_visibility" type="bool">1</primary_visibility>
                    <secondary_visibility sid="secondary_visibility" type="bool">1</secondary_visibility>
                  </technique>
                </extra>
              </node>
              <extra>
                <technique profile="OpenCOLLADA">
                  <cast_shadows sid="cast_shadows" type="bool">1</cast_shadows>
                  <receive_shadows sid="receive_shadows" type="bool">1</receive_shadows>
                  <primary_visibility sid="primary_visibility" type="bool">1</primary_visibility>
                  <secondary_visibility sid="secondary_visibility" type="bool">1</secondary_visibility>
                </technique>
              </extra>
            </node>
            <extra>
              <technique profile="OpenCOLLADA">
                <cast_shadows sid="cast_shadows" type="bool">1</cast_shadows>
                <receive_shadows sid="receive_shadows" type="bool">1</receive_shadows>
                <primary_visibility sid="primary_visibility" type="bool">1</primary_visibility>
                <secondary_visibility sid="secondary_visibility" type="bool">1</secondary_visibility>
              </technique>
            </extra>
          </node>
          <node id="node-Bip001_Spine1" name="Bip001_Spine1" sid="joint35" type="JOINT">
            <translate>108.3049 -0.08624035 -4.81377e-7</translate>
            <node id="node-Bip001_Spine2" name="Bip001_Spine2" sid="joint36" type="JOINT">
              <translate>108.3047 -0.08624023 -7.13044e-7</translate>
              <node id="node-Bip001_Neck" name="Bip001_Neck" sid="joint15" type="JOINT">
                <translate>108.3048 -0.04292321 -8.44593e-7</translate>
                <node id="node-Bip001_Head" name="Bip001_Head" sid="joint0" type="JOINT">
                  <translate>81.07104 6.14446 1.00971e-5</translate>
                  <rotate>-4.45033e-9 -1.11798e-5 1 -0.04570763</rotate>
                  <node id="node-Bip001_Ponytail1" name="Bip001_Ponytail1" sid="joint17" type="JOINT">
                    <translate>16.55554 -108.5137 -4.34619e-4</translate>
                    <rotate>1.00845e-8 -2.87199e-6 1 -172.7116</rotate>
                    <node id="node-Bip001_Ponytail11" name="Bip001_Ponytail11" sid="joint18" type="JOINT">
                      <translate>178.7867 -0.1078186 6.08125e-6</translate>
                      <rotate>-4.73738e-12 -7.10544e-14 -1 -2.435061</rotate>
                      <node id="node-Bip001_Ponytail12" name="Bip001_Ponytail12" sid="joint19" type="JOINT">
                        <translate>135.4612 -0.1566162 -7.16565e-6</translate>
                        <rotate>-5.29236e-12 3.62377e-13 -1 -2.435053</rotate>
                        <extra>
                          <technique profile="OpenCOLLADA">
                            <cast_shadows sid="cast_shadows" type="bool">1</cast_shadows>
                            <receive_shadows sid="receive_shadows" type="bool">1</receive_shadows>
                            <primary_visibility sid="primary_visibility" type="bool">1</primary_visibility>
                            <secondary_visibility sid="secondary_visibility" type="bool">1</secondary_visibility>
                          </technique>
                        </extra>
                      </node>
                      <extra>
                        <technique profile="OpenCOLLADA">
                          <cast_shadows sid="cast_shadows" type="bool">1</cast_shadows>
                          <receive_shadows sid="receive_shadows" type="bool">1</receive_shadows>
                          <primary_visibility sid="primary_visibility" type="bool">1</primary_visibility>
                          <secondary_visibility sid="secondary_visibility" type="bool">1</secondary_visibility>
                        </technique>
                      </extra>
                    </node>
                    <extra>
                      <technique profile="OpenCOLLADA">
                        <cast_shadows sid="cast_shadows" type="bool">1</cast_shadows>
                        <receive_shadows sid="receive_shadows" type="bool">1</receive_shadows>
                        <primary_visibility sid="primary_visibility" type="bool">1</primary_visibility>
                        <secondary_visibility sid="secondary_visibility" type="bool">1</secondary_visibility>
                      </technique>
                    </extra>
                  </node>
                  <extra>
                    <technique profile="OpenCOLLADA">
                      <cast_shadows sid="cast_shadows" type="bool">1</cast_shadows>
                      <receive_shadows sid="receive_shadows" type="bool">1</receive_shadows>
                      <primary_visibility sid="primary_visibility" type="bool">1</primary_visibility>
                      <secondary_visibility sid="secondary_visibility" type="bool">1</secondary_visibility>
                    </technique>
                  </extra>
                </node>
                <node id="node-Bip001_L_Clavicle" name="Bip001_L_Clavicle" sid="joint2" type="JOINT">
                  <translate>-3.66211e-4 0.04286849 21.8692</translate>
                  <rotate>0.5795034 -2.31927e-4 0.8149698 -180.0371</rotate>
                  <node id="node-Bip001_L_UpperArm" name="Bip001_L_UpperArm" sid="joint14" type="JOINT">
                    <translate>81.22855 -1.22389e-5 1.83105e-4</translate>
                    <rotate>-0.2012538 -0.9624738 -0.182047 -26.72061</rotate>
                    <node id="node-Bip001_L_Forearm" name="Bip001_L_Forearm" sid="joint10" type="JOINT">
                      <translate>204.7176 1.52588e-5 0</translate>
                      <rotate>-1.54416e-7 -1.73571e-6 1 -10.91024</rotate>
                      <node id="node-Bip001_L_Hand" name="Bip001_L_Hand" sid="joint11" type="JOINT">
                        <translate>177.4176 -1.52588e-5 1.2207e-4</translate>
                        <rotate>0.9965638 -0.0304998 0.07700872 -90.29919</rotate>
                        <node id="node-Bip001_L_Finger0" name="Bip001_L_Finger0" sid="joint3" type="JOINT">
                          <translate>51.71686 0.5759277 -34.05194</translate>
                          <rotate>-0.91597 -0.3843577 0.1151872 -59.95447</rotate>
                          <node id="node-Bip001_L_Finger01" name="Bip001_L_Finger01" sid="joint4" type="JOINT">
                            <translate>39.04886 0 -1.2207e-4</translate>
                            <rotate>0.01444423 -0.2408492 -0.9704551 -7.072566</rotate>
                            <extra>
                              <technique profile="OpenCOLLADA">
                                <cast_shadows sid="cast_shadows" type="bool">1</cast_shadows>
                                <receive_shadows sid="receive_shadows" type="bool">1</receive_shadows>
                                <primary_visibility sid="primary_visibility" type="bool">1</primary_visibility>
                                <secondary_visibility sid="secondary_visibility" type="bool">1</secondary_visibility>
                              </technique>
                            </extra>
                          </node>
                          <extra>
                            <technique profile="OpenCOLLADA">
                              <cast_shadows sid="cast_shadows" type="bool">1</cast_shadows>
                              <receive_shadows sid="receive_shadows" type="bool">1</receive_shadows>
                              <primary_visibility sid="primary_visibility" type="bool">1</primary_visibility>
                              <secondary_visibility sid="secondary_visibility" type="bool">1</secondary_visibility>
                            </technique>
                          </extra>
                        </node>
                        <node id="node-Bip001_L_Finger1" name="Bip001_L_Finger1" sid="joint5" type="JOINT">
                          <translate>96.56891 -4.109741 -23.25154</translate>
                          <rotate>-0.01332857 -0.9569476 0.2899548 -7.886552</rotate>
                          <node id="node-Bip001_L_Finger11" name="Bip001_L_Finger11" sid="joint7" type="JOINT">
                            <translate>37.15228 2.44141e-4 -1.52588e-5</translate>
                            <rotate>-9.56364e-7 -1.09258e-7 -1 -13.84441</rotate>
                            <extra>
                              <technique profile="OpenCOLLADA">
                                <cast_shadows sid="cast_shadows" type="bool">1</cast_shadows>
                                <receive_shadows sid="receive_shadows" type="bool">1</receive_shadows>
                                <primary_visibility sid="primary_visibility" type="bool">1</primary_visibility>
                                <secondary_visibility sid="secondary_visibility" type="bool">1</secondary_visibility>
                              </technique>
                            </extra>
                          </node>
                          <extra>
                            <technique profile="OpenCOLLADA">
                              <cast_shadows sid="cast_shadows" type="bool">1</cast_shadows>
                              <receive_shadows sid="receive_shadows" type="bool">1</receive_shadows>
                              <primary_visibility sid="primary_visibility" type="bool">1</primary_visibility>
                              <secondary_visibility sid="secondary_visibility" type="bool">1</secondary_visibility>
                            </technique>
                          </extra>
                        </node>
                        <node id="node-Bip001_L_Finger2" name="Bip001_L_Finger2" sid="joint6" type="JOINT">
                          <translate>96.77142 0.005432129 6.665817</translate>
                          <rotate>0.9924479 -0.01971325 0.1210724 -18.72642</rotate>
                          <node id="node-Bip001_L_Finger21" name="Bip001_L_Finger21" sid="joint8" type="JOINT">
                            <translate>34.83231 0 1.52588e-5</translate>
                            <rotate>-0.2295476 -0.04058481 -0.9724509 -20.60967</rotate>
                            <extra>
                              <technique profile="OpenCOLLADA">
                                <cast_shadows sid="cast_shadows" type="bool">1</cast_shadows>
                                <receive_shadows sid="receive_shadows" type="bool">1</receive_shadows>
                                <primary_visibility sid="primary_visibility" type="bool">1</primary_visibility>
                                <secondary_visibility sid="secondary_visibility" type="bool">1</secondary_visibility>
                              </technique>
                            </extra>
                          </node>
                          <extra>
                            <technique profile="OpenCOLLADA">
                              <cast_shadows sid="cast_shadows" type="bool">1</cast_shadows>
                              <receive_shadows sid="receive_shadows" type="bool">1</receive_shadows>
                              <primary_visibility sid="primary_visibility" type="bool">1</primary_visibility>
                              <secondary_visibility sid="secondary_visibility" type="bool">1</secondary_visibility>
                            </technique>
                          </extra>
                        </node>
                        <extra>
                          <technique profile="OpenCOLLADA">
                            <cast_shadows sid="cast_shadows" type="bool">1</cast_shadows>
                            <receive_shadows sid="receive_shadows" type="bool">1</receive_shadows>
                            <primary_visibility sid="primary_visibility" type="bool">1</primary_visibility>
                            <secondary_visibility sid="secondary_visibility" type="bool">1</secondary_visibility>
                          </technique>
                        </extra>
                      </node>
                      <extra>
                        <technique profile="OpenCOLLADA">
                          <cast_shadows sid="cast_shadows" type="bool">1</cast_shadows>
                          <receive_shadows sid="receive_shadows" type="bool">1</receive_shadows>
                          <primary_visibility sid="primary_visibility" type="bool">1</primary_visibility>
                          <secondary_visibility sid="secondary_visibility" type="bool">1</secondary_visibility>
                        </technique>
                      </extra>
                    </node>
                    <extra>
                      <technique profile="OpenCOLLADA">
                        <cast_shadows sid="cast_shadows" type="bool">1</cast_shadows>
                        <receive_shadows sid="receive_shadows" type="bool">1</receive_shadows>
                        <primary_visibility sid="primary_visibility" type="bool">1</primary_visibility>
                        <secondary_visibility sid="secondary_visibility" type="bool">1</secondary_visibility>
                      </technique>
                    </extra>
                  </node>
                  <extra>
                    <technique profile="OpenCOLLADA">
                      <cast_shadows sid="cast_shadows" type="bool">1</cast_shadows>
                      <receive_shadows sid="receive_shadows" type="bool">1</receive_shadows>
                      <primary_visibility sid="primary_visibility" type="bool">1</primary_visibility>
                      <secondary_visibility sid="secondary_visibility" type="bool">1</secondary_visibility>
                    </technique>
                  </extra>
                </node>
                <node id="node-Bip001_R_Clavicle" name="Bip001_R_Clavicle" sid="joint21" type="JOINT">
                  <translate>0 0.04298931 -21.86924</translate>
                  <rotate>-0.5795033 2.29561e-4 0.8149699 -180.0373</rotate>
                  <node id="node-Bip001_R_UpperArm" name="Bip001_R_UpperArm" sid="joint33" type="JOINT">
                    <translate>81.22855 -1.1961e-5 6.10352e-5</translate>
                    <rotate>0.2012541 0.9624737 -0.1820472 -26.72058</rotate>
                    <node id="node-Bip001_R_Forearm" name="Bip001_R_Forearm" sid="joint29" type="JOINT">
                      <translate>204.7177 1.52588e-5 0</translate>
                      <rotate>1.02398e-7 2.3531e-6 1 -10.91024</rotate>
                      <node id="node-Bip001_R_Hand" name="Bip001_R_Hand" sid="joint30" type="JOINT">
                        <translate>177.4175 7.62939e-6 2.44141e-4</translate>
                        <rotate>-0.9965638 0.03049977 0.07700873 -90.29919</rotate>
                        <node id="node-Bip001_R_Finger0" name="Bip001_R_Finger0" sid="joint22" type="JOINT">
                          <translate>51.7168 0.5760498 34.05196</translate>
                          <rotate>0.91597 0.3843578 0.115187 -59.95448</rotate>
                          <node id="node-Bip001_R_Finger01" name="Bip001_R_Finger01" sid="joint23" type="JOINT">
                            <translate>39.04897 1.2207e-4 1.2207e-4</translate>
                            <rotate>-0.01444758 0.24085 -0.9704548 -7.072581</rotate>
                            <extra>
                              <technique profile="OpenCOLLADA">
                                <cast_shadows sid="cast_shadows" type="bool">1</cast_shadows>
                                <receive_shadows sid="receive_shadows" type="bool">1</receive_shadows>
                                <primary_visibility sid="primary_visibility" type="bool">1</primary_visibility>
                                <secondary_visibility sid="secondary_visibility" type="bool">1</secondary_visibility>
                              </technique>
                            </extra>
                          </node>
                          <extra>
                            <technique profile="OpenCOLLADA">
                              <cast_shadows sid="cast_shadows" type="bool">1</cast_shadows>
                              <receive_shadows sid="receive_shadows" type="bool">1</receive_shadows>
                              <primary_visibility sid="primary_visibility" type="bool">1</primary_visibility>
                              <secondary_visibility sid="secondary_visibility" type="bool">1</secondary_visibility>
                            </technique>
                          </extra>
                        </node>
                        <node id="node-Bip001_R_Finger1" name="Bip001_R_Finger1" sid="joint24" type="JOINT">
                          <translate>96.56897 -4.109558 23.25152</translate>
                          <rotate>0.01332891 0.9569484 0.289952 -7.886526</rotate>
                          <node id="node-Bip001_R_Finger11" name="Bip001_R_Finger11" sid="joint26" type="JOINT">
                            <translate>37.15234 0 -3.05176e-5</translate>
                            <rotate>2.1959e-6 -1.28228e-6 -1 -13.84438</rotate>
                            <extra>
                              <technique profile="OpenCOLLADA">
                                <cast_shadows sid="cast_shadows" type="bool">1</cast_shadows>
                                <receive_shadows sid="receive_shadows" type="bool">1</receive_shadows>
                                <primary_visibility sid="primary_visibility" type="bool">1</primary_visibility>
                                <secondary_visibility sid="secondary_visibility" type="bool">1</secondary_visibility>
                              </technique>
                            </extra>
                          </node>
                          <extra>
                            <technique profile="OpenCOLLADA">
                              <cast_shadows sid="cast_shadows" type="bool">1</cast_shadows>
                              <receive_shadows sid="receive_shadows" type="bool">1</receive_shadows>
                              <primary_visibility sid="primary_visibility" type="bool">1</primary_visibility>
                              <secondary_visibility sid="secondary_visibility" type="bool">1</secondary_visibility>
                            </technique>
                          </extra>
                        </node>
                        <node id="node-Bip001_R_Finger2" name="Bip001_R_Finger2" sid="joint25" type="JOINT">
                          <translate>96.77148 0.005432129 -6.665833</translate>
                          <rotate>-0.9924481 0.01971319 0.1210711 -18.72641</rotate>
                          <node id="node-Bip001_R_Finger21" name="Bip001_R_Finger21" sid="joint27" type="JOINT">
                            <translate>34.83221 1.2207e-4 -3.05176e-5</translate>
                            <rotate>0.2295474 0.04058373 -0.972451 -20.60968</rotate>
                            <extra>
                              <technique profile="OpenCOLLADA">
                                <cast_shadows sid="cast_shadows" type="bool">1</cast_shadows>
                                <receive_shadows sid="receive_shadows" type="bool">1</receive_shadows>
                                <primary_visibility sid="primary_visibility" type="bool">1</primary_visibility>
                                <secondary_visibility sid="secondary_visibility" type="bool">1</secondary_visibility>
                              </technique>
                            </extra>
                          </node>
                          <extra>
                            <technique profile="OpenCOLLADA">
                              <cast_shadows sid="cast_shadows" type="bool">1</cast_shadows>
                              <receive_shadows sid="receive_shadows" type="bool">1</receive_shadows>
                              <primary_visibility sid="primary_visibility" type="bool">1</primary_visibility>
                              <secondary_visibility sid="secondary_visibility" type="bool">1</secondary_visibility>
                            </technique>
                          </extra>
                        </node>
                        <extra>
                          <technique profile="OpenCOLLADA">
                            <cast_shadows sid="cast_shadows" type="bool">1</cast_shadows>
                            <receive_shadows sid="receive_shadows" type="bool">1</receive_shadows>
                            <primary_visibility sid="primary_visibility" type="bool">1</primary_visibility>
                            <secondary_visibility sid="secondary_visibility" type="bool">1</secondary_visibility>
                          </technique>
                        </extra>
                      </node>
                      <extra>
                        <technique profile="OpenCOLLADA">
                          <cast_shadows sid="cast_shadows" type="bool">1</cast_shadows>
                          <receive_shadows sid="receive_shadows" type="bool">1</receive_shadows>
                          <primary_visibility sid="primary_visibility" type="bool">1</primary_visibility>
                          <secondary_visibility sid="secondary_visibility" type="bool">1</secondary_visibility>
                        </technique>
                      </extra>
                    </node>
                    <extra>
                      <technique profile="OpenCOLLADA">
                        <cast_shadows sid="cast_shadows" type="bool">1</cast_shadows>
                        <receive_shadows sid="receive_shadows" type="bool">1</receive_shadows>
                        <primary_visibility sid="primary_visibility" type="bool">1</primary_visibility>
                        <secondary_visibility sid="secondary_visibility" type="bool">1</secondary_visibility>
                      </technique>
                    </extra>
                  </node>
                  <extra>
                    <technique profile="OpenCOLLADA">
                      <cast_shadows sid="cast_shadows" type="bool">1</cast_shadows>
                      <receive_shadows sid="receive_shadows" type="bool">1</receive_shadows>
                      <primary_visibility sid="primary_visibility" type="bool">1</primary_visibility>
                      <secondary_visibility sid="secondary_visibility" type="bool">1</secondary_visibility>
                    </technique>
                  </extra>
                </node>
                <extra>
                  <technique profile="OpenCOLLADA">
                    <cast_shadows sid="cast_shadows" type="bool">1</cast_shadows>
                    <receive_shadows sid="receive_shadows" type="bool">1</receive_shadows>
                    <primary_visibility sid="primary_visibility" type="bool">1</primary_visibility>
                    <secondary_visibility sid="secondary_visibility" type="bool">1</secondary_visibility>
                  </technique>
                </extra>
              </node>
              <extra>
                <technique profile="OpenCOLLADA">
                  <cast_shadows sid="cast_shadows" type="bool">1</cast_shadows>
                  <receive_shadows sid="receive_shadows" type="bool">1</receive_shadows>
                  <primary_visibility sid="primary_visibility" type="bool">1</primary_visibility>
                  <secondary_visibility sid="secondary_visibility" type="bool">1</secondary_visibility>
                </technique>
              </extra>
            </node>
            <extra>
              <technique profile="OpenCOLLADA">
                <cast_shadows sid="cast_shadows" type="bool">1</cast_shadows>
                <receive_shadows sid="receive_shadows" type="bool">1</receive_shadows>
                <primary_visibility sid="primary_visibility" type="bool">1</primary_visibility>
                <secondary_visibility sid="secondary_visibility" type="bool">1</secondary_visibility>
              </technique>
            </extra>
          </node>
          <extra>
            <technique profile="OpenCOLLADA">
              <cast_shadows sid="cast_shadows" type="bool">1</cast_shadows>
              <receive_shadows sid="receive_shadows" type="bool">1</receive_shadows>
              <primary_visibility sid="primary_visibility" type="bool">1</primary_visibility>
              <secondary_visibility sid="secondary_visibility" type="bool">1</secondary_visibility>
            </technique>
          </extra>
        </node>
        <extra>
          <technique profile="OpenCOLLADA">
            <cast_shadows sid="cast_shadows" type="bool">1</cast_shadows>
            <receive_shadows sid="receive_shadows" type="bool">1</receive_shadows>
            <primary_visibility sid="primary_visibility" type="bool">1</primary_visibility>
            <secondary_visibility sid="secondary_visibility" type="bool">1</secondary_visibility>
          </technique>
        </extra>
      </node>
      <node id="node-jasmine_lod1" name="jasmine_lod1">
        <instance_controller url="#geom-jasmine_lod1-skin1">
          <skeleton>#node-Bip001_Pelvis</skeleton>
          <bind_material>
            <technique_common>
              <instance_material symbol="jasmine_mat" target="#jasmine_mat-material">
                <bind_vertex_input semantic="CHANNEL1" input_semantic="TEXCOORD" input_set="0"/>
              </instance_material>
            </technique_common>
          </bind_material>
        </instance_controller>
        <extra>
          <technique profile="OpenCOLLADA">
            <cast_shadows sid="cast_shadows" type="bool">1</cast_shadows>
            <receive_shadows sid="receive_shadows" type="bool">1</receive_shadows>
            <primary_visibility sid="primary_visibility" type="bool">1</primary_visibility>
            <secondary_visibility sid="secondary_visibility" type="bool">1</secondary_visibility>
          </technique>
        </extra>
      </node>
    </visual_scene>
  </library_visual_scenes>
  <scene>
    <instance_visual_scene url="#MaxScene"/>
  </scene>
</COLLADA>