<?xml version="1.0" encoding="utf-8"?>
<COLLADA xmlns="http://www.collada.org/2005/11/COLLADASchema" version="1.4.1" xmlns:xsi="http://www.w3.org/2001/XMLSchema-instance">
  <asset>
    <contributor>
      <author>Centrixe</author>
      <authoring_tool>OpenCOLLADA for 3ds Max;  Version: 1.6;  Revision: 68</authoring_tool>
    </contributor>
    <created>2022-08-19T17:33:23</created>
    <modified>2022-08-19T17:33:23</modified>
    <unit name="inch" meter="0.0254"/>
    <up_axis>Z_UP</up_axis>
  </asset>
  <library_effects>
    <effect id="jasmine_bethrothal_mat">
      <profile_COMMON>
        <newparam sid="jasmine_betrothal_diff_png-surface">
          <surface type="2D">
            <init_from>jasmine_betrothal_diff_png</init_from>
          </surface>
        </newparam>
        <newparam sid="jasmine_betrothal_diff_png-sampler">
          <sampler2D>
            <source>jasmine_betrothal_diff_png-surface</source>
          </sampler2D>
        </newparam>
        <technique sid="common">
          <phong>
            <emission>
              <color>0 0 0 1</color>
            </emission>
            <ambient>
              <color>0.2 0.2 0.2 1</color>
            </ambient>
            <diffuse>
              <texture texture="jasmine_betrothal_diff_png-sampler" texcoord="CHANNEL1"/>
            </diffuse>
            <specular>
              <color>0.2 0.2 0.2 1</color>
            </specular>
            <shininess>
              <float>43.21928</float>
            </shininess>
            <reflective>
              <color>0 0 0 1</color>
            </reflective>
            <transparent opaque="A_ONE">
              <color>1 1 1 1</color>
            </transparent>
            <transparency>
              <float>1</float>
            </transparency>
          </phong>
        </technique>
      </profile_COMMON>
      <extra>
        <technique profile="OpenCOLLADA3dsMax">
          <extended_shader>
            <opacity_type sid="opacity_type" type="int">0</opacity_type>
            <falloff_type sid="falloff_type" type="int">0</falloff_type>
            <falloff sid="falloff" type="float">0</falloff>
            <index_of_refraction sid="index_of_refraction" type="float">1.5</index_of_refraction>
            <wire_size sid="wire_size" type="float">1</wire_size>
            <wire_units sid="wire_units" type="int">0</wire_units>
            <apply_reflection_dimming sid="apply_reflection_dimming" type="bool">0</apply_reflection_dimming>
            <dim_level sid="dim_level" type="float">0</dim_level>
            <reflection_level sid="reflection_level" type="float">3</reflection_level>
          </extended_shader>
          <shader>
            <ambient_diffuse_texture_lock sid="ambient_diffuse_texture_lock" type="bool">1</ambient_diffuse_texture_lock>
            <ambient_diffuse_lock sid="ambient_diffuse_lock" type="bool">0</ambient_diffuse_lock>
            <diffuse_specular_lock sid="diffuse_specular_lock" type="bool">0</diffuse_specular_lock>
            <use_self_illum_color sid="use_self_illum_color" type="bool">0</use_self_illum_color>
            <self_illumination sid="self_illumination" type="float">0</self_illumination>
            <specular_level sid="specular_level" type="float">1</specular_level>
            <soften sid="soften" type="float">0.1</soften>
          </shader>
        </technique>
      </extra>
    </effect>
  </library_effects>
  <library_materials>
    <material id="jasmine_bethrothal_mat-material" name="jasmine_bethrothal_mat">
      <instance_effect url="#jasmine_bethrothal_mat"/>
    </material>
  </library_materials>
  <library_geometries>
    <geometry id="geom-jasmine_betrothal_lod1" name="jasmine_betrothal_lod1">
      <mesh>
        <source id="geom-jasmine_betrothal_lod1-positions">
          <float_array id="geom-jasmine_betrothal_lod1-positions-array" count="4356">8.57422e-4 -27.11975 1101.982 15.39934 -28.37358 1073.586 19.45294 -23.95431 1104.764 7.93508e-4 -30.28334 1070.433 27.17064 -23.39814 1082.163 37.01503 -65.68651 1019.335 54.43024 -44.70164 1051.757 25.67147 -48.67479 1053.711 45.41724 -26.12791 1076.085 61.58451 -13.11259 1072.58 43.21276 5.639389 1095.62 63.33821 17.37577 1079.152 35.6817 38.14594 1081.471 20.89429 35.61024 1111.072 9.24888e-4 -65.65851 1020.506 9.10801e-4 -78.02873 993.9248 89.678 -12.63403 1060.329 85.162 -54.98362 1007.594 37.97769 -92.59917 988.2347 9.43152e-4 -101.0822 973.7952 70.3951 -78.21526 988.208 87.16296 -68.94516 984.9673 48.20676 45.54937 1059.134 89.72784 -44.76189 969.1317 89.72784 -44.76189 969.1317 87.16296 -68.94516 984.9673 101.7865 -59.06034 982.269 70.3951 -78.21526 988.208 37.97769 -92.59917 988.2347 42.07961 -122.3101 970.8726 73.91513 -105.4897 956.5718 9.70744e-4 -113.6947 966.8885 20.86007 -121.8689 973.723 9.43152e-4 -101.0822 973.7952 20.86007 -121.8689 973.723 49.53643 -123.1047 943.0136 42.07961 -122.3101 970.8726 73.91513 -105.4897 956.5718 19.04109 -120.3205 931.2694 8.7263e-4 -115.6292 934.7936 7.18923e-4 -100.3288 906.5396 36.4015 -95.75471 905.3735 36.4015 -95.75471 905.3735 31.8362 -84.67834 841.0432 66.50047 -52.16082 872.1726 123.8244 -58.60793 948.2599 97.25774 -63.81183 940.8975 97.25774 -63.81183 940.8975 83.70864 -73.45016 923.0365 123.8244 -58.60793 948.2599 101.7865 -59.06034 982.269 87.16296 -68.94516 984.9673 97.25774 -63.81183 940.8975 131.5648 -51.40141 937.618 66.50047 -52.16082 872.1726 69.38773 0.07232517 878.3325 96.1907 19.14425 930.4342 91.48743 -6.574796 961.2085 89.72784 -44.76189 969.1317 83.70864 -73.45016 923.0365 97.25774 -63.81183 940.8975 94.66029 19.96266 963.0355 94.66029 19.96266 963.0355 85.63118 41.15881 958.476 100.9643 24.10501 970.3627 102.4322 42.19213 960.7909 85.63118 41.15881 958.476 101.0161 34.93104 963.3572 79.88277 53.62742 1005.321 38.36196 62.73972 997.1868 51.43676 54.32322 952.363 102.4322 42.19213 960.7909 121.0908 37.69857 933.1234 93.80795 30.09442 926.2479 85.63118 41.15881 958.476 56.61823 44.35716 920.8856 93.80795 30.09442 926.2479 96.1907 19.14425 930.4342 69.38773 0.07232517 878.3325 93.80795 30.09442 926.2479 171.5464 -22.70839 941.4716 194.467 -1.716614 956.9545 167.8157 -32.18145 943.4138 135.6422 -30.38914 984.9814 167.8157 -32.18145 943.4138 194.467 -1.716614 956.9545 158.5466 -2.160102 997.1165 122.5398 43.89451 973.5551 117.9874 50.0725 1006.642 138.6005 48.4625 987.144 135.6422 -30.38914 984.9814 113.5172 -34.6953 1000.182 139.1411 -23.97424 965.8008 126.3229 24.63275 958.6179 148.5191 7.03027 930.7797 128.1744 -1.818182 958.1408 167.1897 49.58716 949.5737 131.5123 40.34399 959.6819 121.0908 37.69857 933.1234 236.9801 -13.26751 866.5134 219.9122 14.51947 850.6186 261.0663 7.867225 794.8948 281.5723 -30.62494 822.0342 383.3835 -22.82641 762.5699 403.8952 -36.28215 745.0752 391.2411 3.088556 760.208 376.0691 -26.71762 754.2427 389.9688 -45.60978 740.4271 413.9375 -1.398655 739.7088 380.7092 26.07807 749.145 408.2813 23.77714 722.6246 377.084 14.74493 731.3207 371.9236 -15.02894 741.5032 393.0694 -5.509393 719.0057 382.7725 -40.45246 727.679 376.0691 -26.71762 754.2427 396.5688 -34.24025 715.5336 389.9688 -45.60978 740.4271 428.7171 -46.1591 721.6143 406.7761 -64.80402 719.5438 418.8645 -57.62657 720.1572 421.0676 -52.39523 713.4408 406.8653 -53.5153 706.5253 429.5028 -31.98434 703.4054 421.0676 -52.39523 713.4408 441.6712 -33.11311 714.4667 474.0923 -69.80331 662.6287 477.8685 -56.20896 660.0862 441.6712 -33.11311 714.4667 428.7171 -46.1591 721.6143 478.0234 -18.51184 660.9786 435.6761 16.47129 699.0335 430.9563 -0.767674 697.8088 421.0676 -52.39523 713.4408 429.5028 -31.98434 703.4054 452.9754 -61.68909 683.229 471.3097 -55.38795 655.6871 466.8278 -69.98074 660.8336 435.3981 -72.78928 689.216 437.0558 -78.89557 684.7077 431.4386 -74.73747 683.7368 431.4386 -74.73747 683.7368 431.1086 -82.81335 681.5674 424.9329 -78.58894 685.063 55.04327 -45.00303 814.431 25.15389 -77.62634 792.475 47.81417 -70.73529 776.7416 21.71607 -79.44318 751.5859 65.47728 -69.24187 710.2585 133.1446 4.242878 22.25399 126.0269 52.28913 23.60093 125.5306 46.76406 52.84004 130.0799 29.98651 51.81984 95.90923 40.73877 23.78384 99.29343 -0.7003255 21.87321 103.7804 22.71981 51.75972 101.232 35.90385 52.44598 115.3099 12.22101 50.87489 115.9614 -24.32669 23.37089 131.3794 -39.53319 17.6218 99.34532 -42.90267 17.81252 114.2348 -64.43117 24.62706 107.8057 56.81595 24.23885 97.42549 43.35162 0.4808546 107.0075 62.64474 0.4808585 104.1927 -68.12173 22.3516 126.9098 -65.56866 19.16983 92.74426 -43.72465 0.4807429 113.4521 -77.4398 36.92878 115.3685 -83.60561 14.71941 103.7704 -76.89457 10.64611 125.3584 -77.07854 13.34109 115.3685 -83.60561 14.71941 133.9743 -67.15775 0.4806182 140.6393 -41.71453 0.4806535 102.5625 -68.89838 0.4806798 18.55225 -29.09946 1120.306 8.77979e-4 -34.68752 1117.593 31.47828 -2.303947 1117.593 31.43077 -5.809958 1133.312 26.92899 21.3416 1129.306 29.23318 19.96823 1141.524 32.66911 0.8071988 1100.337 23.51404 -48.10047 1068.558 37.59109 -26.67606 1084.991 27.17064 -23.39814 1082.163 15.39934 -28.37358 1073.586 38.95398 1.22817 1102.208 32.66911 0.8071988 1100.337 26.23766 25.50545 1115.961 27.92048 28.68648 1117.505 26.23766 25.50545 1115.961 14.90446 30.99284 1133.754 13.69949 34.30169 1121.779 14.02038 36.63083 1121.951 13.69949 34.30169 1121.779 3.6917e-4 39.72345 1123.114 3.84011e-4 37.26347 1123.313 9.3445e-4 -57.05962 1058.873 9.24581e-4 -59.94951 1041.338 25.67147 -48.67479 1053.711 45.41724 -26.12791 1076.085 9.24581e-4 -59.94951 1041.338 43.21276 5.639389 1095.62 20.89429 35.61024 1111.072 2.87542e-4 47.75105 1082.569 3.46564e-4 42.18078 1114.212 125.2998 -7.094282 1031.358 87.67062 38.01889 1055.291 127.6285 33.18867 1031.375 98.19479 -7.47894 975.2795 91.48743 -6.574796 961.2085 9.70744e-4 -113.6947 966.8885 7.18923e-4 -100.3288 906.5396 4.81155e-4 -89.43703 833.1233 94.66029 19.96266 963.0355 100.9643 24.10501 970.3627 96.1907 19.14425 930.4342 101.0161 34.93104 963.3572 94.66029 19.96266 963.0355 1.99943e-4 55.10778 1048.557 8.72661e-5 63.50875 994.9153 1.07232e-4 56.20111 950.4614 1.07232e-4 56.20111 950.4614 51.43676 54.32322 952.363 56.61823 44.35716 920.8856 9.68025e-5 54.66308 917.2017 9.68025e-5 54.66308 917.2017 35.91574 31.79702 871.9166 1.85859e-4 35.5344 872.3188 121.0908 37.69857 933.1234 158.5466 -2.160102 997.1165 155.8413 32.60859 1001.113 128.1744 -1.818182 958.1408 126.3229 24.63275 958.6179 126.3229 24.63275 958.6179 131.5123 40.34399 959.6819 155.8413 32.60859 1001.113 190.7323 36.36594 959.9251 167.1897 49.58716 949.5737 138.6005 48.4625 987.144 122.5398 43.89451 973.5551 101.0161 34.93104 963.3572 131.5648 -51.40141 937.618 101.7865 -59.06034 982.269 135.6422 -30.38914 984.9814 167.8157 -32.18145 943.4138 194.467 -1.716614 956.9545 171.5464 -22.70839 941.4716 260.1218 1.871338 890.0153 139.1411 -23.97424 965.8008 131.5123 40.34399 959.6819 167.1897 49.58716 949.5737 126.3229 24.63275 958.6179 262.8066 33.47044 890.7333 190.7323 36.36594 959.9251 236.6492 44.75835 866.5228 167.1897 49.58716 949.5737 148.5191 7.03027 930.7797 219.9122 14.51947 850.6186 148.5191 7.03027 930.7797 353.437 -19.29558 776.3037 365.7684 -14.27308 767.0593 373.7441 -6.35137 774.2744 366.203 -8.506227 788.0232 317.8506 37.53753 852.1096 311.5564 -11.40953 852.7802 368.6154 23.51093 762.569 356.6964 31.0625 770.5338 369.0473 18.49343 784.8523 375.6835 13.4966 771.58 261.0663 7.867225 794.8948 285.3356 56.63732 814.9686 365.7684 -14.27308 767.0593 373.7441 -6.35137 774.2744 375.6835 13.4966 771.58 380.7092 26.07807 749.145 368.6154 23.51093 762.569 362.0146 3.476274 757.6885 408.2813 23.77714 722.6246 400.3712 -61.29104 712.3832 406.7761 -64.80402 719.5438 421.0676 -52.39523 713.4408 406.8653 -53.5153 706.5253 406.8653 -53.5153 706.5253 400.3712 -61.29104 712.3832 429.7108 -82.77363 688.7399 406.7761 -64.80402 719.5438 435.8022 -78.68467 691.5756 418.8645 -57.62657 720.1572 428.7171 -46.1591 721.6143 421.0676 -52.39523 713.4408 435.6761 16.47129 699.0335 459.8917 5.432146 663.2687 473.255 -21.37236 652.0278 474.985 -45.91237 654.4214 477.8685 -56.20896 660.0862 473.255 -21.37236 652.0278 459.8917 5.432146 663.2687 436.9237 -81.70468 686.3393 433.0874 -84.67305 684.2355 431.1086 -82.81335 681.5674 437.0558 -78.89557 684.7077 3.57409e-4 -83.29076 792.129 51.86266 -11.46628 818.9844 69.38773 0.07232517 878.3325 32.71817 15.25947 812.6355 1.64694e-4 24.07897 809.989 1.85859e-4 35.5344 872.3188 35.91574 31.79702 871.9166 91.60756 -51.2151 735.948 10.32506 -80.80126 750.0278 2.73702e-5 -80.65346 750.9455 -6.76268e-6 -83.81329 682.7034 65.47728 -69.24187 710.2585 21.71607 -79.44318 751.5859 -1.52994e-4 -89.69754 587.2677 98.09312 -66.42931 617.5532 131.6293 -15.36415 635.8376 91.60756 -51.2151 735.948 143.9216 38.73963 402.0995 144.9112 -24.87554 403.2537 80.94978 -72.71728 397.0099 -5.62866e-4 -90.19473 392.8539 -9.70686e-4 -121.2719 71.45999 94.23343 -97.24844 72.86812 171.8974 -31.24173 75.71858 169.5379 54.68985 77.54147 74.03713 77.88072 396.5671 96.21684 111.2479 75.43291 -4.95562e-4 85.94702 393.5251 -9.46513e-4 126.3715 72.334 107.8057 56.81595 24.23885 109.4261 49.70866 53.48709 127.8037 54.44542 0.4808065 137.3096 12.87258 0.4807366 107.0075 62.64474 0.4808585 96.58105 7.328849 0.4808119 116.1223 -78.1482 0.4806386 116.1223 -78.1482 0.4806386 3.46564e-4 42.18078 1114.212 365.7684 -14.27308 767.0593 171.5464 -22.70839 941.4716 135.6422 -30.38914 984.9814 171.5464 -22.70839 941.4716 97.42549 43.35162 0.4808546 107.0075 62.64474 0.4808585 127.8037 54.44542 0.4808065 133.9743 -67.15775 0.4806182 116.1223 -78.1482 0.4806386 102.5625 -68.89838 0.4806798 92.74426 -43.72465 0.4807429 140.6393 -41.71453 0.4806535 96.58105 7.328849 0.4808119 137.3096 12.87258 0.4807366 474.985 -45.91237 654.4214 473.255 -21.37236 652.0278 481.3133 -46.35852 659.759 471.3097 -55.38795 655.6871 429.5028 -31.98434 703.4054 429.5028 -31.98434 703.4054 474.985 -45.91237 654.4214 7.93508e-4 -30.28334 1070.433 122.5398 43.89451 973.5551 13.58352 -91.27568 1253.927 6.64083e-4 -91.17654 1267.532 6.6252e-4 -93.26129 1251.561 62.37596 -56.13348 1216.785 66.72321 -39.0813 1202.29 67.07597 -41.71112 1241.186 63.38522 -57.18745 1227.782 61.07279 -63.13589 1244.742 61.65823 -61.26883 1248.938 70.14477 -21.2645 1221.316 29.51627 -85.10088 1258.327 27.47685 -84.46566 1265.986 11.38428 -87.38141 1218.1 9.805674 -94.07228 1197.964 16.82543 -81.81725 1211.943 17.97791 -75.16099 1200.151 16.75644 -86.34419 1189.423 8.43 -109.1975 1171.28 15.27573 -90.32188 1173.809 32.18119 -84.6402 1180.623 14.87031 -92.0024 1164.321 6.801014 -106.9052 1164.701 4.365263 -98.10264 1161.666 6.39328 -100.857 1150.932 15.78405 -95.16113 1148.538 25.03414 -88.65541 1158.903 54.89015 -48.8536 1157.888 58.17696 -66.91 1184.46 13.54996 -92.10973 1139.048 23.52814 -85.88085 1144.447 11.81629 -92.10339 1144.052 11.41686 -74.17754 1106.671 27.23126 -55.23952 1118.498 65.64722 -29.30815 1177.014 45.00993 -25.50433 1140.467 59.45569 -3.161215 1164.828 68.34522 -26.16411 1198.501 67.35223 -37.33604 1245.901 6.56517e-4 -76.83277 1104.194 51.80736 4.988071 1154.694 17.19051 -89.23694 1240.83 6.61223e-4 -93.75041 1233.937 6.60368e-4 -92.64796 1217.301 19.45015 -84.38226 1226.346 30.92474 -82.48904 1237.728 32.55235 -83.68665 1246.402 20.28304 -79.43215 1210.46 25.034 -81.19932 1220.901 33.53154 -81.21349 1227.015 30.9185 -77.43598 1198.261 51.12573 -72.57755 1202.162 57.62297 -64.18835 1218.202 59.47473 -61.91978 1223.693 57.98182 -72.61105 1227.233 60.10403 -64.98499 1235.819 47.20114 -77.54663 1240.523 45.56526 -78.22387 1229.319 47.15509 -77.82748 1250.677 46.45431 -77.76711 1262.413 62.41729 -59.08303 1253.783 46.73619 -76.14202 1266.872 6.57063e-4 -101.5604 1199.386 6.5246e-4 -113.2254 1171.793 6.52691e-4 -109.6082 1162.499 6.54881e-4 -99.7962 1160.625 6.54227e-4 -99.43611 1149.602 6.55172e-4 -93.48804 1142.766 11.81629 -92.10339 1144.052 36.03315 -81.77056 1153.632 6.55172e-4 -93.48804 1142.766 6.54242e-4 -95.57903 1136.246 14.6109 -86.37538 1135.622 6.55719e-4 -87.96378 1131.48 24.64212 -77.52613 1127.936 35.44796 -73.38594 1139.781 11.82088 -85.01304 1121.705 6.55149e-4 -87.22216 1120.369 28.43345 -81.81666 1273.977 6.65497e-4 -88.64027 1279.697 20.28304 -79.43215 1210.46 17.97791 -75.16099 1200.151 33.3263 -50.33241 1211.363 30.9185 -77.43598 1198.261 25.034 -81.19932 1220.901 20.28304 -79.43215 1210.46 33.53154 -81.21349 1227.015 25.034 -81.19932 1220.901 51.12573 -72.57755 1202.162 57.62297 -64.18835 1218.202 57.98182 -72.61105 1227.233 45.56526 -78.22387 1229.319 33.53154 -81.21349 1227.015 57.98182 -72.61105 1227.233 45.56526 -78.22387 1229.319 6.62919e-4 -97.242 1271.531 6.65497e-4 -88.64027 1279.697 13.06833 -99.09517 1268.764 43.31386 -107.0671 1277.933 33.02677 -97.19847 1261.604 63.78426 -91.95403 1245.922 45.80732 -102.6496 1293.036 84.55958 -95.55467 1274.469 89.6307 -85.17064 1303.07 77.96844 -65.48875 1309.715 72.71917 -52.19532 1330.112 49.85374 -78.48855 1324.253 48.28791 -89.534 1300.678 36.63824 -47.73442 1354.45 30.061 -93.37226 1321.437 16.99955 -106.7525 1290.967 26.22708 -102.0847 1316.658 6.61356e-4 -112.0785 1300.429 33.76218 -1.555791 1365.457 60.52867 16.61503 1341.195 20.40642 66.33688 1352.063 108.0458 11.54896 1266.477 140.1276 -4.1089 1259.296 132.2886 72.89688 1212.187 88.14637 66.27114 1231.507 79.52666 -16.30844 1206.79 110.2078 -20.65355 1206.148 70.14477 -21.2645 1221.316 27.98582 93.8272 1331.128 66.16389 62.83719 1306.775 41.01216 90.72932 1277.865 41.27604 93.58158 1215.651 36.58033 90.72546 1235.161 61.59875 72.77951 1253.028 54.32051 119.3544 1204.611 7.28088e-4 102.7504 1210.716 139.9946 110.7961 1117.962 101.5696 132.2292 1182.665 166.8331 34.1671 1177.53 7.40887e-4 137.6899 1197.474 128.5778 75.15628 1074.027 73.56194 175.7083 1068.371 65.85221 111.7032 1001.658 32.89149 151.1047 985.5146 5.96405e-4 190.6676 1062.123 75.77502 68.86065 1024.028 4.94047e-4 161.6629 988.3142 46.89981 120.6808 977.1861 40.88631 79.42352 1006.955 5.32994e-4 78.20446 1018.028 5.01161e-4 88.34258 995.071 132.2547 3.894679 1154.174 99.21947 1.619936 1163.534 112.1424 39.40658 1075.118 46.89981 120.6808 977.1861 55.30029 144.918 955.8046 32.89149 151.1047 985.5146 34.07857 175.8692 964.857 56.65665 112.4501 948.3373 30.57348 94.47369 972.7862 38.72238 85.86353 942.6068 42.34376 183.3278 912.8711 56.53017 119.8375 898.1898 28.16789 81.99734 890.2793 4.21042e-4 74.70663 941.0937 3.40217e-4 74.97638 889.0241 16.28169 260.8751 590.3295 24.15873 256.0108 574.4891 -1.23145e-4 290.9763 589.7922 79.52666 -16.30844 1206.79 70.14477 -21.2645 1221.316 68.34522 -26.16411 1198.501 86.60137 -16.82049 1159.73 99.21947 1.619936 1163.534 65.64722 -29.30815 1177.014 66.40807 -31.93349 1157.785 71.61568 -5.742941 1108.567 61.55308 5.604977 1152.969 71.61568 -5.742941 1108.567 66.40807 -31.93349 1157.785 61.55308 5.604977 1152.969 71.61568 -5.742941 1108.567 55.73111 24.23013 1099.904 26.58732 57.44378 1050.662 55.9984 41.93712 1056.008 5.88952e-4 63.689 1047.982 6.66516e-4 38.53475 1103.812 37.00729 -86.48011 1267.051 11.69771 -102.853 1269.094 6.60929e-4 -102.4381 1260.129 28.43345 -81.81666 1273.977 6.60922e-4 -106.3063 1273.649 26.94229 -99.95824 1291.546 61.55658 -83.52361 1251.545 101.4988 -68.87453 1223.718 118.7855 -71.68649 1262.284 86.16646 -46.60924 1237.15 119.254 -56.53387 1294.821 101.453 -39.45592 1303.897 89.23417 -17.65046 1324.977 83.51849 35.23687 1287.315 149.306 -23.77122 1229.684 135.3983 -27.57648 1196.379 6.63915e-4 -106.0989 1317.558 6.67216e-4 -95.36632 1329.01 7.07306e-4 67.2899 1354.387 6.9028e-4 -9.531975 1370.867 46.73619 -76.14202 1266.872 157.5311 16.09412 1149.635 7.15164e-4 105.7955 1279.748 7.14394e-4 103.5532 1330.584 7.2729e-4 98.90801 1226.908 60.98737 169.1668 1169.353 7.33144e-4 180.1728 1168.949 30.57348 94.47369 972.7862 4.67812e-4 87.09479 971.8301 4.94047e-4 161.6629 988.3142 4.66443e-4 185.6557 968.0184 3.95676e-4 206.0351 918.1849 2.60892e-4 113.223 836.3712 19.19083 116.9139 836.7983 38.04318 137.628 840.8834 25.98981 176.0904 848.4515 2.91132e-4 185.8987 850.0543 2.36161e-4 222.8465 813.101 50.59787 202.0979 809.6501 64.22926 138.6423 799.0215 29.49759 100.7393 791.8563 1.80972e-4 91.79037 789.7834 7.91549e-5 235.9017 716.5647 65.30347 213.9231 715.7785 42.73841 222.9245 627.9971 -6.31631e-5 234.65 630.8228 44.31078 175.8613 613.4572 55.9654 125.9042 705.2983 3.14812e-5 101.1109 698.915 -1.12054e-4 163.5705 607.3098 -1.77051e-4 251.5847 560.5133 -1.22145e-4 260.8273 592.9711 14.78791 10.17937 1142.762 59.45569 -3.161215 1164.828 4.67812e-4 87.09479 971.8301 51.80736 4.988071 1154.694 59.45569 -3.161215 1164.828 62.41729 -59.08303 1253.783 67.35223 -37.33604 1245.901 65.64722 -29.30815 1177.014 57.98182 -72.61105 1227.233 67.79537 -72.25708 1228.723 59.47473 -61.91978 1223.693 57.62297 -64.18835 1218.202 56.38448 -57.44067 1213.357 54.9216 -65.79369 1213.387 54.71056 -65.15787 1209.932 54.72109 -63.34715 1207.132 54.81092 -59.03894 1204.977 54.69379 -59.03891 1221.634 55.04584 -63.34714 1219.575 55.09924 -65.15785 1216.784 49.89432 -72.87511 1213.093 50.05733 -71.7002 1207.202 50.02677 -68.35444 1201.996 49.93216 -60.3939 1197.7 49.89435 -60.39391 1228.5 49.89437 -68.3548 1224.417 49.89432 -71.7002 1219.22 42.73882 -77.60673 1212.839 42.98126 -76.07167 1205.084 43.27688 -71.70018 1198.603 42.73346 -61.29927 1192.664 42.7388 -61.29925 1232.956 42.75613 -71.70725 1227.619 42.7388 -76.07581 1220.843 34.47068 -77.60672 1204.19 34.29827 -79.26824 1212.617 34.66632 -72.87511 1196.983 34.27594 -61.61716 1190.588 34.2983 -61.61719 1234.348 34.42216 -72.8787 1228.529 34.32437 -77.60783 1221.245 25.85774 -76.07169 1204.846 25.91725 -77.60673 1212.634 25.85403 -71.70021 1198.076 25.84066 -61.29929 1192.442 25.85774 -61.29924 1232.484 25.96162 -71.70025 1227.173 26.11258 -76.07169 1220.412 18.72882 -72.8751 1212.572 18.38256 -71.70021 1206.276 17.71486 -68.35446 1200.36 18.70221 -60.39391 1197.127 18.70221 -60.39391 1227.641 18.73967 -68.35447 1223.575 18.80272 -71.70019 1218.477 13.92105 -65.79367 1212.372 13.92103 -65.15785 1209.147 13.921 -63.34716 1206.356 13.921 -59.03893 1204.036 13.92103 -59.03891 1220.526 13.92105 -63.34715 1218.329 13.92105 -65.15785 1215.582 12.24207 -57.44064 1212.202 148.5191 7.03027 930.7797 368.6154 23.51093 762.569 6.78532e-4 -56.25922 1360.126 346.3621 4.0385 762.5479 362.0146 3.476274 757.6885 354.4727 -18.44469 810.5967 327.6125 -38.17104 784.5156 360.4417 30.85225 806.3739 333.7958 51.9534 774.6523 362.0146 3.476274 757.6885 346.3621 4.0385 762.5479 311.1548 3.013102 757.5427 311.1548 3.013102 757.5427 87.16296 -68.94516 984.9673 97.25774 -63.81183 940.8975 93.80795 30.09442 926.2479 101.0161 34.93104 963.3572 85.63118 41.15881 958.476 49.98878 -75.36707 777.8201 95.28892 -54.68847 737.2322 70.48079 -22.55791 800.1943 23.23073 -83.70457 755.7283 66.19863 -80.44086 709.2323 37.73118 -91.77338 690.2269 101.9728 4.75799 746.7609 124.1879 53.06483 622.9128 47.21003 73.54149 735.7101 136.4561 -16.44558 636.6166 65.40041 101.3396 601.4315 6.20674e-5 111.2799 595.1631 -6.6352e-5 84.36738 733.1591 33.20154 -79.31868 779.2944 55.04327 -45.00303 814.431 51.86266 -11.46628 818.9844 40.46373 30.04683 797.5305 32.71817 15.25947 812.6355 5.7025e-5 41.15266 794.819 1.64694e-4 24.07897 809.989 75.54496 -94.31688 604.027 102.2271 -74.50786 615.9845 154.7158 39.96936 454.8757 86.81664 98.71208 440.8788 160.7161 -3.802989 456.3476 135.4007 -62.24657 437.6375 150.8379 -40.78219 451.2054 -5.62976e-6 108.3132 433.1179 160.1541 45.62031 377.1798 89.95175 97.92502 345.9977 -1.93495e-5 113.1185 334.4765 159.3063 -26.03464 366.2643 162.8476 4.081522 389.2241 168.7489 47.73415 307.5424 95.21084 103.125 268.2075 -1.24735e-5 120.6259 252.4109 21.71607 -79.44318 751.5859 47.81417 -70.73529 776.7416 64.52177 -76.87295 708.6089 37.73118 -91.77338 690.2269 11.69706 -85.00674 741.2585 64.52177 -76.87295 708.6089 91.60756 -51.2151 735.948 37.73118 -91.77338 690.2269 99.59815 -71.54301 615.4382 75.54496 -94.31688 604.027 131.6293 -15.36415 635.8376 143.9216 38.73963 402.0995 151.264 -3.52669 456.0305 147.3037 -38.9804 450.946 135.4007 -62.24657 437.6375 87.83034 93.07028 382.4464 154.695 41.71326 401.4749 74.03713 77.88072 396.5671 -4.95562e-4 85.94702 393.5251 1.27282e-6 106.6528 373.0341 158.8522 4.210762 389.0807 159.3063 -26.03464 366.2643 158.7943 45.42573 352.0836 168.7489 47.73415 307.5424 89.10041 95.37197 309.0745 95.21084 103.125 268.2075 -1.60023e-5 111.607 295.3359 -1.24735e-5 120.6259 252.4109 11.69706 -85.00674 741.2585 25.15389 -77.62634 792.475 11.69706 -85.00674 741.2585 11.96331 -90.34309 755.4569 2.88938e-5 -88.4852 744.5342 3.31358e-6 -84.37304 732.3065 23.23073 -83.70457 755.7283 23.4315 -86.94443 777.0568 33.20154 -79.31868 779.2944 25.15389 -77.62634 792.475 1.37379e-4 -91.39977 775.8381 3.57409e-4 -83.29076 792.129 3.31358e-6 -84.37304 732.3065 2.73702e-5 -80.65346 750.9455 10.32506 -80.80126 750.0278 11.69706 -85.00674 741.2585 21.71607 -79.44318 751.5859 101.232 35.90385 52.44598 95.96032 37.15762 211.3188 107.9736 49.83722 211.491 109.4261 49.70866 53.48709 103.7804 22.71981 51.75972 100.0433 19.65012 211.2468 130.0799 29.98651 51.81984 135.567 29.04047 211.2478 117.1963 9.945154 211.2027 115.3099 12.22101 50.87489 125.5306 46.76406 52.84004 127.1485 48.55322 211.3601 109.4261 49.70866 53.48709 107.9736 49.83722 211.491 109.4261 49.70866 53.48709 -7.01707e-4 4.911926 233.2664 171.8974 -31.24173 75.71858 94.23343 -97.24844 72.86812 -9.70686e-4 -121.2719 71.45999 169.5379 54.68985 77.54147 171.8974 -31.24173 75.71858 -7.01707e-4 4.911926 233.2664 96.21684 111.2479 75.43291 169.5379 54.68985 77.54147 -9.46513e-4 126.3715 72.334 -19.45128 -23.95464 1104.764 -15.39777 -28.37381 1073.587 -27.16911 -23.39853 1082.163 -37.01321 -65.68696 1019.335 -25.66975 -48.67511 1053.711 -54.42864 -44.70226 1051.757 -45.41577 -26.12845 1076.086 -61.58322 -13.11324 1072.581 -43.2116 5.638862 1095.62 -63.3372 17.37511 1079.152 -20.89351 35.60995 1111.072 -35.68097 38.14553 1081.472 -89.67674 -12.63469 1060.33 -85.16051 -54.98439 1007.595 -37.97578 -92.59958 988.2347 -70.39333 -78.21603 988.2083 -87.16129 -68.94614 984.9677 -48.20614 45.54885 1059.134 -89.72659 -44.76253 969.132 -89.72659 -44.76253 969.132 -101.7851 -59.06103 982.2694 -87.16129 -68.94614 984.9677 -70.39333 -78.21603 988.2083 -73.91331 -105.4904 956.5721 -42.07757 -122.3105 970.8726 -37.97578 -92.59958 988.2347 -20.85802 -121.8691 973.723 -20.85802 -121.8691 973.723 -42.07757 -122.3105 970.8726 -49.53458 -123.1051 943.0138 -73.91331 -105.4904 956.5721 -19.03932 -120.3207 931.2695 -36.4001 -95.75497 905.3735 -36.4001 -95.75497 905.3735 -66.49954 -52.16126 872.1727 -31.8352 -84.67851 841.0432 -123.8234 -58.60821 948.2601 -97.25633 -63.81277 940.8977 -97.25633 -63.81277 940.8977 -83.70725 -73.4509 923.0367 -123.8234 -58.60821 948.2601 -87.16129 -68.94614 984.9677 -101.7851 -59.06103 982.2694 -97.25633 -63.81277 940.8977 -131.5639 -51.40158 937.6182 -66.49954 -52.16126 872.1727 -96.19002 19.14389 930.4347 -69.38712 0.07187 878.3327 -89.72659 -44.76253 969.132 -91.4865 -6.575355 961.2087 -83.70725 -73.4509 923.0367 -97.25633 -63.81277 940.8977 -94.65951 19.96212 963.0356 -94.65951 19.96212 963.0356 -100.9635 24.10452 970.363 -85.63079 41.15788 958.4763 -102.4314 42.19166 960.7908 -101.0154 34.93056 963.3575 -85.63079 41.15788 958.4763 -79.88224 53.62672 1005.322 -38.36177 62.73925 997.1868 -51.43652 54.32267 952.3631 -102.4314 42.19166 960.7908 -85.63079 41.15788 958.4763 -93.80731 30.09403 926.248 -121.09 37.69847 933.1238 -56.61794 44.35661 920.8858 -93.80731 30.09403 926.248 -96.19002 19.14389 930.4347 -93.80731 30.09403 926.248 -69.38712 0.07187 878.3327 -171.5456 -22.7084 941.4719 -167.8148 -32.1815 943.4141 -194.4661 -1.716555 956.9548 -135.6411 -30.38946 984.9819 -158.5456 -2.160139 997.1169 -194.4661 -1.716555 956.9548 -167.8148 -32.1815 943.4141 -122.5389 43.89429 973.5553 -117.9865 50.07219 1006.643 -138.5996 48.46245 987.1445 -135.6411 -30.38946 984.9819 -139.1402 -23.97446 965.8011 -113.516 -34.69582 1000.183 -126.3221 24.63249 958.6181 -128.1735 -1.818442 958.1412 -148.5183 7.03029 930.7801 -167.1888 49.58726 949.5742 -121.09 37.69847 933.1238 -131.5115 40.34384 959.6821 -236.9795 -13.26733 866.5139 -281.5718 -30.62471 822.0347 -261.0659 7.86745 794.8953 -219.9117 14.51965 850.619 -383.383 -22.82609 762.5707 -391.2405 3.08887 760.2088 -403.8947 -36.28181 745.0761 -376.0687 -26.7173 754.2433 -389.9683 -45.60944 740.4279 -413.9371 -1.398322 739.7098 -380.7087 26.07837 749.1459 -377.0836 14.74524 731.3216 -408.281 23.77746 722.6255 -371.9233 -15.02862 741.504 -393.069 -5.509061 719.0065 -376.0687 -26.7173 754.2433 -382.7722 -40.45213 727.6799 -396.5685 -34.23991 715.5344 -389.9683 -45.60944 740.4279 -428.7167 -46.15873 721.6153 -406.7758 -64.80367 719.5448 -418.8642 -57.62623 720.1582 -406.865 -53.51495 706.5262 -421.0673 -52.39487 713.4417 -429.5025 -31.98396 703.4064 -421.0673 -52.39487 713.4417 -441.6709 -33.11273 714.4677 -474.0921 -69.80285 662.6299 -428.7167 -46.15873 721.6153 -441.6709 -33.11273 714.4677 -477.8683 -56.20849 660.0873 -435.6758 16.47163 699.0345 -478.0233 -18.51144 660.9795 -430.9561 -0.7673219 697.8101 -421.0673 -52.39487 713.4417 -452.9753 -61.68864 683.2302 -429.5025 -31.98396 703.4064 -466.8277 -69.98026 660.8348 -471.3095 -55.38749 655.6882 -435.3978 -72.78895 689.2168 -431.4382 -74.73711 683.7375 -437.0554 -78.8952 684.7083 -431.4382 -74.73711 683.7375 -424.9325 -78.58858 685.0638 -431.1082 -82.81297 681.5682 -55.04265 -45.00327 814.4312 -25.15321 -77.62645 792.4752 -47.8141 -70.73535 776.7417 -65.47727 -69.24187 710.2585 -21.71603 -79.44319 751.5859 -133.1467 4.243409 22.2548 -130.0818 29.98703 51.82063 -125.5326 46.76461 52.84084 -126.0289 52.28971 23.60176 -95.91125 40.73933 23.78457 -101.2339 35.90437 52.44667 -103.7824 22.72033 51.76042 -99.29546 -0.6998066 21.87392 -115.3119 12.22151 50.87564 -115.9635 -24.32619 23.37162 -131.3814 -39.53271 17.62259 -99.34737 -42.9022 17.81319 -114.2368 -64.43073 24.62777 -107.8078 56.81654 24.23963 -97.4276 43.35221 0.481615 -107.0096 62.64535 0.4816682 -104.1947 -68.12129 22.35228 -126.9118 -65.56821 19.17059 -92.74635 -43.72416 0.4814185 -113.454 -77.43938 36.92946 -115.3705 -83.60519 14.72012 -103.7724 -76.89413 10.64678 -125.3604 -77.07812 13.34183 -115.3705 -83.60519 14.72012 -133.9763 -67.15727 0.4814049 -140.6413 -41.71404 0.4814752 -102.5646 -68.89792 0.4813675 -18.55062 -29.09966 1120.306 -31.47694 -2.304174 1117.593 -31.4294 -5.810096 1133.311 -26.92778 21.34144 1129.306 -29.23193 19.96809 1141.524 -32.66787 0.8067211 1100.337 -23.51228 -48.10077 1068.558 -15.39777 -28.37381 1073.587 -27.16911 -23.39853 1082.163 -37.58951 -26.6766 1084.991 -32.66787 0.8067211 1100.337 -38.95274 1.227608 1102.208 -26.23673 25.50507 1115.961 -26.23673 25.50507 1115.961 -27.9196 28.68608 1117.505 -14.90333 30.99274 1133.755 -13.69869 34.30149 1121.779 -13.69869 34.30149 1121.779 -14.0196 36.63062 1121.951 -25.66975 -48.67511 1053.711 -45.41577 -26.12845 1076.086 -43.2116 5.638862 1095.62 -20.89351 35.60995 1111.072 -125.2986 -7.094595 1031.359 -87.66976 38.01824 1055.292 -127.6274 33.18874 1031.376 -98.19382 -7.479463 975.2799 -91.4865 -6.575355 961.2087 -94.65951 19.96212 963.0356 -100.9635 24.10452 970.363 -96.19002 19.14389 930.4347 -94.65951 19.96212 963.0356 -101.0154 34.93056 963.3575 -56.61794 44.35661 920.8858 -51.43652 54.32267 952.3631 -35.91534 31.79679 871.9167 -121.09 37.69847 933.1238 -158.5456 -2.160139 997.1169 -155.8403 32.60867 1001.114 -128.1735 -1.818442 958.1412 -126.3221 24.63249 958.6181 -126.3221 24.63249 958.6181 -131.5115 40.34384 959.6821 -155.8403 32.60867 1001.114 -190.7314 36.36606 959.9255 -138.5996 48.46245 987.1445 -167.1888 49.58726 949.5742 -122.5389 43.89429 973.5553 -101.0154 34.93056 963.3575 -131.5639 -51.40158 937.6182 -167.8148 -32.1815 943.4141 -135.6411 -30.38946 984.9819 -101.7851 -59.06103 982.2694 -194.4661 -1.716555 956.9548 -260.1212 1.871518 890.0157 -171.5456 -22.7084 941.4719 -139.1402 -23.97446 965.8011 -131.5115 40.34384 959.6821 -126.3221 24.63249 958.6181 -167.1888 49.58726 949.5742 -190.7314 36.36606 959.9255 -262.8059 33.47061 890.7339 -167.1888 49.58726 949.5742 -236.6486 44.75853 866.5233 -148.5183 7.03029 930.7801 -219.9117 14.51965 850.619 -148.5183 7.03029 930.7801 -353.4366 -19.2953 776.3046 -366.2025 -8.505945 788.024 -373.7436 -6.351072 774.2751 -365.7679 -14.27278 767.0601 -317.8501 37.53774 852.1102 -311.5558 -11.4093 852.7808 -368.6149 23.51121 762.5698 -375.683 13.49689 771.5808 -369.0469 18.49371 784.8531 -356.6961 31.06277 770.5346 -261.0659 7.86745 794.8953 -285.3352 56.63754 814.9691 -365.7679 -14.27278 767.0601 -373.7436 -6.351072 774.2751 -375.683 13.49689 771.5808 -380.7087 26.07837 749.1459 -368.6149 23.51121 762.5698 -362.0142 3.476571 757.6893 -408.281 23.77746 722.6255 -406.7758 -64.80367 719.5448 -400.3709 -61.29068 712.3841 -421.0673 -52.39487 713.4417 -406.865 -53.51495 706.5262 -406.865 -53.51495 706.5262 -400.3709 -61.29068 712.3841 -406.7758 -64.80367 719.5448 -429.7105 -82.77326 688.7406 -418.8642 -57.62623 720.1582 -435.8018 -78.68432 691.5764 -428.7167 -46.15873 721.6153 -421.0673 -52.39487 713.4417 -435.6758 16.47163 699.0345 -473.2549 -21.37194 652.0287 -459.8916 5.43252 663.2697 -474.9849 -45.91191 654.4224 -477.8683 -56.20849 660.0873 -459.8916 5.43252 663.2697 -473.2549 -21.37194 652.0287 -436.9234 -81.70431 686.34 -433.0871 -84.67268 684.2363 -431.1082 -82.81297 681.5682 -437.0554 -78.8952 684.7083 -51.86217 -11.46649 818.9846 -69.38712 0.07187 878.3327 -32.71781 15.25934 812.6356 -35.91534 31.79679 871.9167 -91.60753 -51.21509 735.9481 -21.71603 -79.44319 751.5859 -65.47727 -69.24187 710.2585 -10.325 -80.80127 750.0278 -98.0932 -66.42928 617.5533 -131.6293 -15.36408 635.8378 -91.60753 -51.21509 735.9481 -143.9224 38.73984 402.1001 -144.912 -24.87537 403.2543 -80.95067 -72.71715 397.0102 -94.23529 -97.24813 72.86857 -171.8992 -31.24132 75.71935 -169.5398 54.69032 77.54232 -74.03796 77.88094 396.5676 -96.21873 111.2483 75.43349 -109.428 49.70919 53.48783 -107.8078 56.81654 24.23963 -127.8058 54.44602 0.4816761 -137.3116 12.87314 0.4815983 -107.0096 62.64535 0.4816682 -96.58317 7.329395 0.4815366 -116.1244 -78.14776 0.4813607 -116.1244 -78.14776 0.4813607 -365.7679 -14.27278 767.0601 -135.6411 -30.38946 984.9819 -171.5456 -22.7084 941.4719 -171.5456 -22.7084 941.4719 -97.4276 43.35221 0.481615 -127.8058 54.44602 0.4816761 -107.0096 62.64535 0.4816682 -133.9763 -67.15727 0.4814049 -102.5646 -68.89792 0.4813675 -116.1244 -78.14776 0.4813607 -140.6413 -41.71404 0.4814752 -92.74635 -43.72416 0.4814185 -137.3116 12.87314 0.4815983 -96.58317 7.329395 0.4815366 -474.9849 -45.91191 654.4224 -481.3133 -46.35808 659.7601 -473.2549 -21.37194 652.0287 -471.3095 -55.38749 655.6882 -429.5025 -31.98396 703.4064 -474.9849 -45.91191 654.4224 -429.5025 -31.98396 703.4064 -122.5389 43.89429 973.5553 -13.58219 -91.27568 1253.927 -62.37461 -56.13345 1216.785 -63.38388 -57.18742 1227.782 -67.07461 -41.71109 1241.186 -66.72187 -39.08126 1202.29 -61.07145 -63.13586 1244.742 -61.65689 -61.2688 1248.938 -70.14342 -21.26446 1221.316 -29.51494 -85.10087 1258.327 -27.47552 -84.46564 1265.986 -11.38296 -87.38141 1218.1 -16.82411 -81.81724 1211.943 -9.804354 -94.07228 1197.964 -17.97659 -75.16097 1200.151 -16.75512 -86.34418 1189.423 -8.428692 -109.1975 1171.28 -15.27441 -90.32188 1173.809 -32.17987 -84.64018 1180.623 -14.86899 -92.0024 1164.321 -4.363953 -98.10264 1161.666 -6.799707 -106.9052 1164.701 -15.78274 -95.16113 1148.538 -6.391972 -100.857 1150.932 -25.03283 -88.6554 1158.903 -54.88881 -48.85358 1157.888 -58.17563 -66.90997 1184.46 -13.54865 -92.10973 1139.048 -11.81498 -92.10339 1144.052 -23.52683 -85.88084 1144.447 -11.41554 -74.17754 1106.671 -27.22994 -55.23951 1118.498 -65.64587 -29.30812 1177.014 -45.00854 -25.5044 1140.467 -59.45433 -3.161188 1164.828 -68.34388 -26.16408 1198.501 -67.35087 -37.33601 1245.901 -51.80601 4.988015 1154.694 -17.18918 -89.23692 1240.83 -30.92342 -82.48903 1237.728 -19.44882 -84.38224 1226.346 -32.55102 -83.68663 1246.402 -20.28171 -79.43214 1210.46 -25.03267 -81.1993 1220.901 -33.53021 -81.21347 1227.015 -30.91717 -77.43597 1198.261 -51.12439 -72.57751 1202.162 -57.62164 -64.18832 1218.202 -59.4734 -61.91975 1223.693 -57.98048 -72.61102 1227.233 -60.1027 -64.98496 1235.819 -47.19981 -77.54662 1240.523 -45.56393 -78.22385 1229.319 -47.15376 -77.82747 1250.677 -46.45297 -77.7671 1262.413 -62.41595 -59.083 1253.783 -46.73486 -76.14201 1266.872 -11.81498 -92.10339 1144.052 -36.03183 -81.77055 1153.632 -14.60959 -86.37538 1135.622 -24.64081 -77.52612 1127.936 -35.44665 -73.38593 1139.781 -11.81957 -85.01304 1121.705 -28.43212 -81.81664 1273.977 -20.28171 -79.43214 1210.46 -33.32495 -50.3324 1211.363 -17.97659 -75.16097 1200.151 -30.91717 -77.43597 1198.261 -25.03267 -81.1993 1220.901 -20.28171 -79.43214 1210.46 -33.53021 -81.21347 1227.015 -25.03267 -81.1993 1220.901 -51.12439 -72.57751 1202.162 -57.62164 -64.18832 1218.202 -57.98048 -72.61102 1227.233 -45.56393 -78.22385 1229.319 -33.53021 -81.21347 1227.015 -57.98048 -72.61102 1227.233 -45.56393 -78.22385 1229.319 -13.06701 -99.09517 1268.764 -43.31254 -107.067 1277.933 -63.78294 -91.954 1245.922 -33.02544 -97.19846 1261.604 -45.80599 -102.6496 1293.036 -89.62937 -85.17059 1303.07 -84.55825 -95.55463 1274.469 -77.96709 -65.48872 1309.715 -48.28658 -89.53399 1300.678 -49.85239 -78.48852 1324.253 -72.71783 -52.19529 1330.112 -30.05966 -93.37225 1321.437 -36.63689 -47.73441 1354.45 -16.99822 -106.7525 1290.967 -26.22575 -102.0847 1316.658 -33.7608 -1.555775 1365.457 -20.40501 66.33689 1352.063 -60.52729 16.61506 1341.195 -108.0444 11.54901 1266.477 -132.2872 72.89692 1212.187 -140.1263 -4.108834 1259.296 -88.14494 66.27118 1231.507 -79.52532 -16.3084 1206.79 -70.14342 -21.26446 1221.316 -110.2064 -20.6535 1206.148 -27.98439 93.82722 1331.128 -41.01073 90.72934 1277.865 -66.16248 62.83722 1306.775 -41.27458 93.58158 1215.651 -61.59732 72.77954 1253.028 -36.57888 90.72546 1235.161 -54.31904 119.3544 1204.611 -101.5681 132.2292 1182.665 -139.9933 110.7961 1117.963 -166.8317 34.16716 1177.53 -73.5607 175.7083 1068.371 -128.5765 75.1563 1074.027 -65.85119 111.7032 1001.658 -32.89051 151.1047 985.5146 -75.77392 68.86066 1024.028 -46.89885 120.6807 977.1862 -40.88528 79.42352 1006.955 -132.2534 3.894729 1154.174 -112.1412 39.4066 1075.118 -99.21812 1.619977 1163.534 -46.89885 120.6807 977.1862 -32.89051 151.1047 985.5146 -55.2994 144.918 955.805 -34.07764 175.8692 964.8571 -56.65578 112.4502 948.3375 -30.57255 94.47369 972.7863 -38.72153 85.86353 942.6069 -42.343 183.3278 912.8713 -56.52945 119.8376 898.19 -28.1672 81.99734 890.2794 -16.28194 260.8751 590.3296 -24.15903 256.0108 574.4891 -79.52532 -16.3084 1206.79 -68.34388 -26.16408 1198.501 -70.14342 -21.26446 1221.316 -99.21812 1.619977 1163.534 -86.60002 -16.82045 1159.73 -66.40671 -31.93349 1157.785 -65.64587 -29.30812 1177.014 -71.61433 -5.74323 1108.567 -61.55172 5.605004 1152.969 -66.40671 -31.93349 1157.785 -71.61433 -5.74323 1108.567 -61.55172 5.605004 1152.969 -71.61433 -5.74323 1108.567 -55.72978 24.23014 1099.904 -26.58613 57.44379 1050.662 -55.99718 41.93712 1056.008 -37.00595 -86.48009 1267.051 -11.69638 -102.853 1269.094 -28.43212 -81.81664 1273.977 -26.94096 -99.95822 1291.546 -61.55526 -83.52358 1251.545 -101.4975 -68.87449 1223.718 -118.7842 -71.68642 1262.284 -86.1651 -46.6092 1237.15 -119.2526 -56.53382 1294.821 -101.4516 -39.45588 1303.897 -89.23281 -17.65042 1324.977 -83.51711 35.23691 1287.315 -149.3046 -23.77115 1229.684 -135.397 -27.57641 1196.379 -46.73486 -76.14201 1266.872 -157.5298 16.09417 1149.636 -60.98591 169.1668 1169.353 -30.57255 94.47369 972.7863 -19.1903 116.9139 836.7982 -38.04265 137.6281 840.8837 -25.98923 176.0904 848.4517 -50.59742 202.098 809.6503 -64.22884 138.6423 799.0217 -29.49722 100.7393 791.8564 -65.30331 213.9231 715.7787 -42.73855 222.9245 627.9973 -44.31098 175.8613 613.4573 -55.96531 125.9043 705.2984 -14.7866 10.1793 1142.762 -59.45433 -3.161188 1164.828 -51.80601 4.988015 1154.694 -59.45433 -3.161188 1164.828 -62.41595 -59.083 1253.783 -67.35087 -37.33601 1245.901 -65.64587 -29.30812 1177.014 -57.98048 -72.61102 1227.233 -59.4734 -61.91975 1223.693 -67.79403 -72.25705 1228.723 -57.62164 -64.18832 1218.202 -56.38315 -57.44064 1213.357 -54.70922 -65.15784 1209.932 -54.92027 -65.79366 1213.387 -54.71975 -63.34713 1207.132 -54.80959 -59.03892 1204.977 -55.04451 -63.34712 1219.575 -54.69245 -59.03889 1221.634 -55.09791 -65.15782 1216.784 -50.056 -71.70016 1207.202 -49.89299 -72.87508 1213.093 -50.02544 -68.35441 1201.996 -49.93084 -60.39388 1197.7 -49.89303 -68.35477 1224.417 -49.89302 -60.39389 1228.5 -49.89299 -71.70016 1219.22 -42.97993 -76.07166 1205.084 -42.73749 -77.60671 1212.839 -43.27555 -71.70016 1198.603 -42.73214 -61.29924 1192.664 -42.7548 -71.70724 1227.619 -42.73747 -61.29922 1232.956 -42.73747 -76.0758 1220.843 -34.46935 -77.6067 1204.19 -34.29694 -79.26823 1212.617 -34.665 -72.87509 1196.983 -34.27461 -61.61715 1190.588 -34.42084 -72.87868 1228.529 -34.29696 -61.61718 1234.348 -34.32304 -77.60781 1221.245 -25.85641 -76.07167 1204.846 -25.91593 -77.60671 1212.634 -25.8527 -71.7002 1198.076 -25.83932 -61.29928 1192.442 -25.85641 -61.29923 1232.484 -25.96029 -71.70023 1227.173 -26.11125 -76.07168 1220.412 -18.38123 -71.7002 1206.276 -18.72749 -72.87508 1212.572 -17.71353 -68.35445 1200.36 -18.70088 -60.3939 1197.127 -18.70087 -60.3939 1227.641 -18.73834 -68.35445 1223.575 -18.80139 -71.70017 1218.477 -13.9197 -65.15785 1209.147 -13.91971 -65.79367 1212.372 -13.91967 -63.34715 1206.356 -13.91967 -59.03893 1204.036 -13.9197 -59.0389 1220.526 -13.91971 -63.34714 1218.329 -13.91971 -65.15785 1215.582 -12.24073 -57.44063 1212.202 -148.5183 7.03029 930.7801 -368.6149 23.51121 762.5698 -362.0142 3.476571 757.6893 -346.3617 4.038778 762.5486 -327.6121 -38.17077 784.5162 -354.4723 -18.44443 810.5975 -360.4413 30.8525 806.3747 -333.7954 51.95365 774.653 -362.0142 3.476571 757.6893 -346.3617 4.038778 762.5486 -311.1545 3.013361 757.5433 -311.1545 3.013361 757.5433 -87.16129 -68.94614 984.9677 -97.25633 -63.81277 940.8977 -93.80731 30.09403 926.248 -101.0154 34.93056 963.3575 -85.63079 41.15788 958.4763 -49.98857 -75.36713 777.82 -70.4806 -22.55801 800.1942 -95.28891 -54.68847 737.2323 -66.19864 -80.44086 709.2324 -23.23063 -83.70461 755.7283 -37.73119 -91.77337 690.2268 -101.9727 4.75801 746.7611 -47.21002 73.5415 735.7101 -124.1879 53.06491 622.913 -136.4561 -16.44551 636.6167 -65.40037 101.3397 601.4316 -33.20127 -79.31873 779.2944 -55.04265 -45.00327 814.4312 -51.86217 -11.46649 818.9846 -32.71781 15.25934 812.6356 -40.4636 30.04676 797.5306 -102.2272 -74.50783 615.9846 -75.54507 -94.31685 604.0271 -86.81665 98.71207 440.8788 -154.7162 39.96947 454.876 -160.7167 -3.802824 456.3482 -150.8386 -40.78204 451.2059 -135.4015 -62.24644 437.638 -89.95171 97.92493 345.9974 -160.155 45.62053 377.1805 -159.3072 -26.03444 366.2649 -162.8484 4.081725 389.2248 -168.7495 47.73425 307.5427 -95.21096 103.1249 268.2074 -21.71603 -79.44319 751.5859 -64.52176 -76.87296 708.6089 -47.8141 -70.73535 776.7417 -11.69703 -85.00677 741.2586 -37.73119 -91.77337 690.2268 -64.52176 -76.87296 708.6089 -91.60753 -51.21509 735.9481 -37.73119 -91.77337 690.2268 -75.54507 -94.31685 604.0271 -99.59824 -71.54298 615.4384 -131.6293 -15.36408 635.8378 -151.2646 -3.526532 456.0311 -143.9224 38.73984 402.1001 -135.4015 -62.24644 437.638 -147.3044 -38.98024 450.9465 -87.83096 93.07015 382.4466 -74.03796 77.88094 396.5676 -154.6958 41.71347 401.4755 -159.3072 -26.03444 366.2649 -158.8531 4.210964 389.0814 -168.7495 47.73425 307.5427 -158.7952 45.42597 352.0843 -89.10036 95.37184 309.0743 -95.21096 103.1249 268.2074 -11.69703 -85.00677 741.2586 -25.15321 -77.62645 792.4752 -11.69703 -85.00677 741.2586 -11.9632 -90.34312 755.457 -23.23063 -83.70461 755.7283 -23.43122 -86.94447 777.0568 -33.20127 -79.31873 779.2944 -25.15321 -77.62645 792.4752 -11.69703 -85.00677 741.2586 -10.325 -80.80127 750.0278 -21.71603 -79.44319 751.5859 -101.2339 35.90437 52.44667 -109.428 49.70919 53.48783 -107.9751 49.83758 211.4916 -95.96176 37.15797 211.3194 -103.7824 22.72033 51.76042 -100.0447 19.65045 211.2473 -130.0818 29.98703 51.82063 -115.3119 12.22151 50.87564 -117.1977 9.945482 211.2032 -135.5684 29.04081 211.2485 -125.5326 46.76461 52.84084 -127.1499 48.55357 211.3608 -109.428 49.70919 53.48783 -107.9751 49.83758 211.4916 -109.428 49.70919 53.48783 -94.23529 -97.24813 72.86857 -171.8992 -31.24132 75.71935 -169.5398 54.69032 77.54232 -171.8992 -31.24132 75.71935 -169.5398 54.69032 77.54232 -96.21873 111.2483 75.43349</float_array>
          <technique_common>
            <accessor source="#geom-jasmine_betrothal_lod1-positions-array" count="1452" stride="3">
              <param name="X" type="float"/>
              <param name="Y" type="float"/>
              <param name="Z" type="float"/>
            </accessor>
          </technique_common>
        </source>
        <source id="geom-jasmine_betrothal_lod1-normals">
          <float_array id="geom-jasmine_betrothal_lod1-normals-array" count="4356">8.32421e-6 -0.9892117 -0.1464934 -0.1022993 -0.753704 0.6492037 0.6233915 -0.7815285 -0.0244168 6.20848e-6 -0.7430294 0.6692588 0.01030141 -0.7296829 0.6837081 0.1419864 -0.8465745 0.5129829 0.2855742 -0.7343336 0.6157934 0.3226177 -0.8772904 0.3553581 0.643944 -0.6268077 0.4386892 0.4646609 -0.4355001 0.7709929 0.7827407 0.02296014 0.6219244 0.5339391 0.249758 0.8077933 0.4444583 0.7731205 0.4524837 0.534555 0.8222455 0.1953548 6.46058e-6 -0.9416554 0.3365787 5.26368e-6 -0.7736858 0.6335694 0.5672054 -0.3487702 0.7460815 0.6419691 -0.6868462 0.3407609 0.0255799 -0.734563 0.6780581 4.34493e-6 -0.6589375 0.7521977 0.3694063 -0.7220559 0.5849567 0.7678831 -0.2528956 0.5885571 0.2313315 0.8794419 0.4160143 0.997647 0.06406908 -0.02440726 0.997647 0.06406908 -0.02440727 0.7678831 -0.2528956 0.5885571 0.2160479 0.824253 0.5233836 0.5221332 -0.6076286 0.5984684 0.07341647 -0.4435578 0.8932337 0.2761714 -0.5317158 0.8006296 0.6276734 -0.6337821 0.452047 3.5211e-6 -0.4766738 0.8790804 -0.1608306 -0.4019813 0.9014126 3.23198e-6 -0.3830946 0.9237092 -0.1924506 -0.9811358 -0.01831047 0.3516397 -0.9002893 -0.256571 0.1662302 -0.982893 0.07930246 0.6760962 -0.6951734 -0.2441882 -0.08586644 -0.9332477 -0.3488204 3.85054e-6 -0.9819083 -0.1893571 2.82912e-6 -0.9125486 -0.4089683 0.3689212 -0.8056813 -0.4634382 0.3689212 -0.8056813 -0.4634382 0.5085206 -0.841294 -0.1833883 0.881226 -0.344396 -0.323778 0.5059016 -0.8622456 -0.02441758 0.3209734 -0.5594107 -0.7642223 -0.2821607 0.9174035 -0.2806355 0.8247342 -0.3906234 -0.4089339 0.5059016 -0.8622455 -0.02441757 0.5726898 -0.7337589 0.3655467 0.5183789 -0.8034872 0.2927316 0.3209734 -0.5594107 -0.7642223 0.4335175 -0.8601658 -0.2686587 0.8812259 -0.3443959 -0.323778 0.8456117 0.3198173 -0.427385 0.912948 -0.2704465 -0.3055893 0.9872557 -0.07495972 -0.1403826 0.997647 0.06406908 -0.02440727 0.8247342 -0.3906234 -0.4089339 -0.2821607 0.9174035 -0.2806355 0.9646367 -0.1361167 -0.2257174 0.9646367 -0.1361167 -0.2257174 0.5857672 0.8103876 0.01220348 0.2309506 0.4500477 -0.8626233 -0.2414874 0.9165021 0.3189167 0.1815605 0.974171 -0.1342632 -0.3346968 0.3712924 0.8660947 0.2633062 0.964693 0.006105651 0.1159653 0.9929532 0.02441376 0.1966072 0.9655091 -0.1706977 -0.2414874 0.9165021 0.3189167 -0.1549004 0.9671738 -0.2014469 0.1151625 0.9563828 -0.2684583 0.1815605 0.974171 -0.1342632 0.3844021 0.7847576 -0.4862002 0.6099179 0.1303423 -0.7816719 0.912948 -0.2704465 -0.3055893 0.8456116 0.3198172 -0.4273849 0.6099179 0.1303423 -0.7816719 0.174337 -0.828483 -0.5321866 0.6818723 -0.4913799 0.541845 0.7332952 -0.4013305 -0.548828 0.5467204 -0.7162343 0.4337111 0.5434046 -0.7423978 0.3918636 0.7093914 -0.3526815 0.6102292 0.6922302 -0.3681276 0.620725 -0.6831055 0.5684904 -0.45846 0.09999105 0.9850264 0.1404455 0.1982263 0.9709279 0.134184 0.2547696 -0.9620602 0.09763625 0.3752826 -0.9244767 -0.06712373 -0.3389786 -0.6965782 -0.6323546 -0.5785554 0.2465694 -0.7774813 -0.6884372 -0.06807878 -0.722094 -0.7090441 -0.3176205 -0.6295822 0.2503396 -0.968158 0 -0.1250272 -0.9773466 -0.1707688 0.3776968 -0.9259293 0 -0.2548549 -0.9637176 -0.07935601 -0.7772375 0.01049805 -0.6291196 -0.7146882 -0.06557035 -0.6963629 -0.2747596 -0.9599414 -0.05495192 0.2137202 -0.5241869 0.8243493 0.4642132 -0.3906369 0.7949271 0.6819514 0.2208984 0.6972418 -0.671555 -0.6856729 0.2808321 -0.3330869 -0.7868797 0.5194935 0.6953164 0.2412069 0.6770187 0.06102411 0.9939302 0.09153616 0.1464999 0.970943 -0.189229 -0.6507592 0.3962222 -0.647704 -0.8757038 -0.2131095 -0.433275 -0.5591059 0.08320711 -0.8249104 -0.8653865 -0.3539523 -0.3547167 -0.6715549 -0.6856729 0.2808321 -0.509151 0.03963451 -0.8597642 -0.3330869 -0.7868797 0.5194935 0.5847488 -0.4783612 0.6551636 -0.1551614 -0.8526273 0.4989505 0.6087784 -0.5399467 0.5812457 0.6961248 -0.2366214 -0.6778057 -0.2922153 0.4090253 -0.8644702 -0.5590523 -0.1309801 -0.8187214 0.6961248 -0.2366214 -0.6778057 0.7576951 -0.0429817 0.6511918 0.6528182 -0.7511985 -0.09761768 0.9210593 0.2985055 -0.2500889 0.7576951 -0.0429817 0.6511918 0.5847488 -0.4783612 0.6551636 0.9426171 0.3336529 -0.01220216 0.2316136 0.9517872 -0.2011381 -0.6374052 0.05524163 -0.768546 0.6961248 -0.2366214 -0.6778057 -0.5590523 -0.1309801 -0.8187214 -0.542864 -0.82802 -0.1402907 -0.04268754 0.3876181 -0.9208311 -0.4155138 -0.7424253 -0.5255027 0.8014938 0.5782642 -0.1523753 0.8473961 0.1237684 -0.5163345 0.09162001 0.5397946 -0.836796 0.09162001 0.5397946 -0.836796 -0.1595846 -0.4749177 -0.8654397 -0.7005441 -0.2764103 -0.6579022 0.9260044 -0.307272 -0.2193168 0.4658405 -0.8657584 -0.1829067 0.3536898 -0.9324897 0.07325615 0.2098055 -0.9774378 0.02443594 0.4148039 -0.9089084 0.04270039 0.9079406 -0.09499042 0.4081918 0.7255079 0.6759201 0.1295005 0.7096495 0.7031634 0.04425771 0.9935973 -0.108008 0.03314531 -0.9632028 0.2537757 0.08853528 -0.8998236 -0.1734214 0.4003032 -0.8890412 -0.4243152 0.1719372 -0.9837192 0.1530145 0.09425084 0.07173473 -0.8736947 0.4811569 0.01754734 -0.1773807 0.983986 0.6619332 -0.07092142 0.7462001 -0.7197137 -0.03510799 0.6933827 0.02059727 0.3776166 0.9257329 -0.3477362 0.9192896 0.1843536 -0.734086 0.2018355 -0.6483673 -0.2952523 0.818238 -0.4932673 -0.8023447 -0.04347305 0.5952757 0.7666934 -0.1083288 0.6328081 -0.8281214 -0.08731114 -0.5537073 -0.04961719 -0.2999932 0.9526501 0.03585417 -0.9993396 -0.005912124 -0.7546071 -0.651602 -0.07734913 0.7383925 -0.6660011 0.1059201 0.03585417 -0.9993396 -0.005912124 0.7447256 -0.3799932 -0.5486247 0.8588474 -0.1027713 -0.5018161 -0.5591884 -0.345583 -0.7535788 0.6226335 -0.2374029 -0.7456323 1.26806e-6 -0.3430895 -0.9393028 0.9899099 -0.1416985 0 0.862793 0.08249661 -0.4987813 0.8706329 0.4917817 0.0122087 0.8444989 0.4020425 -0.3538126 0.4648544 -0.5574366 0.6878771 0.2344116 -0.7834131 0.5756 0.2547787 -0.5716336 0.7799506 0.01030141 -0.7296829 0.6837081 -0.1022993 -0.753704 0.6492036 0.4684111 -0.3900408 0.7927543 0.4648544 -0.5574366 0.6878771 0.6156892 -0.07999941 0.7839177 0.6954691 0.2360006 0.6786947 0.6156892 -0.07999941 0.7839177 0.6442283 0.7613087 0.07334233 0.4050328 0.2008459 0.8919694 0.3428261 0.5602281 0.7540655 0.4050328 0.2008459 0.8919694 -3.71523e-6 0.6664711 0.745531 9.45876e-7 0.06465105 0.997908 6.43242e-6 -0.8838815 0.467711 6.56063e-6 -0.9485692 0.3165702 0.3226177 -0.8772904 0.3553581 0.643944 -0.6268077 0.4386892 6.56063e-6 -0.9485692 0.3165702 0.7827407 0.02296014 0.6219244 0.534555 0.8222455 0.1953548 -5.99294e-6 0.9757013 0.2191049 -6.58071e-6 0.9807563 0.1952361 0.6338585 -0.3870779 0.6696224 0.4366086 0.6271493 0.6450245 0.5498489 0.4625289 0.6955093 0.4220232 -0.4241734 -0.8012324 0.9872557 -0.07495972 -0.1403826 4.75455e-6 -1 0 2.82912e-6 -0.9125486 -0.4089683 2.42564e-6 -0.9873453 -0.1585852 0.9646367 -0.1361167 -0.2257174 0.2309506 0.4500477 -0.8626233 0.912948 -0.2704465 -0.3055893 0.399208 -0.693643 0.5995768 0.9646367 -0.1361167 -0.2257174 -5.7695e-6 0.9698054 0.2438803 -6.0709e-6 0.9999255 -0.01220817 -5.53399e-6 0.986332 -0.1647701 -5.50732e-6 0.9917404 -0.128262 0.2034148 0.9416507 -0.2681724 0.2515659 0.9426097 -0.2195484 -4.90407e-6 0.9984919 -0.0548999 -5.02902e-6 0.9354022 -0.3535858 0.3951565 0.8528063 -0.3414274 -3.40815e-6 0.9444147 -0.3287568 0.3776968 -0.9259293 0 0.678929 -0.3552111 0.6425578 0.6663698 0.4109535 0.6221485 -0.4192615 -0.2631066 -0.8689044 -0.4959402 0.239654 -0.8346311 -0.4959403 0.2396541 -0.8346313 -0.1250272 -0.9773465 -0.1707688 0.6477995 0.4629322 0.6050203 0.6726882 0.4598991 0.5796407 0.1387029 0.9812087 0.1341303 0.1220659 0.9807235 0.1525824 -0.175463 0.9825926 -0.0610306 -0.3346968 0.3712924 0.8660947 -0.4502308 0.8588725 -0.244193 -0.5113539 0.8368649 -0.195383 -0.5582374 0.7610764 -0.3303542 -0.6879637 0.4687894 -0.5540239 0.6818723 -0.4913799 0.541845 0.174337 -0.828483 -0.5321866 0.5059845 -0.5499439 0.6644858 -0.3673673 -0.7918975 -0.4877906 -0.307341 0.1647013 -0.9372379 -0.3211471 0.828483 -0.4587815 -0.5785554 0.2465694 -0.7774813 0.5162207 0.5605118 0.6475669 0.5836589 0.6148992 0.530322 -0.2943684 0.9403011 -0.1708252 -0.3211471 0.828483 -0.4587815 -0.6884371 -0.06807878 -0.722094 -0.7772375 0.01049805 -0.6291196 -0.6884371 -0.06807878 -0.722094 0.3501333 -0.8277608 -0.4384278 0.1403919 -0.9222757 -0.3601357 0.8045542 -0.4478 0.3900869 0.8393859 -0.4497391 0.3052312 0.5577466 0.5428886 0.627846 0.4641582 -0.5627345 0.6840226 0.2331584 0.8168213 -0.5276743 0.4099545 0.7028884 -0.5812788 0.9043073 0.3417794 0.2557637 0.8896384 0.3288539 0.3168575 -0.7146882 -0.06557035 -0.6963629 -0.2256795 0.9477013 -0.2256795 -0.6518721 -0.6741469 0.347259 0.446068 -0.2630388 0.855473 0.637113 0.424742 0.6431807 0.06102411 0.9939302 0.09153616 -0.2740535 0.9523359 0.1339817 -0.930255 0.02585365 -0.366002 0.1464998 0.970943 -0.189229 -0.7959368 -0.5039408 -0.3354523 -0.1551614 -0.8526273 0.4989505 0.6961248 -0.2366214 -0.6778058 -0.2922153 0.4090253 -0.8644702 -0.2922153 0.4090253 -0.8644702 -0.7959368 -0.5039408 -0.3354523 -0.2047704 -0.9298715 0.3056274 -0.1551614 -0.8526273 0.4989505 0.7537127 -0.3699905 0.5431613 0.6087784 -0.5399466 0.5812457 0.5847488 -0.4783612 0.6551636 0.6961248 -0.2366214 -0.6778057 0.2316136 0.9517871 -0.2011381 0.05488728 0.7998677 -0.5976614 0.1312437 0.1299084 -0.9828017 -0.03660693 -0.6310883 -0.7748469 0.9210591 0.2985055 -0.2500889 0.1312437 0.1299084 -0.9828016 0.05488728 0.7998677 -0.5976614 0.8267868 -0.5603777 0.04899477 0.2074048 -0.9546722 -0.213505 -0.1595846 -0.4749177 -0.8654398 0.847396 0.1237684 -0.5163345 1.87079e-6 -0.9892198 -0.1464381 0.9182168 0.2790172 -0.2811179 0.8456117 0.3198173 -0.427385 0.5137308 0.8167784 -0.2625905 -2.00448e-6 0.9820037 -0.1888615 -3.40815e-6 0.9444147 -0.3287568 0.3951565 0.8528064 -0.3414274 0.5461414 -0.8371372 0.03051069 0.05891738 -0.9975914 0.03660886 4.7203e-7 -0.9990848 0.04277427 -1.43648e-7 -0.9990876 0.04270909 0.4148039 -0.9089084 0.04270039 0.2098055 -0.9774378 0.02443594 -3.18767e-7 -0.9997017 0.0244202 0.5641417 -0.8198758 0.09771331 0.8145754 -0.5670757 0.1220338 0.5461414 -0.8371372 0.03051069 0.9323068 0.3528575 0.07934526 0.9012848 -0.4289109 0.06100067 0.4100938 -0.9108959 0.04573537 -2.79387e-7 -0.9986535 0.0518781 1.80398e-7 -0.9961455 0.08771573 0.4489068 -0.8901791 0.07787158 0.907876 -0.4112144 0.08163255 0.8797676 0.4623736 0.1105427 0.3134767 0.9442437 0.1006787 0.3844258 0.9145369 0.1258537 5.82022e-7 0.9932544 0.115956 1.16452e-7 0.9921364 0.1251618 -0.3477362 0.9192895 0.1843536 -0.4112758 0.9022887 0.1293344 0.6301079 0.5454324 -0.5526913 0.7932505 0.1282358 -0.5952388 -0.2952523 0.818238 -0.4932673 -0.7492973 0.03257192 -0.6614324 0.03433561 -0.6592436 -0.7511451 0.03433561 -0.6592436 -0.7511451 -6.58071e-6 0.9807563 0.1952361 -0.6518721 -0.6741469 0.347259 0.174337 -0.828483 -0.5321866 -0.2240946 -0.9104796 -0.3475753 -0.7757189 0.1805684 -0.6046943 -0.734086 0.2018355 -0.6483673 -0.2952523 0.818238 -0.4932673 0.6301079 0.5454324 -0.5526913 0.7447256 -0.3799932 -0.5486247 0.03433561 -0.6592436 -0.7511451 -0.5591884 -0.345583 -0.7535788 -0.8281214 -0.08731114 -0.5537073 0.8588473 -0.1027713 -0.5018161 -0.7492973 0.03257192 -0.6614324 0.7932505 0.1282358 -0.5952388 -0.03660693 -0.6310883 -0.7748469 0.1312437 0.1299084 -0.9828016 0.7818741 -0.6175892 -0.08518472 -0.04268754 0.3876181 -0.9208311 -0.5590523 -0.1309801 -0.8187214 -0.5590523 -0.1309801 -0.8187214 -0.03660693 -0.6310883 -0.7748467 6.20848e-6 -0.7430294 0.6692588 -0.6831055 0.5684904 -0.45846 0.2421731 -0.9683108 0.06104403 -2.15238e-7 -0.9782576 0.2073937 -2.32802e-7 -0.9993294 0.03661665 0.9202636 -0.3882422 -0.0488163 0.9738594 -0.2104817 -0.08541288 0.9817699 -0.1865134 0.03661612 0.9501125 -0.296243 -0.09760386 0.8598072 -0.5069582 0.06103334 0.8851558 -0.461273 0.06104523 0.4640259 -0.7216482 -0.5137157 0.3546093 -0.9321379 0.07328848 0.3100129 -0.922031 0.2318424 0.5237229 -0.8515387 -0.02441688 0.7447057 -0.6212233 0.2439159 0.6466009 -0.7404992 -0.1832163 0.6624072 -0.6605026 0.353487 0.5864116 -0.7452672 0.3173297 0.6989862 -0.7147185 -0.02440874 0.6704928 -0.729679 0.1341939 0.3947258 -0.9070296 0.1465906 0.6084504 -0.7932165 0.02440666 0.5671378 -0.5106003 -0.6462523 0.442674 -0.7360914 -0.5120636 0.1893666 -0.9689765 -0.1588236 0.4822476 -0.8166973 -0.3169273 0.4745761 -0.8801299 -0.01220284 0.8728105 -0.211521 -0.4398416 0.8400182 -0.5256789 -0.1342808 0.4261987 -0.8323523 -0.3543224 0.5587134 -0.750283 -0.3534328 0.2861645 -0.8851513 -0.3669021 0.4332101 -0.2840972 -0.8553466 0.6825412 -0.02890673 -0.7302753 0.9342393 -0.1851714 -0.3048089 0.7690672 0.0486412 -0.6373146 0.7662949 -0.1602405 -0.6221858 0.986525 -0.1463002 -0.07324547 0.3727174 -0.6147169 -0.6951294 -1.5663e-7 -0.3809411 -0.9245994 0.4212111 -0.550238 -0.7209851 0.3339214 -0.934675 -0.1219804 -2.38506e-7 -0.9973175 -0.07319761 -2.21286e-7 -0.9892035 0.1465487 0.3991837 -0.8902082 -0.2195034 0.3270266 -0.9335989 -0.1464469 0.3606041 -0.9287941 -0.08547653 0.6359968 -0.6508583 -0.4145983 0.4895813 -0.7390336 -0.4627523 0.3545422 -0.8188781 -0.4513741 0.09043781 -0.7151427 0.6931032 0.3516736 -0.8386652 0.4158923 0.4834553 -0.8006752 -0.3538222 0.9525828 -0.1815897 -0.2441542 0.5046681 -0.8315771 -0.2319261 0.8563447 -0.5070964 0.09760652 0.5071991 -0.8617424 0.01221247 0.2922399 -0.8496676 -0.4389314 0.5783764 -0.8156787 0.01220847 0.5785212 -0.8000906 0.1586452 0.2370456 -0.4405543 -0.8658645 -0.08412075 -0.5483143 -0.8320307 -1.80126e-7 -0.8925919 0.4508656 -2.32889e-7 -0.9997018 0.0244202 -2.04611e-7 -0.6497812 -0.7601213 -2.2089e-7 -0.7527655 -0.6582888 -2.44096e-7 -0.9354497 -0.3534598 -2.44483e-7 -0.9697372 -0.244151 0.2861645 -0.8851513 -0.3669021 0.6566053 -0.7135186 -0.2444604 -2.44483e-7 -0.9697372 -0.244151 -2.4417e-7 -0.9258259 -0.3779503 0.442019 -0.759929 -0.4765786 -2.38756e-7 -0.8792921 -0.4762832 0.6757449 -0.5829657 -0.4511316 0.7678909 -0.4544816 -0.4514314 0.3820219 -0.8535606 -0.3542506 -2.44084e-7 -0.9399712 -0.3412537 -0.04511904 -0.5528994 -0.8320256 -1.5109e-7 -0.3770308 -0.9262008 0.6359967 -0.6508582 -0.4145982 0.6624072 -0.6605026 0.353487 0.239141 -0.9702943 0.03661488 0.09043781 -0.7151427 0.6931032 0.4895812 -0.7390336 -0.4627522 0.6359967 -0.6508582 -0.4145982 0.3545422 -0.8188781 -0.4513741 0.4895812 -0.7390336 -0.4627522 0.3516736 -0.8386652 0.4158923 0.4834553 -0.8006752 -0.3538222 0.5046681 -0.8315771 -0.2319261 0.2922399 -0.8496676 -0.4389314 0.3545422 -0.8188781 -0.4513741 0.5046681 -0.8315771 -0.2319261 0.2922399 -0.8496676 -0.4389314 1.34058e-7 0.7402857 -0.6722925 -1.5109e-7 -0.3770307 -0.9262008 -0.2880441 0.2723604 -0.9180688 0.02365967 -0.9990487 -0.03663433 -0.298373 -0.2421908 -0.9232101 -0.2305038 -0.4914373 -0.8398556 0.02706021 -0.8102819 0.5854153 0.4113209 -0.9111634 -0.02441979 0.3839531 -0.6049939 0.6975403 0.4459536 -0.4611739 0.767101 0.5878277 -0.3693937 0.7197269 0.4618775 -0.6964396 0.5492186 0.2295583 -0.7183197 0.6567494 0.392763 -0.3365994 0.855826 0.4702501 -0.7187128 0.5121686 0.4217697 -0.8984535 -0.122031 0.652165 -0.6882585 0.3177753 -2.32858e-7 -0.998807 0.04883396 0.4224686 0.01964776 0.9061646 0.683417 0.2165301 0.6971771 0.3379867 0.3912927 0.8559528 0.6112487 0.4961097 0.6166443 0.7666154 0.2382839 0.5962564 0.6171746 0.5377362 0.5744001 0.3739571 0.6630282 0.6484981 -0.1362843 -0.8999331 -0.4141824 -0.34848 -0.6513895 -0.6739833 0.4640259 -0.7216482 -0.5137157 0.4763054 0.7316052 0.4877368 0.8166667 0.5108932 0.2684096 0.5575235 0.8298025 0.02440595 0.1305129 0.721615 0.6798811 0.3682542 0.9257872 0.08548076 0.5947298 0.7698743 0.2314953 0.1019268 0.4928995 0.8640956 3.98512e-7 0.7136059 0.7005474 0.8742768 0.4698857 -0.1218504 0.5375077 0.661431 0.5230626 0.9960543 0.06444609 0.06101405 5.98492e-7 0.4798124 0.8773711 0.8424308 -0.02599151 -0.5381772 0.5512986 0.8048044 -0.2199086 0.7358003 0.0121998 -0.6770888 0.6918842 0.7136128 0.1097866 -2.09565e-7 0.9873261 -0.1587047 0.3597865 -0.5651613 -0.7423923 3.90297e-7 0.9696917 0.2443318 0.9956087 -0.08849856 -0.03051675 0.1908335 -0.7954581 -0.5751774 -6.18385e-7 -0.900758 -0.4343214 -2.03858e-7 -0.9909321 -0.1343637 0.1201547 -0.8281077 -0.5475405 -0.01452287 -0.8578763 -0.5136509 0.498979 -0.6820139 -0.5346746 0.9956087 -0.08849856 -0.03051675 0.9346166 0.2406019 0.261921 0.6918843 0.7136128 0.1097866 0.5436974 0.7111943 0.445641 0.9350147 -0.3170189 0.1588914 0.5811228 -0.8126953 -0.04269318 0.5898961 -0.7951769 0.1404151 0.7514653 0.6579615 -0.04885098 0.9569626 -0.1823149 -0.2257959 0.5194082 -0.8005558 -0.2988741 2.09321e-7 -0.98313 0.1829079 -5.44318e-7 -0.9522823 -0.3052187 0.5826501 0.6310455 0.5121529 0.7840399 0.2873285 -0.5502034 5.35137e-7 0.9697827 0.2439705 0.6400726 -0.76042 0.1098575 0.6041747 -0.7874486 0.1220555 0.6078484 -0.7880294 0.09762183 0.7317464 -0.670577 -0.1219577 0.8303528 -0.5486243 -0.09759886 0.05953199 -0.9891469 0.1343286 0.5911697 -0.7990325 -0.1098431 0.6939757 -0.6337771 -0.3416496 -0.9634463 -0.1530674 -0.2198673 -0.9738469 -0.1493448 -0.1712258 -0.9753836 -0.1912255 -0.1098165 0.03973153 -0.7808296 -0.6234794 0.1614619 0.9672407 -0.1958968 -0.07772177 -0.9076387 -0.4124941 -0.1932639 -0.8583584 -0.4752579 -0.1289442 -0.847894 -0.5142462 -5.37936e-7 -0.9089439 -0.4169186 -4.5654e-7 -0.8845519 -0.4664419 -0.4202335 0.4798302 -0.7701733 0.05489374 -0.6549259 -0.7536967 -7.55172e-8 -0.04568397 -0.998956 -0.04511904 -0.5528994 -0.8320256 -2.49934e-7 -0.969828 -0.2437902 0.2643173 -0.9391173 0.2195339 -0.5995104 0.2581331 -0.7575979 -0.02361273 -0.6253566 -0.7799819 0.7187823 -0.6951281 -0.01220862 -0.5879536 -0.2578477 -0.7666976 0.7361187 -0.2369906 0.634007 0.6818871 0.008380735 0.7314095 0.7348072 0.08544714 0.6728723 0.8024659 0.4796436 0.3549516 0.93153 -0.3603771 0.04878717 0.3407491 -0.7461492 -0.5719717 -1.62731e-7 -0.8440377 0.5362838 -1.10138e-7 -0.6708934 0.7415538 1.57365e-7 0.3995361 0.9167175 5.81126e-8 -0.03627565 0.9993418 -0.08412075 -0.5483143 -0.8320307 0.7515949 -0.4802493 -0.452179 2.27067e-7 0.9997019 -0.0244202 2.44541e-7 0.892126 0.4517867 2.09579e-7 0.9973134 0.07325332 0.3370851 0.8196692 0.4631588 4.92461e-7 0.8775429 0.479498 0.5811228 -0.8126953 -0.04269318 1.10493e-7 -0.9939579 0.1097622 3.90297e-7 0.9696917 0.2443318 8.07566e-7 0.8467939 0.5319211 1.80411e-7 0.9977446 0.06712654 -2.7911e-7 -0.9946135 -0.1036532 0.5142665 -0.8554587 -0.06099528 0.967275 -0.2257102 0.1159052 0.7384391 0.6213626 0.2619469 5.73191e-7 0.9579941 0.286788 7.95835e-7 0.9045424 0.4263836 0.7112756 0.5668813 0.4156111 0.918597 -0.2899226 0.2685599 0.4904769 -0.8568549 0.1588466 1.03286e-7 -0.9892198 0.1464381 2.75743e-7 0.996343 0.08544443 0.8357855 0.5490562 0 0.8227464 0.5663061 -0.0488458 6.62569e-7 0.9482242 0.3176017 0.7083918 -0.3925751 -0.5865713 0.7775016 -0.579599 -0.2440417 -7.04598e-7 -0.935259 -0.3539643 -1.31728e-6 -0.6726728 -0.7399401 -1.6453e-6 0.02133661 -0.9997724 1.47813e-6 0.5283508 0.8490261 -0.1297701 -0.8952612 -0.4262243 -0.9615183 -0.1796159 -0.2078959 1.10493e-7 -0.9939579 0.1097622 0.4212111 -0.550238 -0.7209851 0.766295 -0.1602405 -0.6221858 0.2370456 -0.4405543 -0.8658645 0.3727174 -0.6147169 -0.6951294 -0.9723582 -0.2331753 -0.01220214 0.5046681 -0.8315771 -0.2319261 0.8064648 -0.42189 0.4142746 0.9525827 -0.1815897 -0.2441542 0.4834553 -0.8006752 -0.3538222 0.9928641 -0.1186249 -0.01220578 0.9111096 -0.4105335 -0.03662753 0.9126631 -0.3713174 -0.1707907 0.9158099 -0.2744758 -0.2931813 0.9087831 -0.199917 -0.3662602 0.9074789 -0.118682 0.4029847 0.9104578 -0.250109 0.3294119 0.9131612 -0.3848104 0.1343782 0.6866012 -0.7270343 0 0.7033986 -0.6629646 -0.2563362 0.7043003 -0.4781768 -0.524698 0.6832308 -0.3399007 -0.6462685 0.6581576 -0.3357791 0.6738554 0.6705636 -0.4979584 0.5498927 0.6778215 -0.6843132 0.2688373 0.3699436 -0.9290543 0 0.3832825 -0.8580951 -0.3417125 0.4013678 -0.6235876 -0.6708521 0.3814119 -0.4461944 -0.8095898 0.3359894 -0.4275883 0.8392135 0.3545163 -0.6260202 0.6945624 0.3642348 -0.8660609 0.3424495 0.007249006 -0.9255835 -0.3784744 -0.002288324 -0.9999974 0 0.0251482 -0.6812875 -0.7315838 0.01252872 -0.4844439 -0.8747326 -0.02397384 -0.4574057 0.888935 -0.01634993 -0.669967 0.7422109 -0.01104049 -0.9258782 0.3776609 -0.3601228 -0.8679589 -0.3419926 -0.3715222 -0.9284241 0 -0.3339348 -0.6389971 -0.6929433 -0.3652471 -0.4438688 -0.8182757 -0.3710431 -0.4243746 0.8259742 -0.3828589 -0.6220266 0.6830096 -0.3744459 -0.8616651 0.3425252 -0.6854102 -0.7277478 0.02441083 -0.6824311 -0.6932874 -0.2316037 -0.674319 -0.4793122 -0.5617417 -0.6431729 -0.2675295 -0.7174655 -0.6827757 -0.3368004 0.6483694 -0.6928684 -0.4829544 0.5354329 -0.6876361 -0.6697308 0.2803879 -0.9158548 -0.4013242 0.01220758 -0.9213684 -0.3600422 -0.1464578 -0.9356119 -0.2549154 -0.2442303 -0.9245643 -0.140126 -0.354324 -0.9052276 -0.1936846 0.3782187 -0.9125399 -0.2723317 0.3051335 -0.9129847 -0.3759068 0.1585976 -0.9892137 -0.1464795 0 -0.688437 -0.06807877 -0.7220939 -0.2740535 0.9523359 0.1339817 -4.67313e-8 -0.4475199 0.894274 -0.05484601 -0.1015032 -0.9933223 -0.3147605 -0.05896985 -0.9473376 0.6829573 -0.5646212 0.4634353 0.03358939 -0.9496637 -0.3114653 0.7824978 0.4892521 0.3851357 0.1219937 0.8608181 -0.4940746 -0.3147605 -0.05896985 -0.9473376 -0.05484601 -0.1015032 -0.9933223 -0.3163643 -0.1031891 -0.9430088 -0.3163643 -0.1031891 -0.943009 0.5183789 -0.8034872 0.2927316 -0.3460851 0.9353446 -0.073181 0.1151625 0.9563828 -0.2684583 0.399208 -0.693643 0.5995768 0.5857671 0.8103875 0.01220348 0.4799137 -0.8078737 0.3420864 0.7906433 -0.5199794 0.3232717 0.8178996 7.65107e-4 0.5753605 0.1572248 -0.9799836 0.1221163 0.4150219 -0.8979427 0.1464783 0.2982233 -0.9450095 0.1342386 0.8616278 0.2435243 0.4453015 0.8143148 0.5444016 0.2012913 0.4215227 0.8064575 0.4146625 0.9681747 -0.1704613 0.1832507 0.382387 0.9158968 0.1221196 2.6483e-7 0.996343 0.08544442 -4.612e-7 0.922896 0.3850493 0.2404966 -0.9543517 0.1771277 0.786469 -0.4073604 0.4642458 0.7558074 0.4224246 0.5003125 0.4286447 0.6205468 0.6566471 0.4283874 0.5690534 0.7018992 -1.61764e-7 0.752435 0.6586665 -1.24948e-7 0.6687964 0.7434456 0.5443376 -0.8248926 0.1524755 0.6921888 -0.7112889 0.1222408 0.8738315 0.4769473 0.0945507 0.4070604 0.913218 0.01829485 0.9904599 -0.0906618 0.103777 0.787588 -0.6151124 0.036632 0.8960953 -0.4343085 0.09159406 -7.70174e-8 0.9999954 0.003051092 0.851941 0.5126151 0.1068743 0.3767394 0.9243079 0.06101043 -3.52891e-8 0.9979443 0.06408817 0.9794188 -0.200353 0.02444727 0.9973041 -0.05480217 0.04879775 0.7783321 0.6211396 0.09156848 0.336418 0.9375459 0.08849091 -1.5282e-8 0.9957989 0.09156772 -0.2046087 0.9479823 -0.243854 -0.3458151 0.9237005 -0.164892 -0.5072403 0.8459091 -0.1647578 -0.3955991 0.8947622 -0.2071279 0.02680443 0.9353035 -0.3528299 -0.5072403 0.8459091 -0.1647578 -0.6238878 0.7737582 -0.1098287 -0.3955991 0.8947622 -0.2071279 -0.7401943 0.6487181 -0.1768538 -0.6261686 0.7549065 -0.1950112 -0.8421167 0.5223183 -0.1342505 -0.03808555 -0.5583342 -0.8287416 -0.9852054 -0.06491145 -0.1586089 -0.9374782 0.3156737 -0.1465764 -0.8524896 0.5140909 -0.09472106 -0.3069519 -0.8492592 -0.4295804 -0.6747792 -0.5713487 -0.4671548 -0.1211701 -0.6134712 -0.7803659 -1.60375e-6 -0.6986486 -0.7154651 1.1299e-7 -0.9257169 -0.3782171 -0.9932514 0.002431635 -0.1159556 -0.9874436 0.1192399 -0.1036206 -0.8182371 -0.5508244 -0.1645616 -0.7252675 -0.6620352 -0.1889352 -0.3440497 -0.9284003 -0.1403662 -0.3013928 -0.9278321 -0.2197497 2.00201e-8 -0.9900865 -0.1404594 2.4731e-8 -0.978566 -0.2059336 -0.03238101 -0.9933997 0.1100381 0.3536496 -0.8052917 0.4758542 0.2633858 -0.9044533 -0.3355476 0.2458301 -0.9561864 -0.1589822 4.82507e-7 -0.9615241 -0.2747211 4.46324e-7 -0.9482242 -0.3176017 0.523089 -0.8296221 -0.1952052 0.4005344 -0.8952448 0.1952152 0.5765367 -0.7962243 0.1833914 0.2870311 -0.8416531 0.4574202 9.18984e-7 -0.9727735 0.231758 2.51134e-6 -0.8927466 0.4505592 -2.53091e-7 0.9613507 -0.2753271 -4.40023e-7 0.9807563 -0.1952361 0.0442338 0.9365362 -0.3477691 0.02680443 0.9353035 -0.3528299 -0.2046087 0.9479824 -0.243854 -0.9837191 0.1530145 0.09425082 -0.9637192 0.2649846 -0.03207307 -0.372268 0.928 -0.01525688 -0.4112758 0.9022887 0.1293344 -0.8890412 -0.4243151 0.1719372 -0.8000848 -0.5991093 -0.03053759 0.9935973 -0.108008 0.0331453 0.9829816 -0.1816379 -0.02747464 0.1449514 -0.9888163 -0.03509349 0.07173473 -0.8736947 0.4811569 0.7096495 0.7031635 0.04425771 0.5782066 0.8158205 -0.01067928 -0.4112758 0.9022887 0.1293344 -0.3722679 0.9279999 -0.01525688 -0.4112758 0.9022887 0.1293344 -1.57581e-6 0.01000331 -0.9999501 -0.4749076 0.5884808 -0.6543342 -0.352954 0.6807514 -0.6418731 -1.00094e-6 0.7886946 -0.6147852 -0.6750995 -0.002672905 -0.7377218 -0.674719 -0.002862213 -0.7380693 -1.57006e-6 -0.003953856 -0.9999922 -0.3019934 -0.6947374 -0.6527939 -0.4399403 -0.5972801 -0.6706035 -8.73057e-7 -0.7979816 -0.6026821 -0.6234152 -0.7815098 -0.02441026 0.1014879 -0.7477257 0.6562062 -0.01030141 -0.7296829 0.6837081 -0.1419138 -0.8438737 0.5174339 -0.3211981 -0.8734301 0.3659943 -0.2834904 -0.7285934 0.6235262 -0.6435748 -0.6269996 0.4389569 -0.464361 -0.4355775 0.7711298 -0.7827415 0.02291253 0.6219251 -0.5339391 0.249758 0.8077933 -0.534555 0.8222455 0.1953548 -0.4465969 0.7775092 0.4427536 -0.5724095 -0.3519701 0.7405838 -0.6447697 -0.6894606 0.3300243 -0.02585409 -0.7315186 0.6813312 -0.3694063 -0.7220559 0.5849567 -0.765745 -0.2516891 0.5918507 -0.2313315 0.8794419 0.4160143 -0.997647 0.06406908 -0.02440726 -0.997647 0.06406908 -0.02440727 -0.2174902 0.8293729 0.5146247 -0.765745 -0.2516891 0.5918507 -0.5221332 -0.6076286 0.5984684 -0.6276734 -0.6337821 0.452047 -0.2775275 -0.5343267 0.7984194 -0.07422732 -0.442303 0.8937888 0.160596 -0.4026316 0.9011642 0.1921517 -0.9813463 -0.006100054 -0.1664324 -0.9833253 0.07329133 -0.3523086 -0.9000475 -0.2565021 -0.6750781 -0.6941265 -0.249916 0.08573782 -0.9331642 -0.3490754 -0.3688184 -0.8055269 -0.4637882 -0.3688184 -0.8055269 -0.4637882 -0.8810552 -0.3446279 -0.323996 -0.507022 -0.8395767 -0.1950378 -0.5059676 -0.862358 -0.01831557 -0.3216586 -0.5592734 -0.7640347 0.2822594 0.9173431 -0.2807337 -0.8247342 -0.3906234 -0.4089339 -0.5059676 -0.862358 -0.01831557 -0.5194924 -0.802852 0.2925001 -0.5750527 -0.7371686 0.3548197 -0.3216586 -0.5592734 -0.7640347 -0.4319926 -0.8609323 -0.2686597 -0.8810552 -0.3446279 -0.323996 -0.9114067 -0.2695737 -0.3109147 -0.8433995 0.3189754 -0.4323564 -0.997647 0.06406908 -0.02440727 -0.9872557 -0.07495972 -0.1403826 -0.8247342 -0.3906234 -0.4089339 0.2822594 0.9173431 -0.2807337 -0.9645837 -0.1362169 -0.2258835 -0.9645837 -0.1362169 -0.2258835 -0.2290163 0.4477611 -0.8643273 -0.5859482 0.8102566 0.01220725 0.2400426 0.9110187 0.3352976 0.3346968 0.3712924 0.8660947 -0.1808226 0.9743058 -0.1342818 -0.2631174 0.9647639 0 -0.1159653 0.9929532 0.02441376 -0.1971024 0.96645 -0.1646968 0.2400426 0.9110188 0.3352976 -0.1808226 0.9743057 -0.1342818 -0.1159361 0.9562821 -0.2684836 0.1531627 0.9662207 -0.207265 -0.3852114 0.7871878 -0.4816096 -0.6128388 0.1309665 -0.7792794 -0.9114067 -0.2695737 -0.3109147 -0.6128388 0.1309665 -0.7792794 -0.8433995 0.3189754 -0.4323564 -0.1737963 -0.8257231 -0.5366342 -0.7357479 -0.4026728 -0.5445452 -0.6810527 -0.4918991 0.5424044 -0.5488564 -0.7150379 0.4329867 -0.6948469 -0.3695192 0.616963 -0.7067514 -0.351369 0.6140378 -0.5423244 -0.7430152 0.3921894 0.6831055 0.5684904 -0.45846 -0.1008312 0.9857782 0.1344416 -0.1983851 0.9717054 0.1281873 -0.2549167 -0.962616 0.09158685 0.3403285 -0.6991615 -0.6287684 -0.3741173 -0.9253677 -0.06108037 0.5812963 0.2477375 -0.7750617 0.7090468 -0.3176098 -0.6295846 0.6884348 -0.06812637 -0.7220916 -0.2516767 -0.9678113 0 -0.3778302 -0.9258749 0 0.1252322 -0.9793312 -0.1588311 0.2549017 -0.963704 -0.0793706 0.2746624 -0.9596016 -0.06103608 0.7146882 -0.06557035 -0.6963629 0.7772375 0.01049805 -0.6291196 -0.2137202 -0.5241869 0.8243493 -0.686491 0.2213761 0.6926203 -0.4640696 -0.3930853 0.7938032 0.6703941 -0.6844876 0.2864411 0.3330869 -0.7868797 0.5194935 -0.6953185 0.2411957 0.6770205 -0.06710029 0.9935418 0.09150039 0.6464171 0.3954349 -0.6525154 -0.1463011 0.9698166 -0.1950682 0.87871 -0.2130986 -0.4271508 0.5591059 0.08320711 -0.8249104 0.6703941 -0.6844876 0.2864411 0.8661514 -0.3530177 -0.3537801 0.5042333 0.03948815 -0.8626642 0.3330869 -0.7868797 0.5194935 -0.5866511 -0.4777998 0.6538715 0.1559981 -0.8579898 0.489406 -0.6110705 -0.5415958 0.5772927 0.2922153 0.4090253 -0.8644702 -0.6961248 -0.2366214 -0.6778057 0.5590663 -0.1307925 -0.8187419 -0.6961248 -0.2366214 -0.6778057 -0.756407 -0.04270039 0.6527061 -0.6535668 -0.7505328 -0.09772961 -0.5866511 -0.4777998 0.6538715 -0.756407 -0.04270039 0.6527061 -0.9223449 0.299304 -0.2443298 -0.229273 0.9547311 -0.1895324 -0.9423462 0.33464 0 0.6355892 0.05534907 -0.7700409 -0.6961248 -0.2366214 -0.6778057 0.5429756 -0.8289528 -0.1342187 0.5590663 -0.1307925 -0.8187419 0.4152782 -0.7427678 -0.5252047 0.0396434 0.3876668 -0.9209468 -0.7992982 0.581099 -0.1531222 -0.09209017 0.5425646 -0.8349509 -0.8500507 0.1241561 -0.5118584 -0.09209017 0.5425646 -0.8349509 0.698988 -0.2770007 -0.6593075 0.1617143 -0.4721752 -0.8665444 -0.9270644 -0.3081316 -0.2135566 -0.4654624 -0.864702 -0.188773 -0.3540236 -0.9323638 0.07324626 -0.4149756 -0.9085218 0.04882065 -0.2094666 -0.9775108 0.02441869 -0.9078782 -0.09488852 0.4083545 -0.9935448 -0.108359 0.03357602 -0.7096495 0.7031634 0.04425771 -0.7251462 0.6762943 0.1295722 0.9632577 0.2535893 0.08847024 0.9836863 0.1532721 0.09417462 0.8889532 -0.4244466 0.1720678 0.8999696 -0.1732966 0.4000289 -0.07171559 -0.8735569 0.4814099 -0.01830939 -0.177563 0.9839391 -0.6619332 -0.07092142 0.7462001 0.7200813 -0.03508871 0.6930019 -0.02136594 0.3769563 0.9259847 0.3471874 0.9194742 0.1844671 0.7340832 0.2018347 -0.6483707 0.2952519 0.8182368 -0.4932696 0.8024358 -0.04347798 0.5951525 -0.7668785 -0.108355 0.6325793 0.8278788 -0.08736601 -0.5540613 0.04958114 -0.2997752 0.9527207 -0.03585417 -0.9993396 -0.005912124 0.7545604 -0.6516659 -0.07726622 -0.7384207 -0.6659517 0.1060335 -0.03585417 -0.9993396 -0.005912124 -0.7447243 -0.3799925 -0.5486267 -0.8592138 -0.1030141 -0.5011385 0.5590395 -0.3462537 -0.7533813 -0.6226617 -0.2372227 -0.745666 -0.9899175 -0.141645 0 -0.8680148 0.08294809 -0.4895611 -0.8706016 0.4913825 0.02441652 -0.8444989 0.4020425 -0.3538126 -0.4609385 -0.5527527 0.6942624 -0.2330077 -0.7777061 0.5838498 0.1014879 -0.7477257 0.6562062 -0.01030141 -0.7296829 0.6837081 -0.2547787 -0.5716336 0.7799506 -0.4609385 -0.5527527 0.6942624 -0.4690014 -0.3899217 0.7924638 -0.6156892 -0.07999941 0.7839177 -0.6156892 -0.07999941 0.7839177 -0.6897962 0.2338195 0.6852078 -0.6436035 0.7605702 0.08548306 -0.4050328 0.2008459 0.8919694 -0.4050328 0.2008459 0.8919694 -0.3428261 0.5602281 0.7540655 -0.3211981 -0.87343 0.3659943 -0.6435748 -0.6269995 0.4389568 -0.7827415 0.02291253 0.6219251 -0.534555 0.8222455 0.1953548 -0.6343133 -0.3868912 0.6692995 -0.4399372 0.6323138 0.637679 -0.554434 0.4667704 0.6890054 -0.4226598 -0.4239974 -0.80099 -0.9872557 -0.07495972 -0.1403826 -0.9645837 -0.1362169 -0.2258835 -0.2290163 0.4477611 -0.8643272 -0.9114067 -0.2695737 -0.3109147 -0.9645837 -0.1362169 -0.2258835 -0.3971025 -0.691309 0.6036568 -0.2515412 0.9439474 -0.2137527 -0.2040366 0.9431449 -0.2623872 -0.3963948 0.856496 -0.3305841 -0.3778302 -0.9258749 0 -0.6799479 -0.3573157 0.6403096 -0.6663698 0.4109535 0.6221485 0.4214849 -0.2645019 -0.8674037 0.5009869 0.2420927 -0.8309051 0.5009869 0.2420927 -0.8309051 0.1252322 -0.9793313 -0.1588311 -0.651961 0.4637187 0.5999266 -0.6718519 0.4603712 0.5802357 -0.1222233 0.9816058 0.1466679 -0.1389721 0.9827311 0.1221732 0.1753972 0.9826058 -0.06100773 0.3346968 0.3712924 0.8660947 0.4502308 0.8588725 -0.244193 0.6879637 0.4687894 -0.5540239 0.5558869 0.7603356 -0.3359756 0.5111905 0.8369792 -0.1953206 -0.6810527 -0.4918991 0.5424044 -0.5080439 -0.5521583 0.6610692 -0.1737963 -0.8257232 -0.5366343 0.3663277 -0.7894665 -0.4924903 0.3109047 0.1662263 -0.9357923 0.5812963 0.2477375 -0.7750617 0.319436 0.8236885 -0.4685061 -0.5826527 0.615446 0.5307936 -0.5182654 0.5627319 0.6439984 0.319436 0.8236885 -0.4685061 0.2943684 0.9403011 -0.1708252 0.6884348 -0.06812636 -0.7220916 0.7772375 0.01049805 -0.6291196 0.6884348 -0.06812636 -0.7220916 -0.3528004 -0.8268759 -0.4379591 -0.8393499 -0.4498152 0.3052181 -0.8045542 -0.4478 0.3900869 -0.1376745 -0.9247139 -0.3548943 -0.5576313 0.5431573 0.6277161 -0.4641832 -0.5626693 0.6840593 -0.2323305 0.814303 -0.5319145 -0.8913444 0.3294846 0.31136 -0.9023213 0.342181 0.2621609 -0.4084966 0.7003888 -0.5853085 0.7146882 -0.06557035 -0.6963629 0.225598 0.9477401 -0.225598 0.6532013 -0.6756169 0.3418624 -0.446068 -0.2630388 0.855473 -0.6420968 0.4280645 0.6359816 -0.06710029 0.9935418 0.09150039 0.2742723 0.9530963 0.1279937 0.9323209 0.02593495 -0.3607012 -0.1463012 0.9698167 -0.1950682 0.1559981 -0.8579898 0.489406 0.7960898 -0.5036564 -0.3355168 -0.6961248 -0.2366214 -0.6778058 0.2922153 0.4090253 -0.8644702 0.2922153 0.4090253 -0.8644702 0.7960898 -0.5036564 -0.3355168 0.1559981 -0.8579898 0.489406 0.2043851 -0.928122 0.3111534 -0.6110705 -0.5415958 0.5772927 -0.7512127 -0.3687633 0.5474424 -0.5866511 -0.4777998 0.6538715 -0.6961248 -0.2366214 -0.6778057 -0.229273 0.9547311 -0.1895324 -0.1282423 0.1299598 -0.983191 -0.05488728 0.7998677 -0.5976614 0.03659812 -0.6313177 -0.7746603 -0.9223449 0.299304 -0.2443298 -0.05488728 0.7998677 -0.5976614 -0.1282423 0.1299598 -0.9831909 -0.8283582 -0.5580758 0.04872695 -0.2072539 -0.9547397 -0.2133496 0.1617143 -0.4721751 -0.8665444 -0.8500507 0.1241561 -0.5118585 -0.9150101 0.2780428 -0.292316 -0.8433995 0.3189754 -0.4323564 -0.5137308 0.8167784 -0.2625905 -0.3963948 0.856496 -0.3305841 -0.5456058 -0.8374859 0.0305234 -0.2094666 -0.9775109 0.0244187 -0.4149756 -0.9085218 0.04882065 -0.05891738 -0.9975914 0.03660886 -0.5643088 -0.819773 0.09761018 -0.8151233 -0.5675524 0.1160101 -0.5456058 -0.8374859 0.0305234 -0.9320768 0.3527705 0.08237667 -0.9016036 -0.4290626 0.05492001 -0.4088796 -0.911588 0.04271877 -0.4488799 -0.8901259 0.07863032 -0.907876 -0.4112144 0.08163255 -0.8791499 0.463656 0.1100849 -0.3127887 0.9444692 0.1007027 -0.3856877 0.9139121 0.1265299 0.411296 0.9023332 0.1289592 0.3471874 0.9194743 0.1844671 -0.630109 0.5454333 -0.5526893 -0.7938108 0.1280801 -0.5945249 0.2952519 0.8182368 -0.4932696 0.7492931 0.03261943 -0.6614347 -0.03511543 -0.658796 -0.7515017 -0.03511543 -0.658796 -0.7515017 0.6532013 -0.6756169 0.3418624 0.222646 -0.9107897 -0.3476937 -0.1737963 -0.8257232 -0.5366343 0.7785854 0.1812357 -0.6007981 0.7340832 0.2018347 -0.6483707 -0.630109 0.5454333 -0.5526893 0.2952519 0.8182368 -0.4932696 -0.7447243 -0.3799925 -0.5486267 0.5590395 -0.3462537 -0.7533813 -0.03511543 -0.658796 -0.7515017 -0.8592138 -0.1030141 -0.5011385 0.8278788 -0.08736601 -0.5540612 -0.7938108 0.1280801 -0.5945249 0.7492931 0.03261943 -0.6614347 0.03659812 -0.6313177 -0.7746603 -0.7808954 -0.6196069 -0.07930968 -0.1282423 0.1299598 -0.9831909 0.0396434 0.3876668 -0.9209468 0.5590663 -0.1307925 -0.8187419 0.03659812 -0.6313177 -0.7746603 0.5590663 -0.1307925 -0.8187419 0.6831055 0.5684904 -0.45846 -0.2421731 -0.9683108 0.06104403 -0.9202636 -0.3882422 -0.0488163 -0.9501125 -0.296243 -0.09760386 -0.9817699 -0.1865134 0.03661612 -0.9738594 -0.2104817 -0.08541288 -0.8598072 -0.5069582 0.06103334 -0.8851558 -0.461273 0.06104523 -0.4640259 -0.7216482 -0.5137157 -0.3546093 -0.9321379 0.07328848 -0.3100129 -0.922031 0.2318424 -0.5237229 -0.8515387 -0.02441688 -0.6466009 -0.7404992 -0.1832163 -0.7447057 -0.6212233 0.2439159 -0.6624072 -0.6605026 0.353487 -0.5864116 -0.7452672 0.3173297 -0.6989862 -0.7147185 -0.02440874 -0.6704928 -0.729679 0.1341939 -0.3947258 -0.9070296 0.1465906 -0.6084504 -0.7932165 0.02440666 -0.442674 -0.7360914 -0.5120636 -0.5671378 -0.5106003 -0.6462523 -0.4822476 -0.8166973 -0.3169273 -0.1893666 -0.9689765 -0.1588236 -0.4745761 -0.8801299 -0.01220284 -0.8728105 -0.211521 -0.4398416 -0.8400182 -0.5256789 -0.1342808 -0.4261987 -0.8323523 -0.3543224 -0.2861645 -0.8851513 -0.3669021 -0.5587134 -0.750283 -0.3534328 -0.4332101 -0.2840972 -0.8553466 -0.6825412 -0.02890673 -0.7302753 -0.9342393 -0.1851714 -0.3048089 -0.7692236 0.04862687 -0.6371269 -0.7661404 -0.1602641 -0.6223699 -0.986525 -0.1463002 -0.07324547 -0.3727174 -0.6147169 -0.6951294 -0.4208969 -0.5503265 -0.721101 -0.3339214 -0.934675 -0.1219804 -0.3270266 -0.9335989 -0.1464469 -0.3991837 -0.8902082 -0.2195034 -0.3606041 -0.9287941 -0.08547653 -0.6359968 -0.6508583 -0.4145983 -0.4895813 -0.7390336 -0.4627523 -0.3545422 -0.8188781 -0.4513741 -0.09043781 -0.7151427 0.6931032 -0.3516736 -0.8386652 0.4158923 -0.4834553 -0.8006752 -0.3538222 -0.9525828 -0.1815897 -0.2441542 -0.5046681 -0.8315771 -0.2319261 -0.8563447 -0.5070964 0.09760652 -0.5071991 -0.8617424 0.01221247 -0.2922399 -0.8496676 -0.4389314 -0.5783764 -0.8156787 0.01220847 -0.5785212 -0.8000906 0.1586452 -0.2370456 -0.4405543 -0.8658645 0.08412075 -0.5483143 -0.8320307 -0.2861645 -0.8851513 -0.3669021 -0.6566053 -0.7135186 -0.2444604 -0.442019 -0.759929 -0.4765786 -0.6757449 -0.5829657 -0.4511316 -0.7678909 -0.4544816 -0.4514314 -0.3820219 -0.8535606 -0.3542506 0.04511904 -0.5528994 -0.8320256 -0.6359967 -0.6508582 -0.4145982 -0.239141 -0.9702943 0.03661488 -0.6624072 -0.6605026 0.353487 -0.09043781 -0.7151427 0.6931032 -0.4895812 -0.7390336 -0.4627522 -0.6359967 -0.6508582 -0.4145982 -0.3545422 -0.8188781 -0.4513741 -0.4895812 -0.7390336 -0.4627522 -0.3516736 -0.8386652 0.4158923 -0.4834553 -0.8006752 -0.3538222 -0.5046681 -0.8315771 -0.2319261 -0.2922399 -0.8496676 -0.4389314 -0.3545422 -0.8188781 -0.4513741 -0.5046681 -0.8315771 -0.2319261 -0.2922399 -0.8496676 -0.4389314 0.2880441 0.2723604 -0.9180688 -0.02365967 -0.9990487 -0.03663433 0.2305038 -0.4914373 -0.8398556 0.298373 -0.2421908 -0.9232101 -0.02706021 -0.8102819 0.5854153 -0.3839531 -0.6049939 0.6975403 -0.4113209 -0.9111634 -0.02441979 -0.4459536 -0.4611739 0.767101 -0.2295583 -0.7183197 0.6567494 -0.4618775 -0.6964396 0.5492186 -0.5878277 -0.3693937 0.7197269 -0.4702501 -0.7187128 0.5121686 -0.392763 -0.3365994 0.855826 -0.4217697 -0.8984535 -0.122031 -0.652165 -0.6882585 0.3177753 -0.4224686 0.01964776 0.9061646 -0.3379867 0.3912927 0.8559528 -0.683417 0.2165301 0.6971771 -0.6061518 0.4924984 0.6245201 -0.6162274 0.5382433 0.5749418 -0.7610659 0.2365118 0.6040206 -0.3750815 0.6630769 0.6477985 0.1362843 -0.8999331 -0.4141824 -0.4640259 -0.7216482 -0.5137157 0.3456115 -0.6460276 -0.6805888 -0.4765711 0.7312506 0.4880088 -0.5571709 0.8300397 0.02439052 -0.8164125 0.5112116 0.2685768 -0.1319697 0.7275549 0.673237 -0.5967216 0.7716886 0.2200458 -0.3679132 0.9247343 0.09750082 -0.1036891 0.4992436 0.860235 -0.5340903 0.6578062 0.5310729 -0.8736035 0.4711056 -0.1219691 -0.9960662 0.06434831 0.06092148 -0.5507668 0.8051431 -0.2200011 -0.8424308 -0.02599151 -0.5381772 -0.7358003 0.0121998 -0.6770888 -0.6921602 0.7123721 0.1159321 -0.359124 -0.565316 -0.7425954 -0.9959091 -0.08699896 -0.02442076 -0.1912019 -0.7954 -0.5751354 -0.1201547 -0.8281077 -0.5475405 -0.5054389 -0.6908435 -0.5169786 0.01452272 -0.8578795 -0.5136456 -0.9959091 -0.08699896 -0.02442076 -0.6921602 0.7123721 0.1159321 -0.9357963 0.2423316 0.2560485 -0.543966 0.7110467 0.4455486 -0.9341394 -0.3165928 0.1647808 -0.5817501 -0.8125427 -0.03662165 -0.5898961 -0.7951769 0.1404151 -0.7514653 0.6579615 -0.04885098 -0.9569626 -0.1823149 -0.2257959 -0.5194082 -0.8005558 -0.2988741 -0.5837715 0.6292056 0.5131386 -0.7840399 0.2873285 -0.5502034 -0.6400726 -0.76042 0.1098575 -0.6078484 -0.7880294 0.09762183 -0.6041747 -0.7874486 0.1220555 -0.8303528 -0.5486243 -0.09759886 -0.7311307 -0.6712207 -0.1221095 -0.5917556 -0.7986032 -0.1098103 -0.05878252 -0.9891876 0.13436 -0.69358 -0.6341126 -0.3418304 0.9608341 -0.1525443 -0.2313612 0.9754192 -0.1910418 -0.1098204 0.9738469 -0.1493448 -0.1712258 -0.03935156 -0.7808228 -0.623512 -0.1607164 0.9673599 -0.195921 0.07807173 -0.9076787 -0.41234 0.1920199 -0.8532953 -0.4847839 0.128986 -0.8477864 -0.5144131 0.4202335 0.4798302 -0.7701733 -0.05489374 -0.6549259 -0.7536967 0.04511904 -0.5528994 -0.8320256 -0.2643173 -0.9391173 0.2195339 0.5995104 0.2581331 -0.7575979 0.02361273 -0.6253566 -0.7799819 -0.7187823 -0.6951281 -0.01220862 0.5879536 -0.2578477 -0.7666976 -0.7361187 -0.2369906 0.634007 -0.6818871 0.008380735 0.7314095 -0.7348072 0.08544714 0.6728723 -0.7989428 0.4775378 0.3655791 -0.9317951 -0.3597003 0.04872131 -0.3393552 -0.7466195 -0.5721864 0.08412075 -0.5483143 -0.8320307 -0.7509291 -0.480801 -0.4526986 -0.3382124 0.824871 0.4529904 -0.5817501 -0.8125427 -0.03662165 -0.5149474 -0.8558282 -0.04886084 -0.9679416 -0.2258658 0.1098806 -0.7383525 0.6214499 0.2619838 -0.7110868 0.5670353 0.415724 -0.9178834 -0.286648 0.2744502 -0.490798 -0.8566517 0.1589505 -0.8357855 0.5490562 0 -0.8227464 0.5663061 -0.0488458 -0.7083918 -0.3925751 -0.5865713 -0.7783463 -0.5807984 -0.238433 0.1297701 -0.8952612 -0.4262243 0.9590423 -0.1790822 -0.2194709 -0.4208969 -0.5503265 -0.721101 -0.7661405 -0.1602641 -0.6223699 -0.2370456 -0.4405543 -0.8658645 -0.3727174 -0.6147169 -0.6951294 0.9723166 -0.2333483 -0.0122112 -0.5046681 -0.8315771 -0.2319261 -0.9525827 -0.1815897 -0.2441542 -0.8064648 -0.42189 0.4142746 -0.4834553 -0.8006752 -0.3538222 -0.9928641 -0.1186249 -0.01220578 -0.9126631 -0.3713174 -0.1707907 -0.9111096 -0.4105335 -0.03662753 -0.9158099 -0.2744758 -0.2931813 -0.9087831 -0.199917 -0.3662602 -0.9104578 -0.250109 0.3294119 -0.9074789 -0.118682 0.4029847 -0.9131612 -0.3848104 0.1343782 -0.7033986 -0.6629646 -0.2563362 -0.6866012 -0.7270343 0 -0.7043003 -0.4781768 -0.524698 -0.6832308 -0.3399007 -0.6462685 -0.6705636 -0.4979584 0.5498927 -0.6581576 -0.3357791 0.6738554 -0.6778215 -0.6843132 0.2688373 -0.3832825 -0.8580951 -0.3417125 -0.3699436 -0.9290543 0 -0.4013678 -0.6235876 -0.6708521 -0.3814119 -0.4461944 -0.8095898 -0.3545163 -0.6260202 0.6945624 -0.3359894 -0.4275883 0.8392135 -0.3642348 -0.8660609 0.3424495 -0.007249006 -0.9255835 -0.3784744 0.002288324 -0.9999974 0 -0.0251482 -0.6812875 -0.7315838 -0.01252872 -0.4844439 -0.8747326 0.01634993 -0.669967 0.7422109 0.02397384 -0.4574057 0.888935 0.01104049 -0.9258782 0.3776609 0.3601228 -0.8679589 -0.3419926 0.3715222 -0.9284241 0 0.3339348 -0.6389971 -0.6929433 0.3652471 -0.4438688 -0.8182757 0.3710431 -0.4243746 0.8259742 0.3828589 -0.6220266 0.6830096 0.3744459 -0.8616651 0.3425252 0.6824311 -0.6932874 -0.2316037 0.6854102 -0.7277478 0.02441083 0.674319 -0.4793122 -0.5617417 0.6431729 -0.2675295 -0.7174655 0.6827757 -0.3368004 0.6483694 0.6928684 -0.4829544 0.5354329 0.6876361 -0.6697308 0.2803879 0.9213684 -0.3600422 -0.1464578 0.9158548 -0.4013242 0.01220758 0.9356119 -0.2549154 -0.2442303 0.9245643 -0.140126 -0.354324 0.9052276 -0.1936846 0.3782187 0.9125399 -0.2723317 0.3051335 0.9129847 -0.3759068 0.1585976 0.9892137 -0.1464795 0 0.6884348 -0.06812636 -0.7220916 0.2742723 0.9530962 0.1279937 0.3147605 -0.05896985 -0.9473376 0.05451573 -0.1009393 -0.9933979 -0.03658209 -0.9477049 -0.3170448 -0.6865009 -0.5650284 0.4576673 -0.7824978 0.4892521 0.3851357 -0.1190267 0.861036 -0.4944186 0.3147605 -0.05896985 -0.9473376 0.05451573 -0.1009393 -0.9933979 0.3136228 -0.1032881 -0.9439133 0.3136228 -0.1032881 -0.9439133 -0.5194924 -0.802852 0.2925001 0.3454139 0.9355912 -0.07320029 -0.1159361 0.9562821 -0.2684836 -0.3971025 -0.691309 0.6036568 -0.5859482 0.8102565 0.01220725 -0.4791986 -0.8060286 0.3473999 -0.8121389 7.59718e-4 0.5834637 -0.7921922 -0.5209981 0.3177936 -0.4150219 -0.8979427 0.1464783 -0.1572248 -0.9799836 0.1221163 -0.2985707 -0.9449019 0.1342234 -0.8616178 0.243569 0.4452963 -0.4215227 0.8064575 0.4146625 -0.8140578 0.5447397 0.2014164 -0.9682061 -0.170276 0.1832567 -0.3823975 0.9166855 0.1160168 -0.2402324 -0.9533032 0.1830342 -0.7863233 -0.4074827 0.4643852 -0.7558074 0.4224246 0.5003125 -0.4283874 0.5690534 0.7018992 -0.4303072 0.6231444 0.6530903 -0.6924545 -0.7099946 0.1281193 -0.5443376 -0.8248926 0.1524755 -0.407344 0.9130913 0.01830759 -0.8732138 0.4774433 0.09770223 -0.9904557 -0.09070911 0.1037766 -0.8960953 -0.4343085 0.09159406 -0.7880424 -0.6147035 0.0335987 -0.3771234 0.9237233 0.06717989 -0.8517744 0.5128965 0.1068534 -0.9793659 -0.2002209 0.02745886 -0.9973124 -0.05471895 0.04872366 -0.7783003 0.6202795 0.09747793 -0.3357413 0.9377864 0.08851361 0.2048135 0.9464056 -0.2497354 0.5063956 0.8452618 -0.1705754 0.345461 0.9227545 -0.170824 -0.02688085 0.9372073 -0.3477352 0.3965717 0.8969619 -0.1954232 0.5063956 0.8452618 -0.1705754 0.6239241 0.7728585 -0.1157954 0.3965717 0.8969619 -0.1954232 0.6269023 0.7557911 -0.1891384 0.7398493 0.6490843 -0.1769536 0.8414538 0.5218119 -0.1402423 0.9852085 -0.064864 -0.1586094 0.0381819 -0.5597467 -0.8277836 0.8527391 0.5137029 -0.09457929 0.9370546 0.315531 -0.1495625 0.3066622 -0.8505681 -0.4271911 0.1219779 -0.6129388 -0.7806584 0.672982 -0.5711191 -0.4700193 0.9876763 0.1196373 -0.1009081 0.993231 0.002387575 -0.1161316 0.7238183 -0.6635001 -0.1893533 0.817968 -0.552052 -0.1617623 0.3433769 -0.9286438 -0.140403 0.3020863 -0.9276185 -0.2196991 0.03233414 -0.9927248 0.1159832 -0.3538164 -0.8052375 0.4758221 -0.2642673 -0.9082453 -0.3244279 -0.2456765 -0.9552179 -0.1649297 -0.5237032 -0.8305964 -0.1893271 -0.4008079 -0.8950933 0.1953486 -0.575554 -0.7941044 0.1952841 -0.2868471 -0.8418753 0.4571268 -0.02688085 0.9372075 -0.3477352 -0.04426541 0.9364423 -0.3480177 0.2048135 0.9464057 -0.2497354 0.9836864 0.1532721 0.09417464 0.411296 0.9023332 0.1289592 0.372268 0.928 -0.01525688 0.9639249 0.2642405 -0.03202915 0.8889533 -0.4244466 0.1720678 0.8007246 -0.5982556 -0.03050379 -0.9935447 -0.1083589 0.03357601 -0.07171559 -0.8735569 0.4814099 -0.1441965 -0.9888713 -0.03662133 -0.9830897 -0.1812762 -0.02595113 -0.7096495 0.7031635 0.04425771 -0.5778785 0.8160529 -0.01068732 0.411296 0.9023332 0.1289592 0.3722679 0.9279999 -0.01525688 0.411296 0.9023332 0.1289592 0.3531267 0.6810845 -0.6414245 0.476089 0.5880538 -0.6538594 0.6767561 -0.003048451 -0.7362009 0.6759295 -0.00267015 -0.7369615 0.4421732 -0.5961715 -0.6701211 0.3017606 -0.6951953 -0.652414</float_array>
          <technique_common>
            <accessor source="#geom-jasmine_betrothal_lod1-normals-array" count="1452" stride="3">
              <param name="X" type="float"/>
              <param name="Y" type="float"/>
              <param name="Z" type="float"/>
            </accessor>
          </technique_common>
        </source>
        <source id="geom-jasmine_betrothal_lod1-map1">
          <float_array id="geom-jasmine_betrothal_lod1-map1-array" count="4356">0.2058 0.63032 0 0.24834 0.58795 0 0.23352 0.6502 0 0.22696 0.56831 0 0.26177 0.61756 0 0.305145 0.954795 0 0.34555 0.94366 0 0.348805 0.974835 0 0.37705 0.96197 0 0.38417 0.93999 0 0.412485 0.96143 0 0.41679 0.93364 0 0.44818 0.9504 0 0.444045 0.9806 0 0.30067 0.99122 0 0.27202 0.98759 0 0.37859 0.90971 0 0.30889 0.89963 0 0.2816713 0.9390427 0 0.24346 0.98263 0 0.27563 0.91668 0 0.2760147 0.89409 0 0.455855 0.924495 0 0.2754893 0.8770013 0 0.140985 0.626635 0 0.113075 0.62672 0 0.13438 0.6087975 0 0.209525 0.266445 0 0.2555975 0.253935 0 0.2587762 0.291063 0 0.2199063 0.3231132 0 0.31 0.29806 0 0.2857209 0.2937384 0 0.307685 0.26726 0 0.2857209 0.2937384 0 0.2544325 0.32465 0 0.2587762 0.291063 0 0.2199063 0.3231132 0 0.28878 0.33891 0 0.31129 0.33762 0 0.30797 0.38794 0 0.25632 0.384325 0 0.28874 0.6006 0 0.34385 0.57543 0 0.349375 0.6449875 0 0.17625 0.33583 0 0.16978 0.35439 0 0.16978 0.35439 0 0.1888435 0.3687098 0 0.108105 0.567795 0 0.13438 0.6087975 0 0.113075 0.62672 0 0.07671999 0.58491 0 0.10188 0.55322 0 0.1897575 0.41053 0 0.129045 0.4328275 0 0.09639 0.41307 0 0.09382499 0.368485 0 0.130495 0.34221 0 0.16634 0.63374 0 0.1747558 0.6232436 0 0.06660999 0.38361 0 0.49049 0.80383 0 0.49852 0.82034 0 0.48015 0.807285 0 0.06447 0.39481 0 0.05263999 0.40317 0 0.06712074 0.3901031 0 0.470805 0.86128 0 0.507 0.88514 0 0.53239 0.84844 0 0.33314 0.463945 0 0.3118 0.43046 0 0.3446194 0.4289238 0 0.348754 0.4615805 0 0.07467499 0.462385 0 0.0894346 0.4165253 0 0.34409 0.41552 0 0.36776 0.40887 0 0.3446194 0.4289238 0 0.140377 0.4935253 0 0.1726025 0.4761375 0 0.12936 0.50978 0 0.16346 0.55006 0 0.12936 0.50978 0 0.1726025 0.4761375 0 0.2105 0.532735 0 0.4534 0.80577 0 0.43922 0.8375225 0 0.43157 0.8101 0 0.32801 0.8196 0 0.323525 0.860145 0 0.31775 0.81601 0 0.2706 0.79661 0 0.3029 0.77228 0 0.29442 0.80792 0 0.2959 0.52465 0 0.30809 0.49432 0 0.33297 0.51123 0 0.132875 0.127475 0 0.16783 0.132125 0 0.1573729 0.1807109 0 0.1259453 0.1762546 0 0.44656 0.06607002 0 0.42051 0.07407999 0 0.4424 0.04123002 0 0.44938 0.07692999 0 0.42845 0.08837003 0 0.41478 0.04026002 0 0.40697 0.19321 0 0.41172 0.23151 0 0.3936 0.20522 0 0.36479 0.1991 0 0.37904 0.22781 0 0.34437 0.21932 0 0.34938 0.19135 0 0.35327 0.23784 0 0.3319 0.21072 0 0.3887 0.07932997 0 0.40397 0.10368 0 0.395175 0.09380001 0 0.34143 0.266495 0 0.33512 0.251215 0 0.36212 0.27195 0 0.38794 0.09205002 0 0.37693 0.06742001 0 0.40584 0.14373 0 0.40338 0.15416 0 0.34879 0.14026 0 0.3443502 0.1255376 0 0.3234 0.04022002 0 0.3785 0.014045 0 0.39405 0.26766 0 0.3466852 0.1187022 0 0.35852 0.1078 0 0.38389 0.13089 0 0.41246 0.12775 0 0.40544 0.13825 0 0.27706 0.04123998 0 0.27704 0.03377002 0 0.28097 0.04026997 0 0.256855 0.02419001 0 0.26456 0.02332002 0 0.26109 0.03064001 0 0.39424 0.60929 0 0.3970457 0.5406851 0 0.6191822 0.3963729 0 0.6084504 0.3880086 0 0.5966122 0.408244 0 0.9418125 0.5681725 0 0.93348 0.61361 0 0.907835 0.60477 0 0.91189 0.58938 0 0.8737 0.55954 0 0.9070875 0.5396975 0 0.90018 0.57452 0 0.88975 0.58064 0 0.91069 0.57136 0 0.93619 0.5353 0 0.957445 0.530875 0 0.93336 0.510735 0 0.958 0.50105 0 0.858115 0.57022 0 0.8611 0.54231 0 0.842715 0.553835 0 0.950235 0.492295 0 0.96787 0.507645 0 0.91963 0.49964 0 0.96547 0.4866967 0 0.95154 0.46991 0 0.94339 0.47821 0 0.98012 0.5034 0 0.984995 0.494225 0 0.98477 0.51806 0 0.97461 0.53785 0 0.93172 0.47808 0 0.20499 0.68814 0 0.1839 0.65943 0 0.27198 0.68483 0 0.249665 0.722785 0 0.3119 0.71134 0 0.29588 0.74203 0 0.28616 0.657385 0 0.6459782 0.9700906 0 0.6184157 0.9757758 0 0.6196316 0.9651574 0 0.6312199 0.9555442 0 0.588174 0.9717518 0 0.5900187 0.9658171 0 0.32174 0.68999 0 0.5587444 0.960727 0 0.5614339 0.9583597 0 0.33736 0.72309 0 0.34518 0.70326 0 0.5450276 0.9532548 0 0.5464672 0.9516461 0 0.5322685 0.9482682 0 0.5337988 0.946354 0 0.6658494 0.9541851 0 0.6852924 0.9702278 0 0.6586781 0.9853055 0 0.6212019 0.9898095 0 0.33124 0.99612 0 0.5850837 0.9823977 0 0.5481105 0.9666657 0 0.47738 0.97358 0 0.45945 0.99461 0 0.3714275 0.86492 0 0.4304 0.89372 0 0.410785 0.85318 0 0.28121 0.841035 0 0.2697703 0.8466 0 0.31 0.29806 0 0.26787 0.56635 0 0.33552 0.53635 0 0.25415 0.82978 0 0.258 0.81803 0 0.3655 0.49892 0 0.3372207 0.4682771 0 0.34823 0.46795 0 0.50035 0.94822 0 0.537455 0.90852 0 0.56723 0.87519 0 0.00461 0.50005 0 0.0328575 0.4454375 0 0.07467499 0.462385 0 0.04126 0.52097 0 0.04126 0.52097 0 0.09677 0.49729 0 0.07323999 0.537 0 0.3118 0.43046 0 0.366255 0.817935 0 0.40145 0.81527 0 0.29442 0.80792 0 0.2706 0.79661 0 0.46516 0.78552 0 0.45197 0.78861 0 0.24984 0.51248 0 0.21721 0.45369 0 0.25183 0.4408225 0 0.28022 0.49012 0 0.3049 0.47587 0 0.3372207 0.4682771 0 0.190195 0.59721 0 0.13438 0.6087975 0 0.16346 0.55006 0 0.2072 0.55325 0 0.11552 0.03248501 0 0.14112 0.02961999 0 0.1060675 0.125185 0 0.31775 0.81601 0 0.45197 0.78861 0 0.42915 0.76814 0 0.46516 0.78552 0 0.070555 0.12221 0 0.07886 0.02552998 0 0.0417675 0.1186375 0 0.04956 0.01265001 0 0.01647 0.01120001 0 0.013545 0.117215 0 0.1845 0.03157002 0 0.1103184 0.2708532 0 0.10703 0.29076 0 0.090305 0.289545 0 0.09229111 0.2694914 0 0.06950395 0.1719149 0 0.1017293 0.1741952 0 0.04948499 0.288575 0 0.04833404 0.2677424 0 0.06802187 0.2687274 0 0.06770999 0.2891 0 0.01589999 0.1681508 0 0.04286463 0.1687441 0 0.46482 0.06954998 0 0.46155 0.05383497 0 0.46077 0.03334999 0 0.44618 0.01393497 0 0.40314 0.17622 0 0.37969 0.17937 0 0.41144 0.009959996 0 0.32656 0.24222 0 0.31686 0.23882 0 0.26478 0.06762999 0 0.27481 0.07116002 0 0.23685 0.04857999 0 0.24385 0.05541003 0 0.26711 0.03399003 0 0.25057 0.05980003 0 0.27274 0.03847003 0 0.25971 0.06480002 0 0.3440732 0.1248503 0 0.3473211 0.1168325 0 0.41185 0.2648 0 0.41751 0.30539 0 0.39305 0.3296 0 0.36982 0.33592 0 0.4144337 0.1294145 0 0.3173453 0.03701091 0 0.33934 0.01242 0 0.27421 0.03382999 0 0.27076 0.03065002 0 0.27014 0.02770001 0 0.25903 0.01775002 0 0.40779 0.50545 0 0.4229 0.63507 0 0.393305 0.688975 0 0.45938 0.65011 0 0.49727 0.65948 0 0.474305 0.730455 0 0.434235 0.716515 0 0.6092605 0.4156123 0 0.738914 0.9686313 0 0.7446977 0.9686338 0 0.7455473 0.9313812 0 0.7081286 0.9458989 0 0.7324328 0.9689164 0 0.7472208 0.8785412 0 0.6914541 0.894602 0 0.6576973 0.9050753 0 0.6840457 0.9496265 0 0.6233763 0.7799315 0 0.6578516 0.7762649 0 0.7019079 0.7732334 0 0.7475662 0.7719272 0 0.7593884 0.5960159 0 0.7061697 0.5937296 0 0.6506894 0.5950341 0 0.6043534 0.5981058 0 0.5794388 0.7838119 0 0.5546047 0.6034945 0 0.539794 0.7889158 0 0.5022936 0.6134776 0 0.92955 0.62641 0 0.90387 0.61623 0 0.95421 0.61843 0 0.96086 0.58132 0 0.95052 0.63481 0 0.88911 0.52686 0 0.93829 0.4634 0 0.993 0.50562 0 0.5283632 0.9584598 0 0.35786 0.17507 0 0.34584 0.7818 0 0.32801 0.8196 0 0.21119 0.53635 0 0.4776 0.59546 0 0.4677 0.612585 0 0.44912 0.60386 0 0.45304 0.49222 0 0.46542 0.48291 0 0.47802 0.49222 0 0.48697 0.51595 0 0.44296 0.51499 0 0.48047 0.5625 0 0.44283 0.56521 0 0.312748 0.06374258 0 0.3158709 0.04015785 0 0.31628 0.06489003 0 0.4033 0.16046 0 0.34592 0.15501 0 0.3733025 0.08176678 0 0.31352 0.07140988 0 0.639995 0.9429528 0 0.3049 0.47587 0 0.02554 0.91915 0 0.00613 0.95598 0 0.01027 0.91479 0 0.14722 0.88621 0 0.18203 0.86631 0 0.16603 0.91545 0 0.14351 0.9045 0 0.13105 0.92206 0 0.13039 0.93098 0 0.20768 0.90178 0 0.05414 0.9307 0 0.05452999 0.95773 0 0.039 0.87596 0 0.03754499 0.837805 0 0.05449 0.86859 0 0.06944999 0.85449 0 0.05552 0.82591 0 0.02828 0.78674 0 0.05443999 0.79632 0 0.08499999 0.813765 0 0.06114999 0.77826 0 0.03166 0.77526 0 0.03954 0.76326 0 0.05068 0.74888 0 0.06984999 0.74848 0 0.08185999 0.77218 0 0.170345 0.79177 0 0.1375 0.830765 0 0.07851 0.723995 0 0.09184999 0.743555 0 0.06961 0.731635 0 0.11884 0.68425 0 0.15536 0.71142 0 0.20358 0.82637 0 0.208965 0.755905 0 0.24778 0.8034 0 0.2079 0.86205 0 0.17606 0.92988 0 0.10708 0.66559 0 0.25963 0.78034 0 0.0399 0.89945 0 0.01478 0.8896 0 0.01865 0.87132 0 0.05545999 0.8899 0 0.06915 0.90697 0 0.06332 0.91138 0 0.06112999 0.86753 0 0.06436999 0.88426 0 0.07707999 0.89518 0 0.082515 0.8444149 0 0.1167175 0.8562925 0 0.12973 0.88551 0 0.13749 0.89794 0 0.11871 0.90149 0 0.12531 0.91154 0 0.09540999 0.91627 0 0.09636999 0.9009 0 0.09388999 0.92553 0 0.09093999 0.94646 0 0.13548 0.94735 0 0.09164 0.95674 0 0.016895 0.836115 0 0.012935 0.78403 0 0.02169 0.76708 0 0.034 0.75787 0 0.04214 0.74196 0 0.04935 0.72848 0 0.06799499 0.738605 0 0.10579 0.76884 0 0.05156999 0.71858 0 0.061565 0.705995 0 0.08674499 0.71959 0 0.07167 0.69615 0 0.113915 0.721565 0 0.12321 0.74727 0 0.09597 0.700775 0 0.08231499 0.68481 0 0.05607999 0.97237 0 0.00546 0.99381 0 0.5826958 0.8934763 0 0.59856 0.88882 0 0.60354 0.91345 0 0.616285 0.892595 0 0.5743545 0.9065534 0 0.5827613 0.894131 0 0.5737199 0.9207472 0 0.574442 0.9068725 0 0.627835 0.91568 0 0.61324 0.93526 0 0.5968239 0.9435339 0 0.5813841 0.9359215 0 0.5736393 0.9213223 0 0.596726 0.9435393 0 0.5813807 0.9364202 0 0.69109 0.48002 0 0.65812 0.43049 0 0.68585 0.44129 0 0.7141998 0.425099 0 0.6906898 0.414697 0 0.70067 0.38131 0 0.7534645 0.4341022 0 0.7313588 0.3933735 0 0.7605835 0.4033842 0 0.7907877 0.4050568 0 0.8184397 0.4148896 0 0.8031994 0.4409454 0 0.7745982 0.4384098 0 0.8375213 0.4523516 0 0.797103 0.4693804 0 0.7698662 0.4782096 0 0.7899556 0.4721471 0 0.7716158 0.4982454 0 0.8807302 0.4558543 0 0.8728733 0.4033318 0 0.928835 0.4365125 0 0.832845 0.3288425 0 0.798875 0.31708 0 0.84569 0.25435 0 0.87992 0.28472 0 0.690628 0.2783567 0 0.7166263 0.2858843 0 0.6803836 0.2956237 0 0.94538 0.40728 0 0.899385 0.366955 0 0.9367775 0.3364025 0 0.93138 0.27164 0 0.93546 0.29175 0 0.90681 0.309 0 0.927415 0.24204 0 0.9718 0.26667 0 0.83366 0.1705075 0 0.89117 0.21093 0 0.79094 0.24009 0 0.98097 0.22972 0 0.79993 0.14396 0 0.889865 0.10173 0 0.8153 0.05636001 0 0.8529 0.02433002 0 0.94193 0.06178999 0 0.777625 0.08888501 0 0.88059 0.00545001 0 0.81738 0.03157002 0 0.770555 0.05375999 0 0.7339 0.03557003 0 0.75287 0.01901001 0 0.7437848 0.2316753 0 0.7108856 0.2397106 0 0.7656075 0.1492825 0 0.478545 0.437095 0 0.50212 0.41707 0 0.509585 0.449155 0 0.53017 0.42861 0 0.4749 0.40855 0 0.448055 0.431845 0 0.44751 0.40204 0 0.5389525 0.3802475 0 0.486235 0.36373 0 0.44616 0.35497 0 0.41153 0.3992 0 0.42181 0.347235 0 0.62845 0.05735999 0 0.610885 0.04536498 0 0.6425175 0.03459752 0 0.690628 0.2783567 0 0.6803836 0.2956237 0 0.6721794 0.2705511 0 0.6896313 0.2346349 0 0.7108856 0.2397106 0 0.6589795 0.2418966 0 0.6673882 0.2357361 0 0.6847906 0.1962155 0 0.6838088 0.1878443 0 0.6847906 0.1962155 0 0.6673882 0.2357361 0 0.6838088 0.1878443 0 0.6847906 0.1962155 0 0.70783 0.14069 0 0.72451 0.07924998 0 0.73706 0.10657 0 0.71056 0.05868 0 0.6706 0.10333 0 0.6691 0.40308 0 0.744057 0.4807671 0 0.7323782 0.4915329 0 0.64815 0.3932 0 0.7433742 0.4940677 0 0.7711483 0.4658117 0 0.68237 0.36961 0 0.71724 0.34227 0 0.7447417 0.3554966 0 0.69551 0.33043 0 0.77669 0.36883 0 0.8037317 0.3754525 0 0.8379723 0.3864542 0 0.8688051 0.34555 0 0.76621 0.304015 0 0.7425273 0.29228 0 0.7873135 0.4988632 0 0.8063416 0.4959924 0 0.94102 0.449805 0 0.88645 0.47695 0 0.66344 0.37255 0 0.76665 0.23163 0 0.979685 0.34085 0 0.97134 0.41355 0 0.96959 0.28172 0 0.93145 0.18311 0 0.98578 0.17246 0 0.7863 0.02534997 0 0.76278 0.007659972 0 0.536995 0.46635 0 0.5579 0.44392 0 0.579255 0.391385 0 0.45175 0.29821 0 0.46976 0.300775 0 0.50137 0.30749 0 0.5493525 0.319965 0 0.57639 0.329015 0 0.610735 0.29161 0 0.56849 0.2737025 0 0.50825 0.26187 0 0.4646 0.25482 0 0.43703 0.25506 0 0.63992 0.19816 0 0.582945 0.191655 0 0.597405 0.107965 0 0.64031 0.10876 0 0.540975 0.09316003 0 0.49654 0.17681 0 0.44329 0.16087 0 0.51043 0.06682503 0 0.60163 0.01936001 0 0.6431 0.06124997 0 0.6716392 0.1510929 0 0.6637347 0.2043308 0 0.41851 0.433375 0 0.6685249 0.1868905 0 0.6637347 0.2043308 0 0.67546 0.3455 0 0.67561 0.31904 0 0.6589795 0.2418966 0 0.59792 0.93798 0 0.61004 0.93697 0 0.60962 0.93545 0 0.60962 0.93545 0 0.32907 0.16133 0 0.31093 0.16133 0 0.31171 0.15356 0 0.314 0.1465 0 0.32066 0.13847 0 0.32066 0.18418 0 0.314 0.17615 0 0.31171 0.16909 0 0.29314 0.16133 0 0.29404 0.14846 0 0.29687 0.1361 0 0.30598 0.11951 0 0.30598 0.20314 0 0.29687 0.18656 0 0.29404 0.1742 0 0.27628 0.16404 0 0.27684 0.14827 0 0.27863 0.12989 0 0.2849 0.10624 0 0.28489 0.21642 0 0.27863 0.19276 0 0.27684 0.17982 0 0.26001 0.14732 0 0.26 0.16404 0 0.26001 0.12782 0 0.26001 0.10145 0 0.26 0.2212 0 0.26 0.19483 0 0.26 0.18077 0 0.24317 0.14827 0 0.24373 0.16404 0 0.24138 0.12989 0 0.23512 0.10623 0 0.23511 0.21642 0 0.24138 0.19276 0 0.24317 0.17982 0 0.22687 0.16133 0 0.22597 0.14846 0 0.22314 0.13609 0 0.21403 0.11951 0 0.21403 0.20314 0 0.22314 0.18656 0 0.22597 0.17419 0 0.20908 0.16132 0 0.2083 0.15356 0 0.20601 0.1465 0 0.19935 0.13847 0 0.19935 0.18418 0 0.20601 0.17615 0 0.2083 0.16909 0 0.19094 0.16132 0 0.45109 0.75497 0 0.461685 0.01726997 0 0.8420507 0.4908211 0 0.1340566 0.2765931 0 0.12915 0.29677 0 0.0944579 0.2476134 0 0.113906 0.2491354 0 0.06836213 0.2465013 0 0.04707838 0.2450144 0 0.02824 0.2905 0 0.02609468 0.2692295 0 0.1394095 0.2545806 0 0.0237542 0.246024 0 0.181245 0.278115 0 0.1747558 0.6232436 0 0.0894346 0.4165253 0 0.06712074 0.3901031 0 0.05263999 0.40317 0 0.9007538 0.9513858 0 0.8927085 0.9142553 0 0.8596693 0.9471099 0 0.9234253 0.950994 0 0.9212207 0.9111899 0 0.9430063 0.9118065 0 0.8555459 0.9075165 0 0.8475321 0.8279648 0 0.8024434 0.8979743 0 0.8886864 0.8452628 0 0.8026415 0.8121682 0 0.7625623 0.8070688 0 0.773674 0.902914 0 0.9074709 0.9592165 0 0.8708191 0.9634165 0 0.8465326 0.9601009 0 0.8201903 0.9419899 0 0.8237213 0.9555767 0 0.7951453 0.9486218 0 0.8027413 0.9611034 0 0.9527907 0.8501639 0 0.9314758 0.8485682 0 0.8798234 0.7294403 0 0.8256755 0.7153331 0 0.9064023 0.7362152 0 0.947455 0.7363987 0 0.9298196 0.7397284 0 0.7727075 0.7056978 0 0.8860236 0.6832038 0 0.8344018 0.6578672 0 0.7792211 0.6451895 0 0.9314791 0.6856021 0 0.9103402 0.6954017 0 0.8937107 0.6412215 0 0.8413279 0.6103162 0 0.7833765 0.5949509 0 0.6084504 0.3880086 0 0.6191822 0.3963729 0 0.6200997 0.3790945 0 0.6088134 0.3740206 0 0.6041766 0.3844144 0 0.6242079 0.4223846 0 0.6092605 0.4156123 0 0.6363034 0.4269466 0 0.6182212 0.4582154 0 0.6306482 0.4605066 0 0.5940081 0.453465 0 0.5793747 0.5220191 0 0.5939068 0.5192972 0 0.6066828 0.5202915 0 0.6165463 0.5240092 0 0.5478585 0.5436579 0 0.5787719 0.5399657 0 0.5491193 0.5223677 0 0.5201964 0.5191272 0 0.5155644 0.5417213 0 0.5924357 0.5440221 0 0.6036578 0.5516524 0 0.5775813 0.5578439 0 0.5779404 0.5743495 0 0.5445731 0.5698965 0 0.5435827 0.5850847 0 0.5111874 0.5697024 0 0.5081987 0.5852367 0 0.9348891 0.948223 0 0.9031 0.9689956 0 0.744057 0.480767 0 0.7602282 0.4829392 0 0.7433743 0.4940677 0 0.7323782 0.4915329 0 0.7607375 0.4702184 0 0.7847298 0.4728135 0 0.7874828 0.4622043 0 0.7978787 0.4784195 0 0.7794647 0.4985542 0 0.7999385 0.4962436 0 0.7450049 0.9787712 0 0.7446977 0.9686338 0 0.738914 0.9686313 0 0.7385712 0.9742309 0 0.7324328 0.9689164 0 0.8985575 0.5837355 0 0.8825294 0.6003447 0 0.8806322 0.5985082 0 0.8966967 0.5821267 0 0.9000525 0.5850006 0 0.8844403 0.6021177 0 0.9043788 0.5887854 0 0.8896395 0.6066538 0 0.8865633 0.6040069 0 0.9018142 0.5864149 0 0.906293 0.5905115 0 0.8921191 0.6086509 0 0.9077272 0.5918167 0 0.8936948 0.609892 0 0.8782 0.590535 0 0.7335445 0.5119046 0 0.7393962 0.5770245 0 0.7767639 0.5782585 0 0.8126646 0.5762801 0 0.7084016 0.5728999 0 0.7393962 0.5770245 0 0.7335445 0.5119046 0 0.6755353 0.5649756 0 0.7084016 0.5728999 0 0.641643 0.5528469 0 0.23352 0.6502 0 0.24834 0.58795 0 0.26177 0.61756 0 0.305145 0.954795 0 0.348805 0.974835 0 0.34555 0.94366 0 0.37705 0.96197 0 0.38417 0.93999 0 0.412485 0.96143 0 0.41679 0.93364 0 0.444045 0.9806 0 0.44818 0.9504 0 0.37859 0.90971 0 0.30889 0.89963 0 0.2816713 0.9390427 0 0.27563 0.91668 0 0.2760147 0.89409 0 0.455855 0.924495 0 0.2754893 0.8770013 0 0.140985 0.626635 0 0.13438 0.6087975 0 0.113075 0.62672 0 0.209525 0.266445 0 0.2199063 0.3231132 0 0.2587762 0.291063 0 0.2555975 0.253935 0 0.2857209 0.2937384 0 0.2857209 0.2937384 0 0.2587762 0.291063 0 0.2544325 0.32465 0 0.2199063 0.3231132 0 0.28878 0.33891 0 0.25632 0.384325 0 0.28874 0.6006 0 0.349375 0.6449875 0 0.34385 0.57543 0 0.17625 0.33583 0 0.16978 0.35439 0 0.16978 0.35439 0 0.1888435 0.3687098 0 0.108105 0.567795 0 0.113075 0.62672 0 0.13438 0.6087975 0 0.07671999 0.58491 0 0.10188 0.55322 0 0.1897575 0.41053 0 0.09639 0.41307 0 0.129045 0.4328275 0 0.130495 0.34221 0 0.09382499 0.368485 0 0.16634 0.63374 0 0.1747558 0.6232436 0 0.06660999 0.38361 0 0.49049 0.80383 0 0.48015 0.807285 0 0.49852 0.82034 0 0.06447 0.39481 0 0.06712074 0.3901031 0 0.05263999 0.40317 0 0.470805 0.86128 0 0.507 0.88514 0 0.53239 0.84844 0 0.33314 0.463945 0 0.348754 0.4615805 0 0.3446194 0.4289238 0 0.3118 0.43046 0 0.07467499 0.462385 0 0.0894346 0.4165253 0 0.34409 0.41552 0 0.3446194 0.4289238 0 0.36776 0.40887 0 0.140377 0.4935253 0 0.12936 0.50978 0 0.1726025 0.4761375 0 0.16346 0.55006 0 0.2105 0.532735 0 0.1726025 0.4761375 0 0.12936 0.50978 0 0.4534 0.80577 0 0.43922 0.8375225 0 0.43157 0.8101 0 0.32801 0.8196 0 0.31775 0.81601 0 0.323525 0.860145 0 0.2706 0.79661 0 0.29442 0.80792 0 0.3029 0.77228 0 0.2959 0.52465 0 0.33297 0.51123 0 0.30809 0.49432 0 0.132875 0.127475 0 0.1259453 0.1762546 0 0.1573729 0.1807109 0 0.16783 0.132125 0 0.44656 0.06607002 0 0.4424 0.04123002 0 0.42051 0.07407999 0 0.44938 0.07692999 0 0.42845 0.08837003 0 0.41478 0.04026002 0 0.40697 0.19321 0 0.3936 0.20522 0 0.41172 0.23151 0 0.36479 0.1991 0 0.37904 0.22781 0 0.34938 0.19135 0 0.34437 0.21932 0 0.35327 0.23784 0 0.3319 0.21072 0 0.3887 0.07932997 0 0.40397 0.10368 0 0.395175 0.09380001 0 0.33512 0.251215 0 0.34143 0.266495 0 0.36212 0.27195 0 0.38794 0.09205002 0 0.37693 0.06742001 0 0.40584 0.14373 0 0.3443502 0.1255376 0 0.34879 0.14026 0 0.40338 0.15416 0 0.3785 0.014045 0 0.3234 0.04022002 0 0.39405 0.26766 0 0.3466852 0.1187022 0 0.38389 0.13089 0 0.35852 0.1078 0 0.40544 0.13825 0 0.41246 0.12775 0 0.27706 0.04123998 0 0.28097 0.04026997 0 0.27704 0.03377002 0 0.256855 0.02419001 0 0.26109 0.03064001 0 0.26456 0.02332002 0 0.39424 0.60929 0 0.3970457 0.5406851 0 0.6191822 0.3963729 0 0.5966122 0.408244 0 0.6084504 0.3880086 0 0.9418125 0.5681725 0 0.91189 0.58938 0 0.907835 0.60477 0 0.93348 0.61361 0 0.8737 0.55954 0 0.88975 0.58064 0 0.90018 0.57452 0 0.9070875 0.5396975 0 0.91069 0.57136 0 0.93619 0.5353 0 0.957445 0.530875 0 0.93336 0.510735 0 0.958 0.50105 0 0.858115 0.57022 0 0.8611 0.54231 0 0.842715 0.553835 0 0.950235 0.492295 0 0.96787 0.507645 0 0.91963 0.49964 0 0.96547 0.4866967 0 0.95154 0.46991 0 0.94339 0.47821 0 0.98012 0.5034 0 0.984995 0.494225 0 0.98477 0.51806 0 0.97461 0.53785 0 0.93172 0.47808 0 0.20499 0.68814 0 0.27198 0.68483 0 0.249665 0.722785 0 0.3119 0.71134 0 0.29588 0.74203 0 0.28616 0.657385 0 0.6459782 0.9700906 0 0.6312199 0.9555442 0 0.6196316 0.9651574 0 0.6184157 0.9757758 0 0.5900187 0.9658171 0 0.588174 0.9717518 0 0.32174 0.68999 0 0.5614339 0.9583597 0 0.5587444 0.960727 0 0.33736 0.72309 0 0.34518 0.70326 0 0.5464672 0.9516461 0 0.5450276 0.9532548 0 0.6586781 0.9853055 0 0.6212019 0.9898095 0 0.5850837 0.9823977 0 0.5481105 0.9666657 0 0.3714275 0.86492 0 0.4304 0.89372 0 0.410785 0.85318 0 0.28121 0.841035 0 0.2697703 0.8466 0 0.25415 0.82978 0 0.258 0.81803 0 0.3655 0.49892 0 0.34823 0.46795 0 0.3372207 0.4682771 0 0.07467499 0.462385 0 0.0328575 0.4454375 0 0.09677 0.49729 0 0.3118 0.43046 0 0.366255 0.817935 0 0.40145 0.81527 0 0.29442 0.80792 0 0.2706 0.79661 0 0.46516 0.78552 0 0.45197 0.78861 0 0.24984 0.51248 0 0.21721 0.45369 0 0.28022 0.49012 0 0.25183 0.4408225 0 0.3049 0.47587 0 0.3372207 0.4682771 0 0.190195 0.59721 0 0.2072 0.55325 0 0.16346 0.55006 0 0.13438 0.6087975 0 0.11552 0.03248501 0 0.1060675 0.125185 0 0.14112 0.02961999 0 0.31775 0.81601 0 0.45197 0.78861 0 0.46516 0.78552 0 0.42915 0.76814 0 0.07886 0.02552998 0 0.070555 0.12221 0 0.04956 0.01265001 0 0.0417675 0.1186375 0 0.01647 0.01120001 0 0.013545 0.117215 0 0.1845 0.03157002 0 0.1103184 0.2708532 0 0.09229111 0.2694914 0 0.090305 0.289545 0 0.10703 0.29076 0 0.06950395 0.1719149 0 0.1017293 0.1741952 0 0.04948499 0.288575 0 0.06770999 0.2891 0 0.06802187 0.2687274 0 0.04833404 0.2677424 0 0.01589999 0.1681508 0 0.04286463 0.1687441 0 0.46482 0.06954998 0 0.46155 0.05383497 0 0.46077 0.03334999 0 0.44618 0.01393497 0 0.40314 0.17622 0 0.37969 0.17937 0 0.41144 0.009959996 0 0.31686 0.23882 0 0.32656 0.24222 0 0.26478 0.06762999 0 0.27481 0.07116002 0 0.23685 0.04857999 0 0.24385 0.05541003 0 0.25057 0.05980003 0 0.26711 0.03399003 0 0.25971 0.06480002 0 0.27274 0.03847003 0 0.3440732 0.1248503 0 0.3473211 0.1168325 0 0.41185 0.2648 0 0.39305 0.3296 0 0.41751 0.30539 0 0.36982 0.33592 0 0.4144337 0.1294145 0 0.33934 0.01242 0 0.3173453 0.03701091 0 0.27421 0.03382999 0 0.27076 0.03065002 0 0.27014 0.02770001 0 0.25903 0.01775002 0 0.4229 0.63507 0 0.393305 0.688975 0 0.45938 0.65011 0 0.434235 0.716515 0 0.6092605 0.4156123 0 0.7324328 0.9689164 0 0.7081286 0.9458989 0 0.738914 0.9686313 0 0.6914541 0.894602 0 0.6576973 0.9050753 0 0.6840457 0.9496265 0 0.6233763 0.7799315 0 0.6578516 0.7762649 0 0.7019079 0.7732334 0 0.7061697 0.5937296 0 0.6506894 0.5950341 0 0.6043534 0.5981058 0 0.5794388 0.7838119 0 0.5546047 0.6034945 0 0.90387 0.61623 0 0.92955 0.62641 0 0.95421 0.61843 0 0.96086 0.58132 0 0.95052 0.63481 0 0.88911 0.52686 0 0.93829 0.4634 0 0.993 0.50562 0 0.35786 0.17507 0 0.32801 0.8196 0 0.34584 0.7818 0 0.21119 0.53635 0 0.4776 0.59546 0 0.44912 0.60386 0 0.4677 0.612585 0 0.45304 0.49222 0 0.47802 0.49222 0 0.46542 0.48291 0 0.44296 0.51499 0 0.48697 0.51595 0 0.44283 0.56521 0 0.48047 0.5625 0 0.312748 0.06374258 0 0.31628 0.06489003 0 0.3158709 0.04015785 0 0.4033 0.16046 0 0.34592 0.15501 0 0.31352 0.07140988 0 0.3733025 0.08176678 0 0.3049 0.47587 0 0.02554 0.91915 0 0.14722 0.88621 0 0.14351 0.9045 0 0.16603 0.91545 0 0.18203 0.86631 0 0.13105 0.92206 0 0.13039 0.93098 0 0.20768 0.90178 0 0.05414 0.9307 0 0.05452999 0.95773 0 0.039 0.87596 0 0.05449 0.86859 0 0.03754499 0.837805 0 0.06944999 0.85449 0 0.05552 0.82591 0 0.02828 0.78674 0 0.05443999 0.79632 0 0.08499999 0.813765 0 0.06114999 0.77826 0 0.03954 0.76326 0 0.03166 0.77526 0 0.06984999 0.74848 0 0.05068 0.74888 0 0.08185999 0.77218 0 0.170345 0.79177 0 0.1375 0.830765 0 0.07851 0.723995 0 0.06961 0.731635 0 0.09184999 0.743555 0 0.11884 0.68425 0 0.15536 0.71142 0 0.20358 0.82637 0 0.208965 0.755905 0 0.24778 0.8034 0 0.2079 0.86205 0 0.17606 0.92988 0 0.25963 0.78034 0 0.0399 0.89945 0 0.06915 0.90697 0 0.05545999 0.8899 0 0.06332 0.91138 0 0.06112999 0.86753 0 0.06436999 0.88426 0 0.07707999 0.89518 0 0.082515 0.8444149 0 0.1167175 0.8562925 0 0.12973 0.88551 0 0.13749 0.89794 0 0.11871 0.90149 0 0.12531 0.91154 0 0.09540999 0.91627 0 0.09636999 0.9009 0 0.09388999 0.92553 0 0.09093999 0.94646 0 0.13548 0.94735 0 0.09164 0.95674 0 0.06799499 0.738605 0 0.10579 0.76884 0 0.08674499 0.71959 0 0.113915 0.721565 0 0.12321 0.74727 0 0.09597 0.700775 0 0.05607999 0.97237 0 0.5826958 0.8934763 0 0.60354 0.91345 0 0.59856 0.88882 0 0.616285 0.892595 0 0.5743545 0.9065534 0 0.5827613 0.894131 0 0.5737199 0.9207472 0 0.574442 0.9068725 0 0.627835 0.91568 0 0.61324 0.93526 0 0.5968239 0.9435339 0 0.5813841 0.9359215 0 0.5736393 0.9213223 0 0.596726 0.9435393 0 0.5813807 0.9364202 0 0.68585 0.44129 0 0.7141998 0.425099 0 0.70067 0.38131 0 0.6906898 0.414697 0 0.7534645 0.4341022 0 0.7605835 0.4033842 0 0.7313588 0.3933735 0 0.7907877 0.4050568 0 0.7745982 0.4384098 0 0.8031994 0.4409454 0 0.8184397 0.4148896 0 0.797103 0.4693804 0 0.8375213 0.4523516 0 0.7698662 0.4782096 0 0.7899556 0.4721471 0 0.8807302 0.4558543 0 0.928835 0.4365125 0 0.8728733 0.4033318 0 0.832845 0.3288425 0 0.84569 0.25435 0 0.798875 0.31708 0 0.87992 0.28472 0 0.690628 0.2783567 0 0.6803836 0.2956237 0 0.7166263 0.2858843 0 0.94538 0.40728 0 0.9367775 0.3364025 0 0.899385 0.366955 0 0.93138 0.27164 0 0.90681 0.309 0 0.93546 0.29175 0 0.927415 0.24204 0 0.89117 0.21093 0 0.83366 0.1705075 0 0.79094 0.24009 0 0.889865 0.10173 0 0.79993 0.14396 0 0.8153 0.05636001 0 0.8529 0.02433002 0 0.777625 0.08888501 0 0.81738 0.03157002 0 0.770555 0.05375999 0 0.7437848 0.2316753 0 0.7656075 0.1492825 0 0.7108856 0.2397106 0 0.478545 0.437095 0 0.509585 0.449155 0 0.50212 0.41707 0 0.53017 0.42861 0 0.4749 0.40855 0 0.448055 0.431845 0 0.44751 0.40204 0 0.5389525 0.3802475 0 0.486235 0.36373 0 0.44616 0.35497 0 0.62845 0.05735999 0 0.610885 0.04536498 0 0.690628 0.2783567 0 0.6721794 0.2705511 0 0.6803836 0.2956237 0 0.7108856 0.2397106 0 0.6896313 0.2346349 0 0.6673882 0.2357361 0 0.6589795 0.2418966 0 0.6847906 0.1962155 0 0.6838088 0.1878443 0 0.6673882 0.2357361 0 0.6847906 0.1962155 0 0.6838088 0.1878443 0 0.6847906 0.1962155 0 0.70783 0.14069 0 0.72451 0.07924998 0 0.73706 0.10657 0 0.6691 0.40308 0 0.744057 0.4807671 0 0.64815 0.3932 0 0.7711483 0.4658117 0 0.68237 0.36961 0 0.71724 0.34227 0 0.7447417 0.3554966 0 0.69551 0.33043 0 0.77669 0.36883 0 0.8037317 0.3754525 0 0.8379723 0.3864542 0 0.8688051 0.34555 0 0.76621 0.304015 0 0.7425273 0.29228 0 0.66344 0.37255 0 0.76665 0.23163 0 0.93145 0.18311 0 0.7863 0.02534997 0 0.46976 0.300775 0 0.50137 0.30749 0 0.5493525 0.319965 0 0.56849 0.2737025 0 0.50825 0.26187 0 0.4646 0.25482 0 0.582945 0.191655 0 0.597405 0.107965 0 0.540975 0.09316003 0 0.49654 0.17681 0 0.6716392 0.1510929 0 0.6637347 0.2043308 0 0.6685249 0.1868905 0 0.6637347 0.2043308 0 0.67546 0.3455 0 0.67561 0.31904 0 0.6589795 0.2418966 0 0.59792 0.93798 0 0.60962 0.93545 0 0.61004 0.93697 0 0.60962 0.93545 0 0.19094 0.16133 0 0.2083 0.15356 0 0.20908 0.16133 0 0.20601 0.1465 0 0.19935 0.13847 0 0.20601 0.17615 0 0.19935 0.18418 0 0.2083 0.16909 0 0.22597 0.14846 0 0.22687 0.16133 0 0.22314 0.1361 0 0.21403 0.11951 0 0.22314 0.18656 0 0.21403 0.20314 0 0.22597 0.1742 0 0.24317 0.14827 0 0.24373 0.16404 0 0.24138 0.12989 0 0.23511 0.10624 0 0.24138 0.19276 0 0.23512 0.21642 0 0.24317 0.17982 0 0.26 0.14732 0 0.26001 0.16404 0 0.26 0.12782 0 0.26 0.10145 0 0.26001 0.19483 0 0.26001 0.2212 0 0.26001 0.18077 0 0.27684 0.14827 0 0.27628 0.16404 0 0.27863 0.12989 0 0.28489 0.10623 0 0.2849 0.21642 0 0.27863 0.19276 0 0.27684 0.17982 0 0.29404 0.14846 0 0.29314 0.16133 0 0.29687 0.13609 0 0.30598 0.11951 0 0.30598 0.20314 0 0.29687 0.18656 0 0.29404 0.17419 0 0.31171 0.15356 0 0.31093 0.16132 0 0.314 0.1465 0 0.32066 0.13847 0 0.32066 0.18418 0 0.314 0.17615 0 0.31171 0.16909 0 0.32907 0.16132 0 0.45109 0.75497 0 0.461685 0.01726997 0 0.12915 0.29677 0 0.1340566 0.2765931 0 0.113906 0.2491354 0 0.0944579 0.2476134 0 0.06836213 0.2465013 0 0.04707838 0.2450144 0 0.02824 0.2905 0 0.02609468 0.2692295 0 0.1394095 0.2545806 0 0.0237542 0.246024 0 0.181245 0.278115 0 0.1747558 0.6232436 0 0.0894346 0.4165253 0 0.06712074 0.3901031 0 0.05263999 0.40317 0 0.9007538 0.9513858 0 0.8596693 0.9471099 0 0.8927085 0.9142553 0 0.9212207 0.9111899 0 0.9234253 0.950994 0 0.9430063 0.9118065 0 0.8555459 0.9075165 0 0.8024434 0.8979743 0 0.8475321 0.8279648 0 0.8886864 0.8452628 0 0.8026415 0.8121682 0 0.9074709 0.9592165 0 0.8708191 0.9634165 0 0.8465326 0.9601009 0 0.8237213 0.9555767 0 0.8201903 0.9419899 0 0.9314758 0.8485682 0 0.9527907 0.8501639 0 0.8256755 0.7153331 0 0.8798234 0.7294403 0 0.9064023 0.7362152 0 0.9298196 0.7397284 0 0.947455 0.7363987 0 0.8344018 0.6578672 0 0.8860236 0.6832038 0 0.9314791 0.6856021 0 0.9103402 0.6954017 0 0.8937107 0.6412215 0 0.8413279 0.6103162 0 0.6084504 0.3880086 0 0.6200997 0.3790945 0 0.6191822 0.3963729 0 0.6041766 0.3844144 0 0.6088134 0.3740206 0 0.6242079 0.4223846 0 0.6092605 0.4156123 0 0.6363034 0.4269466 0 0.6306482 0.4605066 0 0.6182212 0.4582154 0 0.5940081 0.453465 0 0.5939068 0.5192972 0 0.5793747 0.5220191 0 0.6165463 0.5240092 0 0.6066828 0.5202915 0 0.5478585 0.5436579 0 0.5491193 0.5223677 0 0.5787719 0.5399657 0 0.6036578 0.5516524 0 0.5924357 0.5440221 0 0.5779404 0.5743495 0 0.5775813 0.5578439 0 0.5445731 0.5698965 0 0.5435827 0.5850847 0 0.9348891 0.948223 0 0.9031 0.9689956 0 0.744057 0.480767 0 0.7602282 0.4829392 0 0.7607375 0.4702184 0 0.7847298 0.4728135 0 0.7874828 0.4622043 0 0.7978787 0.4784195 0 0.7385712 0.9742309 0 0.738914 0.9686313 0 0.7324328 0.9689164 0 0.8985575 0.5837355 0 0.8966967 0.5821267 0 0.8806322 0.5985082 0 0.8825294 0.6003447 0 0.9000525 0.5850006 0 0.8844403 0.6021177 0 0.9043788 0.5887854 0 0.9018142 0.5864149 0 0.8865633 0.6040069 0 0.8896395 0.6066538 0 0.906293 0.5905115 0 0.8921191 0.6086509 0 0.9077272 0.5918167 0 0.8936948 0.609892 0 0.8782 0.590535 0 0.7767639 0.5782585 0 0.7393962 0.5770245 0 0.7084016 0.5728999 0 0.7393962 0.5770245 0 0.7084016 0.5728999 0 0.6755353 0.5649756 0</float_array>
          <technique_common>
            <accessor source="#geom-jasmine_betrothal_lod1-map1-array" count="1452" stride="3">
              <param name="S" type="float"/>
              <param name="T" type="float"/>
              <param name="P" type="float"/>
            </accessor>
          </technique_common>
        </source>
        <vertices id="geom-jasmine_betrothal_lod1-vertices">
          <input semantic="POSITION" source="#geom-jasmine_betrothal_lod1-positions"/>
        </vertices>
        <triangles material="jasmine_bethrothal_mat" count="1918">
          <input semantic="VERTEX" source="#geom-jasmine_betrothal_lod1-vertices" offset="0"/>
          <input semantic="NORMAL" source="#geom-jasmine_betrothal_lod1-normals" offset="1"/>
          <input semantic="TEXCOORD" source="#geom-jasmine_betrothal_lod1-map1" offset="2" set="0"/>
          <p>0 0 0 1 1 1 2 2 2 1 1 1 0 0 0 3 3 3 4 4 4 2 2 2 1 1 1 5 5 5 6 6 6 7 7 7 8 8 8 7 7 7 9 9 9 9 9 9 7 7 7 6 6 6 10 10 10 8 8 8 9 9 9 9 9 9 11 11 11 10 10 10 10 10 10 12 12 12 13 13 13 12 12 12 10 10 10 11 11 11 14 14 14 15 15 15 5 5 5 6 6 6 16 16 16 9 9 9 6 6 6 5 5 5 17 17 17 16 16 16 6 6 6 17 17 17 15 15 15 18 18 18 5 5 5 19 19 19 18 18 18 15 15 15 18 18 18 17 17 17 5 5 5 20 20 20 17 17 17 18 18 18 21 21 21 17 17 17 20 20 20 12 12 12 11 11 11 22 22 22 23 23 23 17 17 17 21 21 21 24 24 24 25 25 25 26 26 26 27 27 27 28 28 28 29 29 29 29 29 29 30 30 30 27 27 27 31 31 31 32 32 32 33 33 33 28 28 28 32 32 32 29 29 29 34 34 34 35 35 35 36 36 36 37 37 37 36 36 36 35 35 35 32 32 32 28 28 28 33 33 33 38 38 38 35 35 35 34 34 34 39 39 39 40 40 40 38 38 38 41 41 41 35 35 35 38 38 38 41 41 41 38 38 38 40 40 40 42 42 42 43 43 43 44 44 44 45 45 45 30 30 30 46 46 46 47 47 47 37 37 37 48 48 48 49 49 49 50 50 50 51 51 51 52 52 52 53 53 53 49 49 49 54 54 54 55 55 55 56 56 56 56 56 56 48 48 48 54 54 54 56 56 56 57 57 57 58 58 58 58 58 58 48 48 48 56 56 56 26 26 26 59 59 59 24 24 24 59 59 59 26 26 26 60 60 60 57 57 57 56 56 56 61 61 61 62 62 62 63 63 63 64 64 64 65 65 65 66 66 66 67 67 67 63 63 63 68 68 68 64 64 64 69 69 69 22 22 22 68 68 68 69 69 69 68 68 68 70 70 70 63 63 63 70 70 70 68 68 68 71 71 71 72 72 72 73 73 73 73 73 73 74 74 74 71 71 71 75 75 75 76 76 76 55 55 55 77 77 77 78 78 78 79 79 79 80 80 80 81 81 81 82 82 82 83 83 83 84 84 84 85 85 85 85 85 85 86 86 86 83 83 83 87 87 87 64 64 64 88 88 88 89 89 89 87 87 87 88 88 88 90 90 90 91 91 91 92 92 92 93 93 93 94 94 94 95 95 95 96 96 96 97 97 97 98 98 98 99 99 99 100 100 100 101 101 101 101 101 101 102 102 102 99 99 99 103 103 103 104 104 104 105 105 105 106 106 106 107 107 107 103 103 103 104 104 104 103 103 103 107 107 107 108 108 108 105 105 105 104 104 104 109 109 109 110 110 110 111 111 111 112 112 112 111 111 111 113 113 113 112 112 112 114 114 114 115 115 115 114 114 114 112 112 112 116 116 116 113 113 113 116 116 116 112 112 112 117 117 117 115 115 115 114 114 114 104 104 104 118 118 118 108 108 108 107 107 107 119 119 119 104 104 104 120 120 120 104 104 104 119 119 119 118 118 118 104 104 104 120 120 120 116 116 116 121 121 121 122 122 122 121 121 121 116 116 116 123 123 123 113 113 113 123 123 123 116 116 116 118 118 118 120 120 120 124 124 124 125 125 125 108 108 108 118 118 118 126 126 126 127 127 127 128 128 128 128 128 128 129 129 129 126 126 126 125 125 125 130 130 130 131 131 131 113 113 113 111 111 111 110 110 110 123 123 123 113 113 113 132 132 132 133 133 133 134 134 134 135 135 135 135 135 135 134 134 134 136 136 136 136 136 136 137 137 137 135 135 135 138 138 138 139 139 139 140 140 140 141 141 141 142 142 142 143 143 143 144 144 144 44 44 44 43 43 43 43 43 43 145 145 145 144 144 144 146 146 146 147 147 147 148 148 148 149 149 149 150 150 150 151 151 151 151 151 151 152 152 152 149 149 149 153 153 153 154 154 154 155 155 155 155 155 155 156 156 156 153 153 153 157 157 157 158 158 158 149 149 149 149 149 149 152 152 152 157 157 157 157 157 157 155 155 155 154 154 154 154 154 154 158 158 158 157 157 157 159 159 159 149 149 149 158 158 158 154 154 154 160 160 160 158 158 158 159 159 159 158 158 158 161 161 161 158 158 158 160 160 160 161 161 161 162 162 162 163 163 163 153 153 153 163 163 163 162 162 162 164 164 164 161 161 161 160 160 160 165 165 165 166 166 166 159 159 159 161 161 161 167 167 167 165 165 165 160 160 160 165 165 165 168 168 168 161 161 161 169 169 169 168 168 168 170 170 170 161 161 161 168 168 168 166 166 166 171 171 171 168 168 168 172 172 172 166 166 166 168 168 168 171 171 171 166 166 166 171 171 171 173 173 173 174 174 174 166 166 166 173 173 173 166 166 166 174 174 174 159 159 159 170 170 170 167 167 167 175 175 175 2 2 2 176 176 176 177 177 177 177 177 177 0 0 0 2 2 2 178 178 178 179 179 179 176 176 176 176 176 176 2 2 2 178 178 178 180 180 180 181 181 181 179 179 179 179 179 179 178 178 178 180 180 180 2 2 2 4 4 4 182 182 182 182 182 182 178 178 178 2 2 2 183 183 183 184 184 184 185 185 185 185 185 185 186 186 186 183 183 183 184 184 184 187 187 187 188 188 188 188 188 188 185 185 185 184 184 184 178 178 178 182 182 182 189 189 189 189 189 189 180 180 180 178 178 178 187 187 187 190 190 190 191 191 191 191 191 191 188 188 188 187 187 187 181 181 181 180 180 180 192 192 192 180 180 180 189 189 189 193 193 193 193 193 193 192 192 192 180 180 180 190 190 190 194 194 194 195 195 195 195 195 195 191 191 191 190 190 190 194 194 194 196 196 196 197 197 197 197 197 197 195 195 195 194 194 194 198 198 198 199 199 199 200 200 200 200 200 200 183 183 183 198 198 198 183 183 183 200 200 200 201 201 201 201 201 201 184 184 184 183 183 183 202 202 202 14 14 14 5 5 5 5 5 5 7 7 7 202 202 202 203 203 203 204 204 204 190 190 190 190 190 190 187 187 187 203 203 203 194 194 194 190 190 190 204 204 204 13 13 13 12 12 12 205 205 205 205 205 205 206 206 206 13 13 13 11 11 11 9 9 9 16 16 16 91 91 91 207 207 207 16 16 16 16 16 16 17 17 17 91 91 91 16 16 16 208 208 208 11 11 11 208 208 208 16 16 16 207 207 207 207 207 207 209 209 209 208 208 208 210 210 210 17 17 17 23 23 23 23 23 23 211 211 211 210 210 210 210 210 210 91 91 91 17 17 17 38 38 38 34 34 34 212 212 212 212 212 212 39 39 39 38 38 38 213 213 213 214 214 214 43 43 43 43 43 43 42 42 42 213 213 213 41 41 41 48 48 48 35 35 35 54 54 54 48 48 48 41 41 41 215 215 215 216 216 216 210 210 210 210 210 210 211 211 211 215 215 215 217 217 217 98 98 98 218 218 218 218 218 218 219 219 219 217 217 217 88 88 88 64 64 64 68 68 68 12 12 12 22 22 22 220 220 220 220 220 220 205 205 205 12 12 12 22 22 22 208 208 208 68 68 68 68 68 68 208 208 208 209 209 209 209 209 209 88 88 88 68 68 68 69 69 69 221 221 221 220 220 220 220 220 220 22 22 22 69 69 69 221 221 221 69 69 69 70 70 70 70 70 70 222 222 222 221 221 221 223 223 223 224 224 224 225 225 225 225 225 225 226 226 226 223 223 223 227 227 227 75 75 75 228 228 228 228 228 228 229 229 229 227 227 227 79 79 79 230 230 230 77 77 77 91 91 91 90 90 90 231 231 231 231 231 231 207 207 207 91 91 91 207 207 207 231 231 231 232 232 232 232 232 232 209 209 209 207 207 207 88 88 88 209 209 209 232 232 232 232 232 232 89 89 89 88 88 88 233 233 233 210 210 210 216 216 216 216 216 216 234 234 234 233 233 233 235 235 235 64 64 64 87 87 87 87 87 87 236 236 236 235 235 235 237 237 237 86 86 86 85 85 85 85 85 85 238 238 238 237 237 237 92 92 92 91 91 91 210 210 210 210 210 210 233 233 233 92 92 92 238 238 238 239 239 239 240 240 240 240 240 240 237 237 237 238 238 238 241 241 241 71 71 71 242 242 242 243 243 243 244 244 244 245 245 245 245 245 245 246 246 246 243 243 243 247 247 247 248 248 248 99 99 99 99 99 99 249 249 249 247 247 247 250 250 250 95 95 95 94 94 94 251 251 251 252 252 252 253 253 253 247 247 247 249 249 249 254 254 254 254 254 254 255 255 255 247 247 247 255 255 255 254 254 254 256 256 256 256 256 256 257 257 257 255 255 255 258 258 258 257 257 257 256 256 256 256 256 256 259 259 259 258 258 258 260 260 260 100 100 100 99 99 99 99 99 99 248 248 248 260 260 260 261 261 261 262 262 262 263 263 263 263 263 263 264 264 264 261 261 261 265 265 265 254 254 254 249 249 249 249 249 249 266 266 266 265 265 265 267 267 267 268 268 268 269 269 269 269 269 269 270 270 270 267 267 267 271 271 271 259 259 259 256 256 256 256 256 256 272 272 272 271 271 271 273 273 273 106 106 106 103 103 103 103 103 103 274 274 274 273 273 273 274 274 274 105 105 105 275 275 275 105 105 105 276 276 276 275 275 275 277 277 277 109 109 109 111 111 111 111 111 111 278 278 278 277 277 277 111 111 111 112 112 112 278 278 278 108 108 108 279 279 279 276 276 276 276 276 276 105 105 105 108 108 108 117 117 117 114 114 114 280 280 280 280 280 280 281 281 281 117 117 117 280 280 280 114 114 114 116 116 116 116 116 116 122 122 122 280 280 280 282 282 282 138 138 138 140 140 140 140 140 140 283 283 283 282 282 282 284 284 284 141 141 141 143 143 143 143 143 143 285 285 285 284 284 284 285 285 285 143 143 143 286 286 286 286 286 286 287 287 287 285 285 285 286 286 286 288 288 288 289 289 289 289 289 289 287 287 287 286 286 286 108 108 108 131 131 131 279 279 279 290 290 290 291 291 291 135 135 135 135 135 135 137 137 137 126 126 126 290 290 290 135 135 135 126 126 126 113 113 113 110 110 110 292 292 292 292 292 292 132 132 132 113 113 113 132 132 132 292 292 292 293 293 293 293 293 293 294 294 294 132 132 132 132 132 132 294 294 294 295 295 295 295 295 295 123 123 123 132 132 132 136 136 136 296 296 296 126 126 126 126 126 126 137 137 137 136 136 136 130 130 130 297 297 297 298 298 298 138 138 138 282 282 282 289 289 289 289 289 289 288 288 288 138 138 138 299 299 299 288 288 288 286 286 286 286 286 286 300 300 300 299 299 299 139 139 139 138 138 138 288 288 288 288 288 288 299 299 299 139 139 139 286 286 286 143 143 143 301 301 301 301 301 301 300 300 300 286 286 286 300 300 300 301 301 301 139 139 139 139 139 139 299 299 299 300 300 300 141 141 141 302 302 302 142 142 142 214 214 214 303 303 303 145 145 145 145 145 145 43 43 43 214 214 214 304 304 304 305 305 305 44 44 44 44 44 44 144 144 144 304 304 304 306 306 306 305 305 305 304 304 304 306 306 306 307 307 307 308 308 308 308 308 308 309 309 309 306 306 306 146 146 146 148 148 148 310 310 310 311 311 311 312 312 312 313 313 313 313 313 313 314 314 314 315 315 315 311 311 311 313 313 313 315 315 315 313 313 313 316 316 316 317 317 317 317 317 317 314 314 314 313 313 313 318 318 318 319 319 319 314 314 314 314 314 314 317 317 317 318 318 318 320 320 320 318 318 318 321 321 321 321 321 321 318 318 318 317 317 317 317 317 317 322 322 322 321 321 321 316 316 316 323 323 323 322 322 322 322 322 322 317 317 317 316 316 316 324 324 324 325 325 325 322 322 322 322 322 322 323 323 323 324 324 324 325 325 325 326 326 326 321 321 321 321 321 321 322 322 322 325 325 325 326 326 326 327 327 327 320 320 320 320 320 320 321 321 321 326 326 326 328 328 328 320 320 320 327 327 327 327 327 327 329 329 329 328 328 328 330 330 330 328 328 328 329 329 329 329 329 329 331 331 331 330 330 330 151 151 151 150 150 150 332 332 332 332 332 332 333 333 333 151 151 151 334 334 334 150 150 150 149 149 149 149 149 149 335 335 335 334 334 334 334 334 334 336 336 336 332 332 332 332 332 332 150 150 150 334 334 334 154 154 154 153 153 153 163 163 163 163 163 163 337 337 337 154 154 154 174 174 174 335 335 335 149 149 149 149 149 149 159 159 159 174 174 174 154 154 154 337 337 337 167 167 167 167 167 167 160 160 160 154 154 154 338 338 338 169 169 169 170 170 170 170 170 170 175 175 175 338 338 338 171 171 171 172 172 172 339 339 339 339 339 339 173 173 173 171 171 171 170 170 170 168 168 168 165 165 165 194 194 194 204 204 204 340 340 340 340 340 340 196 196 196 194 194 194 97 97 97 218 218 218 98 98 98 341 341 341 278 278 278 112 112 112 112 112 112 115 115 115 341 341 341 250 250 250 342 342 342 343 343 343 246 246 246 245 245 245 344 344 344 184 184 184 201 201 201 203 203 203 203 203 203 187 187 187 184 184 184 345 345 345 346 346 346 347 347 347 348 348 348 349 349 349 350 350 350 348 348 348 350 350 350 351 351 351 351 351 351 352 352 352 348 348 348 352 352 352 351 351 351 353 353 353 353 353 353 354 354 354 352 352 352 354 354 354 353 353 353 345 345 345 345 345 345 347 347 347 354 354 354 355 355 355 356 356 356 130 130 130 130 130 130 357 357 357 355 355 355 358 358 358 359 359 359 128 128 128 128 128 128 127 127 127 358 358 358 357 357 357 125 125 125 360 360 360 360 360 360 361 361 361 357 357 357 362 362 362 198 198 198 183 183 183 183 183 183 186 186 186 362 362 362 97 97 97 363 363 363 218 218 218 364 364 364 365 365 365 366 366 366 367 367 367 368 368 368 369 369 369 369 369 369 370 370 370 367 367 367 371 371 371 369 369 369 372 372 372 368 368 368 373 373 373 369 369 369 374 374 374 375 375 375 364 364 364 376 376 376 377 377 377 378 378 378 378 378 378 377 377 377 379 379 379 379 379 379 377 377 377 380 380 380 381 381 381 382 382 382 377 377 377 380 380 380 377 377 377 382 382 382 382 382 382 383 383 383 380 380 380 384 384 384 385 385 385 386 386 386 384 384 384 382 382 382 381 381 381 386 386 386 387 387 387 388 388 388 388 388 388 384 384 384 386 386 386 384 384 384 388 388 388 389 389 389 390 390 390 368 368 368 391 391 391 392 392 392 393 393 393 394 394 394 395 395 395 177 177 177 176 176 176 176 176 176 396 396 396 395 395 395 368 368 368 390 390 390 397 397 397 398 398 398 399 399 399 390 390 390 397 397 397 400 400 400 368 368 368 397 397 397 390 390 390 399 399 399 368 368 368 400 400 400 373 373 373 373 373 373 401 401 401 369 369 369 364 364 364 375 375 375 365 365 365 177 177 177 395 395 395 402 402 402 403 403 403 399 399 399 398 398 398 398 398 398 179 179 179 403 403 403 404 404 404 364 364 364 366 366 366 366 366 366 405 405 405 404 404 404 376 376 376 404 404 404 405 405 405 405 405 405 406 406 406 376 376 376 404 404 404 407 407 407 408 408 408 374 374 374 364 364 364 404 404 404 404 404 404 409 409 409 374 374 374 407 407 407 404 404 404 376 376 376 376 376 376 378 378 378 407 407 407 379 379 379 410 410 410 378 378 378 411 411 411 407 407 407 378 378 378 378 378 378 410 410 410 411 411 411 412 412 412 408 408 408 407 407 407 407 407 407 411 411 411 412 412 412 380 380 380 383 383 383 413 413 413 413 413 413 379 379 379 380 380 380 383 383 383 391 391 391 414 414 414 414 414 414 413 413 413 383 383 383 414 414 414 367 367 367 415 415 415 391 391 391 368 368 368 367 367 367 367 367 367 414 414 414 391 391 391 367 367 367 416 416 416 415 415 415 417 417 417 416 416 416 370 370 370 370 370 370 418 418 418 417 417 417 370 370 370 369 369 369 371 371 371 371 371 371 418 418 418 370 370 370 419 419 419 408 408 408 412 412 412 412 412 412 420 420 420 419 419 419 409 409 409 408 408 408 419 419 419 419 419 419 421 421 421 409 409 409 417 417 417 418 418 418 419 419 419 419 419 419 420 420 420 417 417 417 419 419 419 418 418 418 371 371 371 371 371 371 421 421 421 419 419 419 421 421 421 422 422 422 374 374 374 374 374 374 409 409 409 421 421 421 372 372 372 422 422 422 421 421 421 421 421 421 371 371 371 372 372 372 369 369 369 401 401 401 423 423 423 423 423 423 372 372 372 369 369 369 424 424 424 422 422 422 372 372 372 372 372 372 423 423 423 424 424 424 422 422 422 424 424 424 375 375 375 375 375 375 374 374 374 422 422 422 406 406 406 425 425 425 377 377 377 377 377 377 376 376 376 406 406 406 425 425 425 426 426 426 381 381 381 381 381 381 377 377 377 425 425 425 381 381 381 426 426 426 427 427 427 427 427 427 385 385 385 381 381 381 381 381 381 385 385 385 384 384 384 428 428 428 386 386 386 385 385 385 385 385 385 427 427 427 428 428 428 429 429 429 387 387 387 386 386 386 386 386 386 428 428 428 429 429 429 389 389 389 383 383 383 382 382 382 382 382 382 384 384 384 389 389 389 429 429 429 430 430 430 387 387 387 431 431 431 388 388 388 387 387 387 391 391 391 432 432 432 390 390 390 392 392 392 394 394 394 433 433 433 433 433 433 434 434 434 392 392 392 393 393 393 388 388 388 431 431 431 393 393 393 432 432 432 389 389 389 389 389 389 388 388 388 393 393 393 393 393 393 392 392 392 435 435 435 436 436 436 435 435 435 392 392 392 392 392 392 434 434 434 436 436 436 437 437 437 396 396 396 438 438 438 395 395 395 437 437 437 439 439 439 440 440 440 402 402 402 395 395 395 395 395 395 439 439 439 440 440 440 438 438 438 390 390 390 432 432 432 438 438 438 396 396 396 398 398 398 398 398 398 390 390 390 438 438 438 365 365 365 375 375 375 441 441 441 441 441 441 442 442 442 365 365 365 424 424 424 441 441 441 375 375 375 179 179 179 181 181 181 403 403 403 393 393 393 438 438 438 432 432 432 443 443 443 444 444 444 445 445 445 444 444 444 446 446 446 445 445 445 447 447 447 448 448 448 445 445 445 449 449 449 450 450 450 445 445 445 446 446 446 451 451 451 445 445 445 451 451 451 452 452 452 445 445 445 452 452 452 453 453 453 445 445 445 454 454 454 455 455 455 445 445 445 456 456 456 457 457 457 445 445 445 458 458 458 459 459 459 460 460 460 461 461 461 462 462 462 463 463 463 464 464 464 461 461 461 465 465 465 465 465 465 466 466 466 464 464 464 467 467 467 468 468 468 469 469 469 469 469 469 470 470 470 467 467 467 463 463 463 465 465 465 461 461 461 469 469 469 471 471 471 472 472 472 473 473 473 474 474 474 475 475 475 476 476 476 477 477 477 478 478 478 479 479 479 480 480 480 481 481 481 481 481 481 482 482 482 479 479 479 483 483 483 484 484 484 485 485 485 486 486 486 487 487 487 488 488 488 489 489 489 490 490 490 491 491 491 491 491 491 482 482 482 489 489 489 492 492 492 489 489 489 482 482 482 489 489 489 492 492 492 493 493 493 481 481 481 494 494 494 495 495 495 481 481 481 496 496 496 494 494 494 497 497 497 493 493 493 492 492 492 494 494 494 498 498 498 499 499 499 498 498 498 500 500 500 499 499 499 499 499 499 501 501 501 502 502 502 501 501 501 499 499 499 500 500 500 503 503 503 500 500 500 498 498 498 504 504 504 502 502 502 501 501 501 500 500 500 505 505 505 501 501 501 506 506 506 500 500 500 503 503 503 507 507 507 508 508 508 506 506 506 509 509 509 510 510 510 511 511 511 512 512 512 513 513 513 514 514 514 515 515 515 514 514 514 513 513 513 516 516 516 512 512 512 517 517 517 512 512 512 516 516 516 513 513 513 517 517 517 518 518 518 516 516 516 515 515 515 513 513 513 519 519 519 513 513 513 516 516 516 520 520 520 520 520 520 519 519 519 513 513 513 516 516 516 518 518 518 520 520 520 521 521 521 518 518 518 522 522 522 521 521 521 520 520 520 518 518 518 523 523 523 521 521 521 522 522 522 524 524 524 525 525 525 526 526 526 527 527 527 528 528 528 529 529 529 527 527 527 530 530 530 531 531 531 529 529 529 532 532 532 533 533 533 533 533 533 527 527 527 529 529 529 534 534 534 531 531 531 530 530 530 534 534 534 530 530 530 533 533 533 535 535 535 536 536 536 537 537 537 538 538 538 510 510 510 539 539 539 510 510 510 538 538 538 540 540 540 510 510 510 540 540 540 511 511 511 541 541 541 542 542 542 540 540 540 543 543 543 541 541 541 544 544 544 540 540 540 544 544 544 541 541 541 460 460 460 459 459 459 545 545 545 545 545 545 462 462 462 460 460 460 458 458 458 546 546 546 547 547 547 459 459 459 548 548 548 545 545 545 546 546 546 458 458 458 460 460 460 546 546 546 473 473 473 549 549 549 549 549 549 547 547 547 546 546 546 473 473 473 546 546 546 550 550 550 545 545 545 551 551 551 463 463 463 463 463 463 462 462 462 545 545 545 464 464 464 466 466 466 467 467 467 467 467 467 470 470 470 464 464 464 472 472 472 474 474 474 473 473 473 473 473 473 550 550 550 472 472 472 552 552 552 553 553 553 465 465 465 465 465 465 463 463 463 552 552 552 551 551 551 554 554 554 552 552 552 552 552 552 463 463 463 551 551 551 466 466 466 465 465 465 553 553 553 553 553 553 555 555 555 466 466 466 555 555 555 556 556 556 467 467 467 467 467 467 466 466 466 555 555 555 556 556 556 557 557 557 468 468 468 468 468 468 467 467 467 556 556 556 471 471 471 469 469 469 468 468 468 477 477 477 471 471 471 468 468 468 468 468 468 557 557 557 477 477 477 557 557 557 556 556 556 479 479 479 479 479 479 558 558 558 557 557 557 477 477 477 557 557 557 558 558 558 558 558 558 487 487 487 477 477 477 480 480 480 479 479 479 556 556 556 556 556 556 555 555 555 480 480 480 559 559 559 480 480 480 555 555 555 555 555 555 553 553 553 559 559 559 553 553 553 552 552 552 560 560 560 560 560 560 559 559 559 553 553 553 561 561 561 474 474 474 472 472 472 472 472 472 562 562 562 561 561 561 471 471 471 477 477 477 476 476 476 476 476 476 478 478 478 563 563 563 563 563 563 564 564 564 476 476 476 551 551 551 545 545 545 565 565 565 552 552 552 554 554 554 484 484 484 484 484 484 560 560 560 552 552 552 560 560 560 566 566 566 496 496 496 496 496 496 559 559 559 560 560 560 560 560 560 484 484 484 509 509 509 509 509 509 566 566 566 560 560 560 482 482 482 491 491 491 558 558 558 558 558 558 479 479 479 482 482 482 486 486 486 488 488 488 567 567 567 567 567 567 568 568 568 486 486 486 488 488 488 487 487 487 558 558 558 558 558 558 491 491 491 488 488 488 567 567 567 488 488 488 490 490 490 490 490 490 569 569 569 567 567 567 491 491 491 490 490 490 488 488 488 489 489 489 493 493 493 569 569 569 569 569 569 490 490 490 489 489 489 492 492 492 482 482 482 481 481 481 481 481 481 495 495 495 492 492 492 495 495 495 570 570 570 492 492 492 570 570 570 495 495 495 494 494 494 494 494 494 499 499 499 570 570 570 570 570 570 499 499 499 502 502 502 502 502 502 571 571 571 570 570 570 494 494 494 496 496 496 566 566 566 566 566 566 498 498 498 494 494 494 509 509 509 511 511 511 498 498 498 498 498 498 566 566 566 509 509 509 503 503 503 498 498 498 511 511 511 506 506 506 572 572 572 505 505 505 505 505 505 500 500 500 506 506 506 508 508 508 573 573 573 506 506 506 541 541 541 543 543 543 507 507 507 507 507 507 506 506 506 541 541 541 503 503 503 542 542 542 541 541 541 541 541 541 506 506 506 503 503 503 574 574 574 514 514 514 515 515 515 515 515 515 575 575 575 574 574 574 575 575 575 515 515 515 519 519 519 519 519 519 576 576 576 575 575 575 577 577 577 578 578 578 521 521 521 521 521 521 523 523 523 577 577 577 578 578 578 579 579 579 520 520 520 520 520 520 521 521 521 578 578 578 520 520 520 579 579 579 580 580 580 580 580 580 519 519 519 520 520 520 519 519 519 580 580 580 581 581 581 581 581 581 576 576 576 519 519 519 582 582 582 581 581 581 580 580 580 580 580 580 583 583 583 582 582 582 580 580 580 579 579 579 584 584 584 584 584 584 583 583 583 580 580 580 584 584 584 579 579 579 578 578 578 578 578 578 585 585 585 584 584 584 585 585 585 578 578 578 577 577 577 577 577 577 586 586 586 585 585 585 587 587 587 582 582 582 583 583 583 583 583 583 588 588 588 587 587 587 589 589 589 590 590 590 587 587 587 587 587 587 588 588 588 589 589 589 588 588 588 583 583 583 584 584 584 591 591 591 588 588 588 592 592 592 592 592 592 588 588 588 584 584 584 592 592 592 584 584 584 585 585 585 585 585 585 593 593 593 592 592 592 594 594 594 591 591 591 592 592 592 592 592 592 593 593 593 594 594 594 525 525 525 591 591 591 594 594 594 594 594 594 595 595 595 525 525 525 524 524 524 596 596 596 590 590 590 590 590 590 589 589 589 524 524 524 589 589 589 525 525 525 524 524 524 544 544 544 540 540 540 597 597 597 598 598 598 535 535 535 537 537 537 487 487 487 486 486 486 477 477 477 480 480 480 559 559 559 496 496 496 496 496 496 481 481 481 480 480 480 563 563 563 478 478 478 486 486 486 486 486 486 568 568 568 563 563 563 571 571 571 497 497 497 492 492 492 492 492 492 570 570 570 571 571 571 517 517 517 599 599 599 522 522 522 522 522 522 518 518 518 517 517 517 589 589 589 591 591 591 525 525 525 596 596 596 524 524 524 526 526 526 595 595 595 526 526 526 525 525 525 542 542 542 503 503 503 511 511 511 511 511 511 540 540 540 542 542 542 600 600 600 597 597 597 538 538 538 538 538 538 601 601 601 600 600 600 545 545 545 548 548 548 565 565 565 554 554 554 551 551 551 602 602 602 551 551 551 565 565 565 602 602 602 603 603 603 554 554 554 602 602 602 598 598 598 537 537 537 604 604 604 540 540 540 538 538 538 597 597 597 469 469 469 472 472 472 550 550 550 550 550 550 470 470 470 469 469 469 389 389 389 432 432 432 383 383 383 391 391 391 383 383 383 432 432 432 430 430 430 431 431 431 387 387 387 605 605 605 606 606 606 607 607 607 606 606 606 608 608 608 607 607 607 367 367 367 370 370 370 416 416 416 609 609 609 610 610 610 611 611 611 609 609 609 611 611 611 612 612 612 609 609 609 612 612 612 613 613 613 609 609 609 614 614 614 615 615 615 609 609 609 615 615 615 616 616 616 609 609 609 616 616 616 610 610 610 611 611 611 610 610 610 617 617 617 617 617 617 618 618 618 611 611 611 612 612 612 611 611 611 618 618 618 618 618 618 619 619 619 612 612 612 619 619 619 620 620 620 613 613 613 613 613 613 612 612 612 619 619 619 615 615 615 614 614 614 621 621 621 621 621 621 622 622 622 615 615 615 623 623 623 616 616 616 615 615 615 615 615 615 622 622 622 623 623 623 610 610 610 616 616 616 623 623 623 623 623 623 617 617 617 610 610 610 618 618 618 617 617 617 624 624 624 624 624 624 625 625 625 618 618 618 626 626 626 619 619 619 618 618 618 618 618 618 625 625 625 626 626 626 626 626 626 627 627 627 620 620 620 620 620 620 619 619 619 626 626 626 622 622 622 621 621 621 628 628 628 628 628 628 629 629 629 622 622 622 623 623 623 622 622 622 629 629 629 629 629 629 630 630 630 623 623 623 617 617 617 623 623 623 630 630 630 630 630 630 624 624 624 617 617 617 631 631 631 625 625 625 624 624 624 624 624 624 632 632 632 631 631 631 633 633 633 626 626 626 625 625 625 625 625 625 631 631 631 633 633 633 627 627 627 626 626 626 633 633 633 633 633 633 634 634 634 627 627 627 629 629 629 628 628 628 635 635 635 635 635 635 636 636 636 629 629 629 630 630 630 629 629 629 636 636 636 636 636 636 637 637 637 630 630 630 624 624 624 630 630 630 637 637 637 637 637 637 632 632 632 624 624 624 638 638 638 631 631 631 632 632 632 632 632 632 639 639 639 638 638 638 640 640 640 633 633 633 631 631 631 631 631 631 638 638 638 640 640 640 634 634 634 633 633 633 640 640 640 640 640 640 641 641 641 634 634 634 642 642 642 643 643 643 636 636 636 636 636 636 635 635 635 642 642 642 637 637 637 636 636 636 643 643 643 643 643 643 644 644 644 637 637 637 632 632 632 637 637 637 644 644 644 644 644 644 639 639 639 632 632 632 638 638 638 639 639 639 645 645 645 645 645 645 646 646 646 638 638 638 640 640 640 638 638 638 646 646 646 646 646 646 647 647 647 640 640 640 648 648 648 641 641 641 640 640 640 640 640 640 647 647 647 648 648 648 649 649 649 650 650 650 643 643 643 643 643 643 642 642 642 649 649 649 644 644 644 643 643 643 650 650 650 650 650 650 651 651 651 644 644 644 639 639 639 644 644 644 651 651 651 651 651 651 645 645 645 639 639 639 646 646 646 645 645 645 652 652 652 652 652 652 653 653 653 646 646 646 654 654 654 647 647 647 646 646 646 646 646 646 653 653 653 654 654 654 655 655 655 648 648 648 647 647 647 647 647 647 654 654 654 655 655 655 656 656 656 657 657 657 650 650 650 650 650 650 649 649 649 656 656 656 651 651 651 650 650 650 657 657 657 657 657 657 658 658 658 651 651 651 645 645 645 651 651 651 658 658 658 658 658 658 652 652 652 645 645 645 659 659 659 653 653 653 652 652 652 659 659 659 654 654 654 653 653 653 659 659 659 655 655 655 654 654 654 659 659 659 657 657 657 656 656 656 659 659 659 658 658 658 657 657 657 659 659 659 652 652 652 658 658 658 395 395 395 396 396 396 437 437 437 439 439 439 435 435 435 436 436 436 436 436 436 440 440 440 439 439 439 439 439 439 437 437 437 435 435 435 437 437 437 438 438 438 393 393 393 393 393 393 435 435 435 437 437 437 591 591 591 589 589 589 588 588 588 608 608 608 606 606 606 605 605 605 75 75 75 55 55 55 228 228 228 486 486 486 478 478 478 477 477 477 250 250 250 94 94 94 342 342 342 252 252 252 660 660 660 253 253 253 306 306 306 309 309 309 305 305 305 208 208 208 22 22 22 11 11 11 276 276 276 661 661 661 275 275 275 103 103 103 105 105 105 274 274 274 585 585 585 586 586 586 593 593 593 474 474 474 561 561 561 475 475 475 475 475 475 549 549 549 473 473 473 573 573 573 572 572 572 506 506 506 404 404 404 408 408 408 409 409 409 564 564 564 662 662 662 471 471 471 471 471 471 476 476 476 564 564 564 662 662 662 562 562 562 472 472 472 472 472 472 471 471 471 662 662 662 546 546 546 462 462 462 461 461 461 546 546 546 464 464 464 550 550 550 546 546 546 461 461 461 464 464 464 262 262 262 261 261 261 663 663 663 663 663 663 664 664 664 262 262 262 261 261 261 264 264 264 665 665 665 665 665 665 666 666 666 261 261 261 269 269 269 264 264 264 263 263 263 263 263 263 270 270 270 269 269 269 667 667 667 269 269 269 268 268 268 268 268 268 668 668 668 667 667 667 669 669 669 670 670 670 268 268 268 268 268 268 267 267 267 669 669 669 261 261 261 666 666 666 671 671 671 671 671 671 663 663 663 261 261 261 667 667 667 665 665 665 264 264 264 264 264 264 269 269 269 667 667 667 670 670 670 672 672 672 668 668 668 668 668 668 268 268 268 670 670 670 102 102 102 666 666 666 665 665 665 665 665 665 266 266 266 102 102 102 667 667 667 668 668 668 272 272 272 272 272 272 265 265 265 667 667 667 45 45 45 673 673 673 27 27 27 27 27 27 30 30 30 45 45 45 35 35 35 48 48 48 37 37 37 674 674 674 244 244 244 243 243 243 675 675 675 225 225 225 224 224 224 224 224 224 66 66 66 675 675 675 676 676 676 677 677 677 61 61 61 102 102 102 101 101 101 671 671 671 671 671 671 666 666 666 102 102 102 265 265 265 266 266 266 665 665 665 665 665 665 667 667 667 265 265 265 672 672 672 271 271 271 272 272 272 272 272 272 668 668 668 672 672 672 99 99 99 102 102 102 266 266 266 266 266 266 249 249 249 99 99 99 254 254 254 265 265 265 272 272 272 272 272 272 256 256 256 254 254 254 678 678 678 679 679 679 680 680 680 678 678 678 681 681 681 682 682 682 683 683 683 682 682 682 681 681 681 684 684 684 680 680 680 679 679 679 684 684 684 685 685 685 686 686 686 685 685 685 684 684 684 687 687 687 688 688 688 689 689 689 690 690 690 690 690 690 686 686 686 688 688 688 691 691 691 681 681 681 678 678 678 680 680 680 692 692 692 678 678 678 678 678 678 682 682 682 679 679 679 680 680 680 693 693 693 692 692 692 680 680 680 694 694 694 695 695 695 695 695 695 693 693 693 680 680 680 694 694 694 680 680 680 684 684 684 684 684 684 686 686 686 694 694 694 694 694 694 696 696 696 697 697 697 697 697 697 695 695 695 694 694 694 696 696 696 694 694 694 686 686 686 686 686 686 690 690 690 696 696 696 683 683 683 698 698 698 699 699 699 699 699 699 682 682 682 683 683 683 687 687 687 679 679 679 699 699 699 687 687 687 684 684 684 679 679 679 688 688 688 685 685 685 700 700 700 700 700 700 701 701 701 688 688 688 685 685 685 687 687 687 700 700 700 700 700 700 687 687 687 702 702 702 699 699 699 698 698 698 703 703 703 703 703 703 704 704 704 699 699 699 689 689 689 688 688 688 701 701 701 701 701 701 705 705 705 689 689 689 700 700 700 706 706 706 707 707 707 707 707 707 701 701 701 700 700 700 707 707 707 708 708 708 705 705 705 705 705 705 701 701 701 707 707 707 709 709 709 710 710 710 704 704 704 704 704 704 703 703 703 709 709 709 711 711 711 706 706 706 710 710 710 710 710 710 709 709 709 711 711 711 707 707 707 706 706 706 711 711 711 711 711 711 712 712 712 707 707 707 708 708 708 707 707 707 712 712 712 712 712 712 713 713 713 708 708 708 702 702 702 687 687 687 699 699 699 699 699 699 704 704 704 702 702 702 704 704 704 710 710 710 702 702 702 702 702 702 710 710 710 706 706 706 702 702 702 706 706 706 700 700 700 714 714 714 715 715 715 716 716 716 714 714 714 716 716 716 717 717 717 717 717 717 718 718 718 714 714 714 719 719 719 715 715 715 720 720 720 721 721 721 719 719 719 722 722 722 722 722 722 723 723 723 721 721 721 724 724 724 722 722 722 719 719 719 719 719 719 720 720 720 724 724 724 724 724 724 725 725 725 726 726 726 722 722 722 727 727 727 728 728 728 728 728 728 723 723 723 722 722 722 729 729 729 730 730 730 725 725 725 725 725 725 731 731 731 729 729 729 732 732 732 733 733 733 729 729 729 729 729 729 731 731 731 732 732 732 727 727 727 734 734 734 735 735 735 735 735 735 728 728 728 727 727 727 734 734 734 736 736 736 737 737 737 737 737 737 735 735 735 734 734 734 738 738 738 739 739 739 737 737 737 737 737 737 736 736 736 738 738 738 740 740 740 741 741 741 739 739 739 739 739 739 738 738 738 740 740 740 722 722 722 724 724 724 726 726 726 726 726 726 727 727 727 722 722 722 734 734 734 727 727 727 726 726 726 738 738 738 729 729 729 733 733 733 733 733 733 740 740 740 738 738 738 736 736 736 730 730 730 729 729 729 729 729 729 738 738 738 736 736 736 734 734 734 730 730 730 736 736 736 734 734 734 726 726 726 730 730 730 730 730 730 726 726 726 725 725 725 683 683 683 681 681 681 742 742 742 691 691 691 678 678 678 743 743 743 744 744 744 745 745 745 746 746 746 746 746 746 747 747 747 744 744 744 745 745 745 744 744 744 748 748 748 749 749 749 745 745 745 748 748 748 748 748 748 750 750 750 749 749 749 751 751 751 749 749 749 750 750 750 752 752 752 749 749 749 751 751 751 751 751 751 753 753 753 752 752 752 752 752 752 746 746 746 745 745 745 745 745 745 749 749 749 752 752 752 754 754 754 755 755 755 756 756 756 756 756 756 757 757 757 754 754 754 756 756 756 758 758 758 757 757 757 759 759 759 760 760 760 761 761 761 761 761 761 762 762 762 759 759 759 763 763 763 764 764 764 760 760 760 760 760 760 759 759 759 763 763 763 765 765 765 766 766 766 767 767 767 767 767 767 768 768 768 765 765 765 769 769 769 770 770 770 766 766 766 766 766 766 765 765 765 769 769 769 763 763 763 768 768 768 767 767 767 767 767 767 764 764 764 763 763 763 771 771 771 772 772 772 770 770 770 770 770 770 769 769 769 771 771 771 773 773 773 162 162 162 153 153 153 153 153 153 156 156 156 773 773 773 774 774 774 775 775 775 776 776 776 776 776 776 777 777 777 774 774 774 778 778 778 779 779 779 780 780 780 774 774 774 781 781 781 782 782 782 774 774 774 783 783 783 781 781 781 484 484 484 510 510 510 509 509 509 484 484 484 483 483 483 510 510 510 527 527 527 533 533 533 530 530 530 485 485 485 484 484 484 554 554 554 485 485 485 554 554 554 603 603 603 546 546 546 460 460 460 462 462 462 464 464 464 470 470 470 550 550 550 179 179 179 398 398 398 396 396 396 396 396 396 176 176 176 179 179 179 49 49 49 84 84 84 83 83 83 83 83 83 50 50 50 49 49 49 49 49 49 53 53 53 84 84 84 241 241 241 240 240 240 239 239 239 239 239 239 72 72 72 241 241 241 241 241 241 72 72 72 71 71 71 167 167 167 170 170 170 165 165 165 692 692 692 743 743 743 678 678 678 685 685 685 688 688 688 686 686 686 679 679 679 682 682 682 699 699 699 125 125 125 357 357 357 130 130 130 130 130 130 298 298 298 131 131 131 108 108 108 125 125 125 131 131 131 0 0 0 784 784 784 785 785 785 785 785 785 3 3 3 0 0 0 786 786 786 785 785 785 784 784 784 787 787 787 788 788 788 789 789 789 790 790 790 791 791 791 788 788 788 791 791 791 789 789 789 788 788 788 792 792 792 791 791 791 790 790 790 791 791 791 792 792 792 793 793 793 792 792 792 794 794 794 795 795 795 795 795 795 793 793 793 792 792 792 14 14 14 787 787 787 15 15 15 789 789 789 791 791 791 796 796 796 789 789 789 797 797 797 787 787 787 796 796 796 797 797 797 789 789 789 15 15 15 787 787 787 798 798 798 19 19 19 15 15 15 798 798 798 798 798 798 787 787 787 797 797 797 799 799 799 798 798 798 797 797 797 800 800 800 799 799 799 797 797 797 795 795 795 801 801 801 793 793 793 802 802 802 800 800 800 797 797 797 803 803 803 804 804 804 805 805 805 806 806 806 807 807 807 808 808 808 808 808 808 809 809 809 806 806 806 31 31 31 33 33 33 810 810 810 809 809 809 808 808 808 810 810 810 811 811 811 812 812 812 813 813 813 814 814 814 813 813 813 812 812 812 810 810 810 33 33 33 809 809 809 815 815 815 811 811 811 813 813 813 39 39 39 815 815 815 40 40 40 816 816 816 815 815 815 813 813 813 816 816 816 40 40 40 815 815 815 817 817 817 818 818 818 819 819 819 820 820 820 821 821 821 807 807 807 822 822 822 823 823 823 814 814 814 824 824 824 825 825 825 826 826 826 827 827 827 824 824 824 828 828 828 829 829 829 823 823 823 830 830 830 830 830 830 831 831 831 829 829 829 830 830 830 823 823 823 832 832 832 832 832 832 833 833 833 830 830 830 804 804 804 803 803 803 834 834 834 834 834 834 835 835 835 804 804 804 833 833 833 836 836 836 830 830 830 837 837 837 838 838 838 839 839 839 840 840 840 841 841 841 842 842 842 839 839 839 838 838 838 843 843 843 844 844 844 843 843 843 801 801 801 844 844 844 845 845 845 843 843 843 839 839 839 843 843 843 845 845 845 846 846 846 847 847 847 848 848 848 848 848 848 849 849 849 846 846 846 850 850 850 831 831 831 851 851 851 852 852 852 853 853 853 854 854 854 855 855 855 856 856 856 857 857 857 858 858 858 859 859 859 860 860 860 860 860 860 861 861 861 858 858 858 862 862 862 863 863 863 838 838 838 864 864 864 863 863 863 862 862 862 865 865 865 866 866 866 867 867 867 868 868 868 869 869 869 870 870 870 871 871 871 872 872 872 873 873 873 874 874 874 875 875 875 876 876 876 876 876 876 877 877 877 874 874 874 878 878 878 879 879 879 880 880 880 881 881 881 878 878 878 882 882 882 880 880 880 882 882 882 878 878 878 883 883 883 880 880 880 879 879 879 884 884 884 885 885 885 886 886 886 887 887 887 888 888 888 885 885 885 887 887 887 889 889 889 890 890 890 890 890 890 891 891 891 887 887 887 888 888 888 887 887 887 891 891 891 892 892 892 890 890 890 889 889 889 880 880 880 883 883 883 893 893 893 882 882 882 880 880 880 894 894 894 895 895 895 894 894 894 880 880 880 893 893 893 895 895 895 880 880 880 891 891 891 896 896 896 897 897 897 897 897 897 898 898 898 891 891 891 888 888 888 891 891 891 898 898 898 893 893 893 899 899 899 895 895 895 900 900 900 893 893 893 883 883 883 901 901 901 902 902 902 903 903 903 903 903 903 904 904 904 901 901 901 900 900 900 905 905 905 906 906 906 888 888 888 886 886 886 885 885 885 898 898 898 907 907 907 888 888 888 908 908 908 909 909 909 910 910 910 909 909 909 911 911 911 912 912 912 912 912 912 910 910 910 909 909 909 913 913 913 914 914 914 915 915 915 916 916 916 917 917 917 918 918 918 919 919 919 920 920 920 819 819 819 819 819 819 818 818 818 919 919 919 921 921 921 922 922 922 923 923 923 924 924 924 925 925 925 926 926 926 926 926 926 927 927 927 924 924 924 928 928 928 929 929 929 930 930 930 930 930 930 931 931 931 928 928 928 932 932 932 925 925 925 924 924 924 924 924 924 933 933 933 932 932 932 932 932 932 933 933 933 931 931 931 931 931 931 930 930 930 932 932 932 934 934 934 933 933 933 924 924 924 931 931 931 933 933 933 935 935 935 934 934 934 936 936 936 933 933 933 933 933 933 936 936 936 935 935 935 937 937 937 928 928 928 938 938 938 938 938 938 939 939 939 937 937 937 936 936 936 940 940 940 935 935 935 941 941 941 936 936 936 934 934 934 942 942 942 935 935 935 940 940 940 940 940 940 936 936 936 943 943 943 944 944 944 945 945 945 943 943 943 936 936 936 941 941 941 943 943 943 946 946 946 947 947 947 943 943 943 941 941 941 946 946 946 943 943 943 941 941 941 948 948 948 946 946 946 949 949 949 948 948 948 941 941 941 941 941 941 934 934 934 949 949 949 945 945 945 950 950 950 942 942 942 784 784 784 0 0 0 177 177 177 177 177 177 951 951 951 784 784 784 952 952 952 784 784 784 951 951 951 951 951 951 953 953 953 952 952 952 954 954 954 952 952 952 953 953 953 953 953 953 955 955 955 954 954 954 784 784 784 952 952 952 956 956 956 956 956 956 786 786 786 784 784 784 957 957 957 958 958 958 959 959 959 959 959 959 960 960 960 957 957 957 960 960 960 959 959 959 961 961 961 961 961 961 962 962 962 960 960 960 952 952 952 954 954 954 963 963 963 963 963 963 956 956 956 952 952 952 962 962 962 961 961 961 964 964 964 964 964 964 965 965 965 962 962 962 955 955 955 966 966 966 954 954 954 954 954 954 966 966 966 967 967 967 967 967 967 963 963 963 954 954 954 965 965 965 964 964 964 968 968 968 968 968 968 969 969 969 965 965 965 969 969 969 968 968 968 197 197 197 197 197 197 196 196 196 969 969 969 198 198 198 957 957 957 970 970 970 970 970 970 199 199 199 198 198 198 957 957 957 960 960 960 971 971 971 971 971 971 970 970 970 957 957 957 202 202 202 788 788 788 787 787 787 787 787 787 14 14 14 202 202 202 972 972 972 962 962 962 965 965 965 965 965 965 973 973 973 972 972 972 969 969 969 973 973 973 965 965 965 794 794 794 206 206 206 205 205 205 205 205 205 795 795 795 794 794 794 793 793 793 796 796 796 791 791 791 867 867 867 797 797 797 796 796 796 796 796 796 974 974 974 867 867 867 796 796 796 793 793 793 975 975 975 975 975 975 976 976 976 974 974 974 974 974 974 796 796 796 975 975 975 977 977 977 978 978 978 802 802 802 802 802 802 797 797 797 977 977 977 977 977 977 797 797 797 867 867 867 815 815 815 39 39 39 212 212 212 212 212 212 811 811 811 815 815 815 213 213 213 817 817 817 819 819 819 819 819 819 214 214 214 213 213 213 816 816 816 813 813 813 823 823 823 829 829 829 816 816 816 823 823 823 979 979 979 978 978 978 977 977 977 977 977 977 980 980 980 979 979 979 981 981 981 982 982 982 983 983 983 983 983 983 872 872 872 981 981 981 863 863 863 843 843 843 838 838 838 795 795 795 205 205 205 220 220 220 220 220 220 801 801 801 795 795 795 801 801 801 843 843 843 975 975 975 843 843 843 863 863 863 976 976 976 976 976 976 975 975 975 843 843 843 844 844 844 801 801 801 220 220 220 220 220 220 221 221 221 844 844 844 221 221 221 222 222 222 845 845 845 845 845 845 844 844 844 221 221 221 223 223 223 226 226 226 984 984 984 984 984 984 985 985 985 223 223 223 227 227 227 229 229 229 986 986 986 986 986 986 850 850 850 227 227 227 853 853 853 852 852 852 987 987 987 867 867 867 974 974 974 988 988 988 988 988 988 865 865 865 867 867 867 974 974 974 976 976 976 989 989 989 989 989 989 988 988 988 974 974 974 863 863 863 864 864 864 989 989 989 989 989 989 976 976 976 863 863 863 990 990 990 991 991 991 980 980 980 980 980 980 977 977 977 990 990 990 992 992 992 993 993 993 862 862 862 862 862 862 838 838 838 992 992 992 994 994 994 995 995 995 860 860 860 860 860 860 859 859 859 994 994 994 866 866 866 990 990 990 977 977 977 977 977 977 867 867 867 866 866 866 995 995 995 994 994 994 996 996 996 996 996 996 997 997 997 995 995 995 998 998 998 999 999 999 846 846 846 1000 1000 1000 1001 1001 1001 1002 1002 1002 1002 1002 1002 1003 1003 1003 1000 1000 1000 1004 1004 1004 1005 1005 1005 874 874 874 874 874 874 1006 1006 1006 1004 1004 1004 1007 1007 1007 870 870 870 869 869 869 1008 1008 1008 1009 1009 1009 1010 1010 1010 1004 1004 1004 1011 1011 1011 1012 1012 1012 1012 1012 1012 1005 1005 1005 1004 1004 1004 1011 1011 1011 1013 1013 1013 1014 1014 1014 1014 1014 1014 1012 1012 1012 1011 1011 1011 1015 1015 1015 1016 1016 1016 1014 1014 1014 1014 1014 1014 1013 1013 1013 1015 1015 1015 1017 1017 1017 1006 1006 1006 874 874 874 874 874 874 877 877 877 1017 1017 1017 1018 1018 1018 1019 1019 1019 1020 1020 1020 1020 1020 1020 1021 1021 1021 1018 1018 1018 1022 1022 1022 1023 1023 1023 1005 1005 1005 1005 1005 1005 1012 1012 1012 1022 1022 1022 1024 1024 1024 1025 1025 1025 1026 1026 1026 1026 1026 1026 1027 1027 1027 1024 1024 1024 1028 1028 1028 1029 1029 1029 1014 1014 1014 1014 1014 1014 1016 1016 1016 1028 1028 1028 1030 1030 1030 1031 1031 1031 878 878 878 878 878 878 881 881 881 1030 1030 1030 1031 1031 1031 1032 1032 1032 879 879 879 879 879 879 1032 1032 1032 1033 1033 1033 1034 1034 1034 1035 1035 1035 885 885 885 885 885 885 884 884 884 1034 1034 1034 885 885 885 1035 1035 1035 887 887 887 883 883 883 879 879 879 1033 1033 1033 1033 1033 1033 1036 1036 1036 883 883 883 892 892 892 1037 1037 1037 1038 1038 1038 1038 1038 1038 890 890 890 892 892 892 1038 1038 1038 896 896 896 891 891 891 891 891 891 890 890 890 1038 1038 1038 1039 1039 1039 1040 1040 1040 914 914 914 914 914 914 913 913 913 1039 1039 1039 1041 1041 1041 1042 1042 1042 917 917 917 917 917 917 916 916 916 1041 1041 1041 1042 1042 1042 1043 1043 1043 1044 1044 1044 1044 1044 1044 917 917 917 1042 1042 1042 1044 1044 1044 1043 1043 1043 1045 1045 1045 1045 1045 1045 1046 1046 1046 1044 1044 1044 883 883 883 1036 1036 1036 905 905 905 901 901 901 911 911 911 909 909 909 1047 1047 1047 901 901 901 909 909 909 1047 1047 1047 909 909 909 1048 1048 1048 888 888 888 907 907 907 1049 1049 1049 1049 1049 1049 886 886 886 888 888 888 907 907 907 1050 1050 1050 1051 1051 1051 1051 1051 1051 1049 1049 1049 907 907 907 907 907 907 898 898 898 1052 1052 1052 1052 1052 1052 1050 1050 1050 907 907 907 912 912 912 911 911 911 901 901 901 901 901 901 1053 1053 1053 912 912 912 906 906 906 1054 1054 1054 1055 1055 1055 913 913 913 1046 1046 1046 1045 1045 1045 1045 1045 1045 1039 1039 1039 913 913 913 1056 1056 1056 1057 1057 1057 1044 1044 1044 1044 1044 1044 1046 1046 1046 1056 1056 1056 915 915 915 1056 1056 1056 1046 1046 1046 1046 1046 1046 913 913 913 915 915 915 1044 1044 1044 1057 1057 1057 1058 1058 1058 1058 1058 1058 917 917 917 1044 1044 1044 1057 1057 1057 1056 1056 1056 915 915 915 915 915 915 1058 1058 1058 1057 1057 1057 916 916 916 918 918 918 1059 1059 1059 214 214 214 819 819 819 920 920 920 920 920 920 303 303 303 214 214 214 1060 1060 1060 919 919 919 818 818 818 818 818 818 1061 1061 1061 1060 1060 1060 1062 1062 1062 1060 1060 1060 1061 1061 1061 1062 1062 1062 1063 1063 1063 308 308 308 308 308 308 307 307 307 1062 1062 1062 921 921 921 1064 1064 1064 922 922 922 1065 1065 1065 1066 1066 1066 313 313 313 1067 1067 1067 1065 1065 1065 313 313 313 1067 1067 1067 313 313 313 312 312 312 313 313 313 1066 1066 1066 1068 1068 1068 1068 1068 1068 316 316 316 313 313 313 1069 1069 1069 1068 1068 1068 1066 1066 1066 1066 1066 1066 1070 1070 1070 1069 1069 1069 1071 1071 1071 1072 1072 1072 1069 1069 1069 1072 1072 1072 1073 1073 1073 1068 1068 1068 1068 1068 1068 1069 1069 1069 1072 1072 1072 316 316 316 1068 1068 1068 1073 1073 1073 1073 1073 1073 323 323 323 316 316 316 324 324 324 323 323 323 1073 1073 1073 1073 1073 1073 1074 1074 1074 324 324 324 1074 1074 1074 1073 1073 1073 1072 1072 1072 1072 1072 1072 1075 1075 1075 1074 1074 1074 1075 1075 1075 1072 1072 1072 1071 1071 1071 1071 1071 1071 1076 1076 1076 1075 1075 1075 1077 1077 1077 1078 1078 1078 1076 1076 1076 1076 1076 1076 1071 1071 1071 1077 1077 1077 330 330 330 331 331 331 1078 1078 1078 1078 1078 1078 1077 1077 1077 330 330 330 926 926 926 1079 1079 1079 1080 1080 1080 1080 1080 1080 927 927 927 926 926 926 1081 1081 1081 1082 1082 1082 924 924 924 924 924 924 927 927 927 1081 1081 1081 1081 1081 1081 927 927 927 1080 1080 1080 1080 1080 1080 1083 1083 1083 1081 1081 1081 931 931 931 1084 1084 1084 938 938 938 938 938 938 928 928 928 931 931 931 949 949 949 934 934 934 924 924 924 924 924 924 1082 1082 1082 949 949 949 931 931 931 935 935 935 942 942 942 942 942 942 1084 1084 1084 931 931 931 1085 1085 1085 950 950 950 945 945 945 945 945 945 944 944 944 1085 1085 1085 946 946 946 948 948 948 1086 1086 1086 1086 1086 1086 947 947 947 946 946 946 945 945 945 940 940 940 943 943 943 969 969 969 196 196 196 340 340 340 340 340 340 973 973 973 969 969 969 873 873 873 872 872 872 983 983 983 1087 1087 1087 889 889 889 887 887 887 887 887 887 1035 1035 1035 1087 1087 1087 1007 1007 1007 1088 1088 1088 1089 1089 1089 1001 1001 1001 1090 1090 1090 1002 1002 1002 960 960 960 962 962 962 972 972 972 972 972 972 971 971 971 960 960 960 1091 1091 1091 1092 1092 1092 1093 1093 1093 1094 1094 1094 1095 1095 1095 1096 1096 1096 1094 1094 1094 1097 1097 1097 1098 1098 1098 1098 1098 1098 1095 1095 1095 1094 1094 1094 1097 1097 1097 1099 1099 1099 1100 1100 1100 1100 1100 1100 1098 1098 1098 1097 1097 1097 1099 1099 1099 1092 1092 1092 1091 1091 1091 1091 1091 1091 1100 1100 1100 1099 1099 1099 1101 1101 1101 1102 1102 1102 906 906 906 906 906 906 1103 1103 1103 1101 1101 1101 1104 1104 1104 904 904 904 903 903 903 903 903 903 1105 1105 1105 1104 1104 1104 1102 1102 1102 1106 1106 1106 1107 1107 1107 1107 1107 1107 900 900 900 1102 1102 1102 362 362 362 958 958 958 957 957 957 957 957 957 198 198 198 362 362 362 873 873 873 983 983 983 1108 1108 1108 1109 1109 1109 366 366 366 365 365 365 1110 1110 1110 1111 1111 1111 1112 1112 1112 1112 1112 1112 1113 1113 1113 1110 1110 1110 1114 1114 1114 1115 1115 1115 1112 1112 1112 1113 1113 1113 1112 1112 1112 1116 1116 1116 1117 1117 1117 1109 1109 1109 1118 1118 1118 1119 1119 1119 1120 1120 1120 1121 1121 1121 1120 1120 1120 1122 1122 1122 1121 1121 1121 1122 1122 1122 1123 1123 1123 1121 1121 1121 1124 1124 1124 1121 1121 1121 1125 1125 1125 1123 1123 1123 1125 1125 1125 1121 1121 1121 1125 1125 1125 1123 1123 1123 1126 1126 1126 1127 1127 1127 1128 1128 1128 1129 1129 1129 1127 1127 1127 1124 1124 1124 1125 1125 1125 1128 1128 1128 1127 1127 1127 1130 1130 1130 1130 1130 1130 1131 1131 1131 1128 1128 1128 1127 1127 1127 1132 1132 1132 1130 1130 1130 1133 1133 1133 1134 1134 1134 1113 1113 1113 1135 1135 1135 1136 1136 1136 1137 1137 1137 1138 1138 1138 1139 1139 1139 951 951 951 951 951 951 177 177 177 1138 1138 1138 1113 1113 1113 1140 1140 1140 1133 1133 1133 1141 1141 1141 1133 1133 1133 1142 1142 1142 1140 1140 1140 1113 1113 1113 1143 1143 1143 1140 1140 1140 1142 1142 1142 1133 1133 1133 1113 1113 1113 1116 1116 1116 1143 1143 1143 1116 1116 1116 1112 1112 1112 1144 1144 1144 1109 1109 1109 365 365 365 1118 1118 1118 177 177 177 402 402 402 1138 1138 1138 1145 1145 1145 953 953 953 1141 1141 1141 1141 1141 1141 1142 1142 1142 1145 1145 1145 1146 1146 1146 405 405 405 366 366 366 366 366 366 1109 1109 1109 1146 1146 1146 1119 1119 1119 406 406 406 405 405 405 405 405 405 1146 1146 1146 1119 1119 1119 1146 1146 1146 1147 1147 1147 1148 1148 1148 1117 1117 1117 1149 1149 1149 1146 1146 1146 1146 1146 1146 1109 1109 1109 1117 1117 1117 1148 1148 1148 1120 1120 1120 1119 1119 1119 1119 1119 1119 1146 1146 1146 1148 1148 1148 1122 1122 1122 1120 1120 1120 1150 1150 1150 1151 1151 1151 1150 1150 1150 1120 1120 1120 1120 1120 1120 1148 1148 1148 1151 1151 1151 1152 1152 1152 1151 1151 1151 1148 1148 1148 1148 1148 1148 1147 1147 1147 1152 1152 1152 1123 1123 1123 1122 1122 1122 1153 1153 1153 1153 1153 1153 1126 1126 1126 1123 1123 1123 1126 1126 1126 1153 1153 1153 1154 1154 1154 1154 1154 1154 1134 1134 1134 1126 1126 1126 1154 1154 1154 1155 1155 1155 1110 1110 1110 1134 1134 1134 1154 1154 1154 1110 1110 1110 1110 1110 1110 1113 1113 1113 1134 1134 1134 1110 1110 1110 1155 1155 1155 1156 1156 1156 1157 1157 1157 1158 1158 1158 1111 1111 1111 1111 1111 1111 1156 1156 1156 1157 1157 1157 1111 1111 1111 1158 1158 1158 1114 1114 1114 1114 1114 1114 1112 1112 1112 1111 1111 1111 1159 1159 1159 1160 1160 1160 1152 1152 1152 1152 1152 1152 1147 1147 1147 1159 1159 1159 1149 1149 1149 1161 1161 1161 1159 1159 1159 1159 1159 1159 1147 1147 1147 1149 1149 1149 1157 1157 1157 1160 1160 1160 1159 1159 1159 1159 1159 1159 1158 1158 1158 1157 1157 1157 1159 1159 1159 1161 1161 1161 1114 1114 1114 1114 1114 1114 1158 1158 1158 1159 1159 1159 1161 1161 1161 1149 1149 1149 1117 1117 1117 1117 1117 1117 1162 1162 1162 1161 1161 1161 1115 1115 1115 1114 1114 1114 1161 1161 1161 1161 1161 1161 1162 1162 1162 1115 1115 1115 1112 1112 1112 1115 1115 1115 1163 1163 1163 1163 1163 1163 1144 1144 1144 1112 1112 1112 1164 1164 1164 1163 1163 1163 1115 1115 1115 1115 1115 1115 1162 1162 1162 1164 1164 1164 1162 1162 1162 1117 1117 1117 1118 1118 1118 1118 1118 1118 1164 1164 1164 1162 1162 1162 406 406 406 1119 1119 1119 1121 1121 1121 1121 1121 1121 425 425 425 406 406 406 425 425 425 1121 1121 1121 1124 1124 1124 1124 1124 1124 426 426 426 425 425 425 1124 1124 1124 1129 1129 1129 427 427 427 427 427 427 426 426 426 1124 1124 1124 1124 1124 1124 1127 1127 1127 1129 1129 1129 428 428 428 427 427 427 1129 1129 1129 1129 1129 1129 1128 1128 1128 428 428 428 429 429 429 428 428 428 1128 1128 1128 1128 1128 1128 1131 1131 1131 429 429 429 1132 1132 1132 1127 1127 1127 1125 1125 1125 1125 1125 1125 1126 1126 1126 1132 1132 1132 429 429 429 1131 1131 1131 430 430 430 1165 1165 1165 1131 1131 1131 1130 1130 1130 1134 1134 1134 1133 1133 1133 1166 1166 1166 1135 1135 1135 434 434 434 433 433 433 433 433 433 1136 1136 1136 1135 1135 1135 1137 1137 1137 1165 1165 1165 1130 1130 1130 1137 1137 1137 1130 1130 1130 1132 1132 1132 1132 1132 1132 1166 1166 1166 1137 1137 1137 1137 1137 1137 1167 1167 1167 1135 1135 1135 436 436 436 434 434 434 1135 1135 1135 1135 1135 1135 1167 1167 1167 436 436 436 1168 1168 1168 1169 1169 1169 1139 1139 1139 1138 1138 1138 1170 1170 1170 1168 1168 1168 440 440 440 1170 1170 1170 1138 1138 1138 1138 1138 1138 402 402 402 440 440 440 1169 1169 1169 1166 1166 1166 1133 1133 1133 1169 1169 1169 1133 1133 1133 1141 1141 1141 1141 1141 1141 1139 1139 1139 1169 1169 1169 365 365 365 442 442 442 1171 1171 1171 1171 1171 1171 1118 1118 1118 365 365 365 1164 1164 1164 1118 1118 1118 1171 1171 1171 953 953 953 1145 1145 1145 955 955 955 1137 1137 1137 1166 1166 1166 1169 1169 1169 1172 1172 1172 1173 1173 1173 1174 1174 1174 1174 1174 1174 1173 1173 1173 1175 1175 1175 1176 1176 1176 1173 1173 1173 1177 1177 1177 1178 1178 1178 1173 1173 1173 1179 1179 1179 1175 1175 1175 1173 1173 1173 1180 1180 1180 1180 1180 1180 1173 1173 1173 1181 1181 1181 1181 1181 1181 1173 1173 1173 1182 1182 1182 1183 1183 1183 1173 1173 1173 1184 1184 1184 1185 1185 1185 1173 1173 1173 1186 1186 1186 458 458 458 1187 1187 1187 459 459 459 1188 1188 1188 1189 1189 1189 1190 1190 1190 1191 1191 1191 1192 1192 1192 1193 1193 1193 1193 1193 1193 1188 1188 1188 1191 1191 1191 1194 1194 1194 1195 1195 1195 1196 1196 1196 1196 1196 1196 1197 1197 1197 1194 1194 1194 1189 1189 1189 1188 1188 1188 1193 1193 1193 1196 1196 1196 1198 1198 1198 1199 1199 1199 1200 1200 1200 475 475 475 1201 1201 1201 1202 1202 1202 1203 1203 1203 1204 1204 1204 1205 1205 1205 1206 1206 1206 1207 1207 1207 1206 1206 1206 1205 1205 1205 1208 1208 1208 1209 1209 1209 1210 1210 1210 1211 1211 1211 1212 1212 1212 1213 1213 1213 1214 1214 1214 1215 1215 1215 1208 1208 1208 1216 1216 1216 1216 1216 1216 1217 1217 1217 1215 1215 1215 1218 1218 1218 1208 1208 1208 1215 1215 1215 1215 1215 1215 493 493 493 1218 1218 1218 1206 1206 1206 1219 1219 1219 1220 1220 1220 1206 1206 1206 1220 1220 1220 1221 1221 1221 497 497 497 1218 1218 1218 493 493 493 1220 1220 1220 1222 1222 1222 1223 1223 1223 1223 1223 1223 1222 1222 1222 1224 1224 1224 1222 1222 1222 502 502 502 1225 1225 1225 1225 1225 1225 1224 1224 1224 1222 1222 1222 1226 1226 1226 1223 1223 1223 1224 1224 1224 504 504 504 1225 1225 1225 502 502 502 1224 1224 1224 1225 1225 1225 1227 1227 1227 1228 1228 1228 1226 1226 1226 1224 1224 1224 507 507 507 1228 1228 1228 508 508 508 1229 1229 1229 1230 1230 1230 1231 1231 1231 1232 1232 1232 1233 1233 1233 1234 1234 1234 1235 1235 1235 1234 1234 1234 1233 1233 1233 1236 1236 1236 1237 1237 1237 1232 1232 1232 1232 1232 1232 1234 1234 1234 1236 1236 1236 1237 1237 1237 1236 1236 1236 1238 1238 1238 1235 1235 1235 1239 1239 1239 1234 1234 1234 1234 1234 1234 1240 1240 1240 1236 1236 1236 1240 1240 1240 1234 1234 1234 1239 1239 1239 1236 1236 1236 1240 1240 1240 1238 1238 1238 1241 1241 1241 522 522 522 1238 1238 1238 1241 1241 1241 1238 1238 1238 1240 1240 1240 523 523 523 522 522 522 1241 1241 1241 1242 1242 1242 526 526 526 1243 1243 1243 1244 1244 1244 1245 1245 1245 1246 1246 1246 1244 1244 1244 1247 1247 1247 1248 1248 1248 1245 1245 1245 1244 1244 1244 1249 1249 1249 1249 1249 1249 1250 1250 1250 1245 1245 1245 1251 1251 1251 1248 1248 1248 1247 1247 1247 1251 1251 1251 1249 1249 1249 1248 1248 1248 1252 1252 1252 1253 1253 1253 1254 1254 1254 1255 1255 1255 1256 1256 1256 1231 1231 1231 1231 1231 1231 1257 1257 1257 1255 1255 1255 1231 1231 1231 1230 1230 1230 1257 1257 1257 1258 1258 1258 1257 1257 1257 1259 1259 1259 543 543 543 544 544 544 1258 1258 1258 1257 1257 1257 1258 1258 1258 544 544 544 1187 1187 1187 1190 1190 1190 1260 1260 1260 1260 1260 1260 459 459 459 1187 1187 1187 458 458 458 547 547 547 1261 1261 1261 459 459 459 1260 1260 1260 1262 1262 1262 1261 1261 1261 1187 1187 1187 458 458 458 1261 1261 1261 547 547 547 549 549 549 549 549 549 1200 1200 1200 1261 1261 1261 1200 1200 1200 1263 1263 1263 1261 1261 1261 1260 1260 1260 1190 1190 1190 1189 1189 1189 1189 1189 1189 1264 1264 1264 1260 1260 1260 1191 1191 1191 1195 1195 1195 1194 1194 1194 1194 1194 1194 1192 1192 1192 1191 1191 1191 1198 1198 1198 1263 1263 1263 1200 1200 1200 1200 1200 1200 1201 1201 1201 1198 1198 1198 1265 1265 1265 1189 1189 1189 1193 1193 1193 1193 1193 1193 1266 1266 1266 1265 1265 1265 1264 1264 1264 1189 1189 1189 1265 1265 1265 1265 1265 1265 1267 1267 1267 1264 1264 1264 1192 1192 1192 1268 1268 1268 1266 1266 1266 1266 1266 1266 1193 1193 1193 1192 1192 1192 1268 1268 1268 1192 1192 1192 1194 1194 1194 1194 1194 1194 1269 1269 1269 1268 1268 1268 1269 1269 1269 1194 1194 1194 1197 1197 1197 1197 1197 1197 1270 1270 1270 1269 1269 1269 1199 1199 1199 1197 1197 1197 1196 1196 1196 1204 1204 1204 1270 1270 1270 1197 1197 1197 1197 1197 1197 1199 1199 1199 1204 1204 1204 1270 1270 1270 1271 1271 1271 1205 1205 1205 1205 1205 1205 1269 1269 1269 1270 1270 1270 1204 1204 1204 1214 1214 1214 1271 1271 1271 1271 1271 1271 1270 1270 1270 1204 1204 1204 1207 1207 1207 1268 1268 1268 1269 1269 1269 1269 1269 1269 1205 1205 1205 1207 1207 1207 1272 1272 1272 1266 1266 1266 1268 1268 1268 1268 1268 1268 1207 1207 1207 1272 1272 1272 1266 1266 1266 1272 1272 1272 1273 1273 1273 1273 1273 1273 1265 1265 1265 1266 1266 1266 561 561 561 562 562 562 1198 1198 1198 1198 1198 1198 1201 1201 1201 561 561 561 1199 1199 1199 1202 1202 1202 1204 1204 1204 1202 1202 1202 564 564 564 563 563 563 563 563 563 1203 1203 1203 1202 1202 1202 1264 1264 1264 1274 1274 1274 1260 1260 1260 1265 1265 1265 1273 1273 1273 1211 1211 1211 1211 1211 1211 1267 1267 1267 1265 1265 1265 1273 1273 1273 1272 1272 1272 1221 1221 1221 1221 1221 1221 1275 1275 1275 1273 1273 1273 1273 1273 1273 1275 1275 1275 1229 1229 1229 1229 1229 1229 1211 1211 1211 1273 1273 1273 1208 1208 1208 1205 1205 1205 1271 1271 1271 1271 1271 1271 1216 1216 1216 1208 1208 1208 1212 1212 1212 568 568 568 567 567 567 567 567 567 1213 1213 1213 1212 1212 1212 1213 1213 1213 1216 1216 1216 1271 1271 1271 1271 1271 1271 1214 1214 1214 1213 1213 1213 567 567 567 569 569 569 1217 1217 1217 1217 1217 1217 1213 1213 1213 567 567 567 1216 1216 1216 1213 1213 1213 1217 1217 1217 1215 1215 1215 1217 1217 1217 569 569 569 569 569 569 493 493 493 1215 1215 1215 1218 1218 1218 1219 1219 1219 1206 1206 1206 1206 1206 1206 1208 1208 1208 1218 1218 1218 1219 1219 1219 1218 1218 1218 1276 1276 1276 1276 1276 1276 1222 1222 1222 1220 1220 1220 1220 1220 1220 1219 1219 1219 1276 1276 1276 1276 1276 1276 571 571 571 502 502 502 502 502 502 1222 1222 1222 1276 1276 1276 1220 1220 1220 1223 1223 1223 1275 1275 1275 1275 1275 1275 1221 1221 1221 1220 1220 1220 1229 1229 1229 1275 1275 1275 1223 1223 1223 1223 1223 1223 1230 1230 1230 1229 1229 1229 1226 1226 1226 1230 1230 1230 1223 1223 1223 1228 1228 1228 1224 1224 1224 1227 1227 1227 1227 1227 1227 1277 1277 1277 1228 1228 1228 508 508 508 1228 1228 1228 573 573 573 1258 1258 1258 1228 1228 1228 507 507 507 507 507 507 543 543 543 1258 1258 1258 1226 1226 1226 1228 1228 1228 1258 1258 1258 1258 1258 1258 1259 1259 1259 1226 1226 1226 574 574 574 575 575 575 1235 1235 1235 1235 1235 1235 1233 1233 1233 574 574 574 575 575 575 576 576 576 1239 1239 1239 1239 1239 1239 1235 1235 1235 575 575 575 577 577 577 523 523 523 1241 1241 1241 1241 1241 1241 1278 1278 1278 577 577 577 1278 1278 1278 1241 1241 1241 1240 1240 1240 1240 1240 1240 1279 1279 1279 1278 1278 1278 1240 1240 1240 1239 1239 1239 1280 1280 1280 1280 1280 1280 1279 1279 1279 1240 1240 1240 1239 1239 1239 576 576 576 581 581 581 581 581 581 1280 1280 1280 1239 1239 1239 582 582 582 1281 1281 1281 1280 1280 1280 1280 1280 1280 581 581 581 582 582 582 1280 1280 1280 1281 1281 1281 1282 1282 1282 1282 1282 1282 1279 1279 1279 1280 1280 1280 1282 1282 1282 1283 1283 1283 1278 1278 1278 1278 1278 1278 1279 1279 1279 1282 1282 1282 1283 1283 1283 586 586 586 577 577 577 577 577 577 1278 1278 1278 1283 1283 1283 587 587 587 1284 1284 1284 1281 1281 1281 1281 1281 1281 582 582 582 587 587 587 1285 1285 1285 1284 1284 1284 587 587 587 587 587 587 590 590 590 1285 1285 1285 1284 1284 1284 1282 1282 1282 1281 1281 1281 1286 1286 1286 1287 1287 1287 1284 1284 1284 1287 1287 1287 1282 1282 1282 1284 1284 1284 1287 1287 1287 1283 1283 1283 1282 1282 1282 1283 1283 1283 1287 1287 1287 593 593 593 594 594 594 593 593 593 1287 1287 1287 1287 1287 1287 1286 1286 1286 594 594 594 1243 1243 1243 595 595 595 594 594 594 594 594 594 1286 1286 1286 1243 1243 1243 1242 1242 1242 1285 1285 1285 590 590 590 590 590 590 596 596 596 1242 1242 1242 1285 1285 1285 1242 1242 1242 1243 1243 1243 544 544 544 1288 1288 1288 1257 1257 1257 1289 1289 1289 1253 1253 1253 1252 1252 1252 1214 1214 1214 1204 1204 1204 1212 1212 1212 1207 1207 1207 1206 1206 1206 1221 1221 1221 1221 1221 1221 1272 1272 1272 1207 1207 1207 563 563 563 568 568 568 1212 1212 1212 1212 1212 1212 1203 1203 1203 563 563 563 571 571 571 1276 1276 1276 1218 1218 1218 1218 1218 1218 497 497 497 571 571 571 1237 1237 1237 1238 1238 1238 522 522 522 522 522 522 599 599 599 1237 1237 1237 1285 1285 1285 1243 1243 1243 1286 1286 1286 596 596 596 526 526 526 1242 1242 1242 595 595 595 1243 1243 1243 526 526 526 1259 1259 1259 1257 1257 1257 1230 1230 1230 1230 1230 1230 1226 1226 1226 1259 1259 1259 1290 1290 1290 1255 1255 1255 1288 1288 1288 1255 1255 1255 1290 1290 1290 1291 1291 1291 1260 1260 1260 1274 1274 1274 1262 1262 1262 1267 1267 1267 1292 1292 1292 1264 1264 1264 1264 1264 1264 1292 1292 1292 1274 1274 1274 1293 1293 1293 1292 1292 1292 1267 1267 1267 1289 1289 1289 1294 1294 1294 1253 1253 1253 1257 1257 1257 1288 1288 1288 1255 1255 1255 1196 1196 1196 1195 1195 1195 1263 1263 1263 1263 1263 1263 1198 1198 1198 1196 1196 1196 1132 1132 1132 1126 1126 1126 1166 1166 1166 1134 1134 1134 1166 1166 1166 1126 1126 1126 430 430 430 1131 1131 1131 1165 1165 1165 1295 1295 1295 1296 1296 1296 1297 1297 1297 1297 1297 1297 1296 1296 1296 1298 1298 1298 1110 1110 1110 1156 1156 1156 1111 1111 1111 1299 1299 1299 1300 1300 1300 1301 1301 1301 1299 1299 1299 1302 1302 1302 1300 1300 1300 1299 1299 1299 1303 1303 1303 1302 1302 1302 1299 1299 1299 1304 1304 1304 1305 1305 1305 1299 1299 1299 1306 1306 1306 1304 1304 1304 1299 1299 1299 1301 1301 1301 1306 1306 1306 1300 1300 1300 1307 1307 1307 1308 1308 1308 1308 1308 1308 1301 1301 1301 1300 1300 1300 1302 1302 1302 1309 1309 1309 1307 1307 1307 1307 1307 1307 1300 1300 1300 1302 1302 1302 1309 1309 1309 1302 1302 1302 1303 1303 1303 1303 1303 1303 1310 1310 1310 1309 1309 1309 1304 1304 1304 1311 1311 1311 1312 1312 1312 1312 1312 1312 1305 1305 1305 1304 1304 1304 1313 1313 1313 1311 1311 1311 1304 1304 1304 1304 1304 1304 1306 1306 1306 1313 1313 1313 1301 1301 1301 1308 1308 1308 1313 1313 1313 1313 1313 1313 1306 1306 1306 1301 1301 1301 1307 1307 1307 1314 1314 1314 1315 1315 1315 1315 1315 1315 1308 1308 1308 1307 1307 1307 1316 1316 1316 1314 1314 1314 1307 1307 1307 1307 1307 1307 1309 1309 1309 1316 1316 1316 1316 1316 1316 1309 1309 1309 1310 1310 1310 1310 1310 1310 1317 1317 1317 1316 1316 1316 1311 1311 1311 1318 1318 1318 1319 1319 1319 1319 1319 1319 1312 1312 1312 1311 1311 1311 1313 1313 1313 1320 1320 1320 1318 1318 1318 1318 1318 1318 1311 1311 1311 1313 1313 1313 1308 1308 1308 1315 1315 1315 1320 1320 1320 1320 1320 1320 1313 1313 1313 1308 1308 1308 1321 1321 1321 1322 1322 1322 1315 1315 1315 1315 1315 1315 1314 1314 1314 1321 1321 1321 1323 1323 1323 1321 1321 1321 1314 1314 1314 1314 1314 1314 1316 1316 1316 1323 1323 1323 1317 1317 1317 1324 1324 1324 1323 1323 1323 1323 1323 1323 1316 1316 1316 1317 1317 1317 1318 1318 1318 1325 1325 1325 1326 1326 1326 1326 1326 1326 1319 1319 1319 1318 1318 1318 1320 1320 1320 1327 1327 1327 1325 1325 1325 1325 1325 1325 1318 1318 1318 1320 1320 1320 1315 1315 1315 1322 1322 1322 1327 1327 1327 1327 1327 1327 1320 1320 1320 1315 1315 1315 1328 1328 1328 1329 1329 1329 1322 1322 1322 1322 1322 1322 1321 1321 1321 1328 1328 1328 1330 1330 1330 1328 1328 1328 1321 1321 1321 1321 1321 1321 1323 1323 1323 1330 1330 1330 1324 1324 1324 1331 1331 1331 1330 1330 1330 1330 1330 1330 1323 1323 1323 1324 1324 1324 1332 1332 1332 1326 1326 1326 1325 1325 1325 1325 1325 1325 1333 1333 1333 1332 1332 1332 1327 1327 1327 1334 1334 1334 1333 1333 1333 1333 1333 1333 1325 1325 1325 1327 1327 1327 1322 1322 1322 1329 1329 1329 1334 1334 1334 1334 1334 1334 1327 1327 1327 1322 1322 1322 1328 1328 1328 1335 1335 1335 1336 1336 1336 1336 1336 1336 1329 1329 1329 1328 1328 1328 1330 1330 1330 1337 1337 1337 1335 1335 1335 1335 1335 1335 1328 1328 1328 1330 1330 1330 1338 1338 1338 1337 1337 1337 1330 1330 1330 1330 1330 1330 1331 1331 1331 1338 1338 1338 1339 1339 1339 1332 1332 1332 1333 1333 1333 1333 1333 1333 1340 1340 1340 1339 1339 1339 1334 1334 1334 1341 1341 1341 1340 1340 1340 1340 1340 1340 1333 1333 1333 1334 1334 1334 1329 1329 1329 1336 1336 1336 1341 1341 1341 1341 1341 1341 1334 1334 1334 1329 1329 1329 1335 1335 1335 1342 1342 1342 1343 1343 1343 1343 1343 1343 1336 1336 1336 1335 1335 1335 1344 1344 1344 1342 1342 1342 1335 1335 1335 1335 1335 1335 1337 1337 1337 1344 1344 1344 1345 1345 1345 1344 1344 1344 1337 1337 1337 1337 1337 1337 1338 1338 1338 1345 1345 1345 1346 1346 1346 1339 1339 1339 1340 1340 1340 1340 1340 1340 1347 1347 1347 1346 1346 1346 1341 1341 1341 1348 1348 1348 1347 1347 1347 1347 1347 1347 1340 1340 1340 1341 1341 1341 1336 1336 1336 1343 1343 1343 1348 1348 1348 1348 1348 1348 1341 1341 1341 1336 1336 1336 1349 1349 1349 1343 1343 1343 1342 1342 1342 1349 1349 1349 1342 1342 1342 1344 1344 1344 1349 1349 1349 1344 1344 1344 1345 1345 1345 1349 1349 1349 1346 1346 1346 1347 1347 1347 1349 1349 1349 1347 1347 1347 1348 1348 1348 1349 1349 1349 1348 1348 1348 1343 1343 1343 1138 1138 1138 1168 1168 1168 1139 1139 1139 1170 1170 1170 440 440 440 436 436 436 436 436 436 1167 1167 1167 1170 1170 1170 1170 1170 1170 1167 1167 1167 1168 1168 1168 1168 1168 1168 1167 1167 1167 1137 1137 1137 1137 1137 1137 1169 1169 1169 1168 1168 1168 1286 1286 1286 1284 1284 1284 1285 1285 1285 1298 1298 1298 1295 1295 1295 1297 1297 1297 850 850 850 986 986 986 831 831 831 1212 1212 1212 1204 1204 1204 1203 1203 1203 1007 1007 1007 1089 1089 1089 870 870 870 1010 1010 1010 1009 1009 1009 1350 1350 1350 1062 1062 1062 1061 1061 1061 1063 1063 1063 975 975 975 793 793 793 801 801 801 1033 1033 1033 1032 1032 1032 1351 1351 1351 878 878 878 1031 1031 1031 879 879 879 1283 1283 1283 593 593 593 586 586 586 1201 1201 1201 475 475 475 561 561 561 475 475 475 1200 1200 1200 549 549 549 573 573 573 1228 1228 1228 1277 1277 1277 1146 1146 1146 1149 1149 1149 1147 1147 1147 564 564 564 1202 1202 1202 1199 1199 1199 1199 1199 1199 662 662 662 564 564 564 662 662 662 1199 1199 1199 1198 1198 1198 1198 1198 1198 562 562 562 662 662 662 1261 1261 1261 1188 1188 1188 1190 1190 1190 1261 1261 1261 1263 1263 1263 1191 1191 1191 1261 1261 1261 1191 1191 1191 1188 1188 1188 1021 1021 1021 1352 1352 1352 1353 1353 1353 1353 1353 1353 1018 1018 1018 1021 1021 1021 1018 1018 1018 1354 1354 1354 1355 1355 1355 1355 1355 1355 1019 1019 1019 1018 1018 1018 1026 1026 1026 1025 1025 1025 1020 1020 1020 1020 1020 1020 1019 1019 1019 1026 1026 1026 1356 1356 1356 1357 1357 1357 1027 1027 1027 1027 1027 1027 1026 1026 1026 1356 1356 1356 1358 1358 1358 1024 1024 1024 1027 1027 1027 1027 1027 1027 1359 1359 1359 1358 1358 1358 1018 1018 1018 1353 1353 1353 1360 1360 1360 1360 1360 1360 1354 1354 1354 1018 1018 1018 1356 1356 1356 1026 1026 1026 1019 1019 1019 1019 1019 1019 1355 1355 1355 1356 1356 1356 1359 1359 1359 1027 1027 1027 1357 1357 1357 1357 1357 1357 1361 1361 1361 1359 1359 1359 875 875 875 1023 1023 1023 1355 1355 1355 1355 1355 1355 1354 1354 1354 875 875 875 1356 1356 1356 1022 1022 1022 1029 1029 1029 1029 1029 1029 1357 1357 1357 1356 1356 1356 820 820 820 807 807 807 806 806 806 806 806 806 1362 1362 1362 820 820 820 813 813 813 814 814 814 823 823 823 1363 1363 1363 1000 1000 1000 1003 1003 1003 1364 1364 1364 842 842 842 985 985 985 985 985 985 984 984 984 1364 1364 1364 1365 1365 1365 836 836 836 1366 1366 1366 875 875 875 1354 1354 1354 1360 1360 1360 1360 1360 1360 876 876 876 875 875 875 1022 1022 1022 1356 1356 1356 1355 1355 1355 1355 1355 1355 1023 1023 1023 1022 1022 1022 1361 1361 1361 1357 1357 1357 1029 1029 1029 1029 1029 1029 1028 1028 1028 1361 1361 1361 874 874 874 1005 1005 1005 1023 1023 1023 1023 1023 1023 875 875 875 874 874 874 1012 1012 1012 1014 1014 1014 1029 1029 1029 1029 1029 1029 1022 1022 1022 1012 1012 1012 1367 1367 1367 1368 1368 1368 1369 1369 1369 1367 1367 1367 1370 1370 1370 1371 1371 1371 1372 1372 1372 1371 1371 1371 1370 1370 1370 1373 1373 1373 1369 1369 1369 1368 1368 1368 1373 1373 1373 1374 1374 1374 1375 1375 1375 1375 1375 1375 1376 1376 1376 1373 1373 1373 1377 1377 1377 1374 1374 1374 690 690 690 690 690 690 689 689 689 1377 1377 1377 1378 1378 1378 1367 1367 1367 1371 1371 1371 1368 1368 1368 1367 1367 1367 1379 1379 1379 1367 1367 1367 1369 1369 1369 1370 1370 1370 1368 1368 1368 1379 1379 1379 1380 1380 1380 1368 1368 1368 1380 1380 1380 1381 1381 1381 1381 1381 1381 1382 1382 1382 1368 1368 1368 1382 1382 1382 1374 1374 1374 1373 1373 1373 1373 1373 1373 1368 1368 1368 1382 1382 1382 1382 1382 1382 1381 1381 1381 697 697 697 697 697 697 696 696 696 1382 1382 1382 696 696 696 690 690 690 1374 1374 1374 1374 1374 1374 1382 1382 1382 696 696 696 1372 1372 1372 1370 1370 1370 1383 1383 1383 1383 1383 1383 1384 1384 1384 1372 1372 1372 1376 1376 1376 1383 1383 1383 1369 1369 1369 1376 1376 1376 1369 1369 1369 1373 1373 1373 1377 1377 1377 1385 1385 1385 1386 1386 1386 1386 1386 1386 1375 1375 1375 1377 1377 1377 1375 1375 1375 1386 1386 1386 1376 1376 1376 1386 1386 1386 1387 1387 1387 1376 1376 1376 1383 1383 1383 1388 1388 1388 1389 1389 1389 1389 1389 1389 1384 1384 1384 1383 1383 1383 689 689 689 705 705 705 1385 1385 1385 1385 1385 1385 1377 1377 1377 689 689 689 1386 1386 1386 1385 1385 1385 1390 1390 1390 1390 1390 1390 1391 1391 1391 1386 1386 1386 1390 1390 1390 1385 1385 1385 705 705 705 705 705 705 708 708 708 1390 1390 1390 1392 1392 1392 1389 1389 1389 1388 1388 1388 1388 1388 1388 1393 1393 1393 1392 1392 1392 1394 1394 1394 1392 1392 1392 1393 1393 1393 1393 1393 1393 1391 1391 1391 1394 1394 1394 1390 1390 1390 1395 1395 1395 1394 1394 1394 1394 1394 1394 1391 1391 1391 1390 1390 1390 708 708 708 713 713 713 1395 1395 1395 1395 1395 1395 1390 1390 1390 708 708 708 1387 1387 1387 1388 1388 1388 1383 1383 1383 1383 1383 1383 1376 1376 1376 1387 1387 1387 1388 1388 1388 1387 1387 1387 1393 1393 1393 1387 1387 1387 1391 1391 1391 1393 1393 1393 1387 1387 1387 1386 1386 1386 1391 1391 1391 1396 1396 1396 1397 1397 1397 1398 1398 1398 1396 1396 1396 1399 1399 1399 1400 1400 1400 1400 1400 1400 1397 1397 1397 1396 1396 1396 1401 1401 1401 1402 1402 1402 1398 1398 1398 1403 1403 1403 1404 1404 1404 1405 1405 1405 1405 1405 1405 1401 1401 1401 1403 1403 1403 1406 1406 1406 1402 1402 1402 1401 1401 1401 1401 1401 1401 1405 1405 1405 1406 1406 1406 1406 1406 1406 1407 1407 1407 1408 1408 1408 1405 1405 1405 1404 1404 1404 1409 1409 1409 1409 1409 1409 1410 1410 1410 1405 1405 1405 1411 1411 1411 1412 1412 1412 1408 1408 1408 1408 1408 1408 1413 1413 1413 1411 1411 1411 732 732 732 1412 1412 1412 1411 1411 1411 1411 1411 1411 733 733 733 732 732 732 1410 1410 1410 1409 1409 1409 1414 1414 1414 1414 1414 1414 1415 1415 1415 1410 1410 1410 1415 1415 1415 1414 1414 1414 1416 1416 1416 1416 1416 1416 1417 1417 1417 1415 1415 1415 1418 1418 1418 1417 1417 1417 1416 1416 1416 1416 1416 1416 1419 1419 1419 1418 1418 1418 740 740 740 1418 1418 1418 1419 1419 1419 1419 1419 1419 741 741 741 740 740 740 1405 1405 1405 1410 1410 1410 1407 1407 1407 1407 1407 1407 1406 1406 1406 1405 1405 1405 1415 1415 1415 1407 1407 1407 1410 1410 1410 1418 1418 1418 740 740 740 733 733 733 733 733 733 1411 1411 1411 1418 1418 1418 1417 1417 1417 1418 1418 1418 1411 1411 1411 1411 1411 1411 1413 1413 1413 1417 1417 1417 1415 1415 1415 1417 1417 1417 1413 1413 1413 1415 1415 1415 1413 1413 1413 1407 1407 1407 1413 1413 1413 1408 1408 1408 1407 1407 1407 1372 1372 1372 1420 1420 1420 1371 1371 1371 1378 1378 1378 1421 1421 1421 1367 1367 1367 1422 1422 1422 747 747 747 746 746 746 746 746 746 1423 1423 1423 1422 1422 1422 1423 1423 1423 1424 1424 1424 1422 1422 1422 1425 1425 1425 1426 1426 1426 1424 1424 1424 1424 1424 1424 1423 1423 1423 1425 1425 1425 1427 1427 1427 1426 1426 1426 1425 1425 1425 752 752 752 753 753 753 1427 1427 1427 1427 1427 1427 1425 1425 1425 752 752 752 752 752 752 1423 1423 1423 746 746 746 1423 1423 1423 752 752 752 1425 1425 1425 754 754 754 1428 1428 1428 1429 1429 1429 1429 1429 1429 755 755 755 754 754 754 1429 1429 1429 1428 1428 1428 1430 1430 1430 1431 1431 1431 1432 1432 1432 1433 1433 1433 1433 1433 1433 1434 1434 1434 1431 1431 1431 1435 1435 1435 1431 1431 1431 1434 1434 1434 1434 1434 1434 1436 1436 1436 1435 1435 1435 1437 1437 1437 1438 1438 1438 1439 1439 1439 1439 1439 1439 1440 1440 1440 1437 1437 1437 1441 1441 1441 1437 1437 1437 1440 1440 1440 1440 1440 1440 1442 1442 1442 1441 1441 1441 1435 1435 1435 1436 1436 1436 1439 1439 1439 1439 1439 1439 1438 1438 1438 1435 1435 1435 1443 1443 1443 1441 1441 1441 1442 1442 1442 1442 1442 1442 1444 1444 1444 1443 1443 1443 1445 1445 1445 929 929 929 928 928 928 928 928 928 937 937 937 1445 1445 1445 774 774 774 1446 1446 1446 1447 1447 1447 1446 1446 1446 774 774 774 777 777 777 1448 1448 1448 780 780 780 1449 1449 1449 774 774 774 1450 1450 1450 1451 1451 1451 774 774 774 1451 1451 1451 783 783 783 1211 1211 1211 1229 1229 1229 1231 1231 1231 1211 1211 1211 1231 1231 1231 1209 1209 1209 1244 1244 1244 1248 1248 1248 1249 1249 1249 1210 1210 1210 1267 1267 1267 1211 1211 1211 1210 1210 1210 1293 1293 1293 1267 1267 1267 1261 1261 1261 1190 1190 1190 1187 1187 1187 1191 1191 1191 1263 1263 1263 1195 1195 1195 953 953 953 951 951 951 1139 1139 1139 1139 1139 1139 1141 1141 1141 953 953 953 824 824 824 826 826 826 858 858 858 858 858 858 861 861 861 824 824 824 824 824 824 861 861 861 828 828 828 998 998 998 849 849 849 997 997 997 997 997 997 996 996 996 998 998 998 998 998 998 846 846 846 849 849 849 942 942 942 940 940 940 945 945 945 1379 1379 1379 1367 1367 1367 1421 1421 1421 1375 1375 1375 1374 1374 1374 1377 1377 1377 1369 1369 1369 1383 1383 1383 1370 1370 1370 900 900 900 906 906 906 1102 1102 1102 906 906 906 905 905 905 1054 1054 1054 883 883 883 905 905 905 900 900 900</p>
        </triangles>
      </mesh>
    </geometry>
  </library_geometries>
  <library_controllers>
    <controller id="geom-jasmine_betrothal_lod1-skin1">
      <skin source="#geom-jasmine_betrothal_lod1">
        <bind_shape_matrix>0.3937008 0 0 0 0 0.3937008 0 0 0 0 0.3937008 0 0 0 0 1</bind_shape_matrix>
        <source id="geom-jasmine_betrothal_lod1-skin1-joints">
          <Name_array id="geom-jasmine_betrothal_lod1-skin1-joints-array" count="43">joint0 joint1 joint2 joint3 joint4 joint5 joint6 joint7 joint8 joint9 joint10 joint11 joint12 joint13 joint14 joint15 joint16 joint17 joint18 joint19 joint20 joint21 joint22 joint23 joint24 joint25 joint26 joint27 joint28 joint29 joint30 joint31 joint32 joint33 joint34 joint35 joint36 joint37 joint38 joint39 joint40 joint41 joint42</Name_array>
          <technique_common>
            <accessor source="#geom-jasmine_betrothal_lod1-skin1-joints-array" count="43" stride="1">
              <param name="JOINT" type="name"/>
            </accessor>
          </technique_common>
        </source>
        <source id="geom-jasmine_betrothal_lod1-skin1-bind_poses">
          <float_array id="geom-jasmine_betrothal_lod1-skin1-bind_poses-array" count="688">3.58556e-6 -7.76983e-7 2.539999 -1140.368 -4.15546e-6 -2.540001 -7.78849e-7 -6.166613 2.54 -4.15546e-6 -3.58556e-6 9.20869e-4 0 0 0 1 0.2105038 0.2861013 -2.51504 392.0656 0.02382634 -2.523835 -0.2851073 30.46666 -2.531149 3.62177e-5 -0.2118479 117.524 0 0 0 1 2.39917 4.15789e-6 -0.8340161 327.1673 -3.00292e-6 2.540001 4.02646e-6 -9.42307e-4 0.8340161 -2.81523e-6 2.399169 -1007.749 0 0 0 1 1.355074 -1.404998 -1.625221 234.8432 -0.1170644 1.870368 -1.714528 539.7646 2.145149 0.9895968 0.9330753 -589.4363 0 0 0 1 1.266937 -1.200322 -1.845446 276.3285 -0.2781771 2.02488 -1.508 512.4952 2.183822 0.9542958 0.8785409 -581.4697 0 0 0 1 1.802867 -0.8277211 -1.586234 118.9826 -1.639041 0.138985 -1.935409 818.5237 0.7174979 2.397324 -0.4354715 32.26379 0 0 0 1 1.881501 -0.5056036 -1.629695 122.1508 -1.704829 -0.6585434 -1.763933 776.4663 -0.07140653 2.400476 -0.8271719 246.1224 0 0 0 1 1.358291 -0.7704172 -2.003266 275.3139 -2.022826 0.3330099 -1.49962 775.1637 0.717498 2.397323 -0.435471 32.26362 0 0 0 1 1.182845 -0.7007617 -2.135738 348.2735 -2.244772 -0.2436751 -1.163277 717.526 0.1160454 2.429228 -0.7327874 186.9836 0 0 0 1 -5.10766e-6 3.01393e-6 -2.539996 60.18256 0.08168292 -2.538686 -3.17242e-6 21.28554 -2.538685 -0.08168294 4.84549e-6 113.6413 0 0 0 1 1.773749 -0.2212159 -1.80457 463.7743 0.2851906 2.523773 -0.02906037 -38.0023 1.795572 -0.1823233 1.787253 -796.3011 0 0 0 1 1.814596 -0.4996552 -1.705632 251.3256 -1.712442 0.1610298 -1.869011 808.8992 0.4757952 2.48516 -0.2218212 -7.545746 0 0 0 1 0.211549 -0.134471 -2.5276 654.0924 -0.01125156 -2.536438 0.1339995 -34.67545 -2.53115 3.62187e-5 -0.211848 117.524 0 0 0 1 0.081683 -2.538685 -3.36419e-6 -48.92889 5.11382e-6 -3.20559e-6 2.539995 -0.7838248 -2.538685 -0.08168302 4.84549e-6 113.6413 0 0 0 1 1.795668 0.2604595 -1.777453 652.9164 -0.05568363 2.520026 0.3130178 -125.0944 1.795572 -0.1823233 1.787255 -796.3016 0 0 0 1 3.60489e-6 -0.002027059 2.539999 -1059.301 -4.15834e-6 -2.540001 -0.00202706 0.887574 2.54 -4.15546e-6 -3.60821e-6 9.41136e-4 0 0 0 1 6.1447e-12 -4.43085e-6 2.54 -662.5311 6.74215e-6 -2.54 -4.43085e-6 0.001155738 2.54 6.74215e-6 5.6165e-12 -7.96861e-6 0 0 0 1 -3.90383e-6 0.3222328 -2.519476 1134.591 -9.95724e-6 2.519479 0.3222326 -248.2909 2.54 1.0372e-5 -2.60909e-6 3.25352e-4 0 0 0 1 -4.32336e-6 0.4289869 -2.50351 944.3964 -9.78239e-6 2.503513 0.4289868 -288.5683 2.54 1.0372e-5 -2.60909e-6 3.1927e-4 0 0 0 1 -4.73508e-6 0.5349659 -2.483022 795.9508 -9.58986e-6 2.483026 0.5349658 -322.5204 2.54 1.03721e-5 -2.60909e-6 3.26436e-4 0 0 0 1 -0.210513 0.2861031 -2.51504 392.0656 -0.02382133 -2.523834 -0.2851096 30.46717 -2.531149 -4.24121e-5 0.2118566 -117.5263 0 0 0 1 -2.399172 -1.31472e-6 -0.83401 327.1659 -3.00302e-6 2.540002 4.63704e-6 -0.0011992 0.8340103 5.36331e-6 -2.399171 1007.75 0 0 0 1 -1.355075 -1.405002 -1.625219 234.8426 0.1170559 1.87037 -1.714529 539.7645 2.145151 -0.989592 -0.9330837 589.4386 0 0 0 1 -1.266938 -1.200325 -1.845445 276.3281 0.2781698 2.024882 -1.508001 512.4951 2.183825 -0.9542921 -0.8785489 581.4721 0 0 0 1 -1.80287 -0.8277244 -1.58623 118.9818 1.639038 0.1389904 -1.935415 818.5254 0.7175043 -2.397324 0.4354683 -32.26287 0 0 0 1 -1.881504 -0.505608 -1.62969 122.1497 1.704829 -0.658539 -1.76394 776.4686 -0.07139927 -2.400478 0.827172 -246.1223 0 0 0 1 -1.358295 -0.7704183 -2.003263 275.3131 2.022824 0.3330165 -1.499628 775.1663 0.7175047 -2.397324 0.4354668 -32.26236 0 0 0 1 -1.182848 -0.7007636 -2.135738 348.2736 2.244773 -0.2436695 -1.163285 717.5287 0.1160521 -2.429231 0.7327864 -186.9833 0 0 0 1 -2.9043e-6 5.39757e-6 -2.539998 60.18296 -0.08167656 -2.538684 -5.25476e-6 21.28599 -2.538686 0.08167656 3.39129e-6 -113.6436 0 0 0 1 -1.773753 -0.2212198 -1.804565 463.7729 -0.2851966 2.523772 -0.02905868 -38.0029 1.795567 0.1823282 -1.787259 796.3027 0 0 0 1 -1.814599 -0.4996592 -1.705626 251.3242 1.712437 0.1610347 -1.869018 808.9008 0.4758016 -2.485159 0.2218191 7.546471 0 0 0 1 -0.2115573 -0.1344703 -2.527599 654.0922 0.01125813 -2.536438 0.1339982 -34.67511 -2.53115 -4.24188e-5 0.2118566 -117.5263 0 0 0 1 -0.08167652 -2.538683 -5.44652e-6 -48.92845 2.69078e-6 -5.58256e-6 2.539998 -0.7842652 -2.538686 0.08167655 3.18383e-6 -113.6436 0 0 0 1 -1.795673 0.2604555 -1.777447 652.9147 0.0556785 2.520025 0.3130184 -125.0947 1.795566 0.1823281 -1.78726 796.303 0 0 0 1 3.63887e-6 -0.002027058 2.539999 -734.3866 -4.15835e-6 -2.539999 -0.002027059 0.6721696 2.54 -4.15544e-6 -3.64219e-6 9.52303e-4 0 0 0 1 3.63321e-6 -0.002027059 2.539999 -842.6916 -4.15834e-6 -2.539999 -0.002027059 0.7584101 2.54 -4.15544e-6 -3.63653e-6 9.50905e-4 0 0 0 1 3.62188e-6 -0.002027059 2.539999 -950.9961 -4.15834e-6 -2.54 -0.002027059 0.8446504 2.54 -4.15545e-6 -3.6252e-6 9.47377e-4 0 0 0 1 0.01168509 0.07418153 -2.538889 605.6463 0.3859597 2.509381 0.0750957 -114.2488 2.510478 -0.3861364 2.7216e-4 -47.86271 0 0 0 1 0.0116851 0.07418155 -2.538889 490.9124 0.3859595 2.50938 0.07509571 -114.1483 2.510477 -0.3861363 2.72158e-4 -47.8627 0 0 0 1 0.0116851 0.07418158 -2.538889 364.7688 0.3859594 2.50938 0.07509573 -114.0712 2.510476 -0.3861362 2.72158e-4 -47.86268 0 0 0 1 -0.01168466 0.07418063 -2.538889 605.6462 -0.3859817 2.509378 0.07509478 -114.2489 2.510475 0.3861583 -2.71211e-4 47.86194 0 0 0 1 -0.01168472 0.07418058 -2.538888 490.9122 -0.3859815 2.509377 0.07509475 -114.1484 2.510475 0.3861582 -2.71284e-4 47.86197 0 0 0 1 -0.01168486 0.07418055 -2.538888 364.7685 -0.3859815 2.509377 0.07509476 -114.0713 2.510475 0.3861582 -2.7142e-4 47.862 0 0 0 1</float_array>
          <technique_common>
            <accessor source="#geom-jasmine_betrothal_lod1-skin1-bind_poses-array" count="43" stride="16">
              <param name="TRANSFORM" type="float4x4"/>
            </accessor>
          </technique_common>
        </source>
        <source id="geom-jasmine_betrothal_lod1-skin1-weights">
          <float_array id="geom-jasmine_betrothal_lod1-skin1-weights-array" count="2153">1 0.6649086 0.3350914 0.1489491 0.8510509 0.6218814 0.3781186 0.1138233 0.8861768 0.1662769 0.8337232 0.2224098 0.7775903 0.1751091 0.8248909 0.07820692 0.9217932 0.1209678 0.8790323 0.2161725 0.7838274 0.09653495 0.9034651 0.2318138 0.7681863 0.1342846 0.8657154 0.0835108 0.9164892 0.1489987 0.8510014 0.3999368 0.6000631 0.4398365 0.5601635 0.324705 0.675295 0.5051288 0.4948712 0.6440778 0.3559222 0.4466193 0.5533807 0.4302722 0.5697278 0.1857052 0.8142948 0.4517965 0.5482035 0.4517965 0.5482035 0.4302722 0.5697278 0.4723986 0.5276014 0.4466193 0.5533807 0.5051288 0.4948712 0.7206923 0.2793078 0.7429072 0.2570928 0.7229921 0.2770079 0.709779 0.2902211 0.6440778 0.3559222 0.709779 0.2902211 0.8812889 0.118711 0.7206923 0.2793078 0.7429072 0.2570928 0.9235256 0.07647439 0.912854 0.08714598 0.087171 0.912829 0.08540994 0.9145901 0.08540994 0.9145901 0.3811319 0.6188682 0.2231876 0.7768125 0.6583656 0.3416344 0.672899 0.327101 0.672899 0.327101 0.8165868 0.1834132 0.6583656 0.3416344 0.4723986 0.5276014 0.4302722 0.5697278 0.672899 0.327101 0.7490712 0.2509289 0.2231876 0.7768125 0.2442271 0.7557729 0.4689668 0.5310332 0.5155103 0.4844898 0.4517965 0.5482035 0.8165868 0.1834132 0.672899 0.327101 0.5420452 0.4579549 0.5420452 0.4579549 0.4677469 0.532253 0.6012824 0.3987176 0.6251746 0.3748254 0.4677469 0.532253 0.6061968 0.3938031 0.3418192 0.6581808 0.2504325 0.7495676 0.4999362 0.5000638 0.6251746 0.3748254 0.7990161 0.2009839 0.4268875 0.5731126 0.4677469 0.532253 0.6596621 0.3403379 0.4268875 0.5731126 0.4689668 0.5310332 0.2442271 0.7557729 0.4268875 0.5731126 0.9495586 0.05044141 0.9781672 0.0218328 0.9349648 0.06503521 0.7907017 0.2092983 0.9349648 0.06503521 0.9781672 0.0218328 0.9429067 0.05709331 0.8224046 0.1775954 0.7666684 0.2333316 0.9257824 0.07421764 0.7907017 0.2092983 0.6364918 0.3635082 0.8426355 0.1573646 0.8029638 0.1970363 0.9554855 0.04451455 0.8061228 0.1938771 0.9896432 0.01035681 0.8665512 0.1334489 0.7990161 0.2009839 0.5568532 0.4431468 0.5398647 0.4601353 0.9657633 0.03423665 0.9674876 0.03251237 0.1618572 0.8381428 0.1515455 0.8484545 0.05905675 0.9409433 0.1833279 0.8166721 0.2004197 0.7995804 0.0425803 0.9574197 0.08559975 0.9144002 0.07512465 0.9248753 0.04506003 0.95494 0.1550013 0.8449987 0.04183561 0.9581644 0.2074175 0.7925825 0.1833279 0.8166721 0.2207506 0.7792494 0.2004197 0.7995804 0.2782444 0.7217556 0.3979231 0.6020769 0.3515211 0.6484789 0.3431766 0.6568234 0.3843326 0.6156675 0.3339388 0.6660612 0.3431766 0.6568234 0.3607168 0.6392832 0.193998 0.806002 0.6250448 0.3749552 0.3607168 0.6392832 0.2782444 0.7217556 0.2864373 0.7135627 0.2892517 0.7107483 0.2705941 0.7294058 0.3431766 0.6568234 0.3339388 0.6660612 0.4903819 0.5096181 0.2177589 0.782241 0.2281272 0.7718728 0.1980101 0.8019898 0.1151234 0.8848767 0.1653281 0.8346719 0.1653281 0.8346719 0.1194082 0.8805918 0.1964271 0.8035729 0.6377714 0.3622287 0.6813619 0.3186381 0.5032743 0.4967256 0.5504855 0.4495145 0.5360618 0.4639382 0.9820855 0.01791455 0.00332629 0.9966738 0.09376386 0.9062362 0.08867148 0.9113286 0.00517596 0.9948241 0.9790818 0.02091825 0.09655971 0.9034403 0.1023334 0.8976666 0.0801891 0.9198109 0.8801231 0.1198769 0.6732531 0.3267469 0.620572 0.379428 0.2231175 0.7768825 0.00500864 0.9949914 0.09492583 0.9050742 0.1153634 0.8846366 0.5018751 0.4981249 0.03391354 0.9660864 0.04336622 0.9566338 0.08286898 0.917131 0.05601983 0.9439802 0.04336622 0.9566338 0.1365516 0.8634484 0.6523509 0.3476491 0.1402545 0.8597455 0.4397682 0.5602318 0.32 0.68 0.4518757 0.5481243 0.7516534 0.2483466 0.5407035 0.4592965 0.726271 0.2737291 0.1946341 0.8053659 0.06788311 0.9321169 0.1181252 0.8818748 0.1662769 0.8337232 0.1489491 0.8510509 0.1636997 0.8363003 0.1946341 0.8053659 0.1829406 0.8170595 0.1496212 0.8503789 0.1829406 0.8170595 0.5249062 0.4750938 0.1898504 0.8101496 0.1523909 0.8476092 0.1898504 0.8101496 0.1430979 0.8569021 0.1722791 0.8277209 0.03491431 0.9650857 0.04409623 0.9559038 0.07820692 0.9217932 0.1209678 0.8790323 0.04409623 0.9559038 0.09653495 0.9034651 0.0835108 0.9164892 0.04420123 0.9557989 0.07881204 0.921188 0.7847608 0.2152392 0.4343993 0.5656007 0.1758116 0.8241885 0.5734485 0.4265514 0.5155103 0.4844898 0.7229921 0.2770079 0.087171 0.912829 0.4558882 0.5441117 0.5420452 0.4579549 0.6012824 0.3987176 0.4689668 0.5310332 0.6061968 0.3938031 0.5420452 0.4579549 0.06544209 0.9345579 0.2533728 0.7466272 0.5012415 0.4987585 0.5012415 0.4987585 0.4999362 0.5000638 0.6596621 0.3403379 0.6892204 0.3107797 0.6892204 0.3107797 0.3083213 0.6916787 0.3004913 0.6995087 0.7990161 0.2009839 0.9429067 0.05709331 0.05752273 0.9424773 0.8061228 0.1938771 0.8029638 0.1970363 0.8029638 0.1970363 0.8665512 0.1334489 0.05752273 0.9424773 0.0132547 0.9867453 0.9896432 0.01035681 0.9257824 0.07421764 0.8224046 0.1775954 0.6061968 0.3938031 0.7490712 0.2509289 0.4723986 0.5276014 0.7907017 0.2092983 0.9349648 0.06503521 0.9781672 0.0218328 0.9495586 0.05044141 0.5390936 0.4609065 0.8426355 0.1573646 0.8665512 0.1334489 0.9896432 0.01035681 0.8029638 0.1970363 0.5450491 0.454951 0.0132547 0.9867453 0.5365926 0.4634074 0.9896432 0.01035681 0.9554855 0.04451455 0.5398647 0.4601353 0.9554855 0.04451455 0.7418919 0.2581082 0.4188976 0.5811024 0.4006357 0.5993644 0.7129363 0.2870637 0.9619889 0.03801122 0.9533138 0.04668619 0.349229 0.650771 0.6687928 0.3312072 0.6446751 0.355325 0.3521202 0.6478798 0.9657633 0.03423665 0.9641153 0.03588474 0.4188976 0.5811024 0.4006357 0.5993644 0.3521202 0.6478798 0.08559975 0.9144002 0.349229 0.650771 0.3259661 0.6740338 0.07512465 0.9248753 0.4014956 0.5985044 0.3979231 0.6020769 0.3431766 0.6568234 0.3843326 0.6156675 0.3843326 0.6156675 0.4014956 0.5985044 0.1672774 0.8327226 0.3979231 0.6020769 0.175025 0.824975 0.3515211 0.6484789 0.2782444 0.7217556 0.3431766 0.6568234 0.2892517 0.7107483 0.3995989 0.6004012 0.2648387 0.7351613 0.1988848 0.8011153 0.6250448 0.3749552 0.2648387 0.7351613 0.3995989 0.6004012 0.1127099 0.8872902 0.1132653 0.8867347 0.1194082 0.8805918 0.1151234 0.8848767 0.664016 0.335984 0.6831653 0.3168347 0.2442271 0.7557729 0.743406 0.2565941 0.7794381 0.2205618 0.3004913 0.6995087 0.3083213 0.6916787 0.5458608 0.4541393 0.5577449 0.442255 0.546742 0.453258 0.5612303 0.4387697 0.5360618 0.4639382 0.5504855 0.4495145 0.5202158 0.4797843 0.6996543 0.3003457 0.7138282 0.2861718 0.5458608 0.4541393 0.3703768 0.6296232 0.3610157 0.6389843 0.4065571 0.5934429 0.4431789 0.5568212 0.5758425 0.4241575 0.8814743 0.1185257 0.9697073 0.0302928 0.974407 0.02559301 0.4021898 0.5978101 0.8517956 0.1482044 0.4597839 0.5402161 0.4772034 0.5227966 0.00500864 0.9949914 0.1059002 0.8940998 0.9826778 0.0173222 0.9678318 0.03216823 0.072615 0.927385 0.072615 0.927385 0.07881204 0.921188 0.4188976 0.5811024 0.9495586 0.05044141 0.7907017 0.2092983 0.9495586 0.05044141 0.1365516 0.8634484 0.072615 0.927385 0.1402545 0.8597455 0.5018751 0.4981249 0.6523509 0.3476491 0.9678318 0.03216823 0.9826778 0.0173222 0.1988848 0.8011153 0.2648387 0.7351613 0.3075197 0.6924803 0.2177589 0.782241 0.3339388 0.6660612 0.3339388 0.6660612 0.1988848 0.8011153 0.1138233 0.8861768 0.8224046 0.1775954 0.9861612 0.01383882 0.894367 0.105633 0.9533332 0.04666681 0.9196575 0.08034251 0.9958981 0.00410191 0.9943329 0.0056671 0.836031 0.1639691 0.925768 0.07423198 0.9742844 0.02571566 0.9995484 4.5163e-4 0.9971024 0.00289757 0.9694335 0.03056643 0.798628 0.2013721 0.8614097 0.1385904 0.9381804 0.06181954 0.6869084 0.3130916 0.7618905 0.2381095 0.3860784 0.6139215 0.5738794 0.4261206 0.7914318 0.2085681 0.5909652 0.4090348 0.3076265 0.6923735 0.1520652 0.8479348 0.8015037 0.1984963 0.601204 0.398796 0.868856 0.131144 0.09114642 0.9088537 0.6124293 0.3875707 0.597515 0.4024851 0.8598331 0.1401669 0.8939793 0.1060207 0.7624648 0.2375351 0.7885557 0.2114442 0.8735076 0.1264924 0.3499035 0.6500965 0.597515 0.4024851 0.423937 0.576063 0.601204 0.398796 0.4342737 0.5657264 0.4061815 0.5938184 0.6031036 0.3968963 0.3042768 0.6957232 0.900122 0.09987799 0.8876774 0.1123227 0.907435 0.09256509 0.2977297 0.7022703 0.9122403 0.08775967 3.0071e-4 0.9996993 0.9358848 0.06411532 0.8735076 0.1264924 0.9861612 0.01383882 0.9658682 0.03413182 0.6776258 0.3223742 0.9216843 0.07831573 0.6776258 0.3223742 0.9658682 0.03413182 0.9216843 0.07831573 0.6776258 0.3223742 0.5039464 0.4960537 0.1478031 0.8521969 0.1898999 0.8101001 0.1337727 0.8662273 0.477423 0.522577 0.9974957 0.00250427 0.9847322 0.01526783 0.9542114 0.04578856 0.7367276 0.2632725 0.9793116 0.02068841 0.9994956 5.0442e-4 0.8163286 0.1836714 0.4422509 0.5577491 0.4194189 0.5805811 0.6031036 0.3968963 0.5839976 0.4160024 0.6124293 0.3875707 0.4554951 0.5445049 0.9111201 0.08887988 0.406809 0.593191 0.40773 0.59227 0.4026462 0.5973538 0.3863693 0.6136307 0.4005755 0.5994246 0.1549155 0.8450845 0.1631439 0.8368561 0.1444713 0.8555287 0.1658082 0.8341918 0.1589211 0.8410789 0.05315946 0.9468405 0.05462314 0.9453769 0.00847112 0.9915289 0.00737827 0.9926217 0.00595652 0.9940435 0.05163502 0.948365 0.0506164 0.9493836 0.00495345 0.9950466 3.7888e-4 0.9996211 0.7403308 0.2596692 0.9533332 0.04666681 0.5839976 0.4160024 0.9196575 0.08034251 0.9533332 0.04666681 0.9861612 0.01383882 0.9554855 0.04451455 0.349229 0.650771 0.7012435 0.2987566 0.3259661 0.6740338 0.9809178 0.01908222 0.9828331 0.0171669 0.9860225 0.01397746 0.9671242 0.03287582 0.3259661 0.6740338 0.7012435 0.2987566 0.9810913 0.0189087 0.9810913 0.0189087 0.4302722 0.5697278 0.672899 0.327101 0.4268875 0.5731126 0.6061968 0.3938031 0.4677469 0.532253 0.3572247 0.6427753 0.5156842 0.4843158 0.3080758 0.6919242 0.4793846 0.5206154 0.5408726 0.4591274 0.5429067 0.4570934 0.4985147 0.5014853 0.6437406 0.3562594 0.3896508 0.6103492 0.6985269 0.3014731 0.5317429 0.4682571 0.5308325 0.4691675 0.7401608 0.2598392 0.2838739 0.7161261 0.6377714 0.3622287 0.6831653 0.3168347 0.2756369 0.7243631 0.743406 0.2565941 0.2554761 0.7445239 0.7794381 0.2205618 0.7274243 0.2725757 0.7198194 0.2801807 0.6675283 0.3324717 0.5262547 0.4737453 0.2707246 0.7292755 0.2763606 0.7236394 0.2684137 0.7315863 0.4785987 0.5214013 0.4591417 0.5408583 0.4351206 0.5648795 0.5125598 0.4874401 0.3969323 0.6030678 0.3763986 0.6236015 0.55903 0.44097 0.1229338 0.8770661 0.5000001 0.5 0.5504855 0.4495145 0.5032743 0.4967256 0.5443773 0.4556227 0.5429067 0.4570934 0.5987785 0.4012215 0.5443773 0.4556227 0.5458608 0.4541393 0.5429067 0.4570934 0.7260095 0.2739905 0.7274243 0.2725757 0.7138282 0.2861718 0.3703768 0.6296232 0.3212119 0.6787881 0.2522576 0.7477424 0.2763606 0.7236394 0.4486013 0.5513987 0.3664745 0.6335254 0.4021898 0.5978101 0.4597839 0.5402161 0.4793758 0.5206242 0.3942522 0.6057478 0.3969323 0.6030678 0.4949104 0.5050896 0.55903 0.44097 0.2491912 0.7508089 0.1229338 0.8770661 0.4999998 0.5000002 0.5000001 0.5 0.5987785 0.4012215 0.6813619 0.3186381 0.5987785 0.4012215 0.4649911 0.5350089 0.5552405 0.4447595 0.6397356 0.3602643 0.4793846 0.5206154 0.2850337 0.7149663 0.2838739 0.7161261 0.6813619 0.3186381 0.296742 0.703258 0.664016 0.335984 0.6397356 0.3602643 0.546742 0.453258 0.5577449 0.442255 0.5987785 0.4012215 0.5504855 0.4495145 0.1023334 0.8976666 0.76 0.24 0.76 0.24 0.1059002 0.8940998 0.09655971 0.9034403 0.76 0.24 0.08867148 0.9113286 0.76 0.24 0.76 0.24 0.0801891 0.9198109 0.09376386 0.9062362 0.7600001 0.24 0.1059002 0.8940998 0.76 0.24 0.1059002 0.8940998 0.5279753 0.4720247 0.9697073 0.0302928 0.8814743 0.1185257 0.5758425 0.4241575 0.974407 0.02559301 0.9697073 0.0302928 0.5279753 0.4720247 0.8517956 0.1482044 0.974407 0.02559301 0.4772034 0.5227966 0.6220144 0.3779857 0.1490161 0.8509839 0.1663181 0.8336819 0.2224033 0.7775967 0.07791121 0.9220889 0.175114 0.824886 0.1209852 0.8790148 0.2162216 0.7837784 0.09654185 0.9034582 0.2318133 0.7681867 0.08351715 0.9164829 0.1342334 0.8657667 0.4397464 0.5602536 0.3247044 0.6752957 0.5051166 0.4948834 0.4465902 0.5534099 0.4302419 0.5697581 0.185618 0.8143821 0.4518109 0.5481891 0.4518109 0.5481891 0.4724096 0.5275904 0.4302419 0.5697581 0.4465902 0.5534099 0.7428964 0.2571036 0.7206852 0.2793148 0.5051166 0.4948834 0.7097899 0.2902102 0.7097899 0.2902102 0.7206852 0.2793148 0.8812931 0.118707 0.7428964 0.2571036 0.9235619 0.07643806 0.08540364 0.9145964 0.08540364 0.9145964 0.2231865 0.7768135 0.3811283 0.6188716 0.6583647 0.3416354 0.6727982 0.3272019 0.6727982 0.3272019 0.8165872 0.1834129 0.6583647 0.3416354 0.4302419 0.5697581 0.4724096 0.5275904 0.6727982 0.3272019 0.7490731 0.2509269 0.2231865 0.7768135 0.4689888 0.5310112 0.24444 0.75556 0.4518109 0.5481891 0.515507 0.484493 0.8165872 0.1834129 0.6727982 0.3272019 0.5420481 0.4579519 0.5420481 0.4579519 0.6012636 0.3987364 0.4677458 0.5322542 0.625178 0.374822 0.6062011 0.3937989 0.4677458 0.5322542 0.3418171 0.6581829 0.2504287 0.7495713 0.4999377 0.5000622 0.625178 0.374822 0.4677458 0.5322542 0.4245532 0.5754468 0.7990378 0.2009622 0.6596078 0.3403922 0.4245532 0.5754468 0.4689888 0.5310112 0.4245532 0.5754468 0.24444 0.75556 0.9495512 0.05044886 0.9349614 0.06503859 0.9781679 0.02183219 0.7906988 0.2093012 0.9428993 0.05710074 0.9781679 0.02183219 0.9349614 0.06503859 0.8223858 0.1776141 0.7667818 0.2332183 0.9257647 0.07423537 0.7906988 0.2093012 0.8420046 0.1579954 0.6365088 0.3634912 0.8029505 0.1970496 0.8061135 0.1938865 0.9554819 0.04451814 0.9896461 0.01035401 0.7990378 0.2009622 0.8665328 0.1334672 0.5568531 0.4431469 0.9674895 0.03251044 0.9658028 0.03419714 0.5398692 0.4601308 0.161591 0.838409 0.04830728 0.9516927 0.1486828 0.8513173 0.1774792 0.8225209 0.2004025 0.7995976 0.04223424 0.9577658 0.06902972 0.9309704 0.04499658 0.9550035 0.07516367 0.9248364 0.1548276 0.8451724 0.04180878 0.9581912 0.1774792 0.8225209 0.2073646 0.7926354 0.2207538 0.7792461 0.2004025 0.7995976 0.2782471 0.721753 0.3978838 0.6021163 0.3514887 0.6485113 0.3843062 0.6156938 0.3431584 0.6568416 0.3339333 0.6660667 0.3431584 0.6568416 0.360708 0.639292 0.2024959 0.7975042 0.2782471 0.721753 0.360708 0.639292 0.6251315 0.3748685 0.2892509 0.7107491 0.2842863 0.7157137 0.2705932 0.7294068 0.3431584 0.6568416 0.4904627 0.5095373 0.3339333 0.6660667 0.2281339 0.7718661 0.6815836 0.3184164 0.1979595 0.8020406 0.1652497 0.8347503 0.1150677 0.8849323 0.1652497 0.8347503 0.1963473 0.8036526 0.1193505 0.8806495 0.6377011 0.3622989 0.6813598 0.3186402 0.5032364 0.4967636 0.4636483 0.5363517 0.5677525 0.4322475 0.9820853 0.01791461 0.08227492 0.9177251 0.08697218 0.9130279 0.00288377 0.9971162 0.00462014 0.9953799 0.09423053 0.9057695 0.09007324 0.9099268 0.9791094 0.02089066 0.07442399 0.9255761 0.8726993 0.1273007 0.6732483 0.3267517 0.5884368 0.4115632 0.11097 0.88903 0.00450496 0.9954951 0.09490463 0.9050954 0.115342 0.884658 0.6671989 0.3328011 0.03387279 0.9661272 0.04332139 0.9566786 0.08282429 0.9171757 0.05598599 0.944014 0.04332139 0.9566786 0.136513 0.8634869 0.4801092 0.5198908 0.1402519 0.8597481 0.439749 0.560251 0.4521058 0.5478942 0.7515894 0.2484106 0.540651 0.459349 0.7226277 0.2773723 0.1946726 0.8053274 0.06746293 0.9325371 0.1490161 0.8509839 0.1663181 0.8336819 0.117873 0.882127 0.1946726 0.8053274 0.1637323 0.8362677 0.1529646 0.8470354 0.1529646 0.8470354 0.149626 0.8503739 0.4107377 0.5892623 0.1898704 0.8101296 0.1898704 0.8101296 0.1524093 0.8475907 0.07791121 0.9220889 0.1209852 0.8790148 0.09654185 0.9034582 0.08351715 0.9164829 0.7846452 0.2153548 0.4343997 0.5656004 0.1758197 0.8241804 0.5734547 0.4265454 0.515507 0.484493 0.5420481 0.4579519 0.6012636 0.3987364 0.4689888 0.5310112 0.5420481 0.4579519 0.6062011 0.3937989 0.6596078 0.3403922 0.4999377 0.5000622 0.3082777 0.6917223 0.7990378 0.2009622 0.9428993 0.05710074 0.0575246 0.9424754 0.8061135 0.1938865 0.8029505 0.1970496 0.8029505 0.1970496 0.8665328 0.1334672 0.0575246 0.9424754 0.01325913 0.9867409 0.9257647 0.07423537 0.9896461 0.01035401 0.8223858 0.1776141 0.6062011 0.3937989 0.7490731 0.2509269 0.9349614 0.06503859 0.7906988 0.2093012 0.4724096 0.5275904 0.9781679 0.02183219 0.5390874 0.4609126 0.9495512 0.05044886 0.8420046 0.1579954 0.8665328 0.1334672 0.8029505 0.1970496 0.9896461 0.01035401 0.01325913 0.9867409 0.5451374 0.4548626 0.9896461 0.01035401 0.536688 0.463312 0.9554819 0.04451814 0.5398692 0.4601308 0.9554819 0.04451814 0.7419419 0.2580581 0.7129403 0.2870596 0.4006048 0.5993952 0.413532 0.586468 0.9619888 0.03801117 0.9533143 0.0466857 0.3473028 0.6526971 0.3288666 0.6711334 0.6350662 0.3649339 0.6688439 0.3311561 0.9658028 0.03419714 0.9641633 0.0358367 0.413532 0.586468 0.4006048 0.5993952 0.3288666 0.6711334 0.06902972 0.9309704 0.3473028 0.6526971 0.3224334 0.6775666 0.07516367 0.9248364 0.3978838 0.6021163 0.4014587 0.5985413 0.3431584 0.6568416 0.3843062 0.6156938 0.3843062 0.6156938 0.4014587 0.5985413 0.3978838 0.6021163 0.1671973 0.8328027 0.3514887 0.6485113 0.1749632 0.8250369 0.2782471 0.721753 0.3431584 0.6568416 0.2892509 0.7107491 0.26485 0.73515 0.3996319 0.6003681 0.3788926 0.6211074 0.6251315 0.3748685 0.3996319 0.6003681 0.26485 0.73515 0.1126494 0.8873506 0.1132033 0.8867967 0.1193505 0.8806495 0.1150677 0.8849323 0.6830809 0.3169191 0.24444 0.75556 0.7433404 0.2566597 0.3082777 0.6917223 0.4596101 0.5403899 0.5677525 0.4322475 0.4636483 0.5363517 0.5462458 0.4537542 0.2962368 0.7037632 0.2879406 0.7120594 0.4596101 0.5403899 0.3684833 0.6315168 0.3611425 0.6388575 0.4159178 0.5840823 0.07388822 0.9261118 0.03183104 0.968169 0.03023628 0.9697637 0.3879815 0.6120185 0.1274271 0.872573 0.0995903 0.9004097 0.00450496 0.9954951 0.9798452 0.0201548 0.9816716 0.01832842 0.07257729 0.9274227 0.07257729 0.9274227 0.413532 0.586468 0.7906988 0.2093012 0.9495512 0.05044886 0.9495512 0.05044886 0.136513 0.8634869 0.1402519 0.8597481 0.07257729 0.9274227 0.4801092 0.5198908 0.6671989 0.3328011 0.9798452 0.0201548 0.9816716 0.01832842 0.3788926 0.6211074 0.3075362 0.6924639 0.26485 0.73515 0.6815836 0.3184164 0.3339333 0.6660667 0.3788926 0.6211074 0.3339333 0.6660667 0.8223858 0.1776141 0.9861582 0.01384179 0.8943678 0.1056322 0.9533295 0.04667048 0.9196486 0.08035141 0.9958984 0.00410159 0.8360805 0.1639195 0.9943323 0.00566766 0.9258446 0.07415535 0.9743077 0.02569231 0.9995484 4.5161e-4 0.9694332 0.03056674 0.9971024 0.00289757 0.7986066 0.2013934 0.9382005 0.06179944 0.8613983 0.1386017 0.6869013 0.3130987 0.5738422 0.4261578 0.3860992 0.6139009 0.7914618 0.2085382 0.1520619 0.8479381 0.3076635 0.6923365 0.8014325 0.1985675 0.6012639 0.3987361 0.09110975 0.9088902 0.5975367 0.4024633 0.8598083 0.1401918 0.7886001 0.2113998 0.3499185 0.6500815 0.8735949 0.1264052 0.5975367 0.4024633 0.6012639 0.3987361 0.4240254 0.5759746 0.4343436 0.5656564 0.4064277 0.5935723 0.603084 0.396916 0.3044384 0.6955616 0.8999238 0.1000763 0.8876714 0.1123287 0.9074277 0.0925724 2.9086e-4 0.9997091 0.8735949 0.1264052 0.9359354 0.06406463 0.9658083 0.03419165 0.9861582 0.01384179 0.6775625 0.3224375 0.9216965 0.07830357 0.9658083 0.03419165 0.6775625 0.3224375 0.9216965 0.07830357 0.6775625 0.3224375 0.5039213 0.4960787 0.1477909 0.8522092 0.1898283 0.8101717 0.9975111 0.00248889 0.984777 0.01522301 0.9542228 0.04577717 0.7367633 0.2632367 0.4422185 0.5577815 0.603084 0.396916 0.4077474 0.5922526 0.4026053 0.5973948 0.38627 0.61373 0.1632107 0.8367893 0.1445273 0.8554727 0.1658123 0.8341877 0.05463876 0.9453613 0.00848301 0.991517 0.0059482 0.9940518 0.05163763 0.9483624 0.7403086 0.2596914 0.9533295 0.04667048 0.9196486 0.08035141 0.9533295 0.04667048 0.9861582 0.01384179 0.9554819 0.04451814 0.3473028 0.6526971 0.3224334 0.6775666 0.7013179 0.2986821 0.9828311 0.01716885 0.9809027 0.01909732 0.9860274 0.01397259 0.9671299 0.03287003 0.3224334 0.6775666 0.7013179 0.2986821 0.9810945 0.01890548 0.9810945 0.01890548 0.4302419 0.5697581 0.6727982 0.3272019 0.4245532 0.5754468 0.6062011 0.3937989 0.4677458 0.5322542 0.3529362 0.6470638 0.3077341 0.6922659 0.4841491 0.515851 0.4593056 0.5406944 0.479424 0.5205761 0.450427 0.549573 0.5007029 0.4992972 0.6165969 0.3834031 0.3555832 0.6444169 0.3009398 0.6990601 0.4675138 0.5324862 0.287075 0.7129251 0.6377011 0.3622989 0.6830809 0.3169191 0.7433404 0.2566597 0.2756483 0.7243517 0.2747053 0.7252947 0.2756703 0.7243297 0.5455666 0.4544334 0.6670933 0.3329067 0.2710353 0.7289647 0.2728376 0.7271624 0.2829681 0.717032 0.4472665 0.5527335 0.4409831 0.5590169 0.401161 0.598839 0.3768316 0.6231685 0.5591336 0.4408664 0.1229544 0.8770456 0.5677525 0.4322475 0.4558097 0.5441903 0.5032364 0.4967636 0.5824039 0.4175962 0.450427 0.549573 0.4558097 0.5441903 0.4596101 0.5403899 0.450427 0.549573 0.2756703 0.7243297 0.2749015 0.7250985 0.2879406 0.7120594 0.2947809 0.7052191 0.3684833 0.6315168 0.2829681 0.717032 0.2561531 0.7438469 0.4115549 0.5884451 0.3879815 0.6120185 0.3383733 0.6616267 0.401161 0.598839 0.3497369 0.6502631 0.5591336 0.4408664 0.5279607 0.4720393 0.2630876 0.7369124 0.1229544 0.8770456 0.5824039 0.4175962 0.6813598 0.3186402 0.5824039 0.4175962 0.482927 0.517073 0.479424 0.5205761 0.2850226 0.7149774 0.287075 0.7129251 0.6813598 0.3186402 0.5824039 0.4175962 0.5462458 0.4537542 0.5677525 0.4322475 0.09423053 0.9057695 0.0995903 0.9004097 0.7000017 0.2999984 0.7000012 0.2999988 0.09007324 0.9099268 0.7000009 0.2999991 0.08227492 0.9177251 0.07442399 0.9255761 0.7000009 0.2999991 0.7000011 0.299999 0.08697218 0.9130279 0.7000013 0.2999988 0.0995903 0.9004097 0.7000017 0.2999984 0.0995903 0.9004097 0.07388822 0.9261118 0.03183104 0.968169 0.03023628 0.9697637 0.03183104 0.968169 0.03023628 0.9697637 0.1274271 0.872573</float_array>
          <technique_common>
            <accessor source="#geom-jasmine_betrothal_lod1-skin1-weights-array" count="2153" stride="1">
              <param name="WEIGHT" type="float"/>
            </accessor>
          </technique_common>
        </source>
        <joints>
          <input semantic="JOINT" source="#geom-jasmine_betrothal_lod1-skin1-joints"/>
          <input semantic="INV_BIND_MATRIX" source="#geom-jasmine_betrothal_lod1-skin1-bind_poses"/>
        </joints>
        <vertex_weights count="1452">
          <input semantic="JOINT" source="#geom-jasmine_betrothal_lod1-skin1-joints" offset="0"/>
          <input semantic="WEIGHT" source="#geom-jasmine_betrothal_lod1-skin1-weights" offset="1"/>
          <vcount>2 2 2 2 2 2 2 2 2 2 2 2 2 2 2 2 2 2 2 2 2 2 2 2 2 2 2 2 2 2 2 2 2 2 2 2 2 2 2 2 2 2 2 2 2 2 2 2 2 2 2 2 2 2 2 2 2 2 2 2 2 2 2 2 2 2 2 2 2 2 2 2 2 2 2 2 2 2 2 2 2 2 2 2 2 2 2 2 2 2 2 2 2 2 2 2 2 2 2 2 2 2 2 2 2 2 2 2 2 2 2 2 2 2 2 2 2 2 2 2 2 2 2 2 2 2 2 2 2 2 2 2 2 2 2 2 2 2 2 2 2 2 2 2 2 2 2 2 2 2 2 2 2 2 2 2 2 2 2 2 2 2 2 1 1 2 2 2 2 2 2 2 2 2 2 2 2 2 2 2 2 2 2 2 2 2 2 2 2 2 2 2 2 2 2 2 2 2 2 2 2 2 2 2 2 2 2 2 2 2 2 2 2 2 2 2 2 2 2 2 2 2 2 2 2 2 2 2 2 2 2 2 2 2 2 2 2 2 2 2 2 2 2 2 2 2 2 2 2 2 2 2 2 2 2 2 2 2 2 2 2 2 2 2 2 2 2 2 2 2 2 2 2 2 2 2 2 2 2 2 2 2 2 2 2 2 2 2 2 2 2 2 2 2 2 2 2 2 2 2 2 2 2 2 2 2 2 2 2 2 2 2 2 2 2 2 2 2 2 2 2 2 2 2 2 2 2 2 2 2 2 2 2 2 1 2 1 2 2 2 2 2 2 2 2 1 1 1 2 2 2 2 2 2 2 2 2 2 2 2 2 2 2 2 1 1 1 1 1 1 1 1 1 1 1 1 1 1 1 1 1 1 1 1 1 1 1 1 1 1 1 1 1 1 1 1 1 2 2 2 1 1 1 2 1 1 1 1 1 1 1 1 1 1 1 1 1 1 1 1 1 1 1 1 1 1 1 1 1 1 1 1 1 1 1 1 1 1 1 1 1 1 1 1 1 1 1 1 1 1 1 1 1 1 1 1 1 1 1 1 1 1 1 1 1 1 1 1 1 1 1 1 1 1 1 1 1 1 1 2 2 2 2 1 2 1 2 2 2 2 2 2 2 2 2 2 2 2 2 2 2 2 2 2 2 2 2 2 2 2 2 2 2 2 2 2 2 2 2 2 2 2 2 2 2 1 1 1 1 1 2 2 2 2 2 2 2 2 2 2 2 2 2 2 2 1 1 1 1 1 1 1 1 1 1 1 1 1 2 2 2 1 1 1 1 1 2 2 2 2 2 2 2 2 2 2 2 2 2 2 2 2 2 2 2 2 2 2 2 2 2 2 2 2 2 1 2 2 2 2 2 2 1 1 2 1 1 1 1 1 1 1 1 1 1 1 1 1 1 1 1 1 1 1 1 1 1 1 1 1 1 1 1 1 1 1 1 1 1 1 1 1 1 1 1 1 1 1 1 1 1 1 1 1 1 1 1 1 1 1 2 2 1 2 2 2 2 2 2 2 2 2 2 2 2 2 2 2 2 2 2 2 2 2 2 2 2 2 2 2 2 2 2 2 2 2 2 2 2 2 2 2 2 2 2 2 2 2 2 2 2 2 2 2 2 2 2 2 2 2 2 2 2 2 2 2 2 2 2 2 2 2 2 2 2 2 2 2 2 2 2 2 2 2 2 2 2 2 2 2 2 2 2 2 2 2 2 2 2 2 2 2 2 2 2 2 2 2 2 2 2 2 2 2 2 2 2 2 2 2 2 2 2 2 2 2 2 2 2 2 2 2 2 2 2 2 2 2 2 2 2 2 2 2 2 2 2 2 2 2 2 2 2 2 2 2 2 2 2 2 2 2 2 2 2 2 2 2 2 2 2 2 2 2 2 2 2 2 2 2 2 2 2 2 2 2 2 2 2 2 2 2 2 2 2 2 2 2 2 2 2 2 2 2 2 2 2 2 2 2 2 2 2 2 2 2 2 2 2 2 2 2 2 2 2 2 2 2 2 2 2 2 2 2 2 2 2 2 2 2 2 2 2 2 2 2 2 2 2 2 2 2 2 2 2 2 2 2 2 2 2 2 2 2 2 2 2 2 2 2 2 2 2 2 2 2 2 2 1 1 2 2 2 2 2 2 2 2 2 2 2 2 2 2 2 2 2 2 2 2 2 2 2 2 2 2 2 2 2 2 2 2 2 2 2 2 2 2 2 2 2 2 2 2 2 2 2 2 2 2 2 2 2 2 2 2 2 2 2 2 2 2 2 2 2 2 2 2 2 2 2 2 2 2 2 2 2 2 2 2 2 2 2 2 2 2 2 2 2 2 2 2 2 2 2 2 2 2 2 2 2 2 2 2 2 2 2 2 2 2 2 2 2 2 2 2 2 2 2 2 2 2 2 2 2 2 2 2 2 2 2 2 2 2 2 2 2 2 2 2 2 1 2 1 2 2 2 2 2 2 2 1 1 1 2 2 2 2 2 2 2 2 2 2 2 2 2 2 2 1 1 1 1 1 1 1 1 1 1 1 1 1 1 1 1 1 1 1 1 1 1 1 1 1 1 1 1 1 1 1 2 2 2 1 1 2 1 1 1 1 1 1 1 1 1 1 1 1 1 1 1 1 1 1 1 1 1 1 1 1 1 1 1 1 1 1 1 1 1 1 1 1 1 1 1 1 1 1 1 1 1 1 1 1 1 1 1 1 1 1 1 1 1 1 1 2 2 2 2 1 1 2 2 2 2 2 2 2 2 2 2 2 2 2 2 2 2 2 2 2 2 2 2 2 2 2 2 2 2 2 2 2 2 1 1 1 1 2 2 2 2 2 2 2 2 2 2 2 2 2 1 1 1 1 1 1 1 1 1 1 1 2 2 2 1 2 2 2 2 2 2 2 2 2 2 2 2 2 2 2 2 2 1 1 2 1 1 1 1 1 1 1 1 1 1 1 1 1 1 1 1 1 1 1 1 1 1 1 1 1 1 1 1 1 1 1 1 1 1 1 1 1 1 1 1 1 1 1 1 1 1 1 1 1 1 1 1 1 1 1 2 2 2 2 2 2 2 2 2 2 2 2 2 2 2 2 2 2 2 2 2 2 2 2 2 2 2 2 2 2 2 2 2 2 2 2 2 2 2 2 2 2 2 2 2 2 2 2 2 2 2 2 2 2 2 2 2 2 2 2 2 2 2 2 2 2 2 2 2 2 2 2 2 2 2 2 2 2 2 2 2 2 2 2 2 2 2 2 2 2 2 2 2 2 2 2 2 2 2 2 2 2</vcount>
          <v>15 1 36 2 15 3 36 4 15 5 36 6 15 7 36 8 15 9 36 10 35 11 36 12 2 13 36 14 2 15 36 16 2 17 36 18 2 19 36 20 2 21 36 22 2 23 36 24 2 25 36 26 15 27 36 28 35 29 36 30 35 31 36 32 14 33 36 34 14 35 36 36 35 37 36 38 35 39 36 40 35 41 36 42 35 43 36 44 2 45 36 46 14 47 36 48 14 49 36 50 35 51 36 52 14 53 36 54 35 55 36 56 35 57 36 58 35 59 36 60 35 61 36 62 35 63 36 64 35 65 36 66 35 67 36 68 35 69 36 70 35 71 36 72 35 73 36 74 35 75 36 76 35 77 36 78 35 79 36 80 34 81 35 82 34 83 35 84 34 85 35 86 34 87 35 88 34 89 35 90 14 91 35 92 35 93 36 94 35 95 36 96 35 97 36 98 14 99 35 100 14 101 36 102 35 103 36 104 35 105 36 106 14 107 35 108 34 109 35 110 34 111 35 112 14 113 35 114 14 115 36 116 14 117 36 118 35 119 36 120 35 121 36 122 14 123 36 124 14 125 36 126 35 127 36 128 14 129 36 130 14 131 36 132 35 133 36 134 14 135 36 136 14 137 36 138 35 139 36 140 35 141 36 142 14 143 36 144 14 145 35 146 14 147 35 148 35 149 36 150 35 151 36 152 14 153 35 154 14 155 35 156 34 157 35 158 14 159 35 160 14 161 36 162 14 163 36 164 14 165 36 166 14 167 36 168 14 169 36 170 14 171 36 172 14 173 36 174 14 175 36 176 14 177 36 178 14 179 36 180 14 181 36 182 14 183 36 184 14 185 36 186 14 187 36 188 14 189 36 190 14 191 36 192 14 193 36 194 14 195 36 196 14 197 35 198 10 199 14 200 10 201 14 202 10 203 14 204 10 205 14 206 10 207 11 208 3 209 11 210 10 211 11 212 10 213 11 214 3 215 11 216 5 217 11 218 10 219 11 220 6 221 11 222 10 223 11 224 10 225 11 226 3 227 11 228 3 229 11 230 10 231 11 232 3 233 11 234 3 235 11 236 5 237 11 238 3 239 11 240 3 241 11 242 3 243 11 244 3 245 11 246 5 247 11 248 3 249 11 250 5 251 11 252 5 253 7 254 7 255 8 256 5 257 11 258 5 259 11 260 6 261 8 262 6 263 11 264 6 265 11 266 3 267 11 268 5 269 11 270 5 271 7 272 5 273 7 274 5 275 7 276 3 277 4 278 3 279 4 280 3 281 4 282 3 283 4 284 3 285 4 286 3 287 4 288 34 289 35 290 34 291 35 292 16 293 34 294 16 295 34 296 12 297 16 298 9 299 13 300 1 301 9 302 1 303 9 304 1 305 9 306 1 307 9 308 9 309 13 310 1 311 9 312 1 313 9 314 1 315 9 316 9 317 13 318 9 319 13 320 9 321 13 322 9 323 13 324 1 325 9 326 9 0 9 0 9 327 13 328 9 329 13 330 9 331 13 332 9 333 13 334 9 335 13 336 9 337 13 338 9 339 13 340 9 341 13 342 9 343 13 344 9 345 13 346 9 347 13 348 0 349 15 350 0 351 15 352 0 353 36 354 0 355 15 356 0 357 36 358 0 359 15 360 15 361 36 362 2 363 36 364 15 365 36 366 15 367 36 368 15 369 36 370 15 371 36 372 15 373 36 374 15 375 36 376 15 377 36 378 15 379 36 380 0 381 36 382 15 383 36 384 15 385 36 386 15 387 36 388 15 389 36 390 15 391 36 392 2 393 36 394 2 395 36 396 2 397 36 398 2 399 36 400 2 401 36 402 2 403 36 404 15 405 36 406 2 407 36 408 15 409 36 410 14 411 36 412 14 413 36 414 2 415 14 416 14 417 36 418 14 419 36 420 35 421 36 422 34 423 35 424 34 425 35 426 14 427 36 428 14 429 36 430 14 431 35 432 14 433 36 434 14 435 36 436 2 437 36 438 35 439 36 440 35 441 36 442 35 443 36 444 35 445 36 446 35 447 36 448 35 449 36 450 35 451 36 452 34 453 35 454 34 455 35 456 14 457 35 458 14 459 36 460 2 461 14 462 14 463 36 464 14 465 36 466 14 467 36 468 14 469 36 470 2 471 14 472 10 473 14 474 14 475 36 476 14 477 36 478 14 479 36 480 14 481 36 482 14 483 35 484 14 485 36 486 14 487 36 488 14 489 36 490 14 491 36 492 14 493 36 494 10 495 14 496 14 497 36 498 14 499 36 500 14 501 36 502 14 503 36 504 10 505 14 506 10 507 14 508 10 509 14 510 14 511 36 512 14 513 36 514 10 515 14 516 14 517 36 518 10 519 11 520 10 521 11 522 10 523 11 524 10 525 11 526 10 527 14 528 10 529 14 530 10 531 11 532 10 533 11 534 10 535 11 536 10 537 11 538 10 539 14 540 10 541 14 542 10 543 11 544 10 545 11 546 10 547 11 548 10 549 11 550 10 551 11 552 10 553 11 554 6 555 11 556 3 557 11 558 3 559 11 560 3 561 11 562 3 563 11 564 3 565 11 566 3 567 11 568 3 569 4 570 3 571 11 572 3 573 4 574 3 575 11 576 5 577 11 578 3 579 11 580 6 581 11 582 6 583 8 584 6 585 8 586 6 587 8 588 7 589 8 590 6 591 8 592 6 593 8 594 3 595 4 596 3 597 4 598 3 599 4 600 3 601 4 602 34 603 35 604 34 605 35 606 34 607 35 608 34 609 35 610 34 611 35 612 34 613 35 614 34 615 35 616 12 617 16 618 16 619 34 620 16 621 34 622 16 623 31 624 12 625 16 626 16 627 34 628 12 629 31 630 12 631 16 632 12 633 16 634 12 635 16 636 1 637 12 638 1 639 12 640 1 641 12 642 1 643 12 644 1 645 20 646 1 647 20 648 1 649 20 650 1 651 20 652 1 653 12 654 1 655 20 656 1 657 12 658 1 659 20 660 1 661 9 662 1 663 9 664 9 0 9 665 13 666 9 0 9 667 13 668 9 669 13 670 9 671 13 672 15 673 36 674 10 675 11 676 14 677 36 678 14 679 36 680 14 681 36 682 9 0 9 0 9 0 9 683 13 684 9 685 13 686 9 687 13 688 9 689 13 690 9 691 13 692 9 693 13 694 9 695 13 696 6 697 8 698 6 699 8 700 7 701 8 702 5 703 7 704 5 705 11 706 5 707 11 708 6 709 8 710 15 711 36 712 14 713 36 714 0 0 0 0 0 0 0 0 0 0 0 0 0 0 0 0 0 0 0 0 0 0 0 0 0 0 0 0 0 0 0 0 0 0 0 0 0 0 0 0 0 0 0 0 0 0 0 0 0 0 0 0 0 0 0 0 0 0 0 0 0 0 0 0 0 0 0 715 17 716 0 717 15 718 0 719 17 720 0 0 0 0 0 0 0 721 15 722 0 0 0 0 0 0 0 0 0 0 0 0 0 0 0 0 0 0 0 0 0 0 0 0 0 0 0 0 0 0 0 0 0 0 0 0 0 0 0 0 0 0 0 0 0 0 0 0 0 0 0 0 0 0 0 0 0 0 0 0 0 0 0 0 0 0 0 0 0 0 0 0 0 0 0 0 0 0 0 0 0 0 0 0 0 0 0 0 0 0 0 0 0 0 0 0 0 0 0 0 0 0 0 0 0 0 0 0 0 0 0 0 0 0 0 0 0 0 0 0 0 0 0 0 0 0 0 0 0 0 0 0 0 0 0 0 0 0 0 0 0 0 0 0 0 0 0 0 0 0 0 723 17 724 0 725 17 726 0 727 17 728 0 729 17 730 0 0 0 731 17 732 0 0 0 733 17 734 0 735 17 736 0 737 17 738 0 739 17 740 0 741 17 742 0 743 17 744 0 745 17 746 0 747 17 748 0 749 17 750 0 751 17 752 0 753 17 754 0 755 17 756 0 757 17 758 0 759 17 760 17 761 18 762 17 763 18 764 17 765 18 766 0 767 17 768 17 769 18 770 17 771 18 772 17 773 18 774 17 775 18 776 17 777 18 778 0 779 17 780 0 781 17 782 0 783 17 784 17 785 18 786 17 787 18 788 17 789 18 790 17 791 18 792 17 793 18 794 17 795 18 796 17 797 18 798 18 799 19 800 18 801 19 802 18 803 19 804 17 805 18 806 18 807 19 808 18 809 19 810 19 0 19 0 0 0 0 0 0 0 0 811 17 812 0 813 17 814 0 815 17 816 0 817 36 818 0 819 36 820 0 821 17 822 0 823 36 824 0 825 36 826 0 827 17 828 0 829 36 830 0 831 17 832 0 833 17 834 0 835 17 836 0 837 17 838 0 839 17 840 0 0 0 0 0 0 0 0 0 0 0 0 0 0 0 0 0 0 0 0 0 0 0 0 0 0 0 841 17 842 0 843 17 844 0 845 17 846 0 0 0 0 0 0 0 0 0 0 0 847 17 848 0 849 17 850 0 851 17 852 0 853 17 854 0 855 17 856 0 857 17 858 17 859 18 860 17 861 18 862 17 863 18 864 17 865 18 866 18 867 19 868 18 869 19 870 18 871 19 872 18 873 19 874 18 875 19 876 18 877 19 878 18 879 19 880 18 881 19 882 18 883 19 884 18 885 19 886 18 887 19 888 18 889 19 890 18 891 19 892 18 893 19 894 18 895 19 896 18 897 19 898 18 899 19 900 18 901 19 902 18 903 19 904 19 0 18 905 19 906 0 907 15 908 0 909 17 910 17 911 18 912 0 913 15 914 0 915 17 916 0 0 0 0 0 917 17 918 0 0 0 0 0 0 0 0 0 0 0 0 0 0 0 0 0 0 0 0 0 0 0 0 0 0 0 0 0 0 0 0 0 0 0 0 0 0 0 0 0 0 0 0 0 0 0 0 0 0 0 0 0 0 0 0 0 0 0 0 0 0 0 0 0 0 0 0 0 0 0 0 0 0 0 0 0 0 0 0 0 0 0 0 0 0 0 0 0 0 0 0 0 0 0 0 0 0 0 0 0 0 0 0 0 0 0 0 0 0 14 919 36 920 10 921 11 922 0 0 10 923 11 924 10 925 11 926 10 927 11 928 10 929 11 930 10 931 11 932 10 933 11 934 10 935 11 936 10 937 11 938 10 939 11 940 10 941 11 942 35 943 36 944 35 945 36 946 14 947 35 948 14 949 36 950 35 951 36 952 16 953 34 954 12 955 16 956 16 957 34 958 16 959 34 960 12 961 16 962 12 963 16 964 12 965 16 966 12 967 16 968 12 969 16 970 12 971 16 972 12 973 16 974 16 975 37 976 16 977 34 978 16 979 34 980 34 981 35 982 34 983 35 984 16 985 34 986 34 987 35 988 16 989 34 990 34 991 35 992 12 993 16 994 12 995 16 996 12 997 37 998 37 999 38 1000 1 1001 12 1002 1 1003 12 1004 1 1005 12 1006 38 1007 41 1008 1 1009 12 1010 38 1011 39 1012 39 1013 42 1014 1 1015 12 1016 1 1017 12 1018 1 1019 39 1020 1 1021 39 1022 39 1023 42 1024 16 1025 34 1026 16 1027 34 1028 12 1029 16 1030 12 1031 16 1032 16 1033 34 1034 12 1035 16 1036 12 1037 16 1038 12 1039 16 1040 12 1041 16 1042 12 1043 16 1044 12 1045 16 1046 1 1047 12 1048 1 1049 12 1050 1 1051 12 1052 1 1053 12 1054 1 1055 12 1056 1 1057 12 1058 1 1059 12 1060 1 1061 12 1062 38 1063 41 1064 1 1065 12 1066 1 1067 12 1068 1 1069 12 1070 1 1071 39 1072 38 1073 39 1074 1 1075 39 1076 39 1077 42 1078 39 1079 42 1080 16 1081 34 1082 34 1083 35 1084 16 1085 34 1086 16 1087 34 1088 16 1089 34 1090 16 1091 34 1092 16 1093 34 1094 16 1095 34 1096 16 1097 34 1098 34 1099 35 1100 16 1101 34 1102 34 1103 35 1104 16 1105 34 1106 16 1107 34 1108 16 1109 34 1110 16 1111 34 1112 16 1113 34 1114 1 1115 9 1116 1 1117 12 1118 1 1119 12 1120 1 1121 9 1122 1 1123 9 1124 1 1125 12 1126 1 1127 9 1128 1 1129 12 1130 1 1131 12 1132 1 1133 9 1134 1 1135 9 1136 1 1137 12 1138 1 1139 9 1140 1 1141 12 1142 1 1143 9 1144 1 1145 20 1146 1 1147 20 1148 1 1149 20 1150 1 1151 20 1152 1 1153 20 1154 1 1155 20 1156 1 1157 20 1158 1 1159 20 1160 1 1161 20 1162 1 1163 20 1164 15 1165 36 1166 15 1167 36 1168 15 1169 36 1170 35 1171 36 1172 21 1173 36 1174 21 1175 36 1176 21 1177 36 1178 21 1179 36 1180 21 1181 36 1182 21 1183 36 1184 15 1185 36 1186 21 1187 36 1188 33 1189 36 1190 33 1191 36 1192 35 1193 36 1194 35 1195 36 1196 35 1197 36 1198 21 1199 36 1200 33 1201 36 1202 33 1203 36 1204 33 1205 36 1206 35 1207 36 1208 35 1209 36 1210 35 1211 36 1212 35 1213 36 1214 35 1215 36 1216 35 1217 36 1218 35 1219 36 1220 35 1221 36 1222 35 1223 36 1224 35 1225 36 1226 35 1227 36 1228 34 1229 35 1230 34 1231 35 1232 34 1233 35 1234 34 1235 35 1236 33 1237 35 1238 35 1239 36 1240 35 1241 36 1242 35 1243 36 1244 33 1245 35 1246 35 1247 36 1248 33 1249 36 1250 35 1251 36 1252 33 1253 35 1254 34 1255 35 1256 33 1257 35 1258 34 1259 35 1260 33 1261 36 1262 33 1263 36 1264 35 1265 36 1266 35 1267 36 1268 33 1269 36 1270 33 1271 36 1272 33 1273 36 1274 35 1275 36 1276 33 1277 36 1278 33 1279 36 1280 35 1281 36 1282 33 1283 36 1284 35 1285 36 1286 35 1287 36 1288 33 1289 36 1290 35 1291 36 1292 33 1293 35 1294 33 1295 35 1296 35 1297 36 1298 33 1299 35 1300 33 1301 35 1302 33 1303 35 1304 34 1305 35 1306 33 1307 36 1308 33 1309 36 1310 33 1311 36 1312 33 1313 36 1314 33 1315 36 1316 33 1317 36 1318 33 1319 36 1320 33 1321 36 1322 33 1323 36 1324 33 1325 36 1326 33 1327 36 1328 33 1329 36 1330 33 1331 36 1332 33 1333 36 1334 33 1335 36 1336 33 1337 36 1338 33 1339 36 1340 33 1341 35 1342 33 1343 36 1344 29 1345 33 1346 29 1347 33 1348 29 1349 33 1350 29 1351 33 1352 29 1353 30 1354 29 1355 30 1356 22 1357 30 1358 29 1359 30 1360 22 1361 30 1362 24 1363 30 1364 29 1365 30 1366 29 1367 30 1368 25 1369 30 1370 29 1371 30 1372 22 1373 30 1374 29 1375 30 1376 22 1377 30 1378 22 1379 30 1380 22 1381 30 1382 24 1383 30 1384 22 1385 30 1386 22 1387 30 1388 22 1389 30 1390 22 1391 30 1392 24 1393 30 1394 22 1395 30 1396 24 1397 30 1398 24 1399 26 1400 24 1401 30 1402 24 1403 30 1404 26 1405 27 1406 25 1407 30 1408 25 1409 27 1410 25 1411 30 1412 22 1413 30 1414 24 1415 26 1416 24 1417 30 1418 24 1419 26 1420 26 1421 27 1422 22 1423 23 1424 22 1425 23 1426 22 1427 23 1428 22 1429 23 1430 22 1431 23 1432 22 1433 23 1434 34 1435 35 1436 34 1437 35 1438 16 1439 34 1440 16 1441 31 1442 16 1443 34 1444 28 1445 32 1446 20 1447 28 1448 20 1449 28 1450 20 1451 28 1452 20 1453 28 1454 20 1455 28 1456 20 1457 28 1458 28 1459 32 1460 20 1461 28 1462 28 1463 32 1464 28 1465 32 1466 28 1467 32 1468 28 1469 32 1470 20 1471 28 1472 28 0 28 0 28 1473 32 1474 28 1475 32 1476 28 1477 32 1478 28 1479 32 1480 28 1481 32 1482 28 1483 32 1484 28 1485 32 1486 28 1487 32 1488 28 1489 32 1490 28 1491 32 1492 28 1493 32 1494 0 1495 15 1496 0 1497 36 1498 0 1499 15 1500 0 1501 36 1502 0 1503 15 1504 15 1505 36 1506 21 1507 36 1508 15 1509 36 1510 15 1511 36 1512 15 1513 36 1514 15 1515 36 1516 15 1517 36 1518 15 1519 36 1520 15 1521 36 1522 15 1523 36 1524 0 1525 36 1526 15 1527 36 1528 15 1529 36 1530 15 1531 36 1532 21 1533 36 1534 21 1535 36 1536 21 1537 36 1538 15 1539 36 1540 33 1541 36 1542 33 1543 36 1544 21 1545 33 1546 33 1547 36 1548 33 1549 36 1550 33 1551 36 1552 33 1553 36 1554 33 1555 35 1556 33 1557 36 1558 33 1559 36 1560 35 1561 36 1562 35 1563 36 1564 34 1565 35 1566 33 1567 35 1568 33 1569 36 1570 21 1571 33 1572 33 1573 36 1574 33 1575 36 1576 33 1577 36 1578 33 1579 36 1580 21 1581 33 1582 29 1583 33 1584 33 1585 36 1586 33 1587 36 1588 33 1589 36 1590 33 1591 36 1592 33 1593 35 1594 33 1595 36 1596 33 1597 36 1598 33 1599 36 1600 33 1601 36 1602 29 1603 33 1604 33 1605 36 1606 33 1607 36 1608 33 1609 36 1610 33 1611 36 1612 33 1613 36 1614 29 1615 33 1616 29 1617 33 1618 33 1619 36 1620 29 1621 33 1622 33 1623 36 1624 29 1625 33 1626 33 1627 36 1628 29 1629 30 1630 29 1631 30 1632 29 1633 30 1634 29 1635 30 1636 29 1637 33 1638 29 1639 33 1640 29 1641 30 1642 29 1643 30 1644 29 1645 30 1646 29 1647 30 1648 29 1649 33 1650 29 1651 33 1652 29 1653 30 1654 29 1655 30 1656 29 1657 30 1658 29 1659 30 1660 29 1661 30 1662 29 1663 30 1664 25 1665 30 1666 22 1667 30 1668 22 1669 30 1670 22 1671 30 1672 22 1673 30 1674 22 1675 30 1676 22 1677 30 1678 22 1679 30 1680 22 1681 23 1682 22 1683 30 1684 22 1685 23 1686 24 1687 30 1688 22 1689 30 1690 25 1691 30 1692 25 1693 27 1694 25 1695 27 1696 26 1697 27 1698 26 1699 27 1700 25 1701 27 1702 25 1703 27 1704 22 1705 23 1706 22 1707 23 1708 22 1709 23 1710 22 1711 23 1712 34 1713 35 1714 34 1715 35 1716 34 1717 35 1718 34 1719 35 1720 16 1721 31 1722 16 1723 34 1724 16 1725 31 1726 16 1727 34 1728 16 1729 31 1730 16 1731 31 1732 16 1733 31 1734 20 1735 31 1736 20 1737 31 1738 20 1739 31 1740 1 1741 20 1742 1 1743 20 1744 1 1745 20 1746 20 1747 31 1748 1 1749 20 1750 20 1751 28 1752 20 1753 28 1754 28 0 28 1755 32 1756 28 0 28 1757 32 1758 28 1759 32 1760 28 1761 32 1762 29 1763 30 1764 33 1765 36 1766 33 1767 36 1768 33 1769 36 1770 28 0 28 0 28 0 28 1771 32 1772 28 1773 32 1774 28 1775 32 1776 28 1777 32 1778 28 1779 32 1780 28 1781 32 1782 28 1783 32 1784 26 1785 27 1786 26 1787 27 1788 25 1789 27 1790 26 1791 27 1792 24 1793 30 1794 26 1795 27 1796 24 1797 30 1798 33 1799 36 1800 0 0 0 0 0 0 0 0 0 0 0 0 0 0 0 0 0 0 0 0 0 0 0 0 0 0 0 0 0 0 0 0 0 0 0 0 0 0 0 0 0 0 0 0 0 0 0 0 0 0 0 0 0 0 0 0 0 0 0 0 0 0 0 1801 17 1802 0 1803 15 1804 0 1805 17 1806 0 0 0 0 0 1807 15 1808 0 0 0 0 0 0 0 0 0 0 0 0 0 0 0 0 0 0 0 0 0 0 0 0 0 0 0 0 0 0 0 0 0 0 0 0 0 0 0 0 0 0 0 0 0 0 0 0 0 0 0 0 0 0 0 0 0 0 0 0 0 0 0 0 0 0 0 0 0 0 0 0 0 0 0 0 0 0 0 0 0 0 0 0 0 0 0 0 0 0 0 0 0 0 0 0 0 0 0 0 0 0 0 0 0 0 0 0 0 0 0 0 0 0 0 0 0 0 0 1809 17 1810 0 1811 17 1812 0 1813 17 1814 0 1815 17 1816 0 0 0 0 0 1817 17 1818 0 1819 17 1820 0 1821 17 1822 0 1823 17 1824 0 1825 17 1826 0 1827 17 1828 0 1829 17 1830 0 1831 17 1832 0 1833 17 1834 0 1835 17 1836 0 1837 17 1838 0 1839 17 1840 0 1841 17 1842 17 1843 18 1844 17 1845 18 1846 0 1847 17 1848 17 1849 18 1850 17 1851 18 1852 0 1853 17 1854 0 1855 17 1856 0 1857 17 1858 17 1859 18 1860 17 1861 18 1862 17 1863 18 1864 17 1865 18 1866 17 1867 18 1868 17 1869 18 1870 17 1871 18 1872 18 1873 19 1874 18 1875 19 1876 18 1877 19 1878 18 1879 19 1880 19 0 0 0 0 0 0 0 0 1881 17 1882 0 1883 17 1884 0 1885 36 1886 0 1887 17 1888 0 1889 36 1890 0 1891 17 1892 0 1893 36 1894 0 1895 36 1896 0 1897 17 1898 0 1899 36 1900 0 1901 17 1902 0 1903 17 1904 0 1905 17 1906 0 0 0 0 0 0 0 0 0 0 0 0 0 0 0 0 0 0 0 0 0 0 0 1907 17 1908 0 1909 17 1910 0 1911 17 1912 0 0 0 1913 17 1914 0 1915 17 1916 17 1917 18 1918 18 1919 19 1920 18 1921 19 1922 18 1923 19 1924 18 1925 19 1926 18 1927 19 1928 18 1929 19 1930 18 1931 19 1932 18 1933 19 1934 18 1935 19 1936 18 1937 19 1938 0 1939 15 1940 0 1941 17 1942 0 1943 15 1944 0 1945 17 1946 0 0 0 0 0 1947 17 1948 0 0 0 0 0 0 0 0 0 0 0 0 0 0 0 0 0 0 0 0 0 0 0 0 0 0 0 0 0 0 0 0 0 0 0 0 0 0 0 0 0 0 0 0 0 0 0 0 0 0 0 0 0 0 0 0 0 0 0 0 0 0 0 0 0 0 0 0 0 0 0 0 0 0 0 0 0 0 0 0 0 0 0 0 0 0 0 0 0 0 0 0 0 0 0 0 0 0 0 0 0 0 0 0 0 0 0 0 0 0 33 1949 36 1950 29 1951 30 1952 29 1953 30 1954 29 1955 30 1956 29 1957 30 1958 29 1959 30 1960 29 1961 30 1962 29 1963 30 1964 29 1965 30 1966 29 1967 30 1968 29 1969 30 1970 29 1971 30 1972 35 1973 36 1974 35 1975 36 1976 33 1977 35 1978 33 1979 36 1980 35 1981 36 1982 16 1983 34 1984 16 1985 34 1986 16 1987 31 1988 16 1989 31 1990 16 1991 34 1992 16 1993 31 1994 16 1995 31 1996 16 1997 31 1998 16 1999 31 2000 16 2001 31 2002 16 2003 31 2004 16 2005 34 2006 34 2007 35 2008 34 2009 35 2010 34 2011 35 2012 16 2013 34 2014 16 2015 31 2016 16 2017 31 2018 40 2019 41 2020 31 2021 40 2022 20 2023 31 2024 20 2025 31 2026 20 2027 31 2028 41 2029 42 2030 20 2031 31 2032 20 2033 31 2034 20 2035 31 2036 20 2037 42 2038 20 2039 42 2040 16 2041 34 2042 16 2043 31 2044 16 2045 34 2046 16 2047 34 2048 16 2049 31 2050 16 2051 31 2052 16 2053 31 2054 16 2055 31 2056 16 2057 31 2058 16 2059 31 2060 16 2061 31 2062 20 2063 31 2064 20 2065 31 2066 20 2067 31 2068 20 2069 31 2070 31 2071 41 2072 20 2073 31 2074 20 2075 31 2076 20 2077 31 2078 20 2079 31 2080 20 2081 42 2082 20 2083 31 2084 41 2085 42 2086 20 2087 42 2088 16 2089 34 2090 34 2091 35 2092 16 2093 34 2094 16 2095 34 2096 16 2097 34 2098 16 2099 34 2100 16 2101 34 2102 34 2103 35 2104 16 2105 34 2106 16 2107 34 2108 16 2109 34 2110 20 2111 28 2112 20 2113 28 2114 20 2115 31 2116 20 2117 31 2118 20 2119 28 2120 20 2121 31 2122 20 2123 28 2124 20 2125 28 2126 20 2127 31 2128 20 2129 31 2130 20 2131 28 2132 20 2133 31 2134 20 2135 28 2136 20 2137 31 2138 20 2139 28 2140 1 2141 20 2142 1 2143 20 2144 1 2145 20 2146 1 2147 20 2148 1 2149 20 2150 1 2151 20 2152</v>
        </vertex_weights>
      </skin>
    </controller>
  </library_controllers>
  <library_lights>
    <light id="EnvironmentAmbientLight" name="EnvironmentAmbientLight">
      <technique_common>
        <ambient>
          <color>0 0 0</color>
        </ambient>
      </technique_common>
    </light>
  </library_lights>
  <library_images>
    <image id="jasmine_betrothal_diff_png">
      <init_from>./jasmine_betrothal_diff.png</init_from>
    </image>
  </library_images>
  <library_visual_scenes>
    <visual_scene id="MaxScene">
      <node name="EnvironmentAmbientLight">
        <instance_light url="#EnvironmentAmbientLight"/>
      </node>
      <node id="node-Bip001_Pelvis" name="Bip001_Pelvis" sid="joint16" type="JOINT">
        <translate>3.13667e-6 4.86898e-12 260.839</translate>
        <rotate>0.7071068 3.21721e-7 0.7071068 -179.9998</rotate>
        <scale>0.3937008 0.3937008 0.3937008</scale>
        <node id="node-Bip001_Spine" name="Bip001_Spine" sid="joint34" type="JOINT">
          <translate>71.85602 -0.0862141 9.3162e-5</translate>
          <rotate>0.005388472 0.001798542 -0.9999838 -0.04562595</rotate>
          <node id="node-Bip001_L_Thigh" name="Bip001_L_Thigh" sid="joint12" type="JOINT">
            <translate>-71.85596 0.1432869 62.48351</translate>
            <rotate>0.0268785 0.9996381 -0.001095868 -175.2173</rotate>
            <node id="node-Bip001_L_Calf" name="Bip001_L_Calf" sid="joint1" type="JOINT">
              <translate>262.3764 0 7.62939e-6</translate>
              <rotate>9.09059e-10 2.26439e-8 1 -9.502163</rotate>
              <node id="node-Bip001_L_Foot" name="Bip001_L_Foot" sid="joint9" type="JOINT">
                <translate>344.639 3.05176e-5 1.52588e-5</translate>
                <rotate>0.1917522 0.5961268 -0.7796563 -8.190958</rotate>
                <node id="node-Bip001_L_Toe0" name="Bip001_L_Toe0" sid="joint13" type="JOINT">
                  <translate>59.39874 70.21444 -1.52588e-5</translate>
                  <rotate>1.95577e-8 -1.95579e-8 -1 -90</rotate>
                  <extra>
                    <technique profile="OpenCOLLADA">
                      <cast_shadows sid="cast_shadows" type="bool">1</cast_shadows>
                      <receive_shadows sid="receive_shadows" type="bool">1</receive_shadows>
                      <primary_visibility sid="primary_visibility" type="bool">1</primary_visibility>
                      <secondary_visibility sid="secondary_visibility" type="bool">1</secondary_visibility>
                    </technique>
                  </extra>
                </node>
                <extra>
                  <technique profile="OpenCOLLADA">
                    <cast_shadows sid="cast_shadows" type="bool">1</cast_shadows>
                    <receive_shadows sid="receive_shadows" type="bool">1</receive_shadows>
                    <primary_visibility sid="primary_visibility" type="bool">1</primary_visibility>
                    <secondary_visibility sid="secondary_visibility" type="bool">1</secondary_visibility>
                  </technique>
                </extra>
              </node>
              <extra>
                <technique profile="OpenCOLLADA">
                  <cast_shadows sid="cast_shadows" type="bool">1</cast_shadows>
                  <receive_shadows sid="receive_shadows" type="bool">1</receive_shadows>
                  <primary_visibility sid="primary_visibility" type="bool">1</primary_visibility>
                  <secondary_visibility sid="secondary_visibility" type="bool">1</secondary_visibility>
                </technique>
              </extra>
            </node>
            <extra>
              <technique profile="OpenCOLLADA">
                <cast_shadows sid="cast_shadows" type="bool">1</cast_shadows>
                <receive_shadows sid="receive_shadows" type="bool">1</receive_shadows>
                <primary_visibility sid="primary_visibility" type="bool">1</primary_visibility>
                <secondary_visibility sid="secondary_visibility" type="bool">1</secondary_visibility>
              </technique>
            </extra>
          </node>
          <node id="node-Bip001_R_Thigh" name="Bip001_R_Thigh" sid="joint31" type="JOINT">
            <translate>-71.8559 0.1436359 -62.48351</translate>
            <rotate>0.02687838 0.9996381 0.001098725 -184.7827</rotate>
            <node id="node-Bip001_R_Calf" name="Bip001_R_Calf" sid="joint20" type="JOINT">
              <translate>262.3763 -3.8147e-6 0</translate>
              <rotate>-3.08597e-8 -1.13685e-7 1 -9.502186</rotate>
              <node id="node-Bip001_R_Foot" name="Bip001_R_Foot" sid="joint28" type="JOINT">
                <translate>344.6389 1.14441e-5 -3.05176e-5</translate>
                <rotate>-0.191751 -0.5961277 -0.7796558 -8.190963</rotate>
                <node id="node-Bip001_R_Toe0" name="Bip001_R_Toe0" sid="joint32" type="JOINT">
                  <translate>59.39871 70.21446 -3.05176e-5</translate>
                  <rotate>-4.08384e-8 -4.08387e-8 -1 -90</rotate>
                  <extra>
                    <technique profile="OpenCOLLADA">
                      <cast_shadows sid="cast_shadows" type="bool">1</cast_shadows>
                      <receive_shadows sid="receive_shadows" type="bool">1</receive_shadows>
                      <primary_visibility sid="primary_visibility" type="bool">1</primary_visibility>
                      <secondary_visibility sid="secondary_visibility" type="bool">1</secondary_visibility>
                    </technique>
                  </extra>
                </node>
                <extra>
                  <technique profile="OpenCOLLADA">
                    <cast_shadows sid="cast_shadows" type="bool">1</cast_shadows>
                    <receive_shadows sid="receive_shadows" type="bool">1</receive_shadows>
                    <primary_visibility sid="primary_visibility" type="bool">1</primary_visibility>
                    <secondary_visibility sid="secondary_visibility" type="bool">1</secondary_visibility>
                  </technique>
                </extra>
              </node>
              <extra>
                <technique profile="OpenCOLLADA">
                  <cast_shadows sid="cast_shadows" type="bool">1</cast_shadows>
                  <receive_shadows sid="receive_shadows" type="bool">1</receive_shadows>
                  <primary_visibility sid="primary_visibility" type="bool">1</primary_visibility>
                  <secondary_visibility sid="secondary_visibility" type="bool">1</secondary_visibility>
                </technique>
              </extra>
            </node>
            <extra>
              <technique profile="OpenCOLLADA">
                <cast_shadows sid="cast_shadows" type="bool">1</cast_shadows>
                <receive_shadows sid="receive_shadows" type="bool">1</receive_shadows>
                <primary_visibility sid="primary_visibility" type="bool">1</primary_visibility>
                <secondary_visibility sid="secondary_visibility" type="bool">1</secondary_visibility>
              </technique>
            </extra>
          </node>
          <node id="node-Bip001_Spine1" name="Bip001_Spine1" sid="joint35" type="JOINT">
            <translate>108.3049 -0.08624035 -4.81377e-7</translate>
            <node id="node-Bip001_Spine2" name="Bip001_Spine2" sid="joint36" type="JOINT">
              <translate>108.3047 -0.08624023 -7.13044e-7</translate>
              <node id="node-Bip001_Neck" name="Bip001_Neck" sid="joint15" type="JOINT">
                <translate>108.3048 -0.04292321 -8.44593e-7</translate>
                <node id="node-Bip001_Head" name="Bip001_Head" sid="joint0" type="JOINT">
                  <translate>81.07104 6.14446 1.00971e-5</translate>
                  <rotate>-4.45033e-9 -1.11798e-5 1 -0.04570763</rotate>
                  <node id="node-Bip001_Ponytail1" name="Bip001_Ponytail1" sid="joint17" type="JOINT">
                    <translate>16.55554 -108.5137 -4.34619e-4</translate>
                    <rotate>1.00845e-8 -2.87199e-6 1 -172.7116</rotate>
                    <node id="node-Bip001_Ponytail11" name="Bip001_Ponytail11" sid="joint18" type="JOINT">
                      <translate>178.7867 -0.1078186 6.08125e-6</translate>
                      <rotate>-4.73738e-12 -7.10544e-14 -1 -2.435061</rotate>
                      <node id="node-Bip001_Ponytail12" name="Bip001_Ponytail12" sid="joint19" type="JOINT">
                        <translate>135.4612 -0.1566162 -7.16565e-6</translate>
                        <rotate>-5.29236e-12 3.62377e-13 -1 -2.435053</rotate>
                        <extra>
                          <technique profile="OpenCOLLADA">
                            <cast_shadows sid="cast_shadows" type="bool">1</cast_shadows>
                            <receive_shadows sid="receive_shadows" type="bool">1</receive_shadows>
                            <primary_visibility sid="primary_visibility" type="bool">1</primary_visibility>
                            <secondary_visibility sid="secondary_visibility" type="bool">1</secondary_visibility>
                          </technique>
                        </extra>
                      </node>
                      <extra>
                        <technique profile="OpenCOLLADA">
                          <cast_shadows sid="cast_shadows" type="bool">1</cast_shadows>
                          <receive_shadows sid="receive_shadows" type="bool">1</receive_shadows>
                          <primary_visibility sid="primary_visibility" type="bool">1</primary_visibility>
                          <secondary_visibility sid="secondary_visibility" type="bool">1</secondary_visibility>
                        </technique>
                      </extra>
                    </node>
                    <extra>
                      <technique profile="OpenCOLLADA">
                        <cast_shadows sid="cast_shadows" type="bool">1</cast_shadows>
                        <receive_shadows sid="receive_shadows" type="bool">1</receive_shadows>
                        <primary_visibility sid="primary_visibility" type="bool">1</primary_visibility>
                        <secondary_visibility sid="secondary_visibility" type="bool">1</secondary_visibility>
                      </technique>
                    </extra>
                  </node>
                  <extra>
                    <technique profile="OpenCOLLADA">
                      <cast_shadows sid="cast_shadows" type="bool">1</cast_shadows>
                      <receive_shadows sid="receive_shadows" type="bool">1</receive_shadows>
                      <primary_visibility sid="primary_visibility" type="bool">1</primary_visibility>
                      <secondary_visibility sid="secondary_visibility" type="bool">1</secondary_visibility>
                    </technique>
                  </extra>
                </node>
                <node id="node-Bip001_L_Clavicle" name="Bip001_L_Clavicle" sid="joint2" type="JOINT">
                  <translate>-3.66211e-4 0.04286849 21.8692</translate>
                  <rotate>0.5795034 -2.31927e-4 0.8149698 -180.0371</rotate>
                  <node id="node-Bip001_L_UpperArm" name="Bip001_L_UpperArm" sid="joint14" type="JOINT">
                    <translate>81.22855 -1.22389e-5 1.83105e-4</translate>
                    <rotate>-0.2012538 -0.9624738 -0.182047 -26.72061</rotate>
                    <node id="node-Bip001_L_Forearm" name="Bip001_L_Forearm" sid="joint10" type="JOINT">
                      <translate>204.7176 1.52588e-5 0</translate>
                      <rotate>-1.54416e-7 -1.73571e-6 1 -10.91024</rotate>
                      <node id="node-Bip001_L_Hand" name="Bip001_L_Hand" sid="joint11" type="JOINT">
                        <translate>177.4176 -1.52588e-5 1.2207e-4</translate>
                        <rotate>0.9965638 -0.0304998 0.07700872 -90.29919</rotate>
                        <node id="node-Bip001_L_Finger0" name="Bip001_L_Finger0" sid="joint3" type="JOINT">
                          <translate>51.71686 0.5759277 -34.05194</translate>
                          <rotate>-0.91597 -0.3843577 0.1151872 -59.95447</rotate>
                          <node id="node-Bip001_L_Finger01" name="Bip001_L_Finger01" sid="joint4" type="JOINT">
                            <translate>39.04886 0 -1.2207e-4</translate>
                            <rotate>0.01444423 -0.2408492 -0.9704551 -7.072566</rotate>
                            <extra>
                              <technique profile="OpenCOLLADA">
                                <cast_shadows sid="cast_shadows" type="bool">1</cast_shadows>
                                <receive_shadows sid="receive_shadows" type="bool">1</receive_shadows>
                                <primary_visibility sid="primary_visibility" type="bool">1</primary_visibility>
                                <secondary_visibility sid="secondary_visibility" type="bool">1</secondary_visibility>
                              </technique>
                            </extra>
                          </node>
                          <extra>
                            <technique profile="OpenCOLLADA">
                              <cast_shadows sid="cast_shadows" type="bool">1</cast_shadows>
                              <receive_shadows sid="receive_shadows" type="bool">1</receive_shadows>
                              <primary_visibility sid="primary_visibility" type="bool">1</primary_visibility>
                              <secondary_visibility sid="secondary_visibility" type="bool">1</secondary_visibility>
                            </technique>
                          </extra>
                        </node>
                        <node id="node-Bip001_L_Finger1" name="Bip001_L_Finger1" sid="joint5" type="JOINT">
                          <translate>96.56891 -4.109741 -23.25154</translate>
                          <rotate>-0.01332857 -0.9569476 0.2899548 -7.886552</rotate>
                          <node id="node-Bip001_L_Finger11" name="Bip001_L_Finger11" sid="joint7" type="JOINT">
                            <translate>37.15228 2.44141e-4 -1.52588e-5</translate>
                            <rotate>-9.56364e-7 -1.09258e-7 -1 -13.84441</rotate>
                            <extra>
                              <technique profile="OpenCOLLADA">
                                <cast_shadows sid="cast_shadows" type="bool">1</cast_shadows>
                                <receive_shadows sid="receive_shadows" type="bool">1</receive_shadows>
                                <primary_visibility sid="primary_visibility" type="bool">1</primary_visibility>
                                <secondary_visibility sid="secondary_visibility" type="bool">1</secondary_visibility>
                              </technique>
                            </extra>
                          </node>
                          <extra>
                            <technique profile="OpenCOLLADA">
                              <cast_shadows sid="cast_shadows" type="bool">1</cast_shadows>
                              <receive_shadows sid="receive_shadows" type="bool">1</receive_shadows>
                              <primary_visibility sid="primary_visibility" type="bool">1</primary_visibility>
                              <secondary_visibility sid="secondary_visibility" type="bool">1</secondary_visibility>
                            </technique>
                          </extra>
                        </node>
                        <node id="node-Bip001_L_Finger2" name="Bip001_L_Finger2" sid="joint6" type="JOINT">
                          <translate>96.77142 0.005432129 6.665817</translate>
                          <rotate>0.9924479 -0.01971325 0.1210724 -18.72642</rotate>
                          <node id="node-Bip001_L_Finger21" name="Bip001_L_Finger21" sid="joint8" type="JOINT">
                            <translate>34.83231 0 1.52588e-5</translate>
                            <rotate>-0.2295476 -0.04058481 -0.9724509 -20.60967</rotate>
                            <extra>
                              <technique profile="OpenCOLLADA">
                                <cast_shadows sid="cast_shadows" type="bool">1</cast_shadows>
                                <receive_shadows sid="receive_shadows" type="bool">1</receive_shadows>
                                <primary_visibility sid="primary_visibility" type="bool">1</primary_visibility>
                                <secondary_visibility sid="secondary_visibility" type="bool">1</secondary_visibility>
                              </technique>
                            </extra>
                          </node>
                          <extra>
                            <technique profile="OpenCOLLADA">
                              <cast_shadows sid="cast_shadows" type="bool">1</cast_shadows>
                              <receive_shadows sid="receive_shadows" type="bool">1</receive_shadows>
                              <primary_visibility sid="primary_visibility" type="bool">1</primary_visibility>
                              <secondary_visibility sid="secondary_visibility" type="bool">1</secondary_visibility>
                            </technique>
                          </extra>
                        </node>
                        <extra>
                          <technique profile="OpenCOLLADA">
                            <cast_shadows sid="cast_shadows" type="bool">1</cast_shadows>
                            <receive_shadows sid="receive_shadows" type="bool">1</receive_shadows>
                            <primary_visibility sid="primary_visibility" type="bool">1</primary_visibility>
                            <secondary_visibility sid="secondary_visibility" type="bool">1</secondary_visibility>
                          </technique>
                        </extra>
                      </node>
                      <extra>
                        <technique profile="OpenCOLLADA">
                          <cast_shadows sid="cast_shadows" type="bool">1</cast_shadows>
                          <receive_shadows sid="receive_shadows" type="bool">1</receive_shadows>
                          <primary_visibility sid="primary_visibility" type="bool">1</primary_visibility>
                          <secondary_visibility sid="secondary_visibility" type="bool">1</secondary_visibility>
                        </technique>
                      </extra>
                    </node>
                    <extra>
                      <technique profile="OpenCOLLADA">
                        <cast_shadows sid="cast_shadows" type="bool">1</cast_shadows>
                        <receive_shadows sid="receive_shadows" type="bool">1</receive_shadows>
                        <primary_visibility sid="primary_visibility" type="bool">1</primary_visibility>
                        <secondary_visibility sid="secondary_visibility" type="bool">1</secondary_visibility>
                      </technique>
                    </extra>
                  </node>
                  <extra>
                    <technique profile="OpenCOLLADA">
                      <cast_shadows sid="cast_shadows" type="bool">1</cast_shadows>
                      <receive_shadows sid="receive_shadows" type="bool">1</receive_shadows>
                      <primary_visibility sid="primary_visibility" type="bool">1</primary_visibility>
                      <secondary_visibility sid="secondary_visibility" type="bool">1</secondary_visibility>
                    </technique>
                  </extra>
                </node>
                <node id="node-Bip001_R_Clavicle" name="Bip001_R_Clavicle" sid="joint21" type="JOINT">
                  <translate>0 0.04298931 -21.86924</translate>
                  <rotate>-0.5795033 2.29561e-4 0.8149699 -180.0373</rotate>
                  <node id="node-Bip001_R_UpperArm" name="Bip001_R_UpperArm" sid="joint33" type="JOINT">
                    <translate>81.22855 -1.1961e-5 6.10352e-5</translate>
                    <rotate>0.2012541 0.9624737 -0.1820472 -26.72058</rotate>
                    <node id="node-Bip001_R_Forearm" name="Bip001_R_Forearm" sid="joint29" type="JOINT">
                      <translate>204.7177 1.52588e-5 0</translate>
                      <rotate>1.02398e-7 2.3531e-6 1 -10.91024</rotate>
                      <node id="node-Bip001_R_Hand" name="Bip001_R_Hand" sid="joint30" type="JOINT">
                        <translate>177.4175 7.62939e-6 2.44141e-4</translate>
                        <rotate>-0.9965638 0.03049977 0.07700873 -90.29919</rotate>
                        <node id="node-Bip001_R_Finger0" name="Bip001_R_Finger0" sid="joint22" type="JOINT">
                          <translate>51.7168 0.5760498 34.05196</translate>
                          <rotate>0.91597 0.3843578 0.115187 -59.95448</rotate>
                          <node id="node-Bip001_R_Finger01" name="Bip001_R_Finger01" sid="joint23" type="JOINT">
                            <translate>39.04897 1.2207e-4 1.2207e-4</translate>
                            <rotate>-0.01444758 0.24085 -0.9704548 -7.072581</rotate>
                            <extra>
                              <technique profile="OpenCOLLADA">
                                <cast_shadows sid="cast_shadows" type="bool">1</cast_shadows>
                                <receive_shadows sid="receive_shadows" type="bool">1</receive_shadows>
                                <primary_visibility sid="primary_visibility" type="bool">1</primary_visibility>
                                <secondary_visibility sid="secondary_visibility" type="bool">1</secondary_visibility>
                              </technique>
                            </extra>
                          </node>
                          <extra>
                            <technique profile="OpenCOLLADA">
                              <cast_shadows sid="cast_shadows" type="bool">1</cast_shadows>
                              <receive_shadows sid="receive_shadows" type="bool">1</receive_shadows>
                              <primary_visibility sid="primary_visibility" type="bool">1</primary_visibility>
                              <secondary_visibility sid="secondary_visibility" type="bool">1</secondary_visibility>
                            </technique>
                          </extra>
                        </node>
                        <node id="node-Bip001_R_Finger1" name="Bip001_R_Finger1" sid="joint24" type="JOINT">
                          <translate>96.56897 -4.109558 23.25152</translate>
                          <rotate>0.01332891 0.9569484 0.289952 -7.886526</rotate>
                          <node id="node-Bip001_R_Finger11" name="Bip001_R_Finger11" sid="joint26" type="JOINT">
                            <translate>37.15234 0 -3.05176e-5</translate>
                            <rotate>2.1959e-6 -1.28228e-6 -1 -13.84438</rotate>
                            <extra>
                              <technique profile="OpenCOLLADA">
                                <cast_shadows sid="cast_shadows" type="bool">1</cast_shadows>
                                <receive_shadows sid="receive_shadows" type="bool">1</receive_shadows>
                                <primary_visibility sid="primary_visibility" type="bool">1</primary_visibility>
                                <secondary_visibility sid="secondary_visibility" type="bool">1</secondary_visibility>
                              </technique>
                            </extra>
                          </node>
                          <extra>
                            <technique profile="OpenCOLLADA">
                              <cast_shadows sid="cast_shadows" type="bool">1</cast_shadows>
                              <receive_shadows sid="receive_shadows" type="bool">1</receive_shadows>
                              <primary_visibility sid="primary_visibility" type="bool">1</primary_visibility>
                              <secondary_visibility sid="secondary_visibility" type="bool">1</secondary_visibility>
                            </technique>
                          </extra>
                        </node>
                        <node id="node-Bip001_R_Finger2" name="Bip001_R_Finger2" sid="joint25" type="JOINT">
                          <translate>96.77148 0.005432129 -6.665833</translate>
                          <rotate>-0.9924481 0.01971319 0.1210711 -18.72641</rotate>
                          <node id="node-Bip001_R_Finger21" name="Bip001_R_Finger21" sid="joint27" type="JOINT">
                            <translate>34.83221 1.2207e-4 -3.05176e-5</translate>
                            <rotate>0.2295474 0.04058373 -0.972451 -20.60968</rotate>
                            <extra>
                              <technique profile="OpenCOLLADA">
                                <cast_shadows sid="cast_shadows" type="bool">1</cast_shadows>
                                <receive_shadows sid="receive_shadows" type="bool">1</receive_shadows>
                                <primary_visibility sid="primary_visibility" type="bool">1</primary_visibility>
                                <secondary_visibility sid="secondary_visibility" type="bool">1</secondary_visibility>
                              </technique>
                            </extra>
                          </node>
                          <extra>
                            <technique profile="OpenCOLLADA">
                              <cast_shadows sid="cast_shadows" type="bool">1</cast_shadows>
                              <receive_shadows sid="receive_shadows" type="bool">1</receive_shadows>
                              <primary_visibility sid="primary_visibility" type="bool">1</primary_visibility>
                              <secondary_visibility sid="secondary_visibility" type="bool">1</secondary_visibility>
                            </technique>
                          </extra>
                        </node>
                        <extra>
                          <technique profile="OpenCOLLADA">
                            <cast_shadows sid="cast_shadows" type="bool">1</cast_shadows>
                            <receive_shadows sid="receive_shadows" type="bool">1</receive_shadows>
                            <primary_visibility sid="primary_visibility" type="bool">1</primary_visibility>
                            <secondary_visibility sid="secondary_visibility" type="bool">1</secondary_visibility>
                          </technique>
                        </extra>
                      </node>
                      <extra>
                        <technique profile="OpenCOLLADA">
                          <cast_shadows sid="cast_shadows" type="bool">1</cast_shadows>
                          <receive_shadows sid="receive_shadows" type="bool">1</receive_shadows>
                          <primary_visibility sid="primary_visibility" type="bool">1</primary_visibility>
                          <secondary_visibility sid="secondary_visibility" type="bool">1</secondary_visibility>
                        </technique>
                      </extra>
                    </node>
                    <extra>
                      <technique profile="OpenCOLLADA">
                        <cast_shadows sid="cast_shadows" type="bool">1</cast_shadows>
                        <receive_shadows sid="receive_shadows" type="bool">1</receive_shadows>
                        <primary_visibility sid="primary_visibility" type="bool">1</primary_visibility>
                        <secondary_visibility sid="secondary_visibility" type="bool">1</secondary_visibility>
                      </technique>
                    </extra>
                  </node>
                  <extra>
                    <technique profile="OpenCOLLADA">
                      <cast_shadows sid="cast_shadows" type="bool">1</cast_shadows>
                      <receive_shadows sid="receive_shadows" type="bool">1</receive_shadows>
                      <primary_visibility sid="primary_visibility" type="bool">1</primary_visibility>
                      <secondary_visibility sid="secondary_visibility" type="bool">1</secondary_visibility>
                    </technique>
                  </extra>
                </node>
                <extra>
                  <technique profile="OpenCOLLADA">
                    <cast_shadows sid="cast_shadows" type="bool">1</cast_shadows>
                    <receive_shadows sid="receive_shadows" type="bool">1</receive_shadows>
                    <primary_visibility sid="primary_visibility" type="bool">1</primary_visibility>
                    <secondary_visibility sid="secondary_visibility" type="bool">1</secondary_visibility>
                  </technique>
                </extra>
              </node>
              <extra>
                <technique profile="OpenCOLLADA">
                  <cast_shadows sid="cast_shadows" type="bool">1</cast_shadows>
                  <receive_shadows sid="receive_shadows" type="bool">1</receive_shadows>
                  <primary_visibility sid="primary_visibility" type="bool">1</primary_visibility>
                  <secondary_visibility sid="secondary_visibility" type="bool">1</secondary_visibility>
                </technique>
              </extra>
            </node>
            <extra>
              <technique profile="OpenCOLLADA">
                <cast_shadows sid="cast_shadows" type="bool">1</cast_shadows>
                <receive_shadows sid="receive_shadows" type="bool">1</receive_shadows>
                <primary_visibility sid="primary_visibility" type="bool">1</primary_visibility>
                <secondary_visibility sid="secondary_visibility" type="bool">1</secondary_visibility>
              </technique>
            </extra>
          </node>
          <extra>
            <technique profile="OpenCOLLADA">
              <cast_shadows sid="cast_shadows" type="bool">1</cast_shadows>
              <receive_shadows sid="receive_shadows" type="bool">1</receive_shadows>
              <primary_visibility sid="primary_visibility" type="bool">1</primary_visibility>
              <secondary_visibility sid="secondary_visibility" type="bool">1</secondary_visibility>
            </technique>
          </extra>
        </node>
        <node id="node-Bip001_xskirt_L" name="Bip001_xskirt_L" sid="joint37" type="JOINT">
          <translate>-53.76666 -87.90704 61.8808</translate>
          <rotate>0.001180673 0.07623343 0.9970893 -178.3113</rotate>
          <node id="node-Bip001_xskirt_L02" name="Bip001_xskirt_L02" sid="joint38" type="JOINT">
            <translate>114.7339 -0.1004562 3.8147e-6</translate>
            <node id="node-Bip001_xskirt_L03" name="Bip001_xskirt_L03" sid="joint39" type="JOINT">
              <translate>126.1435 -0.07704926 -7.62939e-6</translate>
              <extra>
                <technique profile="OpenCOLLADA">
                  <cast_shadows sid="cast_shadows" type="bool">1</cast_shadows>
                  <receive_shadows sid="receive_shadows" type="bool">1</receive_shadows>
                  <primary_visibility sid="primary_visibility" type="bool">1</primary_visibility>
                  <secondary_visibility sid="secondary_visibility" type="bool">1</secondary_visibility>
                </technique>
              </extra>
            </node>
            <extra>
              <technique profile="OpenCOLLADA">
                <cast_shadows sid="cast_shadows" type="bool">1</cast_shadows>
                <receive_shadows sid="receive_shadows" type="bool">1</receive_shadows>
                <primary_visibility sid="primary_visibility" type="bool">1</primary_visibility>
                <secondary_visibility sid="secondary_visibility" type="bool">1</secondary_visibility>
              </technique>
            </extra>
          </node>
          <extra>
            <technique profile="OpenCOLLADA">
              <cast_shadows sid="cast_shadows" type="bool">1</cast_shadows>
              <receive_shadows sid="receive_shadows" type="bool">1</receive_shadows>
              <primary_visibility sid="primary_visibility" type="bool">1</primary_visibility>
              <secondary_visibility sid="secondary_visibility" type="bool">1</secondary_visibility>
            </technique>
          </extra>
        </node>
        <node id="node-Bip001_xskirt_R" name="Bip001_xskirt_R" sid="joint40" type="JOINT">
          <translate>-53.76678 -87.90723 -61.88063</translate>
          <rotate>-0.001180498 -0.07623513 0.9970891 -178.3113</rotate>
          <node id="node-Bip001_xskirt_R02" name="Bip001_xskirt_R02" sid="joint41" type="JOINT">
            <translate>114.7339 -0.1004791 -1.14441e-5</translate>
            <node id="node-Bip001_xskirt_R03" name="Bip001_xskirt_R03" sid="joint42" type="JOINT">
              <translate>126.1435 -0.07705688 -3.8147e-6</translate>
              <extra>
                <technique profile="OpenCOLLADA">
                  <cast_shadows sid="cast_shadows" type="bool">1</cast_shadows>
                  <receive_shadows sid="receive_shadows" type="bool">1</receive_shadows>
                  <primary_visibility sid="primary_visibility" type="bool">1</primary_visibility>
                  <secondary_visibility sid="secondary_visibility" type="bool">1</secondary_visibility>
                </technique>
              </extra>
            </node>
            <extra>
              <technique profile="OpenCOLLADA">
                <cast_shadows sid="cast_shadows" type="bool">1</cast_shadows>
                <receive_shadows sid="receive_shadows" type="bool">1</receive_shadows>
                <primary_visibility sid="primary_visibility" type="bool">1</primary_visibility>
                <secondary_visibility sid="secondary_visibility" type="bool">1</secondary_visibility>
              </technique>
            </extra>
          </node>
          <extra>
            <technique profile="OpenCOLLADA">
              <cast_shadows sid="cast_shadows" type="bool">1</cast_shadows>
              <receive_shadows sid="receive_shadows" type="bool">1</receive_shadows>
              <primary_visibility sid="primary_visibility" type="bool">1</primary_visibility>
              <secondary_visibility sid="secondary_visibility" type="bool">1</secondary_visibility>
            </technique>
          </extra>
        </node>
        <extra>
          <technique profile="OpenCOLLADA">
            <cast_shadows sid="cast_shadows" type="bool">1</cast_shadows>
            <receive_shadows sid="receive_shadows" type="bool">1</receive_shadows>
            <primary_visibility sid="primary_visibility" type="bool">1</primary_visibility>
            <secondary_visibility sid="secondary_visibility" type="bool">1</secondary_visibility>
          </technique>
        </extra>
      </node>
      <node id="node-jasmine_betrothal_lod1" name="jasmine_betrothal_lod1">
        <instance_controller url="#geom-jasmine_betrothal_lod1-skin1">
          <skeleton>#node-Bip001_Pelvis</skeleton>
          <bind_material>
            <technique_common>
              <instance_material symbol="jasmine_bethrothal_mat" target="#jasmine_bethrothal_mat-material">
                <bind_vertex_input semantic="CHANNEL1" input_semantic="TEXCOORD" input_set="0"/>
              </instance_material>
            </technique_common>
          </bind_material>
        </instance_controller>
        <extra>
          <technique profile="OpenCOLLADA">
            <cast_shadows sid="cast_shadows" type="bool">1</cast_shadows>
            <receive_shadows sid="receive_shadows" type="bool">1</receive_shadows>
            <primary_visibility sid="primary_visibility" type="bool">1</primary_visibility>
            <secondary_visibility sid="secondary_visibility" type="bool">1</secondary_visibility>
          </technique>
        </extra>
      </node>
    </visual_scene>
  </library_visual_scenes>
  <scene>
    <instance_visual_scene url="#MaxScene"/>
  </scene>
</COLLADA>