# Blender v2.79 (sub 0) OBJ File: ''
# www.blender.org
mtllib genie.mtl
o genie_lod1_genie_lod1_mesh0000
v 0.332505 8.454739 5.917007
v 0.876658 8.501481 5.659743
v 0.749703 9.123865 5.719543
v 0.709246 7.792212 6.270356
v 1.630945 7.986889 5.895332
v 1.770521 3.645084 6.399733
v 2.754960 5.364115 6.400875
v 2.255898 5.057146 6.988814
v 2.682156 5.091349 5.310382
v 2.662491 5.433499 4.200616
v 1.303901 3.590090 4.806511
v 1.454980 5.294341 4.043663
v 1.890085 3.565232 5.611556
v 5.256357 2.987605 5.728438
v 6.083191 2.594395 6.594678
v 5.278805 3.249937 6.329907
v 6.238190 2.473583 5.899269
v 5.535141 3.055211 5.231827
v 6.238190 2.473583 5.899269
v 5.256357 2.987605 5.728438
v 6.186911 3.786077 5.144781
v 6.588453 2.673613 5.490634
v 5.812141 3.300278 5.012179
v 6.867178 2.991577 5.658491
v 6.179456 2.474517 6.901653
v 6.446221 3.044810 6.766519
v 6.700507 2.774550 6.863717
v 6.201335 2.386128 6.624048
v 0.226719 -0.380904 5.031957
v 0.499856 -0.050201 4.717886
v 0.821636 -0.296935 4.980621
v 1.103778 -1.904645 5.128875
v 0.470731 -1.895104 5.177238
v 6.498959 2.184722 7.310051
v 7.192786 2.262830 7.120135
v 6.700507 2.774550 6.863717
v 6.201335 2.386128 6.624048
v 6.112297 2.058680 7.016174
v 6.179456 2.474517 6.901653
v 6.112297 2.058680 7.016174
v 6.201335 2.386128 6.624048
v 6.286349 1.876955 6.841538
v 6.231549 2.190538 7.233013
v 5.908823 1.438248 7.486814
v 6.004745 1.364708 7.782172
v 6.041202 1.623719 7.737895
v 6.547578 1.373158 7.672428
v 6.374139 1.604433 7.825627
v 6.307522 1.332051 7.882016
v 5.935395 1.221748 7.654784
v 6.365254 1.161545 7.742011
v 6.133851 1.146219 7.779943
v 6.083401 1.112982 7.505604
v 6.133851 1.146219 7.779943
v 5.935395 1.221748 7.654784
v 6.282453 1.104396 7.551306
v 6.365254 1.161545 7.742011
v 6.665658 1.870557 7.314708
v 6.718706 2.094781 7.321179
v 6.871145 1.880921 7.273194
v 6.718706 2.094781 7.321179
v 6.665658 1.870557 7.314708
v 7.056987 2.004100 7.308967
v 7.428922 1.173782 7.654468
v 7.641317 0.730051 7.800768
v 7.664535 1.218287 7.614200
v 7.768369 1.148872 7.314606
v 7.777114 0.635085 7.508636
v 7.613885 1.031546 7.173035
v 7.654509 0.490337 7.649322
v 7.680522 0.548188 7.396329
v 7.465188 0.659123 7.806858
v 7.382478 0.579503 7.666542
v 7.654509 0.490337 7.649322
v 7.465188 0.659123 7.806858
v 7.680522 0.548188 7.396329
v 7.487827 0.499949 7.458283
v 7.323366 1.516694 7.033688
v 7.231981 1.590240 7.304949
v 6.647620 1.792327 6.843336
v 7.339350 1.445333 6.761018
v 7.545808 1.065969 7.025635
v 7.675533 0.531242 7.136438
v 7.766510 1.020601 6.988470
v 7.526323 0.500381 7.164467
v 7.554074 0.346482 7.032526
v 7.595773 0.241575 6.479625
v 7.796919 0.373505 6.326982
v 7.395380 0.466741 7.058920
v 7.554074 0.346482 7.032526
v 7.526323 0.500381 7.164467
v 7.599009 0.373965 6.226044
v 7.389558 0.416283 6.325247
v 7.595773 0.241575 6.479625
v 7.599009 0.373965 6.226044
v 1.067107 8.761360 5.184869
v 0.745379 9.346632 5.328009
v 0.282981 8.212886 5.991693
v 0.628269 8.824395 4.726876
v 0.525248 9.415115 4.986686
v 0.000019 8.825325 4.546113
v 0.000023 9.426722 4.808004
v 0.969140 6.606749 7.080708
v 2.019684 6.682481 6.796099
v 1.994203 8.111789 5.126475
v 1.268552 7.826982 4.209637
v 0.000013 7.645699 3.901066
v 0.990028 5.341908 7.388833
v 0.000019 5.445804 7.505725
v 0.000020 6.591568 7.142435
v 0.000012 3.640492 7.009894
v 0.988121 3.614070 6.862801
v 2.710354 6.598755 6.551745
v 3.793302 5.489437 6.438147
v 2.710354 6.598755 6.551745
v 2.754960 5.364115 6.400875
v 3.543174 4.609603 6.199062
v 2.682156 5.091349 5.310382
v 3.293532 4.521882 5.326021
v 2.882226 7.597379 5.903838
v 4.240208 6.358038 5.995922
v 2.882226 7.597379 5.903838
v 2.935579 7.731268 5.147068
v 4.272142 6.362823 5.221282
v 2.935579 7.731268 5.147068
v 2.747633 7.395143 4.331219
v 4.131311 5.928749 4.516748
v 2.747633 7.395143 4.331219
v 1.355031 6.394305 3.760509
v 2.479709 6.212193 3.875820
v 0.000008 6.271031 3.646410
v 2.479709 6.212193 3.875820
v 3.648716 5.145849 4.179387
v 2.662491 5.433499 4.200616
v 3.649722 4.715008 4.493013
v 2.682156 5.091349 5.310382
v 3.293532 4.521882 5.326021
v 0.000006 5.267095 3.846778
v 1.890085 3.565232 5.611556
v 1.041997 1.935049 5.921420
v 1.041997 1.935049 5.921420
v 0.728084 1.917932 5.159417
v 0.000003 3.468915 4.462024
v 0.000000 1.903557 4.824012
v 0.000007 1.919585 6.661667
v 0.000004 0.961670 6.705092
v 0.656996 0.999787 6.535775
v 0.665678 1.947402 6.509007
v 1.041997 1.935049 5.921420
v 1.019121 1.014344 5.879543
v 0.711715 1.008166 5.127522
v 0.728084 1.917932 5.159417
v 0.000000 1.903557 4.824012
v -0.000002 0.999042 4.722218
v 4.706029 4.633960 6.321335
v 4.164773 4.027626 6.057516
v 5.143531 5.264839 6.036014
v 5.700002 4.621238 6.114244
v 5.229341 4.194055 6.419006
v 4.718684 3.667137 6.177758
v 5.153750 5.177853 5.281719
v 5.786860 4.600471 5.405666
v 4.933349 4.838393 4.740345
v 5.592016 4.286033 4.884260
v 4.017083 3.904583 5.419940
v 4.601755 3.491341 5.537644
v 4.226923 4.087505 4.687782
v 4.017083 3.904583 5.419940
v 4.870533 3.571491 4.928347
v 4.601755 3.491341 5.537644
v 4.519796 4.374381 4.422480
v 5.176729 3.825365 4.684548
v 5.719648 3.782875 6.575506
v 6.187290 4.146298 6.226338
v 5.278805 3.249937 6.329907
v 5.719648 3.782875 6.575506
v 6.776126 3.244803 6.416577
v 6.187290 4.146298 6.226338
v 6.294878 4.064402 5.605654
v 6.867083 3.137871 5.965468
v 6.294878 4.064402 5.605654
v 6.186911 3.786077 5.144781
v 5.256357 2.987605 5.728438
v 5.812141 3.300278 5.012179
v 5.535141 3.055211 5.231827
v 7.077336 2.848311 6.280404
v 7.075839 2.669242 5.708475
v 6.833505 2.446537 5.597892
v 6.500493 2.272581 6.038063
v 6.500493 2.272581 6.038063
v -0.000001 0.162150 6.667572
v 0.631368 -0.168821 6.633769
v 0.656996 0.999787 6.535775
v 0.000004 0.961670 6.705092
v 1.120420 0.092535 6.384908
v 1.019121 1.014344 5.879543
v 0.711715 1.008166 5.127522
v 1.002162 0.460822 5.114226
v 0.570730 0.510311 4.683647
v -0.000000 0.516865 4.537250
v -0.000002 0.999042 4.722218
v 0.276801 -0.559308 6.484703
v -0.000002 -0.309830 6.515879
v -0.000003 -0.633133 6.202249
v 0.129423 -0.726905 6.158323
v -0.000001 -0.077738 4.738058
v 1.265474 0.149739 5.799713
v -0.000002 -0.613051 5.649130
v -0.000001 -0.286485 5.005934
v 0.123332 -0.708524 5.669182
v 0.123332 -0.708524 5.669182
v 0.222423 -1.917804 5.702020
v 0.229767 -2.008158 6.249904
v 0.222423 -1.917804 5.702020
v 1.690313 -1.715850 6.610059
v 1.803123 -1.899214 5.801795
v 1.014503 -1.808910 6.865112
v 0.381281 -1.842757 6.612230
v 1.783177 -2.187428 6.651820
v 1.076737 -2.260493 6.893599
v 0.390245 -2.298789 6.618867
v 1.245868 -3.299770 6.843539
v 1.994978 -3.244180 6.601153
v 0.441441 -3.297164 6.574764
v 2.139595 -3.090638 5.635534
v 1.359954 -3.004517 4.667315
v 0.496237 -3.025167 4.825576
v 0.207255 -3.096198 5.484333
v 0.207255 -3.096198 5.484333
v 0.225927 -3.242284 6.197878
v 0.734130 -4.264758 6.331653
v 1.380605 -4.230640 6.512848
v 0.517161 -4.227871 6.005499
v 1.368503 -4.490635 6.102442
v 1.069866 -4.541400 5.878269
v 1.995925 -4.141443 6.309323
v 1.668796 -4.527765 5.729853
v 2.153418 -4.048566 5.555957
v 1.466263 -4.513864 5.155823
v 1.491017 -4.059048 4.712727
v 0.719162 -4.079829 4.834861
v 1.073171 -4.549677 5.352269
v 0.505433 -4.185097 5.422414
v 0.505433 -4.185097 5.422414
v 1.073171 -4.549677 5.352269
v 7.453626 2.222773 6.581640
v 7.077336 2.848311 6.280404
v 7.487242 2.070705 5.827155
v 7.075839 2.669242 5.708475
v 7.251816 1.898341 5.715562
v 6.833505 2.446537 5.597892
v 7.029036 1.774228 5.949200
v 6.833505 2.446537 5.597892
v 7.251816 1.898341 5.715562
v 6.500493 2.272581 6.038063
v 5.908823 1.438248 7.486814
v 6.101239 1.270134 7.309668
v 6.400014 1.256757 7.376625
v 6.547578 1.373158 7.672428
v 7.056987 2.004100 7.308967
v 7.500198 1.777551 7.337140
v 7.656087 1.683098 6.952382
v 7.547528 1.578421 6.949924
v 7.336458 1.703048 7.407492
v 7.428922 1.173782 7.654468
v 7.319575 1.091745 7.462781
v 7.424396 1.012778 7.232126
v 7.613885 1.031546 7.173035
v 7.336458 1.703048 7.407492
v 7.547528 1.578421 6.949924
v 7.856804 0.938142 6.171883
v 7.725552 1.495109 6.020860
v 7.357956 1.393142 5.981196
v 7.416426 0.909987 6.160112
v 7.406664 0.979211 6.893248
v 7.642048 0.901676 6.041898
v 7.561187 1.414049 5.890980
v 7.642048 0.901676 6.041898
v 7.561187 1.414049 5.890980
v 5.256357 2.987605 5.728438
v 7.545808 1.065969 7.025635
v 1.460768 -5.225535 4.978586
v 1.359545 -5.234878 6.113266
v 1.211519 -5.225769 4.975706
v 1.460768 -5.225535 4.978586
v 1.211519 -5.225769 4.975706
v 1.171916 -4.817013 4.956677
v 1.497976 -4.818556 4.957108
v 0.934759 -4.879033 5.812057
v 1.073171 -4.549677 5.352269
v 1.466263 -4.513864 5.155823
v 1.740513 -4.831702 5.320726
v 0.965854 -5.225277 5.788500
v 0.965854 -5.225277 5.788500
v 1.695728 -5.226366 5.313886
v 1.695728 -5.226366 5.313886
v 1.668796 -4.527765 5.729853
v 1.368503 -4.490635 6.102442
v 1.877868 -4.980189 6.542257
v 1.073171 -4.549677 5.352269
v 0.934759 -4.879033 5.812057
v 1.069866 -4.541400 5.878269
v 1.843334 -5.229677 6.520822
v 1.843334 -5.229677 6.520822
v 1.396643 -4.719814 6.757690
v 0.909851 -5.009195 6.858959
v 0.965854 -5.225277 5.788500
v 0.928118 -5.229923 6.832556
v 0.928118 -5.229923 6.832556
v 1.802781 -5.087229 7.395116
v 1.414428 -4.898748 7.377553
v 0.987384 -5.062379 7.400274
v 1.028123 -5.204649 7.396940
v 1.731807 -5.211741 7.386344
v 1.028123 -5.204649 7.396940
v 1.731807 -5.211741 7.386344
v 1.672215 -4.963274 7.775288
v 1.413504 -4.866942 7.671354
v 1.109250 -4.948376 7.769653
v 1.154705 -5.048204 7.818836
v 1.601774 -5.057323 7.810634
v 1.154705 -5.048204 7.818836
v 1.601774 -5.057323 7.810634
v 1.527463 -4.727335 7.985002
v 1.589551 -4.704923 7.907471
v 1.406339 -4.698252 7.801606
v 1.193939 -4.701795 7.893775
v 1.229398 -4.723108 7.991130
v 1.527463 -4.727335 7.985002
v 1.229398 -4.723108 7.991130
v 1.444113 -4.373270 7.570185
v 1.284904 -4.392407 7.582438
v 1.265453 -4.395580 7.900988
v 1.484566 -4.404740 7.900271
v 1.444113 -4.373270 7.570185
v 1.484566 -4.404740 7.900271
v 1.543379 -4.448184 7.843986
v 1.479835 -4.429229 7.592012
v 1.405015 -4.523428 7.791130
v 1.375599 -4.466380 7.631827
v 1.226247 -4.466157 7.829336
v 1.259724 -4.458887 7.620983
v 1.265453 -4.395580 7.900988
v 1.284904 -4.392407 7.582438
v 1.312880 -4.543140 7.495511
v 1.290329 -4.541152 7.541972
v 1.420432 -4.544193 7.470960
v 1.312880 -4.543140 7.495511
v 1.437629 -4.542257 7.516149
v 1.420432 -4.544193 7.470960
v 1.325832 -4.625312 7.606777
v 1.378176 -4.659463 7.588488
v 1.325832 -4.625312 7.606777
v 1.408431 -4.630509 7.604246
v 1.408431 -4.630509 7.604246
v 1.390414 -4.618920 7.698797
v 1.378176 -4.659463 7.588488
v 1.390414 -4.618920 7.698797
v 0.000020 7.735901 6.353902
v 0.000020 8.174607 6.016646
v 0.000021 8.332454 6.012491
v 0.144475 10.381957 7.040098
v 0.099365 10.213942 6.939032
v 0.177321 10.341660 6.958293
v 0.000023 10.221134 6.982021
v 0.000023 10.063154 7.013206
v 0.120332 10.051099 6.917053
v 0.161316 10.162598 6.947440
v 0.318074 10.539004 7.052037
v 0.144475 10.381957 7.040098
v 0.345818 10.495356 7.004264
v 0.223849 10.524283 7.052831
v 0.573306 10.525977 6.878568
v 0.507035 10.348990 6.832726
v 0.664293 10.454322 6.763096
v 0.678706 10.371463 6.648659
v 0.544729 10.225830 6.734540
v 0.607272 10.066257 6.562760
v 0.699736 10.484583 6.291025
v 0.699863 10.457823 6.671836
v 0.709319 10.458862 6.736501
v 0.678706 10.371463 6.648659
v 0.699863 10.457823 6.671836
v 0.527572 10.030769 6.736197
v 0.610384 9.977425 6.692458
v 0.161316 10.162598 6.947440
v 0.120332 10.051099 6.917053
v 0.302494 10.041346 6.632090
v 0.073887 9.951900 7.077993
v 0.000023 9.986387 7.081697
v 0.527572 10.030769 6.736197
v 0.509911 10.144097 6.796108
v 0.485417 9.873590 6.809462
v 0.541879 9.800759 6.876819
v 0.130148 9.835977 7.189325
v 0.174130 9.816380 6.931947
v 0.144600 9.935611 6.903615
v 0.229436 9.825603 6.893398
v 0.184008 9.760877 6.947468
v 0.724634 9.934632 6.510394
v 0.223849 10.524283 7.052831
v 0.309103 10.611355 6.991692
v 0.137804 10.560791 7.034753
v 0.203950 9.692124 6.980796
v 0.481522 9.541211 6.939463
v 0.411002 9.695660 6.927656
v 0.131514 9.630569 7.058927
v 0.250208 9.568325 7.042293
v 0.096104 9.513977 7.226722
v 0.167697 9.634856 7.164692
v 0.099665 9.608149 7.322753
v 0.063312 9.428985 7.331923
v 0.758303 9.682634 6.121733
v 0.787678 9.854861 5.918355
v 0.687115 10.051455 6.294225
v 0.748980 9.461590 5.948571
v 0.899267 9.194109 6.044396
v 0.761702 10.190192 5.915650
v 0.797582 9.626722 5.836606
v 0.749703 9.123865 5.719543
v 0.755820 10.340052 5.670505
v 0.761702 10.190192 5.915650
v 0.880625 10.380986 5.685086
v 0.730373 9.554595 5.700540
v 0.730373 9.554595 5.700540
v 0.965913 9.573269 5.623785
v 0.797582 9.626722 5.836606
v 0.854747 9.223689 6.361098
v 0.989155 8.740569 6.320593
v 0.806207 8.703433 5.954852
v 0.857285 8.481531 6.478410
v 0.730373 9.554595 5.700540
v 0.790095 9.618482 5.516399
v 0.965913 9.573269 5.623785
v 0.504804 8.326096 6.258106
v 0.325914 8.098679 6.724472
v 0.680297 8.265301 6.689525
v 0.432186 10.650905 6.903478
v 0.309103 10.611355 6.991692
v 0.481058 10.669922 6.932620
v 0.432186 10.650905 6.903478
v 0.347219 10.710628 6.744796
v 0.636970 10.609512 6.760036
v 0.668078 10.616141 6.793149
v 0.665514 10.573703 6.849891
v 0.636970 10.609512 6.760036
v 0.305204 10.764871 6.430073
v 0.000025 11.040806 5.961699
v 0.000024 10.752939 6.485333
v 0.277533 11.016243 5.923985
v 0.384010 10.968897 5.457709
v 0.509319 10.924364 5.824160
v 1.383483 10.778599 5.343585
v 0.448402 9.940533 4.990055
v 0.744619 9.978284 5.383024
v 0.525248 9.415115 4.986686
v 0.790095 9.618482 5.516399
v 0.745379 9.346632 5.328009
v 0.787678 9.854861 5.918355
v 1.050336 9.739655 5.457088
v 1.050336 9.739655 5.457088
v 0.744619 9.978284 5.383024
v 1.042860 9.997651 5.429308
v 0.088680 11.069929 5.312747
v 0.000025 11.055557 5.276787
v 0.054236 11.148975 5.314554
v 0.000025 11.136814 5.294308
v 0.052503 11.179943 5.370760
v 0.116485 11.504831 5.114795
v 0.000025 11.203772 5.419892
v 0.000028 11.634672 5.267011
v 0.063724 11.880447 5.069932
v 0.138275 11.702978 4.910187
v 0.030717 12.012899 4.897143
v 0.059306 12.003393 4.809565
v 0.112261 11.838921 4.701960
v 0.000029 11.950733 5.054333
v 0.000029 11.832407 5.154874
v 0.000029 11.662128 4.734135
v 0.057972 11.915964 4.331531
v 0.000029 11.845993 4.309916
v 0.047532 12.040337 4.615919
v 0.000030 12.025976 4.509341
v 0.000030 12.021269 4.845494
v 0.000030 12.087605 4.719147
v 0.000030 12.059622 4.292514
v 0.000030 11.992445 4.284036
v 0.000030 12.080673 4.572591
v 0.000030 11.867107 3.942451
v 0.218222 10.221872 6.973087
v 0.000023 10.382883 7.051667
v 0.333179 10.406898 6.933413
v 0.345818 10.495356 7.004264
v 0.338675 10.262272 6.971457
v 0.459368 10.225769 6.892090
v 0.520852 10.610594 6.961267
v 0.573306 10.525977 6.878568
v 0.509911 10.144097 6.796108
v 0.664293 10.454322 6.763096
v 0.161316 10.162598 6.947440
v 0.218222 10.221872 6.973087
v 0.218222 10.221872 6.973087
v 0.338675 10.262272 6.971457
v 0.459368 10.225769 6.892090
v 0.338675 10.262272 6.971457
v 0.000023 9.879672 7.317421
v 0.000022 9.591054 7.370558
v 0.509911 10.144097 6.796108
v 0.459368 10.225769 6.892090
v 0.387517 9.809556 6.861597
v 0.630479 9.663645 6.914130
v 0.719167 9.773968 6.780043
v 0.000022 9.571536 7.072006
v 0.000022 9.412774 7.358891
v 0.000022 9.519822 7.182034
v 0.000022 9.468765 7.084268
v 0.276396 9.472672 7.042680
v 0.459311 9.462551 6.949862
v 0.000022 9.468765 7.084268
v 0.000022 9.366831 7.191115
v 0.313169 9.379271 7.148937
v 0.276396 9.472672 7.042680
v 0.585087 9.381709 6.971266
v 0.459311 9.462551 6.949862
v 0.547795 9.447161 6.814107
v 0.626237 9.409186 6.750471
v 0.755549 9.306691 6.617116
v 0.816949 9.134770 6.778921
v 0.752219 9.049448 6.918717
v 0.393882 8.986043 7.102444
v 0.000022 8.950233 7.194776
v 0.962416 8.895033 6.656091
v 0.859682 8.713286 6.922368
v 0.448190 8.535958 7.165155
v 0.000021 8.468177 7.262033
v 0.651641 10.629045 6.556232
v 0.578982 10.738214 6.259121
v 0.682878 10.647243 5.723869
v 0.755820 10.340052 5.670505
v 0.906471 8.573359 6.562983
v 0.724886 8.365761 6.813472
v 0.366867 8.175869 6.965671
v 0.000021 8.138222 6.991649
v 0.332505 8.454739 5.917007
v 0.000021 8.172305 6.417425
v 0.000021 8.332454 6.012491
v 0.000021 8.172102 6.418305
v 0.000024 10.681861 6.811479
v 0.000023 10.544959 7.041417
v 0.102037 11.073240 5.531344
v 0.000025 11.085350 5.551114
v 0.144241 11.029732 5.443478
v 0.000025 11.085350 5.551114
v 0.102037 11.073240 5.531344
v 0.105196 11.129820 5.442100
v 0.000025 11.169979 5.497371
v 0.144241 11.029732 5.443478
v 0.614563 10.632492 5.363969
v 0.246915 10.866428 5.241853
v 0.103451 10.978924 5.341853
v 0.103451 10.978924 5.341853
v 0.383979 10.574675 5.093734
v 0.000024 10.550813 4.985766
v 0.000025 10.854734 5.174992
v 0.000025 10.956091 5.296594
v 0.000024 9.944785 4.867547
v 0.000023 9.426722 4.808004
v 0.052503 11.179943 5.370760
v 0.000028 11.421646 5.029963
v 0.054236 11.148975 5.314554
v 0.000025 11.136814 5.294308
v 0.000022 9.403194 7.295852
v 0.057577 9.418721 7.297238
v 0.000025 10.956091 5.296594
v 0.485417 9.873590 6.809462
v 0.144600 9.935611 6.903615
v 0.229436 9.825603 6.893398
v 0.387517 9.809556 6.861597
v 0.000030 12.038689 4.913115
v 0.000025 11.203772 5.419892
v 0.000019 8.076414 6.722606
v 0.605851 9.500689 6.760219
v 0.680411 9.581048 6.659730
v 0.729347 9.653729 6.427461
v 0.518109 10.047251 6.758025
v 0.502977 10.053053 6.847549
v 0.510301 10.016689 6.841962
v 0.502181 9.981311 6.822488
v 0.503553 9.953978 6.777940
v 0.500716 10.144043 6.773902
v 0.500680 10.122814 6.820499
v 0.501628 10.091340 6.839888
v 0.457783 10.054709 6.921614
v 0.459045 9.983286 6.910158
v 0.458697 9.922141 6.874857
v 0.456818 9.869668 6.794410
v 0.452959 10.228926 6.788908
v 0.453598 10.184108 6.873274
v 0.455270 10.124982 6.908894
v 0.389589 10.054752 6.972034
v 0.392097 9.961663 6.956625
v 0.391004 9.878052 6.912310
v 0.387260 9.809085 6.806010
v 0.384645 10.284193 6.798021
v 0.384727 10.224548 6.908473
v 0.386380 10.146853 6.955319
v 0.311551 9.952807 6.972826
v 0.308187 10.053783 6.990185
v 0.310578 9.859898 6.925787
v 0.307829 9.783093 6.810183
v 0.303875 10.303066 6.801228
v 0.303711 10.238393 6.921109
v 0.305089 10.153898 6.972106
v 0.226001 10.052028 6.973292
v 0.229024 9.958965 6.957822
v 0.230605 9.875691 6.913880
v 0.229143 9.806697 6.805655
v 0.222595 10.283013 6.798548
v 0.222493 10.223132 6.909436
v 0.223538 10.144898 6.956725
v 0.155811 10.049713 6.924511
v 0.157694 9.978054 6.911828
v 0.159253 9.916192 6.877187
v 0.159649 9.865356 6.794811
v 0.153394 10.226747 6.790539
v 0.153705 10.180796 6.875365
v 0.154283 10.120963 6.911603
v 0.108581 10.047115 6.850740
v 0.109376 10.008204 6.844298
v 0.110046 9.974878 6.825446
v 0.110416 9.947788 6.780458
v 0.107244 10.142798 6.778281
v 0.107414 10.118138 6.824093
v 0.107874 10.085718 6.843649
v 0.091924 10.044338 6.763148
v 0.493622 9.951672 6.694527
v 0.507641 10.040188 6.690334
v 0.489509 10.133199 6.689297
v 0.448656 9.870108 6.697800
v 0.445351 10.219160 6.690580
v 0.383111 9.810774 6.699733
v 0.381017 10.276731 6.691233
v 0.308170 9.790065 6.700160
v 0.304674 10.295506 6.691074
v 0.232800 9.811182 6.699447
v 0.227750 10.275877 6.691702
v 0.167278 9.866055 6.698356
v 0.162211 10.220835 6.693221
v 0.121058 9.947021 6.697832
v 0.118464 10.138758 6.695235
v 0.103791 10.042463 6.697040
v 0.857285 8.481531 6.478410
v 0.989155 8.740569 6.320593
v 0.906471 8.573359 6.562983
v 0.000015 6.663443 7.156983
v 0.031415 6.701072 7.163170
v 0.000015 6.708708 7.180028
v 0.000015 6.663459 7.157434
v 0.000015 6.716581 7.075516
v 0.050305 6.751773 7.150796
v 0.031415 6.701072 7.163170
v 0.000015 6.672934 7.107671
v 0.366867 8.175869 6.965671
v 0.160357 7.956262 6.992655
v 0.503886 8.075353 6.879480
v 0.724886 8.365761 6.813472
v 0.680297 8.265301 6.689525
v 0.000021 8.138222 6.991649
v 0.000018 7.955127 6.995388
v 0.102508 7.680454 6.974444
v 0.061090 7.412932 6.990657
v 0.000017 7.411470 6.922707
v 0.000018 7.674114 6.869072
v 0.022611 7.012769 7.035029
v 0.000016 7.003622 7.009938
v 0.000016 7.215186 6.954784
v 0.042502 7.218401 7.002837
v 0.021487 6.875499 7.082654
v 0.000016 6.863400 7.055879
v 0.021487 6.875499 7.082654
v 0.022611 7.012769 7.035029
v 0.000016 7.015070 7.041898
v 0.000016 6.877638 7.090518
v 0.000015 6.761758 7.172517
v 0.050305 6.751773 7.150796
v 0.042502 7.218401 7.002837
v 0.000016 7.219395 7.015679
v 0.102508 7.680454 6.974444
v 0.227507 7.861026 6.926702
v 0.000018 7.684974 6.995343
v 0.000018 7.896519 6.800385
v 0.227507 7.861026 6.926702
v 0.503886 8.075353 6.879480
v 0.325914 8.098679 6.724472
v 0.000019 8.076414 6.722606
v 0.680297 8.265301 6.689525
v 0.000015 6.663443 7.156983
v 0.061090 7.412932 6.990657
v 0.000017 7.413167 7.007999
v 0.000007 1.919585 6.661667
v 0.665678 1.947402 6.509007
v 1.042860 9.997651 5.429308
v 1.383483 10.778599 5.343585
v 0.880625 10.380986 5.685086
v 0.761702 10.190192 5.915650
v 0.123332 -0.708524 5.669182
v 0.129423 -0.726905 6.158323
v -0.000003 -0.633133 6.202249
v -0.000003 -0.633133 6.202249
v -0.000002 -0.613051 5.649130
v 0.123332 -0.708524 5.669182
v 2.682156 5.091349 5.310382
v -0.332464 8.454741 5.917008
v -0.749659 9.123867 5.719543
v -0.876617 8.501485 5.659746
v -1.630907 7.986897 5.895335
v -0.709206 7.792217 6.270359
v -1.770501 3.645094 6.399745
v -2.255869 5.057155 6.988825
v -2.754934 5.364130 6.400883
v -2.682134 5.091362 5.310390
v -2.662470 5.433514 4.200624
v -1.454965 5.294350 4.043672
v -1.303891 3.590096 4.806520
v -1.890070 3.565244 5.611568
v -5.256344 2.987633 5.728434
v -5.278790 3.249964 6.329903
v -6.083182 2.594427 6.594673
v -6.238179 2.473617 5.899264
v -5.535127 3.055241 5.231822
v -5.256344 2.987633 5.728434
v -6.238179 2.473617 5.899264
v -6.186892 3.786109 5.144775
v -5.812125 3.300308 5.012174
v -6.588441 2.673648 5.490629
v -6.867165 2.991612 5.658484
v -6.179446 2.474551 6.901647
v -6.446208 3.044843 6.766512
v -6.700494 2.774587 6.863710
v -6.201326 2.386162 6.624042
v -0.226722 -0.380902 5.031957
v -0.821639 -0.296931 4.980620
v -0.499857 -0.050198 4.717885
v -0.470742 -1.895102 5.177238
v -1.103789 -1.904640 5.128873
v -6.498950 2.184758 7.310045
v -6.700494 2.774587 6.863710
v -7.192777 2.262871 7.120129
v -6.201326 2.386162 6.624042
v -6.179446 2.474551 6.901647
v -6.112289 2.058713 7.016169
v -6.112289 2.058713 7.016169
v -6.286341 1.876990 6.841532
v -6.201326 2.386162 6.624042
v -6.231542 2.190573 7.233006
v -5.908818 1.438282 7.486810
v -6.041197 1.623753 7.737889
v -6.004740 1.364742 7.782167
v -6.547572 1.373196 7.672423
v -6.307518 1.332087 7.882011
v -6.374134 1.604469 7.825622
v -5.935391 1.221782 7.654779
v -6.365251 1.161582 7.742006
v -6.133847 1.146254 7.779938
v -6.083397 1.113017 7.505599
v -5.935391 1.221782 7.654779
v -6.133847 1.146254 7.779938
v -6.282449 1.104432 7.551301
v -6.365251 1.161582 7.742006
v -6.718698 2.094820 7.321173
v -6.665649 1.870595 7.314702
v -6.871137 1.880960 7.273188
v -6.665649 1.870595 7.314702
v -6.718698 2.094820 7.321173
v -7.056979 2.004140 7.308960
v -7.428917 1.173823 7.654460
v -7.664533 1.218330 7.614192
v -7.641315 0.730093 7.800761
v -7.768363 1.148914 7.314599
v -7.613881 1.031589 7.173028
v -7.777111 0.635127 7.508628
v -7.654507 0.490379 7.649315
v -7.680518 0.548231 7.396322
v -7.465186 0.659164 7.806851
v -7.382475 0.579543 7.666534
v -7.465186 0.659164 7.806851
v -7.654507 0.490379 7.649315
v -7.680518 0.548231 7.396322
v -7.487823 0.499990 7.458276
v -7.323359 1.516735 7.033681
v -6.647613 1.792365 6.843329
v -7.231974 1.590281 7.304942
v -7.339344 1.445374 6.761012
v -7.545803 1.066011 7.025628
v -7.766504 1.020644 6.988463
v -7.675529 0.531285 7.136431
v -7.526319 0.500423 7.164459
v -7.554073 0.346524 7.032519
v -7.796917 0.373548 6.326975
v -7.595770 0.241618 6.479618
v -7.395377 0.466781 7.058913
v -7.526319 0.500423 7.164459
v -7.554073 0.346524 7.032519
v -7.599007 0.374008 6.226037
v -7.595770 0.241618 6.479618
v -7.389557 0.416324 6.325240
v -7.599007 0.374008 6.226037
v -1.067067 8.761366 5.184872
v -0.745335 9.346636 5.328009
v -0.282940 8.212889 5.991693
v -0.628230 8.824397 4.726878
v -0.525203 9.415115 4.986686
v -0.969102 6.606754 7.080713
v -2.019650 6.682493 6.796105
v -1.994165 8.111802 5.126476
v -1.268519 7.826990 4.209641
v -0.989993 5.341912 7.388839
v -0.988097 3.614076 6.862808
v -2.710322 6.598769 6.551750
v -3.793278 5.489457 6.438146
v -3.543153 4.609622 6.199066
v -2.754934 5.364130 6.400883
v -2.710322 6.598769 6.551750
v -3.293512 4.521900 5.326026
v -2.682134 5.091362 5.310390
v -2.882190 7.597397 5.903838
v -4.240180 6.358062 5.995919
v -2.882190 7.597397 5.903838
v -2.935542 7.731286 5.147068
v -2.935542 7.731286 5.147068
v -4.272113 6.362847 5.221280
v -2.747599 7.395158 4.331219
v -2.747599 7.395158 4.331219
v -4.131283 5.928771 4.516746
v -1.355011 6.394312 3.760516
v -2.479684 6.212206 3.875826
v -2.479684 6.212206 3.875826
v -3.648694 5.145869 4.179387
v -2.662470 5.433514 4.200624
v -3.649702 4.715029 4.493016
v -2.682134 5.091362 5.310390
v -3.293512 4.521900 5.326026
v -1.890070 3.565244 5.611568
v -1.041988 1.935054 5.921427
v -0.728081 1.917935 5.159422
v -1.041988 1.935054 5.921427
v -0.665665 1.947405 6.509012
v -0.656990 0.999792 6.535778
v -1.041988 1.935054 5.921427
v -1.019117 1.014350 5.879548
v -0.728081 1.917935 5.159422
v -0.711716 1.008170 5.127525
v -4.706009 4.633984 6.321331
v -4.164756 4.027648 6.057512
v -5.143508 5.264866 6.036009
v -5.699979 4.621267 6.114238
v -5.229321 4.194082 6.419001
v -4.718668 3.667161 6.177754
v -5.153727 5.177880 5.281714
v -5.786839 4.600501 5.405661
v -4.933328 4.838420 4.740341
v -5.591997 4.286061 4.884255
v -4.017066 3.904605 5.419937
v -4.601739 3.491365 5.537640
v -4.017066 3.904605 5.419937
v -4.226905 4.087527 4.687779
v -4.601739 3.491365 5.537640
v -4.870516 3.571517 4.928343
v -4.519776 4.374405 4.422475
v -5.176710 3.825391 4.684544
v -6.187269 4.146329 6.226332
v -5.719630 3.782905 6.575501
v -5.278790 3.249964 6.329903
v -5.719630 3.782905 6.575501
v -6.187269 4.146329 6.226332
v -6.776111 3.244840 6.416571
v -6.294859 4.064433 5.605648
v -6.294859 4.064433 5.605648
v -6.867069 3.137905 5.965462
v -6.186892 3.786109 5.144775
v -5.256344 2.987633 5.728434
v -5.812125 3.300308 5.012174
v -5.535127 3.055241 5.231822
v -7.077322 2.848350 6.280397
v -7.075827 2.669281 5.708468
v -6.833493 2.446576 5.597886
v -6.500484 2.272616 6.038056
v -6.500484 2.272616 6.038056
v -0.656990 0.999792 6.535778
v -0.631372 -0.168818 6.633768
v -1.120422 0.092540 6.384907
v -1.019117 1.014350 5.879548
v -0.711716 1.008170 5.127525
v -1.002161 0.460827 5.114225
v -0.570730 0.510314 4.683647
v -0.276806 -0.559307 6.484702
v -0.129429 -0.726904 6.158323
v -1.265475 0.149745 5.799712
v -0.123338 -0.708524 5.669182
v -0.229779 -2.008157 6.249904
v -0.222434 -1.917802 5.702020
v -0.123338 -0.708524 5.669182
v -0.222434 -1.917802 5.702020
v -1.690325 -1.715842 6.610057
v -1.803135 -1.899205 5.801792
v -1.014516 -1.808905 6.865111
v -0.381294 -1.842755 6.612229
v -1.783191 -2.187420 6.651818
v -1.076752 -2.260488 6.893597
v -0.390260 -2.298787 6.618866
v -1.994998 -3.244170 6.601150
v -1.245888 -3.299763 6.843536
v -0.441461 -3.297162 6.574763
v -2.139612 -3.090627 5.635531
v -1.359970 -3.004510 4.667314
v -0.496253 -3.025164 4.825575
v -0.207273 -3.096197 5.484332
v -0.207273 -3.096197 5.484332
v -0.225946 -3.242282 6.197877
v -1.380630 -4.230633 6.512846
v -0.734155 -4.264755 6.331652
v -0.517185 -4.227869 6.005498
v -1.368528 -4.490629 6.102440
v -1.069891 -4.541395 5.878267
v -1.995949 -4.141434 6.309320
v -1.668822 -4.527756 5.729850
v -2.153441 -4.048554 5.555954
v -1.466288 -4.513857 5.155821
v -1.491039 -4.059041 4.712725
v -0.719184 -4.079826 4.834860
v -1.073196 -4.549671 5.352267
v -0.505456 -4.185095 5.422413
v -0.505456 -4.185095 5.422413
v -1.073196 -4.549671 5.352267
v -7.453619 2.222814 6.581633
v -7.077322 2.848350 6.280397
v -7.075827 2.669281 5.708468
v -7.487234 2.070745 5.827148
v -6.833493 2.446576 5.597886
v -7.251808 1.898381 5.715556
v -7.029028 1.774268 5.949194
v -7.251808 1.898381 5.715556
v -6.833493 2.446576 5.597886
v -6.500484 2.272616 6.038056
v -5.908818 1.438282 7.486810
v -6.101235 1.270169 7.309663
v -6.400010 1.256794 7.376620
v -6.547572 1.373196 7.672423
v -7.056979 2.004140 7.308960
v -7.500191 1.777593 7.337132
v -7.656081 1.683141 6.952375
v -7.547522 1.578464 6.949917
v -7.336452 1.703089 7.407485
v -7.319571 1.091785 7.462774
v -7.428917 1.173823 7.654460
v -7.424391 1.012818 7.232120
v -7.613881 1.031589 7.173028
v -7.336452 1.703089 7.407485
v -7.547522 1.578464 6.949917
v -7.856800 0.938186 6.171875
v -7.725544 1.495152 6.020854
v -7.406660 0.979253 6.893241
v -7.416422 0.910028 6.160105
v -7.357951 1.393183 5.981190
v -7.561182 1.414092 5.890973
v -7.642044 0.901719 6.041891
v -7.642044 0.901719 6.041891
v -7.561182 1.414092 5.890973
v -5.256344 2.987633 5.728434
v -7.545803 1.066011 7.025628
v -1.460796 -5.225529 4.978584
v -1.211547 -5.225763 4.975705
v -1.359575 -5.234872 6.113264
v -1.460796 -5.225529 4.978584
v -1.498002 -4.818550 4.957107
v -1.171942 -4.817007 4.956676
v -1.211547 -5.225763 4.975705
v -0.934786 -4.879028 5.812056
v -1.073196 -4.549671 5.352267
v -1.740540 -4.831694 5.320724
v -1.466288 -4.513857 5.155821
v -0.965882 -5.225275 5.788499
v -0.965882 -5.225275 5.788499
v -1.695756 -5.226358 5.313883
v -1.695756 -5.226358 5.313883
v -1.668822 -4.527756 5.729850
v -1.368528 -4.490629 6.102440
v -1.877897 -4.980181 6.542254
v -1.073196 -4.549671 5.352267
v -1.069891 -4.541395 5.878267
v -0.934786 -4.879028 5.812056
v -1.843364 -5.229668 6.520819
v -1.843364 -5.229668 6.520819
v -1.396670 -4.719808 6.757688
v -0.909880 -5.009191 6.858957
v -0.928148 -5.229919 6.832554
v -0.965882 -5.225275 5.788499
v -0.928148 -5.229919 6.832554
v -1.802812 -5.087219 7.395113
v -1.414457 -4.898742 7.377550
v -0.987414 -5.062375 7.400272
v -1.028154 -5.204646 7.396937
v -1.028154 -5.204646 7.396937
v -1.731838 -5.211733 7.386341
v -1.731838 -5.211733 7.386341
v -1.672245 -4.963266 7.775284
v -1.413532 -4.866935 7.671351
v -1.109280 -4.948370 7.769650
v -1.154735 -5.048197 7.818833
v -1.154735 -5.048197 7.818833
v -1.601804 -5.057314 7.810631
v -1.601804 -5.057314 7.810631
v -1.527491 -4.727328 7.984999
v -1.589579 -4.704914 7.907467
v -1.406367 -4.698245 7.801603
v -1.193968 -4.701788 7.893772
v -1.229426 -4.723101 7.991127
v -1.229426 -4.723101 7.991127
v -1.527491 -4.727328 7.984999
v -1.444140 -4.373262 7.570182
v -1.484593 -4.404733 7.900268
v -1.265480 -4.395573 7.900985
v -1.284931 -4.392401 7.582435
v -1.444140 -4.373262 7.570182
v -1.479862 -4.429221 7.592010
v -1.543406 -4.448175 7.843982
v -1.484593 -4.404733 7.900268
v -1.375626 -4.466373 7.631825
v -1.405042 -4.523421 7.791127
v -1.226274 -4.466151 7.829333
v -1.259751 -4.458880 7.620980
v -1.284931 -4.392401 7.582435
v -1.265480 -4.395573 7.900985
v -1.312907 -4.543133 7.495508
v -1.290357 -4.541146 7.541969
v -1.312907 -4.543133 7.495508
v -1.420459 -4.544186 7.470957
v -1.420459 -4.544186 7.470957
v -1.437656 -4.542249 7.516146
v -1.325860 -4.625305 7.606774
v -1.325860 -4.625305 7.606774
v -1.378204 -4.659457 7.588485
v -1.408459 -4.630502 7.604243
v -1.408459 -4.630502 7.604243
v -1.390442 -4.618913 7.698794
v -1.378204 -4.659457 7.588485
v -1.390442 -4.618913 7.698794
v -0.144429 10.381957 7.040098
v -0.177275 10.341660 6.958293
v -0.099319 10.213942 6.939032
v -0.120286 10.051099 6.917052
v -0.161270 10.162598 6.947440
v -0.318027 10.539006 7.052036
v -0.345771 10.495358 7.004264
v -0.144429 10.381957 7.040098
v -0.223802 10.524286 7.052831
v -0.573259 10.525977 6.878567
v -0.664246 10.454324 6.763096
v -0.506988 10.348990 6.832726
v -0.678659 10.371465 6.648658
v -0.544683 10.225830 6.734540
v -0.607226 10.066257 6.562759
v -0.699815 10.457825 6.671835
v -0.699688 10.484585 6.291025
v -0.709272 10.458865 6.736501
v -0.699815 10.457825 6.671835
v -0.678659 10.371465 6.648658
v -0.527526 10.030769 6.736197
v -0.610339 9.977425 6.692458
v -0.161270 10.162598 6.947440
v -0.302447 10.041348 6.632090
v -0.120286 10.051099 6.917052
v -0.073841 9.951900 7.077992
v -0.509865 10.144097 6.796108
v -0.527526 10.030769 6.736197
v -0.485372 9.873590 6.809461
v -0.541834 9.800759 6.876818
v -0.144555 9.935611 6.903615
v -0.174084 9.816380 6.931947
v -0.130103 9.835977 7.189324
v -0.229391 9.825605 6.893398
v -0.183963 9.760877 6.947467
v -0.724588 9.934635 6.510394
v -0.223802 10.524286 7.052831
v -0.137757 10.560791 7.034752
v -0.309056 10.611358 6.991692
v -0.203905 9.692124 6.980796
v -0.410957 9.695662 6.927656
v -0.481477 9.541211 6.939463
v -0.131469 9.630569 7.058927
v -0.250164 9.568328 7.042293
v -0.096060 9.513977 7.226722
v -0.099621 9.608149 7.322753
v -0.167653 9.634856 7.164692
v -0.063268 9.428985 7.331923
v -0.758257 9.682637 6.121732
v -0.687068 10.051457 6.294224
v -0.787632 9.854863 5.918354
v -0.748935 9.461592 5.948570
v -0.899222 9.194112 6.044395
v -0.761654 10.190194 5.915650
v -0.797535 9.626725 5.836605
v -0.749659 9.123867 5.719543
v -0.755771 10.340055 5.670504
v -0.880576 10.380990 5.685085
v -0.761654 10.190194 5.915650
v -0.730327 9.554597 5.700539
v -0.730327 9.554597 5.700539
v -0.797535 9.626725 5.836605
v -0.965867 9.573272 5.623785
v -0.854702 9.223692 6.361096
v -0.989111 8.740572 6.320592
v -0.806165 8.703438 5.954853
v -0.857242 8.481533 6.478409
v -0.730327 9.554597 5.700539
v -0.965867 9.573272 5.623785
v -0.790049 9.618484 5.516398
v -0.504762 8.326096 6.258105
v -0.325873 8.098680 6.724474
v -0.680255 8.265303 6.689524
v -0.432138 10.650908 6.903477
v -0.481011 10.669922 6.932619
v -0.309056 10.611358 6.991692
v -0.432138 10.650908 6.903477
v -0.347172 10.710628 6.744795
v -0.636923 10.609512 6.760036
v -0.668030 10.616144 6.793149
v -0.665467 10.573705 6.849890
v -0.636923 10.609512 6.760036
v -0.305156 10.764871 6.430072
v -0.277484 11.016243 5.923985
v -0.383960 10.968897 5.457709
v -0.509270 10.924366 5.824160
v -1.383431 10.778608 5.343583
v -0.448354 9.940533 4.990055
v -0.525203 9.415115 4.986686
v -0.744571 9.978287 5.383023
v -0.790049 9.618484 5.516398
v -0.745335 9.346636 5.328009
v -0.787632 9.854863 5.918354
v -1.050290 9.739658 5.457087
v -1.050290 9.739658 5.457087
v -1.042812 9.997654 5.429307
v -0.744571 9.978287 5.383023
v -0.088630 11.069929 5.312747
v -0.054186 11.148975 5.314554
v -0.052453 11.179943 5.370760
v -0.116429 11.504831 5.114795
v -0.063666 11.880447 5.069932
v -0.138217 11.702978 4.910186
v -0.030658 12.012899 4.897143
v -0.059247 12.003393 4.809565
v -0.112203 11.838921 4.701960
v -0.057912 11.915964 4.331531
v -0.047472 12.040337 4.615919
v -0.218176 10.221872 6.973086
v -0.345771 10.495358 7.004264
v -0.333132 10.406900 6.933413
v -0.338628 10.262275 6.971457
v -0.459322 10.225769 6.892090
v -0.520805 10.610594 6.961267
v -0.573259 10.525977 6.878567
v -0.509865 10.144097 6.796108
v -0.664246 10.454324 6.763096
v -0.161270 10.162598 6.947440
v -0.218176 10.221872 6.973086
v -0.218176 10.221872 6.973086
v -0.338628 10.262275 6.971457
v -0.338628 10.262275 6.971457
v -0.459322 10.225769 6.892090
v -0.459322 10.225769 6.892090
v -0.509865 10.144097 6.796108
v -0.387472 9.809558 6.861597
v -0.630434 9.663645 6.914129
v -0.719122 9.773970 6.780043
v -0.276351 9.472673 7.042680
v -0.459267 9.462551 6.949862
v -0.276351 9.472673 7.042680
v -0.313125 9.379272 7.148936
v -0.459267 9.462551 6.949862
v -0.585043 9.381709 6.971266
v -0.547751 9.447161 6.814106
v -0.626192 9.409186 6.750470
v -0.755504 9.306693 6.617115
v -0.816905 9.134773 6.778920
v -0.752176 9.049451 6.918716
v -0.393839 8.986045 7.102443
v -0.962373 8.895036 6.656090
v -0.859639 8.713289 6.922367
v -0.448148 8.535958 7.165155
v -0.651593 10.629045 6.556231
v -0.578934 10.738216 6.259120
v -0.682829 10.647246 5.723868
v -0.755771 10.340055 5.670504
v -0.906428 8.573362 6.562982
v -0.724844 8.365763 6.813471
v -0.366825 8.175872 6.965670
v -0.332464 8.454741 5.917008
v -0.101987 11.073240 5.531344
v -0.144192 11.029732 5.443478
v -0.105146 11.129820 5.442100
v -0.101987 11.073240 5.531344
v -0.144192 11.029732 5.443478
v -0.614514 10.632492 5.363969
v -0.103401 10.978924 5.341853
v -0.246865 10.866428 5.241853
v -0.103401 10.978924 5.341853
v -0.383930 10.574677 5.093733
v -0.052453 11.179943 5.370760
v -0.054186 11.148975 5.314554
v -0.057533 9.418721 7.297238
v -0.485372 9.873590 6.809461
v -0.144555 9.935611 6.903615
v -0.229391 9.825605 6.893398
v -0.387472 9.809558 6.861597
v -0.605806 9.500689 6.760218
v -0.680366 9.581050 6.659730
v -0.729301 9.653732 6.427460
v -0.518063 10.047251 6.758025
v -0.510255 10.016689 6.841962
v -0.502931 10.053053 6.847548
v -0.502135 9.981311 6.822488
v -0.503507 9.953978 6.777940
v -0.500634 10.122814 6.820499
v -0.500670 10.144043 6.773901
v -0.501582 10.091340 6.839887
v -0.459000 9.983286 6.910157
v -0.457737 10.054709 6.921614
v -0.458651 9.922141 6.874856
v -0.456773 9.869668 6.794409
v -0.453551 10.184108 6.873274
v -0.452913 10.228926 6.788908
v -0.455224 10.124982 6.908893
v -0.392051 9.961665 6.956625
v -0.389544 10.054755 6.972034
v -0.390959 9.878055 6.912310
v -0.387215 9.809087 6.806010
v -0.384681 10.224551 6.908473
v -0.384599 10.284196 6.798020
v -0.386334 10.146855 6.955319
v -0.311505 9.952810 6.972826
v -0.308141 10.053785 6.990184
v -0.310532 9.859900 6.925786
v -0.307784 9.783096 6.810183
v -0.303665 10.238395 6.921109
v -0.303829 10.303069 6.801228
v -0.305043 10.153900 6.972105
v -0.228979 9.958967 6.957821
v -0.225955 10.052031 6.973291
v -0.230560 9.875693 6.913880
v -0.229098 9.806700 6.805655
v -0.222447 10.223135 6.909436
v -0.222549 10.283015 6.798547
v -0.223492 10.144901 6.956724
v -0.157649 9.978054 6.911828
v -0.155765 10.049713 6.924511
v -0.159207 9.916192 6.877187
v -0.159604 9.865356 6.794811
v -0.153659 10.180796 6.875365
v -0.153348 10.226747 6.790539
v -0.154237 10.120963 6.911602
v -0.109330 10.008204 6.844298
v -0.108535 10.047115 6.850739
v -0.110000 9.974878 6.825445
v -0.110370 9.947788 6.780458
v -0.107368 10.118138 6.824093
v -0.107198 10.142798 6.778281
v -0.107828 10.085718 6.843649
v -0.091878 10.044338 6.763148
v -0.507595 10.040188 6.690333
v -0.493576 9.951672 6.694527
v -0.489463 10.133199 6.689297
v -0.448610 9.870108 6.697799
v -0.445304 10.219160 6.690580
v -0.383065 9.810777 6.699733
v -0.380970 10.276733 6.691232
v -0.308125 9.790068 6.700159
v -0.304628 10.295508 6.691074
v -0.232755 9.811184 6.699447
v -0.227704 10.275879 6.691702
v -0.167233 9.866055 6.698356
v -0.162164 10.220835 6.693221
v -0.121012 9.947021 6.697832
v -0.118418 10.138758 6.695234
v -0.103745 10.042463 6.697039
v -0.857242 8.481533 6.478409
v -0.906428 8.573362 6.562982
v -0.989111 8.740572 6.320592
v -0.031385 6.701072 7.163170
v -0.031385 6.701072 7.163170
v -0.050275 6.751773 7.150796
v -0.366825 8.175872 6.965670
v -0.503847 8.075355 6.879482
v -0.160320 7.956263 6.992655
v -0.680255 8.265303 6.689524
v -0.724844 8.365763 6.813471
v -0.102473 7.680454 6.974444
v -0.061056 7.412932 6.990657
v -0.022579 7.012769 7.035029
v -0.042469 7.218401 7.002837
v -0.021456 6.875499 7.082654
v -0.021456 6.875499 7.082654
v -0.022579 7.012769 7.035029
v -0.050275 6.751773 7.150796
v -0.042469 7.218401 7.002837
v -0.102473 7.680454 6.974444
v -0.227471 7.861028 6.926702
v -0.227471 7.861028 6.926702
v -0.503847 8.075355 6.879482
v -0.325873 8.098680 6.724474
v -0.680255 8.265303 6.689524
v -0.061056 7.412932 6.990657
v -0.665665 1.947405 6.509012
v -1.042812 9.997654 5.429307
v -0.880576 10.380990 5.685085
v -1.383431 10.778608 5.343583
v -0.761654 10.190194 5.915650
v -0.123338 -0.708524 5.669182
v -0.000002 -0.613051 5.649130
v -0.000003 -0.633133 6.202249
v -0.000003 -0.633133 6.202249
v -0.129429 -0.726904 6.158323
v -0.123338 -0.708524 5.669182
v -2.682134 5.091362 5.310390
v -0.972016 9.741982 5.639178
v -0.923046 9.791758 5.667262
v -0.923046 9.820186 5.543962
v -0.972016 9.763665 5.545145
v -0.923046 9.692209 5.608918
v -0.923046 9.707144 5.544058
v -0.874077 9.741985 5.637184
v -0.874077 9.763665 5.543026
v -0.874077 9.741985 5.637184
v -0.874077 9.763665 5.543026
v -0.971988 9.677434 5.708534
v -0.922370 9.706924 5.758396
v -0.923046 9.647752 5.656655
v -0.873727 9.677334 5.706604
v -0.873727 9.677334 5.706604
v -0.970715 9.586956 5.734875
v -0.917101 9.587310 5.793909
v -0.922948 9.585654 5.674480
v -0.871217 9.586492 5.733127
v -0.871217 9.586492 5.733127
v -0.971057 9.495532 5.710424
v -0.918097 9.467606 5.761688
v -0.923011 9.522627 5.657520
v -0.871777 9.495137 5.708391
v -0.871777 9.495137 5.708391
v -0.972015 9.427383 5.641928
v -0.922841 9.379446 5.671161
v -0.923047 9.475506 5.610337
v -0.873973 9.427461 5.639422
v -0.873973 9.427461 5.639422
v -0.972017 9.400395 5.548103
v -0.922916 9.344021 5.547957
v -0.923047 9.456917 5.545582
v -0.874019 9.400461 5.545304
v -0.874019 9.400461 5.545304
v -0.972016 9.422078 5.453906
v -0.923047 9.372305 5.424115
v -0.923047 9.471853 5.480625
v -0.874077 9.422078 5.450821
v -0.874077 9.422078 5.450821
v -0.972016 9.486619 5.384633
v -0.923047 9.456929 5.333244
v -0.923047 9.516309 5.432908
v -0.874077 9.486619 5.381513
v -0.874077 9.486619 5.381513
v -0.972016 9.576726 5.358862
v -0.923047 9.575076 5.299526
v -0.923047 9.578377 5.415225
v -0.874077 9.576726 5.355893
v -0.874077 9.576726 5.355893
v -0.972016 9.668255 5.383401
v -0.923046 9.695086 5.331822
v -0.923046 9.641423 5.432268
v -0.874077 9.668255 5.380721
v -0.874077 9.668255 5.380721
v -0.972016 9.736680 5.451570
v -0.923046 9.784802 5.421262
v -0.923046 9.688558 5.479420
v -0.874077 9.736680 5.449205
v -0.874077 9.736680 5.449205
v -0.923046 9.784802 5.421262
v -0.972016 9.736680 5.451570
v -0.923046 9.688558 5.479420
v -0.874077 9.736680 5.449205
v -0.874077 9.736680 5.449205
vt 0.922243 0.507852
vt 0.898476 0.474115
vt 0.937350 0.475740
vt 0.864810 0.521160
vt 0.841352 0.459047
vt 0.615316 0.629880
vt 0.669170 0.528480
vt 0.686100 0.569360
vt 0.608020 0.529040
vt 0.824620 0.203940
vt 0.904072 0.092424
vt 0.893650 0.192245
vt 0.846672 0.066939
vt 0.025690 0.414620
vt 0.083760 0.364020
vt 0.061380 0.427810
vt 0.039660 0.345470
vt 0.303660 0.424340
vt 0.274740 0.364990
vt 0.325250 0.412910
vt 0.239480 0.450280
vt 0.248870 0.374510
vt 0.278530 0.436020
vt 0.219990 0.380930
vt 0.102330 0.347830
vt 0.128065 0.378355
vt 0.135965 0.354160
vt 0.084450 0.347410
vt 0.324320 0.056210
vt 0.346490 0.078670
vt 0.322530 0.096320
vt 0.207745 0.097135
vt 0.211285 0.057290
vt 0.755180 0.897820
vt 0.710115 0.881775
vt 0.747255 0.847970
vt 0.795770 0.863010
vt 0.789615 0.897665
vt 0.777070 0.868670
vt 0.504975 0.768070
vt 0.538310 0.780790
vt 0.499100 0.788340
vt 0.771525 0.897080
vt 0.782980 0.952400
vt 0.774050 0.962410
vt 0.772390 0.947730
vt 0.752980 0.957600
vt 0.761410 0.949240
vt 0.762820 0.964220
vt 0.777060 0.965990
vt 0.760730 0.968750
vt 0.769090 0.969220
vt 0.434240 0.752600
vt 0.424800 0.750600
vt 0.434310 0.744560
vt 0.429710 0.758630
vt 0.423330 0.760950
vt 0.740720 0.917570
vt 0.740250 0.901090
vt 0.452435 0.819640
vt 0.446230 0.798920
vt 0.459230 0.806520
vt 0.716010 0.903250
vt 0.669635 0.960950
vt 0.647750 0.986040
vt 0.662300 0.955415
vt 0.648345 0.947495
vt 0.635190 0.981200
vt 0.637090 0.945760
vt 0.637660 0.988800
vt 0.630400 0.981470
vt 0.649850 0.990570
vt 0.373370 0.916310
vt 0.371270 0.928560
vt 0.368570 0.913770
vt 0.383760 0.932280
vt 0.380020 0.925170
vt 0.453300 0.871010
vt 0.438070 0.855220
vt 0.489200 0.813499
vt 0.473380 0.881890
vt 0.627275 0.930805
vt 0.593340 0.947600
vt 0.617380 0.924285
vt 0.592550 0.953480
vt 0.582410 0.949100
vt 0.562460 0.922110
vt 0.562970 0.913380
vt 0.434560 0.959630
vt 0.434130 0.966560
vt 0.426840 0.957600
vt 0.558910 0.911480
vt 0.480430 0.976980
vt 0.470030 0.980800
vt 0.483480 0.981520
vt 0.910575 0.439820
vt 0.949040 0.464880
vt 0.903670 0.521620
vt 0.946805 0.416170
vt 0.965620 0.454640
vt 0.987265 0.405880
vt 0.993080 0.447210
vt 0.788550 0.565880
vt 0.756990 0.511220
vt 0.840875 0.410395
vt 0.902812 0.348373
vt 0.985045 0.326155
vt 0.734270 0.612020
vt 0.780620 0.657500
vt 0.829560 0.615910
vt 0.689573 0.718426
vt 0.655209 0.673846
vt 0.728530 0.482610
vt 0.584548 0.307975
vt 0.686600 0.366125
vt 0.618620 0.398730
vt 0.547915 0.357075
vt 0.559025 0.454035
vt 0.515377 0.415073
vt 0.769510 0.419960
vt 0.618170 0.254210
vt 0.746710 0.313220
vt 0.788310 0.384120
vt 0.637670 0.216960
vt 0.773170 0.273500
vt 0.809490 0.324580
vt 0.656250 0.160955
vt 0.790120 0.200310
vt 0.893950 0.254955
vt 0.820840 0.250860
vt 0.983980 0.241990
vt 0.767790 0.118090
vt 0.660835 0.102110
vt 0.742840 0.071220
vt 0.657985 0.064090
vt 0.727890 0.026190
vt 0.655265 0.025980
vt 0.983100 0.185030
vt 0.578832 0.615344
vt 0.557225 0.694490
vt 0.893480 0.003540
vt 0.932055 0.022395
vt 0.983654 0.093063
vt 0.985490 0.031370
vt 0.566540 0.510600
vt 0.503010 0.575980
vt 0.460770 0.527855
vt 0.521900 0.466430
vt 0.469230 0.414130
vt 0.410495 0.471340
vt 0.356040 0.420260
vt 0.411790 0.361495
vt 0.358130 0.307390
vt 0.300460 0.366040
vt 0.516765 0.276100
vt 0.490040 0.325220
vt 0.546800 0.228020
vt 0.507090 0.212590
vt 0.485320 0.256440
vt 0.455720 0.302430
vt 0.565590 0.186180
vt 0.518440 0.172950
vt 0.580760 0.135130
vt 0.528380 0.123120
vt 0.455880 0.372870
vt 0.422330 0.345660
vt 0.588810 0.056180
vt 0.588720 0.020260
vt 0.537680 0.047590
vt 0.540610 0.017280
vt 0.588120 0.088360
vt 0.535520 0.078630
vt 0.449930 0.235270
vt 0.466260 0.195190
vt 0.422040 0.275130
vt 0.111905 0.444400
vt 0.163510 0.386340
vt 0.160110 0.455730
vt 0.471870 0.163400
vt 0.192070 0.385940
vt 0.194600 0.456970
vt 0.475700 0.116670
vt 0.395180 0.301250
vt 0.478590 0.071280
vt 0.482610 0.041950
vt 0.183605 0.357290
vt 0.222710 0.354920
vt 0.241420 0.352300
vt 0.264060 0.343540
vt 0.050150 0.324670
vt 0.378100 0.267590
vt 0.329835 0.238410
vt 0.415610 0.216915
vt 0.421090 0.257370
vt 0.343120 0.199955
vt 0.417705 0.168510
vt 0.425690 0.119750
vt 0.378770 0.124690
vt 0.386920 0.091470
vt 0.395810 0.056970
vt 0.438250 0.070390
vt 0.312080 0.269820
vt 0.338810 0.279240
vt 0.317320 0.292590
vt 0.304830 0.292670
vt 0.352620 0.048940
vt 0.348000 0.162517
vt 0.309060 0.021560
vt 0.335680 0.045250
vt 0.296270 0.023970
vt 0.306155 0.313590
vt 0.215470 0.322690
vt 0.211045 0.303660
vt 0.211305 0.021795
vt 0.211750 0.203290
vt 0.200540 0.155627
vt 0.214030 0.242810
vt 0.219620 0.280030
vt 0.184430 0.204040
vt 0.186470 0.243610
vt 0.189450 0.282130
vt 0.120670 0.243780
vt 0.121150 0.205440
vt 0.121090 0.281630
vt 0.124620 0.160820
vt 0.128380 0.100410
vt 0.129620 0.056760
vt 0.124170 0.021500
vt 0.122310 0.329690
vt 0.121970 0.302620
vt 0.058150 0.267970
vt 0.061620 0.234440
vt 0.053140 0.286830
vt 0.027980 0.232280
vt 0.022440 0.265460
vt 0.061820 0.201740
vt 0.019050 0.175885
vt 0.057110 0.164800
vt 0.021990 0.116310
vt 0.055880 0.110820
vt 0.056520 0.070520
vt 0.017155 0.071465
vt 0.046690 0.042080
vt 0.046220 0.304080
vt 0.013570 0.281830
vt 0.673590 0.854965
vt 0.710470 0.817125
vt 0.640810 0.827715
vt 0.677520 0.795030
vt 0.628270 0.817850
vt 0.661790 0.782900
vt 0.539670 0.871820
vt 0.586950 0.843910
vt 0.556890 0.885515
vt 0.556020 0.818180
vt 0.452130 0.747680
vt 0.445800 0.757930
vt 0.439850 0.767670
vt 0.430120 0.775620
vt 0.436430 0.820960
vt 0.682530 0.913940
vt 0.658730 0.899415
vt 0.654055 0.905510
vt 0.691870 0.921600
vt 0.393930 0.881090
vt 0.403043 0.888939
vt 0.412854 0.901467
vt 0.419475 0.910875
vt 0.427610 0.848090
vt 0.455245 0.884240
vt 0.587080 0.887290
vt 0.612810 0.858680
vt 0.524070 0.908630
vt 0.500605 0.944330
vt 0.455025 0.923005
vt 0.580315 0.881435
vt 0.604730 0.851650
vt 0.510265 0.950970
vt 0.531640 0.918060
vt 0.486570 0.017340
vt 0.444710 0.915680
vt 0.955610 0.905620
vt 0.964810 0.825370
vt 0.973340 0.906370
vt 0.895110 0.842160
vt 0.884760 0.861230
vt 0.858490 0.846770
vt 0.867830 0.827800
vt 0.838780 0.870760
vt 0.822865 0.851355
vt 0.844000 0.813660
vt 0.876510 0.800160
vt 0.862490 0.888550
vt 0.992255 0.849140
vt 0.939480 0.881370
vt 0.904860 0.810150
vt 0.855765 0.767880
vt 0.842560 0.737230
vt 0.901225 0.717475
vt 0.801570 0.751750
vt 0.797450 0.721420
vt 0.817540 0.740170
vt 0.931100 0.795530
vt 0.921465 0.722680
vt 0.864930 0.692940
vt 0.834750 0.663510
vt 0.775490 0.705655
vt 0.818610 0.653110
vt 0.996780 0.774970
vt 0.917170 0.658780
vt 0.887340 0.646140
vt 0.856890 0.631690
vt 0.844420 0.622950
vt 0.940560 0.734020
vt 0.990660 0.734410
vt 0.931280 0.661850
vt 0.920100 0.629080
vt 0.897940 0.622030
vt 0.876120 0.609890
vt 0.866210 0.602350
vt 0.950670 0.701870
vt 0.982500 0.701890
vt 0.932120 0.631000
vt 0.931140 0.608230
vt 0.921560 0.607060
vt 0.905830 0.602210
vt 0.890670 0.593920
vt 0.882120 0.587300
vt 0.956580 0.674240
vt 0.977810 0.674170
vt 0.962210 0.623140
vt 0.973790 0.623085
vt 0.975280 0.649170
vt 0.959670 0.649860
vt 0.934355 0.568275
vt 0.934610 0.589610
vt 0.925610 0.588400
vt 0.927765 0.568895
vt 0.912740 0.585630
vt 0.918680 0.568765
vt 0.901550 0.579010
vt 0.911500 0.564945
vt 0.893970 0.573190
vt 0.906685 0.560755
vt 0.914020 0.555160
vt 0.916750 0.557160
vt 0.965640 0.606720
vt 0.973510 0.608320
vt 0.925740 0.558130
vt 0.929290 0.556430
vt 0.917765 0.549565
vt 0.973085 0.596075
vt 0.976265 0.597755
vt 0.968570 0.599170
vt 0.923195 0.548725
vt 0.979800 0.589230
vt 0.923430 0.543630
vt 0.918680 0.542570
vt 0.889040 0.558280
vt 0.912280 0.536290
vt 0.926470 0.526540
vt 0.028760 0.828350
vt 0.032456 0.803048
vt 0.040085 0.818427
vt 0.018475 0.802245
vt 0.021620 0.783330
vt 0.033940 0.788733
vt 0.034966 0.802202
vt 0.017960 0.958367
vt 0.009350 0.939270
vt 0.025060 0.954950
vt 0.008640 0.954460
vt 0.078085 0.841765
vt 0.078430 0.822600
vt 0.093070 0.836290
vt 0.103880 0.829210
vt 0.093050 0.810550
vt 0.116680 0.806320
vt 0.131665 0.853635
vt 0.097990 0.833270
vt 0.061485 0.984980
vt 0.072320 0.985630
vt 0.064820 0.990220
vt 0.098675 0.792375
vt 0.104970 0.786800
vt 0.378461 0.975021
vt 0.368550 0.987740
vt 0.346330 0.964380
vt 0.028130 0.767820
vt 0.020100 0.772620
vt 0.333530 0.945860
vt 0.344240 0.936300
vt 0.087570 0.774420
vt 0.090405 0.761605
vt 0.028810 0.749125
vt 0.051240 0.760120
vt 0.045040 0.776700
vt 0.058475 0.762420
vt 0.054820 0.751965
vt 0.130180 0.787970
vt 0.035800 0.843590
vt 0.046360 0.849170
vt 0.030450 0.848275
vt 0.055580 0.741000
vt 0.093105 0.724890
vt 0.075565 0.746480
vt 0.041620 0.721375
vt 0.060070 0.711805
vt 0.021535 0.713700
vt 0.032085 0.730470
vt 0.015985 0.730285
vt 0.010300 0.711220
vt 0.178250 0.772460
vt 0.198785 0.815785
vt 0.151960 0.818370
vt 0.218040 0.785510
vt 0.219820 0.742980
vt 0.182580 0.843640
vt 0.220050 0.803190
vt 0.261095 0.759107
vt 0.345720 0.712830
vt 0.329170 0.691190
vt 0.352240 0.705400
vt 0.239020 0.802870
vt 0.307430 0.724170
vt 0.331400 0.731640
vt 0.306070 0.733780
vt 0.182460 0.735940
vt 0.221310 0.668900
vt 0.254770 0.706670
vt 0.244390 0.650840
vt 0.370930 0.815855
vt 0.372260 0.798180
vt 0.389025 0.800545
vt 0.284650 0.651355
vt 0.286830 0.592670
vt 0.258610 0.615810
vt 0.021145 0.980955
vt 0.012170 0.967330
vt 0.025800 0.979135
vt 0.058545 0.849345
vt 0.062580 0.869170
vt 0.081705 0.842890
vt 0.045430 0.989580
vt 0.046615 0.982082
vt 0.044800 0.993165
vt 0.081915 0.896635
vt 0.105980 0.963860
vt 0.052210 0.914980
vt 0.127480 0.941760
vt 0.181460 0.952610
vt 0.150690 0.923500
vt 0.406590 0.699050
vt 0.289425 0.891085
vt 0.246665 0.865155
vt 0.323470 0.845645
vt 0.253400 0.822890
vt 0.284380 0.804910
vt 0.300220 0.756010
vt 0.343760 0.748830
vt 0.389760 0.779360
vt 0.359780 0.758760
vt 0.386690 0.758560
vt 0.026700 0.615530
vt 0.015200 0.623160
vt 0.018650 0.607260
vt 0.011480 0.612440
vt 0.124260 0.500330
vt 0.167412 0.495750
vt 0.121230 0.511310
vt 0.161860 0.522920
vt 0.192700 0.519710
vt 0.195782 0.495432
vt 0.215480 0.525275
vt 0.223360 0.515440
vt 0.221450 0.492600
vt 0.197220 0.527980
vt 0.182250 0.526230
vt 0.206805 0.471285
vt 0.258748 0.478279
vt 0.254820 0.465320
vt 0.244800 0.508920
vt 0.254420 0.501490
vt 0.222980 0.523530
vt 0.235040 0.537650
vt 0.279260 0.504320
vt 0.270590 0.484635
vt 0.252715 0.514080
vt 0.299530 0.450590
vt 0.040952 0.812628
vt 0.013250 0.825490
vt 0.055193 0.825762
vt 0.051565 0.838835
vt 0.056072 0.819211
vt 0.077897 0.815693
vt 0.032505 0.973292
vt 0.045795 0.970610
vt 0.091121 0.805253
vt 0.060870 0.978790
vt 0.378384 0.975214
vt 0.382916 0.963548
vt 0.382781 0.963697
vt 0.381355 0.949876
vt 0.364305 0.933293
vt 0.374748 0.939974
vt 0.010780 0.750420
vt 0.004775 0.730855
vt 0.343631 0.936166
vt 0.355110 0.932453
vt 0.075260 0.763870
vt 0.100930 0.745080
vt 0.110350 0.757350
vt 0.034220 0.702890
vt 0.004310 0.708930
vt 0.018229 0.702622
vt 0.041460 0.682440
vt 0.067945 0.694070
vt 0.100460 0.706740
vt 0.053090 0.657870
vt 0.057950 0.644400
vt 0.087215 0.661055
vt 0.080415 0.674760
vt 0.125060 0.689475
vt 0.113660 0.702620
vt 0.139750 0.721910
vt 0.149570 0.725040
vt 0.160050 0.730560
vt 0.155510 0.668800
vt 0.138820 0.651970
vt 0.107995 0.629810
vt 0.073780 0.608520
vt 0.178540 0.647720
vt 0.161090 0.625950
vt 0.130110 0.599195
vt 0.095450 0.574170
vt 0.099190 0.854940
vt 0.117730 0.883140
vt 0.176195 0.897830
vt 0.196230 0.873010
vt 0.206830 0.634580
vt 0.189290 0.604720
vt 0.153785 0.569530
vt 0.122010 0.544380
vt 0.310377 0.683288
vt 0.328700 0.613340
vt 0.341250 0.657830
vt 0.328680 0.613260
vt 0.028260 0.885240
vt 0.013955 0.850770
vt 0.159340 0.981090
vt 0.150610 0.990260
vt 0.175180 0.979750
vt 0.051600 0.577190
vt 0.052720 0.593560
vt 0.036230 0.598010
vt 0.035940 0.579030
vt 0.047960 0.609950
vt 0.208655 0.917765
vt 0.206830 0.967560
vt 0.191710 0.985270
vt 0.036970 0.624890
vt 0.238050 0.941310
vt 0.262885 0.976830
vt 0.219120 0.992870
vt 0.200580 0.996080
vt 0.324550 0.930660
vt 0.367040 0.889570
vt 0.022900 0.596740
vt 0.167310 0.475520
vt 0.126770 0.489610
vt 0.126870 0.481590
vt 0.009770 0.702480
vt 0.012110 0.707490
vt 0.023340 0.635780
vt 0.320180 0.962130
vt 0.356280 0.993200
vt 0.335305 0.993410
vt 0.320980 0.978695
vt 0.214020 0.531420
vt 0.023950 0.584600
vt 0.314190 0.580950
vt 0.129610 0.742010
vt 0.130180 0.758540
vt 0.141980 0.768950
vt 0.111740 0.506170
vt 0.097430 0.506170
vt 0.098050 0.500050
vt 0.099850 0.494480
vt 0.105110 0.488150
vt 0.105110 0.524200
vt 0.099850 0.517870
vt 0.098050 0.512290
vt 0.083400 0.506170
vt 0.084110 0.496020
vt 0.086340 0.486270
vt 0.093530 0.473190
vt 0.093520 0.539150
vt 0.086340 0.526070
vt 0.084110 0.516320
vt 0.070110 0.508320
vt 0.070550 0.495870
vt 0.071960 0.481380
vt 0.076900 0.462720
vt 0.076900 0.549620
vt 0.071960 0.530960
vt 0.070550 0.520750
vt 0.057270 0.495120
vt 0.057270 0.508320
vt 0.057270 0.479750
vt 0.057270 0.458950
vt 0.057270 0.553400
vt 0.057270 0.532600
vt 0.057270 0.521500
vt 0.044430 0.508320
vt 0.043990 0.495870
vt 0.042570 0.481380
vt 0.037640 0.462720
vt 0.037630 0.549620
vt 0.042570 0.530960
vt 0.043990 0.520750
vt 0.031130 0.506170
vt 0.030420 0.496020
vt 0.028190 0.486270
vt 0.021010 0.473190
vt 0.021010 0.539140
vt 0.028190 0.526070
vt 0.030420 0.516320
vt 0.017100 0.506170
vt 0.016490 0.500050
vt 0.014680 0.494470
vt 0.009430 0.488140
vt 0.009420 0.524190
vt 0.014680 0.517860
vt 0.016490 0.512290
vt 0.002800 0.506170
vt 0.107400 0.486520
vt 0.111740 0.506170
vt 0.107400 0.525830
vt 0.096770 0.469160
vt 0.096770 0.543190
vt 0.079190 0.456370
vt 0.079190 0.555980
vt 0.057270 0.451650
vt 0.057270 0.560690
vt 0.035350 0.456370
vt 0.035340 0.555970
vt 0.017770 0.469160
vt 0.017770 0.543180
vt 0.007140 0.486510
vt 0.007140 0.525830
vt 0.002800 0.506170
vt 0.592270 0.754060
vt 0.604740 0.777760
vt 0.585220 0.758140
vt 0.485630 0.670290
vt 0.484885 0.669420
vt 0.485525 0.668500
vt 0.334350 0.531820
vt 0.333200 0.530900
vt 0.335960 0.529030
vt 0.336995 0.529335
vt 0.537240 0.722625
vt 0.531200 0.701720
vt 0.551730 0.717070
vt 0.567110 0.741710
vt 0.573040 0.734910
vt 0.507690 0.714150
vt 0.520211 0.699144
vt 0.353860 0.510813
vt 0.362270 0.533240
vt 0.359327 0.532881
vt 0.349926 0.514061
vt 0.339305 0.549145
vt 0.339669 0.547826
vt 0.351976 0.545445
vt 0.352990 0.547090
vt 0.332010 0.543530
vt 0.333120 0.542907
vt 0.475365 0.655370
vt 0.478828 0.645050
vt 0.480213 0.646065
vt 0.476755 0.655430
vt 0.482385 0.666490
vt 0.481510 0.667755
vt 0.493372 0.635630
vt 0.493738 0.637755
vt 0.530591 0.667510
vt 0.539490 0.694050
vt 0.524788 0.668200
vt 0.334405 0.500728
vt 0.343040 0.494610
vt 0.336820 0.477520
vt 0.325580 0.482180
vt 0.317070 0.499940
vt 0.332730 0.459305
vt 0.336670 0.528550
vt 0.514710 0.639363
vt 0.512850 0.641817
vt 0.619470 0.766120
vt 0.594540 0.728860
vt 0.341590 0.770670
vt 0.349240 0.836870
vt 0.308690 0.797190
vt 0.289620 0.776710
vt 0.306155 0.313590
vt 0.304830 0.292670
vt 0.310120 0.291430
vt 0.310120 0.291430
vt 0.309770 0.313190
vt 0.306155 0.313590
vt 0.803375 0.151305
vt 0.922243 0.507852
vt 0.937350 0.475740
vt 0.898476 0.474115
vt 0.841352 0.459047
vt 0.864810 0.521160
vt 0.615316 0.629880
vt 0.686100 0.569360
vt 0.669170 0.528480
vt 0.608020 0.529040
vt 0.824620 0.203940
vt 0.893650 0.192245
vt 0.904072 0.092424
vt 0.846672 0.066939
vt 0.025690 0.414620
vt 0.061380 0.427810
vt 0.083760 0.364020
vt 0.039660 0.345470
vt 0.303660 0.424340
vt 0.325250 0.412910
vt 0.274740 0.364990
vt 0.239480 0.450280
vt 0.278530 0.436020
vt 0.248870 0.374510
vt 0.219990 0.380930
vt 0.102330 0.347830
vt 0.128065 0.378355
vt 0.135965 0.354160
vt 0.084450 0.347410
vt 0.324320 0.056210
vt 0.322530 0.096320
vt 0.346490 0.078670
vt 0.211285 0.057290
vt 0.207745 0.097135
vt 0.755180 0.897820
vt 0.747255 0.847970
vt 0.710115 0.881775
vt 0.795770 0.863010
vt 0.777070 0.868670
vt 0.789615 0.897665
vt 0.504975 0.768070
vt 0.499100 0.788340
vt 0.538310 0.780790
vt 0.771525 0.897080
vt 0.782980 0.952400
vt 0.772390 0.947730
vt 0.774050 0.962410
vt 0.752980 0.957600
vt 0.762820 0.964220
vt 0.761410 0.949240
vt 0.777060 0.965990
vt 0.760730 0.968750
vt 0.769090 0.969220
vt 0.434240 0.752600
vt 0.434310 0.744560
vt 0.424800 0.750600
vt 0.429710 0.758630
vt 0.423330 0.760950
vt 0.740250 0.901090
vt 0.740720 0.917570
vt 0.452435 0.819640
vt 0.459230 0.806520
vt 0.446230 0.798920
vt 0.716010 0.903250
vt 0.669635 0.960950
vt 0.662300 0.955415
vt 0.647750 0.986040
vt 0.648345 0.947495
vt 0.637090 0.945760
vt 0.635190 0.981200
vt 0.637660 0.988800
vt 0.630400 0.981470
vt 0.649850 0.990570
vt 0.373370 0.916310
vt 0.368570 0.913770
vt 0.371270 0.928560
vt 0.383760 0.932280
vt 0.380020 0.925170
vt 0.453300 0.871010
vt 0.489200 0.813499
vt 0.438070 0.855220
vt 0.473380 0.881890
vt 0.627275 0.930805
vt 0.617380 0.924285
vt 0.593340 0.947600
vt 0.592550 0.953480
vt 0.582410 0.949100
vt 0.562970 0.913380
vt 0.562460 0.922110
vt 0.434560 0.959630
vt 0.426840 0.957600
vt 0.434130 0.966560
vt 0.558910 0.911480
vt 0.470030 0.980800
vt 0.480430 0.976980
vt 0.483480 0.981520
vt 0.910575 0.439820
vt 0.949040 0.464880
vt 0.903670 0.521620
vt 0.946805 0.416170
vt 0.965620 0.454640
vt 0.788550 0.565880
vt 0.756990 0.511220
vt 0.840875 0.410395
vt 0.902812 0.348373
vt 0.734270 0.612020
vt 0.655209 0.673846
vt 0.728530 0.482610
vt 0.584548 0.307975
vt 0.547915 0.357075
vt 0.618620 0.398730
vt 0.686600 0.366125
vt 0.515377 0.415073
vt 0.559025 0.454035
vt 0.769510 0.419960
vt 0.618170 0.254210
vt 0.746710 0.313220
vt 0.788310 0.384120
vt 0.773170 0.273500
vt 0.637670 0.216960
vt 0.809490 0.324580
vt 0.790120 0.200310
vt 0.656250 0.160955
vt 0.893950 0.254955
vt 0.820840 0.250860
vt 0.767790 0.118090
vt 0.660835 0.102110
vt 0.742840 0.071220
vt 0.657985 0.064090
vt 0.727890 0.026190
vt 0.655265 0.025980
vt 0.578832 0.615344
vt 0.557225 0.694490
vt 0.932055 0.022395
vt 0.893480 0.003540
vt 0.521900 0.466430
vt 0.460770 0.527855
vt 0.469230 0.414130
vt 0.410495 0.471340
vt 0.411790 0.361495
vt 0.356040 0.420260
vt 0.516765 0.276100
vt 0.490040 0.325220
vt 0.546800 0.228020
vt 0.507090 0.212590
vt 0.485320 0.256440
vt 0.455720 0.302430
vt 0.565590 0.186180
vt 0.518440 0.172950
vt 0.580760 0.135130
vt 0.528380 0.123120
vt 0.455880 0.372870
vt 0.422330 0.345660
vt 0.588720 0.020260
vt 0.588810 0.056180
vt 0.540610 0.017280
vt 0.537680 0.047590
vt 0.588120 0.088360
vt 0.535520 0.078630
vt 0.466260 0.195190
vt 0.449930 0.235270
vt 0.422040 0.275130
vt 0.111905 0.444400
vt 0.160110 0.455730
vt 0.163510 0.386340
vt 0.471870 0.163400
vt 0.194600 0.456970
vt 0.192070 0.385940
vt 0.475700 0.116670
vt 0.395180 0.301250
vt 0.478590 0.071280
vt 0.482610 0.041950
vt 0.183605 0.357290
vt 0.222710 0.354920
vt 0.241420 0.352300
vt 0.264060 0.343540
vt 0.050150 0.324670
vt 0.415610 0.216915
vt 0.329835 0.238410
vt 0.343120 0.199955
vt 0.417705 0.168510
vt 0.425690 0.119750
vt 0.378770 0.124690
vt 0.386920 0.091470
vt 0.312080 0.269820
vt 0.304830 0.292670
vt 0.348000 0.162517
vt 0.296270 0.023970
vt 0.211045 0.303660
vt 0.215470 0.322690
vt 0.306155 0.313590
vt 0.211305 0.021795
vt 0.211750 0.203290
vt 0.200540 0.155627
vt 0.214030 0.242810
vt 0.219620 0.280030
vt 0.184430 0.204040
vt 0.186470 0.243610
vt 0.189450 0.282130
vt 0.121150 0.205440
vt 0.120670 0.243780
vt 0.121090 0.281630
vt 0.124620 0.160820
vt 0.128380 0.100410
vt 0.129620 0.056760
vt 0.124170 0.021500
vt 0.122310 0.329690
vt 0.121970 0.302620
vt 0.061620 0.234440
vt 0.058150 0.267970
vt 0.053140 0.286830
vt 0.027980 0.232280
vt 0.022440 0.265460
vt 0.061820 0.201740
vt 0.019050 0.175885
vt 0.057110 0.164800
vt 0.021990 0.116310
vt 0.055880 0.110820
vt 0.056520 0.070520
vt 0.017155 0.071465
vt 0.046690 0.042080
vt 0.046220 0.304080
vt 0.013570 0.281830
vt 0.673590 0.854965
vt 0.710470 0.817125
vt 0.677520 0.795030
vt 0.640810 0.827715
vt 0.661790 0.782900
vt 0.628270 0.817850
vt 0.539670 0.871820
vt 0.556890 0.885515
vt 0.586950 0.843910
vt 0.556020 0.818180
vt 0.452130 0.747680
vt 0.445800 0.757930
vt 0.439850 0.767670
vt 0.430120 0.775620
vt 0.436430 0.820960
vt 0.682530 0.913940
vt 0.658730 0.899415
vt 0.654055 0.905510
vt 0.691870 0.921600
vt 0.403043 0.888939
vt 0.393930 0.881090
vt 0.412854 0.901467
vt 0.419475 0.910875
vt 0.427610 0.848090
vt 0.455245 0.884240
vt 0.587080 0.887290
vt 0.612810 0.858680
vt 0.455025 0.923005
vt 0.500605 0.944330
vt 0.524070 0.908630
vt 0.604730 0.851650
vt 0.580315 0.881435
vt 0.510265 0.950970
vt 0.531640 0.918060
vt 0.486570 0.017340
vt 0.444710 0.915680
vt 0.955610 0.905620
vt 0.973340 0.906370
vt 0.964810 0.825370
vt 0.895110 0.842160
vt 0.867830 0.827800
vt 0.858490 0.846770
vt 0.884760 0.861230
vt 0.838780 0.870760
vt 0.822865 0.851355
vt 0.876510 0.800160
vt 0.844000 0.813660
vt 0.862490 0.888550
vt 0.992255 0.849140
vt 0.939480 0.881370
vt 0.904860 0.810150
vt 0.855765 0.767880
vt 0.842560 0.737230
vt 0.901225 0.717475
vt 0.801570 0.751750
vt 0.817540 0.740170
vt 0.797450 0.721420
vt 0.931100 0.795530
vt 0.921465 0.722680
vt 0.864930 0.692940
vt 0.834750 0.663510
vt 0.818610 0.653110
vt 0.775490 0.705655
vt 0.996780 0.774970
vt 0.917170 0.658780
vt 0.887340 0.646140
vt 0.856890 0.631690
vt 0.844420 0.622950
vt 0.990660 0.734410
vt 0.940560 0.734020
vt 0.931280 0.661850
vt 0.920100 0.629080
vt 0.897940 0.622030
vt 0.876120 0.609890
vt 0.866210 0.602350
vt 0.982500 0.701890
vt 0.950670 0.701870
vt 0.932120 0.631000
vt 0.931140 0.608230
vt 0.921560 0.607060
vt 0.905830 0.602210
vt 0.890670 0.593920
vt 0.882120 0.587300
vt 0.977810 0.674170
vt 0.956580 0.674240
vt 0.962210 0.623140
vt 0.959670 0.649860
vt 0.975280 0.649170
vt 0.973790 0.623085
vt 0.934355 0.568275
vt 0.927765 0.568895
vt 0.925610 0.588400
vt 0.934610 0.589610
vt 0.918680 0.568765
vt 0.912740 0.585630
vt 0.901550 0.579010
vt 0.911500 0.564945
vt 0.906685 0.560755
vt 0.893970 0.573190
vt 0.914020 0.555160
vt 0.916750 0.557160
vt 0.973510 0.608320
vt 0.965640 0.606720
vt 0.929290 0.556430
vt 0.925740 0.558130
vt 0.917765 0.549565
vt 0.976265 0.597755
vt 0.973085 0.596075
vt 0.968570 0.599170
vt 0.923195 0.548725
vt 0.979800 0.589230
vt 0.923430 0.543630
vt 0.918680 0.542570
vt 0.028760 0.828350
vt 0.040085 0.818427
vt 0.032456 0.803048
vt 0.033940 0.788733
vt 0.034966 0.802202
vt 0.017960 0.958367
vt 0.025060 0.954950
vt 0.009350 0.939270
vt 0.008640 0.954460
vt 0.078085 0.841765
vt 0.093070 0.836290
vt 0.078430 0.822600
vt 0.103880 0.829210
vt 0.093050 0.810550
vt 0.116680 0.806320
vt 0.097990 0.833270
vt 0.131665 0.853635
vt 0.061485 0.984980
vt 0.064820 0.990220
vt 0.072320 0.985630
vt 0.098675 0.792375
vt 0.104970 0.786800
vt 0.378461 0.975021
vt 0.346330 0.964380
vt 0.368550 0.987740
vt 0.028130 0.767820
vt 0.344240 0.936300
vt 0.333530 0.945860
vt 0.087570 0.774420
vt 0.090405 0.761605
vt 0.045040 0.776700
vt 0.051240 0.760120
vt 0.028810 0.749125
vt 0.058475 0.762420
vt 0.054820 0.751965
vt 0.130180 0.787970
vt 0.035800 0.843590
vt 0.030450 0.848275
vt 0.046360 0.849170
vt 0.055580 0.741000
vt 0.075565 0.746480
vt 0.093105 0.724890
vt 0.041620 0.721375
vt 0.060070 0.711805
vt 0.021535 0.713700
vt 0.015985 0.730285
vt 0.032085 0.730470
vt 0.010300 0.711220
vt 0.178250 0.772460
vt 0.151960 0.818370
vt 0.198785 0.815785
vt 0.218040 0.785510
vt 0.219820 0.742980
vt 0.182580 0.843640
vt 0.220050 0.803190
vt 0.261095 0.759107
vt 0.345720 0.712830
vt 0.352240 0.705400
vt 0.329170 0.691190
vt 0.239020 0.802870
vt 0.307430 0.724170
vt 0.306070 0.733780
vt 0.331400 0.731640
vt 0.182460 0.735940
vt 0.221310 0.668900
vt 0.254770 0.706670
vt 0.244390 0.650840
vt 0.370930 0.815855
vt 0.389025 0.800545
vt 0.372260 0.798180
vt 0.284650 0.651355
vt 0.286830 0.592670
vt 0.258610 0.615810
vt 0.021145 0.980955
vt 0.025800 0.979135
vt 0.012170 0.967330
vt 0.058545 0.849345
vt 0.062580 0.869170
vt 0.081705 0.842890
vt 0.045430 0.989580
vt 0.046615 0.982082
vt 0.044800 0.993165
vt 0.081915 0.896635
vt 0.127480 0.941760
vt 0.181460 0.952610
vt 0.150690 0.923500
vt 0.406590 0.699050
vt 0.289425 0.891085
vt 0.323470 0.845645
vt 0.246665 0.865155
vt 0.253400 0.822890
vt 0.284380 0.804910
vt 0.300220 0.756010
vt 0.343760 0.748830
vt 0.389760 0.779360
vt 0.386690 0.758560
vt 0.359780 0.758760
vt 0.026700 0.615530
vt 0.018650 0.607260
vt 0.124260 0.500330
vt 0.167412 0.495750
vt 0.192700 0.519710
vt 0.195782 0.495432
vt 0.215480 0.525275
vt 0.223360 0.515440
vt 0.221450 0.492600
vt 0.258748 0.478279
vt 0.244800 0.508920
vt 0.040952 0.812628
vt 0.051565 0.838835
vt 0.055193 0.825762
vt 0.056072 0.819211
vt 0.077897 0.815693
vt 0.032505 0.973292
vt 0.045795 0.970610
vt 0.091121 0.805253
vt 0.060870 0.978790
vt 0.378384 0.975214
vt 0.382916 0.963548
vt 0.382781 0.963697
vt 0.381355 0.949876
vt 0.374748 0.939974
vt 0.364305 0.933293
vt 0.355110 0.932453
vt 0.343631 0.936166
vt 0.075260 0.763870
vt 0.100930 0.745080
vt 0.110350 0.757350
vt 0.067945 0.694070
vt 0.100460 0.706740
vt 0.080415 0.674760
vt 0.087215 0.661055
vt 0.113660 0.702620
vt 0.125060 0.689475
vt 0.139750 0.721910
vt 0.149570 0.725040
vt 0.160050 0.730560
vt 0.155510 0.668800
vt 0.138820 0.651970
vt 0.107995 0.629810
vt 0.178540 0.647720
vt 0.161090 0.625950
vt 0.130110 0.599195
vt 0.099190 0.854940
vt 0.117730 0.883140
vt 0.176195 0.897830
vt 0.196230 0.873010
vt 0.206830 0.634580
vt 0.189290 0.604720
vt 0.153785 0.569530
vt 0.310377 0.683288
vt 0.159340 0.981090
vt 0.175180 0.979750
vt 0.036230 0.598010
vt 0.052720 0.593560
vt 0.047960 0.609950
vt 0.208655 0.917765
vt 0.191710 0.985270
vt 0.206830 0.967560
vt 0.036970 0.624890
vt 0.238050 0.941310
vt 0.022900 0.596740
vt 0.126770 0.489610
vt 0.012110 0.707490
vt 0.320180 0.962130
vt 0.356280 0.993200
vt 0.335305 0.993410
vt 0.320980 0.978695
vt 0.129610 0.742010
vt 0.130180 0.758540
vt 0.141980 0.768950
vt 0.111740 0.506170
vt 0.098050 0.500050
vt 0.097430 0.506170
vt 0.099850 0.494480
vt 0.105110 0.488150
vt 0.099850 0.517870
vt 0.105110 0.524200
vt 0.098050 0.512290
vt 0.084110 0.496020
vt 0.083400 0.506170
vt 0.086340 0.486270
vt 0.093530 0.473190
vt 0.086340 0.526070
vt 0.093520 0.539150
vt 0.084110 0.516320
vt 0.070550 0.495870
vt 0.070110 0.508320
vt 0.071960 0.481380
vt 0.076900 0.462720
vt 0.071960 0.530960
vt 0.076900 0.549620
vt 0.070550 0.520750
vt 0.057270 0.495120
vt 0.057270 0.508320
vt 0.057270 0.479750
vt 0.057270 0.458950
vt 0.057270 0.532600
vt 0.057270 0.553400
vt 0.057270 0.521500
vt 0.043990 0.495870
vt 0.044430 0.508320
vt 0.042570 0.481380
vt 0.037640 0.462720
vt 0.042570 0.530960
vt 0.037630 0.549620
vt 0.043990 0.520750
vt 0.030420 0.496020
vt 0.031130 0.506170
vt 0.028190 0.486270
vt 0.021010 0.473190
vt 0.028190 0.526070
vt 0.021010 0.539140
vt 0.030420 0.516320
vt 0.016490 0.500050
vt 0.017100 0.506170
vt 0.014680 0.494470
vt 0.009430 0.488140
vt 0.014680 0.517860
vt 0.009420 0.524190
vt 0.016490 0.512290
vt 0.002800 0.506170
vt 0.111740 0.506170
vt 0.107400 0.486520
vt 0.107400 0.525830
vt 0.096770 0.469160
vt 0.096770 0.543190
vt 0.079190 0.456370
vt 0.079190 0.555980
vt 0.057270 0.451650
vt 0.057270 0.560690
vt 0.035350 0.456370
vt 0.035340 0.555970
vt 0.017770 0.469160
vt 0.017770 0.543180
vt 0.007140 0.486510
vt 0.007140 0.525830
vt 0.002800 0.506170
vt 0.592270 0.754060
vt 0.585220 0.758140
vt 0.604740 0.777760
vt 0.486365 0.669620
vt 0.484885 0.669420
vt 0.335960 0.529030
vt 0.333200 0.530900
vt 0.537240 0.722625
vt 0.551730 0.717070
vt 0.531200 0.701720
vt 0.573040 0.734910
vt 0.567110 0.741710
vt 0.353860 0.510813
vt 0.362270 0.533240
vt 0.339305 0.549145
vt 0.352990 0.547090
vt 0.332010 0.543530
vt 0.475365 0.655370
vt 0.478828 0.645050
vt 0.481510 0.667755
vt 0.493372 0.635630
vt 0.530591 0.667510
vt 0.539490 0.694050
vt 0.343040 0.494610
vt 0.336820 0.477520
vt 0.325580 0.482180
vt 0.332730 0.459305
vt 0.514710 0.639363
vt 0.594540 0.728860
vt 0.341590 0.770670
vt 0.308690 0.797190
vt 0.349240 0.836870
vt 0.289620 0.776710
vt 0.306155 0.313590
vt 0.309770 0.313190
vt 0.310120 0.291430
vt 0.310120 0.291430
vt 0.304830 0.292670
vt 0.306155 0.313590
vt 0.803375 0.151305
vt 0.200070 0.561140
vt 0.195440 0.567850
vt 0.186820 0.561440
vt 0.192615 0.555600
vt 0.205190 0.554330
vt 0.199200 0.549770
vt 0.208350 0.549730
vt 0.202810 0.545360
vt 0.191570 0.574720
vt 0.183045 0.568605
vt 0.208035 0.565705
vt 0.204310 0.573130
vt 0.211980 0.558200
vt 0.214480 0.553250
vt 0.200925 0.580280
vt 0.216415 0.569235
vt 0.213640 0.577170
vt 0.219280 0.561210
vt 0.221110 0.555970
vt 0.211045 0.584685
vt 0.225135 0.571670
vt 0.223370 0.579950
vt 0.226930 0.563300
vt 0.228080 0.557870
vt 0.221710 0.587745
vt 0.234075 0.573000
vt 0.233360 0.581450
vt 0.234790 0.564450
vt 0.235260 0.558920
vt 0.232690 0.589395
vt 0.243110 0.573180
vt 0.243460 0.581640
vt 0.242740 0.564630
vt 0.242510 0.559090
vt 0.243805 0.589605
vt 0.252115 0.572245
vt 0.253520 0.580530
vt 0.250630 0.563850
vt 0.249700 0.558380
vt 0.254830 0.588370
vt 0.260965 0.570160
vt 0.263390 0.578100
vt 0.258330 0.562100
vt 0.256690 0.556800
vt 0.265540 0.585715
vt 0.269575 0.566985
vt 0.273020 0.574380
vt 0.265670 0.559420
vt 0.263320 0.554360
vt 0.275690 0.581795
vt 0.277855 0.562765
vt 0.282600 0.569500
vt 0.272330 0.555920
vt 0.269510 0.550970
vt 0.285115 0.577185
vt 0.285155 0.556970
vt 0.292800 0.563960
vt 0.277980 0.552030
vt 0.275950 0.547100
vt 0.294340 0.573990
vt 0.177680 0.554270
vt 0.186390 0.548660
vt 0.194280 0.544990
vt 0.197110 0.540460
vt 0.174490 0.563910
vn 0.6488 -0.5953 0.4740
vn 0.5031 0.4514 0.7370
vn 0.9958 0.0896 -0.0170
vn 0.1226 0.5931 0.7958
vn 0.2901 0.7407 0.6059
vn 0.7454 -0.4529 0.4890
vn 0.3922 -0.4009 0.8280
vn 0.5931 -0.1769 0.7855
vn 0.2346 -0.9690 -0.0775
vn 0.0453 -0.5800 -0.8133
vn 0.4746 -0.4566 -0.7525
vn 0.1295 -0.3390 -0.9318
vn 0.8461 -0.5114 -0.1503
vn -0.5603 -0.8277 -0.0309
vn -0.8385 -0.3570 0.4117
vn -0.5574 -0.4458 0.7004
vn -0.4220 -0.8481 -0.3204
vn -0.2568 -0.7654 -0.5901
vn 0.6370 0.2167 -0.7398
vn 0.1402 -0.4389 -0.8876
vn 0.1922 -0.3722 -0.9081
vn 0.7521 0.2998 -0.5870
vn -0.8050 0.3631 0.4692
vn 0.0233 0.4134 0.9103
vn 0.2620 0.5929 0.7615
vn -0.9058 -0.3826 -0.1819
vn -0.3025 -0.6150 -0.7282
vn 0.2891 -0.3749 -0.8808
vn 0.5511 -0.1463 -0.8215
vn 0.3440 0.2398 -0.9078
vn -0.5975 0.0439 -0.8006
vn 0.0286 0.5784 0.8152
vn 0.4965 0.6127 0.6150
vn 0.2620 0.5928 0.7615
vn -0.9058 -0.3826 -0.1818
vn -0.9856 0.0555 -0.1598
vn -0.9856 0.0556 -0.1598
vn -0.5664 -0.5270 -0.6336
vn -0.5566 0.6183 0.5549
vn -0.9882 -0.0136 -0.1525
vn -0.6631 0.0202 0.7483
vn -0.6114 0.4606 0.6435
vn 0.9083 -0.2876 0.3038
vn 0.3003 0.3795 0.8751
vn 0.1858 -0.1515 0.9708
vn -0.8698 -0.4538 0.1937
vn 0.5156 -0.7499 0.4144
vn -0.2420 -0.7332 0.6355
vn -0.3715 -0.8728 -0.3166
vn 0.2975 -0.9374 -0.1811
vn 0.7109 -0.2869 0.6421
vn 0.0954 0.2194 0.9710
vn -0.1844 -0.5846 0.7901
vn 0.0953 0.2194 0.9710
vn 0.0510 0.3083 0.9499
vn -0.4638 0.2778 0.8413
vn 0.4970 -0.0254 0.8674
vn 0.6234 0.3726 0.6874
vn 0.9802 0.0474 -0.1925
vn 0.9632 -0.2675 -0.0269
vn 0.2960 -0.3559 -0.8864
vn 0.3910 -0.8360 0.3849
vn 0.4183 -0.6497 -0.6347
vn -0.3898 -0.2515 0.8859
vn -0.7997 -0.5378 0.2670
vn 0.3910 -0.8360 0.3850
vn -0.3898 -0.2514 0.8859
vn 0.4183 -0.6498 -0.6347
vn -0.4385 -0.7933 -0.4224
vn -0.5004 -0.8462 -0.1833
vn -0.8184 -0.4221 0.3900
vn -0.1788 -0.9446 -0.2753
vn -0.7499 -0.6065 0.2643
vn -0.3012 0.1838 0.9357
vn 0.6426 -0.2259 0.7321
vn 0.7763 0.1243 0.6180
vn -0.2120 -0.2042 0.9557
vn 0.0706 -0.9046 0.4204
vn -0.0116 -0.9990 -0.0435
vn 0.7668 -0.5484 -0.3336
vn -0.8253 -0.3236 0.4628
vn 0.0707 -0.9045 0.4205
vn -0.0367 -0.6095 -0.7919
vn -0.8079 -0.4459 -0.3854
vn 0.7655 0.6397 -0.0694
vn 0.9474 0.2159 -0.2364
vn 0.1067 0.4696 0.8764
vn 0.4456 0.5167 -0.7311
vn 0.6195 0.2500 -0.7442
vn -0.0000 0.4431 -0.8965
vn 0.0000 0.2797 -0.9601
vn 0.1451 0.4178 0.8969
vn 0.3246 0.3784 0.8668
vn 0.4071 0.9066 -0.1116
vn 0.2669 0.5355 -0.8013
vn -0.0000 0.3663 -0.9305
vn 0.1974 -0.0257 0.9800
vn 0.0000 0.0172 0.9999
vn 0.0000 0.4374 0.8993
vn 0.0000 -0.2552 0.9669
vn 0.2983 -0.3049 0.9045
vn 0.2945 0.2616 0.9192
vn 0.1531 0.0241 0.9879
vn -0.4134 -0.5774 0.7040
vn 0.2347 -0.9690 -0.0775
vn -0.6666 -0.7406 -0.0843
vn 0.4301 0.7332 0.5267
vn 0.6209 0.5870 0.5194
vn 0.5516 0.8248 -0.1239
vn 0.7369 0.6396 -0.2188
vn 0.4115 0.5772 -0.7053
vn 0.5805 0.3658 -0.7275
vn 0.1188 0.0403 -0.9921
vn 0.1963 0.0250 -0.9802
vn -0.0000 -0.0275 -0.9996
vn 0.1113 -0.2248 -0.9680
vn 0.0453 -0.5800 -0.8134
vn -0.4302 -0.6656 -0.6099
vn -0.0000 -0.2887 -0.9574
vn 0.9606 -0.2677 0.0746
vn 0.6956 -0.1664 -0.6989
vn -0.0000 -0.3012 -0.9536
vn 0.0000 -0.0828 -0.9966
vn 0.0000 -0.0813 0.9967
vn 0.0000 -0.0024 1.0000
vn 0.5492 0.0851 0.8314
vn 0.5291 -0.1663 0.8321
vn 0.9823 0.1758 0.0652
vn 0.7230 0.2711 -0.6354
vn 0.6956 -0.1663 -0.6989
vn 0.0000 -0.0829 -0.9966
vn -0.0000 0.3211 -0.9470
vn 0.0243 0.0331 0.9992
vn -0.4698 -0.5865 0.6598
vn 0.6245 0.5590 0.5455
vn 0.5423 0.6239 0.5627
vn -0.0741 0.1779 0.9813
vn -0.5133 -0.4824 0.7098
vn 0.7303 0.5956 -0.3346
vn 0.7145 0.6415 -0.2792
vn 0.5550 0.3262 -0.7652
vn 0.5272 0.3032 -0.7938
vn -0.6082 -0.7927 -0.0413
vn -0.5853 -0.8106 -0.0196
vn -0.4036 -0.6766 -0.6159
vn -0.3303 -0.7300 -0.5984
vn 0.1348 -0.2077 -0.9689
vn 0.1555 -0.2919 -0.9437
vn -0.0487 0.2231 0.9736
vn 0.6001 0.6220 0.5029
vn 0.7009 0.5687 0.4306
vn 0.6001 0.6221 0.5029
vn 0.7986 0.5688 -0.1969
vn 0.8503 0.5173 -0.0964
vn 0.8275 0.5476 0.1243
vn 0.7135 0.3266 -0.6198
vn -0.0207 -0.3343 -0.9422
vn -0.5660 -0.7099 -0.4192
vn -0.5660 -0.7098 -0.4192
vn 0.0000 -0.0755 0.9971
vn 0.1048 0.0378 0.9938
vn 0.7326 0.2507 0.6329
vn 0.8438 0.1563 -0.5133
vn 0.4998 0.1715 -0.8490
vn 0.0000 0.0793 -0.9968
vn -0.4916 -0.2441 0.8359
vn -0.0000 -0.4244 0.9055
vn -0.0000 -0.7670 0.6416
vn -0.8860 -0.2880 0.3633
vn -0.0000 -0.5457 -0.8380
vn 0.9722 0.2064 -0.1108
vn -0.0000 -0.8573 -0.5148
vn -0.0000 -0.8340 -0.5518
vn -0.9131 -0.3129 -0.2615
vn -0.9792 -0.0201 -0.2021
vn -0.9762 -0.0265 0.2153
vn 0.7625 0.2382 0.6016
vn 0.9111 0.2854 -0.2973
vn -0.0149 0.1005 0.9948
vn -0.6891 0.0054 0.7246
vn 0.7465 0.1692 0.6435
vn -0.0198 0.0146 0.9997
vn -0.6922 -0.0258 0.7212
vn 0.0122 -0.1804 0.9835
vn 0.7571 -0.0428 0.6519
vn -0.6370 -0.2220 0.7382
vn 0.9586 0.1494 -0.2424
vn 0.3226 0.1964 -0.9259
vn -0.6093 0.0611 -0.7906
vn -0.9737 -0.0864 -0.2108
vn -0.9543 -0.1752 0.2421
vn -0.4689 -0.6406 0.6081
vn 0.0814 -0.5990 0.7966
vn -0.7720 -0.6093 0.1812
vn 0.0574 -0.1586 0.9857
vn -0.7451 -0.5005 0.4409
vn 0.7143 -0.4839 0.5056
vn 0.9807 -0.1937 0.0250
vn 0.9221 -0.3130 -0.2275
vn 0.4384 -0.1036 -0.8928
vn 0.3428 -0.3458 -0.8735
vn -0.5080 -0.4535 -0.7323
vn -0.8094 -0.3680 -0.4576
vn -0.8007 -0.5680 -0.1904
vn -0.8007 -0.5679 -0.1904
vn -0.8090 -0.3672 -0.4590
vn 0.8550 0.5027 0.1276
vn 0.7747 0.2907 -0.5615
vn 0.7135 0.3266 -0.6199
vn -0.0131 -0.2706 -0.9626
vn -0.6067 -0.6418 -0.4690
vn -0.4077 -0.6083 -0.6810
vn 0.5416 -0.7171 -0.4386
vn 0.9083 -0.2876 0.3037
vn 0.5947 0.5434 0.5925
vn 0.9407 0.2945 0.1683
vn 0.1061 -0.9514 0.2890
vn -0.1790 0.2590 0.9492
vn -0.9912 -0.1035 0.0820
vn -0.6294 -0.3780 -0.6790
vn 0.1060 -0.9515 0.2889
vn 0.9079 -0.0770 -0.4121
vn 0.8933 0.1570 -0.4212
vn -0.6822 -0.4872 -0.5452
vn -0.8371 -0.2132 -0.5038
vn -0.9279 0.0584 0.3683
vn 0.0879 -0.3088 -0.9470
vn 0.2070 -0.2349 -0.9497
vn 0.0879 -0.3089 -0.9470
vn 0.2069 -0.2349 -0.9497
vn 0.3426 -0.6465 -0.6817
vn -0.0024 -1.0000 -0.0021
vn -0.4477 -0.6264 -0.6381
vn -0.4477 -0.6264 -0.6382
vn -0.5603 0.2348 -0.7943
vn 0.4517 0.2196 -0.8647
vn -0.9813 0.1911 -0.0228
vn 0.4383 -0.1036 -0.8928
vn 0.9249 0.1857 -0.3318
vn -0.7026 -0.7017 -0.1179
vn 0.6725 -0.6915 -0.2638
vn 0.9808 -0.1937 0.0250
vn 0.9270 0.3636 0.0917
vn -0.8091 -0.3672 -0.4589
vn -0.7451 -0.5005 0.4408
vn 0.6792 -0.7338 -0.0131
vn 0.6792 -0.7338 -0.0130
vn 0.0520 0.9602 0.2743
vn -0.8979 0.4167 0.1417
vn -0.7026 -0.7018 -0.1179
vn -0.6916 -0.7199 0.0576
vn -0.6916 -0.7200 0.0576
vn 0.9491 0.1992 0.2439
vn 0.0521 0.9955 0.0790
vn -0.9130 0.3497 0.2098
vn -0.5746 -0.7774 0.2561
vn 0.4726 -0.8475 0.2417
vn -0.5746 -0.7774 0.2560
vn 0.9447 0.2110 0.2512
vn 0.0639 0.8845 -0.4622
vn -0.9315 0.3422 0.1230
vn -0.4658 -0.6050 0.6458
vn 0.3747 -0.6598 0.6513
vn -0.4658 -0.6050 0.6457
vn 0.3859 -0.0512 0.9211
vn 0.9622 0.2713 0.0228
vn 0.0788 0.3004 -0.9506
vn -0.9393 0.2709 -0.2104
vn -0.4796 -0.0219 0.8772
vn -0.4795 -0.0219 0.8773
vn 0.3611 0.7990 -0.4809
vn -0.5727 0.6880 -0.4458
vn -0.4661 0.7045 0.5352
vn 0.3805 0.7141 0.5876
vn 0.9678 0.2445 -0.0606
vn 0.9594 -0.1416 -0.2439
vn 0.1433 -0.5893 -0.7951
vn 0.0840 -0.9808 0.1761
vn -0.9757 0.0233 -0.2178
vn -0.9024 -0.4279 -0.0512
vn -0.4662 0.7045 0.5351
vn -0.5726 0.6880 -0.4458
vn -0.5568 -0.1652 -0.8141
vn -0.9052 -0.3992 0.1458
vn 0.3802 -0.1777 -0.9077
vn 0.9127 -0.3884 0.1269
vn -0.8482 -0.1658 0.5030
vn 0.0610 -0.9798 -0.1904
vn -0.8483 -0.1658 0.5029
vn 0.9476 -0.0179 0.3189
vn 0.1778 0.1817 0.9671
vn 0.0610 -0.9798 -0.1905
vn 0.1779 0.1817 0.9671
vn 0.0000 0.5794 0.8150
vn 0.0000 0.4085 0.9128
vn 0.0000 -0.8295 0.5584
vn 0.2418 -0.3916 0.8878
vn 0.1511 -0.2145 0.9650
vn 0.3428 -0.3901 0.8546
vn -0.0000 -0.2044 0.9789
vn -0.0000 0.5412 0.8409
vn 0.7472 0.0383 0.6634
vn 0.1617 -0.3929 0.9052
vn 0.2391 0.0772 0.9679
vn 0.4606 -0.5385 0.7056
vn -0.0352 0.2142 0.9762
vn 0.4822 -0.4516 0.7507
vn 0.6480 -0.2193 0.7294
vn 0.5236 -0.5653 0.6375
vn 0.8996 -0.3267 0.2897
vn 0.8351 -0.1891 0.5166
vn 0.9076 0.1593 0.3886
vn 0.9776 0.2056 0.0445
vn 0.9960 0.0545 -0.0707
vn 0.9110 -0.2758 0.3067
vn 0.8996 -0.3267 0.2898
vn 0.3723 0.1430 0.9170
vn 0.6408 0.5502 0.5353
vn 0.2460 -0.0812 0.9659
vn 0.6746 0.6204 0.4001
vn -0.0000 0.7874 0.6165
vn 0.5205 -0.4584 0.7204
vn -0.0056 0.6393 0.7690
vn 0.1928 0.5388 0.8201
vn 0.8363 0.4039 0.3707
vn 0.7660 0.3379 0.5468
vn 0.8258 0.2742 0.4928
vn 0.3985 0.5145 0.7593
vn 0.7005 0.4018 0.5898
vn 0.9391 0.3253 0.1110
vn -0.0351 0.2141 0.9762
vn -0.0769 0.8113 0.5795
vn -0.0514 0.5572 0.8288
vn 0.6002 0.4040 0.6903
vn 0.5154 -0.0730 0.8539
vn 0.1472 0.3266 0.9336
vn 0.6486 -0.5790 0.4940
vn 0.3140 0.2743 0.9089
vn 0.7406 -0.6302 -0.2332
vn 0.9603 -0.2522 0.1193
vn 0.7517 -0.0085 0.6594
vn 0.6895 -0.5199 0.5043
vn 0.9901 0.1208 0.0715
vn 0.9378 0.0172 0.3468
vn 0.9871 0.0683 0.1450
vn 0.9667 0.1049 -0.2332
vn 0.9584 0.1707 -0.2286
vn 0.9417 0.1503 0.3009
vn 0.8662 -0.3641 0.3423
vn 0.9958 0.0896 -0.0171
vn 0.5685 0.8187 -0.0806
vn 0.9417 0.1502 0.3010
vn 0.2691 0.5743 0.7731
vn 0.8364 -0.5473 0.0295
vn 0.8355 -0.5489 0.0262
vn 0.6716 -0.7379 0.0670
vn 0.9447 0.2975 0.1376
vn 0.9680 -0.1978 -0.1545
vn 0.6555 -0.4577 -0.6007
vn 0.7503 -0.6446 -0.1471
vn 0.7175 -0.5315 -0.4502
vn 0.3641 -0.8423 -0.3975
vn 0.2682 -0.8362 -0.4783
vn 0.6430 -0.7658 0.0041
vn -0.0657 0.9965 0.0523
vn 0.1162 0.9528 0.2804
vn 0.1246 0.9634 0.2375
vn 0.4743 0.8576 -0.1988
vn 0.6747 0.7354 -0.0630
vn 0.7680 0.0751 0.6360
vn 0.1758 0.9357 0.3059
vn 0.0000 0.9562 0.2927
vn -0.0000 0.9458 0.3247
vn 0.2725 0.9360 0.2228
vn 0.5180 0.7881 -0.3326
vn 0.6551 0.7544 0.0413
vn 0.6250 0.7437 -0.2373
vn 0.5410 0.1341 -0.8303
vn 0.5309 0.0812 -0.8436
vn 0.8242 -0.3293 -0.4607
vn 0.5308 0.0813 -0.8436
vn 0.8902 -0.1508 -0.4298
vn 0.7460 0.0978 -0.6587
vn 0.0000 -0.0280 -0.9996
vn 0.8306 0.0014 -0.5569
vn 0.0000 -0.2278 -0.9737
vn 0.8685 0.4637 0.1750
vn 0.9874 -0.1575 0.0136
vn -0.0000 0.8164 0.5774
vn 0.0000 0.4267 0.9044
vn 0.7885 0.4190 0.4503
vn 0.9805 -0.1468 -0.1310
vn 0.8009 0.5694 0.1853
vn 0.7668 0.6264 0.1406
vn 0.9816 -0.0863 -0.1705
vn -0.0000 0.7942 0.6077
vn 0.0000 0.4206 0.9072
vn -0.0000 -0.8241 -0.5665
vn 0.9872 0.0219 -0.1582
vn -0.0000 -0.9745 -0.2246
vn 0.8615 0.4955 -0.1108
vn 0.0000 -0.7913 -0.6114
vn -0.0000 0.5283 -0.8490
vn 0.0000 0.3667 -0.9303
vn -0.0000 0.0461 -0.9989
vn 0.0000 0.9651 -0.2620
vn 0.0000 1.0000 0.0008
vn 0.0000 -0.1394 -0.9902
vn 0.0347 -0.3712 0.9279
vn -0.0000 -0.2263 0.9741
vn 0.4323 -0.2762 0.8584
vn 0.3024 -0.2576 0.9177
vn 0.5176 -0.3904 0.7614
vn 0.5201 0.1690 0.8372
vn 0.5205 -0.4583 0.7204
vn 0.5235 -0.5653 0.6375
vn 0.1617 -0.3930 0.9052
vn 0.2442 -0.0815 0.9663
vn 0.3025 -0.2576 0.9177
vn 0.2459 -0.0812 0.9659
vn 0.5175 -0.3905 0.7614
vn 0.0000 0.6089 0.7932
vn 0.0000 0.0521 0.9986
vn 0.5206 -0.4583 0.7203
vn 0.5176 -0.3905 0.7614
vn 0.0784 0.6194 0.7812
vn 0.6051 -0.0623 0.7937
vn 0.8726 0.1740 0.4563
vn -0.0000 -0.7774 0.6290
vn 0.0000 -0.6551 0.7555
vn 0.0000 -0.8401 -0.5425
vn -0.0000 0.4638 0.8860
vn 0.2790 0.4684 0.8383
vn 0.5853 0.4253 0.6903
vn 0.0000 0.3553 0.9348
vn 0.2982 0.3793 0.8759
vn 0.6194 0.5185 0.5895
vn 0.5853 0.4254 0.6903
vn 0.7759 0.3425 0.5299
vn 0.7654 0.4162 0.4908
vn 0.8781 0.3758 0.2962
vn 0.8453 0.3908 0.3644
vn 0.6571 0.2094 0.7241
vn 0.3444 0.0904 0.9344
vn -0.0000 0.0850 0.9964
vn 0.9629 0.1386 0.2316
vn 0.7772 -0.1047 0.6205
vn 0.4017 -0.1939 0.8950
vn -0.0000 -0.2582 0.9661
vn 0.7346 0.6718 0.0949
vn 0.6694 0.7190 0.1869
vn 0.9123 0.4055 -0.0577
vn 0.9055 -0.3994 0.1433
vn 0.7114 -0.5583 0.4268
vn 0.3896 -0.3490 0.8523
vn -0.0000 -0.2989 0.9543
vn -0.0001 -0.9563 -0.2923
vn -0.0001 -0.9524 -0.3050
vn 0.0000 0.9298 0.3680
vn -0.0000 0.4897 0.8719
vn 0.3597 0.9164 0.1756
vn -0.0000 0.9129 0.4081
vn 0.5750 0.7229 -0.3830
vn 0.3597 0.9164 0.1757
vn 0.7967 0.5870 0.1442
vn 0.0000 0.7460 0.6660
vn 0.5750 0.7230 -0.3830
vn 0.8048 0.3909 -0.4466
vn 0.3282 0.6527 -0.6829
vn 0.4853 0.5253 -0.6990
vn 0.4876 0.3545 -0.7979
vn 0.0000 0.3498 -0.9368
vn 0.0000 0.6379 -0.7701
vn -0.0000 0.4461 -0.8950
vn 0.0000 0.1346 -0.9909
vn -0.0000 -0.7029 -0.7113
vn -0.0000 -0.9521 -0.3058
vn 0.5415 -0.8013 -0.2544
vn -0.0055 0.6393 0.7690
vn 0.3985 0.5144 0.7593
vn 0.0000 0.9242 0.3819
vn -0.0000 -0.7352 -0.6779
vn 0.7831 -0.1856 0.5935
vn 0.9388 -0.1090 0.3266
vn 0.9859 0.1207 0.1155
vn 0.9992 0.0202 -0.0343
vn 0.9237 0.1164 0.3649
vn 0.9439 -0.1178 0.3086
vn 0.9245 -0.2994 0.2360
vn 0.9416 -0.3320 0.0565
vn 0.9346 0.3556 0.0067
vn 0.9275 0.2870 0.2397
vn 0.9288 0.1584 0.3350
vn 0.7210 0.0344 0.6921
vn 0.7262 -0.2334 0.6466
vn 0.7576 -0.4487 0.4740
vn 0.7713 -0.6190 0.1480
vn 0.7567 0.6447 0.1090
vn 0.7376 0.4974 0.4566
vn 0.7293 0.2605 0.6327
vn 0.4066 0.0186 0.9134
vn 0.4191 -0.2906 0.8602
vn 0.4517 -0.6054 0.6553
vn 0.4773 -0.8491 0.2262
vn 0.4316 0.8830 0.1847
vn 0.4163 0.6618 0.6235
vn 0.4073 0.3334 0.8503
vn 0.0168 -0.3208 0.9470
vn 0.0090 0.0057 0.9999
vn 0.0149 -0.6742 0.7384
vn 0.0088 -0.9672 0.2538
vn -0.0056 0.9779 0.2090
vn -0.0027 0.7255 0.6882
vn 0.0028 0.3556 0.9346
vn -0.3876 -0.0055 0.9218
vn -0.3857 -0.3069 0.8701
vn -0.4161 -0.6149 0.6699
vn -0.4635 -0.8567 0.2265
vn -0.4373 0.8807 0.1820
vn -0.4205 0.6555 0.6273
vn -0.4016 0.3174 0.8591
vn -0.7090 -0.0146 0.7051
vn -0.7070 -0.2523 0.6606
vn -0.7220 -0.4816 0.4967
vn -0.7522 -0.6403 0.1554
vn -0.7591 0.6407 0.1151
vn -0.7411 0.4812 0.4683
vn -0.7239 0.2320 0.6498
vn -0.9216 -0.0147 0.3878
vn -0.9192 -0.1469 0.3653
vn -0.9192 -0.2804 0.2764
vn -0.9285 -0.3677 0.0522
vn -0.9403 0.3395 0.0245
vn -0.9327 0.2542 0.2558
vn -0.9272 0.1162 0.3561
vn -0.9996 -0.0162 -0.0234
vn 0.9366 -0.3339 -0.1067
vn 0.9882 0.0051 -0.1534
vn 0.9324 0.3199 -0.1680
vn 0.7773 -0.6250 -0.0718
vn 0.7768 0.6150 -0.1359
vn 0.4743 -0.8795 -0.0383
vn 0.4533 0.8867 -0.0914
vn 0.0047 -0.9988 -0.0493
vn -0.0038 0.9972 -0.0743
vn -0.4648 -0.8838 -0.0538
vn -0.4475 0.8900 -0.0870
vn -0.7570 -0.6493 -0.0724
vn -0.7659 0.6325 -0.1154
vn -0.9271 -0.3535 -0.1247
vn -0.9361 0.3183 -0.1496
vn -0.9842 -0.0179 -0.1762
vn -0.0001 -0.9469 0.3215
vn 0.8266 -0.3675 0.4263
vn -0.0000 -0.1160 0.9933
vn 0.0000 -0.4129 -0.9108
vn 0.9518 0.0594 0.3010
vn 0.0000 -0.7968 -0.6042
vn 0.2136 -0.1061 0.9711
vn 0.7454 -0.5796 0.3293
vn -0.0000 -0.0169 0.9999
vn 0.8913 -0.2975 0.3422
vn 0.9522 -0.0893 0.2921
vn 0.0000 -0.1926 -0.9813
vn -0.0000 -0.2521 -0.9677
vn 0.9708 0.0132 0.2396
vn 0.0000 -0.2938 -0.9559
vn -0.0000 -0.2097 -0.9778
vn 0.9639 -0.0641 0.2586
vn 0.9602 0.2111 0.1827
vn 0.0000 -0.2481 -0.9687
vn 0.9602 0.2110 0.1827
vn 0.0000 0.2261 0.9741
vn 0.0000 0.4660 0.8848
vn -0.0000 0.3488 0.9372
vn 0.9518 0.0595 0.3010
vn 0.0000 0.0830 0.9966
vn 0.7223 -0.6901 0.0463
vn -0.0000 0.0152 0.9999
vn -0.0000 -0.5147 -0.8574
vn 0.7223 -0.6900 0.0463
vn 0.6430 -0.7659 0.0041
vn -0.0000 -0.9469 0.3215
vn 0.0000 0.0412 0.9991
vn 0.8902 -0.1508 -0.4299
vn -0.5916 -0.8059 -0.0229
vn -0.6089 -0.7927 -0.0288
vn -0.6488 -0.5953 0.4740
vn -0.9958 0.0896 -0.0170
vn -0.5031 0.4514 0.7370
vn -0.2901 0.7407 0.6059
vn -0.1226 0.5931 0.7958
vn -0.7454 -0.4529 0.4890
vn -0.5931 -0.1769 0.7855
vn -0.3922 -0.4009 0.8280
vn -0.2346 -0.9690 -0.0775
vn -0.0453 -0.5800 -0.8133
vn -0.1295 -0.3390 -0.9318
vn -0.4746 -0.4566 -0.7525
vn -0.8461 -0.5114 -0.1503
vn 0.5603 -0.8277 -0.0309
vn 0.5574 -0.4458 0.7004
vn 0.8385 -0.3570 0.4117
vn 0.4220 -0.8481 -0.3204
vn 0.2567 -0.7654 -0.5901
vn -0.6370 0.2167 -0.7398
vn -0.1922 -0.3722 -0.9081
vn -0.1402 -0.4389 -0.8876
vn -0.7521 0.2998 -0.5870
vn 0.8050 0.3631 0.4692
vn -0.0233 0.4134 0.9103
vn -0.2620 0.5929 0.7615
vn 0.9058 -0.3826 -0.1819
vn 0.3025 -0.6150 -0.7282
vn -0.5511 -0.1463 -0.8215
vn -0.2891 -0.3749 -0.8808
vn 0.5975 0.0439 -0.8006
vn -0.3440 0.2398 -0.9078
vn -0.0286 0.5784 0.8152
vn -0.4965 0.6127 0.6150
vn 0.9058 -0.3826 -0.1818
vn 0.9856 0.0555 -0.1598
vn 0.5664 -0.5270 -0.6336
vn 0.5566 0.6183 0.5549
vn 0.9882 -0.0136 -0.1525
vn 0.6114 0.4606 0.6435
vn 0.6631 0.0202 0.7483
vn -0.9083 -0.2876 0.3038
vn -0.1858 -0.1515 0.9708
vn -0.3003 0.3795 0.8751
vn 0.8698 -0.4538 0.1937
vn -0.5156 -0.7499 0.4144
vn 0.2420 -0.7332 0.6355
vn 0.3715 -0.8728 -0.3166
vn -0.2975 -0.9374 -0.1811
vn -0.0954 0.2194 0.9710
vn -0.7109 -0.2869 0.6421
vn 0.1844 -0.5846 0.7901
vn -0.0953 0.2194 0.9710
vn -0.0510 0.3083 0.9499
vn 0.4638 0.2778 0.8413
vn -0.6234 0.3726 0.6874
vn -0.4970 -0.0254 0.8674
vn -0.9802 0.0474 -0.1925
vn -0.2960 -0.3559 -0.8864
vn -0.9632 -0.2675 -0.0270
vn -0.3910 -0.8360 0.3849
vn -0.4183 -0.6497 -0.6347
vn 0.3898 -0.2515 0.8859
vn 0.7996 -0.5378 0.2670
vn 0.3898 -0.2514 0.8859
vn -0.3910 -0.8360 0.3850
vn -0.4183 -0.6498 -0.6347
vn 0.4385 -0.7933 -0.4224
vn 0.5004 -0.8462 -0.1833
vn 0.1788 -0.9446 -0.2753
vn 0.8184 -0.4221 0.3900
vn 0.7499 -0.6065 0.2643
vn 0.3012 0.1838 0.9357
vn -0.7763 0.1243 0.6180
vn -0.6426 -0.2259 0.7321
vn 0.2120 -0.2042 0.9557
vn -0.0706 -0.9046 0.4204
vn -0.7668 -0.5484 -0.3336
vn 0.0116 -0.9990 -0.0435
vn 0.8253 -0.3236 0.4628
vn -0.0707 -0.9045 0.4205
vn 0.0367 -0.6095 -0.7919
vn 0.8079 -0.4459 -0.3854
vn -0.7655 0.6397 -0.0694
vn -0.9474 0.2159 -0.2364
vn -0.1067 0.4696 0.8764
vn -0.4456 0.5167 -0.7311
vn -0.6195 0.2500 -0.7442
vn -0.1451 0.4178 0.8969
vn -0.3246 0.3784 0.8668
vn -0.4070 0.9066 -0.1116
vn -0.2669 0.5355 -0.8013
vn -0.1974 -0.0257 0.9800
vn -0.2983 -0.3049 0.9045
vn -0.2945 0.2616 0.9192
vn -0.1531 0.0241 0.9879
vn 0.4134 -0.5774 0.7041
vn 0.6666 -0.7406 -0.0843
vn -0.2347 -0.9690 -0.0775
vn -0.4301 0.7332 0.5267
vn -0.6209 0.5870 0.5194
vn -0.5516 0.8248 -0.1239
vn -0.7369 0.6396 -0.2188
vn -0.4115 0.5772 -0.7053
vn -0.5804 0.3658 -0.7275
vn -0.1188 0.0403 -0.9921
vn -0.1963 0.0250 -0.9802
vn -0.1113 -0.2248 -0.9680
vn -0.0453 -0.5800 -0.8134
vn 0.4302 -0.6656 -0.6099
vn -0.9606 -0.2677 0.0746
vn -0.6956 -0.1664 -0.6989
vn -0.5291 -0.1663 0.8321
vn -0.5491 0.0851 0.8314
vn -0.9823 0.1758 0.0652
vn -0.6956 -0.1663 -0.6989
vn -0.7230 0.2711 -0.6354
vn -0.0243 0.0331 0.9992
vn 0.4698 -0.5865 0.6598
vn -0.6245 0.5590 0.5455
vn -0.5423 0.6239 0.5627
vn 0.0741 0.1779 0.9813
vn 0.5133 -0.4824 0.7098
vn -0.7303 0.5956 -0.3346
vn -0.7145 0.6415 -0.2792
vn -0.5550 0.3262 -0.7652
vn -0.5272 0.3032 -0.7938
vn 0.6082 -0.7927 -0.0413
vn 0.5853 -0.8106 -0.0196
vn 0.4036 -0.6766 -0.6159
vn 0.3303 -0.7300 -0.5984
vn -0.1348 -0.2077 -0.9689
vn -0.1555 -0.2919 -0.9437
vn -0.6001 0.6220 0.5029
vn 0.0487 0.2231 0.9736
vn -0.6001 0.6221 0.5029
vn -0.7009 0.5687 0.4306
vn -0.7986 0.5688 -0.1969
vn -0.8503 0.5173 -0.0964
vn 0.2568 -0.7654 -0.5901
vn -0.8275 0.5476 0.1243
vn -0.7135 0.3266 -0.6198
vn 0.0207 -0.3343 -0.9422
vn 0.5660 -0.7099 -0.4192
vn -0.5492 0.0851 0.8314
vn -0.1048 0.0378 0.9938
vn -0.7326 0.2507 0.6329
vn -0.8438 0.1563 -0.5133
vn -0.4998 0.1715 -0.8490
vn 0.4916 -0.2441 0.8359
vn 0.8860 -0.2880 0.3633
vn -0.9722 0.2064 -0.1108
vn 0.9131 -0.3129 -0.2615
vn 0.9762 -0.0265 0.2153
vn 0.9792 -0.0202 -0.2021
vn -0.7625 0.2382 0.6016
vn -0.9111 0.2854 -0.2973
vn 0.0149 0.1005 0.9948
vn 0.6891 0.0054 0.7246
vn -0.7465 0.1692 0.6435
vn 0.0198 0.0146 0.9997
vn 0.6922 -0.0258 0.7212
vn -0.7571 -0.0428 0.6519
vn -0.0122 -0.1804 0.9835
vn 0.6370 -0.2221 0.7382
vn -0.9586 0.1494 -0.2424
vn -0.3226 0.1964 -0.9259
vn 0.6093 0.0611 -0.7906
vn 0.9737 -0.0864 -0.2108
vn 0.9543 -0.1752 0.2421
vn -0.0814 -0.5990 0.7966
vn 0.4688 -0.6406 0.6081
vn 0.7720 -0.6093 0.1812
vn -0.0574 -0.1586 0.9857
vn 0.7451 -0.5005 0.4409
vn -0.7143 -0.4839 0.5056
vn -0.9807 -0.1937 0.0250
vn -0.9221 -0.3130 -0.2275
vn -0.4384 -0.1036 -0.8928
vn -0.3428 -0.3458 -0.8735
vn 0.5080 -0.4535 -0.7323
vn 0.8090 -0.3672 -0.4590
vn 0.8007 -0.5680 -0.1904
vn 0.8007 -0.5679 -0.1904
vn -0.8550 0.5027 0.1276
vn -0.7135 0.3266 -0.6199
vn -0.7747 0.2907 -0.5615
vn 0.0131 -0.2706 -0.9626
vn 0.6067 -0.6418 -0.4690
vn 0.4077 -0.6083 -0.6810
vn -0.5416 -0.7171 -0.4386
vn -0.9083 -0.2876 0.3037
vn -0.5947 0.5434 0.5925
vn -0.9407 0.2945 0.1683
vn -0.1061 -0.9514 0.2890
vn 0.1790 0.2590 0.9492
vn 0.9912 -0.1035 0.0820
vn 0.6294 -0.3780 -0.6790
vn -0.1060 -0.9515 0.2889
vn -0.9079 -0.0770 -0.4121
vn -0.8933 0.1570 -0.4212
vn 0.9279 0.0584 0.3683
vn 0.8371 -0.2132 -0.5038
vn 0.6822 -0.4872 -0.5452
vn -0.2070 -0.2349 -0.9497
vn -0.0879 -0.3088 -0.9470
vn -0.0879 -0.3089 -0.9470
vn -0.2069 -0.2349 -0.9497
vn -0.3426 -0.6465 -0.6817
vn 0.4477 -0.6264 -0.6381
vn 0.0024 -1.0000 -0.0021
vn -0.4517 0.2196 -0.8647
vn 0.5603 0.2348 -0.7943
vn 0.4477 -0.6264 -0.6382
vn 0.9813 0.1911 -0.0228
vn -0.9249 0.1857 -0.3318
vn -0.4383 -0.1036 -0.8928
vn 0.7026 -0.7017 -0.1179
vn -0.6725 -0.6915 -0.2638
vn -0.9808 -0.1936 0.0250
vn -0.9270 0.3636 0.0917
vn 0.8090 -0.3672 -0.4589
vn 0.7451 -0.5005 0.4408
vn -0.6792 -0.7338 -0.0131
vn -0.6792 -0.7338 -0.0130
vn -0.0520 0.9602 0.2743
vn 0.8979 0.4167 0.1417
vn 0.6916 -0.7199 0.0576
vn 0.7026 -0.7018 -0.1179
vn 0.6916 -0.7200 0.0576
vn -0.9491 0.1992 0.2439
vn -0.0521 0.9955 0.0790
vn 0.9130 0.3497 0.2098
vn 0.5746 -0.7774 0.2561
vn 0.5746 -0.7774 0.2560
vn -0.4726 -0.8475 0.2417
vn -0.9447 0.2111 0.2512
vn -0.0639 0.8845 -0.4622
vn 0.9315 0.3422 0.1230
vn 0.4658 -0.6050 0.6458
vn 0.4658 -0.6050 0.6457
vn -0.3747 -0.6598 0.6513
vn -0.3859 -0.0512 0.9211
vn -0.9622 0.2713 0.0228
vn -0.0788 0.3004 -0.9506
vn 0.9393 0.2709 -0.2104
vn 0.4796 -0.0219 0.8772
vn 0.4795 -0.0219 0.8772
vn -0.3611 0.7990 -0.4809
vn -0.3805 0.7141 0.5876
vn 0.4661 0.7045 0.5352
vn 0.5727 0.6880 -0.4458
vn -0.9594 -0.1416 -0.2439
vn -0.9678 0.2445 -0.0606
vn -0.0840 -0.9808 0.1761
vn -0.1433 -0.5893 -0.7951
vn 0.9757 0.0233 -0.2178
vn 0.9024 -0.4279 -0.0512
vn 0.5726 0.6880 -0.4458
vn 0.4662 0.7045 0.5351
vn 0.5568 -0.1652 -0.8141
vn 0.9052 -0.3992 0.1458
vn -0.3802 -0.1777 -0.9077
vn -0.9127 -0.3884 0.1269
vn 0.8482 -0.1658 0.5030
vn 0.8483 -0.1658 0.5029
vn -0.0610 -0.9798 -0.1904
vn -0.9476 -0.0179 0.3189
vn -0.1778 0.1817 0.9671
vn -0.0610 -0.9798 -0.1905
vn -0.1779 0.1817 0.9671
vn -0.2418 -0.3916 0.8878
vn -0.3428 -0.3901 0.8546
vn -0.1511 -0.2145 0.9650
vn -0.7472 0.0383 0.6634
vn -0.1617 -0.3929 0.9052
vn -0.2391 0.0772 0.9679
vn -0.4606 -0.5385 0.7056
vn 0.0352 0.2142 0.9762
vn -0.4822 -0.4516 0.7507
vn -0.5236 -0.5653 0.6375
vn -0.6480 -0.2193 0.7294
vn -0.8996 -0.3267 0.2897
vn -0.8351 -0.1891 0.5166
vn -0.9076 0.1593 0.3885
vn -0.9960 0.0545 -0.0707
vn -0.9776 0.2056 0.0445
vn -0.9110 -0.2758 0.3067
vn -0.8996 -0.3267 0.2898
vn -0.3723 0.1430 0.9170
vn -0.6408 0.5502 0.5353
vn -0.2460 -0.0812 0.9659
vn -0.6746 0.6204 0.4001
vn -0.5205 -0.4584 0.7204
vn 0.0056 0.6393 0.7690
vn -0.1928 0.5388 0.8201
vn -0.8258 0.2742 0.4928
vn -0.7660 0.3379 0.5468
vn -0.8363 0.4039 0.3707
vn -0.3985 0.5145 0.7593
vn -0.7005 0.4018 0.5898
vn -0.9391 0.3253 0.1110
vn 0.0352 0.2141 0.9762
vn 0.0514 0.5572 0.8288
vn 0.0769 0.8113 0.5795
vn -0.6002 0.4040 0.6903
vn -0.1472 0.3266 0.9336
vn -0.5154 -0.0730 0.8539
vn -0.6486 -0.5790 0.4940
vn -0.3140 0.2743 0.9089
vn -0.7406 -0.6302 -0.2332
vn -0.7517 -0.0085 0.6594
vn -0.9603 -0.2522 0.1193
vn -0.6895 -0.5199 0.5043
vn -0.9901 0.1208 0.0715
vn -0.9871 0.0683 0.1450
vn -0.9378 0.0172 0.3468
vn -0.9667 0.1049 -0.2332
vn -0.9584 0.1707 -0.2286
vn -0.9417 0.1503 0.3009
vn -0.8662 -0.3641 0.3423
vn -0.9958 0.0896 -0.0171
vn -0.5685 0.8187 -0.0806
vn -0.2691 0.5743 0.7731
vn -0.9417 0.1502 0.3010
vn -0.8364 -0.5473 0.0295
vn -0.6716 -0.7379 0.0670
vn -0.9447 0.2975 0.1376
vn -0.9680 -0.1978 -0.1545
vn -0.6555 -0.4577 -0.6007
vn -0.7503 -0.6446 -0.1471
vn -0.7175 -0.5315 -0.4502
vn -0.3641 -0.8423 -0.3975
vn -0.2682 -0.8362 -0.4783
vn -0.6430 -0.7658 0.0041
vn 0.0657 0.9965 0.0523
vn -0.1162 0.9528 0.2804
vn -0.1246 0.9634 0.2375
vn -0.4743 0.8576 -0.1988
vn -0.6747 0.7354 -0.0630
vn -0.7680 0.0751 0.6360
vn -0.1758 0.9357 0.3059
vn -0.2725 0.9360 0.2228
vn -0.5180 0.7881 -0.3326
vn -0.6551 0.7544 0.0413
vn -0.6250 0.7437 -0.2373
vn -0.5410 0.1341 -0.8303
vn -0.5309 0.0812 -0.8436
vn -0.8242 -0.3293 -0.4607
vn -0.8902 -0.1508 -0.4298
vn -0.5308 0.0812 -0.8436
vn -0.7460 0.0978 -0.6587
vn -0.8306 0.0014 -0.5569
vn -0.8685 0.4637 0.1750
vn -0.9874 -0.1575 0.0136
vn -0.7885 0.4190 0.4503
vn -0.9805 -0.1467 -0.1310
vn -0.8009 0.5694 0.1853
vn -0.7668 0.6264 0.1406
vn -0.9816 -0.0863 -0.1705
vn -0.9872 0.0219 -0.1582
vn -0.8615 0.4955 -0.1108
vn -0.0347 -0.3712 0.9279
vn -0.4323 -0.2762 0.8584
vn -0.3024 -0.2576 0.9177
vn -0.5176 -0.3904 0.7614
vn -0.5201 0.1690 0.8372
vn -0.5205 -0.4583 0.7204
vn -0.5235 -0.5653 0.6375
vn -0.1617 -0.3930 0.9052
vn -0.3025 -0.2576 0.9177
vn -0.2459 -0.0812 0.9659
vn -0.5175 -0.3904 0.7614
vn -0.5206 -0.4583 0.7203
vn -0.0784 0.6194 0.7812
vn -0.6051 -0.0623 0.7937
vn -0.8726 0.1740 0.4563
vn -0.2790 0.4684 0.8383
vn -0.5853 0.4253 0.6903
vn -0.2982 0.3793 0.8759
vn -0.5853 0.4254 0.6903
vn -0.6194 0.5185 0.5895
vn -0.7759 0.3425 0.5299
vn -0.7654 0.4162 0.4908
vn -0.8781 0.3758 0.2962
vn -0.8453 0.3908 0.3644
vn -0.6571 0.2095 0.7241
vn -0.3444 0.0904 0.9344
vn -0.9629 0.1386 0.2316
vn -0.7772 -0.1047 0.6205
vn -0.4017 -0.1939 0.8950
vn -0.7346 0.6718 0.0949
vn -0.6694 0.7190 0.1869
vn -0.9123 0.4055 -0.0577
vn -0.9055 -0.3994 0.1433
vn -0.7114 -0.5583 0.4268
vn -0.3896 -0.3490 0.8523
vn -0.3597 0.9164 0.1756
vn -0.5750 0.7229 -0.3830
vn -0.7967 0.5870 0.1442
vn -0.3597 0.9164 0.1757
vn -0.5750 0.7230 -0.3830
vn -0.8048 0.3909 -0.4466
vn -0.4853 0.5253 -0.6990
vn -0.3282 0.6527 -0.6829
vn -0.4876 0.3545 -0.7979
vn -0.5415 -0.8013 -0.2544
vn 0.0055 0.6393 0.7690
vn -0.3985 0.5144 0.7593
vn -0.7831 -0.1856 0.5935
vn -0.9388 -0.1090 0.3266
vn -0.9859 0.1207 0.1155
vn -0.9992 0.0202 -0.0343
vn -0.9439 -0.1178 0.3086
vn -0.9237 0.1164 0.3649
vn -0.9245 -0.2994 0.2360
vn -0.9416 -0.3320 0.0565
vn -0.9275 0.2870 0.2396
vn -0.9346 0.3556 0.0067
vn -0.9288 0.1584 0.3350
vn -0.7262 -0.2334 0.6466
vn -0.7210 0.0344 0.6921
vn -0.7576 -0.4487 0.4740
vn -0.7713 -0.6190 0.1480
vn -0.7376 0.4974 0.4566
vn -0.7567 0.6447 0.1090
vn -0.7293 0.2605 0.6327
vn -0.4191 -0.2906 0.8602
vn -0.4066 0.0186 0.9134
vn -0.4517 -0.6054 0.6553
vn -0.4773 -0.8491 0.2262
vn -0.4163 0.6618 0.6235
vn -0.4316 0.8830 0.1847
vn -0.4073 0.3334 0.8503
vn -0.0168 -0.3208 0.9470
vn -0.0090 0.0057 0.9999
vn -0.0149 -0.6742 0.7384
vn -0.0088 -0.9672 0.2538
vn 0.0027 0.7255 0.6882
vn 0.0056 0.9779 0.2090
vn -0.0028 0.3556 0.9346
vn 0.3857 -0.3069 0.8701
vn 0.3876 -0.0055 0.9218
vn 0.4161 -0.6149 0.6700
vn 0.4635 -0.8567 0.2265
vn 0.4205 0.6555 0.6273
vn 0.4373 0.8807 0.1820
vn 0.4016 0.3174 0.8591
vn 0.7070 -0.2523 0.6606
vn 0.7090 -0.0146 0.7051
vn 0.7220 -0.4816 0.4967
vn 0.7522 -0.6403 0.1554
vn 0.7411 0.4812 0.4683
vn 0.7591 0.6407 0.1151
vn 0.7239 0.2320 0.6498
vn 0.9192 -0.1469 0.3653
vn 0.9216 -0.0147 0.3877
vn 0.9192 -0.2804 0.2764
vn 0.9285 -0.3677 0.0522
vn 0.9327 0.2542 0.2558
vn 0.9403 0.3395 0.0245
vn 0.9272 0.1162 0.3561
vn 0.9996 -0.0162 -0.0234
vn -0.9882 0.0052 -0.1534
vn -0.9366 -0.3339 -0.1067
vn -0.9324 0.3199 -0.1680
vn -0.7773 -0.6250 -0.0718
vn -0.7768 0.6150 -0.1359
vn -0.4743 -0.8795 -0.0383
vn -0.4533 0.8867 -0.0914
vn -0.0047 -0.9988 -0.0493
vn 0.0038 0.9972 -0.0743
vn 0.4648 -0.8838 -0.0538
vn 0.4475 0.8900 -0.0870
vn 0.7570 -0.6493 -0.0724
vn 0.7659 0.6325 -0.1154
vn 0.9271 -0.3535 -0.1247
vn 0.9361 0.3183 -0.1496
vn 0.9842 -0.0179 -0.1762
vn -0.0000 -0.9467 0.3220
vn -1.0000 0.0000 -0.0000
vn -0.0000 -0.1160 0.9932
vn -0.8266 -0.3675 0.4263
vn 0.0001 -0.9469 0.3215
vn -0.9518 0.0594 0.3010
vn -0.7454 -0.5796 0.3293
vn -0.2136 -0.1061 0.9711
vn -0.8913 -0.2975 0.3422
vn -0.9522 -0.0893 0.2921
vn -0.9708 0.0132 0.2396
vn -0.9639 -0.0641 0.2586
vn -0.9602 0.2111 0.1827
vn -0.9602 0.2110 0.1827
vn -0.9708 0.0132 0.2397
vn -0.9518 0.0595 0.3010
vn -0.7223 -0.6900 0.0463
vn -0.7223 -0.6901 0.0463
vn -0.6430 -0.7659 0.0041
vn -0.8902 -0.1508 -0.4299
vn 0.6089 -0.7927 -0.0288
vn 0.5916 -0.8059 -0.0229
vn -0.9938 0.1000 0.0485
vn 0.0029 0.8816 0.4720
vn -0.0002 0.9997 -0.0244
vn -0.9945 0.1044 -0.0050
vn -0.0050 -0.8860 -0.4637
vn 0.0005 -0.9995 0.0310
vn 0.9946 0.0948 0.0419
vn 0.9945 0.1047 -0.0062
vn -0.9928 0.0592 0.1040
vn 0.0047 0.5269 0.8499
vn -0.0108 -0.5262 -0.8503
vn 0.9952 0.0680 0.0707
vn -0.9898 -0.0086 0.1422
vn 0.0486 0.0102 0.9988
vn -0.0254 -0.0065 -0.9997
vn 0.9974 0.0104 0.0710
vn -0.9911 -0.0613 0.1184
vn 0.0393 -0.5002 0.8650
vn -0.0242 0.5037 -0.8635
vn 0.9971 -0.0539 0.0536
vn -0.9939 -0.0939 0.0575
vn 0.0002 -0.8641 0.5033
vn -0.0087 0.8650 -0.5016
vn 0.9954 -0.0902 0.0310
vn -0.9943 -0.1062 0.0044
vn 0.0013 -0.9996 0.0267
vn -0.0011 0.9996 -0.0279
vn 0.9946 -0.1033 0.0022
vn 0.9946 -0.1033 0.0023
vn -0.9948 -0.0918 -0.0437
vn -0.0059 -0.8822 -0.4708
vn 0.0069 0.8854 0.4648
vn 0.9935 -0.1015 -0.0514
vn 0.9935 -0.1014 -0.0513
vn -0.9951 -0.0534 -0.0835
vn -0.0100 -0.5212 -0.8534
vn 0.0129 0.5236 0.8519
vn 0.9926 -0.0642 -0.1030
vn -0.9952 0.0014 -0.0976
vn -0.0113 -0.0098 -0.9999
vn 0.0146 0.0031 0.9999
vn 0.9925 0.0015 -0.1224
vn -0.9952 0.0521 -0.0823
vn -0.0092 0.4970 -0.8677
vn 0.0117 -0.5052 0.8629
vn 0.9932 0.0613 -0.0993
vn 0.9932 0.0612 -0.0994
vn -0.9950 0.0865 -0.0492
vn -0.0049 0.8604 -0.5096
vn 0.0063 -0.8620 0.5069
vn 0.9940 0.0945 -0.0551
vn -0.0049 0.8604 -0.5095
vn 0.0063 -0.8620 0.5068
vn 0.9940 0.0946 -0.0551
usemtl genie_mat
s 1
f 1/1/1 2/2/2 3/3/3
f 2/2/2 4/4/4 5/5/5
f 6/6/6 7/7/7 8/8/8
f 7/7/7 6/6/6 9/9/9
f 10/10/10 11/11/11 12/12/12
f 11/11/11 10/10/10 13/13/13
f 14/14/14 15/15/15 16/16/16
f 15/15/15 14/14/14 17/17/17
f 18/18/18 19/19/17 20/20/14
f 21/21/19 22/22/20 23/23/21
f 22/22/20 21/21/19 24/24/22
f 25/25/23 26/26/24 15/15/15
f 27/27/25 26/26/24 25/25/23
f 28/28/26 25/25/23 15/15/15
f 29/29/27 30/30/28 31/31/29
f 31/31/29 32/32/30 33/33/31
f 33/33/31 29/29/27 31/31/29
f 34/34/32 35/35/33 36/36/34
f 37/37/35 38/38/36 39/39/23
f 40/40/37 41/41/26 42/42/38
f 43/43/39 39/39/23 38/38/36
f 44/44/40 45/45/41 46/46/42
f 47/47/43 48/48/44 49/49/45
f 45/45/41 44/44/40 50/50/46
f 51/51/47 47/47/43 49/49/45
f 49/49/45 45/45/41 52/52/48
f 50/50/46 52/52/48 45/45/41
f 53/53/49 54/54/48 55/55/46
f 56/56/50 54/54/48 53/53/49
f 57/57/47 54/54/48 56/56/50
f 34/34/32 58/58/51 59/59/52
f 59/59/52 35/35/33 34/34/32
f 60/60/53 61/61/54 62/62/51
f 63/63/55 35/35/33 59/59/52
f 64/64/56 65/65/57 66/66/58
f 67/67/59 68/68/60 69/69/61
f 68/68/60 65/65/57 70/70/62
f 68/68/60 70/70/62 71/71/63
f 71/71/63 69/69/61 68/68/60
f 72/72/64 70/70/62 65/65/57
f 73/73/65 74/74/66 75/75/67
f 65/65/57 64/64/56 72/72/64
f 76/76/68 74/74/66 77/77/69
f 74/74/66 73/73/65 77/77/69
f 78/78/70 79/79/71 60/60/53
f 60/60/53 80/80/72 78/78/70
f 80/80/72 81/81/73 78/78/70
f 82/82/74 83/83/75 84/84/76
f 83/83/75 82/82/74 85/85/77
f 86/86/78 87/87/79 88/88/80
f 88/88/80 83/83/75 86/86/78
f 85/85/77 86/86/78 83/83/75
f 89/89/81 90/90/82 91/91/77
f 88/88/80 87/87/79 92/92/83
f 89/89/81 93/93/84 94/94/79
f 94/94/79 90/90/82 89/89/81
f 95/95/83 94/94/79 93/93/84
f 96/96/85 97/97/86 3/3/3
f 3/3/3 2/2/2 96/96/85
f 1/1/1 98/98/87 2/2/2
f 99/99/88 100/100/89 97/97/86
f 97/97/86 96/96/85 99/99/88
f 99/99/88 101/101/90 102/102/91
f 102/102/91 100/100/89 99/99/88
f 2/2/2 98/98/87 4/4/4
f 103/103/92 104/104/93 5/5/5
f 5/5/5 4/4/4 103/103/92
f 105/105/94 96/96/85 2/2/2
f 2/2/2 5/5/5 105/105/94
f 106/106/95 99/99/88 96/96/85
f 96/96/85 105/105/94 106/106/95
f 99/99/88 106/106/95 107/107/96
f 107/107/96 101/101/90 99/99/88
f 104/104/93 103/103/92 108/108/97
f 108/108/97 8/8/8 104/104/93
f 109/109/98 108/108/97 103/103/92
f 103/103/92 110/110/99 109/109/98
f 108/108/97 109/109/98 111/111/100
f 111/111/100 112/112/101 108/108/97
f 112/112/101 6/6/6 8/8/8
f 8/8/8 108/108/97 112/112/101
f 104/104/93 8/8/8 7/7/7
f 7/7/7 113/113/102 104/104/93
f 114/114/103 115/115/102 116/116/7
f 116/116/7 117/117/104 114/114/103
f 117/117/104 116/116/7 118/118/105
f 118/118/105 119/119/106 117/117/104
f 5/5/5 104/104/93 113/113/102
f 113/113/102 120/120/107 5/5/5
f 121/121/108 122/122/107 115/115/102
f 115/115/102 114/114/103 121/121/108
f 105/105/94 5/5/5 120/120/107
f 120/120/107 123/123/109 105/105/94
f 122/122/107 121/121/108 124/124/110
f 124/124/110 125/125/109 122/122/107
f 126/126/111 106/106/95 105/105/94
f 105/105/94 123/123/109 126/126/111
f 124/124/110 127/127/112 128/128/111
f 128/128/111 125/125/109 124/124/110
f 129/129/113 106/106/95 126/126/111
f 126/126/111 130/130/114 129/129/113
f 129/129/113 131/131/115 107/107/96
f 107/107/96 106/106/95 129/129/113
f 132/132/114 128/128/111 127/127/112
f 127/127/112 133/133/116 132/132/114
f 12/12/12 129/129/113 130/130/114
f 130/130/114 10/10/10 12/12/12
f 134/134/117 132/132/114 133/133/116
f 133/133/116 135/135/118 134/134/117
f 136/136/9 134/134/117 135/135/118
f 135/135/118 137/137/106 136/136/9
f 131/131/115 129/129/113 12/12/12
f 12/12/12 138/138/119 131/131/115
f 139/139/13 9/9/9 6/6/6
f 140/140/120 139/139/13 6/6/6
f 11/11/11 13/13/13 141/141/120
f 141/141/120 142/142/121 11/11/11
f 138/138/119 12/12/12 11/11/11
f 11/11/11 143/143/122 138/138/119
f 142/142/121 144/144/123 143/143/122
f 143/143/122 11/11/11 142/142/121
f 145/145/124 146/146/125 147/147/126
f 147/147/126 148/148/127 145/145/124
f 149/149/120 148/148/127 147/147/126
f 147/147/126 150/150/128 149/149/120
f 149/149/120 150/150/128 151/151/129
f 151/151/129 152/152/130 149/149/120
f 153/153/131 152/152/130 151/151/129
f 151/151/129 154/154/132 153/153/131
f 155/155/133 114/114/103 117/117/104
f 117/117/104 156/156/134 155/155/133
f 157/157/135 121/121/108 114/114/103
f 114/114/103 155/155/133 157/157/135
f 158/158/136 157/157/135 155/155/133
f 155/155/133 159/159/137 158/158/136
f 155/155/133 156/156/134 160/160/138
f 160/160/138 159/159/137 155/155/133
f 157/157/135 161/161/139 124/124/110
f 124/124/110 121/121/108 157/157/135
f 162/162/140 161/161/139 157/157/135
f 157/157/135 158/158/136 162/162/140
f 127/127/112 124/124/110 161/161/139
f 161/161/139 163/163/141 127/127/112
f 162/162/140 164/164/142 163/163/141
f 163/163/141 161/161/139 162/162/140
f 117/117/104 119/119/106 165/165/143
f 165/165/143 156/156/134 117/117/104
f 166/166/144 160/160/138 156/156/134
f 156/156/134 165/165/143 166/166/144
f 137/137/106 135/135/118 167/167/145
f 167/167/145 168/168/143 137/137/106
f 168/168/143 167/167/145 169/169/146
f 169/169/146 170/170/144 168/168/143
f 135/135/118 133/133/116 171/171/147
f 171/171/147 167/167/145 135/135/118
f 167/167/145 171/171/147 172/172/148
f 172/172/148 169/169/146 167/167/145
f 133/133/116 127/127/112 163/163/141
f 163/163/141 171/171/147 133/133/116
f 172/172/148 171/171/147 163/163/141
f 163/163/141 164/164/142 172/172/148
f 159/159/137 173/173/149 174/174/150
f 174/174/150 158/158/136 159/159/137
f 159/159/137 160/160/138 175/175/16
f 175/175/16 173/173/149 159/159/137
f 176/176/149 26/26/24 177/177/151
f 177/177/151 178/178/152 176/176/149
f 158/158/136 174/174/150 179/179/153
f 179/179/153 162/162/140 158/158/136
f 178/178/152 177/177/151 180/180/154
f 180/180/154 181/181/153 178/178/152
f 162/162/140 179/179/153 182/182/19
f 182/182/19 164/164/142 162/162/140
f 181/181/153 180/180/154 24/24/22
f 24/24/22 21/21/19 181/181/153
f 160/160/138 166/166/144 183/183/14
f 183/183/14 175/175/16 160/160/138
f 184/184/21 172/172/148 164/164/142
f 164/164/142 182/182/19 184/184/21
f 169/169/146 172/172/148 184/184/21
f 184/184/21 185/185/18 169/169/146
f 22/22/20 19/19/17 18/18/18
f 18/18/18 23/23/21 22/22/20
f 177/177/151 27/27/25 186/186/155
f 180/180/154 177/177/151 186/186/155
f 186/186/155 187/187/156 180/180/154
f 22/22/20 24/24/22 187/187/156
f 187/187/156 188/188/157 22/22/20
f 19/19/17 22/22/20 188/188/157
f 188/188/157 189/189/158 19/19/17
f 28/28/26 15/15/15 17/17/17
f 17/17/17 190/190/159 28/28/26
f 191/191/160 192/192/161 193/193/126
f 193/193/126 194/194/125 191/191/160
f 195/195/162 193/193/126 192/192/161
f 195/195/162 196/196/128 193/193/126
f 197/197/129 196/196/128 198/198/163
f 197/197/129 198/198/163 199/199/164
f 199/199/164 200/200/165 201/201/132
f 201/201/132 197/197/129 199/199/164
f 202/202/166 192/192/161 191/191/160
f 191/191/160 203/203/167 202/202/166
f 202/202/166 203/203/167 204/204/168
f 204/204/168 205/205/169 202/202/166
f 200/200/165 199/199/164 30/30/28
f 30/30/28 206/206/170 200/200/165
f 198/198/163 31/31/29 30/30/28
f 30/30/28 199/199/164 198/198/163
f 198/198/163 207/207/171 31/31/29
f 208/208/172 209/209/173 29/29/27
f 29/29/27 210/210/174 208/208/172
f 206/206/170 30/30/28 29/29/27
f 29/29/27 209/209/173 206/206/170
f 205/205/169 211/211/174 212/212/175
f 212/212/175 213/213/176 205/205/169
f 33/33/31 214/214/175 210/210/174
f 210/210/174 29/29/27 33/33/31
f 215/215/177 216/216/178 207/207/171
f 207/207/171 195/195/162 215/215/177
f 192/192/161 217/217/179 215/215/177
f 215/215/177 195/195/162 192/192/161
f 202/202/166 218/218/180 217/217/179
f 217/217/179 192/192/161 202/202/166
f 32/32/30 31/31/29 207/207/171
f 207/207/171 216/216/178 32/32/30
f 202/202/166 205/205/169 213/213/176
f 213/213/176 218/218/180 202/202/166
f 216/216/178 215/215/177 219/219/181
f 215/215/177 217/217/179 220/220/182
f 220/220/182 219/219/181 215/215/177
f 217/217/179 218/218/180 221/221/183
f 221/221/183 220/220/182 217/217/179
f 218/218/180 213/213/176 221/221/183
f 219/219/181 220/220/182 222/222/184
f 222/222/184 223/223/185 219/219/181
f 220/220/182 221/221/183 224/224/186
f 224/224/186 222/222/184 220/220/182
f 225/225/187 216/216/178 219/219/181
f 219/219/181 223/223/185 225/225/187
f 216/216/178 225/225/187 226/226/188
f 226/226/188 32/32/30 216/216/178
f 32/32/30 226/226/188 227/227/189
f 227/227/189 33/33/31 32/32/30
f 228/228/190 214/214/175 33/33/31
f 33/33/31 227/227/189 228/228/190
f 229/229/190 230/230/191 213/213/176
f 213/213/176 212/212/175 229/229/190
f 221/221/183 213/213/176 230/230/191
f 230/230/191 224/224/186 221/221/183
f 222/222/184 224/224/186 231/231/192
f 231/231/192 232/232/193 222/222/184
f 231/231/192 224/224/186 230/230/191
f 230/230/191 233/233/194 231/231/192
f 234/234/195 232/232/193 231/231/192
f 231/231/192 235/235/196 234/234/195
f 233/233/194 235/235/196 231/231/192
f 223/223/185 222/222/184 232/232/193
f 232/232/193 236/236/197 223/223/185
f 236/236/197 232/232/193 234/234/195
f 234/234/195 237/237/198 236/236/197
f 236/236/197 238/238/199 225/225/187
f 225/225/187 223/223/185 236/236/197
f 237/237/198 238/238/199 236/236/197
f 239/239/200 240/240/201 238/238/199
f 238/238/199 237/237/198 239/239/200
f 240/240/201 226/226/188 225/225/187
f 225/225/187 238/238/199 240/240/201
f 241/241/202 227/227/189 226/226/188
f 226/226/188 240/240/201 241/241/202
f 242/242/203 241/241/202 240/240/201
f 240/240/201 239/239/200 242/242/203
f 242/242/203 243/243/204 241/241/202
f 241/241/202 243/243/204 228/228/190
f 228/228/190 227/227/189 241/241/202
f 230/230/191 229/229/190 244/244/205
f 244/244/205 233/233/194 230/230/191
f 235/235/196 233/233/194 244/244/205
f 244/244/205 245/245/206 235/235/196
f 34/34/32 36/36/34 39/39/23
f 39/39/23 43/43/39 34/34/32
f 246/246/207 247/247/155 35/35/33
f 246/246/207 248/248/208 249/249/209
f 249/249/209 247/247/155 246/246/207
f 249/249/209 248/248/208 250/250/210
f 250/250/210 251/251/157 249/249/209
f 252/252/211 253/253/157 254/254/210
f 80/80/72 255/255/159 252/252/211
f 48/48/44 34/34/32 43/43/39
f 43/43/39 46/46/42 48/48/44
f 49/49/45 48/48/44 46/46/42
f 46/46/42 45/45/41 49/49/45
f 44/44/40 46/46/42 43/43/39
f 43/43/39 38/38/36 44/44/40
f 48/48/44 47/47/43 58/58/51
f 58/58/51 34/34/32 48/48/44
f 256/256/40 40/40/37 42/42/38
f 42/42/38 257/257/212 256/256/40
f 256/256/40 257/257/212 53/53/49
f 53/53/49 55/55/46 256/256/40
f 257/257/212 42/42/38 80/80/72
f 80/80/72 258/258/213 257/257/212
f 257/257/212 258/258/213 56/56/50
f 56/56/50 53/53/49 257/257/212
f 258/258/213 80/80/72 62/62/51
f 62/62/51 259/259/214 258/258/213
f 60/60/53 260/260/55 61/61/54
f 68/68/60 67/67/59 66/66/58
f 66/66/58 65/65/57 68/68/60
f 261/261/215 66/66/58 67/67/59
f 67/67/59 262/262/216 261/261/215
f 263/263/217 262/262/216 67/67/59
f 67/67/59 69/69/61 263/263/217
f 66/66/58 261/261/215 264/264/218
f 264/264/218 64/64/56 66/66/58
f 75/75/67 265/265/56 266/266/219
f 266/266/219 73/73/65 75/75/67
f 267/267/220 268/268/61 76/76/68
f 76/76/68 77/77/69 267/267/220
f 73/73/65 266/266/219 267/267/220
f 267/267/220 77/77/69 73/73/65
f 266/266/219 265/265/56 269/269/218
f 269/269/218 79/79/71 266/266/219
f 79/79/71 78/78/70 267/267/220
f 267/267/220 266/266/219 79/79/71
f 270/270/221 268/268/61 267/267/220
f 267/267/220 78/78/70 270/270/221
f 269/269/218 260/260/55 60/60/53
f 60/60/53 79/79/71 269/269/218
f 35/35/33 63/63/55 264/264/218
f 264/264/218 261/261/215 35/35/33
f 262/262/216 246/246/207 35/35/33
f 35/35/33 261/261/215 262/262/216
f 270/270/221 78/78/70 81/81/73
f 271/271/222 272/272/223 262/262/216
f 262/262/216 84/84/76 271/271/222
f 272/272/223 248/248/208 246/246/207
f 246/246/207 262/262/216 272/272/223
f 84/84/76 262/262/216 263/263/217
f 263/263/217 82/82/74 84/84/76
f 81/81/73 273/273/224 274/274/225
f 274/274/225 275/275/226 81/81/73
f 275/275/226 274/274/225 93/93/84
f 93/93/84 89/89/81 275/275/226
f 271/271/222 276/276/227 277/277/228
f 277/277/228 272/272/223 271/271/222
f 277/277/228 250/250/210 248/248/208
f 248/248/208 272/272/223 277/277/228
f 88/88/80 271/271/222 84/84/76
f 84/84/76 83/83/75 88/88/80
f 92/92/83 276/276/227 271/271/222
f 271/271/222 88/88/80 92/92/83
f 278/278/229 274/274/225 273/273/224
f 273/273/224 279/279/230 278/278/229
f 254/254/210 279/279/230 273/273/224
f 273/273/224 252/252/211 254/254/210
f 49/49/45 52/52/48 51/51/47
f 26/26/24 176/176/149 16/16/16
f 16/16/16 15/15/15 26/26/24
f 169/169/146 185/185/18 280/280/14
f 280/280/14 170/170/144 169/169/146
f 41/41/26 255/255/159 42/42/38
f 258/258/213 259/259/214 57/57/47
f 57/57/47 56/56/50 258/258/213
f 80/80/72 60/60/53 62/62/51
f 281/281/74 270/270/221 81/81/73
f 81/81/73 275/275/226 281/281/74
f 91/91/77 281/281/74 275/275/226
f 275/275/226 89/89/81 91/91/77
f 274/274/225 278/278/229 95/95/83
f 95/95/83 93/93/84 274/274/225
f 282/282/231 283/283/232 284/284/233
f 285/285/231 286/286/234 287/287/235
f 287/287/235 288/288/236 285/285/231
f 289/289/237 290/290/206 287/287/235
f 288/288/236 291/291/238 292/292/239
f 293/293/240 289/289/237 287/287/235
f 287/287/235 286/286/234 293/293/240
f 283/283/232 294/294/240 284/284/233
f 283/283/232 282/282/231 295/295/241
f 288/288/236 292/292/239 296/296/241
f 296/296/241 285/285/231 288/288/236
f 292/292/239 291/291/238 297/297/242
f 298/298/195 299/299/243 297/297/242
f 300/300/244 301/301/237 302/302/245
f 283/283/232 295/295/241 303/303/246
f 296/296/241 292/292/239 299/299/243
f 299/299/243 304/304/247 296/296/241
f 298/298/195 305/305/248 299/299/243
f 305/305/248 298/298/195 306/306/249
f 301/301/237 307/307/250 308/308/251
f 308/308/251 306/306/249 301/301/237
f 283/283/232 309/309/252 294/294/240
f 310/310/253 299/299/243 305/305/248
f 305/305/248 311/311/254 310/310/253
f 312/312/255 311/311/254 305/305/248
f 305/305/248 306/306/249 312/312/255
f 306/306/249 308/308/251 313/313/256
f 313/313/256 312/312/255 306/306/249
f 309/309/252 303/303/246 314/314/257
f 314/314/257 315/315/258 309/309/252
f 304/304/247 299/299/243 310/310/253
f 310/310/253 316/316/257 304/304/247
f 317/317/259 310/310/253 311/311/254
f 311/311/254 318/318/260 317/317/259
f 319/319/261 318/318/260 311/311/254
f 311/311/254 312/312/255 319/319/261
f 312/312/255 313/313/256 320/320/262
f 320/320/262 319/319/261 312/312/255
f 315/315/258 314/314/257 321/321/263
f 321/321/263 322/322/264 315/315/258
f 310/310/253 317/317/259 323/323/263
f 323/323/263 316/316/257 310/310/253
f 324/324/265 323/323/263 317/317/259
f 317/317/259 325/325/266 324/324/265
f 325/325/266 317/317/259 318/318/260
f 318/318/260 326/326/267 325/325/266
f 327/327/268 326/326/267 318/318/260
f 318/318/260 319/319/261 327/327/268
f 328/328/269 327/327/268 319/319/261
f 319/319/261 320/320/262 328/328/269
f 322/322/264 321/321/263 329/329/265
f 329/329/265 330/330/270 322/322/264
f 331/331/271 332/332/272 333/333/273
f 333/333/273 334/334/274 331/331/271
f 334/334/274 333/333/273 330/330/270
f 330/330/270 329/329/265 334/334/274
f 335/335/271 336/336/274 337/337/275
f 337/337/275 338/338/276 335/335/271
f 324/324/265 325/325/266 337/337/275
f 337/337/275 336/336/274 324/324/265
f 338/338/276 337/337/275 339/339/277
f 339/339/277 340/340/278 338/338/276
f 325/325/266 326/326/267 339/339/277
f 339/339/277 337/337/275 325/325/266
f 341/341/279 342/342/280 340/340/278
f 340/340/278 339/339/277 341/341/279
f 326/326/267 327/327/268 341/341/279
f 341/341/279 339/339/277 326/326/267
f 341/341/279 343/343/281 344/344/282
f 344/344/282 342/342/280 341/341/279
f 328/328/269 343/343/281 341/341/279
f 341/341/279 327/327/268 328/328/269
f 345/345/283 346/346/284 342/342/280
f 342/342/280 344/344/282 345/345/283
f 332/332/272 331/331/271 347/347/285
f 347/347/285 348/348/283 332/332/272
f 338/338/276 349/349/286 350/350/285
f 350/350/285 335/335/271 338/338/276
f 338/338/276 340/340/278 349/349/286
f 346/346/284 340/340/278 342/342/280
f 346/346/284 345/345/283 351/351/287
f 348/348/283 352/352/288 353/353/289
f 354/354/290 352/352/288 347/347/285
f 350/350/285 349/349/286 355/355/290
f 346/346/284 351/351/287 355/355/290
f 355/355/290 349/349/286 346/346/284
f 353/353/289 352/352/288 356/356/291
f 357/357/292 355/355/290 358/358/293
f 355/355/290 351/351/287 358/358/293
f 297/297/242 299/299/243 292/292/239
f 287/287/235 290/290/206 291/291/238
f 291/291/238 288/288/236 287/287/235
f 301/301/237 298/298/195 302/302/245
f 252/252/211 273/273/224 81/81/73
f 80/80/72 252/252/211 81/81/73
f 110/110/99 103/103/92 4/4/4
f 4/4/4 359/359/294 110/110/99
f 346/346/284 349/349/286 340/340/278
f 348/348/283 347/347/285 352/352/288
f 309/309/252 283/283/232 303/303/246
f 360/360/295 98/98/87 1/1/1
f 1/1/1 361/361/296 360/360/295
f 98/98/87 360/360/295 359/359/294
f 359/359/294 4/4/4 98/98/87
f 362/362/297 363/363/298 364/364/299
f 365/365/300 366/366/301 367/367/302
f 367/367/302 363/363/298 365/365/300
f 363/363/298 367/367/302 368/368/303
f 369/369/304 370/370/297 371/371/305
f 372/372/306 370/370/297 369/369/304
f 373/373/307 374/374/308 375/375/309
f 375/375/309 374/374/308 376/376/310
f 377/377/311 376/376/310 374/374/308
f 378/378/312 376/376/310 377/377/311
f 376/376/310 379/379/313 380/380/314
f 381/381/315 382/382/316 383/383/314
f 378/378/312 377/377/311 384/384/317
f 385/385/318 378/378/312 384/384/317
f 386/386/303 387/387/302 388/388/319
f 366/366/301 389/389/320 367/367/302
f 389/389/320 366/366/301 390/390/321
f 388/388/319 391/391/317 392/392/322
f 393/393/323 394/394/324 385/385/318
f 385/385/318 384/384/317 393/393/323
f 389/389/320 395/395/325 396/396/326
f 396/396/326 397/397/327 389/389/320
f 398/398/328 397/397/327 396/396/326
f 396/396/326 395/395/325 399/399/329
f 378/378/312 385/385/318 400/400/330
f 401/401/331 402/402/332 403/403/333
f 404/404/334 405/405/335 406/406/336
f 407/407/337 408/408/338 404/404/334
f 409/409/339 410/410/340 411/411/341
f 409/409/339 411/411/341 412/412/342
f 413/413/343 414/414/344 415/415/345
f 413/413/343 416/416/346 414/414/344
f 413/413/343 417/417/347 416/416/346
f 379/379/313 415/415/345 418/418/348
f 400/400/330 415/415/345 378/378/312
f 419/419/349 414/414/344 416/416/346
f 416/416/346 417/417/347 420/420/350
f 421/421/351 422/422/352 423/423/353
f 419/419/349 416/416/346 424/424/354
f 425/425/355 426/426/356 427/427/349
f 428/428/357 429/429/358 417/417/347
f 417/417/347 430/430/359 420/420/350
f 431/431/360 430/430/359 429/429/358
f 416/416/346 420/420/350 424/424/354
f 432/432/354 433/433/361 434/434/356
f 435/435/362 430/430/359 431/431/360
f 436/436/363 435/435/362 437/437/364
f 438/438/365 439/439/332 440/440/366
f 441/441/365 442/442/367 402/402/332
f 402/402/332 442/442/367 403/403/333
f 443/443/368 442/442/367 441/441/365
f 383/383/314 444/444/369 381/381/315
f 445/445/370 381/381/315 444/444/369
f 444/444/369 383/383/314 446/446/368
f 447/447/371 448/448/372 449/449/373
f 448/448/372 447/447/371 450/450/374
f 451/451/375 450/450/374 452/452/376
f 423/423/353 453/453/377 421/421/351
f 454/454/378 455/455/379 456/456/89
f 457/457/361 458/458/86 455/455/379
f 459/459/344 427/427/349 426/426/356
f 426/426/356 460/460/380 459/459/344
f 461/461/380 462/462/381 463/463/382
f 453/453/377 463/463/382 462/462/381
f 456/456/89 455/455/379 458/458/86
f 464/464/383 465/465/384 466/466/385
f 466/466/385 465/465/384 467/467/386
f 468/468/387 469/469/388 470/470/389
f 471/471/390 470/470/389 469/469/388
f 472/472/391 469/469/388 473/473/392
f 473/473/392 474/474/393 472/472/391
f 475/475/394 473/473/392 476/476/395
f 474/474/393 473/473/392 475/475/394
f 477/477/396 478/478/397 472/472/391
f 479/479/398 480/480/399 476/476/395
f 480/480/399 479/479/398 481/481/400
f 476/476/395 482/482/401 475/475/394
f 482/482/401 476/476/395 483/483/402
f 483/483/402 476/476/395 480/480/399
f 484/484/403 474/474/393 475/475/394
f 484/484/403 485/485/404 474/474/393
f 486/486/405 482/482/401 483/483/402
f 487/487/406 483/483/402 480/480/399
f 486/486/405 488/488/407 482/482/401
f 481/481/400 489/489/408 480/480/399
f 480/480/399 489/489/408 487/487/406
f 368/368/303 490/490/409 364/364/299
f 364/364/299 363/363/298 368/368/303
f 362/362/297 403/403/333 491/491/410
f 362/362/297 364/364/299 492/492/411
f 492/492/411 493/493/305 362/362/297
f 373/373/307 493/493/305 492/492/411
f 492/492/411 374/374/308 373/373/307
f 494/494/412 495/495/413 374/374/308
f 374/374/308 492/492/411 494/494/412
f 496/496/414 369/369/304 371/371/305
f 371/371/305 497/497/307 496/496/414
f 497/497/307 445/445/370 496/496/414
f 374/374/308 495/495/413 498/498/415
f 498/498/415 377/377/311 374/374/308
f 381/381/315 445/445/370 497/497/307
f 497/497/307 499/499/416 381/381/315
f 381/381/315 499/499/416 382/382/316
f 500/500/417 388/388/319 501/501/409
f 502/502/409 388/388/418 503/503/419
f 388/388/420 504/504/421 505/505/412
f 389/389/320 390/390/321 506/506/422
f 506/506/422 395/395/325 389/389/320
f 506/506/422 507/507/423 411/411/341
f 411/411/341 395/395/325 506/506/422
f 410/410/340 395/395/325 411/411/341
f 398/398/328 396/396/326 399/399/329
f 388/388/319 508/508/424 509/509/425
f 399/399/329 406/406/336 510/510/426
f 510/510/426 398/398/328 399/399/329
f 399/399/329 404/404/334 406/406/336
f 510/510/426 406/406/336 394/394/324
f 394/394/324 406/406/336 511/511/427
f 393/393/323 510/510/426 394/394/324
f 394/394/324 511/511/427 512/512/428
f 512/512/428 385/385/318 394/394/324
f 439/439/332 372/372/306 369/369/304
f 404/404/334 399/399/329 410/410/340
f 404/404/334 408/408/338 405/405/335
f 407/407/337 404/404/334 410/410/340
f 410/410/340 409/409/339 407/407/337
f 409/409/339 513/513/429 407/407/337
f 407/407/337 513/513/429 408/408/338
f 507/507/423 514/514/430 412/412/342
f 412/412/342 411/411/341 507/507/423
f 409/409/339 515/515/431 513/513/429
f 516/516/432 517/517/433 408/408/338
f 408/408/338 513/513/429 516/516/432
f 517/517/433 518/518/434 405/405/335
f 405/405/335 408/408/338 517/517/433
f 406/406/336 405/405/335 511/511/427
f 519/519/432 520/520/435 521/521/436
f 521/521/436 522/522/433 519/519/432
f 521/521/436 523/523/437 524/524/438
f 524/524/438 522/522/433 521/521/436
f 525/525/439 405/405/335 518/518/434
f 523/523/437 526/526/440 525/525/439
f 527/527/441 526/526/440 523/523/437
f 523/523/437 528/528/442 527/527/441
f 529/529/443 528/528/442 523/523/437
f 530/530/444 529/529/443 523/523/437
f 523/523/437 521/521/436 530/530/444
f 530/530/444 521/521/436 520/520/435
f 520/520/435 531/531/445 530/530/444
f 527/527/441 528/528/442 532/532/446
f 532/532/446 428/428/357 527/527/441
f 529/529/443 533/533/447 532/532/446
f 532/532/446 528/528/442 529/529/443
f 530/530/444 534/534/448 533/533/447
f 533/533/447 529/529/443 530/530/444
f 531/531/445 535/535/449 534/534/448
f 534/534/448 530/530/444 531/531/445
f 380/380/314 379/379/313 536/536/450
f 536/536/450 443/443/368 380/380/314
f 379/379/313 537/537/451 536/536/450
f 538/538/452 379/379/313 418/418/348
f 418/418/348 539/539/351 538/538/452
f 429/429/358 532/532/446 540/540/453
f 533/533/447 541/541/454 540/540/453
f 540/540/453 532/532/446 533/533/447
f 534/534/448 542/542/455 541/541/454
f 541/541/454 533/533/447 534/534/448
f 542/542/455 534/534/448 535/535/449
f 535/535/449 543/543/456 542/542/455
f 420/420/350 430/430/359 544/544/1
f 435/435/362 544/544/1 430/430/359
f 424/424/354 420/420/350 458/458/86
f 458/458/86 457/457/361 424/424/354
f 437/437/364 435/435/362 431/431/360
f 545/545/457 546/546/296 544/544/1
f 544/544/1 435/435/362 545/545/457
f 547/547/458 545/545/457 435/435/362
f 435/435/362 436/436/363 547/547/458
f 440/440/366 439/439/332 369/369/304
f 369/369/304 496/496/414 440/440/366
f 444/444/369 440/440/366 496/496/414
f 496/496/414 445/445/370 444/444/369
f 440/440/366 444/444/369 446/446/368
f 446/446/368 438/438/365 440/440/366
f 443/443/368 536/536/450 442/442/367
f 403/403/333 442/442/367 548/548/459
f 548/548/459 549/549/460 403/403/333
f 449/449/373 548/548/459 442/442/367
f 442/442/367 447/447/371 449/449/373
f 536/536/450 537/537/451 447/447/371
f 447/447/371 442/442/367 536/536/450
f 452/452/376 537/537/451 379/379/313
f 379/379/313 538/538/452 452/452/376
f 450/450/374 447/447/371 537/537/451
f 537/537/451 452/452/376 450/450/374
f 448/448/372 450/450/374 550/550/461
f 550/550/461 551/551/462 448/448/372
f 550/550/461 450/450/374 451/451/375
f 451/451/375 552/552/463 550/550/461
f 553/553/462 554/554/464 555/555/465
f 555/555/465 556/556/466 553/553/462
f 554/554/464 557/557/467 555/555/465
f 538/538/452 558/558/468 451/451/375
f 451/451/375 452/452/376 538/538/452
f 539/539/351 455/455/379 558/558/468
f 558/558/468 538/538/452 539/539/351
f 552/552/463 451/451/375 559/559/469
f 559/559/469 560/560/470 552/552/463
f 555/555/465 557/557/467 561/561/470
f 561/561/470 464/464/383 555/555/465
f 558/558/468 562/562/471 559/559/469
f 559/559/469 451/451/375 558/558/468
f 559/559/469 562/562/471 563/563/472
f 563/563/472 564/564/473 559/559/469
f 560/560/470 559/559/469 564/564/473
f 564/564/473 565/565/474 560/560/470
f 455/455/379 454/454/378 562/562/471
f 562/562/471 558/558/468 455/455/379
f 562/562/471 454/454/378 566/566/475
f 566/566/475 563/563/472 562/562/471
f 566/566/475 454/454/378 456/456/89
f 456/456/89 567/567/91 566/566/475
f 555/555/465 464/464/383 466/466/385
f 466/466/385 568/568/387 555/555/465
f 569/569/476 469/469/388 570/570/385
f 570/570/385 571/571/386 569/569/476
f 468/468/387 570/570/385 469/469/388
f 469/469/388 472/472/391 478/478/397
f 478/478/397 471/471/390 469/469/388
f 569/569/476 479/479/398 473/473/392
f 473/473/392 469/469/388 569/569/476
f 479/479/398 476/476/395 473/473/392
f 488/488/407 484/484/403 475/475/394
f 475/475/394 482/482/401 488/488/407
f 415/415/345 379/379/313 376/376/310
f 376/376/310 378/378/312 415/415/345
f 572/572/477 573/573/478 412/412/342
f 412/412/342 514/514/430 572/572/477
f 415/415/345 414/414/344 418/418/348
f 561/561/470 574/574/474 465/465/384
f 465/465/384 464/464/383 561/561/470
f 433/433/361 462/462/381 461/461/380
f 461/461/380 434/434/356 433/433/361
f 391/391/317 388/388/319 575/575/479
f 576/576/327 577/577/480 388/388/319
f 387/387/302 576/576/327 388/388/319
f 577/577/480 578/578/426 388/388/319
f 578/578/426 575/575/479 388/388/319
f 485/485/404 579/579/481 474/474/393
f 579/579/481 477/477/396 472/472/391
f 472/472/391 474/474/393 579/579/481
f 580/580/389 556/556/466 555/555/465
f 555/555/465 568/568/387 580/580/389
f 436/436/363 581/581/482 547/547/458
f 409/409/339 412/412/342 573/573/478
f 525/525/439 524/524/438 523/523/437
f 582/582/483 583/583/484 511/511/427
f 511/511/427 405/405/335 582/582/483
f 582/582/483 525/525/439 526/526/440
f 405/405/335 525/525/439 582/582/483
f 584/584/485 400/400/330 512/512/428
f 583/583/484 582/582/483 526/526/440
f 526/526/440 527/527/441 583/583/484
f 512/512/428 400/400/330 385/385/318
f 527/527/441 428/428/357 584/584/485
f 584/584/485 583/583/484 527/527/441
f 584/584/485 512/512/428 583/583/484
f 512/512/428 511/511/427 583/583/484
f 413/413/343 584/584/485 428/428/357
f 428/428/357 417/417/347 413/413/343
f 415/415/345 400/400/330 584/584/485
f 584/584/485 413/413/343 415/415/345
f 429/429/358 430/430/359 417/417/347
f 585/585/486 586/586/487 587/587/488
f 585/585/486 587/587/488 588/588/489
f 585/585/486 588/588/489 589/589/490
f 585/585/486 590/590/491 591/591/492
f 585/585/486 591/591/492 592/592/493
f 585/585/486 592/592/493 586/586/487
f 587/587/488 586/586/487 593/593/494
f 593/593/494 594/594/495 587/587/488
f 588/588/489 587/587/488 594/594/495
f 594/594/495 595/595/496 588/588/489
f 589/589/490 588/588/489 595/595/496
f 595/595/496 596/596/497 589/589/490
f 590/590/491 597/597/498 598/598/499
f 598/598/499 591/591/492 590/590/491
f 591/591/492 598/598/499 599/599/500
f 599/599/500 592/592/493 591/591/492
f 592/592/493 599/599/500 593/593/494
f 593/593/494 586/586/487 592/592/493
f 594/594/495 593/593/494 600/600/501
f 600/600/501 601/601/502 594/594/495
f 595/595/496 594/594/495 601/601/502
f 601/601/502 602/602/503 595/595/496
f 596/596/497 595/595/496 602/602/503
f 602/602/503 603/603/504 596/596/497
f 597/597/498 604/604/505 605/605/506
f 605/605/506 598/598/499 597/597/498
f 598/598/499 605/605/506 606/606/507
f 606/606/507 599/599/500 598/598/499
f 599/599/500 606/606/507 600/600/501
f 600/600/501 593/593/494 599/599/500
f 607/607/508 601/601/502 600/600/501
f 600/600/501 608/608/509 607/607/508
f 602/602/503 601/601/502 607/607/508
f 607/607/508 609/609/510 602/602/503
f 609/609/510 610/610/511 603/603/504
f 603/603/504 602/602/503 609/609/510
f 604/604/505 611/611/512 612/612/513
f 612/612/513 605/605/506 604/604/505
f 605/605/506 612/612/513 613/613/514
f 613/613/514 606/606/507 605/605/506
f 606/606/507 613/613/514 608/608/509
f 608/608/509 600/600/501 606/606/507
f 608/608/509 614/614/515 615/615/516
f 615/615/516 607/607/508 608/608/509
f 616/616/517 609/609/510 607/607/508
f 607/607/508 615/615/516 616/616/517
f 617/617/518 610/610/511 609/609/510
f 609/609/510 616/616/517 617/617/518
f 612/612/513 611/611/512 618/618/519
f 618/618/519 619/619/520 612/612/513
f 619/619/520 620/620/521 613/613/514
f 613/613/514 612/612/513 619/619/520
f 608/608/509 613/613/514 620/620/521
f 620/620/521 614/614/515 608/608/509
f 614/614/515 621/621/522 622/622/523
f 622/622/523 615/615/516 614/614/515
f 623/623/524 616/616/517 615/615/516
f 615/615/516 622/622/523 623/623/524
f 616/616/517 623/623/524 624/624/525
f 624/624/525 617/617/518 616/616/517
f 619/619/520 618/618/519 625/625/526
f 625/625/526 626/626/527 619/619/520
f 626/626/527 627/627/528 620/620/521
f 620/620/521 619/619/520 626/626/527
f 627/627/528 621/621/522 614/614/515
f 614/614/515 620/620/521 627/627/528
f 621/621/522 628/628/529 629/629/530
f 629/629/530 622/622/523 621/621/522
f 630/630/531 623/623/524 622/622/523
f 622/622/523 629/629/530 630/630/531
f 623/623/524 630/630/531 631/631/532
f 631/631/532 624/624/525 623/623/524
f 626/626/527 625/625/526 632/632/533
f 632/632/533 633/633/534 626/626/527
f 633/633/534 634/634/535 627/627/528
f 627/627/528 626/626/527 633/633/534
f 634/634/535 628/628/529 621/621/522
f 621/621/522 627/627/528 634/634/535
f 635/635/536 629/629/530 628/628/529
f 635/635/536 630/630/531 629/629/530
f 635/635/536 631/631/532 630/630/531
f 635/635/536 633/633/534 632/632/533
f 635/635/536 634/634/535 633/633/534
f 635/635/536 628/628/529 634/634/535
f 585/585/486 589/589/490 636/636/537
f 636/636/537 637/637/538 585/585/486
f 585/585/486 637/637/538 638/638/539
f 638/638/539 590/590/491 585/585/486
f 589/589/490 596/596/497 639/639/540
f 639/639/540 636/636/537 589/589/490
f 590/590/491 638/638/539 640/640/541
f 640/640/541 597/597/498 590/590/491
f 596/596/497 603/603/504 641/641/542
f 641/641/542 639/639/540 596/596/497
f 597/597/498 640/640/541 642/642/543
f 642/642/543 604/604/505 597/597/498
f 603/603/504 610/610/511 643/643/544
f 643/643/544 641/641/542 603/603/504
f 644/644/545 611/611/512 604/604/505
f 604/604/505 642/642/543 644/644/545
f 643/643/544 610/610/511 617/617/518
f 617/617/518 645/645/546 643/643/544
f 618/618/519 611/611/512 644/644/545
f 644/644/545 646/646/547 618/618/519
f 624/624/525 647/647/548 645/645/546
f 645/645/546 617/617/518 624/624/525
f 625/625/526 618/618/519 646/646/547
f 646/646/547 648/648/549 625/625/526
f 631/631/532 649/649/550 647/647/548
f 647/647/548 624/624/525 631/631/532
f 632/632/533 625/625/526 648/648/549
f 648/648/549 650/650/551 632/632/533
f 635/635/536 651/651/552 649/649/550
f 649/649/550 631/631/532 635/635/536
f 635/635/536 632/632/533 650/650/551
f 650/650/551 651/651/552 635/635/536
f 363/363/298 362/362/297 491/491/410
f 491/491/410 365/365/300 363/363/298
f 403/403/333 362/362/297 401/401/331
f 429/429/358 428/428/357 532/532/446
f 652/652/360 653/653/358 654/654/453
f 655/655/553 656/656/554 657/657/555
f 659/658/556 660/659/557 661/660/554
f 661/660/554 662/661/558 659/658/556
f 663/662/455 664/663/559 665/664/560
f 652/652/360 654/654/453 666/665/454
f 666/665/454 667/666/364 652/652/360
f 667/666/364 666/665/454 663/662/455
f 663/662/455 665/664/560 667/666/364
f 668/667/456 669/668/561 664/663/559
f 664/663/559 663/662/455 668/667/456
f 670/669/562 671/670/563 672/671/564
f 672/671/564 673/672/565 670/669/562
f 674/673/566 675/674/567 676/675/568
f 676/675/568 677/676/569 674/673/566
f 675/674/567 674/673/566 678/677/570
f 678/677/570 679/678/571 675/674/567
f 680/679/572 681/680/566 682/681/573
f 682/681/573 683/682/574 680/679/572
f 680/679/572 683/682/574 684/683/575
f 684/683/575 685/684/576 680/679/572
f 660/659/557 659/658/556 679/678/571
f 679/678/571 678/677/570 660/659/557
f 681/680/566 686/685/569 687/686/577
f 687/686/577 682/681/573 681/680/566
f 676/675/568 672/671/564 671/670/563
f 671/670/563 677/676/569 676/675/568
f 688/687/562 689/688/578 664/663/559
f 688/687/562 664/663/559 669/668/561
f 669/668/561 690/689/579 688/687/562
f 670/669/562 673/672/565 691/690/580
f 691/690/580 692/691/581 670/669/562
f 689/688/578 665/664/560 664/663/559
f 692/691/581 691/690/580 693/692/560
f 694/693/363 691/690/580 695/694/482
f 693/692/560 694/693/363 696/695/582
f 661/660/554 697/696/583 662/661/558
f 656/656/554 685/684/576 684/683/575
f 684/683/575 657/657/555 656/656/554
f 698/697/563 688/687/562 690/689/579
f 690/689/579 699/698/584 698/697/563
f 686/685/569 698/697/563 699/698/584
f 699/698/584 687/686/577 686/685/569
f 111/111/100 700/699/124 701/700/127
f 701/700/127 112/112/101 111/111/100
f 112/112/101 701/700/127 6/6/6
f 694/693/363 693/692/560 691/690/580
f 572/572/477 515/515/431 409/409/339
f 409/409/339 573/573/478 572/572/477
f 494/494/412 492/492/411 364/364/299
f 364/364/299 490/490/409 494/494/412
f 377/377/311 498/498/415 384/384/317
f 403/403/333 549/549/460 491/491/410
f 395/395/325 410/410/340 399/399/329
f 389/389/320 397/397/327 367/367/302
f 702/701/585 703/702/377 704/703/353
f 702/701/585 704/703/353 459/459/344
f 459/459/344 460/460/380 702/701/585
f 704/703/353 705/704/348 459/459/344
f 701/700/127 140/140/120 6/6/6
f 195/195/162 207/207/171 196/196/128
f 706/705/586 707/706/586 708/707/586
f 709/708/587 710/709/587 711/710/587
f 298/298/195 301/301/237 306/306/249
f 10/10/10 712/711/9 13/13/13
f 177/177/151 26/26/24 27/27/25
f 187/187/156 24/24/22 180/180/154
f 247/247/155 36/36/34 35/35/33
f 255/255/159 80/80/72 42/42/38
f 252/252/211 255/255/159 253/253/157
f 196/196/128 207/207/171 198/198/163
f 453/453/377 462/462/381 421/421/351
f 713/712/588 714/713/589 715/714/590
f 715/714/590 716/715/591 717/716/592
f 718/717/593 719/718/594 720/719/595
f 720/719/595 721/720/596 718/717/593
f 722/721/597 723/722/598 724/723/599
f 724/723/599 725/724/600 722/721/597
f 726/725/601 727/726/602 728/727/603
f 728/727/603 729/728/604 726/725/601
f 730/729/605 731/730/601 732/731/604
f 733/732/606 734/733/607 735/734/608
f 735/734/608 736/735/609 733/732/606
f 737/736/610 728/727/603 738/737/611
f 739/738/612 737/736/610 738/737/611
f 740/739/613 728/727/603 737/736/610
f 741/740/614 742/741/615 743/742/616
f 742/741/615 741/740/614 744/743/617
f 744/743/617 745/744/618 742/741/615
f 746/745/619 747/746/612 748/747/620
f 749/748/621 750/749/610 751/750/622
f 752/751/622 753/752/623 754/753/613
f 755/754/624 751/750/622 750/749/610
f 756/755/625 757/756/626 758/757/627
f 759/758/628 760/759/629 761/760/630
f 758/757/627 762/761/631 756/755/625
f 763/762/632 760/759/629 759/758/628
f 760/759/629 764/763/633 758/757/627
f 762/761/631 758/757/627 764/763/633
f 765/764/634 766/765/631 767/766/633
f 768/767/635 765/764/634 767/766/633
f 769/768/632 768/767/635 767/766/633
f 746/745/619 770/769/636 771/770/637
f 770/769/636 746/745/619 748/747/620
f 772/771/638 773/772/637 774/773/639
f 775/774/640 770/769/636 748/747/620
f 776/775/641 777/776/642 778/777/643
f 779/778/644 780/779/645 781/780/646
f 781/780/646 782/781/647 778/777/643
f 781/780/646 783/782/648 782/781/647
f 783/782/648 781/780/646 780/779/645
f 784/783/649 778/777/643 782/781/647
f 785/784/650 786/785/651 787/786/652
f 778/777/643 784/783/649 776/775/641
f 788/787/653 789/788/654 787/786/652
f 787/786/652 789/788/654 785/784/650
f 790/789/655 791/790/656 772/771/638
f 772/771/638 792/791/657 790/789/655
f 791/790/656 790/789/655 793/792/658
f 794/793/659 795/794/660 796/795/661
f 796/795/661 797/796/662 794/793/659
f 798/797/663 796/795/661 799/798/664
f 799/798/664 800/799/665 798/797/663
f 797/796/662 796/795/661 798/797/663
f 801/800/666 802/801/662 803/802/667
f 799/798/664 804/803/668 800/799/665
f 801/800/666 803/802/667 805/804/665
f 805/804/665 806/805/669 801/800/666
f 807/806/668 806/805/669 805/804/665
f 808/807/670 715/714/590 714/713/589
f 714/713/589 809/808/671 808/807/670
f 713/712/588 715/714/590 810/809/672
f 811/810/673 808/807/670 809/808/671
f 809/808/671 812/811/674 811/810/673
f 811/810/673 812/811/674 102/102/91
f 102/102/91 101/101/90 811/810/673
f 715/714/590 717/716/592 810/809/672
f 813/812/675 717/716/592 716/715/591
f 716/715/591 814/813/676 813/812/675
f 815/814/677 716/715/591 715/714/590
f 715/714/590 808/807/670 815/814/677
f 816/815/678 815/814/677 808/807/670
f 808/807/670 811/810/673 816/815/678
f 811/810/673 101/101/90 107/107/96
f 107/107/96 816/815/678 811/810/673
f 814/813/676 719/718/594 817/816/679
f 817/816/679 813/812/675 814/813/676
f 109/109/98 110/110/99 813/812/675
f 813/812/675 817/816/679 109/109/98
f 817/816/679 818/817/680 111/111/100
f 111/111/100 109/109/98 817/816/679
f 818/817/680 817/816/679 719/718/594
f 719/718/594 718/717/593 818/817/680
f 814/813/676 819/818/681 720/719/595
f 720/719/595 719/718/594 814/813/676
f 820/819/682 821/820/683 822/821/595
f 822/821/595 823/822/681 820/819/682
f 821/820/683 824/823/684 825/824/685
f 825/824/685 822/821/595 821/820/683
f 716/715/591 826/825/686 819/818/681
f 819/818/681 814/813/676 716/715/591
f 827/826/687 820/819/682 823/822/681
f 823/822/681 828/827/686 827/826/687
f 815/814/677 829/828/688 826/825/686
f 826/825/686 716/715/591 815/814/677
f 828/827/686 830/829/688 831/830/689
f 831/830/689 827/826/687 828/827/686
f 832/831/690 829/828/688 815/814/677
f 815/814/677 816/815/678 832/831/690
f 831/830/689 830/829/688 833/832/690
f 833/832/690 834/833/691 831/830/689
f 835/834/692 836/835/693 832/831/690
f 832/831/690 816/815/678 835/834/692
f 835/834/692 816/815/678 107/107/96
f 107/107/96 131/131/115 835/834/692
f 837/836/693 838/837/694 834/833/691
f 834/833/691 833/832/690 837/836/693
f 723/722/598 722/721/597 836/835/693
f 836/835/693 835/834/692 723/722/598
f 839/838/695 840/839/696 838/837/694
f 838/837/694 837/836/693 839/838/695
f 841/840/596 842/841/684 840/839/696
f 840/839/696 839/838/695 841/840/596
f 131/131/115 138/138/119 723/722/598
f 723/722/598 835/834/692 131/131/115
f 843/842/600 718/717/593 721/720/596
f 844/843/697 718/717/593 843/842/600
f 724/723/599 845/844/698 846/845/697
f 846/845/697 725/724/600 724/723/599
f 138/138/119 143/143/122 724/723/599
f 724/723/599 723/722/598 138/138/119
f 845/844/698 724/723/599 143/143/122
f 143/143/122 144/144/123 845/844/698
f 145/145/124 847/846/699 848/847/700
f 848/847/700 146/146/125 145/145/124
f 849/848/697 850/849/701 848/847/700
f 848/847/700 847/846/699 849/848/697
f 849/848/697 851/850/702 852/851/703
f 852/851/703 850/849/701 849/848/697
f 153/153/131 154/154/132 852/851/703
f 852/851/703 851/850/702 153/153/131
f 853/852/704 854/853/705 821/820/683
f 821/820/683 820/819/682 853/852/704
f 855/854/706 853/852/704 820/819/682
f 820/819/682 827/826/687 855/854/706
f 856/855/707 857/856/708 853/852/704
f 853/852/704 855/854/706 856/855/707
f 853/852/704 857/856/708 858/857/709
f 858/857/709 854/853/705 853/852/704
f 855/854/706 827/826/687 831/830/689
f 831/830/689 859/858/710 855/854/706
f 860/859/711 856/855/707 855/854/706
f 855/854/706 859/858/710 860/859/711
f 834/833/691 861/860/712 859/858/710
f 859/858/710 831/830/689 834/833/691
f 860/859/711 859/858/710 861/860/712
f 861/860/712 862/861/713 860/859/711
f 821/820/683 854/853/705 863/862/714
f 863/862/714 824/823/684 821/820/683
f 864/863/715 863/862/714 854/853/705
f 854/853/705 858/857/709 864/863/715
f 842/841/684 865/864/714 866/865/716
f 866/865/716 840/839/696 842/841/684
f 865/864/714 867/866/715 868/867/717
f 868/867/717 866/865/716 865/864/714
f 840/839/696 866/865/716 869/868/718
f 869/868/718 838/837/694 840/839/696
f 866/865/716 868/867/717 870/869/719
f 870/869/719 869/868/718 866/865/716
f 838/837/694 869/868/718 861/860/712
f 861/860/712 834/833/691 838/837/694
f 870/869/719 862/861/713 861/860/712
f 861/860/712 869/868/718 870/869/719
f 857/856/708 856/855/707 871/870/720
f 871/870/720 872/871/721 857/856/708
f 857/856/708 872/871/721 873/872/602
f 873/872/602 858/857/709 857/856/708
f 874/873/721 875/874/722 876/875/723
f 876/875/723 738/737/611 874/873/721
f 856/855/707 860/859/711 877/876/724
f 877/876/724 871/870/720 856/855/707
f 875/874/722 878/877/724 879/878/725
f 879/878/725 876/875/723 875/874/722
f 860/859/711 862/861/713 880/879/606
f 880/879/606 877/876/724 860/859/711
f 878/877/724 733/732/606 736/735/609
f 736/735/609 879/878/725 878/877/724
f 858/857/709 873/872/602 881/880/601
f 881/880/601 864/863/715 858/857/709
f 882/881/607 880/879/606 862/861/713
f 862/861/713 870/869/719 882/881/607
f 868/867/717 883/882/726 882/881/607
f 882/881/607 870/869/719 868/867/717
f 735/734/608 734/733/607 730/729/605
f 730/729/605 732/731/604 735/734/608
f 876/875/723 884/883/727 739/738/612
f 879/878/725 884/883/727 876/875/723
f 884/883/727 879/878/725 885/884/728
f 735/734/608 886/885/729 885/884/728
f 885/884/728 736/735/609 735/734/608
f 732/731/604 887/886/730 886/885/729
f 886/885/729 735/734/608 732/731/604
f 740/739/613 888/887/730 729/728/604
f 729/728/604 728/727/603 740/739/613
f 191/191/160 194/194/125 889/888/731
f 889/888/731 890/889/732 191/191/160
f 891/890/733 890/889/732 889/888/731
f 891/890/733 889/888/731 892/891/701
f 893/892/703 894/893/734 892/891/701
f 893/892/703 895/894/735 894/893/734
f 895/894/735 893/892/703 201/201/132
f 201/201/132 200/200/165 895/894/735
f 896/895/736 203/203/167 191/191/160
f 191/191/160 890/889/732 896/895/736
f 896/895/736 897/896/737 204/204/168
f 204/204/168 203/203/167 896/895/736
f 200/200/165 206/206/170 743/742/616
f 743/742/616 895/894/735 200/200/165
f 894/893/734 895/894/735 743/742/616
f 743/742/616 742/741/615 894/893/734
f 894/893/734 742/741/615 898/897/738
f 208/208/172 899/898/739 741/740/614
f 741/740/614 209/209/173 208/208/172
f 206/206/170 209/209/173 741/740/614
f 741/740/614 743/742/616 206/206/170
f 897/896/737 900/899/740 901/900/741
f 901/900/741 902/901/739 897/896/737
f 744/743/617 741/740/614 899/898/739
f 899/898/739 903/902/741 744/743/617
f 904/903/742 891/890/733 898/897/738
f 898/897/738 905/904/743 904/903/742
f 890/889/732 891/890/733 904/903/742
f 904/903/742 906/905/744 890/889/732
f 896/895/736 890/889/732 906/905/744
f 906/905/744 907/906/745 896/895/736
f 745/744/618 905/904/743 898/897/738
f 898/897/738 742/741/615 745/744/618
f 896/895/736 907/906/745 900/899/740
f 900/899/740 897/896/737 896/895/736
f 905/904/743 908/907/746 904/903/742
f 904/903/742 908/907/746 909/908/747
f 909/908/747 906/905/744 904/903/742
f 906/905/744 909/908/747 910/909/748
f 910/909/748 907/906/745 906/905/744
f 907/906/745 910/909/748 900/899/740
f 908/907/746 911/910/749 912/911/750
f 912/911/750 909/908/747 908/907/746
f 909/908/747 912/911/750 913/912/751
f 913/912/751 910/909/748 909/908/747
f 914/913/752 911/910/749 908/907/746
f 908/907/746 905/904/743 914/913/752
f 905/904/743 745/744/618 915/914/753
f 915/914/753 914/913/752 905/904/743
f 745/744/618 744/743/617 916/915/754
f 916/915/754 915/914/753 745/744/618
f 917/916/755 916/915/754 744/743/617
f 744/743/617 903/902/741 917/916/755
f 918/917/755 901/900/741 900/899/740
f 900/899/740 919/918/756 918/917/755
f 910/909/748 913/912/751 919/918/756
f 919/918/756 900/899/740 910/909/748
f 912/911/750 920/919/757 921/920/758
f 921/920/758 913/912/751 912/911/750
f 921/920/758 922/921/759 919/918/756
f 919/918/756 913/912/751 921/920/758
f 923/922/760 924/923/761 921/920/758
f 921/920/758 920/919/757 923/922/760
f 922/921/759 921/920/758 924/923/761
f 911/910/749 925/924/762 920/919/757
f 920/919/757 912/911/750 911/910/749
f 925/924/762 926/925/763 923/922/760
f 923/922/760 920/919/757 925/924/762
f 925/924/762 911/910/749 914/913/752
f 914/913/752 927/926/764 925/924/762
f 926/925/763 925/924/762 927/926/764
f 928/927/765 926/925/763 927/926/764
f 927/926/764 929/928/766 928/927/765
f 929/928/766 927/926/764 914/913/752
f 914/913/752 915/914/753 929/928/766
f 930/929/767 929/928/766 915/914/753
f 915/914/753 916/915/754 930/929/767
f 931/930/768 928/927/765 929/928/766
f 929/928/766 930/929/767 931/930/768
f 931/930/768 930/929/767 932/931/769
f 930/929/767 916/915/754 917/916/755
f 917/916/755 932/931/769 930/929/767
f 919/918/756 922/921/759 933/932/770
f 933/932/770 918/917/755 919/918/756
f 924/923/761 934/933/768 933/932/770
f 933/932/770 922/921/759 924/923/761
f 746/745/619 755/754/624 750/749/610
f 750/749/610 747/746/612 746/745/619
f 935/934/771 748/747/620 936/935/727
f 935/934/771 936/935/727 937/936/772
f 937/936/772 938/937/773 935/934/771
f 937/936/772 939/938/729 940/939/774
f 940/939/774 938/937/773 937/936/772
f 941/940/775 942/941/774 943/942/729
f 791/790/656 941/940/775 944/943/730
f 761/760/630 757/756/626 755/754/624
f 755/754/624 746/745/619 761/760/630
f 760/759/629 758/757/627 757/756/626
f 757/756/626 761/760/630 760/759/629
f 756/755/625 751/750/622 755/754/624
f 755/754/624 757/756/626 756/755/625
f 761/760/630 746/745/619 771/770/637
f 771/770/637 759/758/628 761/760/630
f 945/944/625 946/945/776 753/752/623
f 753/752/623 752/751/622 945/944/625
f 945/944/625 766/765/631 765/764/634
f 765/764/634 946/945/776 945/944/625
f 946/945/776 947/946/777 791/790/656
f 791/790/656 753/752/623 946/945/776
f 946/945/776 765/764/634 768/767/635
f 768/767/635 947/946/777 946/945/776
f 947/946/777 948/947/778 773/772/637
f 773/772/637 791/790/656 947/946/777
f 772/771/638 774/773/639 949/948/640
f 781/780/646 778/777/643 777/776/642
f 777/776/642 779/778/644 781/780/646
f 950/949/779 951/950/780 779/778/644
f 779/778/644 777/776/642 950/949/779
f 952/951/781 780/779/645 779/778/644
f 779/778/644 951/950/780 952/951/781
f 777/776/642 776/775/641 953/952/782
f 953/952/782 950/949/779 777/776/642
f 786/785/651 785/784/650 954/953/783
f 954/953/783 955/954/641 786/785/651
f 956/955/784 789/788/654 788/787/653
f 788/787/653 957/956/645 956/955/784
f 785/784/650 789/788/654 956/955/784
f 956/955/784 954/953/783 785/784/650
f 954/953/783 792/791/657 958/957/782
f 958/957/782 955/954/641 954/953/783
f 792/791/657 954/953/783 956/955/784
f 956/955/784 790/789/655 792/791/657
f 959/958/785 790/789/655 956/955/784
f 956/955/784 957/956/645 959/958/785
f 958/957/782 792/791/657 772/771/638
f 772/771/638 949/948/640 958/957/782
f 748/747/620 950/949/779 953/952/782
f 953/952/782 775/774/640 748/747/620
f 951/950/780 950/949/779 748/747/620
f 748/747/620 935/934/771 951/950/780
f 959/958/785 793/792/658 790/789/655
f 960/959/786 795/794/660 951/950/780
f 951/950/780 961/960/787 960/959/786
f 961/960/787 951/950/780 935/934/771
f 935/934/771 938/937/773 961/960/787
f 795/794/660 794/793/659 952/951/781
f 952/951/781 951/950/780 795/794/660
f 793/792/658 962/961/788 963/962/789
f 963/962/789 964/963/790 793/792/658
f 962/961/788 801/800/666 806/805/669
f 806/805/669 963/962/789 962/961/788
f 960/959/786 961/960/787 965/964/791
f 965/964/791 966/965/792 960/959/786
f 965/964/791 961/960/787 938/937/773
f 938/937/773 940/939/774 965/964/791
f 799/798/664 796/795/661 795/794/660
f 795/794/660 960/959/786 799/798/664
f 804/803/668 799/798/664 960/959/786
f 960/959/786 966/965/792 804/803/668
f 967/966/793 968/967/794 964/963/790
f 964/963/790 963/962/789 967/966/793
f 942/941/774 941/940/775 964/963/790
f 964/963/790 968/967/794 942/941/774
f 760/759/629 763/762/632 764/763/633
f 738/737/611 728/727/603 727/726/602
f 727/726/602 874/873/721 738/737/611
f 868/867/717 867/866/715 969/968/601
f 969/968/601 883/882/726 868/867/717
f 754/753/613 753/752/623 944/943/730
f 947/946/777 768/767/635 769/768/632
f 769/768/632 948/947/778 947/946/777
f 791/790/656 773/772/637 772/771/638
f 970/969/659 962/961/788 793/792/658
f 793/792/658 959/958/785 970/969/659
f 802/801/662 801/800/666 962/961/788
f 962/961/788 970/969/659 802/801/662
f 963/962/789 806/805/669 807/806/668
f 807/806/668 967/966/793 963/962/789
f 971/970/795 972/971/796 973/972/797
f 974/973/795 975/974/798 976/975/799
f 976/975/799 977/976/800 974/973/795
f 978/977/801 976/975/799 979/978/768
f 975/974/798 980/979/802 981/980/803
f 982/981/804 977/976/800 976/975/799
f 976/975/799 978/977/801 982/981/804
f 973/972/797 972/971/796 983/982/804
f 973/972/797 984/983/805 971/970/795
f 975/974/798 974/973/795 985/984/805
f 985/984/805 980/979/802 975/974/798
f 980/979/802 986/985/806 981/980/803
f 987/986/760 986/985/806 988/987/807
f 989/988/808 990/989/809 991/990/801
f 973/972/797 992/991/810 984/983/805
f 985/984/805 993/992/811 988/987/807
f 988/987/807 980/979/802 985/984/805
f 987/986/760 988/987/807 994/993/812
f 994/993/812 995/994/813 987/986/760
f 991/990/801 995/994/813 996/995/814
f 996/995/814 997/996/815 991/990/801
f 973/972/797 983/982/804 998/997/816
f 999/998/817 1000/999/818 994/993/812
f 994/993/812 988/987/807 999/998/817
f 1001/1000/819 995/994/813 994/993/812
f 994/993/812 1000/999/818 1001/1000/819
f 995/994/813 1001/1000/819 1002/1001/820
f 1002/1001/820 996/995/814 995/994/813
f 998/997/816 1003/1002/821 1004/1003/822
f 1004/1003/822 992/991/810 998/997/816
f 993/992/811 1005/1004/822 999/998/817
f 999/998/817 988/987/807 993/992/811
f 1006/1005/823 1007/1006/824 1000/999/818
f 1000/999/818 999/998/817 1006/1005/823
f 1008/1007/825 1001/1000/819 1000/999/818
f 1000/999/818 1007/1006/824 1008/1007/825
f 1001/1000/819 1008/1007/825 1009/1008/826
f 1009/1008/826 1002/1001/820 1001/1000/819
f 1003/1002/821 1010/1009/827 1011/1010/828
f 1011/1010/828 1004/1003/822 1003/1002/821
f 999/998/817 1005/1004/822 1012/1011/828
f 1012/1011/828 1006/1005/823 999/998/817
f 1013/1012/829 1014/1013/830 1006/1005/823
f 1006/1005/823 1012/1011/828 1013/1012/829
f 1014/1013/830 1015/1014/831 1007/1006/824
f 1007/1006/824 1006/1005/823 1014/1013/830
f 1016/1015/832 1008/1007/825 1007/1006/824
f 1007/1006/824 1015/1014/831 1016/1015/832
f 1017/1016/833 1009/1008/826 1008/1007/825
f 1008/1007/825 1016/1015/832 1017/1016/833
f 1010/1009/827 1018/1017/834 1019/1018/829
f 1019/1018/829 1011/1010/828 1010/1009/827
f 1020/1019/835 1021/1020/836 1022/1021/837
f 1022/1021/837 1023/1022/838 1020/1019/835
f 1021/1020/836 1019/1018/829 1018/1017/834
f 1018/1017/834 1022/1021/837 1021/1020/836
f 1024/1023/835 1025/1024/839 1026/1025/840
f 1026/1025/840 1027/1026/836 1024/1023/835
f 1013/1012/829 1027/1026/836 1026/1025/840
f 1026/1025/840 1014/1013/830 1013/1012/829
f 1025/1024/839 1028/1027/841 1029/1028/842
f 1029/1028/842 1026/1025/840 1025/1024/839
f 1014/1013/830 1026/1025/840 1029/1028/842
f 1029/1028/842 1015/1014/831 1014/1013/830
f 1030/1029/843 1029/1028/842 1028/1027/841
f 1028/1027/841 1031/1030/844 1030/1029/843
f 1015/1014/831 1029/1028/842 1030/1029/843
f 1030/1029/843 1016/1015/832 1015/1014/831
f 1030/1029/843 1031/1030/844 1032/1031/845
f 1032/1031/845 1033/1032/846 1030/1029/843
f 1017/1016/833 1016/1015/832 1030/1029/843
f 1030/1029/843 1033/1032/846 1017/1016/833
f 1034/1033/847 1032/1031/845 1031/1030/844
f 1031/1030/844 1035/1034/848 1034/1033/847
f 1023/1022/838 1036/1035/847 1037/1036/849
f 1037/1036/849 1020/1019/835 1023/1022/838
f 1025/1024/839 1024/1023/835 1038/1037/849
f 1038/1037/849 1039/1038/850 1025/1024/839
f 1025/1024/839 1039/1038/850 1028/1027/841
f 1035/1034/848 1031/1030/844 1028/1027/841
f 1035/1034/848 1040/1039/851 1034/1033/847
f 1036/1035/847 1041/1040/852 1042/1041/853
f 1043/1042/854 1037/1036/849 1042/1041/853
f 1038/1037/849 1044/1043/854 1039/1038/850
f 1035/1034/848 1039/1038/850 1044/1043/854
f 1044/1043/854 1040/1039/851 1035/1034/848
f 1041/1040/852 1045/1044/855 1042/1041/853
f 1046/1045/856 1047/1046/857 1044/1043/854
f 1044/1043/854 1047/1046/857 1040/1039/851
f 986/985/806 980/979/802 988/987/807
f 976/975/799 981/980/803 979/978/768
f 981/980/803 976/975/799 975/974/798
f 991/990/801 990/989/809 987/986/760
f 941/940/775 793/792/658 964/963/790
f 791/790/656 793/792/658 941/940/775
f 110/110/99 359/359/294 717/716/592
f 717/716/592 813/812/675 110/110/99
f 1035/1034/848 1028/1027/841 1039/1038/850
f 1036/1035/847 1042/1041/853 1037/1036/849
f 998/997/816 992/991/810 973/972/797
f 360/360/295 361/361/296 713/712/588
f 713/712/588 810/809/672 360/360/295
f 810/809/672 717/716/592 359/359/294
f 359/359/294 360/360/295 810/809/672
f 1048/1047/858 1049/1048/859 1050/1049/860
f 365/365/300 1050/1049/860 1051/1050/861
f 1051/1050/861 366/366/301 365/365/300
f 1050/1049/860 1052/1051/862 1051/1050/861
f 1053/1052/863 1054/1053/864 1055/1054/858
f 1056/1055/865 1053/1052/863 1055/1054/858
f 1057/1056/866 1058/1057/867 1059/1058/868
f 1058/1057/867 1060/1059/869 1059/1058/868
f 1061/1060/870 1059/1058/868 1060/1059/869
f 1062/1061/871 1061/1060/870 1060/1059/869
f 1060/1059/869 1063/1062/872 1064/1063/873
f 1065/1064/874 1066/1065/872 1067/1066/875
f 1062/1061/871 1068/1067/876 1061/1060/870
f 1069/1068/877 1068/1067/876 1062/1061/871
f 1070/1069/862 1071/1070/878 1072/1071/861
f 366/366/301 1051/1050/861 1073/1072/879
f 1073/1072/879 390/390/321 366/366/301
f 1071/1070/878 1074/1073/880 1075/1074/876
f 1076/1075/881 1068/1067/876 1069/1068/877
f 1069/1068/877 1077/1076/882 1076/1075/881
f 1073/1072/879 1078/1077/883 1079/1078/884
f 1079/1078/884 1080/1079/885 1073/1072/879
f 1081/1080/886 1079/1078/884 1078/1077/883
f 1079/1078/884 1082/1081/887 1080/1079/885
f 1062/1061/871 1083/1082/888 1069/1068/877
f 1084/1083/889 1085/1084/890 1086/1085/891
f 1087/1086/892 1088/1087/893 1089/1088/894
f 1090/1089/895 1087/1086/892 1091/1090/896
f 1092/1091/897 1093/1092/898 1094/1093/899
f 1092/1091/897 1095/1094/900 1093/1092/898
f 1096/1095/901 1097/1096/902 1098/1097/903
f 1096/1095/901 1098/1097/903 1099/1098/904
f 1096/1095/901 1099/1098/904 1100/1099/905
f 1064/1063/873 1101/1100/906 1097/1096/902
f 1083/1082/888 1062/1061/871 1097/1096/902
f 1102/1101/907 1099/1098/904 1098/1097/903
f 1099/1098/904 1103/1102/908 1100/1099/905
f 1104/1103/909 1105/1104/910 1106/1105/911
f 1102/1101/907 1107/1106/912 1099/1098/904
f 1108/1107/912 1109/1108/907 1110/1109/913
f 1111/1110/914 1100/1099/905 1112/1111/915
f 1100/1099/905 1103/1102/908 1113/1112/916
f 1114/1113/917 1112/1111/915 1113/1112/916
f 1099/1098/904 1107/1106/912 1103/1102/908
f 1115/1114/912 1116/1115/913 1117/1116/918
f 1118/1117/919 1114/1113/917 1113/1112/916
f 1119/1118/920 1120/1119/921 1118/1117/919
f 1121/1120/922 1122/1121/923 1123/1122/891
f 1124/1123/922 1086/1085/891 1125/1124/924
f 1086/1085/891 1085/1084/890 1125/1124/924
f 1126/1125/925 1124/1123/922 1125/1124/924
f 1066/1065/872 1065/1064/874 1127/1126/926
f 1128/1127/927 1127/1126/926 1065/1064/874
f 1127/1126/926 1129/1128/925 1066/1065/872
f 1130/1129/928 449/449/373 448/448/372
f 448/448/372 1131/1130/929 1130/1129/928
f 1132/1131/930 1133/1132/931 1131/1130/929
f 1105/1104/910 1104/1103/909 1134/1133/932
f 1135/1134/933 1136/1135/674 1137/1136/934
f 1138/1137/918 1137/1136/934 1139/1138/671
f 1140/1139/903 1141/1140/935 1110/1109/913
f 1110/1109/913 1109/1108/907 1140/1139/903
f 1142/1141/935 1143/1142/936 1144/1143/937
f 1134/1133/932 1144/1143/937 1143/1142/936
f 1136/1135/674 1139/1138/671 1137/1136/934
f 1145/1144/938 1146/1145/939 465/465/384
f 1146/1145/939 467/467/386 465/465/384
f 1147/1146/940 470/470/389 1148/1147/941
f 471/471/390 1148/1147/941 470/470/389
f 1149/1148/942 1150/1149/943 1148/1147/941
f 1150/1149/943 1149/1148/942 1151/1150/944
f 1152/1151/945 1153/1152/946 1150/1149/943
f 1151/1150/944 1152/1151/945 1150/1149/943
f 477/477/396 1149/1148/942 478/478/397
f 479/479/398 1153/1152/946 1154/1153/947
f 1154/1153/947 481/481/400 479/479/398
f 1153/1152/946 1152/1151/945 1155/1154/948
f 1155/1154/948 483/483/402 1153/1152/946
f 483/483/402 1154/1153/947 1153/1152/946
f 484/484/403 1152/1151/945 1151/1150/944
f 484/484/403 1151/1150/944 485/485/404
f 486/486/405 483/483/402 1155/1154/948
f 487/487/406 1154/1153/947 483/483/402
f 486/486/405 1155/1154/948 488/488/407
f 481/481/400 1154/1153/947 489/489/408
f 1154/1153/947 487/487/406 489/489/408
f 1052/1051/862 1050/1049/860 1049/1048/859
f 1049/1048/859 1156/1155/949 1052/1051/862
f 1048/1047/858 491/491/410 1085/1084/890
f 1048/1047/858 1157/1156/864 1158/1157/950
f 1158/1157/950 1049/1048/859 1048/1047/858
f 1057/1056/866 1059/1058/868 1158/1157/950
f 1158/1157/950 1157/1156/864 1057/1056/866
f 1159/1158/951 1158/1157/950 1059/1058/868
f 1059/1058/868 1160/1159/952 1159/1158/951
f 1161/1160/953 1162/1161/866 1054/1053/864
f 1054/1053/864 1053/1052/863 1161/1160/953
f 1162/1161/866 1161/1160/953 1128/1127/927
f 1059/1058/868 1061/1060/870 1163/1162/954
f 1163/1162/954 1160/1159/952 1059/1058/868
f 1065/1064/874 1164/1163/955 1162/1161/866
f 1162/1161/866 1128/1127/927 1065/1064/874
f 1065/1064/874 1067/1066/875 1164/1163/955
f 1165/1164/956 1166/1165/949 1071/1070/878
f 1167/1166/949 1168/1167/957 1071/1070/878
f 1071/1070/958 1169/1168/951 1170/1169/959
f 1073/1072/879 1080/1079/885 506/506/422
f 506/506/422 390/390/321 1073/1072/879
f 506/506/422 1080/1079/885 1093/1092/898
f 1093/1092/898 507/507/423 506/506/422
f 1094/1093/899 1093/1092/898 1080/1079/885
f 1081/1080/886 1082/1081/887 1079/1078/884
f 1071/1070/878 1171/1170/952 1172/1171/960
f 1082/1081/887 1081/1080/886 1173/1172/961
f 1173/1172/961 1088/1087/893 1082/1081/887
f 1082/1081/887 1088/1087/893 1087/1086/892
f 1173/1172/961 1077/1076/882 1088/1087/893
f 1077/1076/882 1174/1173/962 1088/1087/893
f 1076/1075/881 1077/1076/882 1173/1172/961
f 1077/1076/882 1175/1174/963 1174/1173/962
f 1175/1174/963 1077/1076/882 1069/1068/877
f 1123/1122/891 1053/1052/863 1056/1055/865
f 1087/1086/892 1094/1093/899 1082/1081/887
f 1087/1086/892 1089/1088/894 1091/1090/896
f 1090/1089/895 1094/1093/899 1087/1086/892
f 1094/1093/899 1090/1089/895 1092/1091/897
f 1092/1091/897 1090/1089/895 513/513/429
f 1090/1089/895 1091/1090/896 513/513/429
f 507/507/423 1093/1092/898 1095/1094/900
f 1095/1094/900 514/514/430 507/507/423
f 1092/1091/897 513/513/429 515/515/431
f 516/516/432 513/513/429 1091/1090/896
f 1091/1090/896 1176/1175/964 516/516/432
f 1176/1175/964 1091/1090/896 1089/1088/894
f 1089/1088/894 1177/1176/965 1176/1175/964
f 1088/1087/893 1174/1173/962 1089/1088/894
f 519/519/432 1178/1177/964 1179/1178/966
f 1179/1178/966 520/520/435 519/519/432
f 1179/1178/966 1178/1177/964 1180/1179/967
f 1180/1179/967 1181/1180/968 1179/1178/966
f 1182/1181/969 1177/1176/965 1089/1088/894
f 1181/1180/968 1182/1181/969 1183/1182/970
f 1184/1183/971 1185/1184/972 1181/1180/968
f 1181/1180/968 1183/1182/970 1184/1183/971
f 1186/1185/973 1181/1180/968 1185/1184/972
f 1187/1186/974 1179/1178/966 1181/1180/968
f 1181/1180/968 1186/1185/973 1187/1186/974
f 1187/1186/974 531/531/445 520/520/435
f 520/520/435 1179/1178/966 1187/1186/974
f 1184/1183/971 1111/1110/914 1188/1187/975
f 1188/1187/975 1185/1184/972 1184/1183/971
f 1186/1185/973 1185/1184/972 1188/1187/975
f 1188/1187/975 1189/1188/976 1186/1185/973
f 1187/1186/974 1186/1185/973 1189/1188/976
f 1189/1188/976 1190/1189/977 1187/1186/974
f 531/531/445 1187/1186/974 1190/1189/977
f 1190/1189/977 535/535/449 531/531/445
f 1063/1062/872 1126/1125/925 1191/1190/978
f 1191/1190/978 1064/1063/873 1063/1062/872
f 1064/1063/873 1191/1190/978 1192/1191/979
f 1193/1192/980 1194/1193/909 1101/1100/906
f 1101/1100/906 1064/1063/873 1193/1192/980
f 1112/1111/915 1195/1194/981 1188/1187/975
f 1189/1188/976 1188/1187/975 1195/1194/981
f 1195/1194/981 1196/1195/982 1189/1188/976
f 1190/1189/977 1189/1188/976 1196/1195/982
f 1196/1195/982 1197/1196/983 1190/1189/977
f 1197/1196/983 543/543/456 535/535/449
f 535/535/449 1190/1189/977 1197/1196/983
f 1103/1102/908 1198/1197/588 1113/1112/916
f 1118/1117/919 1113/1112/916 1198/1197/588
f 1107/1106/912 1138/1137/918 1139/1138/671
f 1139/1138/671 1103/1102/908 1107/1106/912
f 1120/1119/921 1114/1113/917 1118/1117/919
f 545/545/457 1118/1117/919 1198/1197/588
f 1198/1197/588 546/546/296 545/545/457
f 547/547/458 1119/1118/920 1118/1117/919
f 1118/1117/919 545/545/457 547/547/458
f 1122/1121/923 1161/1160/953 1053/1052/863
f 1053/1052/863 1123/1122/891 1122/1121/923
f 1127/1126/926 1128/1127/927 1161/1160/953
f 1161/1160/953 1122/1121/923 1127/1126/926
f 1122/1121/923 1121/1120/922 1129/1128/925
f 1129/1128/925 1127/1126/926 1122/1121/923
f 1126/1125/925 1125/1124/924 1191/1190/978
f 1085/1084/890 549/549/460 548/548/459
f 548/548/459 1125/1124/924 1085/1084/890
f 449/449/373 1130/1129/928 1125/1124/924
f 1125/1124/924 548/548/459 449/449/373
f 1191/1190/978 1125/1124/924 1130/1129/928
f 1130/1129/928 1192/1191/979 1191/1190/978
f 1133/1132/931 1193/1192/980 1064/1063/873
f 1064/1063/873 1192/1191/979 1133/1132/931
f 1131/1130/929 1133/1132/931 1192/1191/979
f 1192/1191/979 1130/1129/928 1131/1130/929
f 448/448/372 551/551/462 1199/1198/984
f 1199/1198/984 1131/1130/929 448/448/372
f 1199/1198/984 1200/1199/985 1132/1131/930
f 1132/1131/930 1131/1130/929 1199/1198/984
f 553/553/462 556/556/466 1201/1200/986
f 1201/1200/986 1202/1201/987 553/553/462
f 1202/1201/987 1201/1200/986 1203/1202/988
f 1193/1192/980 1133/1132/931 1132/1131/930
f 1132/1131/930 1204/1203/989 1193/1192/980
f 1194/1193/909 1193/1192/980 1204/1203/989
f 1204/1203/989 1137/1136/934 1194/1193/909
f 1200/1199/985 1205/1204/990 1206/1205/991
f 1206/1205/991 1132/1131/930 1200/1199/985
f 1201/1200/986 1145/1144/938 1207/1206/990
f 1207/1206/990 1203/1202/988 1201/1200/986
f 1204/1203/989 1132/1131/930 1206/1205/991
f 1206/1205/991 1208/1207/992 1204/1203/989
f 1206/1205/991 564/564/473 563/563/472
f 563/563/472 1208/1207/992 1206/1205/991
f 1205/1204/990 565/565/474 564/564/473
f 564/564/473 1206/1205/991 1205/1204/990
f 1137/1136/934 1204/1203/989 1208/1207/992
f 1208/1207/992 1135/1134/933 1137/1136/934
f 1208/1207/992 563/563/472 566/566/475
f 566/566/475 1135/1134/933 1208/1207/992
f 566/566/475 567/567/91 1136/1135/674
f 1136/1135/674 1135/1134/933 566/566/475
f 1201/1200/986 1209/1208/940 1146/1145/939
f 1146/1145/939 1145/1144/938 1201/1200/986
f 569/569/476 571/571/386 1210/1209/939
f 1210/1209/939 1148/1147/941 569/569/476
f 1147/1146/940 1148/1147/941 1210/1209/939
f 1148/1147/941 471/471/390 478/478/397
f 478/478/397 1149/1148/942 1148/1147/941
f 569/569/476 1148/1147/941 1150/1149/943
f 1150/1149/943 479/479/398 569/569/476
f 479/479/398 1150/1149/943 1153/1152/946
f 488/488/407 1155/1154/948 1152/1151/945
f 1152/1151/945 484/484/403 488/488/407
f 1097/1096/902 1062/1061/871 1060/1059/869
f 1060/1059/869 1064/1063/873 1097/1096/902
f 572/572/477 514/514/430 1095/1094/900
f 1095/1094/900 1211/1210/993 572/572/477
f 1097/1096/902 1101/1100/906 1098/1097/903
f 1207/1206/990 1145/1144/938 465/465/384
f 465/465/384 574/574/474 1207/1206/990
f 1117/1116/918 1116/1115/913 1142/1141/935
f 1142/1141/935 1144/1143/937 1117/1116/918
f 1075/1074/876 1212/1211/994 1071/1070/878
f 1213/1212/883 1071/1070/878 1214/1213/995
f 1072/1071/861 1071/1070/878 1213/1212/883
f 1214/1213/995 1071/1070/878 1215/1214/961
f 1215/1214/961 1071/1070/878 1212/1211/994
f 485/485/404 1151/1150/944 579/579/481
f 579/579/481 1151/1150/944 1149/1148/942
f 1149/1148/942 477/477/396 579/579/481
f 580/580/389 1209/1208/940 1201/1200/986
f 1201/1200/986 556/556/466 580/580/389
f 1119/1118/920 547/547/458 581/581/482
f 1092/1091/897 1211/1210/993 1095/1094/900
f 1182/1181/969 1181/1180/968 1180/1179/967
f 1216/1215/996 1089/1088/894 1174/1173/962
f 1174/1173/962 1217/1216/997 1216/1215/996
f 1216/1215/996 1183/1182/970 1182/1181/969
f 1089/1088/894 1216/1215/996 1182/1181/969
f 1218/1217/998 1175/1174/963 1083/1082/888
f 1217/1216/997 1184/1183/971 1183/1182/970
f 1183/1182/970 1216/1215/996 1217/1216/997
f 1175/1174/963 1069/1068/877 1083/1082/888
f 1184/1183/971 1217/1216/997 1218/1217/998
f 1218/1217/998 1111/1110/914 1184/1183/971
f 1218/1217/998 1217/1216/997 1175/1174/963
f 1175/1174/963 1217/1216/997 1174/1173/962
f 1096/1095/901 1100/1099/905 1111/1110/914
f 1111/1110/914 1218/1217/998 1096/1095/901
f 1097/1096/902 1096/1095/901 1218/1217/998
f 1218/1217/998 1083/1082/888 1097/1096/902
f 1112/1111/915 1100/1099/905 1113/1112/916
f 1219/1218/999 1220/1219/1000 1221/1220/1001
f 1219/1218/999 1222/1221/1002 1220/1219/1000
f 1219/1218/999 1223/1222/1003 1222/1221/1002
f 1219/1218/999 1224/1223/1004 1225/1224/1005
f 1219/1218/999 1226/1225/1006 1224/1223/1004
f 1219/1218/999 1221/1220/1001 1226/1225/1006
f 1220/1219/1000 1227/1226/1007 1228/1227/1008
f 1228/1227/1008 1221/1220/1001 1220/1219/1000
f 1222/1221/1002 1229/1228/1009 1227/1226/1007
f 1227/1226/1007 1220/1219/1000 1222/1221/1002
f 1223/1222/1003 1230/1229/1010 1229/1228/1009
f 1229/1228/1009 1222/1221/1002 1223/1222/1003
f 1225/1224/1005 1224/1223/1004 1231/1230/1011
f 1231/1230/1011 1232/1231/1012 1225/1224/1005
f 1224/1223/1004 1226/1225/1006 1233/1232/1013
f 1233/1232/1013 1231/1230/1011 1224/1223/1004
f 1226/1225/1006 1221/1220/1001 1228/1227/1008
f 1228/1227/1008 1233/1232/1013 1226/1225/1006
f 1227/1226/1007 1234/1233/1014 1235/1234/1015
f 1235/1234/1015 1228/1227/1008 1227/1226/1007
f 1229/1228/1009 1236/1235/1016 1234/1233/1014
f 1234/1233/1014 1227/1226/1007 1229/1228/1009
f 1230/1229/1010 1237/1236/1017 1236/1235/1016
f 1236/1235/1016 1229/1228/1009 1230/1229/1010
f 1232/1231/1012 1231/1230/1011 1238/1237/1018
f 1238/1237/1018 1239/1238/1019 1232/1231/1012
f 1231/1230/1011 1233/1232/1013 1240/1239/1020
f 1240/1239/1020 1238/1237/1018 1231/1230/1011
f 1233/1232/1013 1228/1227/1008 1235/1234/1015
f 1235/1234/1015 1240/1239/1020 1233/1232/1013
f 1241/1240/1021 1242/1241/1022 1235/1234/1015
f 1235/1234/1015 1234/1233/1014 1241/1240/1021
f 1236/1235/1016 1243/1242/1023 1241/1240/1021
f 1241/1240/1021 1234/1233/1014 1236/1235/1016
f 1243/1242/1023 1236/1235/1016 1237/1236/1017
f 1237/1236/1017 1244/1243/1024 1243/1242/1023
f 1239/1238/1019 1238/1237/1018 1245/1244/1025
f 1245/1244/1025 1246/1245/1026 1239/1238/1019
f 1238/1237/1018 1240/1239/1020 1247/1246/1027
f 1247/1246/1027 1245/1244/1025 1238/1237/1018
f 1240/1239/1020 1235/1234/1015 1242/1241/1022
f 1242/1241/1022 1247/1246/1027 1240/1239/1020
f 1242/1241/1022 1241/1240/1021 1248/1247/1028
f 1248/1247/1028 1249/1248/1029 1242/1241/1022
f 1250/1249/1030 1248/1247/1028 1241/1240/1021
f 1241/1240/1021 1243/1242/1023 1250/1249/1030
f 1251/1250/1031 1250/1249/1030 1243/1242/1023
f 1243/1242/1023 1244/1243/1024 1251/1250/1031
f 1245/1244/1025 1252/1251/1032 1253/1252/1033
f 1253/1252/1033 1246/1245/1026 1245/1244/1025
f 1252/1251/1032 1245/1244/1025 1247/1246/1027
f 1247/1246/1027 1254/1253/1034 1252/1251/1032
f 1242/1241/1022 1249/1248/1029 1254/1253/1034
f 1254/1253/1034 1247/1246/1027 1242/1241/1022
f 1249/1248/1029 1248/1247/1028 1255/1254/1035
f 1255/1254/1035 1256/1255/1036 1249/1248/1029
f 1257/1256/1037 1255/1254/1035 1248/1247/1028
f 1248/1247/1028 1250/1249/1030 1257/1256/1037
f 1250/1249/1030 1251/1250/1031 1258/1257/1038
f 1258/1257/1038 1257/1256/1037 1250/1249/1030
f 1252/1251/1032 1259/1258/1039 1260/1259/1040
f 1260/1259/1040 1253/1252/1033 1252/1251/1032
f 1259/1258/1039 1252/1251/1032 1254/1253/1034
f 1254/1253/1034 1261/1260/1041 1259/1258/1039
f 1261/1260/1041 1254/1253/1034 1249/1248/1029
f 1249/1248/1029 1256/1255/1036 1261/1260/1041
f 1256/1255/1036 1255/1254/1035 1262/1261/1042
f 1262/1261/1042 1263/1262/1043 1256/1255/1036
f 1264/1263/1044 1262/1261/1042 1255/1254/1035
f 1255/1254/1035 1257/1256/1037 1264/1263/1044
f 1257/1256/1037 1258/1257/1038 1265/1264/1045
f 1265/1264/1045 1264/1263/1044 1257/1256/1037
f 1259/1258/1039 1266/1265/1046 1267/1266/1047
f 1267/1266/1047 1260/1259/1040 1259/1258/1039
f 1266/1265/1046 1259/1258/1039 1261/1260/1041
f 1261/1260/1041 1268/1267/1048 1266/1265/1046
f 1268/1267/1048 1261/1260/1041 1256/1255/1036
f 1256/1255/1036 1263/1262/1043 1268/1267/1048
f 1269/1268/1049 1263/1262/1043 1262/1261/1042
f 1269/1268/1049 1262/1261/1042 1264/1263/1044
f 1269/1268/1049 1264/1263/1044 1265/1264/1045
f 1269/1268/1049 1267/1266/1047 1266/1265/1046
f 1269/1268/1049 1266/1265/1046 1268/1267/1048
f 1269/1268/1049 1268/1267/1048 1263/1262/1043
f 1219/1218/999 1270/1269/1050 1271/1270/1051
f 1271/1270/1051 1223/1222/1003 1219/1218/999
f 1219/1218/999 1225/1224/1005 1272/1271/1052
f 1272/1271/1052 1270/1269/1050 1219/1218/999
f 1223/1222/1003 1271/1270/1051 1273/1272/1053
f 1273/1272/1053 1230/1229/1010 1223/1222/1003
f 1225/1224/1005 1232/1231/1012 1274/1273/1054
f 1274/1273/1054 1272/1271/1052 1225/1224/1005
f 1230/1229/1010 1273/1272/1053 1275/1274/1055
f 1275/1274/1055 1237/1236/1017 1230/1229/1010
f 1232/1231/1012 1239/1238/1019 1276/1275/1056
f 1276/1275/1056 1274/1273/1054 1232/1231/1012
f 1237/1236/1017 1275/1274/1055 1277/1276/1057
f 1277/1276/1057 1244/1243/1024 1237/1236/1017
f 1278/1277/1058 1276/1275/1056 1239/1238/1019
f 1239/1238/1019 1246/1245/1026 1278/1277/1058
f 1277/1276/1057 1279/1278/1059 1251/1250/1031
f 1251/1250/1031 1244/1243/1024 1277/1276/1057
f 1253/1252/1033 1280/1279/1060 1278/1277/1058
f 1278/1277/1058 1246/1245/1026 1253/1252/1033
f 1258/1257/1038 1251/1250/1031 1279/1278/1059
f 1279/1278/1059 1281/1280/1061 1258/1257/1038
f 1260/1259/1040 1282/1281/1062 1280/1279/1060
f 1280/1279/1060 1253/1252/1033 1260/1259/1040
f 1265/1264/1045 1258/1257/1038 1281/1280/1061
f 1281/1280/1061 1283/1282/1063 1265/1264/1045
f 1267/1266/1047 1284/1283/1064 1282/1281/1062
f 1282/1281/1062 1260/1259/1040 1267/1266/1047
f 1269/1268/1049 1265/1264/1045 1283/1282/1063
f 1283/1282/1063 1285/1284/1065 1269/1268/1049
f 1269/1268/1049 1285/1284/1065 1284/1283/1064
f 1284/1283/1064 1267/1266/1047 1269/1268/1049
f 1050/1049/860 365/365/300 491/491/410
f 491/491/410 1048/1047/858 1050/1049/860
f 1085/1084/890 1084/1083/889 1048/1047/858
f 1112/1111/915 1188/1187/975 1111/1110/914
f 1286/1285/917 1287/1286/981 1288/1287/915
f 655/655/1066 658/1288/1067 657/657/1068
f 657/657/555 1289/1289/1069 655/655/1070
f 659/658/556 662/661/558 1290/1290/1069
f 1290/1290/1069 1291/1291/1071 659/658/556
f 1292/1292/983 1293/1293/1072 1294/1294/1073
f 1286/1285/917 1295/1295/921 1296/1296/982
f 1296/1296/982 1287/1286/981 1286/1285/917
f 1295/1295/921 1293/1293/1072 1292/1292/983
f 1292/1292/983 1296/1296/982 1295/1295/921
f 668/667/456 1292/1292/983 1294/1294/1073
f 1294/1294/1073 669/668/561 668/667/456
f 1297/1297/1074 673/672/565 672/671/564
f 672/671/564 1298/1298/1075 1297/1297/1074
f 1299/1299/1076 1300/1300/1077 676/675/568
f 676/675/568 675/674/567 1299/1299/1076
f 675/674/567 679/678/571 1301/1301/1078
f 1301/1301/1078 1299/1299/1076 675/674/567
f 1302/1302/1079 683/682/574 682/681/573
f 682/681/573 1303/1303/1080 1302/1302/1079
f 1302/1302/1079 1304/1304/1081 684/683/575
f 684/683/575 683/682/574 1302/1302/1079
f 1291/1291/1071 1301/1301/1078 679/678/571
f 679/678/571 659/658/556 1291/1291/1071
f 1303/1303/1080 682/681/573 687/686/577
f 687/686/577 1305/1305/1077 1303/1303/1080
f 676/675/568 1300/1300/1077 1298/1298/1075
f 1298/1298/1075 672/671/564 676/675/568
f 1306/1306/1074 1294/1294/1073 1307/1307/1082
f 1306/1306/1074 690/689/579 669/668/561
f 669/668/561 1294/1294/1073 1306/1306/1074
f 1297/1297/1074 1308/1308/1083 691/690/580
f 691/690/580 673/672/565 1297/1297/1074
f 1307/1307/1082 1294/1294/1073 1293/1293/1072
f 1308/1308/1083 1309/1309/1072 691/690/580
f 1310/1310/920 695/694/482 691/690/580
f 1309/1309/1072 1311/1311/1084 1310/1310/920
f 1290/1290/1069 662/661/558 697/696/583
f 1289/1289/1069 657/657/555 684/683/575
f 684/683/575 1304/1304/1081 1289/1289/1069
f 1312/1312/1075 699/698/584 690/689/579
f 690/689/579 1306/1306/1074 1312/1312/1075
f 1305/1305/1077 687/686/577 699/698/584
f 699/698/584 1312/1312/1075 1305/1305/1077
f 111/111/100 818/817/680 1313/1313/699
f 1313/1313/699 700/699/124 111/111/100
f 818/817/680 718/717/593 1313/1313/699
f 1310/1310/920 691/690/580 1309/1309/1072
f 572/572/477 1211/1210/993 1092/1091/897
f 1092/1091/897 515/515/431 572/572/477
f 1159/1158/951 1156/1155/949 1049/1048/859
f 1049/1048/859 1158/1157/950 1159/1158/951
f 1061/1060/870 1068/1067/876 1163/1162/954
f 1085/1084/890 491/491/410 549/549/460
f 1080/1079/885 1082/1081/887 1094/1093/899
f 1073/1072/879 1051/1050/861 1078/1077/883
f 1314/1314/1085 1315/1315/910 1316/1316/932
f 1314/1314/1085 1141/1140/935 1140/1139/903
f 1140/1139/903 1315/1315/910 1314/1314/1085
f 1315/1315/910 1140/1139/903 1317/1317/906
f 1313/1313/699 718/717/593 844/843/697
f 891/890/733 892/891/701 898/897/738
f 1318/1318/1086 1319/1319/1086 1320/1320/1086
f 1321/1321/1087 1322/1322/1087 1323/1323/1087
f 987/986/760 995/994/813 991/990/801
f 722/721/597 725/724/600 1324/1324/685
f 876/875/723 739/738/612 738/737/611
f 885/884/728 879/878/725 736/735/609
f 936/935/727 748/747/620 747/746/612
f 944/943/730 753/752/623 791/790/656
f 941/940/775 943/942/729 944/943/730
f 892/891/701 894/893/734 898/897/738
f 1134/1133/932 1104/1103/909 1144/1143/937
f 1325/1325/1088 1326/1326/1089 1327/1327/1090
f 1327/1327/1090 1328/1328/1091 1325/1325/1088
f 1329/1329/1092 1325/1325/1088 1328/1328/1091
f 1328/1328/1091 1330/1330/1093 1329/1329/1092
f 1331/1331/1094 1329/1329/1092 1330/1330/1093
f 1330/1330/1093 1332/1332/1095 1331/1331/1094
f 1326/1326/1089 1333/1333/1094 1334/1334/1095
f 1334/1334/1095 1327/1327/1090 1326/1326/1089
f 1335/1335/1096 1336/1336/1097 1326/1326/1089
f 1326/1326/1089 1325/1325/1088 1335/1335/1096
f 1337/1337/1098 1335/1335/1096 1325/1325/1088
f 1325/1325/1088 1329/1329/1092 1337/1337/1098
f 1338/1338/1099 1337/1337/1098 1329/1329/1092
f 1329/1329/1092 1331/1331/1094 1338/1338/1099
f 1336/1336/1097 1339/1339/1099 1333/1333/1094
f 1333/1333/1094 1326/1326/1089 1336/1336/1097
f 1340/1340/1100 1341/1341/1101 1336/1336/1097
f 1336/1336/1097 1335/1335/1096 1340/1340/1100
f 1342/1342/1102 1340/1340/1100 1335/1335/1096
f 1335/1335/1096 1337/1337/1098 1342/1342/1102
f 1338/1338/1099 1343/1343/1103 1342/1342/1102
f 1342/1342/1102 1337/1337/1098 1338/1338/1099
f 1341/1341/1101 1344/1344/1103 1339/1339/1099
f 1339/1339/1099 1336/1336/1097 1341/1341/1101
f 1345/1345/1104 1346/1346/1105 1341/1341/1101
f 1341/1341/1101 1340/1340/1100 1345/1345/1104
f 1347/1347/1106 1345/1345/1104 1340/1340/1100
f 1340/1340/1100 1342/1342/1102 1347/1347/1106
f 1348/1348/1107 1347/1347/1106 1342/1342/1102
f 1342/1342/1102 1343/1343/1103 1348/1348/1107
f 1346/1346/1105 1349/1349/1107 1344/1344/1103
f 1344/1344/1103 1341/1341/1101 1346/1346/1105
f 1345/1345/1104 1350/1350/1108 1351/1351/1109
f 1351/1351/1109 1346/1346/1105 1345/1345/1104
f 1352/1352/1110 1350/1350/1108 1345/1345/1104
f 1345/1345/1104 1347/1347/1106 1352/1352/1110
f 1353/1353/1111 1352/1352/1110 1347/1347/1106
f 1347/1347/1106 1348/1348/1107 1353/1353/1111
f 1346/1346/1105 1351/1351/1109 1354/1354/1111
f 1354/1354/1111 1349/1349/1107 1346/1346/1105
f 1355/1355/1112 1356/1356/1113 1351/1351/1109
f 1351/1351/1109 1350/1350/1108 1355/1355/1112
f 1357/1357/1114 1355/1355/1112 1350/1350/1108
f 1350/1350/1108 1352/1352/1110 1357/1357/1114
f 1353/1353/1111 1358/1358/1115 1357/1357/1114
f 1357/1357/1114 1352/1352/1110 1353/1353/1111
f 1356/1356/1113 1359/1359/1116 1354/1354/1111
f 1354/1354/1111 1351/1351/1109 1356/1356/1113
f 1360/1360/1117 1361/1361/1118 1356/1356/1113
f 1356/1356/1113 1355/1355/1112 1360/1360/1117
f 1362/1362/1119 1360/1360/1117 1355/1355/1112
f 1355/1355/1112 1357/1357/1114 1362/1362/1119
f 1358/1358/1115 1363/1363/1120 1362/1362/1119
f 1362/1362/1119 1357/1357/1114 1358/1358/1115
f 1361/1361/1118 1364/1364/1121 1359/1359/1116
f 1359/1359/1116 1356/1356/1113 1361/1361/1118
f 1365/1365/1122 1366/1366/1123 1361/1361/1118
f 1361/1361/1118 1360/1360/1117 1365/1365/1122
f 1367/1367/1124 1365/1365/1122 1360/1360/1117
f 1360/1360/1117 1362/1362/1119 1367/1367/1124
f 1368/1368/1125 1367/1367/1124 1362/1362/1119
f 1362/1362/1119 1363/1363/1120 1368/1368/1125
f 1366/1366/1123 1369/1369/1125 1364/1364/1121
f 1364/1364/1121 1361/1361/1118 1366/1366/1123
f 1370/1370/1126 1371/1371/1127 1366/1366/1123
f 1366/1366/1123 1365/1365/1122 1370/1370/1126
f 1367/1367/1124 1372/1372/1128 1370/1370/1126
f 1370/1370/1126 1365/1365/1122 1367/1367/1124
f 1373/1373/1129 1372/1372/1128 1367/1367/1124
f 1367/1367/1124 1368/1368/1125 1373/1373/1129
f 1371/1371/1127 1374/1374/1129 1369/1369/1125
f 1369/1369/1125 1366/1366/1123 1371/1371/1127
f 1375/1375/1130 1376/1376/1131 1371/1371/1127
f 1371/1371/1127 1370/1370/1126 1375/1375/1130
f 1377/1377/1132 1375/1375/1130 1370/1370/1126
f 1370/1370/1126 1372/1372/1128 1377/1377/1132
f 1378/1378/1133 1377/1377/1132 1372/1372/1128
f 1372/1372/1128 1373/1373/1129 1378/1378/1133
f 1376/1376/1131 1379/1379/1134 1374/1374/1129
f 1374/1374/1129 1371/1371/1127 1376/1376/1131
f 1380/1380/1135 1381/1381/1136 1376/1376/1131
f 1376/1376/1131 1375/1375/1130 1380/1380/1135
f 1382/1382/1137 1380/1380/1135 1375/1375/1130
f 1375/1375/1130 1377/1377/1132 1382/1382/1137
f 1383/1383/1138 1382/1382/1137 1377/1377/1132
f 1377/1377/1132 1378/1378/1133 1383/1383/1138
f 1381/1381/1136 1384/1384/1138 1379/1379/1134
f 1379/1379/1134 1376/1376/1131 1381/1381/1136
f 1328/1328/1091 1327/1327/1090 1385/1385/1139
f 1385/1385/1139 1386/1386/1135 1328/1328/1091
f 1330/1330/1093 1328/1328/1091 1386/1386/1135
f 1386/1386/1135 1387/1387/1140 1330/1330/1093
f 1332/1332/1095 1330/1330/1093 1387/1387/1140
f 1387/1387/1140 1388/1388/1138 1332/1332/1095
f 1327/1327/1090 1334/1334/1095 1389/1389/1141
f 1389/1389/1141 1385/1385/1139 1327/1327/1090
