<?xml version="1.0" encoding="utf-8"?>
<COLLADA xmlns="http://www.collada.org/2005/11/COLLADASchema" version="1.4.1" xmlns:xsi="http://www.w3.org/2001/XMLSchema-instance">
  <asset>
    <contributor>
      <author>Blender User</author>
      <authoring_tool>Blender 2.79.0 commit date:2017-09-11, commit time:10:43, hash:5bd8ac9</authoring_tool>
    </contributor>
    <created>2020-08-14T06:59:13</created>
    <modified>2020-08-14T06:59:13</modified>
    <unit name="meter" meter="1"/>
    <up_axis>Z_UP</up_axis>
  </asset>
  <library_images>
    <image id="aladdin_diff_png" name="aladdin_diff_png">
      <init_from>aladdin_diff.png</init_from>
    </image>
  </library_images>
  <library_effects>
    <effect id="aladdin_mat-effect">
      <profile_COMMON>
        <newparam sid="aladdin_diff_png-surface">
          <surface type="2D">
            <init_from>aladdin_diff_png</init_from>
          </surface>
        </newparam>
        <newparam sid="aladdin_diff_png-sampler">
          <sampler2D>
            <source>aladdin_diff_png-surface</source>
          </sampler2D>
        </newparam>
        <technique sid="common">
          <phong>
            <emission>
              <color sid="emission">0 0 0 1</color>
            </emission>
            <ambient>
              <color sid="ambient">0 0 0 1</color>
            </ambient>
            <diffuse>
              <texture texture="aladdin_diff_png-sampler"/>
            </diffuse>
            <specular>
              <color sid="specular">0.5 0.5 0.5 1</color>
            </specular>
            <shininess>
              <float sid="shininess">103</float>
            </shininess>
            <index_of_refraction>
              <float sid="index_of_refraction">1</float>
            </index_of_refraction>
          </phong>
        </technique>
      </profile_COMMON>
    </effect>
  </library_effects>
  <library_materials>
    <material id="aladdin_mat-material" name="aladdin_mat">
      <instance_effect url="#aladdin_mat-effect"/>
    </material>
  </library_materials>
  <library_geometries>
    <geometry id="aladdin_lod0_mesh0000-mesh" name="aladdin_lod0_mesh0000">
      <mesh>
        <source id="aladdin_lod0_mesh0000-mesh-positions">
          <float_array id="aladdin_lod0_mesh0000-mesh-positions-array" count="6630">11.41049 -73.72927 1282.818 16.27901 -63.64892 1291.653 12.67674 -71.41722 1296.299 17.63968 -70.35192 1270.711 10.71778 -78.75736 1268.101 17.60312 -61.01912 1280.887 7.411931 -75.61101 1318.301 0 -72.24687 1329.826 0 -76.31106 1318.188 8.446718 -99.63108 1249.571 9.572119 -83.17174 1256.093 8.201279 -89.30515 1268.086 11.97423 -74.06829 1251.12 12.91322 -86.37413 1245.803 14.56331 -73.22019 1246.424 14.73553 -74.70182 1239.644 15.61551 -72.94034 1260.748 28.79436 -66.82898 1255.967 7.214506 -85.96332 1241.386 6.26001 -96.13407 1241.528 3.860393 -82.23204 1237.429 10.04067 -89.20189 1241.588 9.972994 -79.37939 1238.58 14.72453 -77.31293 1233.126 52.63459 -48.95712 1289.01 52.8142 -46.65446 1283.198 53.19107 -47.46156 1290.093 51.49771 -50.51607 1287.549 17.30345 -64.17836 1291.547 19.082 -65.05192 1291.343 21.48896 -64.76322 1290.653 21.21913 -71.35636 1220.974 26.5164 -69.45977 1221.556 23.90338 -72.28369 1222.768 22.4818 -69.66944 1217.63 25.16183 -68.11254 1218.78 35.75476 -48.38747 1214.2 46.9364 -40.95668 1227.976 41.61977 -57.8618 1233.007 53.07278 10.97404 1242.773 56.16948 -14.92071 1241.76 45.80682 7.960703 1218.987 62.61141 22.44174 1243.713 60.42209 13.74714 1260.759 49.67787 17.81323 1241.387 73.72293 38.9319 1256.478 76.48871 40.71543 1276.818 103.3987 -60.56923 1007.831 67.86611 -74.95388 977.4655 106.8424 -44.38919 987.0892 121.3356 -33.46037 1029.39 117.1416 -22.20487 1005.658 119.0156 -4.92279 1012.706 121.2559 26.00922 1137.078 100.9732 23.86309 1142.763 110.2255 -4.03334 1123.497 140.0295 -28.6192 1063.88 172.9758 -10.57361 1068.539 144.113 -16.05155 1088.99 133.9703 -19.91606 1045.136 161.8581 -15.79455 1040.86 145.2037 40.2993 1015.685 188.9222 10.55536 982.0019 148.8674 11.45179 1022.178 184.6568 35.71163 969.6885 229.1677 58.22133 931.592 250.0912 62.23447 910.3513 228.3016 30.83341 931.1515 249.3818 40.77568 904.7423 266.8469 68.604 968.4291 270.2674 91.34347 935.0754 254.1444 84.45429 956.2637 274.8866 42.40959 967.3571 294.4734 59.62513 946.2022 397.039 5.165405 802.6638 419.4446 -9.32542 790.0693 408.0794 17.77263 812.6952 429.3788 11.14154 796.6616 407.0416 54.26536 803.1421 424.1252 52.96259 784.6721 397.7381 57.06882 795.9802 416.9035 55.31859 775.8364 386.8876 19.46841 794.9122 406.9987 -9.128328 781.1608 397.039 5.165405 802.6638 406.9987 -9.128328 781.1608 386.3208 29.31382 792.1357 399.4085 19.27671 776.3867 416.9035 55.31859 775.8364 426.3958 48.56311 756.2821 405.2512 41.24013 770.976 420.6723 26.43349 758.3145 426.3958 48.56311 756.2821 434.7426 54.18116 767.4494 431.5487 35.7448 794.2937 438.7924 49.26093 775.1016 454.0607 30.09675 776.1643 449.8958 1.123014 781.6564 447.4746 -18.51898 776.2597 413.9512 -10.16731 757.8735 426.6184 -38.26358 762.6743 414.638 8.991519 757.1559 462.3493 -12.2383 769.6813 469.4717 5.237588 765.0525 427.8248 -36.00312 752.2902 427.8248 -36.00312 752.2902 445.6265 -53.10547 742.2324 426.6184 -38.26358 762.6743 435.6682 -30.94513 746.3446 445.435 -46.35128 737.1035 428.7421 -11.73313 749.4419 429.0698 7.539495 752.6339 445.795 -16.73135 750.3106 456.4392 -8.443831 743.98 453.1385 -24.59425 752.8361 455.736 -27.30972 761.5798 474.1298 -27.13226 750.7883 468.1779 -56.03602 731.022 462.199 -62.55091 729.5493 466.4869 -58.81348 726.3212 465.7897 -50.86684 728.907 452.0365 -32.80292 759.7404 457.6681 -42.51174 742.4276 450.221 -31.37495 752.2382 461.6275 -52.21695 725.2994 463.6157 -59.26379 724.9031 456.8998 -55.71311 725.1759 457.8308 -59.99561 726.1492 480.6293 -18.45884 752.1308 483.3558 -10.91867 746.8394 470.3079 -15.15184 737.5392 473.0699 -5.739458 737.0803 477.8737 -8.681552 738.3948 446.6043 24.8442 746.2978 477.8737 -8.681552 738.3948 487.2061 -5.723309 741.952 503.3363 -11.29007 713.735 467.2971 26.46266 763.1149 457.1397 45.10137 760.8051 516.9653 -32.10671 689.0042 519.8614 -38.88145 689.504 512.9564 -34.98834 686.8626 512.0391 -38.39883 687.1552 513.2462 -43.83562 690.6041 512.9564 -34.98834 686.8626 514.4768 -29.41515 697.1279 509.8186 -27.34811 695.4819 507.8663 -6.755349 716.9411 519.2258 -11.19512 680.2287 529.242 -10.10177 679.6909 523.3753 -15.00975 686.1008 526.9402 -11.72197 686.1268 501.7475 35.04859 697.7685 495.2496 41.37999 709.2583 500.9328 34.64154 702.8073 21.42266 -64.31421 1301.238 22.78507 -72.75419 1308.621 0.008857369 -77.05006 1306.154 11.21116 -75.85703 1306.499 20.08819 -72.41654 1320.917 0.03486394 -82.75117 1286.778 0.01323223 -94.12856 1268.866 7.619124 -79.10871 1286.385 21.51581 -61.25154 1274.681 31.79385 -69.43713 1309.66 31.99492 -63.41997 1305.611 30.61226 -67.48885 1323.479 22.83854 -65.15511 1299.477 32.64524 -64.4544 1302.472 24.3556 -65.99053 1296.946 33.34378 -65.49036 1299.277 41.42401 -62.35591 1298.577 41.83864 -60.88574 1301.527 49.60586 -53.61429 1298.126 50.27128 -52.10512 1299.723 42.12994 -59.72986 1304.335 0.02412635 -105.086 1250.694 0.02657616 -101.6318 1240.738 29.50051 -67.99435 1245.435 0.0579403 -83.34248 1237.234 0.07165676 -84.15213 1232.016 5.529586 -83.39774 1233.124 28.97369 -69.02452 1237.132 16.44227 -68.53176 1331.603 30.3222 -59.61511 1333.95 29.12054 -64.85601 1264.188 30.68105 -61.48672 1271.985 45.32286 -57.37805 1263.981 43.3908 -57.06645 1273.547 46.47622 -57.32222 1255.718 50.58878 -49.67786 1279.446 54.50845 -42.68997 1272.558 57.55943 -39.14515 1260.449 58.82496 -37.3169 1284.352 59.91452 -22.57934 1285.739 53.70859 -45.42419 1291.098 25.86178 -66.70548 1294.406 33.80267 -66.34297 1296.619 41.11204 -63.36393 1295.788 47.9135 -58.51751 1293.825 48.67815 -55.86272 1296.082 44.98158 -56.80529 1243.829 53.97528 -39.18264 1242.873 59.05746 -16.04819 1261.854 26.80703 -71.09206 1228.712 14.17552 -80.66894 1224.462 6.708402 -84.97305 1225.861 0.07620042 -85.45001 1225.746 0.07582348 -80.60745 1221.191 5.555003 -80.23773 1221.561 12.62888 -77.9343 1221.301 33.47961 -64.50049 1225.45 5.5559 -80.09807 1221.94 0.07582974 -80.46779 1221.937 0.07410567 -81.92722 1212.917 10.18735 -79.58124 1213.516 12.63099 -77.79475 1221.68 16.33457 -74.62534 1214.971 12.93761 -71.62943 1206.519 23.60794 -65.78148 1212.097 32.19415 -61.53001 1218.951 0.06209909 -75.12855 1205.917 0.02401632 -75.43514 1196.788 12.45682 -72.89205 1197.363 23.29069 -61.77785 1202.605 20.3615 -56.45282 1191.246 34.32756 -35.49099 1202.522 11.49728 -70.46974 1185.12 0.005210101 -74.41658 1184.932 45.21706 -21.29396 1219.978 57.14023 -0.3879812 1252.016 40.08175 -5.335413 1207.394 0.005009353 -65.57187 1177.426 9.484244 -61.78456 1178.452 18.17854 -47.227 1183.384 29.33376 -24.04302 1194.201 26.98862 -9.187574 1191.708 36.08928 4.055214 1203.793 41.76626 18.04731 1216.754 13.66846 -28.503 1184.427 5.9925e-4 -39.89538 1179.267 45.59565 30.77052 1225.875 51.33409 25.4137 1245.035 49.67787 17.81323 1241.387 41.76626 18.04731 1216.754 36.08928 4.055214 1203.793 38.96489 8.962189 1192.144 45.55603 23.60845 1199.307 46.91065 41.14261 1202.526 26.98862 -9.187574 1191.708 27.4497 -4.959027 1186.843 13.66846 -28.503 1184.427 11.11105 -18.11728 1182.643 7e-6 -20.41881 1181.24 5.9925e-4 -39.89538 1179.267 11.8531 -15.43003 1161.311 0 -18.77718 1157.774 18.7866 -22.49929 1131.457 0 -25.15958 1130.002 22.58472 -39.00633 1118.712 0 -39.29113 1115.618 30.51759 -2.595426 1164.238 43.58859 12.25109 1170.781 34.29526 -2.158923 1140.823 51.50149 9.847579 1148.613 51.54114 -32.38539 1118.497 49.6616 27.59846 1179.541 55.17776 25.13842 1160.644 77.74707 -12.99737 1127.057 47.65547 44.51166 1182.344 59.91193 49.09138 1155.851 37.07181 57.65218 1181.457 35.55439 54.44158 1204.159 44.62984 64.87721 1156.621 16.57335 -60.6593 1346.251 -0.003312945 -64.37435 1345.707 27.84987 -51.42417 1345.909 11.00341 -50.70509 1355.536 20.97316 66.38285 1178.902 24.68786 78.41635 1153.066 20.65183 61.79687 1205.337 0 70.27845 1177.337 0 82.56538 1150.375 0 64.97956 1204.414 0 -60.90097 1087.303 17.31195 -59.72221 1088.848 51.71759 -54.50452 1090.29 119.3935 55.79924 1136.596 93.57632 54.40133 1143.883 115.4833 81.74663 1116.86 90.05236 79.13098 1125.416 0 -80.71945 1044.496 18.15996 -81.95596 1042.24 61.24839 -77.6268 1040.946 82.36572 -44.47859 1092.376 83.0714 -69.40922 1045.454 25.6408 -85.82653 983.4235 0 -86.15417 984.5994 0 -84.06464 925.0156 28.5327 -81.17684 921.6017 66.29851 -60.62269 929.3812 105.8292 -15.30078 951.8481 118.4831 -27.39331 1094.364 123.6514 -38.47391 1054.912 150.01 5.121102 1108.113 113.8585 -2.06914 981.5518 114.9665 23.38861 970.538 121.5697 35.2263 1009.307 153.9764 30.20331 1121.544 154.3249 59.57663 1118.639 148.1241 84.07063 1099.129 113.3382 100.5011 1081.135 93.29996 101.2269 1082.125 141.243 100.2581 1070.809 115.0017 96.3694 1040.976 103.4764 94.05044 1023.884 130.036 97.60134 1042.564 120.37 71.20232 1012.427 109.4479 62.15938 981.8525 131.8031 67.79262 1021.682 109.4479 62.15938 981.8525 120.37 71.20232 1012.427 44.03765 89.98451 957.6503 47.90301 49.88864 875.8058 0 59.595 872.6843 0 92.8423 958.0974 80.66873 79.17717 957.8559 102.7349 56.51882 948.8402 73.05293 33.84405 877.6105 107.806 21.60123 945.1233 85.21024 -7.339276 878.2768 0 -86.81471 870.2834 34.86831 -81.08818 871.312 64.40877 -53.62508 874.2417 35.9114 -85.56478 866.2335 34.86831 -81.08818 871.312 0 -86.81471 870.2834 0 -92.27918 865.2224 64.40877 -53.62508 874.2417 70.71284 -54.30498 870.3212 85.21024 -7.339276 878.2768 87.90598 -4.863773 872.7503 188.6741 34.53585 1092.845 186.1998 62.22587 1089.889 178.6111 84.98787 1074.194 182.2853 8.590325 1082.706 129.3484 9.17329 1030.765 152.9306 95.4559 1027.178 147.5532 70.60389 1017.052 167.1248 100.8744 1053.053 227.8645 31.01844 1030.558 219.5116 69.01021 1027.051 221.4091 5.559813 1017.192 205.0691 -3.232179 1001.611 185.8682 64.73992 973.6506 147.5532 70.60389 1017.052 192.8835 87.98693 988.6627 185.8682 64.73992 973.6506 206.4704 89.4659 1010.819 269.828 23.76266 957.655 258.7605 13.82222 941.8706 242.7113 17.27196 932.0664 274.7722 12.24887 927.2944 289.6159 25.86701 939.7574 256.2513 21.85406 912.3722 241.8795 82.79624 942.7679 229.1677 58.22133 931.592 258.5168 86.8824 923.32 250.0912 62.23447 910.3513 312.4535 58.8771 929.0686 294.8125 87.95945 913.6757 280.421 86.52847 897.0867 407.0416 54.26536 803.1421 397.7381 57.06882 795.9802 411.5428 37.9824 810.9973 270.1797 63.39015 885.9103 388.8437 44.48771 791.0067 270.1797 63.39015 885.9103 267.008 37.27548 885.835 386.3208 29.31382 792.1357 388.8437 44.48771 791.0067 307.7791 23.55351 925.9943 289.2207 6.032527 910.6863 271.5711 16.97979 893.5496 386.8876 19.46841 794.9122 397.039 5.165405 802.6638 408.0794 17.77263 812.6952 411.5428 37.9824 810.9973 388.8437 44.48771 791.0067 397.7381 57.06882 795.9802 426.6184 -38.26358 762.6743 434.8115 -36.87232 769.6062 448.8055 -34.59112 765.4287 450.963 -53.98831 746.7069 457.7578 -48.75426 747.7106 448.8055 -34.59112 765.4287 434.8115 -36.87232 769.6062 435.6682 -30.94513 746.3446 444.2418 -29.62131 747.5957 444.2418 -29.62131 747.5957 451.8667 -41.92823 736.0085 450.221 -31.37495 752.2382 451.8667 -41.92823 736.0085 444.2418 -29.62131 747.5957 452.0365 -32.80292 759.7404 450.221 -31.37495 752.2382 453.1385 -24.59425 752.8361 467.2278 -25.19946 743.4174 467.2278 -25.19946 743.4174 461.6275 -52.21695 725.2994 491.401 -34.86463 726.0555 498.0536 -28.2145 727.1643 480.6293 -18.45884 752.1308 474.1298 -27.13226 750.7883 497.8883 -20.5793 723.6705 483.3558 -10.91867 746.8394 467.2278 -25.19946 743.4174 486.4915 -32.53986 720.5193 470.3079 -15.15184 737.5392 488.8102 -22.56821 717.2701 477.8737 -8.681552 738.3948 492.9842 -19.56536 718.8278 488.8102 -22.56821 717.2701 470.3079 -15.15184 737.5392 470.6985 21.83985 735.5279 499.3112 -7.587544 708.0133 503.3363 -11.29007 713.735 492.2854 17.28556 709.0861 514.8041 -35.99585 699.4046 506.9671 -41.949 699.5778 506.3086 -29.04948 694.3514 503.0661 -36.65525 696.806 506.3086 -29.04948 694.3514 468.3273 44.38563 733.9753 484.0821 40.13149 713.9078 446.4283 45.23018 745.8565 468.3273 44.38563 733.9753 472.558 47.16056 738.3458 486.8532 42.59307 723.3597 484.0821 40.13149 713.9078 453.9833 50.56358 754.4916 446.4283 45.23018 745.8565 513.7026 11.5814 682.7279 519.2258 -11.19512 680.2287 523.3753 -15.00975 686.1008 494.4816 37.80963 698.7218 494.4816 37.80963 698.7218 520.8906 12.13253 683.9158 513.7026 11.5814 682.7279 519.9789 14.31653 688.5844 503.0342 17.84374 716.0578 488.7547 38.64487 726.5029 476.2517 43.23759 741.5386 0 -95.22684 818.0911 39.80994 -84.82817 819.645 72.86817 -56.73294 825.4468 87.38945 -0.638068 833.2055 0 76.44172 834.5979 52.01575 63.16029 837.2258 54.17918 76.02249 783.5437 0 89.14225 780.5959 80.74047 38.72928 837.7212 86.78351 47.99216 787.5107 43.8053 -75.05144 767.9429 0 -89.43844 752.8288 74.21459 -50.38448 779.1835 44.40284 -72.19515 762.9713 0 -85.72473 747.3227 72.65036 -49.11092 773.2393 94.95385 1.481949 789.1123 85.1723 45.2055 780.463 93.67896 0.2951609 782.414 54.26444 73.15431 776.2245 0 84.10377 774.9987 127.5898 39.06558 1023.053 131.8031 67.79262 1021.682 75.44978 34.78426 873.1384 73.05293 33.84405 877.6105 47.90301 49.88864 875.8058 49.70468 55.1554 871.1488 0 64.29315 868.5415 0 59.595 872.6843 7.608757 -74.3617 1297.287 0.02336621 -75.8428 1297.987 484.0909 21.21646 741.3164 52.8142 -46.65446 1283.198 51.49771 -50.51607 1287.549 25.47045 -31.04297 1288.858 21.48896 -64.76322 1290.653 17.60312 -61.01912 1280.887 21.51581 -61.25154 1274.681 30.68105 -61.48672 1271.985 43.3908 -57.06645 1273.547 50.58878 -49.67786 1279.446 25.86178 -66.70548 1294.406 33.80267 -66.34297 1296.619 41.11204 -63.36393 1295.788 47.9135 -58.51751 1293.825 69.32036 40.74811 1255.675 51.33409 25.4137 1245.035 71.08866 19.7181 1150.297 42.44467 96.28978 1135.875 25.91574 82.83424 1157.149 46.4663 67.63032 1160.757 77.15474 55.80775 1159.235 75.52194 88.5704 1135.432 111.516 -66.03158 1052.097 112.0567 -66.19993 1016.402 129.708 -42.8715 1054.972 128.8406 -35.76921 1026.648 118.0985 -18.24107 950.2799 111.3299 -59.38731 983.4147 107.9955 -58.66123 947.8692 107.9019 101.7832 1021.313 91.13059 85.7947 960.411 81.39083 105.6547 1010.674 45.61563 99.91273 960.0365 42.09844 111.1836 1009.874 118.4325 66.30853 979.2449 116.2733 57.41503 949.3861 86.20094 -90.0348 888.032 87.39307 -92.0024 816.5941 107.2751 -57.53332 889.2492 93.37293 -82.59544 810.9317 105.7472 -52.79162 813.6462 0 100.8103 1133.341 0 88.91703 1154.995 60.46063 50.74283 1163.325 72.73651 16.86541 1157.588 88.71644 19.55225 1155.186 96.87137 56.5848 1151.947 93.82589 85.09568 1130.749 103.2308 22.83687 1148.85 75.93019 111.7731 1080.163 41.99072 113.8349 1078.424 94.74591 108.1378 1082.403 0 115.5559 1077.432 96.7344 -14.07605 1134.411 111.2842 -8.040347 1130.31 78.70676 -17.18321 1134.968 83.47129 -51.15205 1095.36 105.0973 -45.62511 1096.859 122.6243 -33.70701 1095.837 85.45755 -76.69865 1048.433 85.31381 -83.52239 1014.508 126.405 -24.28807 1003.523 123.7392 -3.172299 979.1663 122.2218 22.38784 944.3597 124.9808 23.9722 968.9149 113.577 -15.49947 890.8432 113.7881 19.63453 891.0084 105.4038 50.27087 892.6708 85.8437 74.3272 892.6069 46.61925 92.71497 890.0877 83.7928 -85.80343 979.838 85.13636 -87.49536 943.0807 0 114.1948 1009.375 0 104.692 958.5404 0 98.95898 889.8822 49.06158 87.38656 807.942 0 96.15894 806.8038 111.4917 -12.47252 816.794 111.5002 19.18144 817.2617 102.322 46.77519 813.3286 85.01221 69.72815 809.4901 100.2092 -65.56762 982.0883 103.3987 -60.56923 1007.831 106.8424 -44.38919 987.0892 101.5475 -55.63194 948.2279 105.8292 -15.30078 951.8481 100.5693 -55.08147 889.3244 81.46334 -87.86901 816.756 80.75021 -85.29623 887.7661 87.12882 -78.96952 811.3018 98.80825 -50.90647 814.0383 83.0714 -69.40922 1045.454 81.6692 -77.29825 1014.008 106.3739 -15.11079 891.2445 107.806 21.60123 945.1233 106.6751 18.63208 891.7369 102.7349 56.51882 948.8402 99.02821 47.03128 893.6387 80.66873 79.17717 957.8559 81.2209 68.85596 893.4294 44.03765 89.98451 957.6503 44.64351 85.83501 890.5656 79.4542 -80.02072 979.7383 80.14733 -82.26744 942.8541 0 91.73937 890.2371 0 92.8423 958.0974 0 88.94654 807.3078 46.80004 80.57709 808.4475 104.269 -12.20448 816.9772 104.3652 18.01578 817.333 95.95293 43.35691 813.4826 80.15555 64.38033 809.7841 24.68786 78.41635 1153.066 44.62984 64.87721 1156.621 121.3356 -33.46037 1029.39 123.6514 -38.47391 1054.912 103.4764 94.05044 1023.884 109.4479 62.15938 981.8525 81.46334 -87.86901 816.756 80.75021 -85.29623 887.7661 87.12882 -78.96952 811.3018 98.80825 -50.90647 814.0383 0 82.56538 1150.375 59.91193 49.09138 1155.851 71.08866 19.7181 1150.297 93.57632 54.40133 1143.883 90.05236 79.13098 1125.416 100.9732 23.86309 1142.763 93.29996 101.2269 1082.125 110.2255 -4.03334 1123.497 77.74707 -12.99737 1127.057 82.36572 -44.47859 1092.376 118.4831 -27.39331 1094.364 83.0714 -69.40922 1045.454 81.6692 -77.29825 1014.008 117.1416 -22.20487 1005.658 113.8585 -2.06914 981.5518 114.9665 23.38861 970.538 79.4542 -80.02072 979.7383 80.14733 -82.26744 942.8541 46.80004 80.57709 808.4475 0 88.94654 807.3078 104.269 -12.20448 816.9772 104.3652 18.01578 817.333 95.95293 43.35691 813.4826 80.15555 64.38033 809.7841 6.071307 -63.93448 1228.324 5.555003 -80.23773 1221.561 0.07582348 -80.60745 1221.191 0.07635897 -63.00714 1228.66 13.94573 -65.03245 1227.205 12.62888 -77.9343 1221.301 23.66174 -65.18456 1222.488 21.21913 -71.35636 1220.974 0.07582974 -80.46779 1221.937 5.5559 -80.09807 1221.94 6.086343 -63.34944 1216.505 0.06843698 -62.30775 1216.107 12.63099 -77.79475 1221.68 13.93722 -64.80873 1216.945 5.413079 -47.82913 1226.866 0.07637399 -47.87958 1227.112 12.46867 -47.81924 1226.172 21.40825 -54.45122 1223.78 5.355249 -47.4722 1218.486 0.07637399 -47.4669 1218.193 12.44043 -47.62659 1218.986 -11.3407 -73.72923 1282.818 -12.62473 -71.41723 1296.299 -16.25197 -63.64888 1291.653 -17.61521 -70.35261 1270.711 -10.67792 -78.75731 1268.101 -17.58744 -61.01912 1280.887 -7.410205 -75.61117 1318.301 -8.395606 -99.6257 1249.568 -8.165434 -89.30448 1268.085 -9.529288 -83.17184 1256.092 -11.92699 -74.0689 1251.119 -12.85609 -86.37416 1245.802 -14.50373 -73.21968 1246.424 -14.64746 -74.7013 1239.648 -15.58055 -72.94055 1260.748 -28.75885 -66.82893 1255.969 -7.135735 -85.96054 1241.397 -3.747143 -82.23056 1237.441 -6.19445 -96.12847 1241.526 -9.968651 -89.20026 1241.588 -9.875929 -79.37745 1238.599 -14.60405 -77.31567 1233.13 -30.63427 -67.48885 1323.479 -30.55025 -59.61511 1333.95 -42.43615 -55.33713 1326.094 -47.37291 -49.16603 1323.22 -41.70395 -50.13268 1332.235 -50.27128 -52.10512 1299.723 -51.37473 -53.00893 1306.817 -57.55081 -40.13843 1296.881 -52.6346 -48.95712 1289.01 -53.19108 -47.46155 1290.093 -52.8142 -46.65446 1283.198 -51.49772 -50.51607 1287.549 -17.27667 -64.17837 1291.547 -19.05666 -65.05193 1291.343 -21.47006 -64.76322 1290.653 -53.70859 -45.42419 1291.098 -21.06698 -71.35921 1220.979 -23.74766 -72.28395 1222.769 -26.36141 -69.45838 1221.55 -22.32311 -69.66687 1217.634 -25.00518 -68.10794 1218.778 -36.29138 -48.38482 1214.196 -41.51631 -57.85685 1233.006 -46.94691 -40.95168 1227.98 -53.60851 10.97398 1242.773 -46.06575 7.956881 1218.993 -56.06565 -14.9211 1241.76 -62.7895 22.44173 1243.713 -60.05458 13.74714 1260.759 -50.30123 17.81222 1241.386 -60.40658 5.059014 1264.468 -65.03558 8.383504 1281.052 -73.31661 16.03566 1292.306 -78.75591 34.00161 1293.722 -72.33421 38.9319 1256.478 -77.82865 42.31513 1277.841 -103.3987 -60.56923 1007.831 -106.8424 -44.38919 987.0892 -67.86611 -74.95388 977.4655 -121.3356 -33.46037 1029.39 -119.0156 -4.92279 1012.706 -117.1416 -22.20487 1005.658 -121.2559 26.00922 1137.078 -110.2255 -4.03334 1123.497 -100.9732 23.86309 1142.763 -140.0295 -28.6192 1063.88 -144.113 -16.05155 1088.99 -172.9758 -10.57361 1068.539 -133.9703 -19.91606 1045.136 -161.8581 -15.79455 1040.86 -145.2037 40.2993 1015.685 -148.8674 11.45179 1022.178 -188.9222 10.55536 982.0019 -184.6568 35.71163 969.6885 -229.1677 58.22133 931.592 -228.3016 30.83341 931.1515 -250.0912 62.23447 910.3513 -249.3818 40.77568 904.7423 -266.8469 68.604 968.4291 -254.1444 84.45429 956.2637 -270.2674 91.34347 935.0754 -274.8866 42.40959 967.3571 -294.4734 59.62513 946.2022 -397.039 5.165405 802.6638 -408.0794 17.77263 812.6952 -419.4446 -9.32542 790.0693 -429.3788 11.14154 796.6616 -407.0416 54.26536 803.1421 -397.7381 57.06882 795.9802 -424.1252 52.96259 784.6721 -416.9035 55.31859 775.8364 -386.8876 19.46841 794.9122 -397.039 5.165405 802.6638 -406.9987 -9.128328 781.1608 -406.9987 -9.128328 781.1608 -386.3208 29.31382 792.1357 -399.4085 19.27671 776.3867 -416.9035 55.31859 775.8364 -405.2512 41.24013 770.976 -426.3958 48.56311 756.2821 -420.6723 26.43349 758.3145 -426.3958 48.56311 756.2821 -434.7426 54.18116 767.4494 -438.7924 49.26093 775.1016 -431.5487 35.7448 794.2937 -454.0607 30.09675 776.1643 -449.8958 1.123014 781.6564 -447.4746 -18.51898 776.2597 -413.9512 -10.16731 757.8735 -426.6184 -38.26358 762.6743 -414.638 8.991519 757.1559 -462.3493 -12.2383 769.6813 -469.4717 5.237588 765.0525 -427.8248 -36.00312 752.2902 -427.8248 -36.00312 752.2902 -426.6184 -38.26358 762.6743 -445.6265 -53.10547 742.2324 -435.6682 -30.94513 746.3446 -445.435 -46.35128 737.1035 -428.7421 -11.73313 749.4419 -445.795 -16.73135 750.3106 -429.0698 7.539495 752.6339 -453.1385 -24.59425 752.8361 -456.4392 -8.443831 743.98 -455.736 -27.30972 761.5798 -474.1298 -27.13226 750.7883 -468.1779 -56.03602 731.022 -466.4869 -58.81348 726.3212 -462.199 -62.55091 729.5493 -465.7897 -50.86684 728.907 -452.0365 -32.80292 759.7404 -450.221 -31.37495 752.2382 -457.6681 -42.51174 742.4276 -461.6275 -52.21695 725.2994 -456.8998 -55.71311 725.1759 -463.6157 -59.26379 724.9031 -457.8308 -59.99561 726.1492 -480.6293 -18.45884 752.1308 -483.3558 -10.91867 746.8394 -470.3079 -15.15184 737.5392 -473.0699 -5.739458 737.0803 -477.8737 -8.681552 738.3948 -446.6043 24.8442 746.2978 -487.2061 -5.714116 741.952 -477.8737 -8.681552 738.3948 -503.3363 -11.24321 713.735 -467.2971 26.46266 763.1149 -457.1397 45.10137 760.8051 -516.9653 -32.10671 689.0042 -512.9564 -34.98834 686.8626 -519.8614 -38.88145 689.504 -512.0391 -38.39883 687.1552 -513.2462 -43.83562 690.6041 -512.9564 -34.98834 686.8626 -514.4768 -29.41515 697.1279 -509.8186 -27.34811 695.4819 -507.8663 -6.698298 716.9411 -519.2258 -10.81414 680.2287 -523.3753 -14.97 686.1008 -529.242 -9.718898 679.6909 -526.9402 -11.46476 686.1268 -501.7475 35.79169 697.7685 -500.9328 35.44972 702.8073 -495.2496 41.32311 709.2583 -21.41767 -64.31422 1301.238 -11.1925 -75.85755 1306.499 -20.08843 -72.41645 1320.917 -22.78025 -72.75463 1308.621 -7.535835 -79.10871 1286.385 -21.51198 -61.25155 1274.681 -31.79384 -69.43714 1309.66 -31.99493 -63.41997 1305.611 -32.64525 -64.45441 1302.472 -33.34379 -65.49037 1299.277 -24.34835 -65.99053 1296.946 -22.83219 -65.15511 1299.477 -42.93399 -64.39978 1311.057 -42.12994 -59.72986 1304.335 -41.83865 -60.88574 1301.527 -41.42401 -62.35592 1298.577 -52.76189 -45.95936 1315.899 -49.60586 -53.61431 1298.126 -48.67816 -55.86272 1296.082 -29.43936 -67.99414 1245.431 -5.392046 -83.39737 1233.14 -28.86412 -69.0195 1237.125 -16.44227 -68.53176 1331.603 -59.62927 -35.27745 1301.23 -61.60761 -26.09406 1285.732 -58.92382 -37.3169 1284.352 -62.38763 -18.85348 1293.634 -29.10629 -64.8556 1264.189 -30.68025 -61.48667 1271.985 -45.31805 -57.37812 1263.981 -43.39081 -57.06645 1273.547 -46.44664 -57.3222 1255.719 -50.58879 -49.67786 1279.446 -54.50946 -42.68997 1272.558 -57.55018 -39.14529 1260.449 -25.85312 -66.70549 1294.406 -33.80268 -66.34299 1296.619 -41.11205 -63.36394 1295.788 -47.91351 -58.51751 1293.825 -53.92716 -39.18434 1242.873 -44.91658 -56.80761 1243.83 -61.70348 -12.01658 1281.559 -59.26697 -15.92115 1261.854 -14.0297 -80.67425 1224.467 -26.65945 -71.08855 1228.708 -6.55701 -84.97378 1225.874 -5.406156 -80.24023 1221.563 -12.48514 -77.94026 1221.312 -33.3815 -64.49591 1225.43 -5.407021 -80.10054 1221.942 -10.04414 -79.58522 1213.518 -12.48725 -77.80076 1221.692 -16.18362 -74.62604 1214.974 -23.47417 -65.77412 1212.101 -12.8241 -71.63544 1206.516 -32.27141 -61.52772 1218.938 -12.41885 -72.88943 1197.364 -23.253 -61.77621 1202.609 -34.96595 -35.49046 1202.522 -20.35058 -56.45019 1191.245 -11.48463 -70.46975 1185.122 -45.17884 -21.29398 1219.976 -59.52161 -5.723354 1266.186 -40.15808 -5.335833 1207.392 -9.474583 -61.78453 1178.453 -18.17475 -47.22658 1183.385 -29.93651 -24.04311 1194.201 -27.13091 -9.187017 1191.71 -36.16428 4.055254 1203.793 -41.91669 18.04722 1216.755 -13.72997 -28.50327 1184.427 -50.30123 17.81222 1241.386 -51.14339 25.3931 1244.732 -49.36489 28.93674 1238.037 -36.16428 4.055254 1203.793 -41.91669 18.04722 1216.755 -45.53821 23.60846 1199.307 -38.95886 8.961762 1192.145 -45.79079 35.68037 1226.469 -46.82788 40.94981 1202.496 -27.48027 -4.95894 1186.843 -27.13091 -9.187017 1191.71 -11.11468 -18.11721 1182.643 -13.72997 -28.50327 1184.427 -11.8531 -15.43003 1161.311 -18.7866 -22.49929 1131.457 -22.58472 -39.00633 1118.712 -30.51759 -2.595426 1164.238 -43.58859 12.25109 1170.781 -34.29526 -2.158923 1140.823 -51.50149 9.847579 1148.613 -51.54114 -32.38539 1118.497 -49.6616 27.59846 1179.541 -55.17776 25.13842 1160.644 -77.74707 -12.99737 1127.057 -47.65547 44.51166 1182.344 -59.91193 49.09138 1155.851 -35.55439 54.44158 1204.159 -37.07181 57.65218 1181.457 -44.62984 64.87721 1156.621 -16.63911 -60.58871 1346.283 -20.97316 66.38285 1178.902 -24.68786 78.41635 1153.066 -20.65183 61.79687 1205.337 -17.31195 -59.72221 1088.848 -51.71759 -54.50452 1090.29 -93.57632 54.40133 1143.883 -119.3935 55.79924 1136.596 -90.05236 79.13098 1125.416 -115.4833 81.74663 1116.86 -18.15996 -81.95596 1042.24 -61.24839 -77.6268 1040.946 -82.36572 -44.47859 1092.376 -83.0714 -69.40922 1045.454 -25.6408 -85.82653 983.4235 -28.5327 -81.17684 921.6017 -66.29851 -60.62269 929.3812 -105.8292 -15.30078 951.8481 -123.6514 -38.47391 1054.912 -118.4831 -27.39331 1094.364 -150.01 5.121102 1108.113 -121.5697 35.2263 1009.307 -114.9665 23.38861 970.538 -113.8585 -2.06914 981.5518 -153.9764 30.20331 1121.544 -154.3249 59.57663 1118.639 -148.1241 84.07063 1099.129 -93.29996 101.2269 1082.125 -113.3382 100.5011 1081.135 -141.243 100.2581 1070.809 -103.4764 94.05044 1023.884 -115.0017 96.3694 1040.976 -130.036 97.60134 1042.564 -109.4479 62.15938 981.8525 -120.37 71.20232 1012.427 -131.8031 67.79262 1021.682 -109.4479 62.15938 981.8525 -120.37 71.20232 1012.427 -47.90301 49.88864 875.8058 -44.03765 89.98451 957.6503 -80.66873 79.17717 957.8559 -102.7349 56.51882 948.8402 -73.05293 33.84405 877.6105 -107.806 21.60123 945.1233 -85.21024 -7.339276 878.2768 -34.86831 -81.08818 871.312 -64.40877 -53.62508 874.2417 -35.9114 -85.56478 866.2335 -34.86831 -81.08818 871.312 -64.40877 -53.62508 874.2417 -70.71284 -54.30498 870.3212 -85.21024 -7.339276 878.2768 -87.90598 -4.863773 872.7503 -188.6741 34.53585 1092.845 -186.1998 62.22587 1089.889 -178.6111 84.98787 1074.194 -182.2853 8.590325 1082.706 -129.3484 9.17329 1030.765 -152.9306 95.4559 1027.178 -147.5532 70.60389 1017.052 -167.1248 100.8744 1053.053 -227.8645 31.01844 1030.558 -219.5116 69.01021 1027.051 -221.4091 5.559813 1017.192 -205.0691 -3.232179 1001.611 -185.8682 64.73992 973.6506 -147.5532 70.60389 1017.052 -185.8682 64.73992 973.6506 -192.8835 87.98693 988.6627 -206.4704 89.4659 1010.819 -269.828 23.76266 957.655 -258.7605 13.82222 941.8706 -242.7113 17.27196 932.0664 -289.6159 25.86701 939.7574 -274.7722 12.24887 927.2944 -256.2513 21.85406 912.3722 -241.8795 82.79624 942.7679 -229.1677 58.22133 931.592 -250.0912 62.23447 910.3513 -258.5168 86.8824 923.32 -294.8125 87.95945 913.6757 -312.4535 58.8771 929.0686 -280.421 86.52847 897.0867 -397.7381 57.06882 795.9802 -407.0416 54.26536 803.1421 -411.5428 37.9824 810.9973 -270.1797 63.39015 885.9103 -388.8437 44.48771 791.0067 -270.1797 63.39015 885.9103 -267.008 37.27548 885.835 -386.3208 29.31382 792.1357 -388.8437 44.48771 791.0067 -307.7791 23.55351 925.9943 -289.2207 6.032527 910.6863 -271.5711 16.97979 893.5496 -386.8876 19.46841 794.9122 -397.039 5.165405 802.6638 -408.0794 17.77263 812.6952 -411.5428 37.9824 810.9973 -397.7381 57.06882 795.9802 -388.8437 44.48771 791.0067 -426.6184 -38.26358 762.6743 -434.8115 -36.87232 769.6062 -448.8055 -34.59112 765.4287 -450.963 -53.98831 746.7069 -434.8115 -36.87232 769.6062 -448.8055 -34.59112 765.4287 -457.7578 -48.75426 747.7106 -435.6682 -30.94513 746.3446 -444.2418 -29.62131 747.5957 -444.2418 -29.62131 747.5957 -451.8667 -41.92823 736.0085 -450.221 -31.37495 752.2382 -444.2418 -29.62131 747.5957 -451.8667 -41.92823 736.0085 -452.0365 -32.80292 759.7404 -453.1385 -24.59425 752.8361 -450.221 -31.37495 752.2382 -467.2278 -25.19946 743.4174 -467.2278 -25.19946 743.4174 -461.6275 -52.21695 725.2994 -491.401 -34.86463 726.0555 -474.1298 -27.13226 750.7883 -480.6293 -18.45884 752.1308 -498.0536 -28.2145 727.1643 -483.3558 -10.91867 746.8394 -497.8883 -20.57892 723.6705 -467.2278 -25.19946 743.4174 -486.4915 -32.53986 720.5193 -470.3079 -15.15184 737.5392 -488.8102 -22.56821 717.2701 -477.8737 -8.681552 738.3948 -470.3079 -15.15184 737.5392 -488.8102 -22.56821 717.2701 -492.9842 -19.56157 718.8278 -470.6985 21.83993 735.5279 -499.3112 -7.535847 708.0133 -503.3363 -11.24321 713.735 -492.2854 17.66259 709.0861 -514.8041 -35.99585 699.4046 -506.9671 -41.949 699.5778 -506.3086 -29.04948 694.3514 -503.0661 -36.65525 696.806 -506.3086 -29.04948 694.3514 -484.0821 39.38152 713.9078 -468.3273 44.38563 733.9753 -446.4283 45.23018 745.8565 -486.8532 42.54764 723.3597 -472.558 47.16056 738.3458 -468.3273 44.38563 733.9753 -484.0821 39.38152 713.9078 -453.9833 50.56358 754.4916 -446.4283 45.23018 745.8565 -513.7026 12.03613 682.7279 -519.2258 -10.81414 680.2287 -523.3753 -14.97 686.1008 -494.4816 37.7596 698.7218 -494.4816 37.7596 698.7218 -513.7026 12.03613 682.7279 -520.8906 12.57037 683.9158 -519.9789 14.51545 688.5844 -503.0342 18.50606 716.0578 -488.7547 38.60074 726.5029 -476.2517 43.23474 741.5386 -39.80994 -84.82817 819.645 -72.86817 -56.73294 825.4468 -87.38945 -0.638068 833.2055 0 76.44172 834.5979 0 89.14225 780.5959 -54.17918 76.02249 783.5437 -52.01575 63.16029 837.2258 -86.78351 47.99216 787.5107 -80.74047 38.72928 837.7212 -43.8053 -75.05144 767.9429 -74.21459 -50.38448 779.1835 -44.40284 -72.19515 762.9713 -72.65036 -49.11092 773.2393 -94.95385 1.481949 789.1123 -85.1723 45.2055 780.463 -93.67896 0.2951609 782.414 -54.26444 73.15431 776.2245 0 84.10377 774.9987 -127.5898 39.06558 1023.053 -131.8031 67.79262 1021.682 -73.05293 33.84405 877.6105 -75.44978 34.78426 873.1384 -47.90301 49.88864 875.8058 -49.70468 55.1554 871.1488 0 59.595 872.6843 0 64.29315 868.5415 -7.554 -74.3617 1297.287 -484.0909 21.21701 741.3164 -52.8142 -46.65446 1283.198 -25.47045 -31.04297 1288.858 -51.49772 -50.51607 1287.549 -21.47006 -64.76322 1290.653 -17.58744 -61.01912 1280.887 -21.51198 -61.25155 1274.681 -30.68025 -61.48667 1271.985 -43.39081 -57.06645 1273.547 -50.58879 -49.67786 1279.446 -25.85312 -66.70549 1294.406 -33.80268 -66.34299 1296.619 -41.11205 -63.36394 1295.788 -47.91351 -58.51751 1293.825 -63.84083 40.42544 1255.865 -51.14339 25.3931 1244.732 -71.08866 19.7181 1150.297 -42.44467 96.28978 1135.875 -46.4663 67.63032 1160.757 -25.91574 82.83424 1157.149 -75.52194 88.5704 1135.432 -77.15474 55.80775 1159.235 -111.516 -66.03158 1052.097 -129.708 -42.8715 1054.972 -112.0567 -66.19993 1016.402 -128.8406 -35.76921 1026.648 -118.0985 -18.24107 950.2799 -107.9955 -58.66123 947.8692 -111.3299 -59.38731 983.4147 -107.9019 101.7832 1021.313 -81.39083 105.6547 1010.674 -91.13059 85.7947 960.411 -45.61563 99.91273 960.0365 -42.09844 111.1836 1009.874 -118.4325 66.30853 979.2449 -116.2733 57.41503 949.3861 -86.20094 -90.0348 888.032 -107.2751 -57.53332 889.2492 -87.39307 -92.0024 816.5941 -93.37293 -82.59544 810.9317 -105.7472 -52.79162 813.6462 -60.46063 50.74283 1163.325 -72.73651 16.86541 1157.588 -88.71644 19.55225 1155.186 -93.82589 85.09568 1130.749 -96.87137 56.5848 1151.947 -103.2308 22.83687 1148.85 -75.93019 111.7731 1080.163 -41.99072 113.8349 1078.424 -94.74591 108.1378 1082.403 -111.2842 -8.040347 1130.31 -96.7344 -14.07605 1134.411 -78.70676 -17.18321 1134.968 -105.0973 -45.62511 1096.859 -83.47129 -51.15205 1095.36 -122.6243 -33.70701 1095.837 -85.45755 -76.69865 1048.433 -85.31381 -83.52239 1014.508 -126.405 -24.28807 1003.523 -123.7392 -3.172299 979.1663 -124.9808 23.9722 968.9149 -122.2218 22.38784 944.3597 -113.7881 19.63453 891.0084 -113.577 -15.49947 890.8432 -105.4038 50.27087 892.6708 -85.8437 74.3272 892.6069 -46.61925 92.71497 890.0877 -83.7928 -85.80343 979.838 -85.13636 -87.49536 943.0807 -49.06158 87.38656 807.942 -111.4917 -12.47252 816.794 -111.5002 19.18144 817.2617 -102.322 46.77519 813.3286 -85.01221 69.72815 809.4901 -100.2092 -65.56762 982.0883 -106.8424 -44.38919 987.0892 -103.3987 -60.56923 1007.831 -101.5475 -55.63194 948.2279 -105.8292 -15.30078 951.8481 -100.5693 -55.08147 889.3244 -80.75021 -85.29623 887.7661 -81.46334 -87.86901 816.756 -87.12882 -78.96952 811.3018 -98.80825 -50.90647 814.0383 -83.0714 -69.40922 1045.454 -81.6692 -77.29825 1014.008 -106.3739 -15.11079 891.2445 -106.6751 18.63208 891.7369 -107.806 21.60123 945.1233 -99.02821 47.03128 893.6387 -102.7349 56.51882 948.8402 -81.2209 68.85596 893.4294 -80.66873 79.17717 957.8559 -44.64351 85.83501 890.5656 -44.03765 89.98451 957.6503 -79.4542 -80.02072 979.7383 -80.14733 -82.26744 942.8541 -46.80004 80.57709 808.4475 -104.269 -12.20448 816.9772 -104.3652 18.01578 817.333 -95.95293 43.35691 813.4826 -80.15555 64.38033 809.7841 -44.62984 64.87721 1156.621 -24.68786 78.41635 1153.066 -123.6514 -38.47391 1054.912 -121.3356 -33.46037 1029.39 -109.4479 62.15938 981.8525 -103.4764 94.05044 1023.884 -81.46334 -87.86901 816.756 -80.75021 -85.29623 887.7661 -87.12882 -78.96952 811.3018 -98.80825 -50.90647 814.0383 -59.91193 49.09138 1155.851 -71.08866 19.7181 1150.297 -90.05236 79.13098 1125.416 -93.57632 54.40133 1143.883 -100.9732 23.86309 1142.763 -93.29996 101.2269 1082.125 -110.2255 -4.03334 1123.497 -77.74707 -12.99737 1127.057 -82.36572 -44.47859 1092.376 -118.4831 -27.39331 1094.364 -83.0714 -69.40922 1045.454 -81.6692 -77.29825 1014.008 -117.1416 -22.20487 1005.658 -113.8585 -2.06914 981.5518 -114.9665 23.38861 970.538 -79.4542 -80.02072 979.7383 -80.14733 -82.26744 942.8541 -46.80004 80.57709 808.4475 -104.269 -12.20448 816.9772 -104.3652 18.01578 817.333 -95.95293 43.35691 813.4826 -80.15555 64.38033 809.7841 -5.406156 -80.24023 1221.563 -5.920339 -63.93759 1228.323 -12.48514 -77.94026 1221.312 -13.80048 -65.03868 1227.214 -21.06698 -71.35921 1220.979 -23.51932 -65.18573 1222.486 -5.9514 -63.35293 1216.505 -5.407021 -80.10054 1221.942 -12.48725 -77.80076 1221.692 -13.80073 -64.81425 1216.956 -5.260173 -47.829 1226.866 -12.31522 -47.81905 1226.171 -21.34137 -54.45341 1223.777 -5.202445 -47.47204 1218.486 -12.28745 -47.62609 1218.986 33.79535 78.62973 1434.382 42.47468 61.05783 1405.168 36.63272 80.37524 1396.042 29.26764 93.19867 1425.822 21.55323 93.4264 1387.724 16.89768 103.8638 1419.556 0.114893 97.37447 1381.181 -2e-6 107.7676 1417.262 -2e-6 107.7676 1417.262 0.114893 97.37447 1381.181 -21.28577 92.24449 1383.9 -16.89768 103.8638 1419.556 -37.14359 78.90756 1391.249 -29.26764 93.19865 1425.822 -43.52314 59.12265 1399.513 -33.79536 78.62976 1434.382 -40.4658 33.5532 1403.688 -29.26764 64.06083 1442.943 -24.18136 13.71686 1406.875 -16.89768 53.39564 1449.209 -0.05978399 12.68092 1414.77 -1.6e-5 49.49192 1451.503 23.61618 16.29829 1410.147 16.89766 53.39564 1449.209 40.09484 35.43968 1406.421 29.26763 64.06081 1442.943 33.74934 25.35363 1404.216 16.89766 53.39564 1449.209 29.26763 64.06081 1442.943 33.79535 78.62973 1434.382 -1.6e-5 49.49192 1451.503 59.95734 -13.9934 1274.159 63.35476 5.733376 1275.425 75.99846 29.18651 1284.147 68.57131 11.92222 1286.486 20.8045 -38.33108 1362.281 -27.69459 -55.22622 1343.089 -56.11935 1.797544 1251.544 -53.82621 -90.74977 1401.953 -65.33494 -96.96566 1382.769 -40.59627 -96.87646 1382.45 4.183342 -65.74742 1426.21 22.43194 -23.11209 1424.406 -8.829863 -58.93202 1430.485 -61.59636 -84.13245 1318.197 -57.33285 -73.13503 1292.59 -46.92987 -82.54678 1314.33 -66.88677 -77.08953 1320.079 -45.83686 -68.77492 1316.579 -59.20336 -66.57115 1316.662 -59.20336 -66.57115 1316.662 -24.69054 -93.78894 1325.924 -29.00448 -98.46208 1312.496 -37.80837 -94.44109 1328.959 -20.33144 -93.93475 1290.145 -30.42039 -104.4863 1311.035 -25.5528 -110.1491 1312.184 -25.21007 -95.21351 1308.377 -18.29039 -108.6829 1315.001 -16.81745 -98.55798 1308.669 -25.21007 -95.21351 1308.377 -13.93791 -99.89601 1319.816 -16.95586 -115.4983 1326.492 -4.97443 -99.10594 1334.474 -13.33274 -117.5281 1340.151 1.367074 -110.2346 1362.875 9.053006 -94.64813 1349.77 40.16287 6.060249 1404.878 45.87266 -3.566355 1397.026 40.98349 18.89518 1402.915 39.84431 -23.65834 1387.647 44.11247 -24.95376 1401.791 45.87266 -3.566355 1397.026 39.84431 -23.65834 1387.647 50.86127 -6.373176 1394.855 36.40384 -59.2817 1385.192 -24.69054 -93.78894 1325.924 -16.67651 -83.68455 1335.333 -0.003312945 -64.37435 1345.707 24.42194 -83.17066 1364.881 11.00341 -50.70509 1355.536 27.58946 -44.12282 1370.451 20.8045 -38.33108 1362.281 33.3203 -39.82037 1379.215 30.80898 -52.04994 1364.257 27.58946 -44.12282 1370.451 20.8045 -38.33108 1362.281 27.84987 -51.42417 1345.909 33.09951 -55.5226 1353.502 -16.63911 -60.58871 1346.283 -41.70395 -50.13268 1332.235 -27.69459 -55.22622 1343.089 -29.37083 -78.83539 1333.643 -16.67651 -83.68455 1335.333 45.74575 -52.7106 1373.158 33.3203 -39.82037 1379.215 79.51867 -28.51218 1293.644 64.12688 -41.67167 1309.982 70.90856 -23.15525 1284.632 59.91452 -22.57934 1285.739 55.3179 -39.40908 1374.867 45.25262 -29.23894 1385.132 53.80017 -47.68242 1375.352 57.03028 -29.40231 1384.895 86.26184 -45.62209 1317.111 92.67031 -32.00621 1300.386 82.15917 -39.93813 1321.017 88.98559 -29.24868 1301.424 100.2036 -26.32682 1287.958 104.1311 -13.49187 1284.199 98.68878 -24.0839 1289.758 85.58667 -23.31242 1289.093 95.41297 -19.35625 1288.15 95.41297 -19.35625 1288.15 89.22355 -21.24744 1293.186 86.29123 -25.4585 1342.436 92.81104 1.954466 1294.727 101.7875 0.254406 1307.969 105.6407 23.74926 1295.178 93.58787 22.7381 1287.033 108.5628 55.69174 1288.13 111.0077 40.97745 1313.794 103.2059 44.27237 1281.626 59.95734 -13.9934 1274.159 57.14023 -0.3879812 1252.016 67.11125 -2.925824 1275.853 76.48871 40.71543 1276.818 69.32036 40.74811 1255.675 81.31027 53.46525 1260.138 76.94192 48.24846 1228.237 65.40544 36.72459 1234.923 71.34661 68.41386 1213.554 71.35363 82.38835 1219.225 72.35124 56.77064 1231.689 67.24713 44.65882 1214.789 80.96747 38.38238 1212.926 64.65525 27.22446 1224.007 63.83536 61.92668 1207.309 57.74576 48.05578 1207.542 72.82341 77.12803 1204.64 69.80301 86.65718 1210.126 51.98185 68.43132 1204.167 66.90346 -1.522967 1395.703 56.18967 9.504132 1402.27 40.98349 18.89518 1402.915 47.1758 27.55148 1405.174 33.74934 25.35363 1404.216 72.47566 24.89812 1399.344 94.82946 68.15299 1335.897 101.6017 81.47027 1305.972 73.23829 100.2095 1350.436 73.68148 113.3114 1317.003 67.02669 67.21419 1386.215 86.20568 49.11958 1368.354 61.22995 32.09973 1216.411 57.71161 31.63058 1205.464 55.56546 28.81416 1221.376 45.59841 22.21032 1201.622 52.19205 34.94907 1198.651 39.59844 36.15182 1202.871 53.06961 92.69901 1221.193 56.01102 39.97194 1406.64 40.09484 35.43968 1406.421 42.47468 61.05783 1405.168 51.13451 99.20259 1246.966 40.82475 103.4333 1213.858 24.30968 110.0541 1244.783 34.19412 61.86601 1184.197 39.56182 53.78367 1199.385 26.26223 55.2515 1180.363 26.56975 67.76725 1178.231 10.34535 112.5423 1224.729 3.570518 109.4285 1249.805 67.74525 110.5002 1281.864 37.02657 125.4088 1289.093 8.961996 119.0671 1266.827 15.4409 130.5293 1293.546 4.426891 110.4151 1219.148 -13.72993 106.452 1253.728 -4.447099 110.5719 1221.354 -14.88517 128.5348 1332.711 20.7291 132.9503 1332.053 -15.04182 123.9024 1286.367 17.02958 69.51874 1182.241 0.282589 64.48406 1202.077 14.39612 88.22335 1189.445 5.176716 102.4448 1209.806 -27.18155 103.9551 1240.008 -26.93467 63.48015 1177.613 -25.3383 79.1187 1180.703 -17.64514 66.61286 1184.16 -34.61098 54.61677 1178.966 -27.21619 53.52853 1181.436 -33.93143 68.03845 1175.201 -42.70504 68.37735 1178.247 -46.7123 51.62508 1198.958 -36.88027 43.08409 1197.685 -31.90345 82.65074 1180.909 -47.11739 82.41728 1185.463 -49.12974 68.8366 1205.644 -35.12597 119.396 1287.773 -39.23057 124.6697 1334.661 -65.70097 112.4452 1329.432 -57.86486 111.881 1281.804 -25.48216 10.59971 1407.034 -11.04465 9.783021 1415.403 -24.18136 13.71686 1406.875 -59.61992 79.20844 1220.283 -58.15539 91.53267 1244.156 -50.69208 84.14993 1217.649 -71.35227 76.49702 1249.741 -74.13991 103.5934 1280.104 -46.82788 40.94981 1202.496 -56.89738 34.31117 1199.612 -62.47009 43.04505 1198.363 -62.93671 66.80981 1206.764 -69.34268 42.11265 1204.177 -69.18947 45.163 1218.404 -75.84808 20.07894 1200.24 -64.47429 28.0063 1214.606 -92.02281 74.03004 1274.336 -95.16192 81.33983 1332.393 -89.63188 96.45606 1311.448 -59.83971 90.91873 1370.158 -110.2836 60.34891 1299.547 -79.58152 61.74719 1369.84 -43.52314 59.12265 1399.513 -47.48259 41.50639 1400.266 -40.4658 33.5532 1403.688 -47.89931 19.66438 1401.979 -77.22882 40.19757 1376.259 -98.9511 45.52041 1344.605 -107.4349 54.92038 1323.417 -87.42868 52.16951 1269.898 -101.5027 53.0489 1280.093 -105.8975 37.38773 1291.625 -92.79664 37.82799 1278.631 -75.59716 58.22879 1252.237 -104.4617 31.14735 1319.936 -98.85458 12.47735 1310.322 -92.07895 18.52417 1289.286 -89.59786 4.555107 1341.46 -98.85458 12.47735 1310.322 -94.07493 -0.4252378 1342.972 -93.00064 8.187364 1295.422 -92.07895 18.52417 1289.286 -97.08299 -1.107466 1308.074 -25.00411 5.075593 1415.545 -19.87779 -9.574777 1424.114 -1.541669 1.034956 1421.685 -98.47644 -19.73337 1353.722 -85.67436 -2.447734 1374.483 -93.37292 -24.00662 1375.024 -99.31413 -13.32861 1335.622 -87.03355 10.89698 1290.486 -62.26235 32.22105 1225.638 -49.36489 28.93674 1238.037 -62.7973 29.25272 1234.839 -76.57843 5.137527 1286.528 -73.31661 16.03566 1292.306 -65.03558 8.383504 1281.052 -97.46299 3.591518 1289.58 -88.95008 6.059062 1282.827 -72.69889 -26.3572 1405.577 -87.30815 -53.06322 1392.548 -95.88063 -49.85238 1368.822 -70.92416 -49.34513 1410.111 -44.7846 -40.22182 1423.071 -45.66794 -21.1596 1420.622 -21.85937 -40.96423 1427.686 -110.8266 6.085577 1262.915 -101.2584 -6.541429 1284.042 -91.05257 2.316695 1271.952 -88.95008 6.059062 1282.827 -76.57843 5.137527 1286.528 -65.03558 8.383504 1281.052 -71.34017 -3.50925 1281.369 -102.5411 -4.851834 1269.941 -96.6622 -2.548784 1267.879 -95.84945 -14.0084 1277.821 -83.61738 -55.55616 1315.277 -99.45736 -42.76599 1346.462 -99.66808 -30.27217 1323.597 -86.50811 -43.39348 1300.117 -80.82789 -65.82035 1334.679 -75.04154 -75.74302 1352.272 7.414753 -14.88587 1425.757 24.98842 4.543151 1413.61 -67.33619 -95.11925 1349.086 -75.8505 -69.89458 1389.055 -47.37291 -49.16603 1323.22 -86.61529 -10.92311 1275.139 -75.75926 -25.34793 1284.859 -66.57083 -21.26342 1293.424 -66.01068 -12.38767 1282.111 -62.38763 -18.85348 1293.634 -59.62927 -35.27745 1301.23 -61.70348 -12.01658 1281.559 -60.40658 5.059014 1264.468 -56.11935 1.797544 1251.544 -62.41019 0.2035918 1262.972 -59.52161 -5.723354 1266.186 -18.32878 -97.40335 1407.158 -32.21376 -108.6685 1389.355 -13.33816 -112.9973 1379.232 0.0988 -98.12769 1396.777 -26.702 -90.12969 1405.592 20.7492 -67.19989 1415.084 -42.09126 -115.6588 1351.835 -25.26055 -121.8046 1349.455 -48.71243 -99.88063 1348.543 -38.52681 -82.10009 1415.268 35.03623 -25.49286 1418.388 -37.1009 -111.2431 1326.127 -26.68224 -116.8916 1325.917 17.6904 -96.79788 1380.106 34.64711 -66.07657 1399.95 42.54282 -25.7983 1409.444 35.2982 8.628519 1407.796 33.74934 25.35363 1404.216 -16.63911 -60.58871 1346.283 43.97476 -57.90449 1337.218 55.06005 -54.47183 1324.078 41.61626 -48.51459 1333.407 52.83204 -46.07948 1315.793 57.95657 -35.20584 1301.29 53.48308 -60.17576 1363.084 71.84375 -60.37565 1333.878 61.9005 -62.90694 1349.689 86.246 -51.56155 1313.459 95.76572 -38.71395 1297.844 78.12982 -54.78141 1338.137 69.59459 -57.40541 1352.498 60.6844 -56.12745 1364.801 61.9682 -46.80514 1364.363 73.34763 -49.87803 1345.147 85.58667 -23.31242 1289.093 70.90856 -23.15525 1284.632 75.74714 -4.959 1287.421 72.09043 -32.50105 1370.617 81.87306 1.46842 1382.687 94.02676 15.87882 1348.76 68.57131 11.92222 1286.486 89.36408 37.50986 1281.47 75.99846 29.18651 1284.147 86.18666 59.85182 1260.432 88.97835 73.80701 1261.536 63.35476 5.733376 1275.425 75.55613 81.1613 1240.345 61.22995 32.09973 1216.411 67.24713 44.65882 1214.789 63.17517 92.88794 1226.464 63.08194 93.19406 1246.334 83.49475 93.38278 1270.52 55.56546 28.81416 1221.376 51.23524 49.44982 1198.442 51.33409 25.4137 1245.035 39.77776 83.28897 1192.133 42.90137 90.37741 1389.828 40.38265 116.4197 1356.508 40.9656 127.9139 1327.716 25.16414 88.92883 1185.165 17.59845 59.12663 1182.479 18.39044 108.034 1206.878 21.6951 119.4849 1362.922 -12.36671 105.7327 1369.464 36.63272 80.37524 1396.042 21.55323 93.4264 1387.724 0.114893 97.37447 1381.181 9.765745 56.89928 1195.33 1.876224 87.14324 1205.894 -10.16653 103.1674 1207.158 -24.36541 105.6351 1213.579 -7.551616 76.35667 1195.613 -16.82739 91.50515 1192.779 -27.56616 96.16007 1194.219 -12.37696 59.23266 1196.98 -48.14191 93.33213 1200.689 -46.50815 99.85396 1217.689 -48.77244 98.459 1240.35 -35.51008 103.0784 1372.535 -37.14359 78.90756 1391.249 -71.02157 67.44939 1229.496 -95.01226 23.47846 1339.753 -72.23914 17.52275 1377.453 -89.59786 4.555107 1341.46 -75.94635 2.997136 1369.252 -75.94635 2.997136 1369.252 -64.98461 3.93023 1389.754 -64.98461 3.93023 1389.754 -68.48818 -2.270809 1399.533 -24.18136 13.71686 1406.875 -43.04839 6.95793 1403.762 -25.48216 10.59971 1407.034 -43.04839 6.95793 1403.762 -46.07204 0.4158189 1412.06 -78.75591 34.00161 1293.722 -78.75591 34.00161 1293.722 -77.82865 42.31513 1277.841 -70.72677 49.97988 1256.243 -69.56044 42.70028 1245.443 -71.80401 48.19412 1233.051 -97.53736 -16.13695 1301.66 -52.42077 -59.93719 1416.772 -88.50233 -28.27259 1289.058 -68.33029 -65.64887 1405.047 -67.23079 -53.87077 1305.971 -52.76189 -45.95936 1315.899 -47.37291 -49.16603 1323.22 -69.9337 -41.69005 1295.116 -61.93754 28.60272 1207.058 -45.79079 35.68037 1226.469 -61.93754 28.60272 1207.058 -45.79079 35.68037 1226.469 -57.81031 31.41278 1243.775 -63.84083 40.42544 1255.865 -51.14339 25.3931 1244.732 -21.28577 92.24449 1383.9 -0.05978399 12.68092 1414.77 23.61618 16.29829 1410.147 45.59565 30.77052 1225.875 45.59565 30.77052 1225.875 -16.89768 53.39564 1449.209 29.26764 93.19867 1425.822 -29.26764 64.06083 1442.943 16.89768 103.8638 1419.556 -33.79536 78.62976 1434.382 -2e-6 107.7676 1417.262 -29.26764 93.19865 1425.822 -16.89768 103.8638 1419.556 59.95734 -13.9934 1274.159 42.43615 -55.33713 1326.094 41.61626 -48.51459 1333.407 52.83204 -46.07948 1315.793 57.5508 -40.13843 1296.881 51.37473 -53.00893 1306.817 42.93399 -64.39978 1311.057 57.95657 -35.20584 1301.29 27.84987 -51.42417 1345.909 49.84567 -47.14257 1285.066 48.4167 -53.52306 1285.151 48.41459 -53.093 1282.631 48.42928 -51.72355 1280.55 48.5167 -48.41542 1278.976 48.46937 -48.26418 1291.185 48.42117 -51.5356 1289.739 48.41867 -52.96705 1287.669 44.78717 -59.02564 1284.98 44.77751 -58.2062 1280.343 44.75241 -55.6128 1276.602 44.74781 -49.50704 1273.637 44.76516 -49.26937 1296.447 44.77497 -55.30456 1293.793 44.78517 -57.97626 1289.771 39.30468 -62.80296 1284.6 39.2572 -61.61591 1278.16 39.19237 -58.15274 1273.146 39.17725 -50.23668 1269.96 39.28815 -50.09877 1299.704 39.27972 -58.08816 1295.998 39.30223 -61.52909 1290.803 32.65286 -62.81387 1277.955 32.77972 -64.10291 1284.576 32.5965 -59.13661 1272.501 32.6236 -50.25652 1268.126 32.79809 -50.38075 1300.916 32.7588 -59.13015 1296.72 32.78867 -62.80925 1291.174 26.24588 -62.81293 1284.49 26.00702 -61.62292 1278.229 26.03868 -58.22554 1273.192 26.13627 -50.19532 1269.484 26.30973 -50.13345 1299.681 26.21998 -58.21509 1295.884 26.2412 -61.61827 1290.809 20.42404 -59.1354 1284.17 20.23248 -58.21995 1279.395 20.54191 -55.62242 1275.818 20.70883 -49.4511 1273.009 20.81137 -49.42985 1296.132 20.77989 -55.61971 1293.203 20.76379 -58.22945 1289.356 17.11359 -53.62788 1284.554 17.096 -53.13412 1282.041 17.10053 -51.7266 1279.953 17.11283 -48.37717 1278.321 17.13395 -48.37683 1290.819 17.13345 -51.72567 1289.182 17.13339 -53.13328 1287.077 15.84229 -47.13439 1284.57 47.69265 -42.35924 1278.989 48.96949 -42.30123 1285.018 47.66891 -42.25519 1290.804 44.15799 -42.43941 1273.688 44.12403 -42.23844 1295.867 38.87861 -42.48624 1269.87 38.94092 -42.2415 1299.372 32.7258 -42.27856 1268.552 32.81088 -42.24121 1300.608 26.61142 -42.42049 1269.838 26.67355 -42.24123 1299.387 21.4507 -42.34445 1273.275 21.47058 -42.24123 1295.91 17.99277 -42.27686 1278.447 17.99407 -42.24123 1290.707 16.77324 -42.24216 1284.571 -49.84567 -47.14257 1285.066 -48.41459 -53.093 1282.631 -48.4167 -53.52306 1285.151 -48.42928 -51.72355 1280.55 -48.5167 -48.41542 1278.976 -48.42117 -51.5356 1289.739 -48.46937 -48.26418 1291.185 -48.41867 -52.96705 1287.669 -44.78717 -59.02564 1284.98 -44.77751 -58.2062 1280.343 -44.75241 -55.6128 1276.602 -44.74781 -49.50704 1273.637 -44.76516 -49.26937 1296.447 -44.77497 -55.30456 1293.793 -44.78517 -57.97626 1289.771 -39.30468 -62.80296 1284.6 -39.2572 -61.61591 1278.16 -39.19237 -58.15274 1273.146 -39.17725 -50.23668 1269.96 -39.28815 -50.09877 1299.704 -39.27972 -58.08816 1295.998 -39.30223 -61.52909 1290.803 -32.65286 -62.81387 1277.955 -32.77972 -64.10291 1284.576 -32.5965 -59.13661 1272.501 -32.6236 -50.25652 1268.126 -32.79809 -50.38075 1300.916 -32.7588 -59.13015 1296.72 -32.78867 -62.80925 1291.174 -26.24588 -62.81293 1284.49 -26.00702 -61.62292 1278.229 -26.03868 -58.22554 1273.192 -26.13627 -50.19532 1269.484 -26.21998 -58.21509 1295.884 -26.30973 -50.13345 1299.681 -26.2412 -61.61827 1290.809 -20.42404 -59.1354 1284.17 -20.23248 -58.21995 1279.395 -20.54191 -55.62242 1275.818 -20.70883 -49.4511 1273.009 -20.77989 -55.61971 1293.203 -20.81137 -49.42985 1296.132 -20.76379 -58.22945 1289.356 -17.096 -53.13412 1282.041 -17.11359 -53.62788 1284.554 -17.10053 -51.7266 1279.953 -17.11283 -48.37717 1278.321 -17.13345 -51.72567 1289.182 -17.13395 -48.37683 1290.819 -17.13339 -53.13328 1287.077 -15.84229 -47.13439 1284.57 -47.69265 -42.35924 1278.989 -48.96949 -42.30123 1285.018 -47.66891 -42.25519 1290.804 -44.15799 -42.43941 1273.688 -44.12403 -42.23844 1295.867 -38.87861 -42.48624 1269.87 -38.94092 -42.2415 1299.372 -32.7258 -42.27856 1268.552 -32.81088 -42.24121 1300.608 -26.61142 -42.42049 1269.838 -26.67355 -42.24123 1299.387 -21.4507 -42.34445 1273.275 -21.47058 -42.24123 1295.91 -17.99277 -42.27686 1278.447 -17.99407 -42.24123 1290.707 -16.77324 -42.24216 1284.571 18.40393 -68.40228 1211.073 19.65226 -71.11458 1225.366 9.792537 -76.72528 1224.754 9.246399 -73.59359 1210.506 23.80957 -59.26745 1212.069 24.81612 -61.94742 1226.366 9.393143 -73.41784 1213.42 18.99573 -67.01477 1213.809 18.46129 -69.58179 1229.637 9.074159 -76.04653 1229.244 23.19684 -56.78406 1215.416 23.06324 -58.24781 1230.326 -18.27843 -68.42509 1211.07 -9.063441 -73.59233 1210.507 -9.606492 -76.72888 1224.754 -19.48867 -71.1217 1225.365 -24.65878 -61.94945 1226.366 -23.68294 -59.28211 1212.068 -9.208126 -73.40266 1213.421 -8.893 -76.05088 1229.244 -18.29766 -69.58777 1229.637 -18.94033 -67.04886 1213.807 -22.94775 -58.2524 1230.326 -23.10842 -56.81111 1215.621 0.1075027 -77.68688 1224.649 0.109694 -74.67824 1210.388 0.1093852 -74.85096 1213.333 0.1048092 -77.15401 1229.177 26.07442 -57.24272 1219.514 -25.9333 -57.24966 1219.519 24.59722 -54.46981 1230.556 -24.49778 -54.47395 1230.556 73.71633 47.24153 212.1258 90.90289 39.72113 129.4735 76.89796 26.47883 211.6849 120.8631 10.49996 72.33243 129.6954 -7.056416 53.73712 134.0989 23.60621 67.31141 137.0489 53.37076 68.55632 145.2177 45.3165 44.3098 92.58934 29.54115 51.38956 104.8941 13.08834 69.5598 97.37418 40.7711 68.1635 132.3573 77.61495 39.58498 117.2733 88.19807 4.200719 113.2667 83.0582 40.29244 98.69076 79.32474 4.200719 113.2667 83.0582 40.29244 117.2733 88.19807 4.200719 96.6646 60.49565 35.53746 136.6866 78.02739 4.200719 149.3657 11.68627 36.33879 135.889 -35.44679 41.53786 159.3845 -22.64409 25.64708 93.94509 47.76461 4.200719 99.62877 17.51187 4.200719 101.2186 -4.132234 43.52841 111.5419 -11.57375 53.89231 101.8617 -39.12906 33.52242 106.2413 -87.18004 20.709 118.9651 -43.20554 42.34096 156.0914 -59.96781 24.18672 174.9051 -63.67959 14.18246 167.4089 -90.32972 11.79855 134.8034 -78.88546 26.94607 136.2881 -118.6185 11.54954 109.6257 -118.3382 11.23333 83.22991 70.10599 209.2537 94.97718 60.90813 131.4136 111.3571 74.77684 132.2882 113.5828 81.06886 211.0035 98.30662 19.71681 128.8524 88.73952 5.672042 208.2671 114.4063 -1.160922 204.7239 116.7561 10.43935 129.2688 137.6489 8.182945 206.2506 133.2808 26.15508 131.0684 136.4937 51.09451 133.7639 148.5479 39.28878 209.5501 129.4739 68.3702 133.2427 143.5169 67.23905 210.6234 111.3571 74.77684 132.2882 113.5828 81.06886 211.0035 128.7741 68.52801 68.86376 113.4422 73.77706 68.12339 102.9825 59.79785 67.04019 113.4422 73.77706 68.12339 148.9166 48.05338 4.200719 158.5167 16.17043 4.200719 168.667 -16.1703 4.200719 97.50405 -34.74687 4.200719 100.729 -81.70278 4.200719 178.5644 -62.84951 4.200719 108.0499 -120.1577 4.200719 169.314 -91.98598 4.200719 137.7983 -120.2748 4.200719 117.2733 88.19807 4.200719 136.6866 78.02739 4.200719 98.69076 79.32474 4.200719 100.729 -81.70278 4.200719 169.314 -91.98598 4.200719 137.7983 -120.2748 4.200719 108.0499 -120.1577 4.200719 178.5644 -62.84951 4.200719 97.50405 -34.74687 4.200719 168.667 -16.1703 4.200719 99.62877 17.51187 4.200719 158.5167 16.17043 4.200719 148.9166 48.05338 4.200719 93.94509 47.76461 4.200719 14.43679 -76.53549 469.4426 6.642586 -22.78333 389.0244 26.85905 -79.71233 429.3255 120.7345 59.3998 641.1505 135.0876 70.97697 554.8151 84.94495 99.72753 550.663 76.97669 95.6628 638.89 136.231 11.07962 638.9192 156.3421 15.83322 559.5079 63.43959 -88.54541 597.8322 49.91865 -78.06456 700.0631 0 -82.93576 689.341 0 -80.55416 598.7422 0 -77.82871 484.4676 94.92676 -100.404 433.1899 82.60913 -96.14498 500.875 32.11247 -83.84426 396.2375 116.7683 -48.71046 624.3309 89.52223 -47.95897 716.2711 110.6025 6.326478 727.853 100.3786 52.66146 726.4036 0 -19.5165 391.0429 140.1573 -48.30839 544.9949 175.8181 21.82489 480.4276 160.5617 -46.92162 471.5943 64.48631 86.60492 719.8011 0 107.5483 635.5351 0 99.0091 715.5254 0 109.0319 561.9127 20.9965 101.328 487.6968 0 83.33141 499.0066 0 39.51019 389.3542 6.874657 41.27671 388.6982 18.64772 -21.51618 333.3824 43.40074 -79.69119 332.4012 37.23947 -83.5277 367.6406 13.74392 -23.05956 362.6936 102.6352 -102.1442 384.1704 178.4866 -43.54169 398.3739 192.7935 30.34033 406.3384 202.6262 37.42246 347.756 169.7085 107.0998 350.1914 160.9307 98.1947 402.597 99.02577 119.6318 394.2185 103.3172 127.8352 344.117 35.22381 105.2888 380.8649 39.64832 104.8645 341.4066 11.86487 46.07179 366.1791 15.70125 48.42781 336.0543 8.840308 42.96847 381.9242 9.77949 -23.16283 379.996 114.483 -87.06448 278.7265 191.4846 -31.86477 285.8223 189.013 -39.55427 339.7631 109.3167 -99.46598 333.5157 55.11499 -62.85007 277.1689 203.6801 44.25952 289.4743 176.6021 110.7728 294.9418 107.1466 128.8778 294.7305 50.97422 98.26239 288.2658 24.02319 45.47882 282.2657 24.02319 45.47882 282.2657 26.28469 -16.29608 279.654 15.70125 48.42781 336.0543 72.99528 -25.13135 231.0255 116.1501 -48.56995 230.003 44.2019 4.691288 231.6694 175.8197 -5.244505 233.6743 184.6497 51.67021 235.8099 164.0608 96.98262 236.2372 108.7101 107.0601 239.7209 69.50761 78.74374 235.5246 46.41814 46.91338 233.397 46.41814 46.91338 233.397 137.6489 8.182945 206.2506 114.4063 -1.160922 204.7239 88.73952 5.672042 208.2671 148.5479 39.28878 209.5501 143.5169 67.23905 210.6234 113.5828 81.06886 211.0035 83.22991 70.10599 209.2537 73.71633 47.24153 212.1258 73.71633 47.24153 212.1258 76.89796 26.47883 211.6849 149.52 84.75112 469.1091 93.59542 107.5246 449.6811 31.84294 102.4772 424.7192 6.874657 41.27671 388.6982 8.840308 42.96847 381.9242 11.86487 46.07179 366.1791 44.40284 -72.19515 762.9713 0 -85.72473 747.3227 72.65036 -49.11092 773.2393 93.67896 0.2951609 782.414 85.1723 45.2055 780.463 54.26444 73.15431 776.2245 0 84.10377 774.9987 0 39.51019 389.3542 -73.71633 47.24153 212.1258 -76.89796 26.47883 211.6849 -90.90289 39.72113 129.4735 -120.8631 10.49996 72.33243 -134.0989 23.60621 67.31141 -129.6954 -7.056416 53.73712 -137.0489 53.37076 68.55632 -145.2177 45.3165 44.3098 -92.58934 29.54115 51.38956 -97.37418 40.7711 68.1635 -104.8941 13.08834 69.5598 -132.3573 77.61495 39.58498 -113.2667 83.0582 40.29244 -117.2733 88.19807 4.200719 -98.69076 79.32474 4.200719 -117.2733 88.19807 4.200719 -113.2667 83.0582 40.29244 -96.6646 60.49565 35.53746 -136.6866 78.02739 4.200719 -149.3657 11.68627 36.33879 -135.889 -35.44679 41.53786 -159.3845 -22.64409 25.64708 -93.94509 47.76461 4.200719 -101.2186 -4.132234 43.52841 -99.62877 17.51187 4.200719 -111.5419 -11.57375 53.89231 -101.8617 -39.12906 33.52242 -118.9651 -43.20554 42.34096 -106.2413 -87.18004 20.709 -156.0914 -59.96781 24.18672 -174.9051 -63.67959 14.18246 -167.4089 -90.32972 11.79855 -134.8034 -78.88546 26.94607 -136.2881 -118.6185 11.54954 -109.6257 -118.3382 11.23333 -94.97718 60.90813 131.4136 -83.22991 70.10599 209.2537 -111.3571 74.77684 132.2882 -113.5828 81.06886 211.0035 -98.30662 19.71681 128.8524 -88.73952 5.672042 208.2671 -114.4063 -1.160922 204.7239 -116.7561 10.43935 129.2688 -137.6489 8.182945 206.2506 -133.2808 26.15508 131.0684 -148.5479 39.28878 209.5501 -136.4937 51.09451 133.7639 -143.5169 67.23905 210.6234 -129.4739 68.3702 133.2427 -113.5828 81.06886 211.0035 -111.3571 74.77684 132.2882 -128.7741 68.52801 68.86376 -113.4422 73.77706 68.12339 -102.9825 59.79785 67.04019 -113.4422 73.77706 68.12339 -148.9166 48.05338 4.200719 -158.5167 16.17043 4.200719 -168.667 -16.1703 4.200719 -97.50405 -34.74687 4.200719 -100.729 -81.70278 4.200719 -178.5644 -62.84951 4.200719 -108.0499 -120.1577 4.200719 -169.314 -91.98598 4.200719 -137.7983 -120.2748 4.200719 -117.2733 88.19807 4.200719 -98.69076 79.32474 4.200719 -136.6866 78.02739 4.200719 -100.729 -81.70278 4.200719 -108.0499 -120.1577 4.200719 -137.7983 -120.2748 4.200719 -169.314 -91.98598 4.200719 -178.5644 -62.84951 4.200719 -97.50405 -34.74687 4.200719 -168.667 -16.1703 4.200719 -99.62877 17.51187 4.200719 -158.5167 16.17043 4.200719 -148.9166 48.05338 4.200719 -93.94509 47.76461 4.200719 -14.43679 -76.53549 469.4426 -26.85905 -79.71233 429.3255 -6.642586 -22.78333 389.0244 -120.7345 59.3998 641.1505 -76.97669 95.6628 638.89 -84.94495 99.72753 550.663 -135.0876 70.97697 554.8151 -156.3421 15.83322 559.5079 -136.231 11.07962 638.9192 -63.43959 -88.54541 597.8322 -49.91865 -78.06456 700.0631 -94.92676 -100.404 433.1899 -32.11247 -83.84426 396.2375 -82.60913 -96.14498 500.875 -116.7683 -48.71046 624.3309 -89.52223 -47.95897 716.2711 -110.6025 6.326478 727.853 -100.3786 52.66146 726.4036 -140.1573 -48.30839 544.9949 -175.8181 21.82489 480.4276 -160.5617 -46.92162 471.5943 -64.48631 86.60492 719.8011 -20.9965 101.328 487.6968 -6.874657 41.27671 388.6982 -18.64772 -21.51618 333.3824 -13.74392 -23.05956 362.6936 -37.23947 -83.5277 367.6406 -43.40074 -79.69119 332.4012 -102.6352 -102.1442 384.1704 -94.92676 -100.404 433.1899 -160.5617 -46.92162 471.5943 -178.4866 -43.54169 398.3739 -102.6352 -102.1442 384.1704 -175.8181 21.82489 480.4276 -192.7935 30.34033 406.3384 -202.6262 37.42246 347.756 -192.7935 30.34033 406.3384 -160.9307 98.1947 402.597 -169.7085 107.0998 350.1914 -99.02577 119.6318 394.2185 -103.3172 127.8352 344.117 -35.22381 105.2888 380.8649 -39.64832 104.8645 341.4066 -11.86487 46.07179 366.1791 -15.70125 48.42781 336.0543 -9.77949 -23.16283 379.996 -8.840308 42.96847 381.9242 -114.483 -87.06448 278.7265 -109.3167 -99.46598 333.5157 -189.013 -39.55427 339.7631 -191.4846 -31.86477 285.8223 -55.11499 -62.85007 277.1689 -203.6801 44.25952 289.4743 -176.6021 110.7728 294.9418 -107.1466 128.8778 294.7305 -50.97422 98.26239 288.2658 -24.02319 45.47882 282.2657 -24.02319 45.47882 282.2657 -15.70125 48.42781 336.0543 -26.28469 -16.29608 279.654 -116.1501 -48.56995 230.003 -72.99528 -25.13135 231.0255 -44.2019 4.691288 231.6694 -175.8197 -5.244505 233.6743 -184.6497 51.67021 235.8099 -164.0608 96.98262 236.2372 -108.7101 107.0601 239.7209 -69.50761 78.74374 235.5246 -46.41814 46.91338 233.397 -46.41814 46.91338 233.397 -137.6489 8.182945 206.2506 -114.4063 -1.160922 204.7239 -88.73952 5.672042 208.2671 -148.5479 39.28878 209.5501 -143.5169 67.23905 210.6234 -113.5828 81.06886 211.0035 -83.22991 70.10599 209.2537 -73.71633 47.24153 212.1258 -76.89796 26.47883 211.6849 -73.71633 47.24153 212.1258 -189.013 -39.55427 339.7631 -109.3167 -99.46598 333.5157 -202.6262 37.42246 347.756 -149.52 84.75112 469.1091 -93.59542 107.5246 449.6811 -31.84294 102.4772 424.7192 -6.874657 41.27671 388.6982 -8.840308 42.96847 381.9242 -11.86487 46.07179 366.1791 -44.40284 -72.19515 762.9713 -72.65036 -49.11092 773.2393 -93.67896 0.2951609 782.414 -85.1723 45.2055 780.463 -54.26444 73.15431 776.2245</float_array>
          <technique_common>
            <accessor source="#aladdin_lod0_mesh0000-mesh-positions-array" count="2210" stride="3">
              <param name="X" type="float"/>
              <param name="Y" type="float"/>
              <param name="Z" type="float"/>
            </accessor>
          </technique_common>
        </source>
        <source id="aladdin_lod0_mesh0000-mesh-normals">
          <float_array id="aladdin_lod0_mesh0000-mesh-normals-array" count="6630">0.8550218 -0.5044708 0.1201962 0.3981161 -0.9030367 -0.1613334 0.6807451 -0.707081 -0.1913707 0.7125486 -0.6426741 0.2815042 0.8923532 -0.4464368 0.06633275 0.8878169 -0.4380687 0.1409866 0.1457332 -0.9669057 0.2094167 4.94898e-6 -0.9168984 0.3991208 -2.19713e-5 -0.980896 0.1945329 0.7837695 -0.6209707 0.01004922 0.9754011 -0.170174 0.1401203 0.803478 -0.5209833 0.2880964 0.8018824 -0.5738136 0.1665019 0.9654197 -0.2606697 0.00401318 0.7050496 -0.6795155 0.202889 0.6846042 -0.7197935 0.114954 0.5774418 -0.8160918 -0.0235604 0.4388917 -0.8882418 0.1356494 0.2738214 -0.2361171 -0.9323468 0.5748394 -0.3935049 -0.7174355 0.4306046 -0.8341912 -0.3445357 0.5496659 -0.3035214 -0.7782944 0.5655114 -0.7086365 -0.4219375 0.5416995 -0.8081863 0.2310768 0.9043452 -0.4242842 -0.04629284 0.5522111 -0.8327907 -0.03901988 0.9521829 -0.3048146 0.02087825 0.3506391 -0.7311069 -0.5852649 -0.4523491 -0.8906798 -0.04549586 -0.2775676 -0.9509854 -0.1363203 0.4065933 -0.6680907 -0.6231667 0.2552736 -0.7174343 -0.6481693 0.5604733 -0.7059861 -0.4329589 0.5055802 -0.7544723 -0.4185214 0.6066246 -0.7401661 -0.2901049 0.5472583 -0.709705 -0.4436522 0.8168685 -0.3595069 -0.4510884 0.8721061 -0.2606425 -0.4141213 0.7918528 -0.5538614 -0.2573066 0.8816711 -0.002638339 -0.4718571 0.9576816 -0.01574426 -0.2873991 0.8927172 0.1570365 -0.422369 0.6165955 -0.06675589 -0.7844449 0.9211458 -0.297307 -0.2511951 0.7371977 0.1571394 -0.6571505 0.8534761 0.3045582 -0.4228749 0.5480517 -0.6224573 -0.5587364 -0.708433 -0.2963548 -0.6405439 0.4394405 -0.8864172 -0.1454536 -0.534825 -0.667626 -0.5179168 0.8839661 0.4635296 -0.06118994 0.8175436 0.5273992 0.2312414 0.9512935 -0.08160203 -0.297291 0.3664821 -0.2316843 0.9011179 0.91569 0.128998 0.3806199 0.8768714 -0.1354411 0.4612509 0.4587317 -0.8871393 0.05049037 0.5206723 -0.7950828 0.3110368 0.4538205 -0.7440437 0.4903528 0.5539256 -0.5413966 -0.6324999 0.1281735 -0.9082118 -0.3984004 -0.5618894 -0.1019873 -0.8209013 -0.4939741 -0.6896667 -0.5294803 -0.4244532 -0.4583973 -0.7808402 -0.7144734 -0.155748 -0.6821073 -0.6671062 0.3002672 -0.6817691 -0.7284863 0.3562636 -0.5851359 -0.6534988 -0.3030514 -0.6936131 -0.7570745 -0.1234721 -0.6415551 0.6472808 0.4959906 0.5788099 0.1686882 0.9642477 0.2043787 0.2055699 0.9400389 0.2721546 0.7654758 -0.1448372 0.6269523 0.7084495 0.2389422 0.6640829 -0.3180573 -0.9065222 0.2775914 0.01042759 -0.6466102 0.7627494 0.5658505 -0.3844541 0.729389 0.5344218 -0.2083603 0.8191334 0.5009272 0.7907909 0.351741 0.4062898 0.8364264 0.367858 -0.1485599 0.9309619 -0.3335267 -0.2109608 0.943734 -0.2546797 -0.715399 -0.4287674 -0.5516911 -0.7650614 -0.6376104 0.09018874 -0.3180272 -0.9065423 0.2775609 -0.7650518 -0.6376228 0.09018445 -0.7103278 -0.06992286 -0.7003895 -0.7881603 -0.08780771 -0.6091744 -0.2109667 0.9437345 -0.254673 -0.3907333 0.5618801 -0.7291216 -0.6581372 0.3091306 -0.6865084 -0.5188449 0.1020944 -0.8487501 -0.39073 0.5618609 -0.7291382 0.1674717 0.9852384 -0.03547519 0.6357687 0.2942613 0.7135885 0.5236118 0.7048919 0.4784957 0.6587061 0.2847366 0.696442 0.5383292 -0.1383264 0.8313047 0.4208948 -0.4187275 0.8046832 -0.7615559 -0.1889172 -0.6199539 -0.6543427 -0.7305285 0.1953557 -0.5535004 0.09627604 -0.8272656 0.5802346 -0.3086546 0.7536978 0.7299835 0.04120439 0.6822217 -0.7756707 -0.3627489 -0.5164768 -0.7756714 -0.3627465 -0.5164775 -0.6210103 -0.7741026 -0.122929 -0.6543547 -0.7305226 0.1953376 -0.3125531 0.1704743 -0.9344781 -0.6617538 0.02223461 -0.7493916 -0.2456423 0.09023362 -0.9651518 -0.319103 0.05598163 -0.9460653 -0.03331148 -0.06945478 -0.9970288 -0.4016393 -0.1734033 -0.8992315 0.2217065 -0.5691145 -0.7918049 0.6190103 -0.7222927 0.3084146 0.2396816 -0.8736625 0.4233989 0.9718841 -0.1487035 0.1825612 0.150853 -0.9865499 0.06295073 0.7693336 -0.3597989 -0.5278926 0.7088931 0.6058041 -0.3612092 0.9657004 -0.2208871 0.1364983 0.7925227 0.6086317 -0.03841167 0.8413886 0.2687583 -0.468865 0.1300214 0.4656343 -0.8753738 0.2269474 -0.4083115 -0.8841814 -0.4944624 0.009794533 -0.8691438 -0.4804072 -0.6672223 -0.5692305 0.717269 -0.2408099 0.6538624 0.9150819 0.08633512 0.3939184 -0.5387074 0.03002977 -0.8419577 -0.4220037 -0.2300913 -0.8769099 0.008999645 -0.2930483 -0.9560554 -0.4139782 -0.0208112 -0.910049 0.009019553 -0.2930529 -0.9560537 0.7736417 -0.4431936 0.4528332 0.03928726 -0.9929125 0.1121665 0.7388282 0.2674989 0.6185283 0.5736932 0.6281641 0.5256291 0.6155122 0.6158414 -0.4918171 0.9160366 -0.2874658 -0.2797154 -0.1491727 0.2513087 -0.9563428 -0.316707 -0.2781545 -0.9068224 0.0632081 -0.9621675 -0.2650256 -0.1491467 0.2513174 -0.9563445 0.7862894 0.5975602 0.15707 0.1097718 0.9170032 -0.3834781 0.7528842 -0.3197244 0.5752755 -0.3853355 -0.4685974 -0.7949422 0.7915128 -0.206261 -0.5752946 0.1883732 -0.9816849 -0.02846622 0.8750293 -0.3235103 0.3600901 0.5250909 0.7600278 -0.3829324 0.4459239 0.8944393 0.03362119 0.8251726 0.4882434 0.2840929 0.3138085 -0.8920562 -0.3252077 0.388786 -0.8767042 -0.2832584 -5.38669e-5 -0.9980376 -0.06261813 0.2228125 -0.96785 -0.1167095 0.2678831 -0.928804 0.2560505 -5.06915e-5 -0.8571463 0.515073 -5.07153e-4 -0.8569843 0.5153424 0.6364337 -0.7093232 0.3030064 0.5579558 -0.5391183 0.6309016 0.407126 -0.8426983 -0.35229 0.3157485 -0.8863416 -0.3386762 0.4493777 -0.8073823 0.3823528 -0.1973984 -0.9483295 0.2484051 0.1724224 -0.9255077 0.3372035 -0.1588622 -0.9659275 0.2043211 0.1793433 -0.9270503 0.3292624 0.5160031 -0.8028323 0.2986658 0.5520937 -0.7809675 0.2920315 0.8247603 -0.5362371 0.1795 0.8074971 -0.5890048 -0.03196531 0.5513623 -0.819167 -0.1580034 -2.16994e-4 -0.9932293 0.1161707 -3.31851e-4 -0.6977024 -0.7163877 0.4496845 -0.8893651 0.08254528 -6.57256e-4 -0.8312012 -0.5559713 3.19605e-4 -0.9820341 0.1887035 0.3158372 -0.9129873 0.2582653 0.5386806 -0.840192 0.06245517 0.2622689 -0.8586538 0.4403736 0.5211105 -0.670777 0.527733 0.4358662 -0.8564243 0.2766914 0.2222978 -0.7791126 0.5861463 0.6215521 -0.7773644 0.09683865 0.3233023 -0.807169 0.4939169 0.7121344 -0.70203 -0.004306793 0.4683552 -0.7616673 0.4477793 0.8196439 -0.572835 -0.006646215 0.9468989 -0.3094843 -0.08719044 0.9522038 -0.3052338 -0.01184386 0.6312344 -0.631231 -0.4506558 0.8931258 -0.4496322 -0.012537 0.1648921 -0.8799046 -0.4456214 0.2323252 -0.8917486 -0.3883422 0.3351884 -0.8085747 -0.4835865 0.5616265 -0.7282263 -0.3927623 0.825219 -0.5172216 0.226926 0.7700772 -0.6174876 -0.1602824 0.9218786 -0.2682465 -0.2796134 0.9943786 -0.01196962 -0.1052052 0.5836601 -0.8110048 -0.04015135 0.5164897 -0.8130157 -0.2687822 0.280477 -0.9263667 -0.2513511 -4.13159e-5 -0.951707 -0.3070081 -1.17981e-4 -0.1969483 -0.9804139 0.06582635 -0.208337 -0.9758394 0.0906884 -0.1995617 -0.9756796 0.7139172 -0.6547844 -0.2481526 0.1350425 -0.561883 0.8161196 2.85626e-4 -0.5443059 0.8388868 2.5725e-4 -0.9459753 -0.3242387 0.405654 -0.86018 -0.309088 0.3688926 -0.4982114 0.784668 0.6519384 -0.7055775 -0.2777351 0.5187152 -0.8104591 -0.2721961 0.6027628 -0.7154777 -0.3532262 0.7446682 -0.5135728 -0.4262773 5.72577e-4 -0.9254465 -0.3788782 -9.17363e-5 -0.9990883 -0.04269397 0.5181868 -0.8502162 -0.09281772 0.7473706 -0.5587145 -0.3595489 0.8116195 -0.3557755 -0.4633546 0.8402457 -0.1616653 -0.517544 0.5802384 -0.6667944 -0.4676632 -2.37404e-4 -0.9018709 -0.4320058 0.886852 -0.07697945 -0.455596 0.9628019 0.02620607 -0.2689347 0.8411493 0.005079567 -0.5407791 -6.30671e-5 -0.3538826 -0.9352899 0.4404374 -0.2000623 -0.8752086 0.6175034 -0.05424439 -0.7846956 0.7200494 -0.02915102 -0.6933103 0.7486903 -0.2986328 -0.5918457 0.9251708 -0.198989 -0.3232063 0.9783563 -0.1033605 -0.1792642 0.3833497 0.06022131 -0.9216379 3.37693e-4 0.1234021 -0.9923568 0.6765087 -0.7297367 -0.09909838 0.6411762 -0.2142418 -0.736881 0.7371914 0.1571417 -0.6571571 0.9783533 -0.1033656 -0.179278 0.9251627 -0.1989768 -0.3232374 0.8560196 -0.5156732 0.03621733 0.9612585 -0.2648904 0.07625818 0.9810488 0.1822956 0.06566381 0.748681 -0.2986723 -0.5918375 0.728302 -0.656698 -0.1957653 0.3833349 0.06020963 -0.9216448 0.4856308 -0.5954456 -0.6400057 2.55046e-4 -0.6454694 -0.7637861 3.3759e-4 0.123397 -0.9923574 0.4306742 -0.8995751 0.07269322 0 -0.9918444 0.1274557 0.2347506 -0.7299264 0.6419498 5.69847e-7 -0.8460826 0.5330519 0.05627667 -0.7257133 0.6856917 0 -0.7673406 0.64124 0.6278107 -0.7750318 0.07196927 0.7903813 -0.5753123 0.2105072 0.3958673 -0.7514935 0.5277752 0.4105764 -0.6708576 0.6175574 0.1931398 -0.6727767 0.7141908 0.9577459 -0.1753698 0.2279655 0.7584837 -0.2983336 0.5793961 -0.6013848 -0.5741148 0.5556336 0.9004712 0.3408701 0.2701098 -0.187611 -0.3823901 0.9047541 0.5914212 0.759401 0.2711664 0.6132836 0.775711 0.1488484 -0.07493281 0.1242951 0.9894119 0.3184408 -0.724631 0.611151 0.5533411 -0.7363993 -0.3892683 0.03195196 -0.9188633 0.3932805 0.8097057 -0.5838139 -0.05948281 0.29462 0.9059225 0.3041439 -0.1133378 0.1351265 0.9843249 0.3022769 0.9387597 0.1654055 -5.44409e-7 0.9467818 0.3218761 3.50177e-5 0.1683148 0.9857333 -3.53205e-7 0.9835055 0.1808785 -6.91958e-7 -0.8602461 0.5098791 0.04978185 -0.8612591 0.5057219 0.1755511 -0.8383862 0.5160334 0.3156665 0.3327047 0.8886294 0.9394805 0.2318237 0.252258 0.1936336 0.7631445 0.616536 0.9330686 0.2711677 0.2363282 3.84548e-7 -0.9605162 0.2782242 0.03792017 -0.9662256 0.2548927 0.2221696 -0.9494995 0.2215656 -0.5969309 -0.6826301 0.4215324 -0.5379315 -0.813509 0.2209815 0.1223052 -0.992482 -0.004571497 0 -0.9997994 0.02003073 0 -0.9999482 -0.01018977 0.3036904 -0.951038 -0.05743622 0.6390743 -0.7416985 -0.2036359 -0.335833 -0.6541861 -0.6776849 0.9560321 -0.09879726 0.2761189 0.9964181 0.08417391 -0.008114933 0.4905462 -0.5568028 0.6703246 0.8065117 0.3754324 0.4567158 0.7310454 0.05750602 0.6799014 0.9470157 0.01861053 -0.320648 0.542124 -0.2016242 0.8157507 0.5006983 0.3659653 0.7844557 0.3397513 0.7556166 0.5600115 0.0720008 0.974483 0.2126002 0.8631203 0.4708831 0.1824623 0.1153982 0.9705036 0.2116748 0.1189106 0.9306541 -0.3460397 0.979568 0.1982923 0.03356993 -0.1207556 0.9012767 -0.416075 0.7414454 0.4252501 -0.5190578 0.8866346 -0.1835911 0.4244682 0.103619 0.3071232 -0.946012 0.8866114 -0.1835578 0.4245314 0.7414494 0.425275 -0.5190317 -0.04000395 -0.2883037 -0.9567031 0.3690822 0.9049553 0.2117409 -3.04468e-5 0.9674727 0.2529755 4.58993e-5 -0.2294772 -0.9733141 -0.2930364 -0.2687168 -0.9175625 -0.5244704 -0.05144262 -0.8498732 0.7924752 0.6098158 0.01038765 -0.2911474 5.75393e-4 -0.9566781 0.992955 -0.1132795 0.03475898 1.86227e-5 -0.9025177 0.430653 0.4029546 -0.8200292 0.4064233 0.66682 -0.6272622 0.4023598 0.3873948 -0.8484697 0.3605891 0.4029688 -0.8200164 0.4064351 -1.87308e-5 -0.9025135 0.4306616 0 -0.9131854 0.4075445 0.666792 -0.627274 0.4023876 0.7423229 -0.506681 0.4384417 0.9929573 -0.1132605 0.03475648 0.9764075 5.3978e-4 0.2159355 0.7462188 -0.1348334 0.651903 0.7016318 0.3689185 0.6096 0.5326579 0.7077869 0.4640188 0.6459684 -0.5223931 0.5566241 0.4076544 -0.2949461 -0.8641902 -0.2584885 0.8194769 -0.511509 -0.5093325 0.2895407 -0.8103991 0.2377601 0.9631363 0.1258518 0.8275167 -0.1388024 0.5440128 0.7329103 0.480446 0.4816785 0.6130809 -0.7313914 0.2986613 0.06714737 -0.9812638 -0.1805895 -0.6546325 0.3492984 -0.6704081 -0.5093405 0.2895588 -0.8103876 -0.2989649 0.8619925 -0.4093762 -0.6546224 0.3492966 -0.6704189 0.3518421 0.9240527 0.1494454 0.5759105 -0.6958597 0.4290762 0.1113129 -0.993672 0.01501709 -0.3052765 -0.856646 -0.4158896 -0.01334887 -0.9815638 0.1906685 0.5578481 -0.5599477 0.6125882 -0.5262024 -0.7378816 -0.4226604 -0.4174616 0.845232 -0.3336296 -0.6671134 0.3002712 -0.6817601 -0.4650475 0.8142668 -0.3474199 -0.7284975 0.3562598 -0.5851243 0.7060766 0.2540177 0.6610075 0.3494148 0.9129866 0.2106297 -0.3081587 0.8569813 -0.4130635 0.5009245 0.7907915 0.3517436 -0.1485927 0.9309665 -0.3334992 0.7058197 0.2103777 0.6764318 -0.6381456 0.3415444 -0.6900128 -0.6247121 0.3533035 -0.6963559 -0.6381435 0.3415578 -0.6900081 -0.6889706 -0.1719751 -0.704091 -0.7103189 -0.06992232 -0.7003985 -0.6247155 0.3533206 -0.6963442 0.5566531 -0.5104607 0.6554138 -0.02180433 -0.9889149 0.1468747 -0.5564236 -0.7047772 -0.4400931 -0.715416 -0.4287536 -0.5516796 -0.3180655 -0.9065208 0.2775871 0.5658517 -0.3844612 0.7293844 0.7058207 0.2103776 0.6764307 -0.6246961 0.3533022 -0.6963708 -0.1485636 0.9309711 -0.3334993 -0.6543288 -0.7305479 0.1953292 -0.02861064 -0.7035023 0.7101169 0.5568199 -0.4954639 0.6666837 0.02003884 -0.8669928 0.4979177 0.7629802 -0.2755144 0.5847677 0.5567951 -0.4954673 0.6667018 -0.02860367 -0.7034806 0.7101387 -0.3125717 0.1705018 -0.9344668 0.2779681 0.3922431 -0.8768575 0.2779396 0.392251 -0.8768631 -0.01004427 0.726264 -0.6873425 0.8414186 0.2687134 -0.4688369 -0.0100423 0.7262589 -0.687348 0.2779369 0.3922752 -0.876853 0.9657078 -0.2208712 0.1364715 0.8414024 0.2687329 -0.4688547 0.2217031 -0.5691455 -0.7917836 -0.5109612 -0.7283617 -0.4565173 -0.5109742 -0.7283454 -0.4565286 0.1299795 0.4656279 -0.8753835 0.1005561 -0.9360448 0.3372072 0.7834401 -0.2464021 0.5705327 0.7172609 -0.2407908 0.6538782 0.239715 -0.8736485 0.4234089 0.7222399 0.6655253 0.1882705 0.9150832 0.08633524 0.393915 -0.5109329 -0.7283537 -0.4565615 -0.7190162 -0.5782601 -0.3855269 -0.5387161 0.03000396 -0.841953 -0.6273368 0.4072613 -0.6637673 0.008975327 -0.293049 -0.9560554 0.006687343 0.9206427 -0.3903492 -0.6273369 0.4072718 -0.6637607 -0.5387244 0.03001606 -0.8419471 -0.6139277 -0.1056114 -0.7822653 -0.6626003 -0.5753217 -0.4795475 0.03926199 -0.9929129 0.1121714 -0.7783513 -0.1763197 -0.6025619 0.825061 -0.2519339 0.5057705 -0.101613 -0.9860177 0.1320762 -0.5092718 0.5242367 -0.6825087 -0.7781066 -0.2936039 -0.5552899 -0.5092643 0.5242397 -0.6825121 -0.4518924 0.5546503 -0.698682 -0.6402999 0.5416775 -0.5446113 -0.3674612 0.5085423 -0.7786895 -0.4518874 0.5546746 -0.6986658 0.2145799 0.9764608 -0.02190136 0.3729538 0.9233224 0.09154969 -0.6402861 0.5416787 -0.5446265 0.1986205 0.9798008 0.02324575 -0.3674619 0.5085456 -0.7786869 -0.3446741 0.1786802 -0.9215602 -0.3853215 -0.4686182 -0.7949367 0.1883376 -0.9816922 -0.0284534 -0.4090665 0.5643267 -0.7170774 -0.4090828 0.5643334 -0.7170629 0.6682831 0.4486752 -0.5933702 -0.3446896 0.1786552 -0.9215593 0.8697457 0.4668515 0.1599752 0.818786 0.2718537 0.5056531 0.7697932 0.4483393 0.4543241 0.6700208 0.5680908 0.4778547 0 -0.9986719 -0.05152243 0.4588064 -0.8868751 -0.05430871 0.8300783 -0.5572175 0.02188277 0.9933189 -0.04560029 0.1060104 1.49608e-5 0.959176 0.2828099 0.4312763 0.8693841 0.2411889 0.4346228 0.8984844 -0.06187742 1.65999e-5 0.9691499 -0.2464722 0.8569921 0.4767396 0.1956629 0.8575263 0.5088898 -0.07536631 0.5103223 -0.8271974 -0.2351926 0 -0.9339642 -0.3573666 0.8177368 -0.5468749 -0.1795399 0.5203686 -0.8438023 -0.1312034 1.60225e-5 -0.9757876 -0.2187204 0.8025966 -0.5923403 -0.07050943 0.9978063 -0.06306719 -0.02012968 0.8838515 0.4666589 -0.03219175 0.9899312 -0.1348958 0.04288905 0.4561724 0.8896651 -0.02007561 2.39909e-6 0.973835 -0.2272562 0.4006897 -0.09179097 -0.9116042 0.1036354 0.3071138 -0.9460131 0.7821461 0.5307949 0.3263499 0.7924776 0.6098124 0.0103954 0.3690859 0.9049529 0.2117449 0.3411729 0.795114 0.5013928 2.59727e-5 0.8501845 0.5264849 -2.48849e-5 0.9674741 0.2529705 0.3401056 -0.9382208 0.06379735 -9.25835e-5 -0.9894753 0.1447017 0.7991803 0.1903957 0.5701407 0.5521395 -0.8328397 -0.03898596 0.3506376 -0.7310682 -0.5853141 0.3439434 -0.9257069 -0.1573845 0.40659 -0.6681147 -0.6231432 0.887817 -0.4380685 0.1409859 0.5579445 -0.5391045 0.6309235 0.2223108 -0.7791168 0.5861358 0.3233456 -0.8071658 0.4938938 0.4683663 -0.761657 0.4477853 0.1648901 -0.8799203 -0.4455912 0.2323186 -0.891753 -0.3883361 0.3352034 -0.8085695 -0.4835847 0.561659 -0.7282032 -0.3927585 0.859733 -0.1901001 -0.4740477 0.6411944 -0.2142354 -0.7368671 -0.5407092 -0.5402299 0.6448141 0.1615732 0.8418425 0.5149713 -0.07072597 0.2226037 0.9723402 -0.1802018 0.09783834 0.9787518 0.2651866 0.2823489 0.9219302 0.2332533 0.7556895 0.6119855 0.5541122 -0.8011059 0.2262499 0.7228681 -0.6861277 -0.08179509 0.9888235 0.04941666 0.140663 0.9517495 0.3039454 0.04230916 0.9772642 -0.1788499 -0.1138746 0.841335 -0.5298375 -0.1069009 0.8918922 -0.4497456 -0.04751044 0.843975 0.5314924 0.07226449 0.4970076 0.8278979 -0.2599394 0.199641 0.9610599 -0.1910691 0.198385 0.9625634 -0.1847033 0.1018192 0.9869804 -0.1245092 0.9479282 0.1795862 0.2630229 0.8793606 0.4360809 -0.1912024 0.1399465 -0.9892395 0.04266685 0.1320165 -0.9029378 -0.408993 0.9357228 -0.3527052 -0.004697978 0.5017024 -0.4322031 -0.7493299 0.6938442 -0.1326681 -0.707799 -1.60677e-7 0.9178942 0.3968255 -6.07263e-7 0.3248246 0.9457743 -0.3657965 -0.2487221 0.8968447 -0.4635256 -0.4113362 0.7848228 0.3003865 -0.251395 0.9200916 0.8290376 0.2687016 0.490404 0.854117 0.434087 0.2864485 0.8804683 0.02677237 0.4733487 0.1355305 0.9789634 0.1525189 0.05127012 0.991348 0.1208328 0.7459648 0.6338303 0.2044404 0 0.9939197 0.1101082 0.2840015 -0.5856264 0.7592002 0.8445753 -0.1823778 0.5034193 -0.5566336 -0.5956763 0.5790759 -0.5463301 -0.716354 0.4340052 0.3661922 -0.7722124 0.5192218 0.933503 -0.1907106 0.3036471 -0.3950049 -0.8828666 0.2540031 -0.194883 -0.9742437 0.1134454 0.9198405 0.3336426 0.2063403 0.8791248 0.2947538 0.3745131 0.9887479 0.05634593 -0.1385746 0.8744171 0.06802511 0.4803825 0.9935939 -0.09680736 -0.05830621 0.9866915 0.1314508 -0.09571075 0.8830556 0.4509473 -0.1298432 0.597992 0.7933402 -0.1140925 0.2857456 0.9558982 -0.06788367 -0.07781493 -0.9962341 0.03824263 0.0595293 -0.9976487 0.03396314 -1.32917e-7 0.9947377 -0.1024544 0 0.9891478 -0.1469242 0 0.9982864 -0.05851936 0.2381381 0.6521438 -0.7197214 0 0.6990412 -0.7150815 0.7102089 -0.02105134 -0.7036762 0.7378188 0.07544833 -0.670769 0.67472 0.2603352 -0.6906364 0.4960121 0.5169785 -0.6976427 -0.8075675 0.589447 0.01967108 -0.7084299 -0.2963577 -0.6405461 -0.5348387 -0.6676396 -0.517885 -0.9268314 0.3697217 0.06549352 -0.3358696 -0.6541762 -0.6776763 -0.9354321 0.3534678 0.005234599 -0.8814505 -0.2363244 -0.4088959 -0.990419 -0.1378801 -0.007691383 -0.6453672 0.1812374 -0.7420608 -0.671271 0.2440524 -0.6998812 -0.5379634 -0.8135063 0.2209137 -0.987257 0.1580505 0.01854217 -0.9968604 0.07657569 0.02013862 -0.2911683 6.38574e-4 -0.9566717 -0.9916052 -0.125823 0.02979671 -0.5244535 -0.05146968 -0.849882 -0.8938498 -0.4415376 0.07795643 -0.2930384 -0.2687096 -0.917564 -0.6118041 -0.7844215 0.1018761 -0.03998374 -0.2883434 -0.9566919 -0.2696055 -0.9603267 0.07131403 -0.9874216 0.1580804 0.003066062 -0.9991484 -0.02744543 0.0308144 0 -0.9988558 0.04782515 -4.43058e-5 -0.2294536 -0.9733196 -3.4783e-5 -0.6980497 -0.7160493 -0.1973481 -0.6880522 -0.6983108 -0.7152491 0.08365505 -0.6938449 -0.6887657 -0.1559867 -0.7080042 -0.5618717 -0.4201097 -0.7126066 -0.3705145 -0.5634276 -0.7384229 -0.1133189 0.1351608 0.9843223 -0.07498216 0.1242969 0.9894079 0.8839556 0.463548 -0.06120216 0.9964144 0.08421844 -0.008105874 0.9795699 0.1982803 0.03358042 0.8866105 -0.1835343 0.4245435 -0.8814427 -0.2363014 -0.4089261 -0.9904184 -0.1378844 -0.0076918 -0.6453583 0.1812503 -0.7420654 -0.6712571 0.2440819 -0.6998842 -3.54163e-5 0.1682967 0.9857365 -0.1876342 -0.3824099 0.9047409 -0.540722 -0.5402363 0.644798 0.9394779 0.2318158 0.2522753 0.9330736 0.2711947 0.2362778 0.9156915 0.1289743 0.3806242 0.8631255 0.470874 0.1824614 0.8768709 -0.1354719 0.4612427 -0.6013844 -0.5741167 0.5556321 -0.5969447 -0.6826483 0.4214838 0.9560343 -0.09881174 0.2761064 -0.5379449 -0.8135042 0.2209663 -0.9872615 0.1580201 0.01856124 0.8175641 0.5273713 0.2312325 0.8065174 0.3754258 0.4567114 0.7310459 0.05747479 0.6799034 -0.9874186 0.1580975 0.003117799 -0.9991479 -0.02744281 0.03082811 -0.1973587 -0.6880567 -0.6983034 -2.73213e-5 -0.6980571 -0.7160422 -0.7152469 0.08365428 -0.6938472 -0.6887602 -0.1560381 -0.7079983 -0.5618738 -0.4201188 -0.7125995 -0.3705186 -0.5634093 -0.7384349 -0.07436817 0.1626276 -0.983881 0.06582725 -0.2083603 -0.9758344 -9.3326e-5 -0.196967 -0.9804102 2.01373e-5 0.1280239 -0.9917711 -0.2541605 0.1930248 -0.9477045 0.09067517 -0.1995767 -0.9756778 -0.9952619 0.08584433 -0.04565852 0.2552178 -0.7174336 -0.6481921 2.57622e-4 -0.5443151 0.8388808 0.1349993 -0.561854 0.8161467 -0.04836398 0.09769272 0.9940408 3.04743e-5 0.06572294 0.997838 0.3688663 -0.4982275 0.78467 -0.2442511 0.07248103 0.9669994 -0.04750138 -0.7215366 -0.690745 -5.65673e-6 -0.7159573 -0.6981441 -0.3156098 -0.721163 -0.6166964 -0.917535 -0.3710195 -0.1430884 -0.04811692 -0.7653775 0.6417805 -1.87891e-5 -0.7582913 0.6519159 -0.3435238 -0.7275053 0.5939086 -0.8538546 -0.5062596 0.1209693 -0.6794022 -0.7081109 -0.1923325 -0.3969823 -0.9034863 -0.1616097 -0.7114744 -0.6436891 0.2819017 -0.8920903 -0.4468429 0.06712913 -0.8868582 -0.439781 0.1416873 -0.1457691 -0.9669218 0.2093173 -0.7840465 -0.6206345 0.0091632 -0.803743 -0.5204817 0.2882642 -0.9755063 -0.1701741 0.1393862 -0.8020544 -0.5739078 0.1653442 -0.965466 -0.2605241 0.001640617 -0.705485 -0.679745 0.2005934 -0.6851001 -0.7197791 0.1120534 -0.5769306 -0.8164386 -0.02407044 -0.4388616 -0.8884105 0.1346389 -0.2714022 -0.2344697 -0.9334693 -0.4306254 -0.8333346 -0.3465767 -0.5746539 -0.3922528 -0.7182693 -0.5478157 -0.3024469 -0.7800153 -0.5633504 -0.7080187 -0.4258474 -0.5421556 -0.8084268 0.2291582 -0.4492504 -0.8086344 0.3798485 -0.5179501 -0.6904132 0.5050321 -0.6947811 -0.5577621 0.4540714 -0.1884359 -0.7853743 -0.5896432 0.3198771 -0.9010668 -0.2928434 -0.8075087 -0.588989 -0.03196555 -0.8225262 -0.5687034 -0.005214393 -0.8848095 -0.4659495 0.001827299 -0.9043449 -0.4242846 -0.04629248 -0.9521844 -0.3048103 0.02087277 -0.549408 -0.8346313 -0.03926169 -0.3506331 -0.7311089 -0.5852661 0.4521729 -0.890779 -0.04530727 0.2774599 -0.9510629 -0.1359981 -0.4060862 -0.6683681 -0.6232 -0.892057 -0.4517865 -0.01110398 -0.2550573 -0.7163171 -0.6494888 -0.5055016 -0.7543963 -0.4187534 -0.5563861 -0.7096598 -0.432224 -0.6069706 -0.7399572 -0.2899139 -0.5413406 -0.7142398 -0.4436349 -0.8177817 -0.3682283 -0.4423136 -0.7907187 -0.5583227 -0.2510772 -0.8776888 -0.2582067 -0.4037221 -0.8954908 -0.02562355 -0.4443419 -0.890186 0.152386 -0.4293572 -0.9587952 -0.01355236 -0.2837751 -0.6490869 -0.04841828 -0.7591719 -0.9238877 -0.294631 -0.2441807 -0.725084 0.1734455 -0.6664607 -0.9280792 0.1891936 -0.3207412 -0.8536981 0.05780243 -0.5175507 -0.5018201 0.08872503 -0.8604095 -0.206729 -0.5012612 -0.8402383 -0.7711758 0.3987477 -0.4962743 -0.4946961 -0.6830667 -0.537304 0.7084329 -0.2963546 -0.6405442 0.5348252 -0.6676268 -0.5179155 -0.4394406 -0.8864172 -0.1454536 -0.8839662 0.4635294 -0.06118977 -0.9512935 -0.08160197 -0.2972907 -0.8175436 0.5273992 0.2312412 -0.3664814 -0.2316841 0.9011182 -0.8768714 -0.1354411 0.4612507 -0.9156895 0.1289975 0.3806211 -0.4587317 -0.8871393 0.05049037 -0.4538204 -0.7440437 0.4903529 -0.5206722 -0.7950829 0.3110368 -0.5539258 -0.5413966 -0.6324998 -0.1281731 -0.908212 -0.3984003 0.5618892 -0.1019873 -0.8209014 0.4244526 -0.4583975 -0.7808404 0.4939743 -0.6896667 -0.5294802 0.7144731 -0.1557481 -0.6821076 0.6671062 0.3002673 -0.681769 0.6534989 -0.3030514 -0.6936131 0.7284869 0.3562636 -0.5851352 0.7570751 -0.1234714 -0.6415544 -0.6472809 0.4959906 0.5788099 -0.20557 0.9400388 0.2721546 -0.1686879 0.9642478 0.2043787 -0.7654758 -0.1448373 0.6269521 -0.7084496 0.238942 0.6640829 0.3180572 -0.9065223 0.2775914 -0.5658507 -0.3844541 0.7293889 -0.01042759 -0.6466101 0.7627495 -0.534422 -0.2083603 0.8191332 -0.5009269 0.790791 0.3517412 0.14856 0.9309619 -0.3335266 -0.4062899 0.8364263 0.367858 0.2109605 0.9437341 -0.2546798 0.7153989 -0.4287673 -0.5516911 0.3180272 -0.9065422 0.277561 0.7650615 -0.6376103 0.0901888 0.7650523 -0.6376222 0.09018379 0.7103278 -0.06992244 -0.7003894 0.7881603 -0.08780771 -0.6091741 0.2109671 0.9437343 -0.2546734 0.6581374 0.3091304 -0.6865082 0.3907337 0.5618799 -0.7291216 0.5188452 0.1020942 -0.8487501 0.3907299 0.5618608 -0.7291382 -0.1674716 0.9852384 -0.03547519 -0.5236117 0.704892 0.4784957 -0.6357688 0.2942613 0.7135883 -0.6587063 0.2847366 0.6964418 -0.5383293 -0.1383264 0.8313047 -0.4208952 -0.4187275 0.8046829 0.7615556 -0.1889172 -0.6199544 0.6543427 -0.7305284 0.1953558 0.5535006 0.09627604 -0.8272653 -0.5802346 -0.3086546 0.7536978 -0.7299801 0.04120433 0.6822253 0.7756766 -0.3627445 -0.5164711 0.7756714 -0.3627465 -0.5164775 0.6543565 -0.7305209 0.1953381 0.6210109 -0.774102 -0.1229287 0.3125534 0.1704735 -0.9344781 0.6617537 0.02223443 -0.7493915 0.2456408 0.09023362 -0.9651521 0.03331106 -0.0694549 -0.9970288 0.319103 0.05598169 -0.9460653 -0.2217049 -0.5691149 -0.7918051 0.4016392 -0.1734032 -0.8992316 -0.6190088 -0.7222939 0.3084148 -0.2396814 -0.8736625 0.4233989 -0.9718842 -0.1487026 0.1825615 -0.7693341 -0.3597984 -0.5278922 -0.1508533 -0.9865499 0.06295132 -0.7088922 0.605805 -0.3612095 -0.9657001 -0.2208878 0.1364995 -0.841389 0.2687583 -0.4688643 -0.7925219 0.6086326 -0.03841191 -0.1300218 0.4656354 -0.8753732 0.4944628 0.009796202 -0.8691436 -0.2269496 -0.4083115 -0.8841808 0.4804077 -0.6672216 -0.569231 -0.717269 -0.2408098 0.6538623 -0.9151331 0.08645308 0.3937734 0.5387074 0.03002971 -0.8419576 0.4215891 -0.2299209 -0.8771539 -0.009976804 -0.2923849 -0.9562488 0.4139788 -0.02081125 -0.9100487 -0.7735307 -0.4433104 0.4529085 -0.00994575 -0.2923703 -0.9562535 -0.03997141 -0.9929187 0.11187 -0.7388305 0.2675079 0.6185218 -0.5737096 0.6281668 0.5256082 -0.615512 0.6158411 -0.491818 0.1491726 0.2513069 -0.9563433 -0.916036 -0.2874668 -0.279716 0.3167068 -0.2781562 -0.9068219 -0.06320816 -0.9621679 -0.265024 0.1491494 0.2513172 -0.9563442 -0.7862899 0.5975599 0.1570686 -0.109798 0.9169917 -0.3834978 -0.7529341 -0.3207033 0.574665 0.3879817 -0.4540641 -0.8020574 -0.1949056 -0.9798745 -0.04310226 -0.7931788 -0.1948658 -0.5769703 -0.8798938 -0.3106109 0.3595939 -0.485758 0.7755765 -0.4031383 -0.8126235 0.5116699 0.2789928 -0.401944 0.9149845 0.0352779 -0.3125638 -0.8924695 -0.3252723 -0.2227488 -0.9677901 -0.1173254 -0.2676432 -0.9289177 0.2558889 -0.3883904 -0.8767403 -0.2836888 -0.6359104 -0.7096275 0.303392 -0.5571669 -0.5397116 0.6310916 -0.4069709 -0.8426718 -0.3525323 -0.3156904 -0.8863667 -0.3386647 -0.1724195 -0.9255066 0.3372077 -0.1793476 -0.9270482 0.3292664 0.1585793 -0.965927 0.2045429 0.1971494 -0.9483066 0.2486901 -0.6113929 -0.7848982 -0.1006667 -0.5513707 -0.8191618 -0.1580008 -0.5520984 -0.780964 0.2920318 -0.5159999 -0.802834 0.2986667 -0.1483584 -0.8452599 -0.5133474 -0.8247587 -0.5362368 0.1795083 -0.825205 -0.5172441 0.226926 -0.4497676 -0.8895232 0.08035987 -0.3152435 -0.9134715 0.2572772 -0.5382645 -0.8406104 0.06037938 -0.2606822 -0.8592427 0.4401667 -0.319105 -0.6632475 -0.67696 -0.9881162 -0.1425235 -0.05756449 -0.9274306 -0.3567916 -0.1121265 -0.4437521 -0.619657 -0.6473866 -0.4356456 -0.856762 0.2759926 -0.2223299 -0.7792325 0.5859745 -0.6216413 -0.7774267 0.09575968 -0.3234399 -0.8072007 0.4937748 -0.7118562 -0.7022976 -0.00623852 -0.4683226 -0.7617262 0.4477134 -0.8707153 -0.4917821 -0.002290487 -0.9428828 -0.3219935 -0.08539551 -0.1647924 -0.8798645 -0.4457377 -0.2322568 -0.8917443 -0.3883928 -0.3351797 -0.8085808 -0.4835823 -0.561626 -0.7282288 -0.3927584 -0.9213291 -0.2688637 -0.2808296 -0.7689685 -0.6184641 -0.1618326 -0.6482974 -0.6624163 -0.3753868 -0.988178 -0.009657025 -0.1530063 -0.5162563 -0.8129381 -0.2694644 -0.5824527 -0.8118076 -0.04144126 -0.2801272 -0.9266449 -0.250715 -0.06649237 -0.2087151 -0.9757135 -0.09113371 -0.1995694 -0.9756366 -0.7103448 -0.6614466 -0.2406215 -0.1340913 -0.5620002 0.8161958 -0.4055348 -0.8604269 -0.3085564 -0.3687341 -0.4982516 0.7847169 -0.6525105 -0.7055259 -0.2765201 -0.597467 -0.7211319 -0.3507163 -0.5182673 -0.8118809 -0.2687911 -0.7381044 -0.5300562 -0.4174236 -0.5183284 -0.8503287 -0.09097665 -0.7400569 -0.5691115 -0.3583685 -0.8419512 -0.1610715 -0.5149508 -0.8067482 -0.3626452 -0.4665253 -0.5804669 -0.6670307 -0.467042 -0.8914707 -0.07422184 -0.4469577 -0.8932355 -0.2960075 -0.338393 -0.8419722 0.006812095 -0.5394778 -0.4404793 -0.2002556 -0.8751432 -0.6118977 -0.05819344 -0.7887933 -0.7181828 -0.02173995 -0.6955149 -0.7461202 -0.2878175 -0.600388 -0.924199 -0.1969096 -0.3272352 -0.9790077 -0.03764081 -0.2003178 -0.3778774 0.06051349 -0.9238761 -0.725078 0.1734554 -0.6664646 -0.6543104 -0.0244171 -0.755832 -0.6918072 -0.613084 -0.3814852 -0.924212 -0.1968881 -0.3272115 -0.9790081 -0.03763651 -0.2003165 -0.9549123 -0.2685166 0.1266548 -0.8572905 -0.5137065 0.0340411 -0.530572 -0.7929403 -0.2995647 -0.6778543 -0.3799804 -0.6293874 -0.7284134 -0.654606 -0.20225 -0.7461216 -0.287793 -0.6003981 -0.4839095 -0.5949683 -0.6417511 -0.3778548 0.06048345 -0.9238872 -0.4306647 -0.8995819 0.07266616 -0.2347505 -0.7299265 0.6419498 -0.05627644 -0.7257133 0.6856918 -0.6278064 -0.7750673 0.07162266 -0.790493 -0.5751715 0.2104727 -0.3958675 -0.7514935 0.5277751 -0.4105758 -0.6708579 0.6175574 -0.1931405 -0.6727767 0.7141907 -0.9604798 -0.1923981 0.2011507 -0.7584831 -0.2983342 0.5793964 0.6013841 -0.5741181 0.5556309 -0.8963866 0.3649126 0.2516543 0.1876115 -0.38239 0.9047541 -0.6154907 0.7735128 0.1511593 -0.5914211 0.759401 0.2711665 0.0749334 0.1242955 0.9894118 -0.1067378 -0.6380696 -0.7625446 -0.2946203 0.9059224 0.3041439 0.1133378 0.1351266 0.9843248 -0.3022772 0.9387596 0.1654053 -0.04978179 -0.861259 0.505722 -0.1755505 -0.8383862 0.5160335 -0.9394801 0.231824 0.2522595 -0.3156654 0.3327049 0.8886297 -0.9330685 0.2711679 0.2363284 -0.1936336 0.7631445 0.6165359 -0.03791952 -0.9662256 0.2548928 -0.2221696 -0.9494995 0.2215657 0.5969313 -0.6826301 0.4215319 0.5379316 -0.8135089 0.2209816 -0.1223053 -0.992482 -0.004571497 -0.3036907 -0.9510379 -0.05743616 -0.6390744 -0.7416983 -0.2036358 0.335833 -0.6541863 -0.6776848 -0.9964181 0.08417397 -0.008115172 -0.9560322 -0.09879791 0.2761187 -0.4905463 -0.5568026 0.6703247 -0.9470158 0.01861059 -0.3206475 -0.7310455 0.05750608 0.6799012 -0.8065117 0.3754326 0.4567158 -0.5421242 -0.201624 0.8157507 -0.500698 0.3659654 0.7844558 -0.3397513 0.7556165 0.5600115 -0.8631203 0.470883 0.1824625 -0.07200103 0.974483 0.2126002 -0.1153982 0.9705036 0.2116749 -0.979568 0.1982921 0.03356987 -0.1189113 0.930654 -0.3460395 0.1207544 0.9012769 -0.416075 -0.8866347 -0.1835911 0.4244682 -0.7414456 0.4252499 -0.5190577 -0.1036198 0.307123 -0.946012 -0.8866116 -0.1835575 0.4245309 -0.7414493 0.425275 -0.519032 -0.3690822 0.9049553 0.2117409 0.04000288 -0.2883039 -0.9567031 0.2930364 -0.2687167 -0.9175626 0.5244704 -0.05144274 -0.8498733 -0.792475 0.6098161 0.01038753 0.2911474 5.75267e-4 -0.956678 -0.992955 -0.1132794 0.0347591 -0.4029545 -0.8200291 0.4064233 -0.6668208 -0.6272613 0.4023599 -0.3873956 -0.8484696 0.3605888 -0.4029712 -0.8200157 0.4064341 -0.6667945 -0.6272732 0.4023848 -0.7423245 -0.5066803 0.43844 -0.9929571 -0.1132622 0.03475588 -0.9764077 5.38726e-4 0.2159347 -0.7462189 -0.1348335 0.6519029 -0.7016319 0.3689184 0.6095998 -0.5326579 0.7077869 0.4640187 -0.6459685 -0.5223929 0.556624 -0.4076561 -0.2949461 -0.8641894 0.2584883 0.8194768 -0.5115091 0.5093327 0.2895404 -0.810399 -0.2377598 0.9631364 0.1258518 -0.8275167 -0.1388025 0.5440131 -0.73291 0.4804462 0.4816787 -0.6130809 -0.7313913 0.2986614 -0.06714737 -0.9812638 -0.1805894 0.6546244 0.3492969 -0.6704168 0.5093404 0.2895587 -0.8103878 0.6546226 0.3492961 -0.670419 0.2989652 0.8619925 -0.4093762 -0.3518419 0.9240528 0.1494454 -0.5759105 -0.6958597 0.4290762 -0.1113128 -0.993672 0.01501721 0.305276 -0.856646 -0.4158899 -0.5578486 -0.5599475 0.6125879 0.01334947 -0.9815638 0.1906687 0.5262034 -0.737881 -0.4226602 0.4174613 0.8452321 -0.3336296 0.6671137 0.3002713 -0.6817599 0.7284969 0.3562605 -0.5851246 0.4650473 0.8142668 -0.34742 -0.349415 0.9129866 0.2106296 -0.7060769 0.2540178 0.6610071 0.3081583 0.8569813 -0.4130635 0.1485928 0.9309665 -0.3334991 -0.5009243 0.7907916 0.3517435 -0.7058197 0.2103779 0.6764317 0.6381459 0.3415445 -0.6900125 0.6247122 0.3533036 -0.6963557 0.6381434 0.3415575 -0.6900085 0.6889708 -0.171975 -0.7040908 0.7103193 -0.06992232 -0.7003981 0.6247159 0.3533202 -0.696344 -0.5566539 -0.5104604 0.6554133 0.02180504 -0.9889148 0.1468748 0.5564243 -0.7047768 -0.4400929 0.7154161 -0.4287536 -0.5516794 0.3180652 -0.9065208 0.2775874 -0.5658518 -0.384461 0.7293844 -0.7058199 0.2103774 0.6764316 0.1485638 0.930971 -0.3334993 0.6246959 0.3533027 -0.6963708 0.6543275 -0.7305493 0.1953287 0.0286082 -0.7035031 0.7101162 -0.5568194 -0.4954621 0.6666856 -0.02003818 -0.8669924 0.4979183 0.02860599 -0.7034792 0.7101399 -0.5567946 -0.4954668 0.6667028 -0.7629802 -0.2755145 0.5847676 0.3125702 0.1705019 -0.9344673 -0.2779675 0.392242 -0.8768582 -0.2779396 0.3922502 -0.8768634 0.01004409 0.7262641 -0.6873424 -0.8414161 0.2687098 -0.4688432 -0.2779369 0.3922762 -0.8768526 0.01004481 0.7262592 -0.6873475 -0.9657072 -0.2208736 0.1364721 -0.2217019 -0.5691457 -0.7917838 -0.8414029 0.2687314 -0.4688547 0.5109617 -0.7283614 -0.4565172 0.510975 -0.7283452 -0.4565283 -0.1299791 0.4656283 -0.8753832 -0.1005559 -0.9360449 0.337207 -0.2397133 -0.8736491 0.4234086 -0.7172607 -0.2407923 0.6538779 -0.7834385 -0.2464061 0.5705333 -0.9151341 0.08644598 0.3937725 -0.7223154 0.6654074 0.1883973 0.5109335 -0.7283535 -0.4565613 0.7190166 -0.5782595 -0.3855271 0.5387163 0.03000307 -0.8419529 0.6274788 0.4070727 -0.6637486 -0.00995928 -0.2923387 -0.956263 0.5387246 0.03001463 -0.8419471 0.6274843 0.4070308 -0.6637692 -0.006668746 0.9206405 -0.3903545 0.6140734 -0.1063434 -0.7820518 0.662783 -0.5739282 -0.4809627 -0.03998476 -0.9929177 0.1118743 0.7775185 -0.1784141 -0.6030205 -0.825061 -0.2519335 0.5057707 0.1016113 -0.9860178 0.1320763 0.5092911 0.5242001 -0.6825225 0.7781064 -0.2936035 -0.5552904 0.5092943 0.5242027 -0.6825182 0.6640902 0.4987514 -0.5569842 0.4502557 0.5549473 -0.6995022 0.3674609 0.5085423 -0.7786895 -0.3574247 0.9315844 0.06631869 -0.2153148 0.9762861 -0.02246975 0.4502263 0.5549673 -0.6995052 0.6641019 0.4987494 -0.5569719 -0.1986464 0.9797956 0.02324306 0.3674619 0.5085458 -0.7786868 0.343712 0.1770175 -0.9222401 0.3879719 -0.4540396 -0.802076 -0.1948783 -0.9798793 -0.043118 0.4492794 0.5506649 -0.7035029 0.4492842 0.5506919 -0.7034786 0.3437032 0.1769924 -0.9222483 -0.6731938 0.4500287 -0.5867574 -0.8740275 0.4507631 0.181352 -0.8182663 0.2717027 0.5065749 -0.7670125 0.4511378 0.4562526 -0.6703507 0.5680925 0.4773896 -0.4588063 -0.8868751 -0.05430871 -0.8300782 -0.5572177 0.02188283 -0.9933189 -0.04560053 0.1060104 -1.49906e-5 0.9591763 0.2828092 -1.72108e-5 0.96915 -0.246472 -0.4346232 0.8984842 -0.06187754 -0.4312763 0.8693842 0.241189 -0.8575264 0.5088894 -0.0753656 -0.8569921 0.4767398 0.195663 -0.5103209 -0.8271982 -0.2351931 -0.8177368 -0.5468747 -0.1795398 -0.520366 -0.8438037 -0.1312046 -0.8025974 -0.5923396 -0.07050895 -0.9978063 -0.06306689 -0.02012979 -0.8838518 0.4666581 -0.0321905 -0.9899314 -0.1348946 0.04288887 -0.4561733 0.8896645 -0.02007609 -3.68804e-6 0.973835 -0.2272564 -0.4006905 -0.09179121 -0.9116038 -0.1036349 0.3071137 -0.9460133 -0.792478 0.6098121 0.01039421 -0.7821464 0.5307949 0.3263491 -0.3690835 0.9049537 0.2117456 -0.3411715 0.7951143 0.5013933 2.51532e-5 0.9674741 0.2529705 -2.59876e-5 0.8501846 0.5264847 -0.3399236 -0.9383473 0.06289911 -0.7983999 0.190644 0.5711503 -0.5494583 -0.8345967 -0.03929585 -0.3437412 -0.9257839 -0.157373 -0.350629 -0.7310704 -0.5853166 -0.4060846 -0.6683726 -0.6231961 -0.8868482 -0.4397958 0.141704 -0.5571607 -0.5397146 0.6310943 -0.2223159 -0.7792337 0.5859782 -0.3234069 -0.8072105 0.4937807 -0.4683398 -0.7616992 0.447741 -0.1648163 -0.8798711 -0.4457159 -0.2323095 -0.8917428 -0.3883647 -0.3352103 -0.8085871 -0.4835504 -0.5616588 -0.7282034 -0.3927587 -0.8780643 -0.08246344 -0.471384 -0.6542782 -0.02442312 -0.7558596 0.5407091 -0.5402299 0.6448142 -0.1615732 0.8418424 0.5149713 0.1802014 0.09783804 0.9787519 0.07072418 0.2226031 0.9723405 -0.2332532 0.7556895 0.6119856 -0.2651858 0.282349 0.9219304 -0.554112 -0.8011061 0.2262499 -0.9888235 0.04941737 0.1406632 -0.7228679 -0.6861281 -0.08179515 -0.9517498 0.3039447 0.04230898 -0.9772642 -0.1788501 -0.1138747 -0.8918922 -0.4497455 -0.04751044 -0.841335 -0.5298376 -0.1069009 -0.843975 0.5314924 0.07226419 -0.199641 0.9610599 -0.1910691 -0.4970075 0.827898 -0.2599394 -0.198385 0.9625633 -0.1847033 -0.1018193 0.9869804 -0.1245092 -0.9479283 0.1795858 0.2630226 -0.8793606 0.4360811 -0.1912025 -0.1399464 -0.9892394 0.04266691 -0.9357228 -0.3527053 -0.004697978 -0.1320183 -0.9029374 -0.408993 -0.5017038 -0.4322027 -0.7493291 -0.6938446 -0.132668 -0.7077986 0.3657953 -0.2487239 0.8968446 0.4635255 -0.4113366 0.7848226 -0.3003864 -0.251395 0.9200916 -0.8541172 0.4340869 0.2864481 -0.8290379 0.2687007 0.4904043 -0.8804683 0.0267719 0.4733485 -0.1355302 0.9789636 0.1525189 -0.05126994 0.991348 0.1208329 -0.7459646 0.6338305 0.2044404 -0.8445743 -0.1823785 0.5034205 -0.284001 -0.5856265 0.7592003 0.5566329 -0.5956766 0.5790763 -0.3661909 -0.7722129 0.5192221 0.54633 -0.7163542 0.434005 -0.9335024 -0.1907124 0.3036479 0.3950057 -0.8828664 0.2540033 0.1948831 -0.9742438 0.1134454 -0.91984 0.3336434 0.206341 -0.8791252 0.2947531 0.3745123 -0.8744164 0.06802499 0.4803838 -0.9887478 0.05634588 -0.1385747 -0.9866915 0.131451 -0.09571081 -0.9935939 -0.09680742 -0.05830621 -0.8830558 0.4509473 -0.1298432 -0.597992 0.7933402 -0.1140925 -0.2857456 0.9558982 -0.06788367 0.07781487 -0.9962341 0.03824269 -0.059529 -0.9976487 0.03396314 -0.2381371 0.6521438 -0.7197216 -0.710209 -0.02105116 -0.7036762 -0.7378186 0.07544845 -0.6707692 -0.6747199 0.2603351 -0.6906365 -0.4960122 0.5169783 -0.6976427 0.8075677 0.5894468 0.01967108 0.5348391 -0.6676416 -0.5178821 0.7084295 -0.2963579 -0.6405465 0.9268314 0.3697217 0.06549352 0.3358696 -0.6541763 -0.6776763 0.9354321 0.3534677 0.005234599 0.990419 -0.1378802 -0.007695257 0.8814505 -0.2363245 -0.4088957 0.6453672 0.1812373 -0.7420608 0.6712713 0.2440511 -0.6998813 0.5379633 -0.8135061 0.2209143 0.987257 0.1580501 0.0185427 0.9968604 0.07657569 0.02013862 0.9916052 -0.1258232 0.02979671 0.2911681 6.385e-4 -0.9566718 0.8938497 -0.4415377 0.07795643 0.5244535 -0.05146956 -0.8498821 0.6118041 -0.7844215 0.1018761 0.2930384 -0.2687095 -0.9175641 0.2696056 -0.9603267 0.07131403 0.03998011 -0.2883439 -0.9566919 0.9874215 0.1580805 0.003065764 0.9991492 -0.02744537 0.03078508 0.1973166 -0.6880621 -0.6983098 0.715249 0.08365488 -0.6938449 0.6887657 -0.1559867 -0.7080044 0.5618695 -0.4201136 -0.712606 0.3705136 -0.5634284 -0.7384228 0.07498216 0.1242967 0.989408 0.1133175 0.1351603 0.9843226 -0.9964181 0.08417481 -0.008106946 -0.8839564 0.4635464 -0.06120228 -0.8866103 -0.183535 0.4245434 -0.9795699 0.1982806 0.03358 0.8814413 -0.236304 -0.4089276 0.9904184 -0.1378847 -0.007696986 0.6453559 0.1812497 -0.7420676 0.6712567 0.2440822 -0.6998845 0.187632 -0.3824113 0.9047408 0.5407215 -0.5402371 0.6447978 -0.9330744 0.2711933 0.2362762 -0.9394779 0.2318151 0.252276 -0.9156916 0.1289743 0.3806239 -0.8631257 0.4708737 0.1824613 -0.8768708 -0.1354727 0.4612426 0.6013844 -0.5741166 0.5556321 0.5969438 -0.682649 0.4214838 -0.9560341 -0.09881341 0.2761068 0.5379454 -0.8135041 0.2209661 0.9872615 0.1580197 0.01856124 -0.8175633 0.5273721 0.2312334 -0.8065195 0.3754225 0.4567103 -0.7310708 0.05747419 0.6798766 0.9874187 0.1580973 0.00311619 0.9991481 -0.02744197 0.0308234 0.1973606 -0.6880565 -0.698303 0.715247 0.08365404 -0.693847 0.6887603 -0.1560382 -0.7079981 0.5618733 -0.4201185 -0.7126001 0.3705182 -0.5634092 -0.7384351 -0.06645441 -0.2087163 -0.9757159 0.07380437 0.1625123 -0.9839425 -0.09114468 -0.1995566 -0.9756382 0.2535386 0.1931486 -0.9478459 -0.2550507 -0.7162677 -0.6495459 0.9950332 0.08910197 -0.0443843 0.04889601 0.09783691 0.9940006 -0.1341034 -0.5620204 0.8161799 -0.3686702 -0.4982832 0.7847267 0.2441212 0.0733 0.9669706 0.04755091 -0.7215142 -0.690765 0.3138965 -0.7215923 -0.6170687 0.9176776 -0.3711845 -0.1417396 0.0481013 -0.7654003 0.6417545 0.3418421 -0.7279551 0.5943278 0.668731 0.3759207 0.6414691 0.7567287 0.2388971 0.6085146 0.5327395 0.6243114 0.5713353 0.5778473 0.665489 0.4724585 0.274205 0.9014843 0.3348701 0.3335379 0.876285 0.3476739 -0.08749556 0.944666 0.3161497 -7.99514e-4 0.9536883 0.3007957 -8.33392e-4 0.9536923 0.300783 -0.0875132 0.9446746 0.3161193 -0.3088989 0.8849727 0.348432 -0.3341739 0.8769649 0.345341 -0.6636927 0.6006734 0.4457616 -0.5811434 0.6636283 0.4710308 -0.8112857 0.2095316 0.5458132 -0.6737521 0.3721015 0.6384345 -0.5718526 -0.1188815 0.8116969 -0.5826062 0.09060102 0.8076891 -0.4199996 -0.1100984 0.9008211 -0.3337935 -0.1214188 0.9347938 -0.01334291 -0.06679445 0.9976776 1.3911e-4 -0.1985002 0.9801009 0.4060398 -0.07625854 0.9106681 0.3359005 -0.1217086 0.9340011 0.3790211 -0.2589601 0.8884158 0.5782431 0.08752584 0.811156 0.4233785 -0.2123712 0.8807094 0.3359432 -0.1217028 0.9339865 0.5782484 0.08752453 0.8111525 0.6687544 0.3759062 0.6414532 1.15603e-4 -0.1985043 0.9801 0.8612919 -0.2927638 -0.4152901 0.9161337 0.0936442 -0.3897818 0.4875785 -0.3749729 -0.7884558 0.6750397 -0.1354389 -0.7252433 0.2180786 -0.9540086 -0.2056926 0.05022281 -0.7775791 -0.6267762 -0.9655215 0.01623898 -0.259817 -0.3634919 -0.7274812 0.581932 -0.5540288 -0.7933704 0.2522214 -0.484436 -0.8011263 0.3514522 0.2761362 -0.4139195 0.8674212 0.3385759 0.08846211 0.9367716 -0.02067285 -0.2318833 0.9725239 -0.4869447 -0.7623713 -0.4262335 -0.09427773 0.09394985 -0.9911031 0.5551578 -0.5289036 -0.6419197 -0.8706764 -0.1915937 -0.4530062 0.7263427 0.3329634 -0.6013 -0.2636148 0.2642588 -0.9277255 -0.26366 0.2642824 -0.9277059 5.02184e-4 0.8026716 -0.5964212 -0.8069301 0.5305809 -0.2595143 -0.4101181 -0.07103824 -0.9092617 0.1348502 0.3448739 -0.928912 -0.853783 -0.1883002 -0.4853842 -0.1282994 -0.8257695 -0.5492215 -0.2656959 0.9621412 -0.06074649 0.6677368 -0.6235664 -0.4065619 0.9009068 0.4048116 -0.1565074 -0.2656982 0.9621413 -0.06073307 0.854871 0.2892816 -0.4307106 0.5211181 -0.7633451 -0.3817595 0.7738128 -0.07583498 -0.6288583 0.5233715 -0.8242052 -0.2162594 0.5895865 -0.8071814 -0.02908706 0.7817007 -0.299134 -0.547232 0.7289934 0.1110046 0.6754603 0.5431267 -0.2610295 0.7980458 0.1709643 -0.06792187 0.9829334 0.7736046 -0.4216476 0.4730213 0.9942582 -0.1056412 0.01705366 0.5431602 -0.2610329 0.7980219 0.7736216 -0.4216179 0.4730202 0.09265542 -0.4265425 0.8997091 0.9507845 -0.1842045 -0.249154 5.11594e-4 0.8026719 -0.5964207 0.2949073 0.4543152 -0.8406113 0.5533183 -0.7364042 -0.3892912 0.8475903 -0.2971862 -0.4396261 0.8096982 -0.5838215 -0.05950981 0.3750034 -0.9069033 -0.1920912 0.2180825 -0.9539992 -0.2057318 0.7631502 -0.6151996 0.1978164 -0.5575644 -0.7719417 0.3053327 0.3749876 -0.9068961 -0.192156 0.2180992 -0.954003 -0.2056969 0.03195124 -0.9188749 0.3932532 -0.4927736 -0.8666255 0.07832336 -0.1066684 -0.638085 -0.7625414 0.3198509 -0.9010598 -0.2928941 0.05021077 -0.7775629 -0.6267973 0.2980328 0.306287 -0.9040823 0.2949087 0.4543133 -0.8406119 -0.1066524 -0.7173002 0.6885533 0.7631461 -0.6152166 0.1977799 -0.02168238 -0.7172208 -0.6965087 -0.09433627 -0.7369782 -0.669301 0.2539591 -0.5565266 -0.7910644 0.6312196 -0.6312527 -0.450646 0.5640559 -0.4048663 0.7196696 0.02825337 -0.4629385 0.8859401 0.4553069 -0.3815173 0.8044503 0.2650916 -0.5570693 0.7870199 0.9067495 0.03582233 0.4201454 0.7201252 0.3865101 0.5762201 0.9428149 -0.05912846 0.3280305 0.9196317 0.1758905 0.351198 0.7690985 -0.4480718 -0.4557622 0.5992396 0.7289181 -0.3310444 0.6172443 0.2866204 0.7327061 -0.03456157 0.1587066 -0.9867208 -0.001515686 0.7069995 0.7072125 -0.001504719 0.7069982 0.7072138 0.7318971 0.5956142 -0.3310145 0.9063139 -0.355948 0.2278075 0.5762277 -0.2007632 -0.7922472 0.9466723 -0.3014249 -0.1138186 0.8445939 -0.2937312 -0.4476417 0.3120708 -0.3383907 -0.8877521 0.9410903 0.1263152 -0.3136774 0.9883565 0.001067698 0.152153 0.6740844 -0.2840546 -0.6818528 0.8612963 -0.29277 -0.4152764 0.9628087 0.0262326 -0.2689079 0.8341178 0.0218116 -0.551155 0.548038 -0.6224654 -0.5587409 0.8597497 -0.1900867 -0.4740228 0.7158941 -0.6387472 -0.2819537 0.9708666 0.09405094 -0.2203921 0.7226303 -0.6461064 0.2456669 0.9545968 -0.1980127 -0.222567 0.9500929 0.3115116 -0.01685619 0.9073668 0.2168425 -0.3600902 0.6226804 -0.02175843 -0.7821737 0.7613847 -0.174096 -0.624487 0.4130314 -0.9013508 -0.1302756 0.5406085 -0.184255 -0.8208487 0.7009046 -0.1195942 -0.7031572 0.6829251 0.1236379 -0.7199494 0.4621808 0.7159565 -0.5232545 0.4440051 0.1737813 -0.8790106 0.4253974 -0.3742966 0.8239777 0.1182787 -0.2465412 0.9618876 0.1709792 -0.06792324 0.9829306 0.04979848 -0.1740367 0.9834792 0.4233955 -0.2123817 0.8806988 0.6341198 0.01267296 0.773131 0.869539 0.3174974 0.3782822 0.8802656 0.4731511 0.03550708 0.6646417 0.614642 0.4248135 0.6054939 0.7928903 0.06857204 0.6619594 0.3933978 0.6380032 0.8684682 0.1991799 0.4539718 0.6008154 -0.6965158 -0.3922837 0.7618454 -0.4527321 -0.4632767 0.04906469 -0.9985471 -0.02228319 0.2805958 -0.7226758 -0.631669 0.319904 -0.125976 -0.9390376 -0.03198409 -0.1278355 -0.9912796 0.4332174 0.7966461 -0.4215185 0.3166866 0.0925194 0.9440073 0.3789877 -0.2589938 0.8884202 0.7567298 0.2388969 0.6085132 0.4052014 0.875141 -0.2644622 0.5063204 0.7913358 -0.3426768 0.1843948 0.9652102 -0.1853861 0.6947103 -0.1498071 -0.7035166 0.603474 -0.1512864 -0.7828995 0.3217261 -0.2624015 -0.909746 0.1410413 0.07647085 -0.987046 -0.04810023 0.9968143 -0.06362199 -0.1537557 0.9706713 -0.1848146 0.508732 0.8164857 -0.2730255 0.2654476 0.9316377 -0.2481715 -0.07897472 0.9094128 -0.4083274 0.0187627 0.9756237 -0.218647 -0.1745547 0.9211866 -0.3477727 -0.1176118 0.9655234 -0.2322334 -0.08118641 0.9770299 -0.1970314 -0.1576064 0.9657701 0.2060301 0.0792638 0.9816308 0.1735468 -0.2009496 0.9363914 -0.2877333 -0.5839938 0.08107358 -0.8076995 -0.1724651 -0.06238567 -0.9830381 -0.5594367 0.3990756 -0.7264773 -0.2590197 0.6222616 -0.7387146 -0.1924972 0.9764261 -0.09765708 0.4251719 -0.1469186 -0.8931091 0.4142669 0.3323417 -0.8473087 0.7083549 -0.1216841 -0.6952886 -0.3255906 -0.4542536 -0.8292433 0.4942832 -0.3693438 -0.7869367 -0.02397382 0.05672425 -0.998102 -0.6757407 -0.04620921 -0.7356897 -0.4866247 -0.168648 -0.8571781 -0.5366083 -0.518504 -0.6657366 -0.02251255 0.5474776 -0.8365175 -0.7447951 0.3452391 -0.5710431 -0.730099 0.2569146 -0.6332064 -0.2312648 0.9462563 -0.2260876 -0.2850067 0.9337717 0.2164294 -0.5241402 0.8286138 0.196663 -0.3593571 0.9045567 -0.2294334 -0.3142462 0.489256 0.8135587 -0.1723367 0.6299146 0.7573029 -0.4200018 -0.110105 0.9008193 -0.6575243 0.6559684 -0.370631 -0.6761146 0.6349447 -0.3737838 -0.8278879 0.4680838 -0.3090297 -0.8259595 0.3931071 -0.4040516 -0.5945658 0.7465698 -0.2985385 -0.6778523 -0.3799561 -0.6294042 0.4076784 -0.5292976 -0.7440716 -0.2765299 0.1389655 -0.9509047 -0.6009137 0.4369654 -0.6693013 -0.8634261 0.301509 -0.4044598 -0.9971368 -0.07552081 -0.003875374 -0.5693795 -0.7445013 -0.3486044 -0.02571111 -0.8669406 0.497748 -0.7895964 0.3399345 -0.510864 -0.807914 0.4732267 0.351186 -0.7345656 0.6785351 0.00188589 -0.5373668 0.5854035 0.6070748 -0.9696177 0.2028459 -0.1367301 -0.7236874 0.2752969 0.6328414 -0.8112962 0.2095332 0.5457971 -0.4964557 0.1163596 0.860228 -0.5718485 -0.1188854 0.8116992 -0.4585307 0.02230417 0.8883986 -0.7539032 -0.00725615 0.6569455 -0.8863958 -0.02449429 0.4622799 -0.9610909 0.09326398 0.2600121 -0.5688991 -0.3685474 -0.7352052 -0.7693905 -0.03020066 -0.6380646 -0.8836624 -0.2900395 -0.3674479 -0.2176269 -0.5366572 -0.8152532 -0.9173156 -0.1787462 -0.3557837 -0.9495218 -0.2622817 0.1720958 -0.9715664 -0.2291125 -0.05971658 -0.3516328 -0.3470686 -0.8694239 -0.8699454 0.2905033 0.3985008 -0.9715701 -0.2290915 -0.0597378 -0.8310594 0.4979662 0.2477293 -0.9074721 0.2970466 -0.2970822 -0.3516348 -0.3470602 -0.8694264 -0.9984322 0.04298508 -0.03585469 -0.2357662 0.6317927 0.7384121 -0.1444413 0.2805413 0.9489117 0.02740484 0.3953247 0.9181326 -0.9680429 0.1699298 0.1844365 -0.7033892 0.6228368 0.342517 -0.8998405 0.1860018 0.3945765 -0.9831266 0.1755598 0.05138969 -0.2020859 0.3748827 -0.9047786 -0.4682241 -0.883032 -0.03195184 -0.6918325 -0.6130795 -0.3814465 -0.4985225 -0.8668585 -0.005631923 -0.05147796 0.6228713 -0.7806289 -0.5018075 0.08871549 -0.8604179 -0.8536903 0.0577737 -0.5175667 -0.7945194 0.591497 0.1373687 -0.009057164 0.9522339 -0.3052355 -0.6612447 0.2014742 0.7226089 -0.8412767 -0.2479588 0.4803852 -0.9282577 -0.3355491 0.1604511 -0.5911628 -0.09540385 0.8008901 -0.3132393 -0.02667075 0.9492997 -0.3636468 0.2063211 0.9084011 -0.1643304 0.03942728 0.9856171 -0.6748088 0.3643608 -0.6417744 -0.9547367 -0.2399058 0.1758497 0.4705939 0.5142154 -0.7170245 -0.009061098 0.9522324 -0.3052398 -0.05144578 0.6228679 -0.7806338 -0.8536989 0.05777436 -0.5175523 -0.2616146 -3.33686e-4 -0.9651724 -0.486141 -0.7261712 -0.4861508 0.2793166 -0.2572453 -0.9250985 -0.4918557 -0.7092775 -0.5049787 -0.5966727 -0.6960265 -0.3994107 -0.9522463 -0.3040007 -0.02847099 -0.9675166 -0.2044545 -0.1486949 -0.5784367 -0.6010441 -0.5515044 -0.7367069 -0.6329878 -0.2378851 -0.8605142 -0.5062857 -0.056481 0.1186277 0.216655 0.9690141 0.3197034 0.2932029 0.9010115 -0.6532009 -0.7379812 -0.1694476 -0.7896636 -0.528592 0.3114836 -0.1884109 -0.7853689 -0.5896583 0.246394 -0.3903768 -0.8870716 0.3252593 -0.4314583 -0.8414573 0.4902352 -0.4009671 -0.7738831 -0.4314038 -0.7434493 -0.5110517 -0.4437644 -0.6196685 -0.6473671 -0.3190814 -0.663265 -0.676954 -0.6482945 -0.6623939 -0.3754312 -0.928079 0.1891896 -0.3207443 -0.9655224 0.01621788 -0.2598143 -0.8811111 -0.06647175 -0.4682146 -0.8932467 -0.2959818 -0.3383861 -0.1038811 -0.6293181 0.7701737 -0.4815735 -0.712558 0.5102432 0.2089729 -0.9185953 0.3354296 0.3974887 -0.748901 0.5302359 -0.2719242 -0.6203925 0.7356429 0.5619757 -0.4609774 0.686792 -0.6920665 -0.7207115 0.04023694 -0.03679615 -0.9991899 0.01629453 -0.6192948 -0.7667616 -0.1689698 -0.184024 -0.5557665 0.810715 0.6057751 -0.02450996 0.7952585 -0.7649297 -0.4962691 -0.4106089 -0.1537321 -0.931885 -0.3285681 0.6933875 -0.7044805 0.1513969 0.8487607 -0.4277793 0.3108216 0.8954355 -0.08692121 0.4366235 0.4721945 0.2084271 0.856499 0.4233904 -0.2123708 0.8807039 -0.1067065 -0.6380523 -0.7625636 -0.4147707 -0.8162041 -0.4022142 -0.3066065 -0.7864664 -0.536156 0.009501099 -0.9867575 -0.161924 0.4615249 -0.8409765 -0.2824066 0.674027 -0.651607 -0.3479886 -0.003847002 -0.9190039 0.3942297 0.2660781 -0.9566401 -0.1185 0.1384008 -0.9841369 0.1109949 0.5600565 -0.784965 -0.2648901 0.7599648 -0.5805508 -0.2922576 0.8728808 -0.3378542 0.3520423 0.7571921 -0.4691457 0.4544917 0.584042 -0.5212379 0.6222589 0.7272968 -0.3328261 0.6002218 0.890415 -0.147688 0.4305222 -0.03452897 0.1586765 -0.9867267 0.2539537 -0.556537 -0.7910588 0.5733563 0.06134992 -0.817006 0.6803982 -0.5052617 0.5308193 0.8348622 -0.22575 0.5020379 0.9391898 -0.1249304 0.319867 0.675042 -0.1354122 -0.7252461 0.174346 -0.5056629 -0.8449311 0.4875671 -0.3749712 -0.7884637 0.8093872 -0.2546847 -0.529177 0.8592004 0.1737821 -0.4812221 0.91614 0.09364449 -0.3897669 0.864196 0.3864162 -0.3222543 0.6008088 -0.6965283 -0.392272 0.622691 -0.02178114 -0.7821648 0.4479348 0.8811399 -0.1514825 0.5156071 0.8181555 -0.2545019 0.7168089 0.6190443 -0.3208882 0.04905927 -0.9985476 -0.02227205 0.3087555 0.01045256 -0.951084 0.641196 -0.2142636 -0.7368574 0.6550621 0.3821954 -0.6517825 0.2941496 0.6166969 0.7301788 0.3627741 0.802214 0.4741809 0.3518019 0.9264526 0.13387 0.1115292 0.5603542 -0.8207097 -0.605528 -0.08840519 -0.7908986 2.03398e-5 0.8622327 -0.5065126 0.08217346 0.8119792 0.5778732 -0.1092231 0.7909851 0.6020074 0.5327332 0.6243569 0.5712913 0.2742002 0.9014943 0.3348467 -0.08750826 0.9446731 0.3161253 -0.7379612 -0.2323485 -0.6335831 -0.1476395 0.3352053 -0.9305053 0.1720271 0.7532312 -0.6348618 -0.1883277 0.9549539 -0.2293382 0.6627182 0.06166946 -0.7463254 0.4324021 0.5125384 -0.7418443 -0.0466457 0.8008894 -0.5969928 0.6906725 -0.2972932 -0.6592331 -0.75193 0.5739425 -0.3243322 -0.663535 0.740526 -0.1065021 -0.5178483 0.8143891 -0.2619227 -0.219917 0.7506454 0.6230313 -0.663693 0.6006674 0.4457693 -0.9241306 0.289668 -0.2491492 -0.8947131 -0.2460032 0.3727881 -0.8119258 -0.05454534 0.5812069 -0.8699372 0.2905192 0.3985072 -0.7719856 0.4964553 0.3969516 -0.7720052 0.4964574 0.3969106 -0.6298019 0.5603702 0.5378986 -0.6297944 0.560364 0.5379139 -0.5829374 0.5612933 0.587481 -0.4199965 -0.1101039 0.9008219 -0.3671247 0.4887934 0.7913916 -0.3142362 0.4892606 0.81356 -0.3671118 0.488815 0.7913842 -0.3683778 0.5766625 0.7292175 -0.2067408 -0.5012819 -0.840223 -0.2067427 -0.5012666 -0.8402317 -0.49469 -0.6830882 -0.5372824 -0.7771707 -0.6000292 -0.1896594 -0.8354451 -0.5288392 0.149535 -0.9645888 -0.2377796 -0.1141471 -0.977736 -0.1837597 -0.1013151 -0.3881004 -0.2479158 0.8876464 -0.5455405 -0.5867159 -0.5984564 -0.6120854 -0.415524 0.6728234 0.1925833 -0.6288141 -0.753329 -0.1483478 -0.8452613 -0.5133482 -0.1884459 -0.785364 -0.5896537 0.2804756 -0.5083944 -0.8141674 0.5312923 -0.8449043 -0.06217318 -0.5305648 -0.7929309 -0.2996028 0.5312908 -0.8449059 -0.06216263 -0.5305652 -0.7929337 -0.2995945 -0.5464206 -0.8111041 0.2086498 -0.8780766 -0.08246636 -0.4713605 -0.6542916 -0.02439641 -0.7558487 -0.3088946 0.8849731 0.348435 -0.01340192 -0.06678807 0.9976772 0.4060581 -0.07627373 0.9106585 0.6765019 -0.72974 -0.09911978 0.6765174 -0.7297268 -0.09911143 -0.3337908 -0.1213973 0.9347975 0.5778534 0.6654955 0.4724417 -0.5826306 0.09058928 0.8076727 0.3335347 0.8762955 0.3476505 -0.6737446 0.3721156 0.6384342 -8.5707e-4 0.9536859 0.3008031 -0.5811441 0.6636418 0.4710108 -0.3341838 0.8769614 0.3453406 0.8613246 -0.2927879 -0.4152052 0.6955426 -0.545678 0.4673929 0.009470701 -0.9867599 -0.1619109 0.4614974 -0.8409963 -0.2823922 0.938798 -0.3426936 0.03492116 0.821438 -0.5702229 -0.009246051 0.6105196 -0.7855578 -0.1008213 0.6740286 -0.651577 -0.3480416 0.03192239 -0.9188464 0.3933222 0.9998556 0.01656061 0.003802061 0.9121959 -0.4096025 0.01114886 0.913634 -0.3794425 -0.145933 0.9088163 -0.27752 -0.3115054 0.9111446 -0.04871249 -0.4091976 0.9073648 -0.02472263 0.4196165 0.9078091 -0.2692137 0.3215693 0.9108948 -0.3783144 0.1647697 0.7028909 -0.7111275 0.01555997 0.7115093 -0.6511034 -0.2642327 0.7126372 -0.4511184 -0.5372528 0.6966699 -0.1387806 -0.7038402 0.6805673 -0.09958279 0.7258866 0.6836156 -0.4646766 0.5628013 0.6964166 -0.6587287 0.2847464 0.379975 -0.9249901 0.003532052 0.3825385 -0.8497469 -0.3627596 0.3845607 -0.5692063 -0.7267168 0.407297 -0.1933061 -0.8926041 0.3540003 -0.1762402 0.9184896 0.3582125 -0.6113102 0.7056797 0.3763336 -0.8553769 0.3559541 -9.88333e-4 -0.9264119 -0.3765107 0.002732276 -0.9999963 2.93159e-4 0.004729747 -0.6508631 -0.7591805 0.02306687 -0.2010439 -0.9793107 -0.002560496 -0.1992455 0.9799463 4.59046e-4 -0.6602417 0.751053 0.005783021 -0.9254889 0.3787307 -0.3627418 -0.9318556 0.007975578 -0.3543863 -0.8666917 -0.3510783 -0.3529713 -0.5997654 -0.7181175 -0.3724738 -0.1723968 -0.9118897 -0.3698933 -0.1764332 0.9121679 -0.3732258 -0.6047793 0.703523 -0.3733461 -0.8577737 0.3533229 -0.7019362 -0.711919 0.02137899 -0.7152551 -0.6399131 -0.2809296 -0.7034506 -0.4240638 -0.5703746 -0.6982949 -0.1007652 -0.7086823 -0.6928273 -0.1200568 0.7110393 -0.6974202 -0.4633548 0.5467242 -0.6949816 -0.6593255 0.286863 -0.9258968 -0.3776661 0.009139776 -0.9326468 -0.3368716 -0.1291805 -0.9242352 -0.2348927 -0.3010229 -0.9153178 -0.02572792 -0.4019097 -0.9132554 -0.03282481 0.406063 -0.9142957 -0.2625543 0.3084292 -0.9196684 -0.3599172 0.1570656 -0.9995099 0.03127562 0.001409173 0.9074447 0.1329483 -0.398584 0.9839971 0.1781272 0.004531681 0.9009702 0.1531519 0.4059525 0.7077579 0.07373863 -0.7025963 0.690962 0.1273453 0.7115862 0.4040027 0.03081911 -0.9142385 0.3684121 0.07120376 0.9269318 0.003136992 0.05325335 -0.9985761 -0.002081394 0.04165536 0.99913 -0.3768202 0.06888693 -0.9237214 -0.3720495 0.05465918 0.9266021 -0.6944568 0.1048216 -0.7118583 -0.6944563 0.09365499 0.7134138 -0.9082919 0.1476068 -0.391431 -0.9085673 0.1439021 0.3921705 -0.9823719 0.1869375 -2.73407e-4 -0.9998556 0.01656073 0.003802418 -0.9136356 -0.3794389 -0.1459316 -0.9121969 -0.4096003 0.01114934 -0.9088161 -0.27752 -0.3115059 -0.9111436 -0.04871332 -0.4091996 -0.907809 -0.2692147 0.3215683 -0.9073658 -0.02472221 0.4196141 -0.9108924 -0.378319 0.1647723 -0.7028915 -0.7111269 0.01555985 -0.7115053 -0.651107 -0.2642349 -0.712634 -0.4511205 -0.5372552 -0.696668 -0.1387808 -0.7038421 -0.680572 -0.09958171 0.7258824 -0.6836193 -0.4646751 0.5627983 -0.6964168 -0.6587283 0.2847468 -0.379972 -0.9249913 0.003531754 -0.3825354 -0.849748 -0.3627601 -0.3845608 -0.5692058 -0.7267171 -0.4072957 -0.1933062 -0.8926046 -0.3540023 -0.1762404 0.9184888 -0.3582118 -0.6113106 0.7056797 -0.3763322 -0.8553774 0.3559543 9.88347e-4 -0.9264116 -0.3765112 -0.002732276 -0.9999963 2.92846e-4 -0.004731714 -0.6508631 -0.7591804 -0.02307146 -0.2010439 -0.9793106 0.002564251 -0.1992457 0.9799463 -4.57291e-4 -0.6602418 0.751053 -0.005780279 -0.9254889 0.3787307 0.3627436 -0.9318549 0.00797528 0.3543857 -0.8666918 -0.3510784 0.3529714 -0.5997655 -0.7181174 0.3724724 -0.1723971 -0.9118901 0.3732253 -0.6047797 0.703523 0.3699025 -0.1764326 0.9121643 0.3733471 -0.8577733 0.353323 0.7019363 -0.7119188 0.02137899 0.7152527 -0.6399154 -0.2809304 0.7034484 -0.4240652 -0.5703763 0.6982907 -0.1007655 -0.7086864 0.6974209 -0.4633545 0.5467237 0.6928315 -0.1200559 0.7110352 0.6949818 -0.6593254 0.286863 0.9326471 -0.3368707 -0.1291804 0.9258967 -0.3776663 0.009140849 0.9242351 -0.234893 -0.301023 0.9153181 -0.02572685 -0.4019094 0.9142959 -0.2625546 0.3084286 0.9132571 -0.03282362 0.4060593 0.9196665 -0.3599216 0.1570674 0.9995099 0.03127545 0.001408636 -0.9074453 0.132948 -0.3985826 -0.983997 0.1781278 0.004531621 -0.9009711 0.1531516 0.4059503 -0.7077586 0.07373869 -0.7025955 -0.6909627 0.1273453 0.7115855 -0.404006 0.03081899 -0.9142372 -0.3684102 0.07120382 0.9269325 -0.003151595 0.05325341 -0.9985761 0.002086162 0.04165536 0.99913 0.3768134 0.06888729 -0.9237242 0.3720571 0.05465894 0.9265992 0.6944503 0.1048225 -0.7118645 0.6944575 0.09365481 0.7134127 0.9082916 0.147607 -0.3914315 0.9085676 0.1439017 0.39217 0.9823722 0.1869359 -2.73918e-4 0.6971237 -0.6906701 -0.192337 0.703623 -0.6856195 -0.1866566 0.3062105 -0.9282081 -0.2113407 0.310932 -0.9257035 -0.2153937 0.8663074 -0.4742005 -0.1569886 0.8714175 -0.4673779 -0.1489618 0.3715572 -0.9175707 -0.141455 0.7809591 -0.6201578 -0.07421123 0.7659952 -0.6377296 -0.08094757 0.3514081 -0.9256441 -0.1403406 0.9265134 -0.3751375 -0.02906614 0.9267634 -0.3745653 -0.02846723 -0.6997463 -0.6897862 -0.1858768 -0.3085667 -0.9264197 -0.215716 -0.3047323 -0.928813 -0.2108191 -0.7057118 -0.6829423 -0.1885758 -0.8678441 -0.472243 -0.1543809 -0.8641316 -0.480805 -0.1486711 -0.3643454 -0.9213794 -0.1353234 -0.3455007 -0.926641 -0.1482086 -0.7633194 -0.6413306 -0.077708 -0.7775729 -0.6248907 -0.06994354 -0.9258314 -0.3770667 -0.02562898 -0.9271895 -0.3736547 -0.02649313 3.19243e-4 -0.9784625 -0.2064245 2.44849e-4 -0.976748 -0.2143905 -0.00550723 -0.9887316 -0.1495978 -0.004979252 -0.9886609 -0.1500829 0.8816379 -0.4487153 -0.1461821 -0.881946 -0.4488402 -0.1439233 0.9267635 -0.3745652 -0.02846693 -0.9254136 -0.3780002 -0.02693814 -0.8447491 0.147062 -0.5145599 -0.9832292 -0.06939017 -0.1686576 -0.7792034 -0.1803934 -0.6002503 0.3314971 -0.8274938 0.4531709 0.4961179 -0.3979773 0.7716743 0.8986615 -0.3024197 0.3177262 0.9667479 0.2259002 0.1198649 0.9551835 0.1843309 0.2316172 -0.9839404 -0.0831629 0.1579403 -0.7395156 -0.5906301 0.3229131 -0.9964389 0.0635854 0.05537456 0.6492215 0.7315985 0.2080268 0.01314389 0.8147066 -0.5797246 -0.2938431 0.9205096 0.2575235 -0.6570352 0.499525 -0.5646057 -0.2938181 0.9205268 0.2574909 0.01317721 0.8147242 -0.579699 -0.9323036 0.3333593 0.1402918 0.600334 0.5290014 -0.5997971 0.8980388 0.01012468 0.4398 0.4022572 -0.2287881 0.8864792 0.7624173 0.07106137 0.643172 -0.7335398 0.01457381 -0.6794903 -0.6598342 -0.07945799 -0.7471984 -0.9366468 -0.2242818 0.2690551 -0.3724919 -0.4779884 0.7954728 -0.8368787 -0.207499 0.5065357 -0.636198 -0.3142333 0.7046344 -0.1377582 -0.3502782 0.9264599 0.431775 -0.1864694 0.8824962 0.7784079 -0.08726465 0.6216639 0.6534779 -0.4349952 0.6194723 0.1426125 -0.3489617 0.9262222 0.2397446 -0.7380372 0.6307327 -0.4787297 -0.6230967 0.6185212 -0.6551411 0.6738564 -0.3416252 -0.8455803 0.5079826 -0.1641577 -0.1726766 0.9803595 -0.09527873 -0.02905327 0.8961361 -0.4428273 -0.7502442 -0.6506959 -0.1171694 -0.5206009 -0.5716903 -0.6341491 0.008456647 -0.7919516 -0.6105254 0.1397296 -0.9871326 -0.07774919 0.6160397 -0.516238 -0.5949736 0.8978598 -0.4320826 -0.08457279 0.9879152 0.1312845 -0.08238869 0.828475 -0.02804237 -0.5593236 0.6788563 0.7317583 -0.06069743 0.638736 0.5010263 -0.5839427 -0.1726514 0.9803619 -0.09529924 -0.02908599 0.8961398 -0.4428177 0.6572003 0.7415112 0.1350886 -0.3157566 0.9364707 0.1527106 -0.8938792 0.4447668 0.05623829 -0.3157721 0.9364668 0.1527019 0.7359749 0.2231622 -0.6391712 0.7847586 0.2117706 -0.5825008 0.8243617 0.2284035 -0.517938 -0.7576128 -0.02585071 -0.6521921 -0.7881732 -0.1226476 -0.6031093 0.8543044 -0.0282942 -0.5190026 -0.5672218 -0.6800733 -0.4644996 0.7094968 -0.4651169 -0.5294154 0.3193092 -0.7882292 -0.5260574 0.0131371 0.8146985 -0.5797362 0.6003655 0.5289754 -0.5997887 -0.6570438 0.4995201 -0.5646001 -0.7881644 -0.1226482 -0.6031206 0.7094544 -0.465186 -0.5294115 0.3193199 -0.7882421 -0.5260317 -0.5672193 -0.6800721 -0.4645044 0.8543048 -0.0282967 -0.5190015 -0.7575999 -0.02581208 -0.6522087 0.8243587 0.2284199 -0.5179357 -0.659819 -0.0794425 -0.7472133 0.7847553 0.2117682 -0.5825061 0.7359895 0.223201 -0.6391407 -0.7335365 0.01460945 -0.6794931 -0.3727555 -0.9052264 -0.2040061 -0.7899283 -0.3697964 -0.4891462 -0.6312578 -0.7715759 -0.07864052 0.8025683 0.5586805 0.2091897 0.7264019 0.6497281 0.2240399 0.2846669 0.9540286 0.09377831 0.4078804 0.9055422 0.1167345 0.9651932 -0.04555416 0.2575403 0.9695235 0.0260064 0.2436146 0.2158154 -0.9730176 0.08161252 0.348217 -0.9310687 0.1088855 0 -0.9998701 0.01612383 0 -0.9993906 -0.03490757 0 -0.9883046 -0.1524935 0.1729193 -0.9816728 0.08010923 0.1548074 -0.983442 0.09421592 -0.6511803 -0.7552819 -0.07425373 0.7606595 -0.6126268 0.2146753 0.7546805 -0.6216659 0.2097359 0.9558265 -0.09505355 0.2781379 0.8202161 0.5011038 0.2759354 2.57788e-7 -0.4174572 -0.9086967 0.7853727 -0.5807782 0.2142113 0.9669352 0.08050215 0.2419832 0.8073561 -0.5567376 0.1954981 0.4189475 0.8801879 0.2230525 0 0.997395 0.07213371 0 0.983729 0.1796593 0 0.9986997 -0.05098092 -0.4157301 0.8990152 -0.1376242 0 0.9199221 -0.3921012 1.97291e-5 0.5053002 -0.8629436 -0.7648429 0.4332501 -0.4767701 -0.956767 -0.224681 -0.1847037 -0.6281049 -0.7340732 -0.2581102 -0.6397371 -0.7522961 -0.1574397 -0.9606497 -0.2012163 -0.1914792 0.1881486 -0.9820603 0.01256299 0.8313004 -0.5373926 0.1419464 0.9715237 0.1151624 0.2070732 0.985572 0.1279599 0.1107888 0.6450884 0.7464251 0.1634341 0.6352121 0.7339093 0.2405884 0.03909766 0.9829319 0.1797674 -0.03182673 0.9982045 0.05074387 -0.6569915 0.7535473 -0.02299511 -0.6722617 0.7246011 -0.1517153 -0.9719223 0.1949082 -0.131825 -0.9682272 0.2037388 -0.145006 -0.9621742 0.2095781 -0.1740629 -0.942466 -0.2056787 -0.2635417 0.139809 -0.9080356 -0.3948732 0.8285606 -0.5034643 -0.2449718 0.8474821 -0.5299264 0.0308569 0.1705647 -0.9770202 -0.1278254 -0.5848222 -0.6692317 -0.4583798 0.9829827 0.1260132 -0.1336631 0.6528778 0.7526113 -0.08559781 -0.09391057 0.9822834 -0.1621734 -0.6600738 0.6904331 -0.2959812 -0.9310699 0.2336965 -0.2801695 -0.9310657 0.2337006 -0.2801795 -0.899644 -0.2921415 -0.3244907 -0.9682267 0.2037435 -0.1450026 -0.4490196 -0.5198108 -0.7267587 0.09011131 -0.6690008 -0.7377791 -0.7232353 -0.2254996 -0.6527486 0.6995275 -0.3503916 -0.6228058 0.8170588 0.1357368 -0.5603487 0.5125939 0.6713675 -0.5352693 -0.1503201 0.8466696 -0.5104455 -0.5987235 0.6092656 -0.5199285 -0.7563661 0.2902591 -0.5862253 -0.7563678 0.2902808 -0.5862123 0.6160099 -0.5162329 -0.5950089 0.008467137 -0.7919721 -0.6104987 -0.5205843 -0.571685 -0.6341674 0.828476 -0.02807307 -0.5593207 0.6387324 0.5010024 -0.583967 -0.02907902 0.8961415 -0.4428147 -0.6551342 0.6738452 -0.3416607 -0.8447588 0.1470637 -0.5145436 -0.8447456 0.1470853 -0.5145588 -0.7792169 -0.1804205 -0.6002245 0.6629794 0.7148748 0.2222893 0.1087007 0.9832789 0.1461054 -0.5897865 0.8071943 -0.02427756 -0.7648407 0.4332555 -0.4767687 -0.9621714 0.2095932 -0.1740607 -0.9719202 0.1949126 -0.1318348 0.5203718 -0.8438032 -0.131184 1.53482e-5 -0.9757896 -0.218712 0.8025941 -0.5923469 -0.07048368 0.9899314 -0.1349043 0.04285597 0.883841 0.4666786 -0.03219145 0.4561656 0.8896694 -0.02003949 -2.34172e-5 0.9738314 -0.227272 -2.89949e-5 0.5053035 -0.8629418 0.844749 0.1470621 -0.5145599 0.7792034 -0.1803935 -0.6002502 0.9832292 -0.06939029 -0.1686576 -0.3314973 -0.8274937 0.4531709 -0.8986615 -0.3024197 0.3177262 -0.496118 -0.3979774 0.7716743 -0.9667479 0.2259001 0.119865 -0.9551835 0.184331 0.2316172 0.9839406 -0.0831629 0.1579403 0.9964389 0.0635854 0.05537462 0.7395156 -0.5906301 0.3229131 -0.6492215 0.7315986 0.2080268 0.293843 0.9205095 0.2575239 -0.01314395 0.8147064 -0.5797247 0.6570352 0.4995249 -0.5646057 -0.01317715 0.8147242 -0.5796991 0.2938179 0.920527 0.2574903 0.9323036 0.3333593 0.1402918 -0.6003342 0.5290011 -0.5997972 -0.8980388 0.01012474 0.4398 -0.4022573 -0.2287881 0.8864791 -0.7624174 0.07106137 0.643172 0.73354 0.01456362 -0.6794903 0.9366468 -0.2242818 0.2690552 0.6598333 -0.07946419 -0.7471984 0.3724918 -0.4779884 0.7954728 0.8368787 -0.207499 0.5065357 0.1377582 -0.3502783 0.9264599 0.6361979 -0.3142333 0.7046344 -0.4317749 -0.1864694 0.8824962 -0.778408 -0.08726453 0.621664 -0.6534779 -0.4349952 0.6194722 -0.1426125 -0.3489617 0.9262222 -0.2397446 -0.7380371 0.6307327 0.4787297 -0.6230966 0.6185213 0.8455803 0.5079826 -0.1641576 0.6551412 0.6738563 -0.3416253 0.1726766 0.9803595 -0.09527856 0.02905333 0.8961361 -0.4428274 0.750244 -0.650696 -0.1171694 0.5206006 -0.5716904 -0.6341492 -0.008455991 -0.7919517 -0.6105253 -0.1397296 -0.9871326 -0.07774919 -0.6160396 -0.5162381 -0.5949736 -0.8978597 -0.4320827 -0.08457285 -0.828475 -0.02804243 -0.5593237 -0.9879153 0.1312844 -0.08238869 -0.6387361 0.5010263 -0.5839427 -0.6788563 0.7317582 -0.06069743 0.02908599 0.8961399 -0.4428175 0.1726513 0.9803619 -0.09530061 -0.6572004 0.7415111 0.1350886 0.3157566 0.9364707 0.1527107 0.8938792 0.4447667 0.05623829 0.315772 0.9364669 0.152702 -0.7359753 0.2231608 -0.6391711 -0.7847753 0.2117087 -0.5825009 -0.824362 0.2284025 -0.517938 0.7576128 -0.02585053 -0.6521921 0.7881842 -0.1225755 -0.6031093 -0.8543042 -0.02829396 -0.5190027 0.5672218 -0.6800734 -0.4644995 -0.7094968 -0.4651169 -0.5294154 -0.3193088 -0.7882294 -0.5260573 -0.01313722 0.8146983 -0.5797362 0.6570438 0.4995201 -0.5646001 -0.6003655 0.5289754 -0.5997887 0.7881642 -0.1226487 -0.6031206 0.5672194 -0.680072 -0.4645044 -0.31932 -0.7882421 -0.5260317 -0.7094544 -0.4651859 -0.5294115 -0.8543049 -0.02829658 -0.5190016 0.7575999 -0.02581292 -0.6522087 -0.8243584 0.2284208 -0.5179357 0.659819 -0.0794425 -0.7472133 -0.7847561 0.2117652 -0.5825061 -0.7359895 0.223201 -0.6391407 0.7335364 0.01460963 -0.6794931 0.3727554 -0.9052264 -0.2040061 0.6312578 -0.7715759 -0.07864052 0.7899283 -0.3697965 -0.4891461 -0.8025684 0.5586803 0.2091897 -0.4078804 0.9055422 0.1167345 -0.284667 0.9540286 0.09377831 -0.7264019 0.649728 0.2240399 -0.9695235 0.02600634 0.2436146 -0.9651932 -0.04555416 0.2575404 -0.2158153 -0.9730176 0.08161246 -0.3482169 -0.9310688 0.1088855 -0.1729193 -0.9816728 0.08010929 0.6511803 -0.7552819 -0.07425373 -0.1548074 -0.983442 0.09421592 -0.7606596 -0.6126267 0.2146753 -0.7546804 -0.621666 0.2097359 -0.9558264 -0.09505373 0.2781379 -0.8202164 0.5011037 0.2759353 -0.7853727 -0.5807782 0.2142113 -0.9669333 0.08051842 0.2419856 -0.8073521 -0.5567422 0.1955012 -0.4189476 0.8801878 0.2230524 0.4157301 0.8990151 -0.1376242 0.7648423 0.4332504 -0.4767709 0.956767 -0.2246809 -0.1847037 0.9606497 -0.2012161 -0.191479 0.6397371 -0.7522961 -0.1574397 0.6281049 -0.7340732 -0.2581102 -0.1881431 -0.9820612 0.01257514 -0.1729187 -0.9816706 0.08013814 -0.8073632 -0.5567294 0.195492 -0.8313004 -0.5373927 0.1419464 -0.1881688 -0.9820562 0.01257818 -0.9669309 0.08052116 0.2419939 -0.9715262 0.1151623 0.2070618 -0.9855726 0.127956 0.1107873 -0.9715224 0.1151679 0.2070761 -0.6352121 0.7339093 0.2405884 -0.6450884 0.7464251 0.1634341 -0.03909772 0.9829319 0.1797674 0.03182679 0.9982045 0.05074381 0.6569915 0.7535473 -0.02299511 0.6722617 0.7246012 -0.1517153 0.9719225 0.1949081 -0.1318249 0.9682272 0.2037386 -0.145006 0.9424661 -0.2056786 -0.2635416 0.9621744 0.209578 -0.1740622 -0.1398091 -0.9080356 -0.3948731 -0.1705895 -0.9770169 -0.1278174 -0.8474798 -0.5299313 0.03083771 -0.8285605 -0.5034644 -0.2449718 0.5848224 -0.6692317 -0.4583796 -0.9829827 0.1260131 -0.1336631 -0.6528778 0.7526113 -0.08559787 0.09391063 0.9822834 -0.1621734 0.6600736 0.6904332 -0.2959812 0.9310697 0.2336966 -0.2801695 0.9310659 0.2337007 -0.2801794 0.9682267 0.2037435 -0.1450023 0.899644 -0.2921414 -0.3244906 -0.09011125 -0.6690008 -0.7377791 0.4490198 -0.5198107 -0.7267587 0.7232352 -0.2254996 -0.6527487 -0.6995274 -0.3503917 -0.6228058 -0.8170586 0.1357366 -0.5603487 -0.5125939 0.6713674 -0.5352694 0.1503201 0.8466696 -0.5104455 0.5987235 0.6092656 -0.5199285 0.7563661 0.2902591 -0.5862252 0.7563562 0.2902835 -0.5862259 -0.61601 -0.5162329 -0.5950087 -0.008467435 -0.7919721 -0.6104988 0.5205842 -0.5716851 -0.6341675 -0.8284758 -0.02807319 -0.5593209 -0.6387323 0.5010026 -0.5839671 0.02907913 0.8961415 -0.4428148 0.6551342 0.6738452 -0.3416606 0.8447588 0.1470636 -0.5145434 0.7792168 -0.1804205 -0.6002247 0.8447456 0.1470853 -0.5145589 -0.8474841 -0.5299234 0.03085547 -0.1705855 -0.9770135 -0.1278481 -0.9855705 0.1279637 0.1107977 -0.6629793 0.7148749 0.2222893 -0.1087008 0.9832789 0.1461054 0.5897865 0.8071942 -0.02427762 0.7648412 0.433255 -0.4767686 0.9621714 0.2095928 -0.1740604 0.9719202 0.1949126 -0.1318345 -0.5203765 -0.8438007 -0.1311824 -0.8025942 -0.5923469 -0.07048368 -0.9899315 -0.1349044 0.04285585 -0.883841 0.4666787 -0.03219151 -0.4561656 0.8896692 -0.02003943</float_array>
          <technique_common>
            <accessor source="#aladdin_lod0_mesh0000-mesh-normals-array" count="2210" stride="3">
              <param name="X" type="float"/>
              <param name="Y" type="float"/>
              <param name="Z" type="float"/>
            </accessor>
          </technique_common>
        </source>
        <source id="aladdin_lod0_mesh0000-mesh-map-0">
          <float_array id="aladdin_lod0_mesh0000-mesh-map-0-array" count="20544">0.05100995 0.80699 0.07445996 0.82201 0.04718995 0.83198 0.0744 0.7889 0.05100995 0.80699 0.05286997 0.77349 0.07445996 0.82201 0.05100995 0.80699 0.08609998 0.81347 0.01793998 0.87491 0.008189976 0.90224 0.009329974 0.87265 0.03191995 0.72782 0.05795997 0.74935 0.02691996 0.7622 0.05286997 0.77349 0.02691996 0.7622 0.05795997 0.74935 0.05795997 0.74935 0.07713997 0.75042 0.05286997 0.77349 0.05795997 0.74935 0.03191995 0.72782 0.05919998 0.73314 0.05919998 0.73314 0.07713997 0.75042 0.05795997 0.74935 0.07713997 0.75042 0.05919998 0.73314 0.08491998 0.73915 0.08491998 0.73915 0.05919998 0.73314 0.08410996 0.72178 0.07664996 0.76594 0.05286997 0.77349 0.07713997 0.75042 0.07713997 0.75042 0.1021 0.76178 0.07664996 0.76594 0.05786997 0.71208 0.03815996 0.71474 0.05361998 0.69642 0.05465996 0.72267 0.03815996 0.71474 0.05786997 0.71208 0.05786997 0.71208 0.07286995 0.71139 0.05465996 0.72267 0.07286995 0.71139 0.08740997 0.70481 0.08410996 0.72178 0.05786997 0.71208 0.05361998 0.69642 0.07286995 0.71139 0.07664996 0.76594 0.0744 0.7889 0.05286997 0.77349 0.14539 0.84652 0.14806 0.83656 0.14656 0.84804 0.1427299 0.84336 0.14806 0.83656 0.14539 0.84652 0.07445996 0.82201 0.08609998 0.81347 0.07646995 0.82345 0.07847994 0.8249 0.08609998 0.81347 0.08298999 0.82696 0.11453 0.68622 0.12259 0.69272 0.11383 0.69391 0.12178 0.682 0.1271 0.68783 0.11453 0.68622 0.12259 0.69272 0.11453 0.68622 0.1271 0.68783 0.17154 0.69284 0.1906999 0.72991 0.14622 0.72039 0.28689 0.79691 0.23665 0.77233 0.28469 0.75029 0.3096 0.81097 0.27907 0.832355 0.28689 0.79691 0.30521 0.78757 0.3096 0.81097 0.28689 0.79691 0.3096 0.81097 0.3351 0.83907 0.27907 0.832355 0.33117 0.87622 0.27907 0.832355 0.3351 0.83907 0.29551 0.49807 0.32775 0.46364 0.31747 0.51038 0.79171 0.49681 0.79677 0.51464 0.78168 0.51878 0.81359 0.39369 0.83037 0.38996 0.82347 0.42134 0.78114 0.46845 0.75651 0.45002 0.78665 0.44543 0.77436 0.48676 0.75124 0.47576 0.78114 0.46845 0.75651 0.45002 0.78114 0.46845 0.75124 0.47576 0.73543 0.5308 0.69546 0.49638 0.74288 0.50587 0.69546 0.49638 0.73543 0.5308 0.6872 0.51771 0.63914 0.53034 0.61804 0.53479 0.64103 0.50749 0.61445 0.51735 0.64103 0.50749 0.61804 0.53479 0.6259 0.41164 0.59705 0.39496 0.619 0.39091 0.62752 0.43644 0.60041 0.42901 0.6259 0.41164 0.60041 0.42901 0.59705 0.39496 0.6259 0.41164 0.32699 0.6351 0.2956 0.62901 0.33335 0.61561 0.30572 0.60536 0.33335 0.61561 0.2956 0.62901 0.35263 0.57828 0.33179 0.56091 0.36174 0.56905 0.33863 0.55004 0.36174 0.56905 0.33179 0.56091 0.41473 0.82541 0.43441 0.79007 0.43462 0.81987 0.2956 0.62901 0.32699 0.6351 0.29948 0.64519 0.40408 0.82797 0.40489 0.80337 0.41473 0.82541 0.40489 0.80337 0.43441 0.79007 0.41473 0.82541 0.35847 0.81 0.35772 0.78577 0.37952 0.80566 0.37952 0.80566 0.38454 0.77926 0.40489 0.80337 0.37952 0.80566 0.35772 0.78577 0.38454 0.77926 0.32723 0.52796 0.33863 0.55004 0.31889 0.54269 0.33179 0.56091 0.31861 0.58129 0.31494 0.55257 0.31494 0.55257 0.31861 0.58129 0.29039 0.5677 0.2956 0.62901 0.27712 0.59825 0.30572 0.60536 0.27712 0.59825 0.2956 0.62901 0.26303 0.61504 0.43441 0.79007 0.40489 0.80337 0.42245 0.76717 0.42245 0.76717 0.45119 0.75028 0.43441 0.79007 0.42245 0.76717 0.40489 0.80337 0.40393 0.77481 0.40393 0.77481 0.40489 0.80337 0.38454 0.77926 0.25354 0.59898 0.27712 0.59825 0.26303 0.61504 0.25745 0.57834 0.27712 0.59825 0.25354 0.59898 0.45119 0.75028 0.42245 0.76717 0.44228 0.74222 0.08091998 0.55048 0.105 0.53576 0.08384996 0.56221 0.07916998 0.53873 0.09920001 0.52898 0.08091998 0.55048 0.105 0.53576 0.08091998 0.55048 0.09920001 0.52898 0.41678 0.75007 0.39798 0.75963 0.41322 0.73129 0.41322 0.73129 0.39831 0.72413 0.41807 0.72047 0.41322 0.73129 0.39798 0.75963 0.39831 0.72413 0.26303 0.61504 0.24186 0.61562 0.25354 0.59898 0.24186 0.61562 0.22493 0.5992 0.25354 0.59898 0.1281 0.52508 0.1216199 0.52096 0.12726 0.51967 0.12726 0.51967 0.13226 0.52694 0.1281 0.52508 0.11689 0.56626 0.12729 0.54573 0.12488 0.56406 0.11608 0.51086 0.1256 0.51665 0.11613 0.51607 0.1216199 0.52096 0.11864 0.5179 0.1256 0.51665 0.11613 0.51607 0.1256 0.51665 0.11864 0.5179 0.12726 0.51967 0.1216199 0.52096 0.1256 0.51665 0.22768 0.58772 0.25354 0.59898 0.22493 0.5992 0.25354 0.59898 0.22768 0.58772 0.25745 0.57834 0.22784 0.57701 0.25745 0.57834 0.22768 0.58772 0.39646 0.70653 0.39831 0.72413 0.38599 0.70809 0.38821 0.70226 0.39646 0.70653 0.38599 0.70809 0.37181 0.75093 0.39831 0.72413 0.39798 0.75963 0.22784 0.57701 0.2183099 0.57819 0.22472 0.56835 0.2183099 0.57819 0.19292 0.55093 0.22472 0.56835 0.27179 0.55945 0.29331 0.54028 0.29039 0.5677 0.22472 0.56835 0.25745 0.57834 0.22784 0.57701 0.04808998 0.54088 0.04079997 0.5375 0.05145996 0.53713 0.03102993 0.53913 0.04079997 0.5375 0.03496998 0.54268 0.02936995 0.53688 0.04079997 0.5375 0.03102993 0.53913 0.04910999 0.5497 0.04808998 0.54088 0.05437999 0.5504 0.19804 0.54512 0.22472 0.56835 0.19292 0.55093 0.15861 0.51395 0.16536 0.51877 0.16145 0.52701 0.16145 0.52701 0.16536 0.51877 0.16591 0.52418 0.22633 0.49164 0.24003 0.49706 0.22946 0.49586 0.31494 0.55257 0.29039 0.5677 0.29331 0.54028 0.40393 0.77481 0.38454 0.77926 0.39798 0.75963 0.38454 0.77926 0.37181 0.75093 0.39798 0.75963 0.04718995 0.83198 0.07129997 0.84429 0.05528998 0.86018 0.01793998 0.87491 0.009329974 0.87265 0.01271998 0.84971 0.01271998 0.84971 0.03129994 0.85328 0.01793998 0.87491 0.03129994 0.85328 0.05528998 0.86018 0.04497998 0.88421 0.04497998 0.88421 0.01793998 0.87491 0.03129994 0.85328 0.01447999 0.80491 0.009079992 0.76115 0.02691996 0.7622 0.02691996 0.7622 0.02973997 0.80687 0.01447999 0.80491 0.05286997 0.77349 0.05100995 0.80699 0.02973997 0.80687 0.02973997 0.80687 0.02691996 0.7622 0.05286997 0.77349 0.0744 0.7889 0.08741998 0.80841 0.08609998 0.81347 0.08609998 0.81347 0.05100995 0.80699 0.0744 0.7889 0.07779997 0.87144 0.05528998 0.86018 0.07129997 0.84429 0.07129997 0.84429 0.08873999 0.85912 0.07779997 0.87144 0.04497998 0.88421 0.05528998 0.86018 0.07779997 0.87144 0.07779997 0.87144 0.06999999 0.894 0.04497998 0.88421 0.07553994 0.84268 0.09154999 0.85531 0.08873999 0.85912 0.08873999 0.85912 0.07129997 0.84429 0.07553994 0.84268 0.07553994 0.84268 0.07646995 0.82345 0.07847994 0.8249 0.07847994 0.8249 0.07978999 0.84107 0.07553994 0.84268 0.09435999 0.85151 0.11031 0.85491 0.10936 0.85901 0.10936 0.85901 0.09154999 0.85531 0.09435999 0.85151 0.1303 0.85771 0.13059 0.86124 0.10841 0.86311 0.10841 0.86311 0.10936 0.85901 0.1303 0.85771 0.009079992 0.76115 0.008889973 0.72237 0.03191995 0.72782 0.03191995 0.72782 0.02691996 0.7622 0.009079992 0.76115 0.01975995 0.70419 0.03815996 0.71474 0.03191995 0.72782 0.03191995 0.72782 0.008889973 0.72237 0.01975995 0.70419 0.03191995 0.72782 0.03815996 0.71474 0.05465996 0.72267 0.05465996 0.72267 0.05919998 0.73314 0.03191995 0.72782 0.08491998 0.73915 0.10809 0.74336 0.1021 0.76178 0.1021 0.76178 0.07713997 0.75042 0.08491998 0.73915 0.04682993 0.6897 0.05361998 0.69642 0.03815996 0.71474 0.03815996 0.71474 0.01975995 0.70419 0.04682993 0.6897 0.04682993 0.6897 0.05516999 0.68139 0.06371998 0.6909 0.06371998 0.6909 0.05361998 0.69642 0.04682993 0.6897 0.07286995 0.71139 0.05361998 0.69642 0.06371998 0.6909 0.06371998 0.6909 0.08740997 0.70481 0.07286995 0.71139 0.11196 0.7253 0.10809 0.74336 0.08491998 0.73915 0.08491998 0.73915 0.08410996 0.72178 0.11196 0.7253 0.01793998 0.87491 0.04497998 0.88421 0.04177999 0.90885 0.04177999 0.90885 0.008189976 0.90224 0.01793998 0.87491 0.04177999 0.90885 0.04497998 0.88421 0.06999999 0.894 0.06999999 0.894 0.07361 0.92072 0.04177999 0.90885 0.10238 0.78294 0.10478 0.80083 0.08741998 0.80841 0.08741998 0.80841 0.0744 0.7889 0.10238 0.78294 0.07664996 0.76594 0.1021 0.76178 0.10238 0.78294 0.10238 0.78294 0.0744 0.7889 0.07664996 0.76594 0.13517 0.79288 0.1281 0.80971 0.10478 0.80083 0.10478 0.80083 0.10238 0.78294 0.13517 0.79288 0.14112 0.77142 0.13517 0.79288 0.10238 0.78294 0.10238 0.78294 0.1021 0.76178 0.14112 0.77142 0.1431 0.82627 0.1281 0.80971 0.13517 0.79288 0.13517 0.79288 0.16388 0.81883 0.1431 0.82627 0.18091 0.80068 0.16388 0.81883 0.13517 0.79288 0.13517 0.79288 0.14112 0.77142 0.18091 0.80068 0.14806 0.83656 0.1431 0.82627 0.16388 0.81883 0.16388 0.81883 0.16973 0.84367 0.14806 0.83656 0.16973 0.84367 0.16388 0.81883 0.18091 0.80068 0.18091 0.80068 0.19262 0.85259 0.16973 0.84367 0.14656 0.84804 0.14774 0.84956 0.13059 0.86124 0.13059 0.86124 0.1303 0.85771 0.14656 0.84804 0.08523994 0.8379 0.07978999 0.84107 0.07847994 0.8249 0.07847994 0.8249 0.08298999 0.82696 0.08523994 0.8379 0.08523994 0.8379 0.09716999 0.84667 0.09435999 0.85151 0.09435999 0.85151 0.07978999 0.84107 0.08523994 0.8379 0.11099 0.84892 0.11031 0.85491 0.09435999 0.85151 0.09435999 0.85151 0.09716999 0.84667 0.11099 0.84892 0.12915 0.84822 0.13002 0.85418 0.11031 0.85491 0.11031 0.85491 0.11099 0.84892 0.12915 0.84822 0.1427299 0.84336 0.14539 0.84652 0.13002 0.85418 0.13002 0.85418 0.12915 0.84822 0.1427299 0.84336 0.14112 0.77142 0.14514 0.74639 0.1904 0.7654 0.1904 0.7654 0.18091 0.80068 0.14112 0.77142 0.1904 0.7654 0.23665 0.77233 0.22249 0.81043 0.22249 0.81043 0.18091 0.80068 0.1904 0.7654 0.11383 0.69391 0.11417 0.70568 0.08740997 0.70481 0.08740997 0.70481 0.08960998 0.68804 0.11383 0.69391 0.11196 0.7253 0.08410996 0.72178 0.08740997 0.70481 0.08740997 0.70481 0.11417 0.70568 0.11196 0.7253 0.06371998 0.6909 0.07060998 0.68208 0.08960998 0.68804 0.08960998 0.68804 0.08740997 0.70481 0.06371998 0.6909 0.07060998 0.68208 0.06371998 0.6909 0.05516999 0.68139 0.05516999 0.68139 0.06048995 0.67337 0.07060998 0.68208 0.06048995 0.67337 0.06809997 0.66426 0.07712996 0.67265 0.07712996 0.67265 0.07060998 0.68208 0.06048995 0.67337 0.07712996 0.67265 0.09200996 0.67983 0.08960998 0.68804 0.08960998 0.68804 0.07060998 0.68208 0.07712996 0.67265 0.08960998 0.68804 0.09200996 0.67983 0.11453 0.68622 0.11453 0.68622 0.11383 0.69391 0.08960998 0.68804 0.11417 0.70568 0.11383 0.69391 0.12259 0.69272 0.12259 0.69272 0.13299 0.70344 0.11417 0.70568 0.11196 0.7253 0.11417 0.70568 0.13299 0.70344 0.13299 0.70344 0.14622 0.72039 0.11196 0.7253 0.08125996 0.66547 0.07045996 0.65652 0.08121997 0.64187 0.08121997 0.64187 0.09880995 0.66101 0.08125996 0.66547 0.09880995 0.66101 0.09503996 0.67436 0.08125996 0.66547 0.12178 0.682 0.11453 0.68622 0.1102949 0.671505 0.12178 0.682 0.1102949 0.671505 0.11267 0.6574875 0.11267 0.6574875 0.13262 0.67407 0.12178 0.682 0.1271 0.68783 0.12178 0.682 0.13262 0.67407 0.13262 0.67407 0.1421999 0.69267 0.1271 0.68783 0.09880995 0.66101 0.08121997 0.64187 0.08925998 0.6323 0.08925998 0.6323 0.11267 0.6574875 0.09880995 0.66101 0.11267 0.6574875 0.08925998 0.6323 0.1007 0.61907 0.1007 0.61907 0.12208 0.63862 0.11267 0.6574875 0.1529999 0.66401 0.13262 0.67407 0.11267 0.6574875 0.11267 0.6574875 0.12208 0.63862 0.1529999 0.66401 0.1421999 0.69267 0.13262 0.67407 0.1529999 0.66401 0.1529999 0.66401 0.17154 0.69284 0.1421999 0.69267 0.14514 0.74639 0.10809 0.74336 0.11196 0.7253 0.11196 0.7253 0.14622 0.72039 0.14514 0.74639 0.14514 0.74639 0.14622 0.72039 0.1906999 0.72991 0.1906999 0.72991 0.1904 0.7654 0.14514 0.74639 0.17154 0.69284 0.1529999 0.66401 0.17154 0.65099 0.17154 0.65099 0.2047899 0.68013 0.17154 0.69284 0.12208 0.63862 0.13991 0.62424 0.17154 0.65099 0.17154 0.65099 0.1529999 0.66401 0.12208 0.63862 0.1007 0.61907 0.11693 0.60187 0.13991 0.62424 0.13991 0.62424 0.12208 0.63862 0.1007 0.61907 0.12259 0.69272 0.1271 0.68783 0.1421999 0.69267 0.1421999 0.69267 0.13299 0.70344 0.12259 0.69272 0.2047899 0.68013 0.22687 0.72463 0.1906999 0.72991 0.1906999 0.72991 0.17154 0.69284 0.2047899 0.68013 0.1904 0.7654 0.1906999 0.72991 0.22687 0.72463 0.22687 0.72463 0.23665 0.77233 0.1904 0.7654 0.28689 0.79691 0.27907 0.832355 0.25634 0.80578 0.22687 0.72463 0.26222 0.71251 0.28469 0.75029 0.28469 0.75029 0.23665 0.77233 0.22687 0.72463 0.14131 0.5872 0.15598 0.61164 0.13991 0.62424 0.13991 0.62424 0.11693 0.60187 0.14131 0.5872 0.17154 0.65099 0.13991 0.62424 0.15598 0.61164 0.15598 0.61164 0.18938 0.63668 0.17154 0.65099 0.2047899 0.68013 0.17154 0.65099 0.18938 0.63668 0.18938 0.63668 0.23097 0.6699 0.2047899 0.68013 0.22687 0.72463 0.2047899 0.68013 0.23097 0.6699 0.23097 0.6699 0.26222 0.71251 0.22687 0.72463 0.26112 0.66288 0.28484 0.70094 0.26222 0.71251 0.26222 0.71251 0.23097 0.6699 0.26112 0.66288 0.28484 0.70094 0.30613 0.74025 0.28469 0.75029 0.28469 0.75029 0.26222 0.71251 0.28484 0.70094 0.2129 0.621655 0.26112 0.66288 0.23097 0.6699 0.23097 0.6699 0.18938 0.63668 0.2129 0.621655 0.30521 0.78757 0.28689 0.79691 0.28469 0.75029 0.28469 0.75029 0.30613 0.74025 0.30521 0.78757 0.18938 0.63668 0.15598 0.61164 0.2129 0.621655 0.19326 0.58348 0.2129 0.621655 0.15598 0.61164 0.15598 0.61164 0.14131 0.5872 0.19326 0.58348 0.04931998 0.43395 0.03384 0.41507 0.03873997 0.4094401 0.03873997 0.4094401 0.05973994 0.41929 0.04931998 0.43395 0.07931995 0.41413 0.09397 0.42582 0.08100998 0.4367401 0.08100998 0.4367401 0.05973994 0.41929 0.07931995 0.41413 0.04931998 0.43395 0.05973994 0.41929 0.08100998 0.4367401 0.08100998 0.4367401 0.06918996 0.44826 0.04931998 0.43395 0.09397 0.42582 0.07931995 0.41413 0.09634 0.40454 0.09634 0.40454 0.10462 0.41044 0.09397 0.42582 0.09634 0.40454 0.10896 0.381095 0.11828 0.3877 0.11828 0.3877 0.10462 0.41044 0.09634 0.40454 0.12651 0.37983 0.11828 0.3877 0.10896 0.381095 0.10896 0.381095 0.12151 0.36731 0.12651 0.37983 0.13539 0.39982 0.11828 0.3877 0.12651 0.37983 0.12651 0.37983 0.1425999 0.39004 0.13539 0.39982 0.16288 0.41199 0.13539 0.39982 0.1425999 0.39004 0.1425999 0.39004 0.16716 0.39391 0.16288 0.41199 0.18373 0.41488 0.16288 0.41199 0.16716 0.39391 0.16716 0.39391 0.18593 0.39332 0.18373 0.41488 0.11828 0.3877 0.13539 0.39982 0.12372 0.41998 0.12372 0.41998 0.10462 0.41044 0.11828 0.3877 0.11055 0.43677 0.09397 0.42582 0.10462 0.41044 0.10462 0.41044 0.12372 0.41998 0.11055 0.43677 0.14357 0.43016 0.12372 0.41998 0.13539 0.39982 0.13539 0.39982 0.16288 0.41199 0.14357 0.43016 0.13081 0.44746 0.11055 0.43677 0.12372 0.41998 0.12372 0.41998 0.14357 0.43016 0.13081 0.44746 0.16288 0.41199 0.18373 0.41488 0.1809599 0.44292 0.1809599 0.44292 0.14357 0.43016 0.16288 0.41199 0.09509998 0.44912 0.08100998 0.4367401 0.09397 0.42582 0.09397 0.42582 0.11055 0.43677 0.09509998 0.44912 0.11326 0.45992 0.09509998 0.44912 0.11055 0.43677 0.11055 0.43677 0.13081 0.44746 0.11326 0.45992 0.16396 0.46977 0.13081 0.44746 0.1809599 0.44292 0.08177 0.4613201 0.09509998 0.44912 0.11326 0.45992 0.11326 0.45992 0.10148 0.47987 0.08177 0.4613201 0.08177 0.4613201 0.06918996 0.44826 0.08100998 0.4367401 0.08100998 0.4367401 0.09509998 0.44912 0.08177 0.4613201 0.08177 0.4613201 0.06945997 0.47347 0.05561995 0.45703 0.05561995 0.45703 0.06918996 0.44826 0.08177 0.4613201 0.08645999 0.49235 0.06945997 0.47347 0.08177 0.4613201 0.08177 0.4613201 0.10148 0.47987 0.08645999 0.49235 0.04177999 0.90885 0.04507994 0.94187 0.01083999 0.94032 0.01083999 0.94032 0.008189976 0.90224 0.04177999 0.90885 0.07361 0.92072 0.07785999 0.94847 0.04507994 0.94187 0.04507994 0.94187 0.04177999 0.90885 0.07361 0.92072 0.04507994 0.94187 0.04017996 0.97028 0.01083999 0.94032 0.05668997 0.48631 0.06945997 0.47347 0.08645999 0.49235 0.08645999 0.49235 0.07181996 0.50944 0.05668997 0.48631 0.04202997 0.46524 0.05561995 0.45703 0.06945997 0.47347 0.06945997 0.47347 0.05668997 0.48631 0.04202997 0.46524 0.04050993 0.49894 0.05668997 0.48631 0.07181996 0.50944 0.07181996 0.50944 0.05371999 0.52389 0.04050993 0.49894 0.05668997 0.48631 0.04050993 0.49894 0.02599996 0.47763 0.02599996 0.47763 0.04202997 0.46524 0.05668997 0.48631 0.18593 0.39332 0.22056 0.39224 0.21878 0.4089 0.21878 0.4089 0.18373 0.41488 0.18593 0.39332 0.21531 0.4422 0.1809599 0.44292 0.18373 0.41488 0.18373 0.41488 0.21878 0.4089 0.21531 0.4422 0.80656 0.36947 0.82648 0.36064 0.83037 0.38996 0.83037 0.38996 0.81359 0.39369 0.80656 0.36947 0.80656 0.36947 0.79132 0.34616 0.81078 0.33574 0.81078 0.33574 0.82648 0.36064 0.80656 0.36947 0.21878 0.4089 0.22056 0.39224 0.26674 0.39268 0.26674 0.39268 0.26852 0.41021 0.21878 0.4089 0.21531 0.4422 0.21878 0.4089 0.26852 0.41021 0.26852 0.41021 0.26723 0.45185 0.21531 0.4422 0.20885 0.47259 0.16396 0.46977 0.1809599 0.44292 0.1809599 0.44292 0.21531 0.4422 0.20885 0.47259 0.26041 0.47377 0.20885 0.47259 0.26723 0.45185 0.26723 0.45185 0.26852 0.41021 0.32501 0.42142 0.32501 0.42142 0.32775 0.46364 0.26723 0.45185 0.32558 0.3967 0.32501 0.42142 0.26852 0.41021 0.26852 0.41021 0.26674 0.39268 0.32558 0.3967 0.32501 0.42142 0.32558 0.3967 0.3824 0.4012 0.3824 0.4012 0.38443 0.42914 0.32501 0.42142 0.38443 0.42914 0.37548 0.47063 0.32775 0.46364 0.32775 0.46364 0.32501 0.42142 0.38443 0.42914 0.29551 0.49807 0.26041 0.47377 0.32775 0.46364 0.37548 0.47063 0.35593 0.52964 0.31747 0.51038 0.31747 0.51038 0.32775 0.46364 0.37548 0.47063 0.78114 0.46845 0.80896 0.45153 0.79484 0.47994 0.80896 0.45153 0.78665 0.44543 0.78695 0.42209 0.78695 0.42209 0.82347 0.42134 0.80896 0.45153 0.77436 0.48676 0.78114 0.46845 0.79171 0.49681 0.78168 0.51878 0.77436 0.48676 0.79171 0.49681 0.79924 0.53878 0.79239 0.55874 0.76154 0.54368 0.76154 0.54368 0.78168 0.51878 0.79924 0.53878 0.78695 0.42209 0.78489 0.40008 0.81359 0.39369 0.81359 0.39369 0.82347 0.42134 0.78695 0.42209 0.80656 0.36947 0.81359 0.39369 0.78489 0.40008 0.78489 0.40008 0.77644 0.37931 0.80656 0.36947 0.77644 0.37931 0.76317 0.35817 0.79132 0.34616 0.79132 0.34616 0.80656 0.36947 0.77644 0.37931 0.79132 0.34616 0.76534 0.32382 0.7758 0.31112 0.7758 0.31112 0.81078 0.33574 0.79132 0.34616 0.76317 0.35817 0.74487 0.33838 0.76534 0.32382 0.76534 0.32382 0.79132 0.34616 0.76317 0.35817 0.7758 0.31112 0.73581 0.30698 0.73133 0.29023 0.74487 0.33838 0.72884 0.31899 0.73581 0.30698 0.73581 0.30698 0.76534 0.32382 0.74487 0.33838 0.73133 0.29023 0.70636 0.2937 0.69238 0.26994 0.73581 0.30698 0.72884 0.31899 0.70272 0.30379 0.70272 0.30379 0.70636 0.2937 0.73581 0.30698 0.76575 0.57779 0.74207 0.56593 0.76154 0.54368 0.76154 0.54368 0.79239 0.55874 0.76575 0.57779 0.40994 0.65342 0.46151 0.58223 0.49764 0.61244 0.49764 0.61244 0.44209 0.68106 0.40994 0.65342 0.40994 0.65342 0.38397 0.62734 0.46151 0.58223 0.37453 0.59709 0.44278 0.56033 0.46151 0.58223 0.46151 0.58223 0.38397 0.62734 0.37453 0.59709 0.36872 0.56345 0.4292 0.5131 0.44278 0.56033 0.44278 0.56033 0.37453 0.59709 0.36872 0.56345 0.43479 0.40204 0.43282 0.43581 0.38443 0.42914 0.38443 0.42914 0.3824 0.4012 0.43479 0.40204 0.42913 0.47369 0.37548 0.47063 0.38443 0.42914 0.38443 0.42914 0.43282 0.43581 0.42913 0.47369 0.96929 0.46949 0.97387 0.46883 0.97385 0.49435 0.97385 0.49435 0.96877 0.49436 0.96929 0.46949 0.97565 0.43993 0.97387 0.46883 0.96929 0.46949 0.96929 0.46949 0.97136 0.4376201 0.97565 0.43993 0.37548 0.47063 0.42913 0.47369 0.35593 0.52964 0.97826 0.40458 0.97565 0.43993 0.97136 0.4376201 0.97136 0.4376201 0.97414 0.40249 0.97826 0.40458 0.36872 0.56345 0.35593 0.52964 0.4292 0.5131 0.74944 0.40827 0.7432 0.38845 0.77644 0.37931 0.77644 0.37931 0.78489 0.40008 0.74944 0.40827 0.7432 0.38845 0.73279 0.36965 0.76317 0.35817 0.76317 0.35817 0.77644 0.37931 0.7432 0.38845 0.78695 0.42209 0.75359 0.4296301 0.74944 0.40827 0.74944 0.40827 0.78489 0.40008 0.78695 0.42209 0.78665 0.44543 0.75651 0.45002 0.75359 0.4296301 0.75359 0.4296301 0.78695 0.42209 0.78665 0.44543 0.77436 0.48676 0.76126 0.51237 0.74288 0.50587 0.74288 0.50587 0.75124 0.47576 0.77436 0.48676 0.70726 0.33191 0.69366 0.31441 0.70272 0.30379 0.70272 0.30379 0.72884 0.31899 0.70726 0.33191 0.7214 0.35066 0.70726 0.33191 0.72884 0.31899 0.72884 0.31899 0.74487 0.33838 0.7214 0.35066 0.73279 0.36965 0.7214 0.35066 0.74487 0.33838 0.74487 0.33838 0.76317 0.35817 0.73279 0.36965 0.75359 0.4296301 0.69278 0.42774 0.74944 0.40827 0.69278 0.42774 0.68533 0.39442 0.7432 0.38845 0.7432 0.38845 0.74944 0.40827 0.69278 0.42774 0.75651 0.45002 0.69549 0.4531 0.75359 0.4296301 0.75124 0.47576 0.69903 0.47332 0.69549 0.4531 0.69549 0.4531 0.75651 0.45002 0.75124 0.47576 0.74288 0.50587 0.69546 0.49638 0.69903 0.47332 0.69903 0.47332 0.75124 0.47576 0.74288 0.50587 0.68488 0.54155 0.6872 0.51771 0.73543 0.5308 0.73543 0.5308 0.7274 0.55511 0.68488 0.54155 0.69366 0.31441 0.70726 0.33191 0.6639 0.35245 0.6639 0.35245 0.64929 0.33391 0.69366 0.31441 0.68533 0.39442 0.73279 0.36965 0.7432 0.38845 0.68533 0.39442 0.67604 0.37063 0.73279 0.36965 0.67604 0.37063 0.6639 0.35245 0.70726 0.33191 0.70726 0.33191 0.7214 0.35066 0.67604 0.37063 0.62897 0.45628 0.69549 0.4531 0.69903 0.47332 0.69903 0.47332 0.62897 0.47608 0.62897 0.45628 0.69549 0.4531 0.62897 0.45628 0.62752 0.43644 0.62752 0.43644 0.69278 0.42774 0.69549 0.4531 0.69546 0.49638 0.63351 0.49243 0.62897 0.47608 0.62897 0.47608 0.69903 0.47332 0.69546 0.49638 0.62897 0.45628 0.62897 0.47608 0.60965 0.47777 0.60965 0.47777 0.60566 0.45786 0.62897 0.45628 0.62897 0.47608 0.63351 0.49243 0.61395 0.49919 0.61395 0.49919 0.60965 0.47777 0.62897 0.47608 0.62752 0.43644 0.62897 0.45628 0.60566 0.45786 0.60566 0.45786 0.60041 0.42901 0.62752 0.43644 0.69546 0.49638 0.6872 0.51771 0.64103 0.50749 0.64103 0.50749 0.63351 0.49243 0.69546 0.49638 0.61395 0.49919 0.63351 0.49243 0.64103 0.50749 0.64103 0.50749 0.61445 0.51735 0.61395 0.49919 0.61227 0.3753 0.60331 0.35142 0.64929 0.33391 0.64929 0.33391 0.6639 0.35245 0.61227 0.3753 0.619 0.39091 0.61227 0.3753 0.6639 0.35245 0.6639 0.35245 0.67604 0.37063 0.619 0.39091 0.61227 0.3753 0.59195 0.38238 0.58089 0.36117 0.58089 0.36117 0.60331 0.35142 0.61227 0.3753 0.59705 0.39496 0.59195 0.38238 0.61227 0.3753 0.61227 0.3753 0.619 0.39091 0.59705 0.39496 0.67604 0.37063 0.68533 0.39442 0.6259 0.41164 0.6259 0.41164 0.619 0.39091 0.67604 0.37063 0.60041 0.42901 0.58 0.4340201 0.57314 0.40541 0.57314 0.40541 0.59705 0.39496 0.60041 0.42901 0.59195 0.38238 0.59705 0.39496 0.57314 0.40541 0.57314 0.40541 0.56534 0.39017 0.59195 0.38238 0.57314 0.40541 0.45122 0.45952 0.44904 0.44924 0.44904 0.44924 0.56534 0.39017 0.57314 0.40541 0.45122 0.45952 0.57314 0.40541 0.58 0.4340201 0.58 0.4340201 0.45701 0.47423 0.45122 0.45952 0.56534 0.39017 0.5545 0.37063 0.58089 0.36117 0.58089 0.36117 0.59195 0.38238 0.56534 0.39017 0.5545 0.37063 0.56534 0.39017 0.44904 0.44924 0.44904 0.44924 0.44407 0.43645 0.5545 0.37063 0.59441 0.53962 0.59361 0.51821 0.61445 0.51735 0.61445 0.51735 0.61804 0.53479 0.59441 0.53962 0.46851 0.5319 0.59361 0.51821 0.59441 0.53962 0.59441 0.53962 0.46789 0.54476 0.46851 0.5319 0.60566 0.45786 0.58586 0.46082 0.58 0.4340201 0.58 0.4340201 0.60041 0.42901 0.60566 0.45786 0.58586 0.46082 0.60566 0.45786 0.60965 0.47777 0.60965 0.47777 0.59046 0.48224 0.58586 0.46082 0.59347 0.50141 0.59046 0.48224 0.60965 0.47777 0.60965 0.47777 0.61395 0.49919 0.59347 0.50141 0.59361 0.51821 0.59347 0.50141 0.61395 0.49919 0.61395 0.49919 0.61445 0.51735 0.59361 0.51821 0.4693 0.52274 0.59347 0.50141 0.59361 0.51821 0.59361 0.51821 0.46851 0.5319 0.4693 0.52274 0.59046 0.48224 0.59347 0.50141 0.4693 0.52274 0.4693 0.52274 0.4659 0.50692 0.59046 0.48224 0.4659 0.50692 0.46312 0.49048 0.58586 0.46082 0.58586 0.46082 0.59046 0.48224 0.4659 0.50692 0.46312 0.49048 0.45701 0.47423 0.58 0.4340201 0.58 0.4340201 0.58586 0.46082 0.46312 0.49048 0.31861 0.58129 0.34263 0.59566 0.33335 0.61561 0.33335 0.61561 0.30572 0.60536 0.31861 0.58129 0.37952 0.80566 0.38805 0.83228 0.37126 0.83713 0.37126 0.83713 0.35847 0.81 0.37952 0.80566 0.33179 0.56091 0.31494 0.55257 0.31889 0.54269 0.31889 0.54269 0.33863 0.55004 0.33179 0.56091 0.29039 0.5677 0.31861 0.58129 0.30572 0.60536 0.30572 0.60536 0.27712 0.59825 0.29039 0.5677 0.25742 0.65061 0.25624 0.63913 0.2956 0.62901 0.2956 0.62901 0.29948 0.64519 0.25742 0.65061 0.25624 0.63913 0.24626 0.62715 0.26303 0.61504 0.26303 0.61504 0.2956 0.62901 0.25624 0.63913 0.25745 0.57834 0.27179 0.55945 0.29039 0.5677 0.29039 0.5677 0.27712 0.59825 0.25745 0.57834 0.11055 0.54017 0.11861 0.5441 0.10985 0.56871 0.10985 0.56871 0.0934 0.57006 0.11055 0.54017 0.08384996 0.56221 0.105 0.53576 0.11055 0.54017 0.11055 0.54017 0.0934 0.57006 0.08384996 0.56221 0.41678 0.75007 0.43273 0.73462 0.44228 0.74222 0.44228 0.74222 0.42245 0.76717 0.41678 0.75007 0.41322 0.73129 0.42728 0.72738 0.43273 0.73462 0.43273 0.73462 0.41678 0.75007 0.41322 0.73129 0.07848995 0.52957 0.09650999 0.52089 0.09920001 0.52898 0.09920001 0.52898 0.07916998 0.53873 0.07848995 0.52957 0.41807 0.72047 0.4255 0.71971 0.42728 0.72738 0.42728 0.72738 0.41322 0.73129 0.41807 0.72047 0.12729 0.54573 0.13657 0.54568 0.1328999 0.56589 0.1328999 0.56589 0.12488 0.56406 0.12729 0.54573 0.24626 0.62715 0.24154 0.62327 0.24186 0.61562 0.24186 0.61562 0.26303 0.61504 0.24626 0.62715 0.11861 0.5441 0.12729 0.54573 0.11689 0.56626 0.11689 0.56626 0.10985 0.56871 0.11861 0.5441 0.24154 0.62327 0.23472 0.62669 0.23202 0.61996 0.23202 0.61996 0.24186 0.61562 0.24154 0.62327 0.23202 0.61996 0.21909 0.60812 0.22493 0.5992 0.22493 0.5992 0.24186 0.61562 0.23202 0.61996 0.39831 0.72413 0.39646 0.70653 0.40889 0.70526 0.40889 0.70526 0.41807 0.72047 0.39831 0.72413 0.1216199 0.52096 0.1281 0.52508 0.11861 0.5441 0.11861 0.5441 0.11055 0.54017 0.1216199 0.52096 0.12729 0.54573 0.11861 0.5441 0.1281 0.52508 0.1281 0.52508 0.13226 0.52694 0.12729 0.54573 0.11864 0.5179 0.1216199 0.52096 0.11055 0.54017 0.11055 0.54017 0.105 0.53576 0.11864 0.5179 0.13226 0.52694 0.13596 0.52379 0.13657 0.54568 0.13657 0.54568 0.12729 0.54573 0.13226 0.52694 0.09650999 0.52089 0.11608 0.51086 0.11613 0.51607 0.11613 0.51607 0.09920001 0.52898 0.09650999 0.52089 0.03190994 0.58609 0.04208993 0.58539 0.04229998 0.61945 0.04229998 0.61945 0.03024995 0.6193 0.03190994 0.58609 0.04208993 0.58539 0.05115997 0.58446 0.05209994 0.61572 0.05209994 0.61572 0.04229998 0.61945 0.04208993 0.58539 0.01920998 0.61694 0.02369999 0.58397 0.03190994 0.58609 0.03190994 0.58609 0.03024995 0.6193 0.01920998 0.61694 0.007579982 0.61101 0.01262998 0.5804 0.02369999 0.58397 0.02369999 0.58397 0.01920998 0.61694 0.007579982 0.61101 0.06240999 0.61192 0.05852997 0.58261 0.0643 0.5819 0.0643 0.5819 0.07302999 0.61104 0.06240999 0.61192 0.35996 0.7248 0.38599 0.70809 0.39831 0.72413 0.39831 0.72413 0.37181 0.75093 0.35996 0.7248 0.36406 0.67115 0.3723 0.66849 0.38821 0.70226 0.38821 0.70226 0.38599 0.70809 0.36406 0.67115 0.38599 0.70809 0.35996 0.7248 0.34085 0.6932 0.34085 0.6932 0.36406 0.67115 0.38599 0.70809 0.05115997 0.58446 0.05852997 0.58261 0.06240999 0.61192 0.06240999 0.61192 0.05209994 0.61572 0.05115997 0.58446 0.04240995 0.55015 0.04910999 0.5497 0.05115997 0.58446 0.05115997 0.58446 0.04208993 0.58539 0.04240995 0.55015 0.04208993 0.58539 0.03190994 0.58609 0.03303998 0.55315 0.03303998 0.55315 0.04240995 0.55015 0.04208993 0.58539 0.04808998 0.54088 0.04910999 0.5497 0.04240995 0.55015 0.04240995 0.55015 0.04079997 0.5375 0.04808998 0.54088 0.03496998 0.54268 0.04079997 0.5375 0.04240995 0.55015 0.04240995 0.55015 0.03303998 0.55315 0.03496998 0.54268 0.05145996 0.53713 0.05842995 0.54954 0.05437999 0.5504 0.05437999 0.5504 0.04808998 0.54088 0.05145996 0.53713 0.05437999 0.5504 0.05852997 0.58261 0.05115997 0.58446 0.05115997 0.58446 0.04910999 0.5497 0.05437999 0.5504 0.05842995 0.54954 0.0643 0.5819 0.05852997 0.58261 0.05852997 0.58261 0.05437999 0.5504 0.05842995 0.54954 0.02609997 0.55263 0.02369999 0.58397 0.01262998 0.5804 0.01262998 0.5804 0.01882994 0.54743 0.02609997 0.55263 0.02369999 0.58397 0.02609997 0.55263 0.03303998 0.55315 0.03303998 0.55315 0.03190994 0.58609 0.02369999 0.58397 0.02609997 0.55263 0.03102993 0.53913 0.03496998 0.54268 0.03496998 0.54268 0.03303998 0.55315 0.02609997 0.55263 0.35996 0.7248 0.33387 0.74143 0.32084 0.71755 0.32084 0.71755 0.34085 0.6932 0.35996 0.7248 0.37181 0.75093 0.34789 0.76386 0.33387 0.74143 0.33387 0.74143 0.35996 0.7248 0.37181 0.75093 0.27698 0.51203 0.27359 0.51858 0.25435 0.50707 0.25435 0.50707 0.25254 0.49574 0.27698 0.51203 0.29691 0.53151 0.27359 0.51858 0.27698 0.51203 0.27698 0.51203 0.30381 0.51856 0.29691 0.53151 0.25254 0.49574 0.25435 0.50707 0.24003 0.49706 0.32419 0.66035 0.34632 0.63847 0.36406 0.67115 0.36406 0.67115 0.34085 0.6932 0.32419 0.66035 0.36406 0.67115 0.34632 0.63847 0.35474 0.63609 0.35474 0.63609 0.3723 0.66849 0.36406 0.67115 0.34085 0.6932 0.32084 0.71755 0.3111 0.70042 0.3111 0.70042 0.32419 0.66035 0.34085 0.6932 0.23188 0.48659 0.24003 0.49706 0.22633 0.49164 0.22633 0.49164 0.18865 0.49946 0.1870999 0.4926 0.1870999 0.4926 0.23188 0.48659 0.22633 0.49164 0.15861 0.51395 0.1870999 0.4926 0.18865 0.49946 0.18865 0.49946 0.16536 0.51877 0.15861 0.51395 0.19804 0.54512 0.19292 0.55093 0.16145 0.52701 0.16145 0.52701 0.16591 0.52418 0.19804 0.54512 0.19394 0.50093 0.22111 0.52196 0.19804 0.54512 0.19804 0.54512 0.16591 0.52418 0.19394 0.50093 0.16591 0.52418 0.16536 0.51877 0.18865 0.49946 0.18865 0.49946 0.19394 0.50093 0.16591 0.52418 0.22633 0.49164 0.22946 0.49586 0.19394 0.50093 0.19394 0.50093 0.18865 0.49946 0.22633 0.49164 0.24003 0.49706 0.25435 0.50707 0.25247 0.5126 0.25247 0.5126 0.22946 0.49586 0.24003 0.49706 0.26946 0.52416 0.25247 0.5126 0.25435 0.50707 0.25435 0.50707 0.27359 0.51858 0.26946 0.52416 0.26946 0.52416 0.27359 0.51858 0.29691 0.53151 0.29691 0.53151 0.29331 0.54028 0.26946 0.52416 0.29331 0.54028 0.29691 0.53151 0.31889 0.54269 0.31889 0.54269 0.31494 0.55257 0.29331 0.54028 0.31889 0.54269 0.29691 0.53151 0.30381 0.51856 0.30381 0.51856 0.32723 0.52796 0.31889 0.54269 0.93634 0.49441 0.93722 0.46716 0.96929 0.46949 0.96929 0.46949 0.96877 0.49436 0.93634 0.49441 0.96929 0.46949 0.93722 0.46716 0.94054 0.4381 0.94054 0.4381 0.97136 0.4376201 0.96929 0.46949 0.94671 0.39843 0.97414 0.40249 0.97136 0.4376201 0.97136 0.4376201 0.94054 0.4381 0.94671 0.39843 0.96595 0.30949 0.95669 0.34531 0.92062 0.33346 0.92062 0.33346 0.92991 0.29633 0.96595 0.30949 0.95669 0.34531 0.9519 0.37078 0.91749 0.3626 0.91749 0.3626 0.92062 0.33346 0.95669 0.34531 0.90125 0.46222 0.93722 0.46716 0.93634 0.49441 0.93634 0.49441 0.89152 0.49449 0.90125 0.46222 0.90856 0.43471 0.94054 0.4381 0.93722 0.46716 0.93722 0.46716 0.90125 0.46222 0.90856 0.43471 0.89737 0.46128 0.90125 0.46222 0.89152 0.49449 0.89152 0.49449 0.8876 0.4945001 0.89737 0.46128 0.90125 0.46222 0.89737 0.46128 0.90426 0.43489 0.90426 0.43489 0.90856 0.43471 0.90125 0.46222 0.91591 0.39545 0.94671 0.39843 0.94054 0.4381 0.94054 0.4381 0.90856 0.43471 0.91591 0.39545 0.9519 0.37078 0.94671 0.39843 0.91591 0.39545 0.91591 0.39545 0.91749 0.3626 0.9519 0.37078 0.91236 0.36257 0.91749 0.3626 0.91591 0.39545 0.91591 0.39545 0.91141 0.39657 0.91236 0.36257 0.90856 0.43471 0.90426 0.43489 0.91141 0.39657 0.91141 0.39657 0.91591 0.39545 0.90856 0.43471 0.91749 0.3626 0.91236 0.36257 0.9155 0.33301 0.9155 0.33301 0.92062 0.33346 0.91749 0.3626 0.92481 0.29579 0.92991 0.29633 0.92062 0.33346 0.92062 0.33346 0.9155 0.33301 0.92481 0.29579 0.76126 0.51237 0.78168 0.51878 0.76154 0.54368 0.76154 0.54368 0.7504 0.53688 0.76126 0.51237 0.7504 0.53688 0.76154 0.54368 0.74207 0.56593 0.74207 0.56593 0.73714 0.55704 0.7504 0.53688 0.97414 0.40249 0.97645 0.37453 0.97996 0.37459 0.97996 0.37459 0.97826 0.40458 0.97414 0.40249 0.98424 0.3539 0.97996 0.37459 0.97645 0.37453 0.97645 0.37453 0.9796 0.35234 0.98424 0.3539 0.9796 0.35234 0.98906 0.3189401 0.99297 0.32092 0.99297 0.32092 0.98424 0.3539 0.9796 0.35234 0.22946 0.49586 0.25247 0.5126 0.22111 0.52196 0.22111 0.52196 0.19394 0.50093 0.22946 0.49586 0.04718995 0.83198 0.03129994 0.85328 0.02860999 0.83226 0.04718995 0.83198 0.02860999 0.83226 0.02973997 0.80687 0.02973997 0.80687 0.05100995 0.80699 0.04718995 0.83198 0.01271998 0.84971 0.01580995 0.83197 0.02860999 0.83226 0.02860999 0.83226 0.03129994 0.85328 0.01271998 0.84971 0.01580995 0.83197 0.01447999 0.80491 0.02973997 0.80687 0.02973997 0.80687 0.02860999 0.83226 0.01580995 0.83197 0.07286995 0.71139 0.08410996 0.72178 0.05465996 0.72267 0.16973 0.84367 0.14774 0.84956 0.14806 0.83656 0.14112 0.77142 0.1021 0.76178 0.10809 0.74336 0.10809 0.74336 0.14514 0.74639 0.14112 0.77142 0.14622 0.72039 0.13299 0.70344 0.1421999 0.69267 0.1421999 0.69267 0.17154 0.69284 0.14622 0.72039 0.63914 0.53034 0.64103 0.50749 0.6872 0.51771 0.6872 0.51771 0.68488 0.54155 0.63914 0.53034 0.69278 0.42774 0.62752 0.43644 0.6259 0.41164 0.6259 0.41164 0.68533 0.39442 0.69278 0.42774 0.35263 0.57828 0.34263 0.59566 0.31861 0.58129 0.31861 0.58129 0.33179 0.56091 0.35263 0.57828 0.40408 0.82797 0.38805 0.83228 0.37952 0.80566 0.37952 0.80566 0.40489 0.80337 0.40408 0.82797 0.42245 0.76717 0.40393 0.77481 0.39798 0.75963 0.39798 0.75963 0.41678 0.75007 0.42245 0.76717 0.12726 0.51967 0.1256 0.51665 0.13596 0.52379 0.13596 0.52379 0.13226 0.52694 0.12726 0.51967 0.11613 0.51607 0.11864 0.5179 0.105 0.53576 0.105 0.53576 0.09920001 0.52898 0.11613 0.51607 0.01882994 0.54743 0.02936995 0.53688 0.03102993 0.53913 0.03102993 0.53913 0.02609997 0.55263 0.01882994 0.54743 0.35772 0.78577 0.34789 0.76386 0.37181 0.75093 0.37181 0.75093 0.38454 0.77926 0.35772 0.78577 0.73543 0.5308 0.7504 0.53688 0.73714 0.55704 0.73714 0.55704 0.7274 0.55511 0.73543 0.5308 0.74288 0.50587 0.76126 0.51237 0.7504 0.53688 0.7504 0.53688 0.73543 0.5308 0.74288 0.50587 0.97645 0.37453 0.97414 0.40249 0.94671 0.39843 0.94671 0.39843 0.9519 0.37078 0.97645 0.37453 0.9519 0.37078 0.95669 0.34531 0.9796 0.35234 0.9796 0.35234 0.97645 0.37453 0.9519 0.37078 0.98906 0.3189401 0.9796 0.35234 0.95669 0.34531 0.95669 0.34531 0.96595 0.30949 0.98906 0.3189401 0.27179 0.55945 0.24594 0.54471 0.26946 0.52416 0.26946 0.52416 0.29331 0.54028 0.27179 0.55945 0.25745 0.57834 0.22472 0.56835 0.24594 0.54471 0.24594 0.54471 0.27179 0.55945 0.25745 0.57834 0.24594 0.54471 0.22111 0.52196 0.25247 0.5126 0.25247 0.5126 0.26946 0.52416 0.24594 0.54471 0.22472 0.56835 0.19804 0.54512 0.22111 0.52196 0.22111 0.52196 0.24594 0.54471 0.22472 0.56835 0.31888 0.94905 0.31971 0.95987 0.29729 0.95573 0.26427 0.97156 0.26099 0.95412 0.29729 0.95573 0.26099 0.95412 0.26353 0.94005 0.29729 0.95573 0.26353 0.94005 0.27875 0.92588 0.29729 0.95573 0.27875 0.92588 0.30049 0.92572 0.29729 0.95573 0.30049 0.92572 0.31472 0.93779 0.29729 0.95573 0.31472 0.93779 0.31888 0.94905 0.29729 0.95573 0.27441 0.98432 0.26427 0.97156 0.29729 0.95573 0.29122 0.99097 0.27441 0.98432 0.29729 0.95573 0.30726 0.9872 0.29122 0.99097 0.29729 0.95573 0.31825 0.97376 0.30726 0.9872 0.29729 0.95573 0.31971 0.95987 0.31825 0.97376 0.29729 0.95573 0.34914 0.83278 0.3351 0.83907 0.3096 0.81097 0.3096 0.81097 0.3254 0.78993 0.34914 0.83278 0.33117 0.87622 0.3351 0.83907 0.34914 0.83278 0.3254 0.78993 0.3096 0.81097 0.30521 0.78757 0.10148 0.47987 0.11326 0.45992 0.12656 0.46719 0.12656 0.46719 0.11326 0.45992 0.13081 0.44746 0.12656 0.46719 0.13081 0.44746 0.16396 0.46977 0.26041 0.47377 0.26723 0.45185 0.32775 0.46364 0.73133 0.29023 0.73581 0.30698 0.70636 0.2937 0.7758 0.31112 0.76534 0.32382 0.73581 0.30698 0.79677 0.51464 0.79924 0.53878 0.78168 0.51878 0.78114 0.46845 0.78665 0.44543 0.80896 0.45153 0.78114 0.46845 0.79484 0.47994 0.79171 0.49681 0.78168 0.51878 0.76126 0.51237 0.77436 0.48676 0.87537 0.29657 0.8656 0.31719 0.84751 0.3066 0.87537 0.29657 0.83193 0.28851 0.858 0.28068 0.75906 0.1946099 0.76268 0.1672999 0.78006 0.1951099 0.78006 0.1951099 0.76268 0.1672999 0.78774 0.17552 0.81526 0.12427 0.77387 0.1430699 0.78252 0.11732 0.88136 0.2052 0.89896 0.1614599 0.90051 0.2029399 0.93484 0.1729099 0.90051 0.2029399 0.89896 0.1614599 0.90051 0.2029399 0.93484 0.1729099 0.92747 0.21327 0.86969 0.16715 0.89896 0.1614599 0.88136 0.2052 0.86969 0.16715 0.8733 0.1442099 0.89896 0.1614599 0.76509 0.06946998 0.77887 0.01600998 0.79895 0.07453 0.78746 0.01276999 0.79895 0.07453 0.77887 0.01600998 0.81512 0.01726001 0.79895 0.07453 0.78746 0.01276999 0.90088 0.31615 0.88246 0.33065 0.8656 0.31719 0.8656 0.31719 0.87537 0.29657 0.90088 0.31615 0.83193 0.28851 0.84751 0.3066 0.83272 0.29723 0.808 0.28456 0.80688 0.27824 0.83193 0.28851 0.83193 0.28851 0.83272 0.29723 0.808 0.28456 0.858 0.28068 0.83193 0.28851 0.82825 0.27844 0.82825 0.27844 0.85055 0.27285 0.858 0.28068 0.82825 0.27844 0.83193 0.28851 0.80688 0.27824 0.80688 0.27824 0.80704 0.26993 0.82825 0.27844 0.88612 0.25053 0.90595 0.26225 0.87537 0.29657 0.87537 0.29657 0.858 0.28068 0.88612 0.25053 0.88612 0.25053 0.858 0.28068 0.85055 0.27285 0.85055 0.27285 0.87449 0.2469 0.88612 0.25053 0.90595 0.26225 0.93097 0.27602 0.90088 0.31615 0.90088 0.31615 0.87537 0.29657 0.90595 0.26225 0.80704 0.26993 0.80688 0.27824 0.78498 0.26062 0.78498 0.26062 0.79029 0.25265 0.80704 0.26993 0.78216 0.2683 0.78498 0.26062 0.80688 0.27824 0.80688 0.27824 0.808 0.28456 0.78216 0.2683 0.78216 0.2683 0.75529 0.2388399 0.76603 0.22986 0.76603 0.22986 0.78498 0.26062 0.78216 0.2683 0.77972 0.22433 0.79029 0.25265 0.78498 0.26062 0.78498 0.26062 0.76603 0.22986 0.77972 0.22433 0.75529 0.2388399 0.73774 0.20054 0.75906 0.1946099 0.75906 0.1946099 0.76603 0.22986 0.75529 0.2388399 0.76603 0.22986 0.75906 0.1946099 0.78006 0.1951099 0.78006 0.1951099 0.77972 0.22433 0.76603 0.22986 0.76268 0.1672999 0.75906 0.1946099 0.73774 0.20054 0.73774 0.20054 0.73617 0.1714999 0.76268 0.1672999 0.76268 0.1672999 0.77387 0.1430699 0.80082 0.16154 0.80082 0.16154 0.78774 0.17552 0.76268 0.1672999 0.77387 0.1430699 0.81526 0.12427 0.80082 0.16154 0.82178 0.1484199 0.81526 0.12427 0.84854 0.1303899 0.84854 0.1303899 0.8438 0.14776 0.82178 0.1484199 0.8438 0.14776 0.84854 0.1303899 0.8733 0.1442099 0.8733 0.1442099 0.86969 0.16715 0.8438 0.14776 0.84854 0.1303899 0.81526 0.12427 0.83238 0.08206999 0.83238 0.08206999 0.86088 0.09149003 0.84854 0.1303899 0.8864 0.1023499 0.8733 0.1442099 0.84854 0.1303899 0.84854 0.1303899 0.86088 0.09149003 0.8864 0.1023499 0.88136 0.2052 0.90051 0.2029399 0.88612 0.25053 0.88612 0.25053 0.87449 0.2469 0.88136 0.2052 0.88612 0.25053 0.90051 0.2029399 0.92747 0.21327 0.92747 0.21327 0.90595 0.26225 0.88612 0.25053 0.91179 0.11114 0.89896 0.1614599 0.8733 0.1442099 0.8733 0.1442099 0.8864 0.1023499 0.91179 0.11114 0.93484 0.1729099 0.89896 0.1614599 0.91179 0.11114 0.91179 0.11114 0.94602 0.1190999 0.93484 0.1729099 0.73617 0.1714999 0.74073 0.14125 0.77387 0.1430699 0.77387 0.1430699 0.76268 0.1672999 0.73617 0.1714999 0.74073 0.14125 0.751 0.11144 0.78252 0.11732 0.78252 0.11732 0.77387 0.1430699 0.74073 0.14125 0.79895 0.07453 0.78252 0.11732 0.751 0.11144 0.751 0.11144 0.76509 0.06946998 0.79895 0.07453 0.78252 0.11732 0.79895 0.07453 0.83238 0.08206999 0.83238 0.08206999 0.81526 0.12427 0.78252 0.11732 0.93097 0.27602 0.90595 0.26225 0.92747 0.21327 0.92747 0.21327 0.95548 0.22425 0.93097 0.27602 0.92747 0.21327 0.93484 0.1729099 0.96884 0.18226 0.96884 0.18226 0.95548 0.22425 0.92747 0.21327 0.96884 0.18226 0.93484 0.1729099 0.94602 0.1190999 0.94602 0.1190999 0.9818 0.1271799 0.96884 0.18226 0.94602 0.1190999 0.95674 0.05532997 0.99429 0.06033998 0.99429 0.06033998 0.9818 0.1271799 0.94602 0.1190999 0.79895 0.07453 0.81512 0.01726001 0.8513 0.02742999 0.8513 0.02742999 0.83238 0.08206999 0.79895 0.07453 0.86088 0.09149003 0.83238 0.08206999 0.8513 0.02742999 0.8513 0.02742999 0.87832 0.03736001 0.86088 0.09149003 0.87832 0.03736001 0.90307 0.04399001 0.8864 0.1023499 0.8864 0.1023499 0.86088 0.09149003 0.87832 0.03736001 0.90307 0.04399001 0.92604 0.04961997 0.91179 0.11114 0.91179 0.11114 0.8864 0.1023499 0.90307 0.04399001 0.94602 0.1190999 0.91179 0.11114 0.92604 0.04961997 0.92604 0.04961997 0.95674 0.05532997 0.94602 0.1190999 0.45854 0.85526 0.47363 0.85666 0.46287 0.86754 0.43983 0.863 0.46287 0.86754 0.44442 0.88623 0.46287 0.86754 0.43983 0.863 0.45854 0.85526 0.40623 0.86708 0.3622 0.85029 0.40281 0.84615 0.3622 0.85029 0.40623 0.86708 0.35984 0.85669 0.35984 0.85669 0.40623 0.86708 0.36346 0.87394 0.49373 0.84161 0.47363 0.85666 0.47514 0.84056 0.40986 0.89011 0.44442 0.88623 0.44281 0.9077 0.44281 0.9077 0.41217 0.90942 0.40986 0.89011 0.44281 0.9077 0.44715 0.9274 0.41489 0.92628 0.41489 0.92628 0.41217 0.90942 0.44281 0.9077 0.44715 0.9274 0.45313 0.94502 0.41571 0.94266 0.41571 0.94266 0.41489 0.92628 0.44715 0.9274 0.45313 0.94502 0.45308 0.96664 0.41452 0.96601 0.41452 0.96601 0.41571 0.94266 0.45313 0.94502 0.45854 0.85526 0.45537 0.84108 0.47514 0.84056 0.47514 0.84056 0.47363 0.85666 0.45854 0.85526 0.43983 0.863 0.43432 0.84338 0.45854 0.85526 0.43432 0.84338 0.43983 0.863 0.40623 0.86708 0.40623 0.86708 0.40281 0.84615 0.43432 0.84338 0.40986 0.89011 0.40623 0.86708 0.43983 0.863 0.43983 0.863 0.44442 0.88623 0.40986 0.89011 0.41447 0.99193 0.41452 0.96601 0.45308 0.96664 0.45308 0.96664 0.45343 0.99187 0.41447 0.99193 0.41447 0.99193 0.36683 0.992 0.36728 0.9647 0.36728 0.9647 0.41452 0.96601 0.41447 0.99193 0.36759 0.89609 0.36346 0.87394 0.40623 0.86708 0.40623 0.86708 0.40986 0.89011 0.36759 0.89609 0.3696 0.91325 0.36759 0.89609 0.40986 0.89011 0.40986 0.89011 0.41217 0.90942 0.3696 0.91325 0.41489 0.92628 0.36878 0.92855 0.3696 0.91325 0.3696 0.91325 0.41217 0.90942 0.41489 0.92628 0.41571 0.94266 0.36756 0.94352 0.36878 0.92855 0.36878 0.92855 0.41489 0.92628 0.41571 0.94266 0.36756 0.94352 0.41571 0.94266 0.41452 0.96601 0.41452 0.96601 0.36728 0.9647 0.36756 0.94352 0.84751 0.3066 0.8656 0.31719 0.86231 0.31998 0.86231 0.31998 0.8454 0.30914 0.84751 0.3066 0.78006 0.1951099 0.78774 0.17552 0.79159 0.17767 0.79159 0.17767 0.78347 0.1941 0.78006 0.1951099 0.86969 0.16715 0.88136 0.2052 0.87779 0.20657 0.87779 0.20657 0.86365 0.1720799 0.86969 0.16715 0.77805 0.01573002 0.77887 0.01600998 0.76509 0.06946998 0.76509 0.06946998 0.75917 0.06870996 0.77805 0.01573002 0.77887 0.01600998 0.77805 0.01573002 0.78723 0.01030999 0.78723 0.01030999 0.78746 0.01276999 0.77887 0.01600998 0.81643 0.01160001 0.81512 0.01726001 0.78746 0.01276999 0.78746 0.01276999 0.78723 0.01030999 0.81643 0.01160001 0.88246 0.33065 0.87537 0.33466 0.86231 0.31998 0.86231 0.31998 0.8656 0.31719 0.88246 0.33065 0.83272 0.29723 0.84751 0.3066 0.8454 0.30914 0.8454 0.30914 0.82945 0.30062 0.83272 0.29723 0.808 0.28456 0.83272 0.29723 0.82945 0.30062 0.82945 0.30062 0.80728 0.28729 0.808 0.28456 0.85055 0.27285 0.82825 0.27844 0.82716 0.2738201 0.82716 0.2738201 0.84595 0.26847 0.85055 0.27285 0.80704 0.26993 0.80789 0.26653 0.82716 0.2738201 0.82716 0.2738201 0.82825 0.27844 0.80704 0.26993 0.85055 0.27285 0.84595 0.26847 0.87051 0.24747 0.87051 0.24747 0.87449 0.2469 0.85055 0.27285 0.79029 0.25265 0.79338 0.24817 0.80789 0.26653 0.80789 0.26653 0.80704 0.26993 0.79029 0.25265 0.78216 0.2683 0.808 0.28456 0.80728 0.28729 0.80728 0.28729 0.77969 0.2712 0.78216 0.2683 0.75529 0.2388399 0.78216 0.2683 0.77969 0.2712 0.77969 0.2712 0.75407 0.2432399 0.75529 0.2388399 0.79029 0.25265 0.77972 0.22433 0.78363 0.22378 0.78363 0.22378 0.79338 0.24817 0.79029 0.25265 0.75529 0.2388399 0.75407 0.2432399 0.7328 0.2046599 0.7328 0.2046599 0.73774 0.20054 0.75529 0.2388399 0.77972 0.22433 0.78006 0.1951099 0.78347 0.1941 0.78347 0.1941 0.78363 0.22378 0.77972 0.22433 0.73617 0.1714999 0.73774 0.20054 0.7328 0.2046599 0.7328 0.2046599 0.72959 0.17479 0.73617 0.1714999 0.78774 0.17552 0.80082 0.16154 0.80489 0.16461 0.80489 0.16461 0.79159 0.17767 0.78774 0.17552 0.82178 0.1484199 0.82434 0.15529 0.80489 0.16461 0.80489 0.16461 0.80082 0.16154 0.82178 0.1484199 0.82178 0.1484199 0.8438 0.14776 0.84244 0.1544799 0.84244 0.1544799 0.82434 0.15529 0.82178 0.1484199 0.8438 0.14776 0.86969 0.16715 0.86365 0.1720799 0.86365 0.1720799 0.84244 0.1544799 0.8438 0.14776 0.87449 0.2469 0.87051 0.24747 0.87779 0.20657 0.87779 0.20657 0.88136 0.2052 0.87449 0.2469 0.73333 0.14278 0.74073 0.14125 0.73617 0.1714999 0.73617 0.1714999 0.72959 0.17479 0.73333 0.14278 0.74073 0.14125 0.73333 0.14278 0.74371 0.11136 0.74371 0.11136 0.751 0.11144 0.74073 0.14125 0.75917 0.06870996 0.76509 0.06946998 0.751 0.11144 0.751 0.11144 0.74371 0.11136 0.75917 0.06870996 0.95674 0.05532997 0.95665 0.04936999 0.99388 0.05150997 0.99388 0.05150997 0.99429 0.06033998 0.95674 0.05532997 0.85319 0.02157002 0.8513 0.02742999 0.81512 0.01726001 0.81512 0.01726001 0.81643 0.01160001 0.85319 0.02157002 0.8513 0.02742999 0.85319 0.02157002 0.87973 0.03196001 0.87973 0.03196001 0.87832 0.03736001 0.8513 0.02742999 0.90369 0.03912997 0.90307 0.04399001 0.87832 0.03736001 0.87832 0.03736001 0.87973 0.03196001 0.90369 0.03912997 0.90307 0.04399001 0.90369 0.03912997 0.92653 0.04553997 0.92653 0.04553997 0.92604 0.04961997 0.90307 0.04399001 0.95674 0.05532997 0.92604 0.04961997 0.92653 0.04553997 0.92653 0.04553997 0.95665 0.04936999 0.95674 0.05532997 0.81526 0.12427 0.82178 0.1484199 0.80082 0.16154 0.87537 0.29657 0.84751 0.3066 0.83193 0.28851 0.13081 0.44746 0.14357 0.43016 0.1809599 0.44292 0.69549 0.4531 0.69278 0.42774 0.75359 0.4296301 0.67604 0.37063 0.7214 0.35066 0.73279 0.36965 0.20885 0.47259 0.21531 0.4422 0.26723 0.45185 0.08735001 0.03386998 0.09823995 0.004980027 0.11005 0.008700013 0.11005 0.008700013 0.09636998 0.04080998 0.08735001 0.03386998 0.08735001 0.03386998 0.07559996 0.02542001 0.08066999 0.002300024 0.08066999 0.002300024 0.09823995 0.004980027 0.08735001 0.03386998 0.07559996 0.02542001 0.05782997 0.01806002 0.05673998 0.01179999 0.05673998 0.01179999 0.08066999 0.002300024 0.07559996 0.02542001 0.004399955 0.01174002 0.01556998 0.00612998 0.02769994 0.03446 0.02769994 0.03446 0.01888996 0.0417 0.004399955 0.01174002 0.02769994 0.03446 0.01556998 0.00612998 0.03305995 0.003799974 0.03305995 0.003799974 0.03920996 0.02594 0.02769994 0.03446 0.03920996 0.02594 0.03305995 0.003799974 0.05673998 0.01179999 0.05673998 0.01179999 0.05782997 0.01806002 0.03920996 0.02594 0.07137995 0.05779999 0.08735001 0.03386998 0.09636998 0.04080998 0.09636998 0.04080998 0.07492995 0.06590998 0.07137995 0.05779999 0.06718999 0.04930001 0.07559996 0.02542001 0.08735001 0.03386998 0.08735001 0.03386998 0.07137995 0.05779999 0.06718999 0.04930001 0.05841994 0.03887999 0.05782997 0.01806002 0.07559996 0.02542001 0.07559996 0.02542001 0.06718999 0.04930001 0.05841994 0.03887999 0.04440999 0.05787998 0.04098999 0.06606 0.01888996 0.0417 0.01888996 0.0417 0.02769994 0.03446 0.04440999 0.05787998 0.04793995 0.04944998 0.04440999 0.05787998 0.02769994 0.03446 0.02769994 0.03446 0.03920996 0.02594 0.04793995 0.04944998 0.05841994 0.03887999 0.04793995 0.04944998 0.03920996 0.02594 0.03920996 0.02594 0.05782997 0.01806002 0.05841994 0.03887999 0.07492995 0.06590998 0.04098999 0.06606 0.04440999 0.05787998 0.04440999 0.05787998 0.07137995 0.05779999 0.07492995 0.06590998 0.06718999 0.04930001 0.07137995 0.05779999 0.04440999 0.05787998 0.04440999 0.05787998 0.04793995 0.04944998 0.06718999 0.04930001 0.06718999 0.04930001 0.04793995 0.04944998 0.05841994 0.03887999 0.05100995 0.80699 0.04718995 0.83198 0.07445996 0.82201 0.0744 0.7889 0.05369997 0.76907 0.05100995 0.80699 0.07445996 0.82201 0.08609998 0.81347 0.05100995 0.80699 0.01793998 0.87491 0.009329974 0.87265 0.008189976 0.90224 0.03191995 0.72782 0.02711999 0.76967 0.05795997 0.74935 0.05369997 0.76907 0.05795997 0.74935 0.02711999 0.76967 0.05795997 0.74935 0.05369997 0.76907 0.07713997 0.75042 0.05795997 0.74935 0.05919998 0.73314 0.03191995 0.72782 0.05919998 0.73314 0.05795997 0.74935 0.07713997 0.75042 0.07713997 0.75042 0.08491998 0.73915 0.05919998 0.73314 0.08491998 0.73915 0.08410996 0.72178 0.05919998 0.73314 0.07664996 0.76594 0.07713997 0.75042 0.05369997 0.76907 0.07713997 0.75042 0.07664996 0.76594 0.1021 0.76178 0.05786997 0.71208 0.05361998 0.69642 0.03815996 0.71474 0.05465996 0.72267 0.05786997 0.71208 0.03815996 0.71474 0.05786997 0.71208 0.05465996 0.72267 0.07286995 0.71139 0.07286995 0.71139 0.08410996 0.72178 0.08740997 0.70481 0.05786997 0.71208 0.07286995 0.71139 0.05361998 0.69642 0.06999999 0.894 0.07361 0.92072 0.10067 0.91009 0.1170099 0.90885 0.10067 0.91009 0.10292 0.92462 0.13059 0.86124 0.12668 0.87715 0.15971 0.86645 0.07664996 0.76594 0.05369997 0.76907 0.0744 0.7889 0.14539 0.84652 0.14656 0.84804 0.14806 0.83656 0.1427299 0.84336 0.14539 0.84652 0.14806 0.83656 0.07445996 0.82201 0.07646995 0.82345 0.08609998 0.81347 0.07847994 0.8249 0.08298999 0.82696 0.08609998 0.81347 0.15971 0.86645 0.14774 0.84956 0.13059 0.86124 0.11453 0.68622 0.11383 0.69391 0.12259 0.69272 0.12178 0.682 0.11453 0.68622 0.1271 0.68783 0.12259 0.69272 0.1271 0.68783 0.11453 0.68622 0.17154 0.69284 0.14622 0.72039 0.1906999 0.72991 0.28689 0.79691 0.28469 0.75029 0.23665 0.77233 0.3096 0.81097 0.28689 0.79691 0.27471 0.8288576 0.30521 0.78757 0.28689 0.79691 0.3096 0.81097 0.27471 0.8288576 0.26096 0.83243 0.25936 0.86411 0.27206 0.89176 0.30906 0.90436 0.27471 0.8288576 0.27471 0.8288576 0.25936 0.86411 0.27206 0.89176 0.10067 0.91009 0.07361 0.92072 0.10292 0.92462 0.3096 0.81097 0.27471 0.8288576 0.3351 0.83907 0.30906 0.90436 0.33336 0.87807 0.27471 0.8288576 0.33336 0.87807 0.3351 0.83907 0.27471 0.8288576 0.29551 0.49807 0.31747 0.51038 0.32775 0.46364 0.79171 0.49681 0.78168 0.51878 0.79677 0.51464 0.81359 0.39369 0.82347 0.42134 0.83037 0.38996 0.78114 0.46845 0.78665 0.44543 0.75651 0.45002 0.77436 0.48676 0.78114 0.46845 0.75124 0.47576 0.75651 0.45002 0.75124 0.47576 0.78114 0.46845 0.73543 0.5308 0.74288 0.50587 0.69546 0.49638 0.69546 0.49638 0.6872 0.51771 0.73543 0.5308 0.63914 0.53034 0.64103 0.50749 0.61804 0.53479 0.61445 0.51735 0.61804 0.53479 0.64103 0.50749 0.6259 0.41164 0.619 0.39091 0.59705 0.39496 0.62752 0.43644 0.6259 0.41164 0.60041 0.42901 0.60041 0.42901 0.6259 0.41164 0.59705 0.39496 0.32699 0.6351 0.33335 0.61561 0.2956 0.62901 0.30572 0.60536 0.2956 0.62901 0.33335 0.61561 0.35263 0.57828 0.36174 0.56905 0.33179 0.56091 0.33863 0.55004 0.33179 0.56091 0.36174 0.56905 0.41473 0.82541 0.43462 0.81987 0.43441 0.79007 0.2956 0.62901 0.29948 0.64519 0.32699 0.6351 0.40408 0.82797 0.41473 0.82541 0.40489 0.80337 0.40489 0.80337 0.41473 0.82541 0.43441 0.79007 0.35847 0.81 0.37952 0.80566 0.35772 0.78577 0.37952 0.80566 0.40489 0.80337 0.38454 0.77926 0.37952 0.80566 0.38454 0.77926 0.35772 0.78577 0.32723 0.52796 0.31889 0.54269 0.33863 0.55004 0.33179 0.56091 0.31494 0.55257 0.31861 0.58129 0.31494 0.55257 0.29039 0.5677 0.31861 0.58129 0.2956 0.62901 0.30572 0.60536 0.27712 0.59825 0.27712 0.59825 0.26303 0.61504 0.2956 0.62901 0.43441 0.79007 0.42245 0.76717 0.40489 0.80337 0.42245 0.76717 0.43441 0.79007 0.45119 0.75028 0.42245 0.76717 0.40393 0.77481 0.40489 0.80337 0.40393 0.77481 0.38454 0.77926 0.40489 0.80337 0.25354 0.59898 0.26303 0.61504 0.27712 0.59825 0.25745 0.57834 0.25354 0.59898 0.27712 0.59825 0.45119 0.75028 0.44228 0.74222 0.42245 0.76717 0.08091998 0.55048 0.08384996 0.56221 0.105 0.53576 0.07916998 0.53873 0.08091998 0.55048 0.09920001 0.52898 0.105 0.53576 0.09920001 0.52898 0.08091998 0.55048 0.41678 0.75007 0.41322 0.73129 0.39798 0.75963 0.41322 0.73129 0.41807 0.72047 0.39831 0.72413 0.41322 0.73129 0.39831 0.72413 0.39798 0.75963 0.26303 0.61504 0.25354 0.59898 0.24186 0.61562 0.24186 0.61562 0.25354 0.59898 0.22493 0.5992 0.1281 0.52508 0.12726 0.51967 0.1216199 0.52096 0.12726 0.51967 0.1281 0.52508 0.13226 0.52694 0.11689 0.56626 0.12488 0.56406 0.12729 0.54573 0.11608 0.51086 0.11613 0.51607 0.1256 0.51665 0.1216199 0.52096 0.1256 0.51665 0.11864 0.5179 0.11613 0.51607 0.11864 0.5179 0.1256 0.51665 0.12726 0.51967 0.1256 0.51665 0.1216199 0.52096 0.22768 0.58772 0.22493 0.5992 0.25354 0.59898 0.25354 0.59898 0.25745 0.57834 0.22768 0.58772 0.22784 0.57701 0.22768 0.58772 0.25745 0.57834 0.39646 0.70653 0.38599 0.70809 0.39831 0.72413 0.38821 0.70226 0.38599 0.70809 0.39646 0.70653 0.37181 0.75093 0.39798 0.75963 0.39831 0.72413 0.22784 0.57701 0.22472 0.56835 0.2183099 0.57819 0.2183099 0.57819 0.22472 0.56835 0.19292 0.55093 0.27179 0.55945 0.29039 0.5677 0.29331 0.54028 0.22472 0.56835 0.22784 0.57701 0.25745 0.57834 0.04808998 0.54088 0.05145996 0.53713 0.04079997 0.5375 0.03102993 0.53913 0.03496998 0.54268 0.04079997 0.5375 0.02936995 0.53688 0.03102993 0.53913 0.04079997 0.5375 0.04910999 0.5497 0.05437999 0.5504 0.04808998 0.54088 0.19804 0.54512 0.19292 0.55093 0.22472 0.56835 0.15861 0.51395 0.16145 0.52701 0.16536 0.51877 0.16145 0.52701 0.16591 0.52418 0.16536 0.51877 0.22633 0.49164 0.22946 0.49586 0.24003 0.49706 0.31494 0.55257 0.29331 0.54028 0.29039 0.5677 0.40393 0.77481 0.39798 0.75963 0.38454 0.77926 0.38454 0.77926 0.39798 0.75963 0.37181 0.75093 0.04718995 0.83198 0.07129997 0.84429 0.07445996 0.82201 0.01793998 0.87491 0.03129994 0.85328 0.01271998 0.84971 0.01271998 0.84971 0.009329974 0.87265 0.01793998 0.87491 0.03129994 0.85328 0.01793998 0.87491 0.04497998 0.88421 0.04497998 0.88421 0.05528998 0.86018 0.03129994 0.85328 0.01447999 0.80491 0.02973997 0.80687 0.02711999 0.76967 0.02711999 0.76967 0.009079992 0.76115 0.01447999 0.80491 0.05369997 0.76907 0.02711999 0.76967 0.02973997 0.80687 0.02973997 0.80687 0.05100995 0.80699 0.05369997 0.76907 0.0744 0.7889 0.05100995 0.80699 0.08609998 0.81347 0.08609998 0.81347 0.08741998 0.80841 0.0744 0.7889 0.07779997 0.87144 0.08873999 0.85912 0.07129997 0.84429 0.07129997 0.84429 0.05528998 0.86018 0.07779997 0.87144 0.04497998 0.88421 0.06999999 0.894 0.07779997 0.87144 0.07779997 0.87144 0.05528998 0.86018 0.04497998 0.88421 0.09154999 0.85531 0.09435999 0.85151 0.07978999 0.84107 0.07978999 0.84107 0.07553994 0.84268 0.09154999 0.85531 0.07646995 0.82345 0.07445996 0.82201 0.07129997 0.84429 0.07129997 0.84429 0.07553994 0.84268 0.07646995 0.82345 0.08873999 0.85912 0.07779997 0.87144 0.09903997 0.87928 0.09903997 0.87928 0.10841 0.86311 0.08873999 0.85912 0.09435999 0.85151 0.09154999 0.85531 0.10936 0.85901 0.10936 0.85901 0.11031 0.85491 0.09435999 0.85151 0.06999999 0.894 0.09903997 0.87928 0.07779997 0.87144 0.10841 0.86311 0.09903997 0.87928 0.12668 0.87715 0.12668 0.87715 0.13059 0.86124 0.10841 0.86311 0.13242 0.89754 0.12668 0.87715 0.09903997 0.87928 0.09903997 0.87928 0.10067 0.91009 0.13242 0.89754 0.10936 0.85901 0.1303 0.85771 0.13002 0.85418 0.13002 0.85418 0.11031 0.85491 0.10936 0.85901 0.03191995 0.72782 0.008889973 0.72237 0.009079992 0.76115 0.009079992 0.76115 0.02711999 0.76967 0.03191995 0.72782 0.01975995 0.70419 0.008889973 0.72237 0.03191995 0.72782 0.03191995 0.72782 0.03815996 0.71474 0.01975995 0.70419 0.03191995 0.72782 0.05919998 0.73314 0.05465996 0.72267 0.05465996 0.72267 0.03815996 0.71474 0.03191995 0.72782 0.08491998 0.73915 0.07713997 0.75042 0.1021 0.76178 0.1021 0.76178 0.10809 0.74336 0.08491998 0.73915 0.04682993 0.6897 0.01975995 0.70419 0.03815996 0.71474 0.03815996 0.71474 0.05361998 0.69642 0.04682993 0.6897 0.06371998 0.6909 0.05516999 0.68139 0.04682993 0.6897 0.04682993 0.6897 0.05361998 0.69642 0.06371998 0.6909 0.07286995 0.71139 0.08740997 0.70481 0.06371998 0.6909 0.06371998 0.6909 0.05361998 0.69642 0.07286995 0.71139 0.11196 0.7253 0.08410996 0.72178 0.08491998 0.73915 0.08491998 0.73915 0.10809 0.74336 0.11196 0.7253 0.01793998 0.87491 0.008189976 0.90224 0.04177999 0.90885 0.04177999 0.90885 0.04497998 0.88421 0.01793998 0.87491 0.04177999 0.90885 0.07361 0.92072 0.06999999 0.894 0.06999999 0.894 0.04497998 0.88421 0.04177999 0.90885 0.16747 0.87846 0.15971 0.86645 0.13242 0.89754 0.16747 0.87846 0.19262 0.85259 0.16973 0.84367 0.16973 0.84367 0.15971 0.86645 0.16747 0.87846 0.1999599 0.87202 0.19262 0.85259 0.16747 0.87846 0.10238 0.78294 0.0744 0.7889 0.08741998 0.80841 0.08741998 0.80841 0.10478 0.80083 0.10238 0.78294 0.07664996 0.76594 0.0744 0.7889 0.10238 0.78294 0.10238 0.78294 0.1021 0.76178 0.07664996 0.76594 0.13517 0.79288 0.10238 0.78294 0.10478 0.80083 0.10478 0.80083 0.1281 0.80971 0.13517 0.79288 0.14112 0.77142 0.1021 0.76178 0.10238 0.78294 0.10238 0.78294 0.13517 0.79288 0.14112 0.77142 0.1431 0.82627 0.16388 0.81883 0.13517 0.79288 0.13517 0.79288 0.1281 0.80971 0.1431 0.82627 0.18091 0.80068 0.14112 0.77142 0.13517 0.79288 0.13517 0.79288 0.16388 0.81883 0.18091 0.80068 0.14806 0.83656 0.16973 0.84367 0.16388 0.81883 0.16388 0.81883 0.1431 0.82627 0.14806 0.83656 0.19262 0.85259 0.18091 0.80068 0.16388 0.81883 0.16388 0.81883 0.16973 0.84367 0.19262 0.85259 0.1303 0.85771 0.14656 0.84804 0.14539 0.84652 0.14539 0.84652 0.13002 0.85418 0.1303 0.85771 0.07847994 0.8249 0.07978999 0.84107 0.08523994 0.8379 0.08523994 0.8379 0.08298999 0.82696 0.07847994 0.8249 0.08523994 0.8379 0.07978999 0.84107 0.09435999 0.85151 0.09435999 0.85151 0.09716999 0.84667 0.08523994 0.8379 0.09435999 0.85151 0.11031 0.85491 0.11099 0.84892 0.11099 0.84892 0.09716999 0.84667 0.09435999 0.85151 0.11031 0.85491 0.13002 0.85418 0.12915 0.84822 0.12915 0.84822 0.11099 0.84892 0.11031 0.85491 0.13002 0.85418 0.14539 0.84652 0.1427299 0.84336 0.1427299 0.84336 0.12915 0.84822 0.13002 0.85418 0.14112 0.77142 0.18091 0.80068 0.1904 0.7654 0.1904 0.7654 0.14514 0.74639 0.14112 0.77142 0.19262 0.85259 0.22038 0.85081 0.22249 0.81043 0.22249 0.81043 0.18091 0.80068 0.19262 0.85259 0.1904 0.7654 0.18091 0.80068 0.22249 0.81043 0.22249 0.81043 0.23665 0.77233 0.1904 0.7654 0.11383 0.69391 0.08960998 0.68804 0.08740997 0.70481 0.08740997 0.70481 0.11417 0.70568 0.11383 0.69391 0.08740997 0.70481 0.08410996 0.72178 0.11196 0.7253 0.11196 0.7253 0.11417 0.70568 0.08740997 0.70481 0.06371998 0.6909 0.08740997 0.70481 0.08960998 0.68804 0.08960998 0.68804 0.07060998 0.68208 0.06371998 0.6909 0.07060998 0.68208 0.06048995 0.67337 0.05516999 0.68139 0.05516999 0.68139 0.06371998 0.6909 0.07060998 0.68208 0.06048995 0.67337 0.07060998 0.68208 0.07712996 0.67265 0.07712996 0.67265 0.06809997 0.66426 0.06048995 0.67337 0.07712996 0.67265 0.07060998 0.68208 0.08960998 0.68804 0.08960998 0.68804 0.09200996 0.67983 0.07712996 0.67265 0.08960998 0.68804 0.11383 0.69391 0.11453 0.68622 0.11453 0.68622 0.09200996 0.67983 0.08960998 0.68804 0.11417 0.70568 0.13299 0.70344 0.12259 0.69272 0.12259 0.69272 0.11383 0.69391 0.11417 0.70568 0.11196 0.7253 0.14622 0.72039 0.13299 0.70344 0.13299 0.70344 0.11417 0.70568 0.11196 0.7253 0.08125996 0.66547 0.09880995 0.66101 0.08121997 0.64187 0.08121997 0.64187 0.07045996 0.65652 0.08125996 0.66547 0.08125996 0.66547 0.09503996 0.67436 0.09880995 0.66101 0.09503996 0.67436 0.1102949 0.671505 0.09880995 0.66101 0.12178 0.682 0.13262 0.67407 0.115995 0.6602513 0.115995 0.6602513 0.1102949 0.671505 0.12178 0.682 0.1271 0.68783 0.1421999 0.69267 0.13262 0.67407 0.13262 0.67407 0.12178 0.682 0.1271 0.68783 0.08925998 0.6323 0.08121997 0.64187 0.09880995 0.66101 0.09880995 0.66101 0.115995 0.6602513 0.08925998 0.6323 0.115995 0.6602513 0.12208 0.63862 0.1007 0.61907 0.1007 0.61907 0.08925998 0.6323 0.115995 0.6602513 0.115995 0.6602513 0.13262 0.67407 0.1529999 0.66401 0.1529999 0.66401 0.12208 0.63862 0.115995 0.6602513 0.1421999 0.69267 0.17154 0.69284 0.1529999 0.66401 0.1529999 0.66401 0.13262 0.67407 0.1421999 0.69267 0.14514 0.74639 0.14622 0.72039 0.11196 0.7253 0.11196 0.7253 0.10809 0.74336 0.14514 0.74639 0.14514 0.74639 0.1904 0.7654 0.1906999 0.72991 0.1906999 0.72991 0.14622 0.72039 0.14514 0.74639 0.17154 0.69284 0.2047899 0.68013 0.17154 0.65099 0.17154 0.65099 0.1529999 0.66401 0.17154 0.69284 0.17154 0.65099 0.13991 0.62424 0.12208 0.63862 0.12208 0.63862 0.1529999 0.66401 0.17154 0.65099 0.13991 0.62424 0.11693 0.60187 0.1007 0.61907 0.1007 0.61907 0.12208 0.63862 0.13991 0.62424 0.1421999 0.69267 0.1271 0.68783 0.12259 0.69272 0.12259 0.69272 0.13299 0.70344 0.1421999 0.69267 0.2047899 0.68013 0.17154 0.69284 0.1906999 0.72991 0.1906999 0.72991 0.22687 0.72463 0.2047899 0.68013 0.1904 0.7654 0.23665 0.77233 0.22687 0.72463 0.22687 0.72463 0.1906999 0.72991 0.1904 0.7654 0.2397699 0.82602 0.22249 0.81043 0.22038 0.85081 0.22687 0.72463 0.23665 0.77233 0.28469 0.75029 0.28469 0.75029 0.26222 0.71251 0.22687 0.72463 0.14131 0.5872 0.11693 0.60187 0.13991 0.62424 0.13991 0.62424 0.15598 0.61164 0.14131 0.5872 0.17154 0.65099 0.18938 0.63668 0.15598 0.61164 0.15598 0.61164 0.13991 0.62424 0.17154 0.65099 0.2047899 0.68013 0.23097 0.6699 0.18938 0.63668 0.18938 0.63668 0.17154 0.65099 0.2047899 0.68013 0.22687 0.72463 0.26222 0.71251 0.23097 0.6699 0.23097 0.6699 0.2047899 0.68013 0.22687 0.72463 0.26112 0.66288 0.23097 0.6699 0.26222 0.71251 0.26222 0.71251 0.28484 0.70094 0.26112 0.66288 0.28484 0.70094 0.26222 0.71251 0.28469 0.75029 0.28469 0.75029 0.30613 0.74025 0.28484 0.70094 0.20678 0.6151825 0.18938 0.63668 0.23097 0.6699 0.23097 0.6699 0.26112 0.66288 0.20678 0.6151825 0.30521 0.78757 0.30613 0.74025 0.28469 0.75029 0.28469 0.75029 0.28689 0.79691 0.30521 0.78757 0.18938 0.63668 0.20678 0.6151825 0.15598 0.61164 0.19326 0.58348 0.14131 0.5872 0.15598 0.61164 0.15598 0.61164 0.20678 0.6151825 0.19326 0.58348 0.03873997 0.4094401 0.03384 0.41507 0.03918999 0.4216 0.07931995 0.41413 0.05973994 0.41929 0.08100998 0.4367401 0.08100998 0.4367401 0.09397 0.42582 0.07931995 0.41413 0.05973994 0.41929 0.04931998 0.43395 0.06918996 0.44826 0.06918996 0.44826 0.08100998 0.4367401 0.05973994 0.41929 0.09397 0.42582 0.10462 0.41044 0.09634 0.40454 0.09634 0.40454 0.07931995 0.41413 0.09397 0.42582 0.11828 0.3877 0.110615 0.3777325 0.09634 0.40454 0.09634 0.40454 0.10462 0.41044 0.11828 0.3877 0.12651 0.37983 0.12151 0.36731 0.110615 0.3777325 0.110615 0.3777325 0.11828 0.3877 0.12651 0.37983 0.13539 0.39982 0.1425999 0.39004 0.12651 0.37983 0.12651 0.37983 0.11828 0.3877 0.13539 0.39982 0.16288 0.41199 0.16716 0.39391 0.1425999 0.39004 0.1425999 0.39004 0.13539 0.39982 0.16288 0.41199 0.18373 0.41488 0.18593 0.39332 0.16716 0.39391 0.16716 0.39391 0.16288 0.41199 0.18373 0.41488 0.11828 0.3877 0.10462 0.41044 0.12372 0.41998 0.12372 0.41998 0.13539 0.39982 0.11828 0.3877 0.11055 0.43677 0.12372 0.41998 0.10462 0.41044 0.10462 0.41044 0.09397 0.42582 0.11055 0.43677 0.14357 0.43016 0.16288 0.41199 0.13539 0.39982 0.13539 0.39982 0.12372 0.41998 0.14357 0.43016 0.13081 0.44746 0.14357 0.43016 0.12372 0.41998 0.12372 0.41998 0.11055 0.43677 0.13081 0.44746 0.16288 0.41199 0.14357 0.43016 0.1809599 0.44292 0.1809599 0.44292 0.18373 0.41488 0.16288 0.41199 0.09509998 0.44912 0.11055 0.43677 0.09397 0.42582 0.09397 0.42582 0.08100998 0.4367401 0.09509998 0.44912 0.11326 0.45992 0.13081 0.44746 0.11055 0.43677 0.11055 0.43677 0.09509998 0.44912 0.11326 0.45992 0.16396 0.46977 0.1809599 0.44292 0.13081 0.44746 0.11326 0.45992 0.09509998 0.44912 0.08177 0.4613201 0.08177 0.4613201 0.10148 0.47987 0.11326 0.45992 0.06918996 0.44826 0.08177 0.4613201 0.09509998 0.44912 0.09509998 0.44912 0.08100998 0.4367401 0.06918996 0.44826 0.05561995 0.45703 0.06945997 0.47347 0.08177 0.4613201 0.08177 0.4613201 0.06918996 0.44826 0.05561995 0.45703 0.08645999 0.49235 0.10148 0.47987 0.08177 0.4613201 0.08177 0.4613201 0.06945997 0.47347 0.08645999 0.49235 0.04177999 0.90885 0.008189976 0.90224 0.01083999 0.94032 0.01083999 0.94032 0.04507994 0.94187 0.04177999 0.90885 0.05668997 0.48631 0.07181996 0.50944 0.08645999 0.49235 0.08645999 0.49235 0.06945997 0.47347 0.05668997 0.48631 0.06945997 0.47347 0.05561995 0.45703 0.04202997 0.46524 0.04202997 0.46524 0.05668997 0.48631 0.06945997 0.47347 0.07181996 0.50944 0.05668997 0.48631 0.04050993 0.49894 0.04050993 0.49894 0.05371999 0.52389 0.07181996 0.50944 0.05668997 0.48631 0.04202997 0.46524 0.02599996 0.47763 0.02599996 0.47763 0.04050993 0.49894 0.05668997 0.48631 0.18593 0.39332 0.18373 0.41488 0.21878 0.4089 0.21878 0.4089 0.22056 0.39224 0.18593 0.39332 0.21531 0.4422 0.21878 0.4089 0.18373 0.41488 0.18373 0.41488 0.1809599 0.44292 0.21531 0.4422 0.83037 0.38996 0.82648 0.36064 0.80656 0.36947 0.80656 0.36947 0.81359 0.39369 0.83037 0.38996 0.80656 0.36947 0.82648 0.36064 0.81078 0.33574 0.81078 0.33574 0.79132 0.34616 0.80656 0.36947 0.21878 0.4089 0.26852 0.41021 0.26674 0.39268 0.26674 0.39268 0.22056 0.39224 0.21878 0.4089 0.21531 0.4422 0.26723 0.45185 0.26852 0.41021 0.26852 0.41021 0.21878 0.4089 0.21531 0.4422 0.20885 0.47259 0.21531 0.4422 0.1809599 0.44292 0.1809599 0.44292 0.16396 0.46977 0.20885 0.47259 0.26041 0.47377 0.26723 0.45185 0.20885 0.47259 0.26723 0.45185 0.32775 0.46364 0.32501 0.42142 0.32501 0.42142 0.26852 0.41021 0.26723 0.45185 0.32558 0.3967 0.26674 0.39268 0.26852 0.41021 0.26852 0.41021 0.32501 0.42142 0.32558 0.3967 0.32501 0.42142 0.38443 0.42914 0.3824 0.4012 0.3824 0.4012 0.32558 0.3967 0.32501 0.42142 0.38443 0.42914 0.32501 0.42142 0.32775 0.46364 0.32775 0.46364 0.37548 0.47063 0.38443 0.42914 0.29551 0.49807 0.32775 0.46364 0.26041 0.47377 0.31747 0.51038 0.35593 0.52964 0.37548 0.47063 0.37548 0.47063 0.32775 0.46364 0.31747 0.51038 0.78114 0.46845 0.79484 0.47994 0.80896 0.45153 0.80896 0.45153 0.82347 0.42134 0.78695 0.42209 0.78695 0.42209 0.78665 0.44543 0.80896 0.45153 0.77436 0.48676 0.79171 0.49681 0.78114 0.46845 0.78168 0.51878 0.79171 0.49681 0.77436 0.48676 0.76154 0.54368 0.79239 0.55874 0.79924 0.53878 0.79924 0.53878 0.78168 0.51878 0.76154 0.54368 0.78695 0.42209 0.82347 0.42134 0.81359 0.39369 0.81359 0.39369 0.78489 0.40008 0.78695 0.42209 0.80656 0.36947 0.77644 0.37931 0.78489 0.40008 0.78489 0.40008 0.81359 0.39369 0.80656 0.36947 0.77644 0.37931 0.80656 0.36947 0.79132 0.34616 0.79132 0.34616 0.76317 0.35817 0.77644 0.37931 0.79132 0.34616 0.81078 0.33574 0.7758 0.31112 0.7758 0.31112 0.76534 0.32382 0.79132 0.34616 0.76317 0.35817 0.79132 0.34616 0.76534 0.32382 0.76534 0.32382 0.74487 0.33838 0.76317 0.35817 0.7758 0.31112 0.73133 0.29023 0.73581 0.30698 0.74487 0.33838 0.76534 0.32382 0.73581 0.30698 0.73581 0.30698 0.72884 0.31899 0.74487 0.33838 0.73133 0.29023 0.69238 0.26994 0.70636 0.2937 0.73581 0.30698 0.70636 0.2937 0.70272 0.30379 0.70272 0.30379 0.72884 0.31899 0.73581 0.30698 0.76575 0.57779 0.79239 0.55874 0.76154 0.54368 0.76154 0.54368 0.74207 0.56593 0.76575 0.57779 0.49764 0.61244 0.46151 0.58223 0.40994 0.65342 0.40994 0.65342 0.44209 0.68106 0.49764 0.61244 0.40994 0.65342 0.46151 0.58223 0.38397 0.62734 0.37453 0.59709 0.38397 0.62734 0.46151 0.58223 0.46151 0.58223 0.44278 0.56033 0.37453 0.59709 0.36872 0.56345 0.37453 0.59709 0.44278 0.56033 0.44278 0.56033 0.43045 0.52117 0.36872 0.56345 0.43479 0.40204 0.3824 0.4012 0.38443 0.42914 0.38443 0.42914 0.43282 0.43581 0.43479 0.40204 0.38443 0.42914 0.37548 0.47063 0.42913 0.47369 0.42913 0.47369 0.43282 0.43581 0.38443 0.42914 0.96938 0.51922 0.96877 0.49436 0.97385 0.49435 0.97385 0.49435 0.97396 0.51987 0.96938 0.51922 0.97583 0.54876 0.97156 0.55109 0.96938 0.51922 0.96938 0.51922 0.97396 0.51987 0.97583 0.54876 0.37548 0.47063 0.35593 0.52964 0.42913 0.47369 0.97857 0.5841 0.97445 0.5862 0.97156 0.55109 0.97156 0.55109 0.97583 0.54876 0.97857 0.5841 0.43045 0.52117 0.35593 0.52964 0.36872 0.56345 0.74944 0.40827 0.78489 0.40008 0.77644 0.37931 0.77644 0.37931 0.7432 0.38845 0.74944 0.40827 0.7432 0.38845 0.77644 0.37931 0.76317 0.35817 0.76317 0.35817 0.73279 0.36965 0.7432 0.38845 0.78695 0.42209 0.78489 0.40008 0.74944 0.40827 0.74944 0.40827 0.75359 0.4296301 0.78695 0.42209 0.78665 0.44543 0.78695 0.42209 0.75359 0.4296301 0.75359 0.4296301 0.75651 0.45002 0.78665 0.44543 0.77436 0.48676 0.75124 0.47576 0.74288 0.50587 0.74288 0.50587 0.76126 0.51237 0.77436 0.48676 0.70726 0.33191 0.72884 0.31899 0.70272 0.30379 0.70272 0.30379 0.69366 0.31441 0.70726 0.33191 0.7214 0.35066 0.74487 0.33838 0.72884 0.31899 0.72884 0.31899 0.70726 0.33191 0.7214 0.35066 0.73279 0.36965 0.76317 0.35817 0.74487 0.33838 0.74487 0.33838 0.7214 0.35066 0.73279 0.36965 0.75359 0.4296301 0.74944 0.40827 0.69278 0.42774 0.69278 0.42774 0.74944 0.40827 0.7432 0.38845 0.7432 0.38845 0.68533 0.39442 0.69278 0.42774 0.75651 0.45002 0.75359 0.4296301 0.69549 0.4531 0.75124 0.47576 0.75651 0.45002 0.69549 0.4531 0.69549 0.4531 0.69903 0.47332 0.75124 0.47576 0.74288 0.50587 0.75124 0.47576 0.69903 0.47332 0.69903 0.47332 0.69546 0.49638 0.74288 0.50587 0.68488 0.54155 0.7274 0.55511 0.73543 0.5308 0.73543 0.5308 0.6872 0.51771 0.68488 0.54155 0.69366 0.31441 0.64929 0.33391 0.6639 0.35245 0.6639 0.35245 0.70726 0.33191 0.69366 0.31441 0.68533 0.39442 0.7432 0.38845 0.73279 0.36965 0.68533 0.39442 0.73279 0.36965 0.67604 0.37063 0.67604 0.37063 0.7214 0.35066 0.70726 0.33191 0.70726 0.33191 0.6639 0.35245 0.67604 0.37063 0.62897 0.45628 0.62897 0.47608 0.69903 0.47332 0.69903 0.47332 0.69549 0.4531 0.62897 0.45628 0.69549 0.4531 0.69278 0.42774 0.62752 0.43644 0.62752 0.43644 0.62897 0.45628 0.69549 0.4531 0.62897 0.47608 0.63351 0.49243 0.69546 0.49638 0.69546 0.49638 0.69903 0.47332 0.62897 0.47608 0.62897 0.45628 0.60566 0.45786 0.60965 0.47777 0.60965 0.47777 0.62897 0.47608 0.62897 0.45628 0.62897 0.47608 0.60965 0.47777 0.61395 0.49919 0.61395 0.49919 0.63351 0.49243 0.62897 0.47608 0.62752 0.43644 0.60041 0.42901 0.60566 0.45786 0.60566 0.45786 0.62897 0.45628 0.62752 0.43644 0.69546 0.49638 0.63351 0.49243 0.64103 0.50749 0.64103 0.50749 0.6872 0.51771 0.69546 0.49638 0.61395 0.49919 0.61445 0.51735 0.64103 0.50749 0.64103 0.50749 0.63351 0.49243 0.61395 0.49919 0.61227 0.3753 0.6639 0.35245 0.64929 0.33391 0.64929 0.33391 0.60331 0.35142 0.61227 0.3753 0.619 0.39091 0.67604 0.37063 0.6639 0.35245 0.6639 0.35245 0.61227 0.3753 0.619 0.39091 0.61227 0.3753 0.60331 0.35142 0.58089 0.36117 0.58089 0.36117 0.59195 0.38238 0.61227 0.3753 0.59705 0.39496 0.619 0.39091 0.61227 0.3753 0.61227 0.3753 0.59195 0.38238 0.59705 0.39496 0.67604 0.37063 0.619 0.39091 0.6259 0.41164 0.6259 0.41164 0.68533 0.39442 0.67604 0.37063 0.60041 0.42901 0.59705 0.39496 0.57314 0.40541 0.57314 0.40541 0.58 0.4340201 0.60041 0.42901 0.59195 0.38238 0.56534 0.39017 0.57314 0.40541 0.57314 0.40541 0.59705 0.39496 0.59195 0.38238 0.44904 0.44924 0.45122 0.45952 0.57314 0.40541 0.57314 0.40541 0.56534 0.39017 0.44904 0.44924 0.45122 0.45952 0.45701 0.47423 0.58 0.4340201 0.58 0.4340201 0.57314 0.40541 0.45122 0.45952 0.56534 0.39017 0.59195 0.38238 0.58089 0.36117 0.58089 0.36117 0.5545 0.37063 0.56534 0.39017 0.44904 0.44924 0.56534 0.39017 0.5545 0.37063 0.5545 0.37063 0.44407 0.43645 0.44904 0.44924 0.59441 0.53962 0.61804 0.53479 0.61445 0.51735 0.61445 0.51735 0.59361 0.51821 0.59441 0.53962 0.46851 0.5319 0.46789 0.54476 0.59441 0.53962 0.59441 0.53962 0.59361 0.51821 0.46851 0.5319 0.60566 0.45786 0.60041 0.42901 0.58 0.4340201 0.58 0.4340201 0.58586 0.46082 0.60566 0.45786 0.58586 0.46082 0.59046 0.48224 0.60965 0.47777 0.60965 0.47777 0.60566 0.45786 0.58586 0.46082 0.59347 0.50141 0.61395 0.49919 0.60965 0.47777 0.60965 0.47777 0.59046 0.48224 0.59347 0.50141 0.59361 0.51821 0.61445 0.51735 0.61395 0.49919 0.61395 0.49919 0.59347 0.50141 0.59361 0.51821 0.4693 0.52274 0.46851 0.5319 0.59361 0.51821 0.59361 0.51821 0.59347 0.50141 0.4693 0.52274 0.59046 0.48224 0.4659 0.50692 0.4693 0.52274 0.4693 0.52274 0.59347 0.50141 0.59046 0.48224 0.4659 0.50692 0.59046 0.48224 0.58586 0.46082 0.58586 0.46082 0.46312 0.49048 0.4659 0.50692 0.58 0.4340201 0.45701 0.47423 0.46312 0.49048 0.46312 0.49048 0.58586 0.46082 0.58 0.4340201 0.31861 0.58129 0.30572 0.60536 0.33335 0.61561 0.33335 0.61561 0.34263 0.59566 0.31861 0.58129 0.37952 0.80566 0.35847 0.81 0.37126 0.83713 0.37126 0.83713 0.38805 0.83228 0.37952 0.80566 0.33179 0.56091 0.33863 0.55004 0.31889 0.54269 0.31889 0.54269 0.31494 0.55257 0.33179 0.56091 0.29039 0.5677 0.27712 0.59825 0.30572 0.60536 0.30572 0.60536 0.31861 0.58129 0.29039 0.5677 0.25742 0.65061 0.29948 0.64519 0.2956 0.62901 0.2956 0.62901 0.25624 0.63913 0.25742 0.65061 0.25624 0.63913 0.2956 0.62901 0.26303 0.61504 0.26303 0.61504 0.24626 0.62715 0.25624 0.63913 0.25745 0.57834 0.27712 0.59825 0.29039 0.5677 0.29039 0.5677 0.27179 0.55945 0.25745 0.57834 0.11055 0.54017 0.0934 0.57006 0.10985 0.56871 0.10985 0.56871 0.11861 0.5441 0.11055 0.54017 0.08384996 0.56221 0.0934 0.57006 0.11055 0.54017 0.11055 0.54017 0.105 0.53576 0.08384996 0.56221 0.41678 0.75007 0.42245 0.76717 0.44228 0.74222 0.44228 0.74222 0.43273 0.73462 0.41678 0.75007 0.41322 0.73129 0.41678 0.75007 0.43273 0.73462 0.43273 0.73462 0.42728 0.72738 0.41322 0.73129 0.07848995 0.52957 0.07916998 0.53873 0.09920001 0.52898 0.09920001 0.52898 0.09650999 0.52089 0.07848995 0.52957 0.41807 0.72047 0.41322 0.73129 0.42728 0.72738 0.42728 0.72738 0.4255 0.71971 0.41807 0.72047 0.1328999 0.56589 0.13657 0.54568 0.12729 0.54573 0.12729 0.54573 0.12488 0.56406 0.1328999 0.56589 0.24626 0.62715 0.26303 0.61504 0.24186 0.61562 0.24186 0.61562 0.24154 0.62327 0.24626 0.62715 0.11861 0.5441 0.10985 0.56871 0.11689 0.56626 0.11689 0.56626 0.12729 0.54573 0.11861 0.5441 0.24154 0.62327 0.24186 0.61562 0.23202 0.61996 0.23202 0.61996 0.23472 0.62669 0.24154 0.62327 0.23202 0.61996 0.24186 0.61562 0.22493 0.5992 0.22493 0.5992 0.21909 0.60812 0.23202 0.61996 0.39831 0.72413 0.41807 0.72047 0.40889 0.70526 0.40889 0.70526 0.39646 0.70653 0.39831 0.72413 0.11861 0.5441 0.1281 0.52508 0.1216199 0.52096 0.1216199 0.52096 0.11055 0.54017 0.11861 0.5441 0.1281 0.52508 0.11861 0.5441 0.12729 0.54573 0.12729 0.54573 0.13226 0.52694 0.1281 0.52508 0.11864 0.5179 0.105 0.53576 0.11055 0.54017 0.11055 0.54017 0.1216199 0.52096 0.11864 0.5179 0.13226 0.52694 0.12729 0.54573 0.13657 0.54568 0.13657 0.54568 0.13596 0.52379 0.13226 0.52694 0.09650999 0.52089 0.09920001 0.52898 0.11613 0.51607 0.11613 0.51607 0.11608 0.51086 0.09650999 0.52089 0.03190994 0.58609 0.03024995 0.6193 0.04229998 0.61945 0.04229998 0.61945 0.04208993 0.58539 0.03190994 0.58609 0.04208993 0.58539 0.04229998 0.61945 0.05209994 0.61572 0.05209994 0.61572 0.05115997 0.58446 0.04208993 0.58539 0.01920998 0.61694 0.03024995 0.6193 0.03190994 0.58609 0.03190994 0.58609 0.02369999 0.58397 0.01920998 0.61694 0.007579982 0.61101 0.01920998 0.61694 0.02369999 0.58397 0.02369999 0.58397 0.01262998 0.5804 0.007579982 0.61101 0.06240999 0.61192 0.07302999 0.61104 0.0643 0.5819 0.0643 0.5819 0.05852997 0.58261 0.06240999 0.61192 0.35996 0.7248 0.37181 0.75093 0.39831 0.72413 0.39831 0.72413 0.38599 0.70809 0.35996 0.7248 0.36406 0.67115 0.38599 0.70809 0.38821 0.70226 0.38821 0.70226 0.3723 0.66849 0.36406 0.67115 0.38599 0.70809 0.36406 0.67115 0.34085 0.6932 0.34085 0.6932 0.35996 0.7248 0.38599 0.70809 0.05115997 0.58446 0.05209994 0.61572 0.06240999 0.61192 0.06240999 0.61192 0.05852997 0.58261 0.05115997 0.58446 0.05115997 0.58446 0.04910999 0.5497 0.04240995 0.55015 0.04240995 0.55015 0.04208993 0.58539 0.05115997 0.58446 0.04208993 0.58539 0.04240995 0.55015 0.03303998 0.55315 0.03303998 0.55315 0.03190994 0.58609 0.04208993 0.58539 0.04808998 0.54088 0.04079997 0.5375 0.04240995 0.55015 0.04240995 0.55015 0.04910999 0.5497 0.04808998 0.54088 0.03496998 0.54268 0.03303998 0.55315 0.04240995 0.55015 0.04240995 0.55015 0.04079997 0.5375 0.03496998 0.54268 0.05145996 0.53713 0.04808998 0.54088 0.05437999 0.5504 0.05437999 0.5504 0.05842995 0.54954 0.05145996 0.53713 0.05437999 0.5504 0.04910999 0.5497 0.05115997 0.58446 0.05115997 0.58446 0.05852997 0.58261 0.05437999 0.5504 0.05842995 0.54954 0.05437999 0.5504 0.05852997 0.58261 0.05852997 0.58261 0.0643 0.5819 0.05842995 0.54954 0.02609997 0.55263 0.01882994 0.54743 0.01262998 0.5804 0.01262998 0.5804 0.02369999 0.58397 0.02609997 0.55263 0.02369999 0.58397 0.03190994 0.58609 0.03303998 0.55315 0.03303998 0.55315 0.02609997 0.55263 0.02369999 0.58397 0.03496998 0.54268 0.03102993 0.53913 0.02609997 0.55263 0.02609997 0.55263 0.03303998 0.55315 0.03496998 0.54268 0.35996 0.7248 0.34085 0.6932 0.32084 0.71755 0.32084 0.71755 0.33387 0.74143 0.35996 0.7248 0.37181 0.75093 0.35996 0.7248 0.33387 0.74143 0.33387 0.74143 0.34789 0.76386 0.37181 0.75093 0.25435 0.50707 0.27359 0.51858 0.27698 0.51203 0.27698 0.51203 0.25254 0.49574 0.25435 0.50707 0.29691 0.53151 0.30381 0.51856 0.27698 0.51203 0.27698 0.51203 0.27359 0.51858 0.29691 0.53151 0.25254 0.49574 0.24003 0.49706 0.25435 0.50707 0.32419 0.66035 0.34085 0.6932 0.36406 0.67115 0.36406 0.67115 0.34632 0.63847 0.32419 0.66035 0.36406 0.67115 0.3723 0.66849 0.35474 0.63609 0.35474 0.63609 0.34632 0.63847 0.36406 0.67115 0.34085 0.6932 0.32419 0.66035 0.3111 0.70042 0.3111 0.70042 0.32084 0.71755 0.34085 0.6932 0.23188 0.48659 0.24003 0.49706 0.25254 0.49574 0.22633 0.49164 0.23188 0.48659 0.1870999 0.4926 0.1870999 0.4926 0.18865 0.49946 0.22633 0.49164 0.15861 0.51395 0.16536 0.51877 0.18865 0.49946 0.18865 0.49946 0.1870999 0.4926 0.15861 0.51395 0.19804 0.54512 0.16591 0.52418 0.16145 0.52701 0.16145 0.52701 0.19292 0.55093 0.19804 0.54512 0.19394 0.50093 0.16591 0.52418 0.19804 0.54512 0.19804 0.54512 0.22111 0.52196 0.19394 0.50093 0.16591 0.52418 0.19394 0.50093 0.18865 0.49946 0.18865 0.49946 0.16536 0.51877 0.16591 0.52418 0.22633 0.49164 0.18865 0.49946 0.19394 0.50093 0.19394 0.50093 0.22946 0.49586 0.22633 0.49164 0.24003 0.49706 0.22946 0.49586 0.25247 0.5126 0.25247 0.5126 0.25435 0.50707 0.24003 0.49706 0.25435 0.50707 0.25247 0.5126 0.26946 0.52416 0.26946 0.52416 0.27359 0.51858 0.25435 0.50707 0.26946 0.52416 0.29331 0.54028 0.29691 0.53151 0.29691 0.53151 0.27359 0.51858 0.26946 0.52416 0.29331 0.54028 0.31494 0.55257 0.31889 0.54269 0.31889 0.54269 0.29691 0.53151 0.29331 0.54028 0.31889 0.54269 0.32723 0.52796 0.30381 0.51856 0.30381 0.51856 0.29691 0.53151 0.31889 0.54269 0.96938 0.51922 0.93731 0.52166 0.93634 0.49441 0.93634 0.49441 0.96877 0.49436 0.96938 0.51922 0.96938 0.51922 0.97156 0.55109 0.94073 0.55071 0.94073 0.55071 0.93731 0.52166 0.96938 0.51922 0.94703 0.59036 0.94073 0.55071 0.97156 0.55109 0.97156 0.55109 0.97445 0.5862 0.94703 0.59036 0.96657 0.67924 0.93058 0.69251 0.92116 0.65542 0.92116 0.65542 0.9572 0.64345 0.96657 0.67924 0.9572 0.64345 0.92116 0.65542 0.91793 0.62629 0.91793 0.62629 0.95232 0.61799 0.9572 0.64345 0.90136 0.52672 0.89152 0.49449 0.93634 0.49441 0.93634 0.49441 0.93731 0.52166 0.90136 0.52672 0.90876 0.55421 0.90136 0.52672 0.93731 0.52166 0.93731 0.52166 0.94073 0.55071 0.90876 0.55421 0.89748 0.52768 0.8876 0.4945001 0.89152 0.49449 0.89152 0.49449 0.90136 0.52672 0.89748 0.52768 0.90136 0.52672 0.90876 0.55421 0.90446 0.55405 0.90446 0.55405 0.89748 0.52768 0.90136 0.52672 0.91625 0.59344 0.90876 0.55421 0.94073 0.55071 0.94073 0.55071 0.94703 0.59036 0.91625 0.59344 0.95232 0.61799 0.91793 0.62629 0.91625 0.59344 0.91625 0.59344 0.94703 0.59036 0.95232 0.61799 0.9128 0.62634 0.91174 0.59233 0.91625 0.59344 0.91625 0.59344 0.91793 0.62629 0.9128 0.62634 0.90876 0.55421 0.91625 0.59344 0.91174 0.59233 0.91174 0.59233 0.90446 0.55405 0.90876 0.55421 0.91793 0.62629 0.92116 0.65542 0.91604 0.65589 0.91604 0.65589 0.9128 0.62634 0.91793 0.62629 0.92548 0.69307 0.91604 0.65589 0.92116 0.65542 0.92116 0.65542 0.93058 0.69251 0.92548 0.69307 0.76126 0.51237 0.7504 0.53688 0.76154 0.54368 0.76154 0.54368 0.78168 0.51878 0.76126 0.51237 0.7504 0.53688 0.73714 0.55704 0.74207 0.56593 0.74207 0.56593 0.76154 0.54368 0.7504 0.53688 0.97445 0.5862 0.97857 0.5841 0.98036 0.61409 0.98036 0.61409 0.97685 0.61416 0.97445 0.5862 0.98471 0.63477 0.98008 0.63634 0.97685 0.61416 0.97685 0.61416 0.98036 0.61409 0.98471 0.63477 0.99355 0.66772 0.98965 0.66971 0.98008 0.63634 0.98008 0.63634 0.98471 0.63477 0.99355 0.66772 0.22946 0.49586 0.19394 0.50093 0.22111 0.52196 0.22111 0.52196 0.25247 0.5126 0.22946 0.49586 0.04718995 0.83198 0.03129994 0.85328 0.05528998 0.86018 0.04718995 0.83198 0.05100995 0.80699 0.02973997 0.80687 0.02973997 0.80687 0.02860999 0.83226 0.04718995 0.83198 0.01271998 0.84971 0.03129994 0.85328 0.02860999 0.83226 0.02860999 0.83226 0.01580995 0.83197 0.01271998 0.84971 0.01580995 0.83197 0.02860999 0.83226 0.02973997 0.80687 0.02973997 0.80687 0.01447999 0.80491 0.01580995 0.83197 0.07286995 0.71139 0.05465996 0.72267 0.08410996 0.72178 0.16973 0.84367 0.14774 0.84956 0.15971 0.86645 0.14112 0.77142 0.14514 0.74639 0.10809 0.74336 0.10809 0.74336 0.1021 0.76178 0.14112 0.77142 0.14622 0.72039 0.17154 0.69284 0.1421999 0.69267 0.1421999 0.69267 0.13299 0.70344 0.14622 0.72039 0.63914 0.53034 0.68488 0.54155 0.6872 0.51771 0.6872 0.51771 0.64103 0.50749 0.63914 0.53034 0.69278 0.42774 0.68533 0.39442 0.6259 0.41164 0.6259 0.41164 0.62752 0.43644 0.69278 0.42774 0.35263 0.57828 0.33179 0.56091 0.31861 0.58129 0.31861 0.58129 0.34263 0.59566 0.35263 0.57828 0.37952 0.80566 0.38805 0.83228 0.40408 0.82797 0.40408 0.82797 0.40489 0.80337 0.37952 0.80566 0.42245 0.76717 0.41678 0.75007 0.39798 0.75963 0.39798 0.75963 0.40393 0.77481 0.42245 0.76717 0.12726 0.51967 0.13226 0.52694 0.13596 0.52379 0.13596 0.52379 0.1256 0.51665 0.12726 0.51967 0.11613 0.51607 0.09920001 0.52898 0.105 0.53576 0.105 0.53576 0.11864 0.5179 0.11613 0.51607 0.01882994 0.54743 0.02609997 0.55263 0.03102993 0.53913 0.03102993 0.53913 0.02936995 0.53688 0.01882994 0.54743 0.35772 0.78577 0.38454 0.77926 0.37181 0.75093 0.37181 0.75093 0.34789 0.76386 0.35772 0.78577 0.73543 0.5308 0.7274 0.55511 0.73714 0.55704 0.73714 0.55704 0.7504 0.53688 0.73543 0.5308 0.74288 0.50587 0.73543 0.5308 0.7504 0.53688 0.7504 0.53688 0.76126 0.51237 0.74288 0.50587 0.97685 0.61416 0.95232 0.61799 0.94703 0.59036 0.94703 0.59036 0.97445 0.5862 0.97685 0.61416 0.95232 0.61799 0.97685 0.61416 0.98008 0.63634 0.98008 0.63634 0.9572 0.64345 0.95232 0.61799 0.98965 0.66971 0.96657 0.67924 0.9572 0.64345 0.9572 0.64345 0.98008 0.63634 0.98965 0.66971 0.27179 0.55945 0.29331 0.54028 0.26946 0.52416 0.26946 0.52416 0.24594 0.54471 0.27179 0.55945 0.25745 0.57834 0.27179 0.55945 0.24594 0.54471 0.24594 0.54471 0.22472 0.56835 0.25745 0.57834 0.24594 0.54471 0.26946 0.52416 0.25247 0.5126 0.25247 0.5126 0.22111 0.52196 0.24594 0.54471 0.22472 0.56835 0.24594 0.54471 0.22111 0.52196 0.22111 0.52196 0.19804 0.54512 0.22472 0.56835 0.31888 0.94905 0.29729 0.95573 0.31971 0.95987 0.26427 0.97156 0.29729 0.95573 0.26099 0.95412 0.26099 0.95412 0.29729 0.95573 0.26353 0.94005 0.26353 0.94005 0.29729 0.95573 0.27875 0.92588 0.27875 0.92588 0.29729 0.95573 0.30049 0.92572 0.30049 0.92572 0.29729 0.95573 0.31472 0.93779 0.31472 0.93779 0.29729 0.95573 0.31888 0.94905 0.27441 0.98432 0.29729 0.95573 0.26427 0.97156 0.29122 0.99097 0.29729 0.95573 0.27441 0.98432 0.30726 0.9872 0.29729 0.95573 0.29122 0.99097 0.31825 0.97376 0.29729 0.95573 0.30726 0.9872 0.31971 0.95987 0.29729 0.95573 0.31825 0.97376 0.3096 0.81097 0.3351 0.83907 0.34914 0.83278 0.34914 0.83278 0.3254 0.78993 0.3096 0.81097 0.33336 0.87807 0.34914 0.83278 0.3351 0.83907 0.3254 0.78993 0.30521 0.78757 0.3096 0.81097 0.10148 0.47987 0.12656 0.46719 0.11326 0.45992 0.12656 0.46719 0.13081 0.44746 0.11326 0.45992 0.12656 0.46719 0.16396 0.46977 0.13081 0.44746 0.26041 0.47377 0.32775 0.46364 0.26723 0.45185 0.73133 0.29023 0.70636 0.2937 0.73581 0.30698 0.7758 0.31112 0.73581 0.30698 0.76534 0.32382 0.79677 0.51464 0.78168 0.51878 0.79924 0.53878 0.78114 0.46845 0.80896 0.45153 0.78665 0.44543 0.78114 0.46845 0.79171 0.49681 0.79484 0.47994 0.78168 0.51878 0.77436 0.48676 0.76126 0.51237 0.87537 0.29657 0.84751 0.3066 0.8656 0.31719 0.87537 0.29657 0.858 0.28068 0.83193 0.28851 0.75906 0.1946099 0.78006 0.1951099 0.76268 0.1672999 0.78006 0.1951099 0.78774 0.17552 0.76268 0.1672999 0.81526 0.12427 0.78252 0.11732 0.77387 0.1430699 0.88136 0.2052 0.90051 0.2029399 0.89896 0.1614599 0.93484 0.1729099 0.89896 0.1614599 0.90051 0.2029399 0.90051 0.2029399 0.92747 0.21327 0.93484 0.1729099 0.86969 0.16715 0.88136 0.2052 0.89896 0.1614599 0.86969 0.16715 0.89896 0.1614599 0.8733 0.1442099 0.76509 0.06946998 0.79895 0.07453 0.77887 0.01600998 0.78746 0.01276999 0.77887 0.01600998 0.79895 0.07453 0.81512 0.01726001 0.78746 0.01276999 0.79895 0.07453 0.8656 0.31719 0.88246 0.33065 0.90088 0.31615 0.90088 0.31615 0.87537 0.29657 0.8656 0.31719 0.83193 0.28851 0.83272 0.29723 0.84751 0.3066 0.808 0.28456 0.83272 0.29723 0.83193 0.28851 0.83193 0.28851 0.80688 0.27824 0.808 0.28456 0.858 0.28068 0.85055 0.27285 0.82825 0.27844 0.82825 0.27844 0.83193 0.28851 0.858 0.28068 0.82825 0.27844 0.80704 0.26993 0.80688 0.27824 0.80688 0.27824 0.83193 0.28851 0.82825 0.27844 0.88612 0.25053 0.858 0.28068 0.87537 0.29657 0.87537 0.29657 0.90595 0.26225 0.88612 0.25053 0.85055 0.27285 0.858 0.28068 0.88612 0.25053 0.88612 0.25053 0.87449 0.2469 0.85055 0.27285 0.90595 0.26225 0.87537 0.29657 0.90088 0.31615 0.90088 0.31615 0.93097 0.27602 0.90595 0.26225 0.80704 0.26993 0.79029 0.25265 0.78498 0.26062 0.78498 0.26062 0.80688 0.27824 0.80704 0.26993 0.78216 0.2683 0.808 0.28456 0.80688 0.27824 0.80688 0.27824 0.78498 0.26062 0.78216 0.2683 0.76603 0.22986 0.75529 0.2388399 0.78216 0.2683 0.78216 0.2683 0.78498 0.26062 0.76603 0.22986 0.78498 0.26062 0.79029 0.25265 0.77972 0.22433 0.77972 0.22433 0.76603 0.22986 0.78498 0.26062 0.75529 0.2388399 0.76603 0.22986 0.75906 0.1946099 0.75906 0.1946099 0.73774 0.20054 0.75529 0.2388399 0.76603 0.22986 0.77972 0.22433 0.78006 0.1951099 0.78006 0.1951099 0.75906 0.1946099 0.76603 0.22986 0.76268 0.1672999 0.73617 0.1714999 0.73774 0.20054 0.73774 0.20054 0.75906 0.1946099 0.76268 0.1672999 0.76268 0.1672999 0.78774 0.17552 0.80082 0.16154 0.80082 0.16154 0.77387 0.1430699 0.76268 0.1672999 0.77387 0.1430699 0.80082 0.16154 0.81526 0.12427 0.82178 0.1484199 0.8438 0.14776 0.84854 0.1303899 0.84854 0.1303899 0.81526 0.12427 0.82178 0.1484199 0.8438 0.14776 0.86969 0.16715 0.8733 0.1442099 0.8733 0.1442099 0.84854 0.1303899 0.8438 0.14776 0.84854 0.1303899 0.86088 0.09149003 0.83238 0.08206999 0.83238 0.08206999 0.81526 0.12427 0.84854 0.1303899 0.8864 0.1023499 0.86088 0.09149003 0.84854 0.1303899 0.84854 0.1303899 0.8733 0.1442099 0.8864 0.1023499 0.88136 0.2052 0.87449 0.2469 0.88612 0.25053 0.88612 0.25053 0.90051 0.2029399 0.88136 0.2052 0.88612 0.25053 0.90595 0.26225 0.92747 0.21327 0.92747 0.21327 0.90051 0.2029399 0.88612 0.25053 0.91179 0.11114 0.8864 0.1023499 0.8733 0.1442099 0.8733 0.1442099 0.89896 0.1614599 0.91179 0.11114 0.91179 0.11114 0.89896 0.1614599 0.93484 0.1729099 0.93484 0.1729099 0.94602 0.1190999 0.91179 0.11114 0.73617 0.1714999 0.76268 0.1672999 0.77387 0.1430699 0.77387 0.1430699 0.74073 0.14125 0.73617 0.1714999 0.74073 0.14125 0.77387 0.1430699 0.78252 0.11732 0.78252 0.11732 0.751 0.11144 0.74073 0.14125 0.79895 0.07453 0.76509 0.06946998 0.751 0.11144 0.751 0.11144 0.78252 0.11732 0.79895 0.07453 0.78252 0.11732 0.81526 0.12427 0.83238 0.08206999 0.83238 0.08206999 0.79895 0.07453 0.78252 0.11732 0.93097 0.27602 0.95548 0.22425 0.92747 0.21327 0.92747 0.21327 0.90595 0.26225 0.93097 0.27602 0.92747 0.21327 0.95548 0.22425 0.96884 0.18226 0.96884 0.18226 0.93484 0.1729099 0.92747 0.21327 0.94602 0.1190999 0.93484 0.1729099 0.96884 0.18226 0.96884 0.18226 0.9818 0.1271799 0.94602 0.1190999 0.94602 0.1190999 0.9818 0.1271799 0.99429 0.06033998 0.99429 0.06033998 0.95674 0.05532997 0.94602 0.1190999 0.79895 0.07453 0.83238 0.08206999 0.8513 0.02742999 0.8513 0.02742999 0.81512 0.01726001 0.79895 0.07453 0.86088 0.09149003 0.87832 0.03736001 0.8513 0.02742999 0.8513 0.02742999 0.83238 0.08206999 0.86088 0.09149003 0.87832 0.03736001 0.86088 0.09149003 0.8864 0.1023499 0.8864 0.1023499 0.90307 0.04399001 0.87832 0.03736001 0.90307 0.04399001 0.8864 0.1023499 0.91179 0.11114 0.91179 0.11114 0.92604 0.04961997 0.90307 0.04399001 0.94602 0.1190999 0.95674 0.05532997 0.92604 0.04961997 0.92604 0.04961997 0.91179 0.11114 0.94602 0.1190999 0.45854 0.85526 0.46287 0.86754 0.47363 0.85666 0.43983 0.863 0.44442 0.88623 0.46287 0.86754 0.46287 0.86754 0.45854 0.85526 0.43983 0.863 0.40623 0.86708 0.40281 0.84615 0.3622 0.85029 0.3622 0.85029 0.35984 0.85669 0.40623 0.86708 0.35984 0.85669 0.36346 0.87394 0.40623 0.86708 0.49373 0.84161 0.47514 0.84056 0.47363 0.85666 0.40986 0.89011 0.41217 0.90942 0.44281 0.9077 0.44281 0.9077 0.44442 0.88623 0.40986 0.89011 0.44281 0.9077 0.41217 0.90942 0.41489 0.92628 0.41489 0.92628 0.44715 0.9274 0.44281 0.9077 0.44715 0.9274 0.41489 0.92628 0.41571 0.94266 0.41571 0.94266 0.45313 0.94502 0.44715 0.9274 0.45313 0.94502 0.41571 0.94266 0.41452 0.96601 0.41452 0.96601 0.45308 0.96664 0.45313 0.94502 0.45854 0.85526 0.47363 0.85666 0.47514 0.84056 0.47514 0.84056 0.45537 0.84108 0.45854 0.85526 0.43983 0.863 0.45854 0.85526 0.43432 0.84338 0.43432 0.84338 0.40281 0.84615 0.40623 0.86708 0.40623 0.86708 0.43983 0.863 0.43432 0.84338 0.40986 0.89011 0.44442 0.88623 0.43983 0.863 0.43983 0.863 0.40623 0.86708 0.40986 0.89011 0.41447 0.99193 0.45343 0.99187 0.45308 0.96664 0.45308 0.96664 0.41452 0.96601 0.41447 0.99193 0.36728 0.9647 0.36683 0.992 0.41447 0.99193 0.41447 0.99193 0.41452 0.96601 0.36728 0.9647 0.36759 0.89609 0.40986 0.89011 0.40623 0.86708 0.40623 0.86708 0.36346 0.87394 0.36759 0.89609 0.40986 0.89011 0.36759 0.89609 0.3696 0.91325 0.3696 0.91325 0.41217 0.90942 0.40986 0.89011 0.41489 0.92628 0.41217 0.90942 0.3696 0.91325 0.3696 0.91325 0.36878 0.92855 0.41489 0.92628 0.41571 0.94266 0.41489 0.92628 0.36878 0.92855 0.36878 0.92855 0.36756 0.94352 0.41571 0.94266 0.36756 0.94352 0.36728 0.9647 0.41452 0.96601 0.41452 0.96601 0.41571 0.94266 0.36756 0.94352 0.84751 0.3066 0.8454 0.30914 0.86231 0.31998 0.86231 0.31998 0.8656 0.31719 0.84751 0.3066 0.78006 0.1951099 0.78347 0.1941 0.79159 0.17767 0.79159 0.17767 0.78774 0.17552 0.78006 0.1951099 0.86969 0.16715 0.86365 0.1720799 0.87779 0.20657 0.87779 0.20657 0.88136 0.2052 0.86969 0.16715 0.76509 0.06946998 0.77887 0.01600998 0.77805 0.01573002 0.77805 0.01573002 0.75917 0.06870996 0.76509 0.06946998 0.78723 0.01030999 0.77805 0.01573002 0.77887 0.01600998 0.77887 0.01600998 0.78746 0.01276999 0.78723 0.01030999 0.78746 0.01276999 0.81512 0.01726001 0.81643 0.01160001 0.81643 0.01160001 0.78723 0.01030999 0.78746 0.01276999 0.86231 0.31998 0.87537 0.33466 0.88246 0.33065 0.88246 0.33065 0.8656 0.31719 0.86231 0.31998 0.83272 0.29723 0.82945 0.30062 0.8454 0.30914 0.8454 0.30914 0.84751 0.3066 0.83272 0.29723 0.808 0.28456 0.80728 0.28729 0.82945 0.30062 0.82945 0.30062 0.83272 0.29723 0.808 0.28456 0.85055 0.27285 0.84595 0.26847 0.82716 0.2738201 0.82716 0.2738201 0.82825 0.27844 0.85055 0.27285 0.82716 0.2738201 0.80789 0.26653 0.80704 0.26993 0.80704 0.26993 0.82825 0.27844 0.82716 0.2738201 0.87051 0.24747 0.84595 0.26847 0.85055 0.27285 0.85055 0.27285 0.87449 0.2469 0.87051 0.24747 0.80789 0.26653 0.79338 0.24817 0.79029 0.25265 0.79029 0.25265 0.80704 0.26993 0.80789 0.26653 0.78216 0.2683 0.77969 0.2712 0.80728 0.28729 0.80728 0.28729 0.808 0.28456 0.78216 0.2683 0.75529 0.2388399 0.75407 0.2432399 0.77969 0.2712 0.77969 0.2712 0.78216 0.2683 0.75529 0.2388399 0.79029 0.25265 0.79338 0.24817 0.78363 0.22378 0.78363 0.22378 0.77972 0.22433 0.79029 0.25265 0.7328 0.2046599 0.75407 0.2432399 0.75529 0.2388399 0.75529 0.2388399 0.73774 0.20054 0.7328 0.2046599 0.77972 0.22433 0.78363 0.22378 0.78347 0.1941 0.78347 0.1941 0.78006 0.1951099 0.77972 0.22433 0.73617 0.1714999 0.72959 0.17479 0.7328 0.2046599 0.7328 0.2046599 0.73774 0.20054 0.73617 0.1714999 0.78774 0.17552 0.79159 0.17767 0.80489 0.16461 0.80489 0.16461 0.80082 0.16154 0.78774 0.17552 0.80489 0.16461 0.82434 0.15529 0.82178 0.1484199 0.82178 0.1484199 0.80082 0.16154 0.80489 0.16461 0.82178 0.1484199 0.82434 0.15529 0.84244 0.1544799 0.84244 0.1544799 0.8438 0.14776 0.82178 0.1484199 0.8438 0.14776 0.84244 0.1544799 0.86365 0.1720799 0.86365 0.1720799 0.86969 0.16715 0.8438 0.14776 0.87779 0.20657 0.87051 0.24747 0.87449 0.2469 0.87449 0.2469 0.88136 0.2052 0.87779 0.20657 0.73617 0.1714999 0.74073 0.14125 0.73333 0.14278 0.73333 0.14278 0.72959 0.17479 0.73617 0.1714999 0.74371 0.11136 0.73333 0.14278 0.74073 0.14125 0.74073 0.14125 0.751 0.11144 0.74371 0.11136 0.751 0.11144 0.76509 0.06946998 0.75917 0.06870996 0.75917 0.06870996 0.74371 0.11136 0.751 0.11144 0.99388 0.05150997 0.95665 0.04936999 0.95674 0.05532997 0.95674 0.05532997 0.99429 0.06033998 0.99388 0.05150997 0.81512 0.01726001 0.8513 0.02742999 0.85319 0.02157002 0.85319 0.02157002 0.81643 0.01160001 0.81512 0.01726001 0.87973 0.03196001 0.85319 0.02157002 0.8513 0.02742999 0.8513 0.02742999 0.87832 0.03736001 0.87973 0.03196001 0.87832 0.03736001 0.90307 0.04399001 0.90369 0.03912997 0.90369 0.03912997 0.87973 0.03196001 0.87832 0.03736001 0.92653 0.04553997 0.90369 0.03912997 0.90307 0.04399001 0.90307 0.04399001 0.92604 0.04961997 0.92653 0.04553997 0.95674 0.05532997 0.95665 0.04936999 0.92653 0.04553997 0.92653 0.04553997 0.92604 0.04961997 0.95674 0.05532997 0.81526 0.12427 0.80082 0.16154 0.82178 0.1484199 0.87537 0.29657 0.83193 0.28851 0.84751 0.3066 0.13081 0.44746 0.1809599 0.44292 0.14357 0.43016 0.69549 0.4531 0.75359 0.4296301 0.69278 0.42774 0.67604 0.37063 0.73279 0.36965 0.7214 0.35066 0.20885 0.47259 0.26723 0.45185 0.21531 0.4422 0.11005 0.008700013 0.09823995 0.004980027 0.08735001 0.03386998 0.08735001 0.03386998 0.09636998 0.04080998 0.11005 0.008700013 0.08735001 0.03386998 0.09823995 0.004980027 0.08066999 0.002300024 0.08066999 0.002300024 0.07559996 0.02542001 0.08735001 0.03386998 0.07559996 0.02542001 0.08066999 0.002300024 0.05673998 0.01179999 0.05673998 0.01179999 0.05782997 0.01806002 0.07559996 0.02542001 0.004399955 0.01174002 0.01888996 0.0417 0.02769994 0.03446 0.02769994 0.03446 0.01556998 0.00612998 0.004399955 0.01174002 0.03305995 0.003799974 0.01556998 0.00612998 0.02769994 0.03446 0.02769994 0.03446 0.03920996 0.02594 0.03305995 0.003799974 0.05673998 0.01179999 0.03305995 0.003799974 0.03920996 0.02594 0.03920996 0.02594 0.05782997 0.01806002 0.05673998 0.01179999 0.09636998 0.04080998 0.08735001 0.03386998 0.07137995 0.05779999 0.07137995 0.05779999 0.07492995 0.06590998 0.09636998 0.04080998 0.08735001 0.03386998 0.07559996 0.02542001 0.06718999 0.04930001 0.06718999 0.04930001 0.07137995 0.05779999 0.08735001 0.03386998 0.07559996 0.02542001 0.05782997 0.01806002 0.05841994 0.03887999 0.05841994 0.03887999 0.06718999 0.04930001 0.07559996 0.02542001 0.04440999 0.05787998 0.02769994 0.03446 0.01888996 0.0417 0.01888996 0.0417 0.04098999 0.06606 0.04440999 0.05787998 0.04793995 0.04944998 0.03920996 0.02594 0.02769994 0.03446 0.02769994 0.03446 0.04440999 0.05787998 0.04793995 0.04944998 0.05841994 0.03887999 0.05782997 0.01806002 0.03920996 0.02594 0.03920996 0.02594 0.04793995 0.04944998 0.05841994 0.03887999 0.07492995 0.06590998 0.07137995 0.05779999 0.04440999 0.05787998 0.04440999 0.05787998 0.04098999 0.06606 0.07492995 0.06590998 0.06718999 0.04930001 0.04793995 0.04944998 0.04440999 0.05787998 0.04440999 0.05787998 0.07137995 0.05779999 0.06718999 0.04930001 0.06718999 0.04930001 0.05841994 0.03887999 0.04793995 0.04944998 0.63388 0.95458 0.65841 0.93093 0.67066 0.94852 0.67066 0.94852 0.64479 0.96762 0.63388 0.95458 0.67066 0.94852 0.68252 0.96616 0.65392 0.98197 0.65392 0.98197 0.64479 0.96762 0.67066 0.94852 0.68252 0.96616 0.69497 0.9841 0.66113 0.99737 0.66113 0.99737 0.65392 0.98197 0.68252 0.96616 0.49287 0.92408 0.47953 0.89027 0.50029 0.88375 0.50029 0.88375 0.50905 0.91887 0.49287 0.92408 0.50905 0.91887 0.50029 0.88375 0.52162 0.87925 0.52162 0.87925 0.52577 0.91578 0.50905 0.91887 0.52162 0.87925 0.54346 0.87507 0.54275 0.91489 0.54275 0.91489 0.52577 0.91578 0.52162 0.87925 0.54346 0.87507 0.567 0.86756 0.5597 0.91622 0.5597 0.91622 0.54275 0.91489 0.54346 0.87507 0.567 0.86756 0.59192 0.86554 0.57633 0.91977 0.57633 0.91977 0.5597 0.91622 0.567 0.86756 0.57633 0.91977 0.59192 0.86554 0.61242 0.87939 0.61242 0.87939 0.59234 0.92551 0.57633 0.91977 0.61242 0.87939 0.63452 0.88831 0.60744 0.93332 0.60744 0.93332 0.59234 0.92551 0.61242 0.87939 0.65037 0.90666 0.62136 0.94307 0.64349 0.89869 0.62136 0.94307 0.65037 0.90666 0.65841 0.93093 0.65841 0.93093 0.63388 0.95458 0.62136 0.94307 0.86855 0.52335 0.88218 0.53697 0.88716 0.55559 0.88716 0.55559 0.84994 0.51836 0.86855 0.52335 0.19262 0.85259 0.18091 0.80068 0.22249 0.81043 0.22249 0.81043 0.22136 0.83207 0.19262 0.85259 0.25634 0.80578 0.22249 0.81043 0.23665 0.77233 0.25634 0.80578 0.23665 0.77233 0.28689 0.79691 0.27907 0.832355 0.25935 0.85243 0.25634 0.80578 0.25634 0.80578 0.22136 0.83207 0.22249 0.81043 0.27907 0.832355 0.30304 0.88596 0.26423 0.87582 0.26423 0.87582 0.25935 0.85243 0.27907 0.832355 0.30304 0.88596 0.27907 0.832355 0.33117 0.87622 0.04017996 0.97028 0.04507994 0.94187 0.06689995 0.98736 0.04507994 0.94187 0.07785999 0.94847 0.06689995 0.98736 0.04507994 0.94187 0.07049995 0.94037 0.07361 0.92072 0.07361 0.92072 0.04177999 0.90885 0.04507994 0.94187 0.10292 0.92462 0.07361 0.92072 0.07049995 0.94037 0.1170099 0.90885 0.13242 0.89754 0.10067 0.91009 0.26096 0.83243 0.27471 0.8288576 0.26181 0.80709 0.27471 0.8288576 0.28689 0.79691 0.26181 0.80709 0.28689 0.79691 0.23665 0.77233 0.26181 0.80709 0.23665 0.77233 0.22249 0.81043 0.26181 0.80709 0.22249 0.81043 0.2397699 0.82602 0.26181 0.80709 0.22038 0.85081 0.19262 0.85259 0.1999599 0.87202 0.60744 0.93332 0.63452 0.88831 0.64349 0.89869 0.64349 0.89869 0.62136 0.94307 0.60744 0.93332 0.86827 0.90053 0.85114 0.89124 0.86652 0.87891 0.92547 0.90917 0.95888 0.93386 0.91901 0.91792 0.8018 0.85916 0.77774 0.84986 0.80226 0.84373 0.79647 0.86858 0.77774 0.84986 0.8018 0.85916 0.80226 0.84373 0.77774 0.84986 0.79868 0.83689 0.78712 0.87221 0.77774 0.84986 0.79647 0.86858 0.79868 0.83689 0.77774 0.84986 0.78735 0.83499 0.83083 0.82252 0.84308 0.81368 0.82804 0.83541 0.84308 0.81368 0.85372 0.79083 0.8487 0.81478 0.8487 0.81478 0.85372 0.79083 0.85729 0.81526 0.8428 0.80709 0.85372 0.79083 0.84308 0.81368 0.84308 0.81368 0.83083 0.82252 0.8428 0.80709 0.85729 0.81526 0.85372 0.79083 0.86753 0.814 0.86753 0.814 0.85372 0.79083 0.87014 0.80311 0.87014 0.80311 0.85372 0.79083 0.87134 0.79414 0.86753 0.814 0.87014 0.80311 0.88008 0.811 0.86955 0.82475 0.89259 0.82335 0.87616 0.83493 0.89606 0.85064 0.87616 0.83493 0.90993 0.83701 0.98807 0.94122 0.99068 0.92468 0.99721 0.94957 0.98507 0.89596 0.99068 0.92468 0.97642 0.90765 0.79383 0.60221 0.82084 0.6038 0.7972 0.60821 0.97642 0.90765 0.95516 0.87478 0.98507 0.89596 0.89259 0.82335 0.90993 0.83701 0.87616 0.83493 0.87014 0.80311 0.88899 0.79713 0.88008 0.811 0.89259 0.82335 0.88008 0.811 0.90283 0.80701 0.88899 0.79713 0.90283 0.80701 0.88008 0.811 0.89259 0.82335 0.92468 0.81563 0.90993 0.83701 0.90283 0.80701 0.92468 0.81563 0.89259 0.82335 0.93023 0.85104 0.90993 0.83701 0.94107 0.82727 0.94107 0.82727 0.90993 0.83701 0.92468 0.81563 0.93023 0.85104 0.96841 0.85693 0.95516 0.87478 0.96841 0.85693 0.93023 0.85104 0.96141 0.83893 0.96141 0.83893 0.93023 0.85104 0.94107 0.82727 0.97495 0.87383 0.98507 0.89596 0.95516 0.87478 0.95516 0.87478 0.96841 0.85693 0.97495 0.87383 0.8669 0.61934 0.85897 0.60701 0.87557 0.60801 0.88852 0.61722 0.87519 0.631305 0.87557 0.60801 0.92468 0.81563 0.90283 0.80701 0.91885 0.80366 0.80745 0.82933 0.80183 0.81571 0.81218 0.8217 0.81959 0.81095 0.83083 0.82252 0.81218 0.8217 0.81218 0.8217 0.83083 0.82252 0.82804 0.83541 0.81218 0.8217 0.82804 0.83541 0.80745 0.82933 0.84823 0.62644 0.84363 0.60561 0.8669 0.61934 0.87466 0.7207 0.88547 0.69506 0.88998 0.73063 0.88547 0.69506 0.90532 0.7196 0.88998 0.73063 0.83411 0.62775 0.82554 0.61126 0.84152 0.62787 0.82554 0.61126 0.7972 0.60821 0.82084 0.6038 0.82554 0.61126 0.83411 0.62775 0.82083 0.62283 0.85226 0.69477 0.84513 0.71914 0.8451 0.69342 0.83838 0.7195 0.8451 0.69342 0.84513 0.71914 0.85667 0.73292 0.85369 0.74277 0.84646 0.7337 0.86904 0.73318 0.85369 0.74277 0.85667 0.73292 0.84646 0.7337 0.85369 0.74277 0.84378 0.73651 0.86523 0.74243 0.85369 0.74277 0.86904 0.73318 0.84378 0.73651 0.83245 0.73511 0.84646 0.7337 0.87466 0.7207 0.88998 0.73063 0.86904 0.73318 0.83838 0.7195 0.82485 0.67842 0.8451 0.69342 0.8142 0.74201 0.8112 0.72485 0.83245 0.73511 0.8142 0.74201 0.78909 0.74293 0.8112 0.72485 0.78909 0.74293 0.8142 0.74201 0.79329 0.75627 0.78909 0.74293 0.75823 0.75051 0.77334 0.72509 0.75823 0.75051 0.78909 0.74293 0.76876 0.76111 0.8434 0.77065 0.83883 0.79203 0.83074 0.76875 0.77098 0.79008 0.75931 0.80468 0.75113 0.79128 0.75931 0.80468 0.73223 0.82419 0.75113 0.79128 0.75022 0.82363 0.73223 0.82419 0.75931 0.80468 0.70127 0.82235 0.69701 0.80914 0.7245 0.81765 0.71439 0.84308 0.70127 0.82235 0.7245 0.81765 0.73223 0.82419 0.75022 0.82363 0.72936 0.8441 0.74937 0.83852 0.72936 0.8441 0.75022 0.82363 0.71439 0.84308 0.69458 0.83482 0.70127 0.82235 0.69458 0.83482 0.71439 0.84308 0.69736 0.84707 0.70127 0.82235 0.69202 0.82053 0.69701 0.80914 0.70127 0.82235 0.69458 0.83482 0.69202 0.82053 0.69701 0.80914 0.69202 0.82053 0.68851 0.81439 0.69202 0.82053 0.67554 0.83603 0.68851 0.81439 0.67554 0.83603 0.69202 0.82053 0.69458 0.83482 0.7972 0.60821 0.79042 0.62299 0.77636 0.60939 0.76258 0.594 0.75342 0.60267 0.74286 0.58646 0.76258 0.594 0.77636 0.60939 0.75342 0.60267 0.79042 0.62299 0.76618 0.62741 0.77636 0.60939 0.77636 0.60939 0.76618 0.62741 0.75342 0.60267 0.7485 0.70289 0.74056 0.73387 0.72012 0.68981 0.7074 0.71924 0.72012 0.68981 0.74056 0.73387 0.73653 0.64779 0.76618 0.62741 0.75717 0.66672 0.71587 0.85741 0.70112 0.86184 0.71439 0.84308 0.71439 0.84308 0.70112 0.86184 0.69736 0.84707 0.70112 0.86184 0.71921 0.86561 0.69791 0.87268 0.69791 0.87268 0.68869 0.86379 0.70112 0.86184 0.68869 0.86379 0.69791 0.87268 0.67664 0.86891 0.67534 0.80352 0.68851 0.81439 0.67554 0.83603 0.74721 0.61577 0.75342 0.60267 0.76618 0.62741 0.74146 0.59986 0.74721 0.61577 0.72327 0.62061 0.67768 0.77877 0.6558 0.80325 0.646 0.77179 0.67664 0.86891 0.6493 0.85142 0.66827 0.85382 0.6493 0.85142 0.67664 0.86891 0.64045 0.85936 0.64045 0.85936 0.63777 0.84788 0.6493 0.85142 0.62539 0.78496 0.62603 0.76034 0.646 0.77179 0.67768 0.77877 0.646 0.77179 0.6966 0.74956 0.6966 0.74956 0.646 0.77179 0.66927 0.73352 0.63781 0.7457 0.66927 0.73352 0.646 0.77179 0.63781 0.7457 0.646 0.77179 0.62603 0.76034 0.65338 0.72329 0.66927 0.73352 0.63781 0.7457 0.61605 0.78886 0.62603 0.76034 0.62539 0.78496 0.60983 0.75 0.63781 0.7457 0.62603 0.76034 0.60662 0.78308 0.62603 0.76034 0.61605 0.78886 0.62603 0.76034 0.60662 0.78308 0.60983 0.75 0.65338 0.72329 0.64314 0.68019 0.66893 0.69406 0.62521 0.71875 0.64314 0.68019 0.65338 0.72329 0.62692 0.84466 0.597 0.82936 0.62373 0.8258 0.61605 0.78886 0.61251 0.80099 0.60662 0.78308 0.5912 0.75435 0.60983 0.75 0.60662 0.78308 0.54623 0.81037 0.55876 0.80279 0.55823 0.81554 0.53272 0.807 0.54623 0.81037 0.54033 0.81704 0.54623 0.81037 0.53272 0.807 0.54464 0.80386 0.54464 0.80386 0.55876 0.80279 0.54623 0.81037 0.54464 0.80386 0.53272 0.807 0.54166 0.79612 0.53272 0.807 0.52038 0.78338 0.54166 0.79612 0.52038 0.78338 0.53272 0.807 0.51432 0.79496 0.55876 0.80279 0.54464 0.80386 0.55678 0.79744 0.54464 0.80386 0.54986 0.78519 0.55678 0.79744 0.54166 0.79612 0.54986 0.78519 0.54464 0.80386 0.54166 0.79612 0.53413 0.76971 0.54986 0.78519 0.53413 0.76971 0.54166 0.79612 0.52038 0.78338 0.63781 0.7457 0.60983 0.75 0.62521 0.71875 0.63781 0.7457 0.62521 0.71875 0.65338 0.72329 0.60983 0.7104 0.64314 0.68019 0.62521 0.71875 0.64314 0.68019 0.60983 0.7104 0.62731 0.67164 0.62731 0.67164 0.60983 0.7104 0.60649 0.66249 0.58867 0.70386 0.60649 0.66249 0.60983 0.7104 0.91989 0.98753 0.93806 0.97816 0.9226 0.98938 0.54029 0.74631 0.56 0.73026 0.54804 0.75502 0.54029 0.74631 0.54204 0.71411 0.56 0.73026 0.54204 0.71411 0.57459 0.69513 0.56 0.73026 0.50922 0.7891 0.52038 0.78338 0.51432 0.79496 0.52038 0.78338 0.50069 0.77476 0.50678 0.76768 0.50069 0.77476 0.52038 0.78338 0.50922 0.7891 0.5271 0.75724 0.54804 0.75502 0.53413 0.76971 0.54804 0.75502 0.5271 0.75724 0.54029 0.74631 0.5271 0.75724 0.50336 0.75601 0.50648 0.74038 0.50069 0.77476 0.48245 0.7596 0.50678 0.76768 0.50678 0.76768 0.48245 0.7596 0.50336 0.75601 0.50336 0.75601 0.48245 0.7596 0.50648 0.74038 0.50648 0.74038 0.48245 0.7596 0.48848 0.74247 0.54204 0.71411 0.5438 0.68181 0.57459 0.69513 0.57937 0.63813 0.60649 0.66249 0.5783 0.66187 0.60649 0.66249 0.57937 0.63813 0.62428 0.62643 0.5783 0.66187 0.5462 0.64806 0.57937 0.63813 0.60287 0.60505 0.62428 0.62643 0.57937 0.63813 0.60287 0.60505 0.64605 0.59224 0.62428 0.62643 0.64605 0.59224 0.64063 0.57695 0.64756 0.56983 0.60287 0.60505 0.64063 0.57695 0.64605 0.59224 0.63689 0.55807 0.64756 0.56983 0.64063 0.57695 0.60219 0.58547 0.64063 0.57695 0.60287 0.60505 0.57007 0.60627 0.60219 0.58547 0.60287 0.60505 0.57937 0.63813 0.5462 0.64806 0.55803 0.62714 0.52342 0.67633 0.53091 0.66161 0.5438 0.68181 0.52855 0.63981 0.5462 0.64806 0.53091 0.66161 0.51757 0.65647 0.52855 0.63981 0.53091 0.66161 0.52342 0.67633 0.51757 0.65647 0.53091 0.66161 0.52352 0.7028 0.5438 0.68181 0.54204 0.71411 0.5438 0.68181 0.52352 0.7028 0.52342 0.67633 0.54303 0.61267 0.52855 0.63981 0.52326 0.60675 0.52326 0.60675 0.52855 0.63981 0.50824 0.63445 0.51757 0.65647 0.50824 0.63445 0.52855 0.63981 0.55803 0.62714 0.5462 0.64806 0.54303 0.61267 0.802 0.9807 0.76856 0.97744 0.80207 0.97417 0.75278 0.97478 0.76856 0.97744 0.75181 0.98636 0.76856 0.97744 0.75278 0.97478 0.76579 0.96474 0.92023 0.97817 0.92368 0.96199 0.93806 0.97816 0.93806 0.97816 0.92368 0.96199 0.9447 0.96521 0.81175 0.95651 0.83502 0.97592 0.80207 0.97417 0.83174 0.95541 0.83502 0.97592 0.81175 0.95651 0.79418 0.9595 0.81175 0.95651 0.80207 0.97417 0.75278 0.97478 0.75181 0.98636 0.74591 0.98079 0.48848 0.74247 0.49292 0.72908 0.50648 0.74038 0.49292 0.72908 0.4818 0.70996 0.4938 0.7169 0.73379 0.98234 0.74591 0.98079 0.73688 0.99135 0.73379 0.98234 0.73688 0.99135 0.72589 0.98754 0.74591 0.98079 0.74729 0.96722 0.75278 0.97478 0.74118 0.97495 0.74729 0.96722 0.74591 0.98079 0.74591 0.98079 0.73379 0.98234 0.74118 0.97495 0.74729 0.96722 0.76579 0.96474 0.75278 0.97478 0.86622 0.95513 0.83174 0.95541 0.84711 0.93021 0.82592 0.93005 0.84711 0.93021 0.83174 0.95541 0.86622 0.95513 0.84711 0.93021 0.86717 0.93592 0.89406 0.94146 0.92368 0.96199 0.89613 0.95724 0.92368 0.96199 0.89406 0.94146 0.91424 0.93599 0.74729 0.96722 0.71913 0.96151 0.7424 0.95311 0.74118 0.97495 0.71913 0.96151 0.74729 0.96722 0.7187 0.94059 0.71913 0.96151 0.7091 0.93654 0.70895 0.92667 0.7051 0.92142 0.71893 0.92071 0.7424 0.95311 0.71913 0.96151 0.72863 0.95075 0.72863 0.95075 0.71913 0.96151 0.72433 0.94631 0.72433 0.94631 0.71913 0.96151 0.7187 0.94059 0.7424 0.95311 0.72863 0.95075 0.73721 0.94171 0.78121 0.90865 0.8064 0.93339 0.78428 0.94011 0.76492 0.91957 0.78121 0.90865 0.78428 0.94011 0.80014 0.90067 0.82592 0.93005 0.8064 0.93339 0.8064 0.93339 0.78121 0.90865 0.80014 0.90067 0.81858 0.89317 0.82592 0.93005 0.80014 0.90067 0.91901 0.91792 0.94812 0.94753 0.91424 0.93599 0.95888 0.93386 0.97312 0.9558 0.94812 0.94753 0.82702 0.87381 0.85114 0.89124 0.81858 0.89317 0.84816 0.91377 0.81858 0.89317 0.85114 0.89124 0.79827 0.82773 0.80745 0.82933 0.79868 0.83689 0.79868 0.83689 0.78735 0.83499 0.79827 0.82773 0.7187 0.94059 0.72969 0.93367 0.72433 0.94631 0.7187 0.94059 0.71893 0.92071 0.72969 0.93367 0.71893 0.92071 0.74099 0.91872 0.72969 0.93367 0.74099 0.91872 0.71893 0.92071 0.73823 0.90697 0.71796 0.90871 0.73823 0.90697 0.71893 0.92071 0.7336 0.90006 0.75083 0.89534 0.73823 0.90697 0.73823 0.90697 0.71796 0.90871 0.7336 0.90006 0.72419 0.90076 0.7336 0.90006 0.71796 0.90871 0.70043 0.91122 0.698 0.8987 0.70606 0.90489 0.70606 0.90489 0.698 0.8987 0.71128 0.89773 0.8935 0.88896 0.87688 0.87552 0.88616 0.86514 0.88616 0.86514 0.90539 0.87876 0.8935 0.88896 0.87688 0.87552 0.8935 0.88896 0.88798 0.89351 0.88798 0.89351 0.86652 0.87891 0.87688 0.87552 0.90539 0.87876 0.93572 0.89881 0.92547 0.90917 0.92547 0.90917 0.8935 0.88896 0.90539 0.87876 0.8935 0.88896 0.92547 0.90917 0.88798 0.89351 0.85233 0.85217 0.86696 0.8443 0.87688 0.87552 0.85233 0.85217 0.86652 0.87891 0.83794 0.85849 0.91901 0.91792 0.8855 0.90661 0.88798 0.89351 0.88798 0.89351 0.92547 0.90917 0.91901 0.91792 0.88798 0.89351 0.86827 0.90053 0.86652 0.87891 0.85114 0.89124 0.82702 0.87381 0.83794 0.85849 0.83794 0.85849 0.86652 0.87891 0.85114 0.89124 0.93572 0.89881 0.96667 0.92331 0.95888 0.93386 0.95888 0.93386 0.92547 0.90917 0.93572 0.89881 0.8018 0.85916 0.83794 0.85849 0.82702 0.87381 0.83794 0.85849 0.84545 0.83103 0.85233 0.85217 0.8018 0.85916 0.80226 0.84373 0.82804 0.83541 0.79647 0.86858 0.8018 0.85916 0.82702 0.87381 0.82702 0.87381 0.81858 0.89317 0.79647 0.86858 0.84308 0.81368 0.8487 0.81478 0.84545 0.83103 0.84545 0.83103 0.82804 0.83541 0.84308 0.81368 0.86696 0.8443 0.85233 0.85217 0.84545 0.83103 0.84545 0.83103 0.85775 0.82454 0.86696 0.8443 0.85729 0.81526 0.85775 0.82454 0.84545 0.83103 0.84545 0.83103 0.8487 0.81478 0.85729 0.81526 0.85775 0.82454 0.85729 0.81526 0.86753 0.814 0.86753 0.814 0.86955 0.82475 0.85775 0.82454 0.85775 0.82454 0.86955 0.82475 0.87616 0.83493 0.87616 0.83493 0.86696 0.8443 0.85775 0.82454 0.86696 0.8443 0.87616 0.83493 0.89606 0.85064 0.89606 0.85064 0.88616 0.86514 0.86696 0.8443 0.91681 0.86397 0.90539 0.87876 0.88616 0.86514 0.88616 0.86514 0.89606 0.85064 0.91681 0.86397 0.93572 0.89881 0.90539 0.87876 0.91681 0.86397 0.91681 0.86397 0.94607 0.88619 0.93572 0.89881 0.94607 0.88619 0.97258 0.91461 0.96667 0.92331 0.96667 0.92331 0.93572 0.89881 0.94607 0.88619 0.97258 0.91461 0.94607 0.88619 0.95516 0.87478 0.95516 0.87478 0.97642 0.90765 0.97258 0.91461 0.93023 0.85104 0.95516 0.87478 0.94607 0.88619 0.94607 0.88619 0.91681 0.86397 0.93023 0.85104 0.96667 0.92331 0.97258 0.91461 0.98807 0.94122 0.98807 0.94122 0.98518 0.95036 0.96667 0.92331 0.96667 0.92331 0.98518 0.95036 0.97312 0.9558 0.97312 0.9558 0.95888 0.93386 0.96667 0.92331 0.98518 0.95036 0.98807 0.94122 0.99721 0.94957 0.99721 0.94957 0.99486 0.96258 0.98518 0.95036 0.82084 0.6038 0.84363 0.60561 0.82554 0.61126 0.81218 0.8217 0.80183 0.81571 0.80604 0.80345 0.80604 0.80345 0.81959 0.81095 0.81218 0.8217 0.87519 0.631305 0.88852 0.61722 0.8818801 0.648 0.886235 0.665345 0.8818801 0.648 0.90507 0.647 0.886235 0.665345 0.90733 0.68405 0.88547 0.69506 0.90733 0.68405 0.90705 0.70431 0.88547 0.69506 0.84823 0.62644 0.8669 0.61934 0.87519 0.631305 0.87519 0.631305 0.85523 0.63632 0.84823 0.62644 0.90705 0.70431 0.90532 0.7196 0.88547 0.69506 0.8818801 0.648 0.886235 0.665345 0.86744 0.66975 0.86744 0.66975 0.86403 0.65274 0.8818801 0.648 0.8818801 0.648 0.86403 0.65274 0.85523 0.63632 0.85523 0.63632 0.87519 0.631305 0.8818801 0.648 0.8641 0.69653 0.86744 0.66975 0.886235 0.665345 0.886235 0.665345 0.88547 0.69506 0.8641 0.69653 0.85891 0.7189 0.8641 0.69653 0.88547 0.69506 0.88547 0.69506 0.87466 0.7207 0.85891 0.7189 0.86904 0.73318 0.85667 0.73292 0.85891 0.7189 0.85891 0.7189 0.87466 0.7207 0.86904 0.73318 0.85226 0.69477 0.8641 0.69653 0.85891 0.7189 0.85891 0.7189 0.84513 0.71914 0.85226 0.69477 0.84646 0.7337 0.84513 0.71914 0.85891 0.7189 0.85891 0.7189 0.85667 0.73292 0.84646 0.7337 0.85578 0.67022 0.86744 0.66975 0.8641 0.69653 0.8641 0.69653 0.85226 0.69477 0.85578 0.67022 0.85336 0.65365 0.86403 0.65274 0.86744 0.66975 0.86744 0.66975 0.85578 0.67022 0.85336 0.65365 0.84831 0.63896 0.85523 0.63632 0.86403 0.65274 0.86403 0.65274 0.85336 0.65365 0.84831 0.63896 0.84152 0.62787 0.84823 0.62644 0.85523 0.63632 0.85523 0.63632 0.84831 0.63896 0.84152 0.62787 0.84084 0.63979 0.83411 0.62775 0.84152 0.62787 0.84152 0.62787 0.84831 0.63896 0.84084 0.63979 0.7972 0.60821 0.82554 0.61126 0.82083 0.62283 0.82083 0.62283 0.79042 0.62299 0.7972 0.60821 0.84084 0.63979 0.84831 0.63896 0.85336 0.65365 0.85336 0.65365 0.84564 0.66469 0.84084 0.63979 0.85578 0.67022 0.84564 0.66469 0.85336 0.65365 0.8451 0.69342 0.84564 0.66469 0.85578 0.67022 0.85578 0.67022 0.85226 0.69477 0.8451 0.69342 0.84513 0.71914 0.84646 0.7337 0.83245 0.73511 0.83245 0.73511 0.83838 0.7195 0.84513 0.71914 0.83245 0.73511 0.84378 0.73651 0.83983 0.74495 0.84287 0.75383 0.82619 0.75599 0.83245 0.73511 0.83245 0.73511 0.83983 0.74495 0.84287 0.75383 0.8434 0.77065 0.83074 0.76875 0.84287 0.75383 0.83411 0.62775 0.84084 0.63979 0.82427 0.64404 0.82427 0.64404 0.82083 0.62283 0.83411 0.62775 0.82427 0.64404 0.84084 0.63979 0.84564 0.66469 0.84564 0.66469 0.82485 0.67842 0.82427 0.64404 0.84564 0.66469 0.8451 0.69342 0.82485 0.67842 0.83838 0.7195 0.83245 0.73511 0.8112 0.72485 0.8112 0.72485 0.82485 0.67842 0.83838 0.7195 0.83245 0.73511 0.82619 0.75599 0.8142 0.74201 0.79113 0.64319 0.79042 0.62299 0.82083 0.62283 0.82083 0.62283 0.82427 0.64404 0.79113 0.64319 0.79113 0.64319 0.82427 0.64404 0.82485 0.67842 0.82485 0.67842 0.78841 0.68225 0.79113 0.64319 0.8112 0.72485 0.78841 0.68225 0.82485 0.67842 0.8142 0.74201 0.82619 0.75599 0.81014 0.76645 0.81014 0.76645 0.79329 0.75627 0.8142 0.74201 0.78909 0.74293 0.77334 0.72509 0.8112 0.72485 0.79329 0.75627 0.7783 0.77007 0.76876 0.76111 0.76876 0.76111 0.78909 0.74293 0.79329 0.75627 0.78661 0.77831 0.79329 0.75627 0.81014 0.76645 0.7783 0.77007 0.75113 0.79128 0.74435 0.7861 0.74435 0.7861 0.76876 0.76111 0.7783 0.77007 0.7783 0.77007 0.77098 0.79008 0.75113 0.79128 0.74435 0.7861 0.73023 0.77718 0.75823 0.75051 0.75823 0.75051 0.76876 0.76111 0.74435 0.7861 0.81014 0.76645 0.82619 0.75599 0.83074 0.76875 0.83074 0.76875 0.82233 0.7763 0.81014 0.76645 0.71029 0.79406 0.73023 0.77718 0.74435 0.7861 0.74435 0.7861 0.7245 0.81765 0.71029 0.79406 0.7245 0.81765 0.74435 0.7861 0.73223 0.82419 0.71029 0.79406 0.7245 0.81765 0.69701 0.80914 0.73223 0.82419 0.72936 0.8441 0.71439 0.84308 0.71439 0.84308 0.7245 0.81765 0.73223 0.82419 0.74937 0.83852 0.74651 0.84566 0.73106 0.84769 0.73106 0.84769 0.72936 0.8441 0.74937 0.83852 0.69701 0.80914 0.68851 0.81439 0.6881 0.79948 0.71029 0.79406 0.69701 0.80914 0.6881 0.79948 0.6881 0.79948 0.69398 0.78294 0.71029 0.79406 0.71029 0.79406 0.69398 0.78294 0.71436 0.76437 0.71436 0.76437 0.73023 0.77718 0.71029 0.79406 0.76618 0.62741 0.79042 0.62299 0.79113 0.64319 0.75717 0.66672 0.76618 0.62741 0.79113 0.64319 0.79113 0.64319 0.78841 0.68225 0.75717 0.66672 0.78841 0.68225 0.77334 0.72509 0.75717 0.66672 0.77334 0.72509 0.75823 0.75051 0.74056 0.73387 0.74056 0.73387 0.7485 0.70289 0.77334 0.72509 0.74056 0.73387 0.75823 0.75051 0.73023 0.77718 0.73023 0.77718 0.71436 0.76437 0.74056 0.73387 0.69398 0.78294 0.67768 0.77877 0.6966 0.74956 0.6966 0.74956 0.71436 0.76437 0.69398 0.78294 0.67768 0.77877 0.69398 0.78294 0.6881 0.79948 0.6881 0.79948 0.67534 0.80352 0.67768 0.77877 0.67534 0.80352 0.6881 0.79948 0.68851 0.81439 0.75717 0.66672 0.7485 0.70289 0.72012 0.68981 0.72012 0.68981 0.73653 0.64779 0.75717 0.66672 0.74651 0.84566 0.74937 0.83852 0.75683 0.84468 0.68869 0.86379 0.68302 0.85292 0.69736 0.84707 0.69736 0.84707 0.70112 0.86184 0.68869 0.86379 0.74937 0.83852 0.75022 0.82363 0.77426 0.81839 0.77426 0.81839 0.75022 0.82363 0.75931 0.80468 0.67664 0.86891 0.66827 0.85382 0.68302 0.85292 0.68302 0.85292 0.68869 0.86379 0.67664 0.86891 0.66827 0.85382 0.67554 0.83603 0.68302 0.85292 0.65169 0.83025 0.6558 0.80325 0.67534 0.80352 0.67534 0.80352 0.67554 0.83603 0.65169 0.83025 0.67768 0.77877 0.67534 0.80352 0.6558 0.80325 0.74056 0.73387 0.71436 0.76437 0.6966 0.74956 0.6966 0.74956 0.7074 0.71924 0.74056 0.73387 0.74721 0.61577 0.73653 0.64779 0.72327 0.62061 0.73653 0.64779 0.70936 0.64408 0.72327 0.62061 0.70936 0.64408 0.72012 0.68981 0.69214 0.67781 0.68259 0.70259 0.69214 0.67781 0.72012 0.68981 0.72012 0.68981 0.7074 0.71924 0.68259 0.70259 0.7074 0.71924 0.6966 0.74956 0.66927 0.73352 0.66927 0.73352 0.68259 0.70259 0.7074 0.71924 0.67554 0.83603 0.66827 0.85382 0.6493 0.85142 0.6493 0.85142 0.65169 0.83025 0.67554 0.83603 0.65169 0.83025 0.6493 0.85142 0.63777 0.84788 0.63777 0.84788 0.63491 0.82894 0.65169 0.83025 0.62641 0.85421 0.62692 0.84466 0.63777 0.84788 0.63777 0.84788 0.64045 0.85936 0.62641 0.85421 0.62692 0.84466 0.62373 0.8258 0.63491 0.82894 0.63491 0.82894 0.63777 0.84788 0.62692 0.84466 0.62932 0.80254 0.6558 0.80325 0.65169 0.83025 0.65169 0.83025 0.63491 0.82894 0.62932 0.80254 0.62373 0.8258 0.61251 0.80099 0.62932 0.80254 0.62932 0.80254 0.63491 0.82894 0.62373 0.8258 0.62539 0.78496 0.646 0.77179 0.6558 0.80325 0.6558 0.80325 0.62932 0.80254 0.62539 0.78496 0.65338 0.72329 0.66893 0.69406 0.68259 0.70259 0.68259 0.70259 0.66927 0.73352 0.65338 0.72329 0.69214 0.67781 0.68259 0.70259 0.66893 0.69406 0.66893 0.69406 0.68106 0.66805 0.69214 0.67781 0.68106 0.66805 0.66893 0.69406 0.64314 0.68019 0.64314 0.68019 0.65922 0.64464 0.68106 0.66805 0.71053 0.63211 0.70936 0.64408 0.69389 0.63833 0.65922 0.64464 0.67412 0.63722 0.68106 0.66805 0.62692 0.84466 0.62641 0.85421 0.61002 0.85108 0.61002 0.85108 0.597 0.82936 0.62692 0.84466 0.60006 0.81401 0.62373 0.8258 0.597 0.82936 0.61251 0.80099 0.60006 0.81401 0.59314 0.79207 0.59314 0.79207 0.60662 0.78308 0.61251 0.80099 0.60662 0.78308 0.59314 0.79207 0.58427 0.77615 0.58427 0.77615 0.5912 0.75435 0.60662 0.78308 0.60006 0.81401 0.57784 0.81661 0.57654 0.79955 0.57654 0.79955 0.59314 0.79207 0.60006 0.81401 0.59314 0.79207 0.57654 0.79955 0.57141 0.78919 0.57141 0.78919 0.58427 0.77615 0.59314 0.79207 0.597 0.82936 0.57784 0.81661 0.60006 0.81401 0.57784 0.81661 0.597 0.82936 0.56258 0.82899 0.56258 0.82899 0.55823 0.81554 0.57784 0.81661 0.57784 0.81661 0.55823 0.81554 0.55876 0.80279 0.55876 0.80279 0.57654 0.79955 0.57784 0.81661 0.57654 0.79955 0.55876 0.80279 0.55678 0.79744 0.55678 0.79744 0.57141 0.78919 0.57654 0.79955 0.54033 0.81704 0.54623 0.81037 0.55823 0.81554 0.55823 0.81554 0.56258 0.82899 0.54033 0.81704 0.57141 0.78919 0.55678 0.79744 0.54986 0.78519 0.54986 0.78519 0.55722 0.77184 0.57141 0.78919 0.53413 0.76971 0.54804 0.75502 0.55722 0.77184 0.55722 0.77184 0.54986 0.78519 0.53413 0.76971 0.58427 0.77615 0.57141 0.78919 0.55722 0.77184 0.55722 0.77184 0.56365 0.75841 0.58427 0.77615 0.54804 0.75502 0.56365 0.75841 0.55722 0.77184 0.56365 0.75841 0.57012 0.74061 0.5912 0.75435 0.5912 0.75435 0.58427 0.77615 0.56365 0.75841 0.54804 0.75502 0.56 0.73026 0.57012 0.74061 0.57012 0.74061 0.56365 0.75841 0.54804 0.75502 0.60983 0.75 0.5912 0.75435 0.60983 0.7104 0.60983 0.7104 0.62521 0.71875 0.60983 0.75 0.5912 0.75435 0.57012 0.74061 0.58867 0.70386 0.58867 0.70386 0.60983 0.7104 0.5912 0.75435 0.65922 0.64464 0.64314 0.68019 0.62731 0.67164 0.62731 0.67164 0.64347 0.63623 0.65922 0.64464 0.62428 0.62643 0.64347 0.63623 0.62731 0.67164 0.62731 0.67164 0.60649 0.66249 0.62428 0.62643 0.62428 0.62643 0.64916 0.61096 0.64347 0.63623 0.58867 0.70386 0.57459 0.69513 0.5783 0.66187 0.5783 0.66187 0.60649 0.66249 0.58867 0.70386 0.56 0.73026 0.57459 0.69513 0.58867 0.70386 0.58867 0.70386 0.57012 0.74061 0.56 0.73026 0.52038 0.78338 0.50678 0.76768 0.5271 0.75724 0.5271 0.75724 0.53413 0.76971 0.52038 0.78338 0.54029 0.74631 0.52852 0.7315 0.54204 0.71411 0.50336 0.75601 0.5271 0.75724 0.50678 0.76768 0.5783 0.66187 0.5438 0.68181 0.5462 0.64806 0.64063 0.57695 0.60219 0.58547 0.63689 0.55807 0.57937 0.63813 0.57007 0.60627 0.60287 0.60505 0.60219 0.58547 0.57007 0.60627 0.55735 0.59183 0.55735 0.59183 0.59824 0.56605 0.60219 0.58547 0.54303 0.61267 0.55735 0.59183 0.57007 0.60627 0.57007 0.60627 0.55803 0.62714 0.54303 0.61267 0.5438 0.68181 0.53091 0.66161 0.5462 0.64806 0.5462 0.64806 0.52855 0.63981 0.54303 0.61267 0.55735 0.59183 0.54303 0.61267 0.52326 0.60675 0.52326 0.60675 0.55035 0.57554 0.55735 0.59183 0.76579 0.96474 0.79418 0.9595 0.80207 0.97417 0.80207 0.97417 0.76856 0.97744 0.76579 0.96474 0.58227 0.55746 0.59824 0.56605 0.55735 0.59183 0.55735 0.59183 0.55035 0.57554 0.58227 0.55746 0.83487 0.98714 0.802 0.9807 0.80207 0.97417 0.80207 0.97417 0.83502 0.97592 0.83487 0.98714 0.59824 0.56605 0.58227 0.55746 0.60903 0.54903 0.86373 0.98765 0.83487 0.98714 0.83502 0.97592 0.83502 0.97592 0.86713 0.97751 0.86373 0.98765 0.60903 0.54903 0.63689 0.55807 0.59824 0.56605 0.66338 0.55166 0.63689 0.55807 0.63942 0.54613 0.63942 0.54613 0.66137 0.54861 0.66338 0.55166 0.92023 0.97817 0.91989 0.98753 0.89607 0.98789 0.89607 0.98789 0.89559 0.978 0.92023 0.97817 0.86713 0.97751 0.89559 0.978 0.89607 0.98789 0.89607 0.98789 0.86373 0.98765 0.86713 0.97751 0.92368 0.96199 0.92023 0.97817 0.89559 0.978 0.89559 0.978 0.89613 0.95724 0.92368 0.96199 0.89613 0.95724 0.89559 0.978 0.86713 0.97751 0.86713 0.97751 0.86622 0.95513 0.89613 0.95724 0.51757 0.65647 0.49286 0.64676 0.50824 0.63445 0.73999 0.99646 0.73688 0.99135 0.75181 0.98636 0.51757 0.65647 0.52342 0.67633 0.50379 0.67296 0.51389 0.69543 0.50379 0.67296 0.52342 0.67633 0.52342 0.67633 0.52352 0.7028 0.51389 0.69543 0.52352 0.7028 0.50748 0.70782 0.51389 0.69543 0.50648 0.74038 0.49292 0.72908 0.51153 0.72343 0.50648 0.74038 0.51153 0.72343 0.52852 0.7315 0.52852 0.7315 0.51153 0.72343 0.52352 0.7028 0.52352 0.7028 0.54204 0.71411 0.52852 0.7315 0.51153 0.72343 0.50748 0.70782 0.52352 0.7028 0.51153 0.72343 0.49292 0.72908 0.4938 0.7169 0.4938 0.7169 0.50748 0.70782 0.51153 0.72343 0.76579 0.96474 0.76093 0.94823 0.78428 0.94011 0.78428 0.94011 0.79418 0.9595 0.76579 0.96474 0.76093 0.94823 0.76579 0.96474 0.74729 0.96722 0.74729 0.96722 0.7424 0.95311 0.76093 0.94823 0.8064 0.93339 0.81175 0.95651 0.79418 0.9595 0.79418 0.9595 0.78428 0.94011 0.8064 0.93339 0.82592 0.93005 0.83174 0.95541 0.81175 0.95651 0.81175 0.95651 0.8064 0.93339 0.82592 0.93005 0.94812 0.94753 0.9447 0.96521 0.92368 0.96199 0.92368 0.96199 0.91424 0.93599 0.94812 0.94753 0.89406 0.94146 0.88103 0.92693 0.91424 0.93599 0.73721 0.94171 0.75007 0.92992 0.76093 0.94823 0.76093 0.94823 0.7424 0.95311 0.73721 0.94171 0.76093 0.94823 0.75007 0.92992 0.76492 0.91957 0.76492 0.91957 0.78428 0.94011 0.76093 0.94823 0.84816 0.91377 0.84711 0.93021 0.82592 0.93005 0.82592 0.93005 0.81858 0.89317 0.84816 0.91377 0.84711 0.93021 0.84816 0.91377 0.86267 0.92262 0.86267 0.92262 0.86717 0.93592 0.84711 0.93021 0.88103 0.92693 0.89406 0.94146 0.86717 0.93592 0.86717 0.93592 0.86267 0.92262 0.88103 0.92693 0.88103 0.92693 0.91901 0.91792 0.91424 0.93599 0.86827 0.90053 0.8855 0.90661 0.88103 0.92693 0.88103 0.92693 0.86267 0.92262 0.86827 0.90053 0.86827 0.90053 0.86267 0.92262 0.84816 0.91377 0.84816 0.91377 0.85114 0.89124 0.86827 0.90053 0.79647 0.86858 0.81858 0.89317 0.80014 0.90067 0.80014 0.90067 0.78712 0.87221 0.79647 0.86858 0.78121 0.90865 0.7695 0.89584 0.78712 0.87221 0.78712 0.87221 0.80014 0.90067 0.78121 0.90865 0.76506 0.88601 0.77681 0.87316 0.78712 0.87221 0.78712 0.87221 0.7695 0.89584 0.76506 0.88601 0.76492 0.91957 0.75546 0.90636 0.7695 0.89584 0.7695 0.89584 0.78121 0.90865 0.76492 0.91957 0.75083 0.89534 0.76506 0.88601 0.7695 0.89584 0.7695 0.89584 0.75546 0.90636 0.75083 0.89534 0.75007 0.92992 0.74099 0.91872 0.75546 0.90636 0.75546 0.90636 0.76492 0.91957 0.75007 0.92992 0.75007 0.92992 0.73721 0.94171 0.72969 0.93367 0.72969 0.93367 0.74099 0.91872 0.75007 0.92992 0.70606 0.90489 0.71893 0.92071 0.7051 0.92142 0.7051 0.92142 0.70043 0.91122 0.70606 0.90489 0.71796 0.90871 0.71128 0.89773 0.72419 0.90076 0.87134 0.79414 0.88899 0.79713 0.87014 0.80311 0.94812 0.94753 0.91901 0.91792 0.95888 0.93386 0.79868 0.83689 0.80745 0.82933 0.82804 0.83541 0.82804 0.83541 0.80226 0.84373 0.79868 0.83689 0.88008 0.811 0.86955 0.82475 0.86753 0.814 0.90993 0.83701 0.93023 0.85104 0.91681 0.86397 0.91681 0.86397 0.89606 0.85064 0.90993 0.83701 0.97258 0.91461 0.97642 0.90765 0.98807 0.94122 0.79383 0.60221 0.7972 0.60821 0.77636 0.60939 0.77636 0.60939 0.76258 0.594 0.79383 0.60221 0.69458 0.83482 0.69736 0.84707 0.68302 0.85292 0.68302 0.85292 0.67554 0.83603 0.69458 0.83482 0.62932 0.80254 0.61251 0.80099 0.61605 0.78886 0.61605 0.78886 0.62539 0.78496 0.62932 0.80254 0.60006 0.81401 0.61251 0.80099 0.62373 0.8258 0.52852 0.7315 0.54029 0.74631 0.5271 0.75724 0.5271 0.75724 0.50648 0.74038 0.52852 0.7315 0.86622 0.95513 0.86713 0.97751 0.83502 0.97592 0.83502 0.97592 0.83174 0.95541 0.86622 0.95513 0.89406 0.94146 0.89613 0.95724 0.86622 0.95513 0.86622 0.95513 0.86717 0.93592 0.89406 0.94146 0.7091 0.93654 0.70895 0.92667 0.7187 0.94059 0.73823 0.90697 0.75083 0.89534 0.75546 0.90636 0.75546 0.90636 0.74099 0.91872 0.73823 0.90697 0.73721 0.94171 0.72863 0.95075 0.72433 0.94631 0.72433 0.94631 0.72969 0.93367 0.73721 0.94171 0.48862 0.77382 0.50069 0.77476 0.50922 0.7891 0.50922 0.7891 0.49124 0.79363 0.48862 0.77382 0.50069 0.77476 0.48862 0.77382 0.48245 0.7596 0.47997 0.74598 0.47316 0.72619 0.49292 0.72908 0.49292 0.72908 0.48848 0.74247 0.47997 0.74598 0.47997 0.74598 0.48848 0.74247 0.48245 0.7596 0.4818 0.70996 0.49292 0.72908 0.47316 0.72619 0.83074 0.76875 0.82619 0.75599 0.84287 0.75383 0.4938 0.7169 0.49284 0.70481 0.50748 0.70782 0.50045 0.69534 0.51389 0.69543 0.50748 0.70782 0.50748 0.70782 0.49284 0.70481 0.50045 0.69534 0.51389 0.69543 0.50045 0.69534 0.50379 0.67296 0.49284 0.70481 0.4818 0.70996 0.48814 0.69799 0.50045 0.69534 0.49284 0.70481 0.48814 0.69799 0.87519 0.631305 0.8669 0.61934 0.87557 0.60801 0.71796 0.90871 0.71893 0.92071 0.71128 0.89773 0.71893 0.92071 0.70606 0.90489 0.71128 0.89773 0.88852 0.61722 0.90507 0.647 0.8818801 0.648 0.83883 0.79203 0.82233 0.7763 0.83074 0.76875 0.78661 0.77831 0.7783 0.77007 0.79329 0.75627 0.7783 0.77007 0.78661 0.77831 0.77098 0.79008 0.73688 0.99135 0.74591 0.98079 0.75181 0.98636 0.51757 0.65647 0.50379 0.67296 0.49286 0.64676 0.4938 0.7169 0.4818 0.70996 0.49284 0.70481 0.65905 0.62644 0.64347 0.63623 0.64916 0.61096 0.95041 0.97617 0.9447 0.96521 0.97738 0.96582 0.64756 0.56983 0.63689 0.55807 0.66338 0.55166 0.62428 0.62643 0.64605 0.59224 0.64916 0.61096 0.65905 0.62644 0.65922 0.64464 0.64347 0.63623 0.67412 0.63722 0.65922 0.64464 0.65905 0.62644 0.67412 0.63722 0.69389 0.63833 0.68106 0.66805 0.69389 0.63833 0.70936 0.64408 0.69214 0.67781 0.69214 0.67781 0.68106 0.66805 0.69389 0.63833 0.71053 0.63211 0.72327 0.62061 0.70936 0.64408 0.74146 0.59986 0.75342 0.60267 0.74721 0.61577 0.74286 0.58646 0.75342 0.60267 0.74146 0.59986 0.97312 0.9558 0.97738 0.96582 0.9447 0.96521 0.9447 0.96521 0.94812 0.94753 0.97312 0.9558 0.97312 0.9558 0.98518 0.95036 0.99486 0.96258 0.97738 0.96582 0.97312 0.9558 0.99486 0.96258 0.9226 0.98938 0.93806 0.97816 0.95041 0.97617 0.91989 0.98753 0.92023 0.97817 0.93806 0.97816 0.95041 0.97617 0.93806 0.97816 0.9447 0.96521 0.03918999 0.4216 0.05973994 0.41929 0.03873997 0.4094401 0.03918999 0.4216 0.04931998 0.43395 0.05973994 0.41929 0.74937 0.83852 0.77426 0.81839 0.76601 0.83655 0.75683 0.84468 0.74937 0.83852 0.76601 0.83655 0.70112 0.86184 0.71587 0.85741 0.71921 0.86561 0.71921 0.86561 0.72001 0.87211 0.69791 0.87268 0.70895 0.92667 0.71893 0.92071 0.7187 0.94059 0.43432 0.84338 0.45537 0.84108 0.45854 0.85526 0.45854 0.85526 0.45537 0.84108 0.43432 0.84338 0.57937 0.63813 0.55803 0.62714 0.57007 0.60627 0.77334 0.72509 0.7485 0.70289 0.75717 0.66672 0.77334 0.72509 0.78841 0.68225 0.8112 0.72485 0.73653 0.64779 0.74721 0.61577 0.76618 0.62741 0.70936 0.64408 0.73653 0.64779 0.72012 0.68981 0.97642 0.90765 0.99068 0.92468 0.98807 0.94122 0.8018 0.85916 0.82804 0.83541 0.83794 0.85849 0.5783 0.66187 0.57459 0.69513 0.5438 0.68181 0.83132 0.52335 0.84994 0.51836 0.88716 0.55559 0.88716 0.55559 0.88218 0.5742 0.83132 0.52335 0.8177 0.53697 0.83132 0.52335 0.88218 0.5742 0.88218 0.5742 0.86855 0.58782 0.8177 0.53697 0.81271 0.55559 0.8177 0.53697 0.86855 0.58782 0.86855 0.58782 0.84994 0.59281 0.81271 0.55559 0.8177 0.5742 0.81271 0.55559 0.84994 0.59281 0.84994 0.59281 0.83132 0.58782 0.8177 0.5742 0.23188 0.48659 0.25254 0.49574 0.24003 0.49706 0.23188 0.48659 0.22633 0.49164 0.24003 0.49706 0.88798 0.89351 0.8855 0.90661 0.86827 0.90053 0.16973 0.84367 0.14806 0.83656 0.14774 0.84956 0.84363 0.60561 0.84823 0.62644 0.84152 0.62787 0.84152 0.62787 0.82554 0.61126 0.84363 0.60561 0.84363 0.60561 0.85897 0.60701 0.8669 0.61934 0.74435 0.7861 0.75113 0.79128 0.73223 0.82419 0.88008 0.811 0.89259 0.82335 0.86955 0.82475 0.88103 0.92693 0.8855 0.90661 0.91901 0.91792 0.60219 0.58547 0.59824 0.56605 0.63689 0.55807 0.60903 0.54903 0.63942 0.54613 0.63689 0.55807 0.83794 0.85849 0.82804 0.83541 0.84545 0.83103 0.85233 0.85217 0.87688 0.87552 0.86652 0.87891 0.86696 0.8443 0.88616 0.86514 0.87688 0.87552 0.42913 0.47369 0.4292 0.5131 0.35593 0.52964 0.35593 0.52964 0.43045 0.52117 0.42913 0.47369 0.90532 0.7196 0.89879 0.73288 0.88998 0.73063 0.06999999 0.894 0.10067 0.91009 0.09903997 0.87928 0.09154999 0.85531 0.07553994 0.84268 0.07978999 0.84107 0.07978999 0.84107 0.09435999 0.85151 0.09154999 0.85531 0.07646995 0.82345 0.07553994 0.84268 0.07129997 0.84429 0.07129997 0.84429 0.07445996 0.82201 0.07646995 0.82345 0.09154999 0.85531 0.10936 0.85901 0.10841 0.86311 0.10841 0.86311 0.08873999 0.85912 0.09154999 0.85531 0.13002 0.85418 0.1303 0.85771 0.10936 0.85901 0.10936 0.85901 0.11031 0.85491 0.13002 0.85418 0.14539 0.84652 0.14656 0.84804 0.1303 0.85771 0.1303 0.85771 0.13002 0.85418 0.14539 0.84652 0.08873999 0.85912 0.09154999 0.85531 0.07553994 0.84268 0.07553994 0.84268 0.07129997 0.84429 0.08873999 0.85912 0.07847994 0.8249 0.07646995 0.82345 0.07553994 0.84268 0.07553994 0.84268 0.07978999 0.84107 0.07847994 0.8249 0.10841 0.86311 0.10936 0.85901 0.09154999 0.85531 0.09154999 0.85531 0.08873999 0.85912 0.10841 0.86311 0.1303 0.85771 0.10936 0.85901 0.10841 0.86311 0.10841 0.86311 0.13059 0.86124 0.1303 0.85771 0.14656 0.84804 0.1303 0.85771 0.13059 0.86124 0.13059 0.86124 0.14774 0.84956 0.14656 0.84804 0.08609998 0.81347 0.07847994 0.8249 0.07646995 0.82345 0.14806 0.83656 0.14774 0.84956 0.14656 0.84804 0.14656 0.84804 0.14774 0.84956 0.14806 0.83656 0.07646995 0.82345 0.07847994 0.8249 0.08609998 0.81347 0.886235 0.665345 0.90507 0.647 0.90733 0.68405 0.06999999 0.894 0.10067 0.91009 0.07361 0.92072 0.10292 0.92462 0.10067 0.91009 0.13242 0.89754 0.13059 0.86124 0.15971 0.86645 0.12668 0.87715 0.15971 0.86645 0.13059 0.86124 0.14774 0.84956 0.10067 0.91009 0.10292 0.92462 0.07361 0.92072 0.08873999 0.85912 0.10841 0.86311 0.09903997 0.87928 0.09903997 0.87928 0.07779997 0.87144 0.08873999 0.85912 0.06999999 0.894 0.07779997 0.87144 0.09903997 0.87928 0.10841 0.86311 0.13059 0.86124 0.12668 0.87715 0.12668 0.87715 0.09903997 0.87928 0.10841 0.86311 0.13242 0.89754 0.10067 0.91009 0.09903997 0.87928 0.09903997 0.87928 0.12668 0.87715 0.13242 0.89754 0.16747 0.87846 0.13242 0.89754 0.15971 0.86645 0.16747 0.87846 0.15971 0.86645 0.16973 0.84367 0.16973 0.84367 0.19262 0.85259 0.16747 0.87846 0.16973 0.84367 0.15971 0.86645 0.14774 0.84956 0.10292 0.92462 0.07049995 0.94037 0.07361 0.92072 0.06999999 0.894 0.09903997 0.87928 0.10067 0.91009 0.99648 0.7579 0.98363 0.7579 0.98418 0.7524 0.99648 0.7579 0.98418 0.7524 0.98581 0.7474 0.99648 0.7579 0.98581 0.7474 0.99053 0.74171 0.99648 0.7579 0.99053 0.77409 0.98581 0.76841 0.99648 0.7579 0.98581 0.76841 0.98418 0.7634 0.99648 0.7579 0.98418 0.7634 0.98363 0.7579 0.97103 0.7579 0.97166 0.74878 0.98418 0.7524 0.98418 0.7524 0.98363 0.7579 0.97103 0.7579 0.97166 0.74878 0.97367 0.74003 0.98581 0.7474 0.98581 0.7474 0.98418 0.7524 0.97166 0.74878 0.98581 0.7474 0.97367 0.74003 0.98012 0.72828 0.98012 0.72828 0.99053 0.74171 0.98581 0.7474 0.98012 0.78753 0.97367 0.77578 0.98581 0.76841 0.98581 0.76841 0.99053 0.77409 0.98012 0.78753 0.97166 0.76702 0.98418 0.7634 0.98581 0.76841 0.98581 0.76841 0.97367 0.77578 0.97166 0.76702 0.97166 0.76702 0.97103 0.7579 0.98363 0.7579 0.98363 0.7579 0.98418 0.7634 0.97166 0.76702 0.95908 0.75983 0.95948 0.74865 0.97166 0.74878 0.97166 0.74878 0.97103 0.7579 0.95908 0.75983 0.95948 0.74865 0.96075 0.73563 0.97367 0.74003 0.97367 0.74003 0.97166 0.74878 0.95948 0.74865 0.96519 0.71887 0.98012 0.72828 0.97367 0.74003 0.97367 0.74003 0.96075 0.73563 0.96519 0.71887 0.96518 0.79694 0.96075 0.78017 0.97367 0.77578 0.97367 0.77578 0.98012 0.78753 0.96518 0.79694 0.96075 0.78017 0.95948 0.771 0.97166 0.76702 0.97166 0.76702 0.97367 0.77578 0.96075 0.78017 0.95948 0.771 0.95908 0.75983 0.97103 0.7579 0.97103 0.7579 0.97166 0.76702 0.95948 0.771 0.94755 0.74798 0.95948 0.74865 0.95908 0.75983 0.95908 0.75983 0.94755 0.75983 0.94755 0.74798 0.94755 0.73416 0.96075 0.73563 0.95948 0.74865 0.95948 0.74865 0.94755 0.74798 0.94755 0.73416 0.94755 0.73416 0.94755 0.71548 0.96519 0.71887 0.96519 0.71887 0.96075 0.73563 0.94755 0.73416 0.94755 0.80032 0.94755 0.78164 0.96075 0.78017 0.96075 0.78017 0.96518 0.79694 0.94755 0.80032 0.94755 0.78164 0.94755 0.77168 0.95948 0.771 0.95948 0.771 0.96075 0.78017 0.94755 0.78164 0.94755 0.77168 0.94755 0.75983 0.95908 0.75983 0.95908 0.75983 0.95948 0.771 0.94755 0.77168 0.93601 0.75983 0.93562 0.74865 0.94755 0.74798 0.94755 0.74798 0.94755 0.75983 0.93601 0.75983 0.93562 0.74865 0.93435 0.73563 0.94755 0.73416 0.94755 0.73416 0.94755 0.74798 0.93562 0.74865 0.92991 0.71887 0.94755 0.71548 0.94755 0.73416 0.94755 0.73416 0.93435 0.73563 0.92991 0.71887 0.94755 0.80032 0.92991 0.79693 0.93435 0.78017 0.93435 0.78017 0.94755 0.78164 0.94755 0.80032 0.94755 0.78164 0.93435 0.78017 0.93562 0.771 0.93562 0.771 0.94755 0.77168 0.94755 0.78164 0.94755 0.75983 0.94755 0.77168 0.93562 0.771 0.93562 0.771 0.93601 0.75983 0.94755 0.75983 0.92407 0.7579 0.92343 0.74878 0.93562 0.74865 0.93562 0.74865 0.93601 0.75983 0.92407 0.7579 0.93435 0.73563 0.93562 0.74865 0.92343 0.74878 0.92343 0.74878 0.92143 0.74002 0.93435 0.73563 0.92143 0.74002 0.91498 0.72827 0.92991 0.71887 0.92991 0.71887 0.93435 0.73563 0.92143 0.74002 0.92991 0.79693 0.91497 0.78753 0.92143 0.77578 0.92143 0.77578 0.93435 0.78017 0.92991 0.79693 0.92143 0.77578 0.92343 0.76702 0.93562 0.771 0.93562 0.771 0.93435 0.78017 0.92143 0.77578 0.92343 0.76702 0.92407 0.7579 0.93601 0.75983 0.93601 0.75983 0.93562 0.771 0.92343 0.76702 0.92407 0.7579 0.91147 0.7579 0.91092 0.7524 0.91092 0.7524 0.92343 0.74878 0.92407 0.7579 0.92343 0.74878 0.91092 0.7524 0.90929 0.74739 0.90929 0.74739 0.92143 0.74002 0.92343 0.74878 0.90929 0.74739 0.90457 0.74171 0.91498 0.72827 0.91498 0.72827 0.92143 0.74002 0.90929 0.74739 0.91497 0.78753 0.90457 0.77409 0.90929 0.7684 0.90929 0.7684 0.92143 0.77578 0.91497 0.78753 0.90929 0.7684 0.91092 0.7634 0.92343 0.76702 0.92343 0.76702 0.92143 0.77578 0.90929 0.7684 0.91092 0.7634 0.91147 0.7579 0.92407 0.7579 0.92407 0.7579 0.92343 0.76702 0.91092 0.7634 0.89861 0.7579 0.91092 0.7524 0.91147 0.7579 0.89861 0.7579 0.90929 0.74739 0.91092 0.7524 0.89861 0.7579 0.90457 0.74171 0.90929 0.74739 0.89861 0.7579 0.90929 0.7684 0.90457 0.77409 0.89861 0.7579 0.91092 0.7634 0.90929 0.7684 0.89861 0.7579 0.91147 0.7579 0.91092 0.7634 0.99258 0.74025 0.99648 0.7579 0.99648 0.7579 0.99648 0.7579 0.99053 0.74171 0.99258 0.74025 0.99258 0.77556 0.99053 0.77409 0.99648 0.7579 0.99648 0.7579 0.99648 0.7579 0.99258 0.77556 0.98303 0.72465 0.99258 0.74025 0.99053 0.74171 0.99053 0.74171 0.98012 0.72828 0.98303 0.72465 0.98303 0.79115 0.98012 0.78753 0.99053 0.77409 0.99053 0.77409 0.99258 0.77556 0.98303 0.79115 0.96725 0.71316 0.98303 0.72465 0.98012 0.72828 0.98012 0.72828 0.96519 0.71887 0.96725 0.71316 0.96724 0.80264 0.96518 0.79694 0.98012 0.78753 0.98012 0.78753 0.98303 0.79115 0.96724 0.80264 0.96725 0.71316 0.96519 0.71887 0.94755 0.71548 0.94755 0.71548 0.94755 0.70892 0.96725 0.71316 0.94755 0.80688 0.94755 0.80032 0.96518 0.79694 0.96518 0.79694 0.96724 0.80264 0.94755 0.80688 0.94755 0.71548 0.92991 0.71887 0.92785 0.71316 0.92785 0.71316 0.94755 0.70892 0.94755 0.71548 0.94755 0.80032 0.94755 0.80688 0.92785 0.80264 0.92785 0.80264 0.92991 0.79693 0.94755 0.80032 0.92785 0.71316 0.92991 0.71887 0.91498 0.72827 0.91498 0.72827 0.91207 0.72465 0.92785 0.71316 0.92785 0.80264 0.91206 0.79115 0.91497 0.78753 0.91497 0.78753 0.92991 0.79693 0.92785 0.80264 0.91207 0.72465 0.91498 0.72827 0.90457 0.74171 0.90457 0.74171 0.90252 0.74024 0.91207 0.72465 0.91206 0.79115 0.90252 0.77556 0.90457 0.77409 0.90457 0.77409 0.91497 0.78753 0.91206 0.79115 0.90252 0.74024 0.90457 0.74171 0.89861 0.7579 0.89861 0.7579 0.89861 0.7579 0.90252 0.74024 0.90252 0.77556 0.89861 0.7579 0.89861 0.7579 0.89861 0.7579 0.90457 0.77409 0.90252 0.77556 0.99648 0.7579 0.98418 0.7524 0.98363 0.7579 0.99648 0.7579 0.98581 0.7474 0.98418 0.7524 0.99648 0.7579 0.99053 0.74171 0.98581 0.7474 0.99648 0.7579 0.98581 0.76841 0.99053 0.77409 0.99648 0.7579 0.98418 0.7634 0.98581 0.76841 0.99648 0.7579 0.98363 0.7579 0.98418 0.7634 0.97103 0.7579 0.98363 0.7579 0.98418 0.7524 0.98418 0.7524 0.97166 0.74878 0.97103 0.7579 0.97166 0.74878 0.98418 0.7524 0.98581 0.7474 0.98581 0.7474 0.97367 0.74003 0.97166 0.74878 0.98581 0.7474 0.99053 0.74171 0.98012 0.72828 0.98012 0.72828 0.97367 0.74003 0.98581 0.7474 0.98012 0.78753 0.99053 0.77409 0.98581 0.76841 0.98581 0.76841 0.97367 0.77578 0.98012 0.78753 0.97166 0.76702 0.97367 0.77578 0.98581 0.76841 0.98581 0.76841 0.98418 0.7634 0.97166 0.76702 0.97166 0.76702 0.98418 0.7634 0.98363 0.7579 0.98363 0.7579 0.97103 0.7579 0.97166 0.76702 0.95908 0.75983 0.97103 0.7579 0.97166 0.74878 0.97166 0.74878 0.95948 0.74865 0.95908 0.75983 0.95948 0.74865 0.97166 0.74878 0.97367 0.74003 0.97367 0.74003 0.96075 0.73563 0.95948 0.74865 0.96519 0.71887 0.96075 0.73563 0.97367 0.74003 0.97367 0.74003 0.98012 0.72828 0.96519 0.71887 0.96518 0.79694 0.98012 0.78753 0.97367 0.77578 0.97367 0.77578 0.96075 0.78017 0.96518 0.79694 0.96075 0.78017 0.97367 0.77578 0.97166 0.76702 0.97166 0.76702 0.95948 0.771 0.96075 0.78017 0.95948 0.771 0.97166 0.76702 0.97103 0.7579 0.97103 0.7579 0.95908 0.75983 0.95948 0.771 0.95908 0.75983 0.95948 0.74865 0.94755 0.74798 0.94755 0.74798 0.94755 0.75983 0.95908 0.75983 0.95948 0.74865 0.96075 0.73563 0.94755 0.73416 0.94755 0.73416 0.94755 0.74798 0.95948 0.74865 0.94755 0.73416 0.96075 0.73563 0.96519 0.71887 0.96519 0.71887 0.94755 0.71548 0.94755 0.73416 0.94755 0.80032 0.96518 0.79694 0.96075 0.78017 0.96075 0.78017 0.94755 0.78164 0.94755 0.80032 0.94755 0.78164 0.96075 0.78017 0.95948 0.771 0.95948 0.771 0.94755 0.77168 0.94755 0.78164 0.94755 0.77168 0.95948 0.771 0.95908 0.75983 0.95908 0.75983 0.94755 0.75983 0.94755 0.77168 0.93601 0.75983 0.94755 0.75983 0.94755 0.74798 0.94755 0.74798 0.93562 0.74865 0.93601 0.75983 0.93562 0.74865 0.94755 0.74798 0.94755 0.73416 0.94755 0.73416 0.93435 0.73563 0.93562 0.74865 0.92991 0.71887 0.93435 0.73563 0.94755 0.73416 0.94755 0.73416 0.94755 0.71548 0.92991 0.71887 0.94755 0.80032 0.94755 0.78164 0.93435 0.78017 0.93435 0.78017 0.92991 0.79693 0.94755 0.80032 0.94755 0.78164 0.94755 0.77168 0.93562 0.771 0.93562 0.771 0.93435 0.78017 0.94755 0.78164 0.93562 0.771 0.94755 0.77168 0.94755 0.75983 0.94755 0.75983 0.93601 0.75983 0.93562 0.771 0.92407 0.7579 0.93601 0.75983 0.93562 0.74865 0.93562 0.74865 0.92343 0.74878 0.92407 0.7579 0.92343 0.74878 0.93562 0.74865 0.93435 0.73563 0.93435 0.73563 0.92143 0.74002 0.92343 0.74878 0.92143 0.74002 0.93435 0.73563 0.92991 0.71887 0.92991 0.71887 0.91498 0.72827 0.92143 0.74002 0.92991 0.79693 0.93435 0.78017 0.92143 0.77578 0.92143 0.77578 0.91497 0.78753 0.92991 0.79693 0.92143 0.77578 0.93435 0.78017 0.93562 0.771 0.93562 0.771 0.92343 0.76702 0.92143 0.77578 0.92343 0.76702 0.93562 0.771 0.93601 0.75983 0.93601 0.75983 0.92407 0.7579 0.92343 0.76702 0.92407 0.7579 0.92343 0.74878 0.91092 0.7524 0.91092 0.7524 0.91147 0.7579 0.92407 0.7579 0.92343 0.74878 0.92143 0.74002 0.90929 0.74739 0.90929 0.74739 0.91092 0.7524 0.92343 0.74878 0.90929 0.74739 0.92143 0.74002 0.91498 0.72827 0.91498 0.72827 0.90457 0.74171 0.90929 0.74739 0.91497 0.78753 0.92143 0.77578 0.90929 0.7684 0.90929 0.7684 0.90457 0.77409 0.91497 0.78753 0.90929 0.7684 0.92143 0.77578 0.92343 0.76702 0.92343 0.76702 0.91092 0.7634 0.90929 0.7684 0.91092 0.7634 0.92343 0.76702 0.92407 0.7579 0.92407 0.7579 0.91147 0.7579 0.91092 0.7634 0.89861 0.7579 0.91147 0.7579 0.91092 0.7524 0.89861 0.7579 0.91092 0.7524 0.90929 0.74739 0.89861 0.7579 0.90929 0.74739 0.90457 0.74171 0.89861 0.7579 0.90457 0.77409 0.90929 0.7684 0.89861 0.7579 0.90929 0.7684 0.91092 0.7634 0.89861 0.7579 0.91092 0.7634 0.91147 0.7579 0.99258 0.74025 0.99053 0.74171 0.99648 0.7579 0.99648 0.7579 0.99648 0.7579 0.99258 0.74025 0.99258 0.77556 0.99648 0.7579 0.99648 0.7579 0.99648 0.7579 0.99053 0.77409 0.99258 0.77556 0.98303 0.72465 0.98012 0.72828 0.99053 0.74171 0.99053 0.74171 0.99258 0.74025 0.98303 0.72465 0.98303 0.79115 0.99258 0.77556 0.99053 0.77409 0.99053 0.77409 0.98012 0.78753 0.98303 0.79115 0.96725 0.71316 0.96519 0.71887 0.98012 0.72828 0.98012 0.72828 0.98303 0.72465 0.96725 0.71316 0.96724 0.80264 0.98303 0.79115 0.98012 0.78753 0.98012 0.78753 0.96518 0.79694 0.96724 0.80264 0.96725 0.71316 0.94755 0.70892 0.94755 0.71548 0.94755 0.71548 0.96519 0.71887 0.96725 0.71316 0.94755 0.80688 0.96724 0.80264 0.96518 0.79694 0.96518 0.79694 0.94755 0.80032 0.94755 0.80688 0.94755 0.71548 0.94755 0.70892 0.92785 0.71316 0.92785 0.71316 0.92991 0.71887 0.94755 0.71548 0.92785 0.80264 0.94755 0.80688 0.94755 0.80032 0.94755 0.80032 0.92991 0.79693 0.92785 0.80264 0.92785 0.71316 0.91207 0.72465 0.91498 0.72827 0.91498 0.72827 0.92991 0.71887 0.92785 0.71316 0.92785 0.80264 0.92991 0.79693 0.91497 0.78753 0.91497 0.78753 0.91206 0.79115 0.92785 0.80264 0.91207 0.72465 0.90252 0.74024 0.90457 0.74171 0.90457 0.74171 0.91498 0.72827 0.91207 0.72465 0.91206 0.79115 0.91497 0.78753 0.90457 0.77409 0.90457 0.77409 0.90252 0.77556 0.91206 0.79115 0.90252 0.74024 0.89861 0.7579 0.89861 0.7579 0.89861 0.7579 0.90457 0.74171 0.90252 0.74024 0.90252 0.77556 0.90457 0.77409 0.89861 0.7579 0.89861 0.7579 0.89861 0.7579 0.90252 0.77556 0.08410996 0.72178 0.05919998 0.73314 0.05465996 0.72267 0.05465996 0.72267 0.05919998 0.73314 0.08410996 0.72178 0.04718995 0.83198 0.05528998 0.86018 0.03129994 0.85328 0.04718995 0.83198 0.02860999 0.83226 0.03129994 0.85328 0.13242 0.89754 0.12668 0.87715 0.15971 0.86645 0.15971 0.86645 0.12668 0.87715 0.13242 0.89754 0.1102949 0.671505 0.09880995 0.66101 0.11267 0.6574875 0.115995 0.6602513 0.09880995 0.66101 0.1102949 0.671505 0.09503996 0.67436 0.09880995 0.66101 0.1102949 0.671505 0.09503996 0.67436 0.11453 0.68622 0.1102949 0.671505 0.11453 0.68622 0.12178 0.682 0.1102949 0.671505 0.11453 0.68622 0.09503996 0.67436 0.1102949 0.671505 0.04718995 0.83198 0.07445996 0.82201 0.07129997 0.84429 0.04718995 0.83198 0.05528998 0.86018 0.07129997 0.84429 0.59654 0.28225 0.58141 0.28588 0.58141 0.25974 0.58141 0.25974 0.59654 0.25793 0.59654 0.28225 0.58141 0.28588 0.59654 0.28225 0.5851925 0.30571 0.5851925 0.30571 0.58141 0.3066175 0.58141 0.28588 0.58141 0.25974 0.58141 0.28588 0.59654 0.28225 0.59654 0.28225 0.59654 0.25793 0.58141 0.25974 0.58141 0.3066175 0.5851925 0.30571 0.59654 0.28225 0.59654 0.28225 0.58141 0.28588 0.58141 0.3066175 0.59654 0.28225 0.59654 0.25793 0.58141 0.25974 0.58141 0.25974 0.58141 0.28588 0.59654 0.28225 0.58141 0.3066175 0.5851925 0.30571 0.59654 0.28225 0.59654 0.28225 0.58141 0.28588 0.58141 0.3066175 0.58141 0.25974 0.59654 0.25793 0.59654 0.28225 0.59654 0.28225 0.58141 0.28588 0.58141 0.25974 0.58141 0.28588 0.59654 0.28225 0.5851925 0.30571 0.5851925 0.30571 0.58141 0.3066175 0.58141 0.28588 0.58141 0.25974 0.58141 0.23361 0.59654 0.23361 0.59654 0.23361 0.59654 0.25793 0.58141 0.25974 0.58141 0.23361 0.58141 0.25974 0.59654 0.25793 0.59654 0.25793 0.59654 0.23361 0.58141 0.23361 0.59654 0.23361 0.58141 0.23361 0.58141 0.25974 0.58141 0.25974 0.59654 0.25793 0.59654 0.23361 0.58141 0.25974 0.58141 0.23361 0.59654 0.23361 0.59654 0.23361 0.59654 0.25793 0.58141 0.25974 0.5851925 0.30571 0.58141 0.31353 0.58141 0.3066175 0.58141 0.3066175 0.58141 0.31353 0.5851925 0.30571 0.58141 0.3066175 0.58141 0.31353 0.5851925 0.30571 0.5851925 0.30571 0.58141 0.31353 0.58141 0.3066175 0.47314 0.05435001 0.54482 0.07436001 0.46977 0.06866997 0.60054 0.1143199 0.62686 0.1201 0.59982 0.1348099 0.58881 0.15969 0.59982 0.1348099 0.60859 0.1639499 0.60837 0.07254999 0.60237 0.09649002 0.59377 0.0715 0.59888 0.19097 0.6126 0.2199699 0.58858 0.2026299 0.62458 0.01567 0.59571 0.02491998 0.61614 0.003120005 0.59571 0.02491998 0.62458 0.01567 0.60988 0.04233998 0.6126 0.2199699 0.59888 0.19097 0.62169 0.2069299 0.59982 0.1348099 0.6292 0.1474999 0.60859 0.1639499 0.6292 0.1474999 0.59982 0.1348099 0.62686 0.1201 0.65703 0.1198899 0.6292 0.1474999 0.62686 0.1201 0.65901 0.1435499 0.6292 0.1474999 0.65703 0.1198899 0.60988 0.04233998 0.62458 0.01567 0.63497 0.03777998 0.60837 0.07254999 0.64139 0.05485999 0.63057 0.08959996 0.60837 0.07254999 0.63057 0.08959996 0.60237 0.09649002 0.62962 0.10355 0.60237 0.09649002 0.63057 0.08959996 0.66066 0.09407001 0.70107 0.09153997 0.66077 0.10706 0.65703 0.1198899 0.68569 0.13181 0.65901 0.1435499 0.69483 0.1441 0.65901 0.1435499 0.68569 0.13181 0.68569 0.13181 0.71352 0.13418 0.69483 0.1441 0.68569 0.13181 0.65703 0.1198899 0.69545 0.11285 0.69545 0.11285 0.71352 0.13418 0.68569 0.13181 0.70107 0.09153997 0.7307 0.1084899 0.69545 0.11285 0.69545 0.11285 0.7307 0.1084899 0.71352 0.13418 0.7307 0.1084899 0.70107 0.09153997 0.72766 0.09049999 0.66077 0.10706 0.69545 0.11285 0.65703 0.1198899 0.47314 0.05435001 0.47602 0.03600001 0.54211 0.05720001 0.54211 0.05720001 0.54482 0.07436001 0.47314 0.05435001 0.5438 0.04069 0.54211 0.05720001 0.47602 0.03600001 0.47602 0.03600001 0.48329 0.01130002 0.5438 0.04069 0.54722 0.09194999 0.47623 0.08515 0.46977 0.06866997 0.46977 0.06866997 0.54482 0.07436001 0.54722 0.09194999 0.47959 0.1016399 0.47623 0.08515 0.54722 0.09194999 0.54722 0.09194999 0.54733 0.1092 0.47959 0.1016399 0.47692 0.1161299 0.47959 0.1016399 0.54733 0.1092 0.54733 0.1092 0.54356 0.1280599 0.47692 0.1161299 0.54356 0.1280599 0.5368 0.1482999 0.46811 0.13849 0.46811 0.13849 0.47692 0.1161299 0.54356 0.1280599 0.5368 0.1482999 0.53394 0.1630699 0.46493 0.15986 0.46493 0.15986 0.46811 0.13849 0.5368 0.1482999 0.53394 0.1630699 0.53345 0.1784399 0.46612 0.1862599 0.46612 0.1862599 0.46493 0.15986 0.53394 0.1630699 0.60054 0.1143199 0.59982 0.1348099 0.54356 0.1280599 0.54356 0.1280599 0.54733 0.1092 0.60054 0.1143199 0.58881 0.15969 0.5368 0.1482999 0.54356 0.1280599 0.54356 0.1280599 0.59982 0.1348099 0.58881 0.15969 0.60237 0.09649002 0.60054 0.1143199 0.54733 0.1092 0.54733 0.1092 0.54722 0.09194999 0.60237 0.09649002 0.62962 0.10355 0.62686 0.1201 0.60054 0.1143199 0.60054 0.1143199 0.60237 0.09649002 0.62962 0.10355 0.53394 0.1630699 0.5368 0.1482999 0.58881 0.15969 0.58881 0.15969 0.58314 0.1734299 0.53394 0.1630699 0.58314 0.1734299 0.58881 0.15969 0.60859 0.1639499 0.60859 0.1639499 0.59888 0.19097 0.58314 0.1734299 0.58314 0.1734299 0.57712 0.1849099 0.53345 0.1784399 0.53345 0.1784399 0.53394 0.1630699 0.58314 0.1734299 0.54722 0.09194999 0.54482 0.07436001 0.59377 0.0715 0.59377 0.0715 0.60237 0.09649002 0.54722 0.09194999 0.59016 0.05497002 0.59377 0.0715 0.54482 0.07436001 0.54482 0.07436001 0.54211 0.05720001 0.59016 0.05497002 0.60837 0.07254999 0.59377 0.0715 0.59016 0.05497002 0.59016 0.05497002 0.60988 0.04233998 0.60837 0.07254999 0.59016 0.05497002 0.54211 0.05720001 0.5438 0.04069 0.5438 0.04069 0.58457 0.04218 0.59016 0.05497002 0.59016 0.05497002 0.58457 0.04218 0.59571 0.02491998 0.59571 0.02491998 0.60988 0.04233998 0.59016 0.05497002 0.63263 0.1865 0.62169 0.2069299 0.59888 0.19097 0.59888 0.19097 0.60859 0.1639499 0.63263 0.1865 0.6292 0.1474999 0.64438 0.1704499 0.63263 0.1865 0.63263 0.1865 0.60859 0.1639499 0.6292 0.1474999 0.65901 0.1435499 0.66289 0.16121 0.64438 0.1704499 0.64438 0.1704499 0.6292 0.1474999 0.65901 0.1435499 0.60837 0.07254999 0.60988 0.04233998 0.63497 0.03777998 0.63497 0.03777998 0.64139 0.05485999 0.60837 0.07254999 0.66744 0.07210999 0.66066 0.09407001 0.63057 0.08959996 0.63057 0.08959996 0.64139 0.05485999 0.66744 0.07210999 0.66066 0.09407001 0.66077 0.10706 0.62962 0.10355 0.62962 0.10355 0.63057 0.08959996 0.66066 0.09407001 0.66066 0.09407001 0.66744 0.07210999 0.70097 0.07788002 0.70097 0.07788002 0.70107 0.09153997 0.66066 0.09407001 0.69483 0.1441 0.69805 0.1517199 0.66289 0.16121 0.66289 0.16121 0.65901 0.1435499 0.69483 0.1441 0.73194 0.08704 0.72766 0.09049999 0.70107 0.09153997 0.70107 0.09153997 0.70097 0.07788002 0.73194 0.08704 0.69545 0.11285 0.66077 0.10706 0.70107 0.09153997 0.59888 0.19097 0.58858 0.2026299 0.57712 0.1849099 0.57712 0.1849099 0.58314 0.1734299 0.59888 0.19097 0.65703 0.1198899 0.62686 0.1201 0.62962 0.10355 0.62962 0.10355 0.66077 0.10706 0.65703 0.1198899 0.71352 0.13418 0.71874 0.1381099 0.69805 0.1517199 0.69805 0.1517199 0.69483 0.1441 0.71352 0.13418 0.73656 0.10975 0.71874 0.1381099 0.71352 0.13418 0.71352 0.13418 0.7307 0.1084899 0.73656 0.10975 0.72766 0.09049999 0.73194 0.08704 0.73656 0.10975 0.73656 0.10975 0.7307 0.1084899 0.72766 0.09049999 0.46408 0.97501 0.47231 0.96261 0.47006 0.98758 0.59002 0.99239 0.6 0.94763 0.61999 0.96946 0.61999 0.96946 0.6189 0.98904 0.59002 0.99239 0.57861 0.94042 0.6 0.94763 0.59002 0.99239 0.55495 0.99272 0.54353 0.94516 0.57861 0.94042 0.57861 0.94042 0.59002 0.99239 0.55495 0.99272 0.51611 0.98932 0.5191 0.9506 0.54353 0.94516 0.54353 0.94516 0.55495 0.99272 0.51611 0.98932 0.49504 0.95571 0.5191 0.9506 0.51611 0.98932 0.49504 0.95571 0.51611 0.98932 0.4934 0.99191 0.4934 0.99191 0.47006 0.98758 0.47231 0.96261 0.47231 0.96261 0.49504 0.95571 0.4934 0.99191 0.14347 0.09499973 0.1779021 0.05467253 0.1733933 0.09081089 0.1090833 0.2470984 0.1528213 0.2452639 0.1372405 0.281379 0.1372405 0.281379 0.09963291 0.2788462 0.1090833 0.2470984 0.1090833 0.2470984 0.1129932 0.2210904 0.1592425 0.21507 0.1592425 0.21507 0.1528213 0.2452639 0.1090833 0.2470984 0.1054779 0.1372063 0.05976372 0.146973 0.05100047 0.1136139 0.05100047 0.1136139 0.07224947 0.1084373 0.1054779 0.1372063 0.14347 0.09499973 0.1054779 0.1372063 0.07224947 0.1084373 0.07224947 0.1084373 0.10766 0.09342998 0.14347 0.09499973 0.2223576 0.1216086 0.1675884 0.1278967 0.1733933 0.09081089 0.1733933 0.09081089 0.2212157 0.07950228 0.2223576 0.1216086 0.1159333 0.1828006 0.05613642 0.1778692 0.05976372 0.146973 0.05976372 0.146973 0.1054779 0.1372063 0.1159333 0.1828006 0.1129932 0.2210904 0.05481582 0.2169858 0.05613642 0.1778692 0.05613642 0.1778692 0.1159333 0.1828006 0.1129932 0.2210904 0.1129932 0.2210904 0.1090833 0.2470984 0.05537599 0.2445091 0.05537599 0.2445091 0.05481582 0.2169858 0.1129932 0.2210904 0.10766 0.09342998 0.1470784 0.05503106 0.1779021 0.05467253 0.1779021 0.05467253 0.14347 0.09499973 0.10766 0.09342998 0.1054779 0.1372063 0.1675884 0.1278967 0.166216 0.1719017 0.166216 0.1719017 0.1159333 0.1828006 0.1054779 0.1372063 0.2211609 0.2183082 0.1592425 0.21507 0.166216 0.1719017 0.166216 0.1719017 0.2191159 0.1734714 0.2211609 0.2183082 0.1090833 0.2470984 0.09963291 0.2788462 0.05355221 0.2739148 0.05355221 0.2739148 0.05537599 0.2445091 0.1090833 0.2470984 0.09963291 0.2788462 0.06773 0.32488 0.04065996 0.31621 0.04065996 0.31621 0.05355221 0.2739148 0.09963291 0.2788462 0.1372405 0.281379 0.10685 0.33341 0.06773 0.32488 0.06773 0.32488 0.09963291 0.2788462 0.1372405 0.281379 0.10685 0.33341 0.1685574 0.3129854 0.15455 0.34425 0.1779021 0.05467253 0.1470784 0.05503106 0.1490768 0.01885366 0.1490768 0.01885366 0.1732975 0.01458501 0.1779021 0.05467253 0.2962644 0.04748356 0.2930771 0.08104753 0.2546988 0.07946759 0.2546988 0.07946759 0.2505736 0.04555761 0.2962644 0.04748356 0.2212157 0.07950228 0.2546988 0.07946759 0.2595472 0.1179639 0.2595472 0.1179639 0.2223576 0.1216086 0.2212157 0.07950228 0.2223576 0.1216086 0.2595472 0.1179639 0.2706043 0.1752226 0.2706043 0.1752226 0.2191159 0.1734714 0.2223576 0.1216086 0.2211609 0.2183082 0.2191159 0.1734714 0.2706043 0.1752226 0.2706043 0.1752226 0.2734642 0.2186236 0.2211609 0.2183082 0.3155007 0.2181382 0.3159161 0.2612676 0.2760819 0.2615698 0.2760819 0.2615698 0.2734642 0.2186236 0.3155007 0.2181382 0.273046 0.2981703 0.2760819 0.2615698 0.3159161 0.2612676 0.3159161 0.2612676 0.3156625 0.2999588 0.273046 0.2981703 0.2664594 0.3338808 0.273046 0.2981703 0.3156625 0.2999588 0.3156625 0.2999588 0.3109669 0.3372754 0.2664594 0.3338808 0.2506575 0.3649513 0.2664594 0.3338808 0.3109669 0.3372754 0.3109669 0.3372754 0.31222 0.37147 0.2506575 0.3649513 0.1732975 0.01458501 0.2011762 0.0126686 0.2126319 0.0457372 0.2126319 0.0457372 0.1779021 0.05467253 0.1732975 0.01458501 0.3440905 0.1213396 0.3529416 0.1748437 0.3126736 0.174577 0.3126736 0.174577 0.2993003 0.1175841 0.3440905 0.1213396 0.2993003 0.1175841 0.2930771 0.08104753 0.345735 0.08793389 0.345735 0.08793389 0.3440905 0.1213396 0.2993003 0.1175841 0.3155007 0.2181382 0.3126736 0.174577 0.3529416 0.1748437 0.3529416 0.1748437 0.3585625 0.2170329 0.3155007 0.2181382 0.3585625 0.2170329 0.3568596 0.2563548 0.3159161 0.2612676 0.3159161 0.2612676 0.3155007 0.2181382 0.3585625 0.2170329 0.3570386 0.2959445 0.3156625 0.2999588 0.3159161 0.2612676 0.3159161 0.2612676 0.3568596 0.2563548 0.3570386 0.2959445 0.3644042 0.3321084 0.3109669 0.3372754 0.3156625 0.2999588 0.3156625 0.2999588 0.3570386 0.2959445 0.3644042 0.3321084 0.3644042 0.3321084 0.38455 0.36708 0.31222 0.37147 0.31222 0.37147 0.3109669 0.3372754 0.3644042 0.3321084 0.37673 0.02709001 0.353799 0.05962896 0.2962644 0.04748356 0.2962644 0.04748356 0.30619 0.00545001 0.37673 0.02709001 0.345735 0.08793389 0.2930771 0.08104753 0.2962644 0.04748356 0.2962644 0.04748356 0.353799 0.05962896 0.345735 0.08793389 0.345735 0.08793389 0.3990409 0.09945297 0.393634 0.1308141 0.393634 0.1308141 0.3440905 0.1213396 0.345735 0.08793389 0.353799 0.05962896 0.4039621 0.07353007 0.3990409 0.09945297 0.3990409 0.09945297 0.345735 0.08793389 0.353799 0.05962896 0.393634 0.1308141 0.399513 0.1803113 0.3529416 0.1748437 0.3529416 0.1748437 0.3440905 0.1213396 0.393634 0.1308141 0.399513 0.1803113 0.40266 0.2185284 0.3585625 0.2170329 0.3585625 0.2170329 0.3529416 0.1748437 0.399513 0.1803113 0.3568596 0.2563548 0.3585625 0.2170329 0.40266 0.2185284 0.40266 0.2185284 0.4022207 0.2506663 0.3568596 0.2563548 0.3568596 0.2563548 0.4022207 0.2506663 0.4040088 0.2869461 0.4040088 0.2869461 0.3570386 0.2959445 0.3568596 0.2563548 0.4040088 0.2869461 0.4139838 0.3162127 0.3644042 0.3321084 0.3644042 0.3321084 0.3570386 0.2959445 0.4040088 0.2869461 0.4139838 0.3162127 0.43112 0.33408 0.38455 0.36708 0.38455 0.36708 0.3644042 0.3321084 0.4139838 0.3162127 0.4039621 0.07353007 0.353799 0.05962896 0.37673 0.02709001 0.37673 0.02709001 0.42898 0.05712002 0.4039621 0.07353007 0.43887 0.17392 0.399513 0.1803113 0.393634 0.1308141 0.393634 0.1308141 0.43806 0.1401599 0.43887 0.17392 0.3990409 0.09945297 0.43646 0.10806 0.43806 0.1401599 0.43806 0.1401599 0.393634 0.1308141 0.3990409 0.09945297 0.399513 0.1803113 0.43887 0.17392 0.43941 0.2122099 0.43941 0.2122099 0.40266 0.2185284 0.399513 0.1803113 0.43688 0.2447199 0.4022207 0.2506663 0.40266 0.2185284 0.40266 0.2185284 0.43941 0.2122099 0.43688 0.2447199 0.4361 0.27811 0.4040088 0.2869461 0.4022207 0.2506663 0.4022207 0.2506663 0.43688 0.2447199 0.4361 0.27811 0.4361 0.27811 0.43875 0.30565 0.4139838 0.3162127 0.4139838 0.3162127 0.4040088 0.2869461 0.4361 0.27811 0.4139838 0.3162127 0.43875 0.30565 0.4469 0.32145 0.4469 0.32145 0.43112 0.33408 0.4139838 0.3162127 0.42898 0.05712002 0.44604 0.06997001 0.43964 0.08437001 0.43964 0.08437001 0.4039621 0.07353007 0.42898 0.05712002 0.4039621 0.07353007 0.43964 0.08437001 0.43646 0.10806 0.43646 0.10806 0.3990409 0.09945297 0.4039621 0.07353007 0.2930771 0.08104753 0.2993003 0.1175841 0.2595472 0.1179639 0.2595472 0.1179639 0.2546988 0.07946759 0.2930771 0.08104753 0.2595472 0.1179639 0.2993003 0.1175841 0.3126736 0.174577 0.3126736 0.174577 0.2706043 0.1752226 0.2595472 0.1179639 0.3126736 0.174577 0.3155007 0.2181382 0.2734642 0.2186236 0.2734642 0.2186236 0.2706043 0.1752226 0.3126736 0.174577 0.2266204 0.2572408 0.2211609 0.2183082 0.2734642 0.2186236 0.2734642 0.2186236 0.2760819 0.2615698 0.2266204 0.2572408 0.2235839 0.284044 0.2266204 0.2572408 0.2760819 0.2615698 0.2760819 0.2615698 0.273046 0.2981703 0.2235839 0.284044 0.2191073 0.3178452 0.2235839 0.284044 0.273046 0.2981703 0.273046 0.2981703 0.2664594 0.3338808 0.2191073 0.3178452 0.189095 0.3584325 0.1685574 0.3129854 0.2191073 0.3178452 0.2191073 0.3178452 0.2149246 0.3611676 0.189095 0.3584325 0.2397437 0.01001751 0.30619 0.00545001 0.2962644 0.04748356 0.2962644 0.04748356 0.2505736 0.04555761 0.2397437 0.01001751 0.05976372 0.146973 0.02858996 0.14831 0.03007996 0.1168199 0.03007996 0.1168199 0.05100047 0.1136139 0.05976372 0.146973 0.05613642 0.1778692 0.02583998 0.1740199 0.02858996 0.14831 0.02858996 0.14831 0.05976372 0.146973 0.05613642 0.1778692 0.05481582 0.2169858 0.02376997 0.2122499 0.02583998 0.1740199 0.02583998 0.1740199 0.05613642 0.1778692 0.05481582 0.2169858 0.02493 0.2440599 0.02376997 0.2122499 0.05481582 0.2169858 0.05481582 0.2169858 0.05537599 0.2445091 0.02493 0.2440599 0.02382999 0.27281 0.02493 0.2440599 0.05537599 0.2445091 0.05537599 0.2445091 0.05355221 0.2739148 0.02382999 0.27281 0.01358997 0.30754 0.02382999 0.27281 0.05355221 0.2739148 0.05355221 0.2739148 0.04065996 0.31621 0.01358997 0.30754 0.2266204 0.2572408 0.2235839 0.284044 0.1372405 0.281379 0.1372405 0.281379 0.1528213 0.2452639 0.2266204 0.2572408 0.2211609 0.2183082 0.2266204 0.2572408 0.1528213 0.2452639 0.1528213 0.2452639 0.1592425 0.21507 0.2211609 0.2183082 0.1675884 0.1278967 0.1054779 0.1372063 0.14347 0.09499973 0.14347 0.09499973 0.1733933 0.09081089 0.1675884 0.1278967 0.1675884 0.1278967 0.2223576 0.1216086 0.2191159 0.1734714 0.2191159 0.1734714 0.166216 0.1719017 0.1675884 0.1278967 0.1592425 0.21507 0.1129932 0.2210904 0.1159333 0.1828006 0.1159333 0.1828006 0.166216 0.1719017 0.1592425 0.21507 0.2235839 0.284044 0.2191073 0.3178452 0.1685574 0.3129854 0.1685574 0.3129854 0.1372405 0.281379 0.2235839 0.284044 0.189095 0.3584325 0.1746399 0.37084 0.15455 0.34425 0.15455 0.34425 0.1685574 0.3129854 0.189095 0.3584325 0.1372405 0.281379 0.1685574 0.3129854 0.10685 0.33341 0.2664594 0.3338808 0.2506575 0.3649513 0.2149246 0.3611676 0.2149246 0.3611676 0.2191073 0.3178452 0.2664594 0.3338808 0.2011762 0.0126686 0.2397437 0.01001751 0.2505736 0.04555761 0.2505736 0.04555761 0.2126319 0.0457372 0.2011762 0.0126686 0.2212157 0.07950228 0.2126319 0.0457372 0.2505736 0.04555761 0.2505736 0.04555761 0.2546988 0.07946759 0.2212157 0.07950228 0.1779021 0.05467253 0.2126319 0.0457372 0.2212157 0.07950228 0.2212157 0.07950228 0.1733933 0.09081089 0.1779021 0.05467253 0.47314 0.05435001 0.46977 0.06866997 0.54482 0.07436001 0.60054 0.1143199 0.59982 0.1348099 0.62686 0.1201 0.58881 0.15969 0.60859 0.1639499 0.59982 0.1348099 0.60837 0.07254999 0.59377 0.0715 0.60237 0.09649002 0.59888 0.19097 0.58858 0.2026299 0.6126 0.2199699 0.62458 0.01567 0.61614 0.003120005 0.59571 0.02491998 0.59571 0.02491998 0.60988 0.04233998 0.62458 0.01567 0.6126 0.2199699 0.62169 0.2069299 0.59888 0.19097 0.59982 0.1348099 0.60859 0.1639499 0.6292 0.1474999 0.6292 0.1474999 0.62686 0.1201 0.59982 0.1348099 0.65703 0.1198899 0.62686 0.1201 0.6292 0.1474999 0.65901 0.1435499 0.65703 0.1198899 0.6292 0.1474999 0.60988 0.04233998 0.63497 0.03777998 0.62458 0.01567 0.60837 0.07254999 0.63057 0.08959996 0.64139 0.05485999 0.60837 0.07254999 0.60237 0.09649002 0.63057 0.08959996 0.62962 0.10355 0.63057 0.08959996 0.60237 0.09649002 0.66066 0.09407001 0.66077 0.10706 0.70107 0.09153997 0.65703 0.1198899 0.65901 0.1435499 0.68569 0.13181 0.69483 0.1441 0.68569 0.13181 0.65901 0.1435499 0.68569 0.13181 0.69483 0.1441 0.71352 0.13418 0.68569 0.13181 0.69545 0.11285 0.65703 0.1198899 0.69545 0.11285 0.68569 0.13181 0.71352 0.13418 0.70107 0.09153997 0.69545 0.11285 0.7307 0.1084899 0.69545 0.11285 0.71352 0.13418 0.7307 0.1084899 0.7307 0.1084899 0.72766 0.09049999 0.70107 0.09153997 0.66077 0.10706 0.65703 0.1198899 0.69545 0.11285 0.47314 0.05435001 0.54482 0.07436001 0.54211 0.05720001 0.54211 0.05720001 0.47602 0.03600001 0.47314 0.05435001 0.5438 0.04069 0.48329 0.01130002 0.47602 0.03600001 0.47602 0.03600001 0.54211 0.05720001 0.5438 0.04069 0.54722 0.09194999 0.54482 0.07436001 0.46977 0.06866997 0.46977 0.06866997 0.47623 0.08515 0.54722 0.09194999 0.47959 0.1016399 0.54733 0.1092 0.54722 0.09194999 0.54722 0.09194999 0.47623 0.08515 0.47959 0.1016399 0.47692 0.1161299 0.54356 0.1280599 0.54733 0.1092 0.54733 0.1092 0.47959 0.1016399 0.47692 0.1161299 0.54356 0.1280599 0.47692 0.1161299 0.46811 0.13849 0.46811 0.13849 0.5368 0.1482999 0.54356 0.1280599 0.5368 0.1482999 0.46811 0.13849 0.46493 0.15986 0.46493 0.15986 0.53394 0.1630699 0.5368 0.1482999 0.53394 0.1630699 0.46493 0.15986 0.46612 0.1862599 0.46612 0.1862599 0.53345 0.1784399 0.53394 0.1630699 0.60054 0.1143199 0.54733 0.1092 0.54356 0.1280599 0.54356 0.1280599 0.59982 0.1348099 0.60054 0.1143199 0.58881 0.15969 0.59982 0.1348099 0.54356 0.1280599 0.54356 0.1280599 0.5368 0.1482999 0.58881 0.15969 0.60237 0.09649002 0.54722 0.09194999 0.54733 0.1092 0.54733 0.1092 0.60054 0.1143199 0.60237 0.09649002 0.62962 0.10355 0.60237 0.09649002 0.60054 0.1143199 0.60054 0.1143199 0.62686 0.1201 0.62962 0.10355 0.53394 0.1630699 0.58314 0.1734299 0.58881 0.15969 0.58881 0.15969 0.5368 0.1482999 0.53394 0.1630699 0.58314 0.1734299 0.59888 0.19097 0.60859 0.1639499 0.60859 0.1639499 0.58881 0.15969 0.58314 0.1734299 0.58314 0.1734299 0.53394 0.1630699 0.53345 0.1784399 0.53345 0.1784399 0.57712 0.1849099 0.58314 0.1734299 0.54722 0.09194999 0.60237 0.09649002 0.59377 0.0715 0.59377 0.0715 0.54482 0.07436001 0.54722 0.09194999 0.59016 0.05497002 0.54211 0.05720001 0.54482 0.07436001 0.54482 0.07436001 0.59377 0.0715 0.59016 0.05497002 0.60837 0.07254999 0.60988 0.04233998 0.59016 0.05497002 0.59016 0.05497002 0.59377 0.0715 0.60837 0.07254999 0.59016 0.05497002 0.58457 0.04218 0.5438 0.04069 0.5438 0.04069 0.54211 0.05720001 0.59016 0.05497002 0.59016 0.05497002 0.60988 0.04233998 0.59571 0.02491998 0.59571 0.02491998 0.58457 0.04218 0.59016 0.05497002 0.63263 0.1865 0.60859 0.1639499 0.59888 0.19097 0.59888 0.19097 0.62169 0.2069299 0.63263 0.1865 0.6292 0.1474999 0.60859 0.1639499 0.63263 0.1865 0.63263 0.1865 0.64438 0.1704499 0.6292 0.1474999 0.65901 0.1435499 0.6292 0.1474999 0.64438 0.1704499 0.64438 0.1704499 0.66289 0.16121 0.65901 0.1435499 0.60837 0.07254999 0.64139 0.05485999 0.63497 0.03777998 0.63497 0.03777998 0.60988 0.04233998 0.60837 0.07254999 0.66744 0.07210999 0.64139 0.05485999 0.63057 0.08959996 0.63057 0.08959996 0.66066 0.09407001 0.66744 0.07210999 0.66066 0.09407001 0.63057 0.08959996 0.62962 0.10355 0.62962 0.10355 0.66077 0.10706 0.66066 0.09407001 0.66066 0.09407001 0.70107 0.09153997 0.70097 0.07788002 0.70097 0.07788002 0.66744 0.07210999 0.66066 0.09407001 0.69483 0.1441 0.65901 0.1435499 0.66289 0.16121 0.66289 0.16121 0.69805 0.1517199 0.69483 0.1441 0.73194 0.08704 0.70097 0.07788002 0.70107 0.09153997 0.70107 0.09153997 0.72766 0.09049999 0.73194 0.08704 0.69545 0.11285 0.70107 0.09153997 0.66077 0.10706 0.59888 0.19097 0.58314 0.1734299 0.57712 0.1849099 0.57712 0.1849099 0.58858 0.2026299 0.59888 0.19097 0.65703 0.1198899 0.66077 0.10706 0.62962 0.10355 0.62962 0.10355 0.62686 0.1201 0.65703 0.1198899 0.71352 0.13418 0.69483 0.1441 0.69805 0.1517199 0.69805 0.1517199 0.71874 0.1381099 0.71352 0.13418 0.73656 0.10975 0.7307 0.1084899 0.71352 0.13418 0.71352 0.13418 0.71874 0.1381099 0.73656 0.10975 0.72766 0.09049999 0.7307 0.1084899 0.73656 0.10975 0.73656 0.10975 0.73194 0.08704 0.72766 0.09049999 0.46408 0.97501 0.47006 0.98758 0.47231 0.96261 0.59002 0.99239 0.6189 0.98904 0.61999 0.96946 0.61999 0.96946 0.6 0.94763 0.59002 0.99239 0.57861 0.94042 0.59002 0.99239 0.6 0.94763 0.55495 0.99272 0.59002 0.99239 0.57861 0.94042 0.57861 0.94042 0.54353 0.94516 0.55495 0.99272 0.51611 0.98932 0.55495 0.99272 0.54353 0.94516 0.54353 0.94516 0.5191 0.9506 0.51611 0.98932 0.49504 0.95571 0.51611 0.98932 0.5191 0.9506 0.49504 0.95571 0.4934 0.99191 0.51611 0.98932 0.4934 0.99191 0.49504 0.95571 0.47231 0.96261 0.47231 0.96261 0.47006 0.98758 0.4934 0.99191 0.14347 0.09499973 0.1733933 0.09081089 0.1779021 0.05467253 0.1090833 0.2470984 0.09963291 0.2788462 0.1372405 0.281379 0.1372405 0.281379 0.1528213 0.2452639 0.1090833 0.2470984 0.1090833 0.2470984 0.1528213 0.2452639 0.1592425 0.21507 0.1592425 0.21507 0.1129932 0.2210904 0.1090833 0.2470984 0.1054779 0.1372063 0.07224947 0.1084373 0.05100047 0.1136139 0.05100047 0.1136139 0.05976372 0.146973 0.1054779 0.1372063 0.14347 0.09499973 0.10766 0.09342998 0.07224947 0.1084373 0.07224947 0.1084373 0.1054779 0.1372063 0.14347 0.09499973 0.2223576 0.1216086 0.2212157 0.07950228 0.1733933 0.09081089 0.1733933 0.09081089 0.1675884 0.1278967 0.2223576 0.1216086 0.1159333 0.1828006 0.1054779 0.1372063 0.05976372 0.146973 0.05976372 0.146973 0.05613642 0.1778692 0.1159333 0.1828006 0.1129932 0.2210904 0.1159333 0.1828006 0.05613642 0.1778692 0.05613642 0.1778692 0.05481582 0.2169858 0.1129932 0.2210904 0.1129932 0.2210904 0.05481582 0.2169858 0.05537599 0.2445091 0.05537599 0.2445091 0.1090833 0.2470984 0.1129932 0.2210904 0.10766 0.09342998 0.14347 0.09499973 0.1779021 0.05467253 0.1779021 0.05467253 0.1470784 0.05503106 0.10766 0.09342998 0.1054779 0.1372063 0.1159333 0.1828006 0.166216 0.1719017 0.166216 0.1719017 0.1675884 0.1278967 0.1054779 0.1372063 0.2211609 0.2183082 0.2191159 0.1734714 0.166216 0.1719017 0.166216 0.1719017 0.1592425 0.21507 0.2211609 0.2183082 0.1090833 0.2470984 0.05537599 0.2445091 0.05355221 0.2739148 0.05355221 0.2739148 0.09963291 0.2788462 0.1090833 0.2470984 0.09963291 0.2788462 0.05355221 0.2739148 0.04065996 0.31621 0.04065996 0.31621 0.06773 0.32488 0.09963291 0.2788462 0.1372405 0.281379 0.09963291 0.2788462 0.06773 0.32488 0.06773 0.32488 0.10685 0.33341 0.1372405 0.281379 0.10685 0.33341 0.15455 0.34425 0.1685574 0.3129854 0.1779021 0.05467253 0.1732975 0.01458501 0.1490768 0.01885366 0.1490768 0.01885366 0.1470784 0.05503106 0.1779021 0.05467253 0.2962644 0.04748356 0.2505736 0.04555761 0.2546988 0.07946759 0.2546988 0.07946759 0.2930771 0.08104753 0.2962644 0.04748356 0.2212157 0.07950228 0.2223576 0.1216086 0.2595472 0.1179639 0.2595472 0.1179639 0.2546988 0.07946759 0.2212157 0.07950228 0.4655636 0.2235585 0.4623219 0.2754214 0.5138102 0.2771726 0.5138102 0.2771726 0.5027531 0.2199138 0.4655636 0.2235585 0.4643669 0.3202583 0.5166702 0.3205736 0.5138102 0.2771726 0.5138102 0.2771726 0.4623219 0.2754214 0.4643669 0.3202583 0.3155007 0.2181382 0.2734642 0.2186236 0.2760819 0.2615698 0.2760819 0.2615698 0.3159161 0.2612676 0.3155007 0.2181382 0.273046 0.2981703 0.3156625 0.2999588 0.3159161 0.2612676 0.3159161 0.2612676 0.2760819 0.2615698 0.273046 0.2981703 0.2664594 0.3338808 0.3109669 0.3372754 0.3156625 0.2999588 0.3156625 0.2999588 0.273046 0.2981703 0.2664594 0.3338808 0.2506575 0.3649513 0.31222 0.37147 0.3109669 0.3372754 0.3109669 0.3372754 0.2664594 0.3338808 0.2506575 0.3649513 0.1732975 0.01458501 0.1779021 0.05467253 0.2126319 0.0457372 0.2126319 0.0457372 0.2011762 0.0126686 0.1732975 0.01458501 0.3440905 0.1213396 0.2993003 0.1175841 0.3126736 0.174577 0.3126736 0.174577 0.3529416 0.1748437 0.3440905 0.1213396 0.2993003 0.1175841 0.3440905 0.1213396 0.345735 0.08793389 0.345735 0.08793389 0.2930771 0.08104753 0.2993003 0.1175841 0.3155007 0.2181382 0.3585625 0.2170329 0.3529416 0.1748437 0.3529416 0.1748437 0.3126736 0.174577 0.3155007 0.2181382 0.3585625 0.2170329 0.3155007 0.2181382 0.3159161 0.2612676 0.3159161 0.2612676 0.3568596 0.2563548 0.3585625 0.2170329 0.3570386 0.2959445 0.3568596 0.2563548 0.3159161 0.2612676 0.3159161 0.2612676 0.3156625 0.2999588 0.3570386 0.2959445 0.3644042 0.3321084 0.3570386 0.2959445 0.3156625 0.2999588 0.3156625 0.2999588 0.3109669 0.3372754 0.3644042 0.3321084 0.3644042 0.3321084 0.3109669 0.3372754 0.31222 0.37147 0.31222 0.37147 0.38455 0.36708 0.3644042 0.3321084 0.37673 0.02709001 0.30619 0.00545001 0.2962644 0.04748356 0.2962644 0.04748356 0.353799 0.05962896 0.37673 0.02709001 0.345735 0.08793389 0.353799 0.05962896 0.2962644 0.04748356 0.2962644 0.04748356 0.2930771 0.08104753 0.345735 0.08793389 0.345735 0.08793389 0.3440905 0.1213396 0.393634 0.1308141 0.393634 0.1308141 0.3990409 0.09945297 0.345735 0.08793389 0.353799 0.05962896 0.345735 0.08793389 0.3990409 0.09945297 0.3990409 0.09945297 0.4039621 0.07353007 0.353799 0.05962896 0.393634 0.1308141 0.3440905 0.1213396 0.3529416 0.1748437 0.3529416 0.1748437 0.399513 0.1803113 0.393634 0.1308141 0.399513 0.1803113 0.3529416 0.1748437 0.3585625 0.2170329 0.3585625 0.2170329 0.40266 0.2185284 0.399513 0.1803113 0.3568596 0.2563548 0.4022207 0.2506663 0.40266 0.2185284 0.40266 0.2185284 0.3585625 0.2170329 0.3568596 0.2563548 0.3568596 0.2563548 0.3570386 0.2959445 0.4040088 0.2869461 0.4040088 0.2869461 0.4022207 0.2506663 0.3568596 0.2563548 0.4040088 0.2869461 0.3570386 0.2959445 0.3644042 0.3321084 0.3644042 0.3321084 0.4139838 0.3162127 0.4040088 0.2869461 0.4139838 0.3162127 0.3644042 0.3321084 0.38455 0.36708 0.38455 0.36708 0.43112 0.33408 0.4139838 0.3162127 0.4039621 0.07353007 0.42898 0.05712002 0.37673 0.02709001 0.37673 0.02709001 0.353799 0.05962896 0.4039621 0.07353007 0.43887 0.17392 0.43806 0.1401599 0.393634 0.1308141 0.393634 0.1308141 0.399513 0.1803113 0.43887 0.17392 0.3990409 0.09945297 0.393634 0.1308141 0.43806 0.1401599 0.43806 0.1401599 0.43646 0.10806 0.3990409 0.09945297 0.399513 0.1803113 0.40266 0.2185284 0.43941 0.2122099 0.43941 0.2122099 0.43887 0.17392 0.399513 0.1803113 0.43688 0.2447199 0.43941 0.2122099 0.40266 0.2185284 0.40266 0.2185284 0.4022207 0.2506663 0.43688 0.2447199 0.4361 0.27811 0.43688 0.2447199 0.4022207 0.2506663 0.4022207 0.2506663 0.4040088 0.2869461 0.4361 0.27811 0.4361 0.27811 0.4040088 0.2869461 0.4139838 0.3162127 0.4139838 0.3162127 0.43875 0.30565 0.4361 0.27811 0.4139838 0.3162127 0.43112 0.33408 0.4469 0.32145 0.4469 0.32145 0.43875 0.30565 0.4139838 0.3162127 0.42898 0.05712002 0.4039621 0.07353007 0.43964 0.08437001 0.43964 0.08437001 0.44604 0.06997001 0.42898 0.05712002 0.4039621 0.07353007 0.3990409 0.09945297 0.43646 0.10806 0.43646 0.10806 0.43964 0.08437001 0.4039621 0.07353007 0.2930771 0.08104753 0.2546988 0.07946759 0.2595472 0.1179639 0.2595472 0.1179639 0.2993003 0.1175841 0.2930771 0.08104753 0.5027531 0.2199138 0.5138102 0.2771726 0.5558795 0.2765271 0.5558795 0.2765271 0.5425062 0.219534 0.5027531 0.2199138 0.5558795 0.2765271 0.5138102 0.2771726 0.5166702 0.3205736 0.5166702 0.3205736 0.5587067 0.3200882 0.5558795 0.2765271 0.2266204 0.2572408 0.2760819 0.2615698 0.2734642 0.2186236 0.2734642 0.2186236 0.2211609 0.2183082 0.2266204 0.2572408 0.2235839 0.284044 0.273046 0.2981703 0.2760819 0.2615698 0.2760819 0.2615698 0.2266204 0.2572408 0.2235839 0.284044 0.2191073 0.3178452 0.2664594 0.3338808 0.273046 0.2981703 0.273046 0.2981703 0.2235839 0.284044 0.2191073 0.3178452 0.189095 0.3584325 0.2149246 0.3611676 0.2191073 0.3178452 0.2191073 0.3178452 0.1685574 0.3129854 0.189095 0.3584325 0.2397437 0.01001751 0.2505736 0.04555761 0.2962644 0.04748356 0.2962644 0.04748356 0.30619 0.00545001 0.2397437 0.01001751 0.05976372 0.146973 0.05100047 0.1136139 0.03007996 0.1168199 0.03007996 0.1168199 0.02858996 0.14831 0.05976372 0.146973 0.05613642 0.1778692 0.05976372 0.146973 0.02858996 0.14831 0.02858996 0.14831 0.02583998 0.1740199 0.05613642 0.1778692 0.05481582 0.2169858 0.05613642 0.1778692 0.02583998 0.1740199 0.02583998 0.1740199 0.02376997 0.2122499 0.05481582 0.2169858 0.02493 0.2440599 0.05537599 0.2445091 0.05481582 0.2169858 0.05481582 0.2169858 0.02376997 0.2122499 0.02493 0.2440599 0.02382999 0.27281 0.05355221 0.2739148 0.05537599 0.2445091 0.05537599 0.2445091 0.02493 0.2440599 0.02382999 0.27281 0.01358997 0.30754 0.04065996 0.31621 0.05355221 0.2739148 0.05355221 0.2739148 0.02382999 0.27281 0.01358997 0.30754 0.2266204 0.2572408 0.1528213 0.2452639 0.1372405 0.281379 0.1372405 0.281379 0.2235839 0.284044 0.2266204 0.2572408 0.2211609 0.2183082 0.1592425 0.21507 0.1528213 0.2452639 0.1528213 0.2452639 0.2266204 0.2572408 0.2211609 0.2183082 0.1675884 0.1278967 0.1733933 0.09081089 0.14347 0.09499973 0.14347 0.09499973 0.1054779 0.1372063 0.1675884 0.1278967 0.1675884 0.1278967 0.166216 0.1719017 0.2191159 0.1734714 0.2191159 0.1734714 0.2223576 0.1216086 0.1675884 0.1278967 0.1592425 0.21507 0.166216 0.1719017 0.1159333 0.1828006 0.1159333 0.1828006 0.1129932 0.2210904 0.1592425 0.21507 0.2235839 0.284044 0.1372405 0.281379 0.1685574 0.3129854 0.1685574 0.3129854 0.2191073 0.3178452 0.2235839 0.284044 0.189095 0.3584325 0.1685574 0.3129854 0.15455 0.34425 0.15455 0.34425 0.1746399 0.37084 0.189095 0.3584325 0.1372405 0.281379 0.10685 0.33341 0.1685574 0.3129854 0.2664594 0.3338808 0.2191073 0.3178452 0.2149246 0.3611676 0.2149246 0.3611676 0.2506575 0.3649513 0.2664594 0.3338808 0.2011762 0.0126686 0.2126319 0.0457372 0.2505736 0.04555761 0.2505736 0.04555761 0.2397437 0.01001751 0.2011762 0.0126686 0.2212157 0.07950228 0.2546988 0.07946759 0.2505736 0.04555761 0.2505736 0.04555761 0.2126319 0.0457372 0.2212157 0.07950228 0.1779021 0.05467253 0.1733933 0.09081089 0.2212157 0.07950228 0.2212157 0.07950228 0.2126319 0.0457372 0.1779021 0.05467253</float_array>
          <technique_common>
            <accessor source="#aladdin_lod0_mesh0000-mesh-map-0-array" count="10272" stride="2">
              <param name="S" type="float"/>
              <param name="T" type="float"/>
            </accessor>
          </technique_common>
        </source>
        <vertices id="aladdin_lod0_mesh0000-mesh-vertices">
          <input semantic="POSITION" source="#aladdin_lod0_mesh0000-mesh-positions"/>
        </vertices>
        <triangles material="aladdin_mat-material" count="3424">
          <input semantic="VERTEX" source="#aladdin_lod0_mesh0000-mesh-vertices" offset="0"/>
          <input semantic="NORMAL" source="#aladdin_lod0_mesh0000-mesh-normals" offset="1"/>
          <input semantic="TEXCOORD" source="#aladdin_lod0_mesh0000-mesh-map-0" offset="2" set="0"/>
          <p>0 0 0 1 1 1 2 2 2 3 3 3 0 0 4 4 4 5 1 1 6 0 0 7 5 5 8 6 6 9 7 7 10 8 8 11 9 9 12 10 10 13 11 11 14 4 4 15 11 11 16 10 10 17 10 10 18 12 12 19 4 4 20 10 10 21 9 9 22 13 13 23 13 13 24 12 12 25 10 10 26 12 12 27 13 13 28 14 14 29 14 14 30 13 13 31 15 15 32 16 16 33 4 4 34 12 12 35 12 12 36 17 17 37 16 16 38 18 18 39 19 19 40 20 20 41 21 21 42 19 19 43 18 18 44 18 18 45 22 22 46 21 21 47 22 22 48 23 23 49 15 15 50 18 18 51 20 20 52 22 22 53 16 16 54 3 3 55 4 4 56 24 24 57 25 25 58 26 26 59 27 27 60 25 25 61 24 24 62 1 1 63 5 5 64 28 28 65 29 29 66 5 5 67 30 30 68 31 31 69 32 32 70 33 33 71 34 34 72 35 35 73 31 31 74 32 32 75 31 31 76 35 35 77 36 36 78 37 37 79 38 38 80 39 39 81 40 40 82 41 41 83 42 42 84 43 43 85 39 39 86 44 44 87 42 42 88 39 39 89 42 42 90 45 45 91 43 43 92 46 46 93 43 43 94 45 45 95 47 47 96 48 48 97 49 49 98 50 50 99 51 51 100 52 52 101 53 53 102 54 54 103 55 55 104 56 56 105 57 57 106 58 58 107 59 59 108 60 60 109 56 56 110 57 57 111 56 56 112 60 60 113 61 61 114 62 62 115 63 63 116 62 62 117 61 61 118 64 64 119 65 65 120 66 66 121 67 67 122 68 68 123 67 67 124 66 66 125 69 69 126 70 70 127 71 71 128 72 72 129 73 73 130 69 69 131 73 73 132 70 70 133 69 69 134 74 74 135 75 75 136 76 76 137 77 77 138 76 76 139 75 75 140 78 78 141 79 79 142 80 80 143 81 81 144 80 80 145 79 79 146 82 82 147 83 83 148 84 84 149 75 75 150 74 74 151 85 85 152 86 86 153 87 87 154 82 82 155 87 87 156 83 83 157 82 82 158 88 88 159 89 89 160 90 90 161 90 90 162 91 91 163 87 87 164 90 90 165 89 89 166 91 91 167 92 92 168 81 81 169 93 93 170 79 79 171 94 94 172 95 95 173 95 95 174 94 94 175 96 96 176 75 75 177 97 97 178 77 77 179 97 97 180 75 75 181 98 98 182 83 83 183 87 87 184 99 99 185 99 99 186 100 100 187 83 83 188 99 99 189 87 87 190 101 101 191 101 101 192 87 87 193 91 91 194 102 102 195 97 97 196 98 98 197 103 103 198 97 97 199 102 102 200 100 100 201 99 99 202 104 104 203 105 105 204 106 106 205 107 107 206 108 108 207 109 109 208 105 105 209 106 106 210 105 105 211 109 109 212 110 110 213 111 111 214 112 112 215 112 112 216 113 113 217 114 114 218 112 112 219 111 111 220 113 113 221 98 98 222 115 115 223 102 102 224 115 115 225 116 116 226 102 102 227 117 117 228 118 118 229 119 119 230 119 119 231 120 120 232 117 117 233 121 121 234 122 122 235 123 123 236 124 124 237 125 125 238 126 126 239 118 118 240 127 127 241 125 125 242 126 126 243 125 125 244 127 127 245 119 119 246 118 118 247 125 125 248 128 128 249 102 102 250 116 116 251 102 102 252 128 128 253 103 103 254 129 129 255 103 103 256 128 128 257 130 130 258 113 113 259 131 131 260 132 132 261 130 130 262 131 131 263 133 133 264 113 113 265 111 111 266 129 129 267 134 134 268 135 135 269 134 134 270 136 136 271 135 135 272 137 137 273 138 138 274 96 96 275 135 135 276 103 103 277 129 129 278 139 139 279 140 140 280 141 141 281 142 142 282 140 140 283 143 143 284 144 144 285 140 140 286 142 142 287 145 145 288 139 139 289 146 146 290 147 147 291 135 135 292 136 136 293 148 148 294 149 149 295 150 150 296 150 150 297 149 149 298 151 151 299 152 152 300 153 153 301 154 154 302 95 95 303 96 96 304 138 138 305 101 101 306 91 91 307 111 111 308 91 91 309 133 133 310 111 111 311 2 2 312 155 155 313 156 156 314 6 6 315 8 8 316 157 157 317 157 157 318 158 158 319 6 6 320 158 158 321 156 156 322 159 159 323 159 159 324 6 6 325 158 158 326 160 160 327 161 161 328 11 11 329 11 11 330 162 162 331 160 160 332 4 4 333 0 0 334 162 162 335 162 162 336 11 11 337 4 4 338 3 3 339 163 163 340 5 5 341 5 5 342 0 0 343 3 3 344 164 164 345 156 156 346 155 155 347 155 155 348 165 165 349 164 164 350 159 159 351 156 156 352 164 164 353 164 164 354 166 166 355 159 159 356 167 167 357 168 168 358 165 165 359 165 165 360 155 155 361 167 167 362 167 167 363 28 28 364 29 29 365 29 29 366 169 169 367 167 167 368 170 170 369 171 171 370 172 172 371 172 172 372 168 168 373 170 170 374 173 173 375 174 174 376 175 175 377 175 175 378 172 172 379 173 173 380 161 161 381 176 176 382 9 9 383 9 9 384 11 11 385 161 161 386 177 177 387 19 19 388 9 9 389 9 9 390 176 176 391 177 177 392 9 9 393 19 19 394 21 21 395 21 21 396 13 13 397 9 9 398 14 14 399 178 178 400 17 17 401 17 17 402 12 12 403 14 14 404 179 179 405 20 20 406 19 19 407 19 19 408 177 177 409 179 179 410 179 179 411 180 180 412 181 181 413 181 181 414 20 20 415 179 179 416 22 22 417 20 20 418 181 181 419 181 181 420 23 23 421 22 22 422 182 182 423 178 178 424 14 14 425 14 14 426 15 15 427 182 182 428 6 6 429 159 159 430 183 183 431 183 183 432 7 7 433 6 6 434 183 183 435 159 159 436 166 166 437 166 166 438 184 184 439 183 183 440 185 185 441 186 186 442 163 163 443 163 163 444 3 3 445 185 185 446 16 16 447 17 17 448 185 185 449 185 185 450 3 3 451 16 16 452 187 187 453 188 188 454 186 186 455 186 186 456 185 185 457 187 187 458 189 189 459 187 187 460 185 185 461 185 185 462 17 17 463 189 189 464 190 190 465 188 188 466 187 187 467 187 187 468 191 191 469 190 190 470 192 192 471 191 191 472 187 187 473 187 187 474 189 189 475 192 192 476 25 25 477 190 190 478 191 191 479 191 191 480 193 193 481 25 25 482 193 193 483 191 191 484 192 192 485 192 192 486 194 194 487 193 193 488 26 26 489 195 195 490 174 174 491 174 174 492 173 173 493 26 26 494 196 196 495 169 169 496 29 29 497 29 29 498 30 30 499 196 196 500 196 196 501 197 197 502 170 170 503 170 170 504 169 169 505 196 196 506 198 198 507 171 171 508 170 170 509 170 170 510 197 197 511 198 198 512 199 199 513 200 200 514 171 171 515 171 171 516 198 198 517 199 199 518 27 27 519 24 24 520 200 200 521 200 200 522 199 199 523 27 27 524 189 189 525 201 201 526 202 202 527 202 202 528 192 192 529 189 189 530 202 202 531 40 40 532 203 203 533 203 203 534 192 192 535 202 202 536 33 33 537 204 204 538 23 23 539 23 23 540 205 205 541 33 33 542 182 182 543 15 15 544 23 23 545 23 23 546 204 204 547 182 182 548 181 181 549 206 206 550 205 205 551 205 205 552 23 23 553 181 181 554 206 206 555 181 181 556 180 180 557 180 180 558 207 207 559 206 206 560 207 207 561 208 208 562 209 209 563 209 209 564 206 206 565 207 207 566 209 209 567 210 210 568 205 205 569 205 205 570 206 206 571 209 209 572 205 205 573 210 210 574 31 31 575 31 31 576 33 33 577 205 205 578 204 204 579 33 33 580 32 32 581 32 32 582 211 211 583 204 204 584 182 182 585 204 204 586 211 211 587 211 211 588 38 38 589 182 182 590 212 212 591 213 213 592 214 214 593 214 214 594 215 215 595 212 212 596 215 215 597 216 216 598 212 212 599 34 34 600 31 31 601 217 217 602 34 34 603 217 217 604 218 218 605 218 218 606 219 219 607 34 34 608 35 35 609 34 34 610 219 219 611 219 219 612 220 220 613 35 35 614 215 215 615 214 214 616 221 221 617 221 221 618 218 218 619 215 215 620 218 218 621 221 221 622 222 222 623 222 222 624 223 223 625 218 218 626 224 224 627 219 219 628 218 218 629 218 218 630 223 223 631 224 224 632 220 220 633 219 219 634 224 224 635 224 224 636 36 36 637 220 220 638 201 201 639 178 178 640 182 182 641 182 182 642 38 38 643 201 201 644 201 201 645 38 38 646 37 37 647 37 37 648 202 202 649 201 201 650 36 36 651 224 224 652 225 225 653 225 225 654 226 226 655 36 36 656 223 223 657 227 227 658 225 225 659 225 225 660 224 224 661 223 223 662 222 222 663 228 228 664 227 227 665 227 227 666 223 223 667 222 222 668 32 32 669 35 35 670 220 220 671 220 220 672 211 211 673 32 32 674 226 226 675 229 229 676 37 37 677 37 37 678 36 36 679 226 226 680 202 202 681 37 37 682 229 229 683 229 229 684 40 40 685 202 202 686 39 39 687 43 43 688 230 230 689 229 229 690 231 231 691 41 41 692 41 41 693 40 40 694 229 229 695 232 232 696 233 233 697 227 227 698 227 227 699 228 228 700 232 232 701 225 225 702 227 227 703 233 233 704 233 233 705 234 234 706 225 225 707 226 226 708 225 225 709 234 234 710 234 234 711 235 235 712 226 226 713 229 229 714 226 226 715 235 235 716 235 235 717 231 231 718 229 229 719 236 236 720 237 237 721 231 231 722 231 231 723 235 235 724 236 236 725 237 237 726 238 238 727 41 41 728 41 41 729 231 231 730 237 237 731 239 239 732 236 236 733 235 235 734 235 235 735 234 234 736 239 239 737 44 44 738 39 39 739 41 41 740 41 41 741 238 238 742 44 44 743 234 234 744 233 233 745 239 239 746 240 240 747 239 239 748 233 233 749 233 233 750 232 232 751 240 240 752 241 241 753 242 242 754 243 243 755 243 243 756 244 244 757 241 241 758 245 245 759 246 246 760 247 247 761 247 247 762 244 244 763 245 245 764 241 241 765 244 244 766 247 247 767 247 247 768 248 248 769 241 241 770 246 246 771 245 245 772 249 249 773 249 249 774 250 250 775 246 246 776 249 249 777 251 251 778 252 252 779 252 252 780 250 250 781 249 249 782 253 253 783 252 252 784 251 251 785 251 251 786 254 254 787 253 253 788 255 255 789 252 252 790 253 253 791 253 253 792 256 256 793 255 255 794 257 257 795 255 255 796 256 256 797 256 256 798 258 258 799 257 257 800 259 259 801 257 257 802 258 258 803 258 258 804 260 260 805 259 259 806 252 252 807 255 255 808 261 261 809 261 261 810 250 250 811 252 252 812 262 262 813 246 246 814 250 250 815 250 250 816 261 261 817 262 262 818 263 263 819 261 261 820 255 255 821 255 255 822 257 257 823 263 263 824 264 264 825 262 262 826 261 261 827 261 261 828 263 263 829 264 264 830 257 257 831 259 259 832 265 265 833 265 265 834 263 263 835 257 257 836 266 266 837 247 247 838 246 246 839 246 246 840 262 262 841 266 266 842 267 267 843 266 266 844 262 262 845 262 262 846 264 264 847 267 267 848 268 268 849 264 264 850 265 265 851 269 269 852 266 266 853 267 267 854 267 267 855 270 270 856 269 269 857 269 269 858 248 248 859 247 247 860 247 247 861 266 266 862 269 269 863 269 269 864 271 271 865 272 272 866 272 272 867 248 248 868 269 269 869 273 273 870 271 271 871 269 269 872 269 269 873 270 270 874 273 273 875 183 183 876 274 274 877 275 275 878 275 275 879 7 7 880 183 183 881 184 184 882 276 276 883 274 274 884 274 274 885 183 183 886 184 184 887 274 274 888 277 277 889 275 275 890 278 278 891 271 271 892 273 273 893 273 273 894 279 279 895 278 278 896 280 280 897 272 272 898 271 271 899 271 271 900 278 278 901 280 280 902 281 281 903 278 278 904 279 279 905 279 279 906 282 282 907 281 281 908 278 278 909 281 281 910 283 283 911 283 283 912 280 280 913 278 278 914 260 260 915 284 284 916 285 285 917 285 285 918 259 259 919 260 260 920 286 286 921 265 265 922 259 259 923 259 259 924 285 285 925 286 286 926 287 287 927 288 288 928 54 54 929 54 54 930 53 53 931 287 287 932 287 287 933 289 289 934 290 290 935 290 290 936 288 288 937 287 287 938 285 285 939 284 284 940 291 291 941 291 291 942 292 292 943 285 285 944 286 286 945 285 285 946 292 292 947 292 292 948 293 293 949 286 286 950 294 294 951 268 268 952 265 265 953 265 265 954 286 286 955 294 294 956 295 295 957 294 294 958 293 293 959 293 293 960 292 292 961 296 296 962 296 296 963 48 48 964 293 293 965 297 297 966 296 296 967 292 292 968 292 292 969 291 291 970 297 297 971 296 296 972 297 297 973 298 298 974 298 298 975 299 299 976 296 296 977 299 299 978 300 300 979 48 48 980 48 48 981 296 296 982 299 299 983 47 47 984 295 295 985 48 48 986 300 300 987 301 301 988 49 49 989 49 49 990 48 48 991 300 300 992 56 56 993 302 302 994 303 303 995 302 302 996 58 58 997 304 304 998 304 304 999 55 55 1000 302 302 1001 59 59 1002 56 56 1003 50 50 1004 52 52 1005 59 59 1006 50 50 1007 305 305 1008 306 306 1009 307 307 1010 307 307 1011 52 52 1012 305 305 1013 304 304 1014 308 308 1015 53 53 1016 53 53 1017 55 55 1018 304 304 1019 287 287 1020 53 53 1021 308 308 1022 308 308 1023 309 309 1024 287 287 1025 309 309 1026 310 310 1027 289 289 1028 289 289 1029 287 287 1030 309 309 1031 289 289 1032 311 311 1033 312 312 1034 312 312 1035 290 290 1036 289 289 1037 310 310 1038 313 313 1039 311 311 1040 311 311 1041 289 289 1042 310 310 1043 312 312 1044 314 314 1045 315 315 1046 313 313 1047 316 316 1048 314 314 1049 314 314 1050 311 311 1051 313 313 1052 315 315 1053 317 317 1054 318 318 1055 314 314 1056 316 316 1057 319 319 1058 319 319 1059 317 317 1060 314 314 1061 320 320 1062 321 321 1063 307 307 1064 307 307 1065 306 306 1066 320 320 1067 322 322 1068 323 323 1069 324 324 1070 324 324 1071 325 325 1072 322 322 1073 322 322 1074 326 326 1075 323 323 1076 327 327 1077 328 328 1078 323 323 1079 323 323 1080 326 326 1081 327 327 1082 329 329 1083 330 330 1084 328 328 1085 328 328 1086 327 327 1087 329 329 1088 331 331 1089 332 332 1090 299 299 1091 299 299 1092 298 298 1093 331 331 1094 333 333 1095 300 300 1096 299 299 1097 299 299 1098 332 332 1099 333 333 1100 334 334 1101 335 335 1102 336 336 1103 336 336 1104 337 337 1105 334 334 1106 338 338 1107 335 335 1108 334 334 1109 334 334 1110 339 339 1111 338 338 1112 300 300 1113 333 333 1114 301 301 1115 340 340 1116 338 338 1117 339 339 1118 339 339 1119 341 341 1120 340 340 1121 329 329 1122 301 301 1123 330 330 1124 342 342 1125 343 343 1126 309 309 1127 309 309 1128 308 308 1129 342 342 1130 343 343 1131 344 344 1132 310 310 1133 310 310 1134 309 309 1135 343 343 1136 304 304 1137 345 345 1138 342 342 1139 342 342 1140 308 308 1141 304 304 1142 58 58 1143 57 57 1144 345 345 1145 345 345 1146 304 304 1147 58 58 1148 59 59 1149 346 346 1150 63 63 1151 63 63 1152 60 60 1153 59 59 1154 347 347 1155 348 348 1156 319 319 1157 319 319 1158 316 316 1159 347 347 1160 349 349 1161 347 347 1162 316 316 1163 316 316 1164 313 313 1165 349 349 1166 344 344 1167 349 349 1168 313 313 1169 313 313 1170 310 310 1171 344 344 1172 345 345 1173 350 350 1174 342 342 1175 350 350 1176 351 351 1177 343 343 1178 343 343 1179 342 342 1180 350 350 1181 57 57 1182 352 352 1183 345 345 1184 60 60 1185 353 353 1186 352 352 1187 352 352 1188 57 57 1189 60 60 1190 63 63 1191 62 62 1192 353 353 1193 353 353 1194 60 60 1195 63 63 1196 354 354 1197 64 64 1198 61 61 1199 61 61 1200 355 355 1201 354 354 1202 348 348 1203 347 347 1204 356 356 1205 356 356 1206 357 357 1207 348 348 1208 351 351 1209 344 344 1210 343 343 1211 351 351 1212 358 358 1213 344 344 1214 358 358 1215 356 356 1216 347 347 1217 347 347 1218 349 349 1219 358 358 1220 359 359 1221 352 352 1222 353 353 1223 353 353 1224 360 360 1225 359 359 1226 352 352 1227 359 359 1228 72 72 1229 72 72 1230 350 350 1231 352 352 1232 62 62 1233 361 361 1234 360 360 1235 360 360 1236 353 353 1237 62 62 1238 359 359 1239 360 360 1240 362 362 1241 362 362 1242 363 363 1243 359 359 1244 360 360 1245 361 361 1246 364 364 1247 364 364 1248 362 362 1249 360 360 1250 72 72 1251 359 359 1252 363 363 1253 363 363 1254 73 73 1255 72 72 1256 62 62 1257 64 64 1258 67 67 1259 67 67 1260 361 361 1261 62 62 1262 364 364 1263 361 361 1264 67 67 1265 67 67 1266 68 68 1267 364 364 1268 365 365 1269 366 366 1270 357 357 1271 357 357 1272 356 356 1273 365 365 1274 71 71 1275 365 365 1276 356 356 1277 356 356 1278 358 358 1279 71 71 1280 365 365 1281 367 367 1282 368 368 1283 368 368 1284 366 366 1285 365 365 1286 70 70 1287 367 367 1288 365 365 1289 365 365 1290 71 71 1291 70 70 1292 358 358 1293 351 351 1294 69 69 1295 69 69 1296 71 71 1297 358 358 1298 73 73 1299 369 369 1300 370 370 1301 370 370 1302 70 70 1303 73 73 1304 367 367 1305 70 70 1306 370 370 1307 370 370 1308 371 371 1309 367 367 1310 370 370 1311 372 372 1312 373 373 1313 373 373 1314 371 371 1315 370 370 1316 372 372 1317 370 370 1318 369 369 1319 369 369 1320 374 374 1321 372 372 1322 371 371 1323 375 375 1324 368 368 1325 368 368 1326 367 367 1327 371 371 1328 375 375 1329 371 371 1330 373 373 1331 373 373 1332 376 376 1333 375 375 1334 377 377 1335 378 378 1336 68 68 1337 68 68 1338 66 66 1339 377 377 1340 379 379 1341 378 378 1342 377 377 1343 377 377 1344 380 380 1345 379 379 1346 363 363 1347 381 381 1348 369 369 1349 369 369 1350 73 73 1351 363 363 1352 381 381 1353 363 363 1354 362 362 1355 362 362 1356 382 382 1357 381 381 1358 383 383 1359 382 382 1360 362 362 1361 362 362 1362 364 364 1363 383 383 1364 378 378 1365 383 383 1366 364 364 1367 364 364 1368 68 68 1369 378 378 1370 384 384 1371 383 383 1372 378 378 1373 378 378 1374 379 379 1375 384 384 1376 382 382 1377 383 383 1378 384 384 1379 384 384 1380 385 385 1381 382 382 1382 385 385 1383 386 386 1384 381 381 1385 381 381 1386 382 382 1387 385 385 1388 386 386 1389 374 374 1390 369 369 1391 369 369 1392 381 381 1393 386 386 1394 94 94 1395 387 387 1396 76 76 1397 76 76 1398 77 77 1399 94 94 1400 90 90 1401 388 388 1402 389 389 1403 389 389 1404 88 88 1405 90 90 1406 79 79 1407 95 95 1408 93 93 1409 93 93 1410 81 81 1411 79 79 1412 96 96 1413 94 94 1414 77 77 1415 77 77 1416 97 97 1417 96 96 1418 390 390 1419 391 391 1420 75 75 1421 75 75 1422 85 85 1423 390 390 1424 391 391 1425 392 392 1426 98 98 1427 98 98 1428 75 75 1429 391 391 1430 103 103 1431 137 137 1432 96 96 1433 96 96 1434 97 97 1435 103 103 1436 393 393 1437 394 394 1438 395 395 1439 395 395 1440 396 396 1441 393 393 1442 107 107 1443 106 106 1444 393 393 1445 393 393 1446 396 396 1447 107 107 1448 110 110 1449 397 397 1450 104 104 1451 104 104 1452 99 99 1453 110 110 1454 112 112 1455 398 398 1456 397 397 1457 397 397 1458 110 110 1459 112 112 1460 399 399 1461 400 400 1462 109 109 1463 109 109 1464 108 108 1465 399 399 1466 114 114 1467 401 401 1468 398 398 1469 398 398 1470 112 112 1471 114 114 1472 122 122 1473 402 402 1474 403 403 1475 403 403 1476 123 123 1477 122 122 1478 392 392 1479 404 404 1480 115 115 1481 115 115 1482 98 98 1483 392 392 1484 394 394 1485 122 122 1486 121 121 1487 121 121 1488 395 395 1489 394 394 1490 404 404 1491 405 405 1492 406 406 1493 406 406 1494 115 115 1495 404 404 1496 406 406 1497 407 407 1498 116 116 1499 116 116 1500 115 115 1501 406 406 1502 113 113 1503 130 130 1504 408 408 1505 408 408 1506 114 114 1507 113 113 1508 118 118 1509 117 117 1510 394 394 1511 394 394 1512 393 393 1513 118 118 1514 122 122 1515 394 394 1516 117 117 1517 117 117 1518 120 120 1519 122 122 1520 127 127 1521 118 118 1522 393 393 1523 393 393 1524 106 106 1525 127 127 1526 120 120 1527 409 409 1528 402 402 1529 402 402 1530 122 122 1531 120 120 1532 400 400 1533 124 124 1534 126 126 1535 126 126 1536 109 109 1537 400 400 1538 410 410 1539 411 411 1540 412 412 1541 412 412 1542 413 413 1543 410 410 1544 411 411 1545 414 414 1546 415 415 1547 415 415 1548 412 412 1549 411 411 1550 416 416 1551 417 417 1552 410 410 1553 410 410 1554 413 413 1555 416 416 1556 418 418 1557 419 419 1558 417 417 1559 417 417 1560 416 416 1561 418 418 1562 420 420 1563 421 421 1564 422 422 1565 422 422 1566 423 423 1567 420 420 1568 424 424 1569 131 131 1570 113 113 1571 113 113 1572 133 133 1573 424 424 1574 425 425 1575 426 426 1576 132 132 1577 132 132 1578 131 131 1579 425 425 1580 131 131 1581 424 424 1582 427 427 1583 427 427 1584 425 425 1585 131 131 1586 414 414 1587 421 421 1588 420 420 1589 420 420 1590 415 415 1591 414 414 1592 428 428 1593 145 145 1594 414 414 1595 414 414 1596 411 411 1597 428 428 1598 411 411 1599 410 410 1600 429 429 1601 429 429 1602 428 428 1603 411 411 1604 139 139 1605 145 145 1606 428 428 1607 428 428 1608 140 140 1609 139 139 1610 143 143 1611 140 140 1612 428 428 1613 428 428 1614 429 429 1615 143 143 1616 141 141 1617 430 430 1618 146 146 1619 146 146 1620 139 139 1621 141 141 1622 146 146 1623 421 421 1624 414 414 1625 414 414 1626 145 145 1627 146 146 1628 430 430 1629 422 422 1630 421 421 1631 421 421 1632 146 146 1633 430 430 1634 431 431 1635 417 417 1636 419 419 1637 419 419 1638 432 432 1639 431 431 1640 417 417 1641 431 431 1642 429 429 1643 429 429 1644 410 410 1645 417 417 1646 431 431 1647 142 142 1648 143 143 1649 143 143 1650 429 429 1651 431 431 1652 424 424 1653 433 433 1654 434 434 1655 434 434 1656 427 427 1657 424 424 1658 133 133 1659 435 435 1660 433 433 1661 433 433 1662 424 424 1663 133 133 1664 436 436 1665 437 437 1666 438 438 1667 438 438 1668 439 439 1669 436 436 1670 440 440 1671 437 437 1672 436 436 1673 436 436 1674 441 441 1675 440 440 1676 439 439 1677 438 438 1678 153 153 1679 442 442 1680 443 443 1681 425 425 1682 425 425 1683 427 427 1684 442 442 1685 425 425 1686 443 443 1687 444 444 1688 444 444 1689 426 426 1690 425 425 1691 427 427 1692 434 434 1693 445 445 1694 445 445 1695 442 442 1696 427 427 1697 446 446 1698 153 153 1699 152 152 1700 152 152 1701 447 447 1702 448 448 1703 448 448 1704 446 446 1705 152 152 1706 148 148 1707 448 448 1708 447 447 1709 447 447 1710 149 149 1711 148 148 1712 147 147 1713 136 136 1714 150 150 1715 150 150 1716 151 151 1717 147 147 1718 449 449 1719 450 450 1720 147 147 1721 147 147 1722 151 151 1723 449 449 1724 151 151 1725 149 149 1726 447 447 1727 447 447 1728 449 449 1729 151 151 1730 152 152 1731 154 154 1732 449 449 1733 449 449 1734 447 447 1735 152 152 1736 153 153 1737 438 438 1738 451 451 1739 451 451 1740 154 154 1741 153 153 1742 452 452 1743 451 451 1744 438 438 1745 438 438 1746 437 437 1747 452 452 1748 452 452 1749 437 437 1750 440 440 1751 440 440 1752 138 138 1753 452 452 1754 138 138 1755 440 440 1756 93 93 1757 93 93 1758 95 95 1759 138 138 1760 93 93 1761 440 440 1762 441 441 1763 441 441 1764 92 92 1765 93 93 1766 453 453 1767 454 454 1768 334 334 1769 334 334 1770 337 337 1771 453 453 1772 334 334 1773 454 454 1774 455 455 1775 455 455 1776 339 339 1777 334 334 1778 456 456 1779 341 341 1780 339 339 1781 339 339 1782 455 455 1783 456 456 1784 457 457 1785 458 458 1786 459 459 1787 459 459 1788 460 460 1789 457 457 1790 458 458 1791 461 461 1792 462 462 1793 462 462 1794 459 459 1795 458 458 1796 463 463 1797 454 454 1798 453 453 1799 453 453 1800 464 464 1801 463 463 1802 465 465 1803 455 455 1804 454 454 1805 454 454 1806 463 463 1807 465 465 1808 466 466 1809 463 463 1810 464 464 1811 464 464 1812 467 467 1813 466 466 1814 463 463 1815 466 466 1816 468 468 1817 468 468 1818 465 465 1819 463 463 1820 469 469 1821 456 456 1822 455 455 1823 455 455 1824 465 465 1825 469 469 1826 461 461 1827 456 456 1828 469 469 1829 469 469 1830 462 462 1831 461 461 1832 470 470 1833 462 462 1834 469 469 1835 469 469 1836 471 471 1837 470 470 1838 465 465 1839 468 468 1840 471 471 1841 471 471 1842 469 469 1843 465 465 1844 462 462 1845 470 470 1846 472 472 1847 472 472 1848 459 459 1849 462 462 1850 473 473 1851 460 460 1852 459 459 1853 459 459 1854 472 472 1855 473 473 1856 346 346 1857 52 52 1858 307 307 1859 307 307 1860 474 474 1861 346 346 1862 474 474 1863 307 307 1864 321 321 1865 321 321 1866 475 475 1867 474 474 1868 341 341 1869 476 476 1870 477 477 1871 477 477 1872 340 340 1873 341 341 1874 478 478 1875 477 477 1876 476 476 1877 476 476 1878 479 479 1879 478 478 1880 479 479 1881 480 480 1882 481 481 1883 481 481 1884 478 478 1885 479 479 1886 154 154 1887 451 451 1888 450 450 1889 450 450 1890 449 449 1891 154 154 1892 2 2 1893 158 158 1894 482 482 1895 2 2 1896 482 482 1897 162 162 1898 162 162 1899 0 0 1900 2 2 1901 157 157 1902 483 483 1903 482 482 1904 482 482 1905 158 158 1906 157 157 1907 483 483 1908 160 160 1909 162 162 1910 162 162 1911 482 482 1912 483 483 1913 22 22 1914 15 15 1915 21 21 1916 193 193 1917 195 195 1918 25 25 1919 189 189 1920 17 17 1921 178 178 1922 178 178 1923 201 201 1924 189 189 1925 38 38 1926 211 211 1927 220 220 1928 220 220 1929 36 36 1930 38 38 1931 65 65 1932 67 67 1933 64 64 1934 64 64 1935 354 354 1936 65 65 1937 350 350 1938 72 72 1939 69 69 1940 69 69 1941 351 351 1942 350 350 1943 78 78 1944 387 387 1945 94 94 1946 94 94 1947 79 79 1948 78 78 1949 86 86 1950 388 388 1951 90 90 1952 90 90 1953 87 87 1954 86 86 1955 99 99 1956 101 101 1957 111 111 1958 111 111 1959 110 110 1960 99 99 1961 119 119 1962 125 125 1963 409 409 1964 409 409 1965 120 120 1966 119 119 1967 126 126 1968 127 127 1969 106 106 1970 106 106 1971 109 109 1972 126 126 1973 432 432 1974 144 144 1975 142 142 1976 142 142 1977 431 431 1978 432 432 1979 89 89 1980 435 435 1981 133 133 1982 133 133 1983 91 91 1984 89 89 1985 61 61 1986 474 474 1987 475 475 1988 475 475 1989 355 355 1990 61 61 1991 63 63 1992 346 346 1993 474 474 1994 474 474 1995 61 61 1996 63 63 1997 476 476 1998 341 341 1999 456 456 2000 456 456 2001 461 461 2002 476 476 2003 461 461 2004 458 458 2005 479 479 2006 479 479 2007 476 476 2008 461 461 2009 480 480 2010 479 479 2011 458 458 2012 458 458 2013 457 457 2014 480 480 2015 137 137 2016 484 484 2017 452 452 2018 452 452 2019 138 138 2020 137 137 2021 103 103 2022 135 135 2023 484 484 2024 484 484 2025 137 137 2026 103 103 2027 484 484 2028 450 450 2029 451 451 2030 451 451 2031 452 452 2032 484 484 2033 135 135 2034 147 147 2035 450 450 2036 450 450 2037 484 484 2038 135 135 2039 485 485 2040 486 486 2041 487 487 2042 488 488 2043 489 489 2044 487 487 2045 489 489 2046 490 490 2047 487 487 2048 490 490 2049 491 491 2050 487 487 2051 491 491 2052 492 492 2053 487 487 2054 492 492 2055 493 493 2056 487 487 2057 493 493 2058 485 485 2059 487 487 2060 494 494 2061 488 488 2062 487 487 2063 495 495 2064 494 494 2065 487 487 2066 496 496 2067 495 495 2068 487 487 2069 497 497 2070 496 496 2071 487 487 2072 486 486 2073 497 497 2074 487 487 2075 498 498 2076 45 45 2077 42 42 2078 42 42 2079 499 499 2080 498 498 2081 46 46 2082 45 45 2083 498 498 2084 499 499 2085 42 42 2086 44 44 2087 270 270 2088 267 267 2089 500 500 2090 500 500 2091 267 267 2092 264 264 2093 500 500 2094 264 264 2095 268 268 2096 295 295 2097 293 293 2098 48 48 2099 315 315 2100 314 314 2101 317 317 2102 312 312 2103 311 311 2104 314 314 2105 51 51 2106 305 305 2107 52 52 2108 56 56 2109 58 58 2110 302 302 2111 56 56 2112 303 303 2113 50 50 2114 52 52 2115 346 346 2116 59 59 2117 501 501 2118 502 502 2119 503 503 2120 501 501 2121 504 504 2122 505 505 2123 506 506 2124 507 507 2125 508 508 2126 508 508 2127 507 507 2128 509 509 2129 510 510 2130 511 511 2131 512 512 2132 513 513 2133 514 514 2134 515 515 2135 516 516 2136 515 515 2137 514 514 2138 515 515 2139 516 516 2140 517 517 2141 518 518 2142 514 514 2143 513 513 2144 518 518 2145 519 519 2146 514 514 2147 520 520 2148 521 521 2149 522 522 2150 523 523 2151 522 522 2152 521 521 2153 524 524 2154 522 522 2155 523 523 2156 525 525 2157 526 526 2158 502 502 2159 502 502 2160 501 501 2161 525 525 2162 504 504 2163 503 503 2164 527 527 2165 528 528 2166 529 529 2167 504 504 2168 504 504 2169 527 527 2170 528 528 2171 505 505 2172 504 504 2173 530 530 2174 530 530 2175 531 531 2176 505 505 2177 530 530 2178 504 504 2179 529 529 2180 529 529 2181 532 532 2182 530 530 2183 533 533 2184 534 534 2185 501 501 2186 501 501 2187 505 505 2188 533 533 2189 533 533 2190 505 505 2191 531 531 2192 531 531 2193 535 535 2194 533 533 2195 534 534 2196 536 536 2197 525 525 2198 525 525 2199 501 501 2200 534 534 2201 532 532 2202 529 529 2203 537 537 2204 537 537 2205 538 538 2206 532 532 2207 539 539 2208 537 537 2209 529 529 2210 529 529 2211 528 528 2212 539 539 2213 539 539 2214 540 540 2215 541 541 2216 541 541 2217 537 537 2218 539 539 2219 542 542 2220 538 538 2221 537 537 2222 537 537 2223 541 541 2224 542 542 2225 540 540 2226 543 543 2227 506 506 2228 506 506 2229 541 541 2230 540 540 2231 541 541 2232 506 506 2233 508 508 2234 508 508 2235 542 542 2236 541 541 2237 507 507 2238 506 506 2239 543 543 2240 543 543 2241 544 544 2242 507 507 2243 507 507 2244 511 511 2245 545 545 2246 545 545 2247 509 509 2248 507 507 2249 511 511 2250 510 510 2251 545 545 2252 546 546 2253 510 510 2254 547 547 2255 547 547 2256 548 548 2257 546 546 2258 548 548 2259 547 547 2260 519 519 2261 519 519 2262 518 518 2263 548 548 2264 547 547 2265 510 510 2266 549 549 2267 549 549 2268 550 550 2269 547 547 2270 551 551 2271 519 519 2272 547 547 2273 547 547 2274 550 550 2275 551 551 2276 513 513 2277 515 515 2278 533 533 2279 533 533 2280 535 535 2281 513 513 2282 533 533 2283 515 515 2284 517 517 2285 517 517 2286 534 534 2287 533 533 2288 552 552 2289 514 514 2290 519 519 2291 519 519 2292 551 551 2293 552 552 2294 516 516 2295 514 514 2296 552 552 2297 552 552 2298 553 553 2299 516 516 2300 544 544 2301 554 554 2302 511 511 2303 511 511 2304 507 507 2305 544 544 2306 554 554 2307 555 555 2308 512 512 2309 512 512 2310 511 511 2311 554 554 2312 522 522 2313 512 512 2314 555 555 2315 555 555 2316 520 520 2317 522 522 2318 512 512 2319 522 522 2320 549 549 2321 549 549 2322 510 510 2323 512 512 2324 536 536 2325 534 534 2326 517 517 2327 517 517 2328 556 556 2329 536 536 2330 517 517 2331 516 516 2332 557 557 2333 557 557 2334 556 556 2335 517 517 2336 557 557 2337 516 516 2338 553 553 2339 553 553 2340 558 558 2341 557 557 2342 553 553 2343 559 559 2344 560 560 2345 560 560 2346 558 558 2347 553 553 2348 522 522 2349 524 524 2350 561 561 2351 561 561 2352 549 549 2353 522 522 2354 550 550 2355 549 549 2356 561 561 2357 561 561 2358 562 562 2359 550 550 2360 562 562 2361 563 563 2362 551 551 2363 551 551 2364 550 550 2365 562 562 2366 563 563 2367 564 564 2368 552 552 2369 552 552 2370 551 551 2371 563 563 2372 553 553 2373 552 552 2374 564 564 2375 564 564 2376 559 559 2377 553 553 2378 565 565 2379 566 566 2380 567 567 2381 568 568 2382 567 567 2383 569 569 2384 567 567 2385 568 568 2386 565 565 2387 570 570 2388 571 571 2389 572 572 2390 571 571 2391 570 570 2392 573 573 2393 573 573 2394 570 570 2395 574 574 2396 575 575 2397 566 566 2398 576 576 2399 577 577 2400 569 569 2401 578 578 2402 578 578 2403 579 579 2404 577 577 2405 578 578 2406 580 580 2407 581 581 2408 581 581 2409 579 579 2410 578 578 2411 580 580 2412 582 582 2413 583 583 2414 583 583 2415 581 581 2416 580 580 2417 582 582 2418 584 584 2419 585 585 2420 585 585 2421 583 583 2422 582 582 2423 565 565 2424 586 586 2425 576 576 2426 576 576 2427 566 566 2428 565 565 2429 568 568 2430 587 587 2431 565 565 2432 587 587 2433 568 568 2434 570 570 2435 570 570 2436 572 572 2437 587 587 2438 577 577 2439 570 570 2440 568 568 2441 568 568 2442 569 569 2443 577 577 2444 588 588 2445 585 585 2446 584 584 2447 584 584 2448 589 589 2449 588 588 2450 588 588 2451 590 590 2452 591 591 2453 591 591 2454 585 585 2455 588 588 2456 592 592 2457 574 574 2458 570 570 2459 570 570 2460 577 577 2461 592 592 2462 593 593 2463 592 592 2464 577 577 2465 577 577 2466 579 579 2467 593 593 2468 581 581 2469 594 594 2470 593 593 2471 593 593 2472 579 579 2473 581 581 2474 583 583 2475 595 595 2476 594 594 2477 594 594 2478 581 581 2479 583 583 2480 595 595 2481 583 583 2482 585 585 2483 585 585 2484 591 591 2485 595 595 2486 503 503 2487 502 502 2488 596 596 2489 596 596 2490 597 597 2491 503 503 2492 508 508 2493 509 509 2494 598 598 2495 598 598 2496 599 599 2497 508 508 2498 518 518 2499 513 513 2500 600 600 2501 600 600 2502 601 601 2503 518 518 2504 602 602 2505 521 521 2506 520 520 2507 520 520 2508 603 603 2509 602 602 2510 521 521 2511 602 602 2512 604 604 2513 604 604 2514 523 523 2515 521 521 2516 605 605 2517 524 524 2518 523 523 2519 523 523 2520 604 604 2521 605 605 2522 526 526 2523 606 606 2524 596 596 2525 596 596 2526 502 502 2527 526 526 2528 527 527 2529 503 503 2530 597 597 2531 597 597 2532 607 607 2533 527 527 2534 528 528 2535 527 527 2536 607 607 2537 607 607 2538 608 608 2539 528 528 2540 531 531 2541 530 530 2542 609 609 2543 609 609 2544 610 610 2545 531 531 2546 532 532 2547 611 611 2548 609 609 2549 609 609 2550 530 530 2551 532 532 2552 531 531 2553 610 610 2554 612 612 2555 612 612 2556 535 535 2557 531 531 2558 538 538 2559 613 613 2560 611 611 2561 611 611 2562 532 532 2563 538 538 2564 539 539 2565 528 528 2566 608 608 2567 608 608 2568 614 614 2569 539 539 2570 540 540 2571 539 539 2572 614 614 2573 614 614 2574 615 615 2575 540 540 2576 538 538 2577 542 542 2578 616 616 2579 616 616 2580 613 613 2581 538 538 2582 540 540 2583 615 615 2584 617 617 2585 617 617 2586 543 543 2587 540 540 2588 542 542 2589 508 508 2590 599 599 2591 599 599 2592 616 616 2593 542 542 2594 544 544 2595 543 543 2596 617 617 2597 617 617 2598 618 618 2599 544 544 2600 509 509 2601 545 545 2602 619 619 2603 619 619 2604 598 598 2605 509 509 2606 546 546 2607 620 620 2608 619 619 2609 619 619 2610 545 545 2611 546 546 2612 546 546 2613 548 548 2614 621 621 2615 621 621 2616 620 620 2617 546 546 2618 548 548 2619 518 518 2620 601 601 2621 601 601 2622 621 621 2623 548 548 2624 535 535 2625 612 612 2626 600 600 2627 600 600 2628 513 513 2629 535 535 2630 622 622 2631 554 554 2632 544 544 2633 544 544 2634 618 618 2635 622 622 2636 554 554 2637 622 622 2638 623 623 2639 623 623 2640 555 555 2641 554 554 2642 603 603 2643 520 520 2644 555 555 2645 555 555 2646 623 623 2647 603 603 2648 559 559 2649 624 624 2650 625 625 2651 625 625 2652 560 560 2653 559 559 2654 626 626 2655 561 561 2656 524 524 2657 524 524 2658 605 605 2659 626 626 2660 561 561 2661 626 626 2662 627 627 2663 627 627 2664 562 562 2665 561 561 2666 628 628 2667 563 563 2668 562 562 2669 562 562 2670 627 627 2671 628 628 2672 563 563 2673 628 628 2674 629 629 2675 629 629 2676 564 564 2677 563 563 2678 559 559 2679 564 564 2680 629 629 2681 629 629 2682 624 624 2683 559 559 2684 510 510 2685 546 546 2686 545 545 2687 501 501 2688 503 503 2689 504 504 2690 264 264 2691 263 263 2692 265 265 2693 352 352 2694 350 350 2695 345 345 2696 358 358 2697 349 349 2698 344 344 2699 294 294 2700 286 286 2701 293 293 2702 630 630 2703 631 631 2704 632 632 2705 632 632 2706 633 633 2707 630 630 2708 630 630 2709 634 634 2710 635 635 2711 635 635 2712 631 631 2713 630 630 2714 634 634 2715 636 636 2716 637 637 2717 637 637 2718 635 635 2719 634 634 2720 638 638 2721 639 639 2722 640 640 2723 640 640 2724 641 641 2725 638 638 2726 640 640 2727 639 639 2728 642 642 2729 642 642 2730 643 643 2731 640 640 2732 643 643 2733 642 642 2734 637 637 2735 637 637 2736 636 636 2737 643 643 2738 644 644 2739 630 630 2740 633 633 2741 633 633 2742 645 645 2743 644 644 2744 646 646 2745 634 634 2746 630 630 2747 630 630 2748 644 644 2749 646 646 2750 647 647 2751 636 636 2752 634 634 2753 634 634 2754 646 646 2755 647 647 2756 648 648 2757 649 649 2758 641 641 2759 641 641 2760 640 640 2761 648 648 2762 650 650 2763 648 648 2764 640 640 2765 640 640 2766 643 643 2767 650 650 2768 647 647 2769 650 650 2770 643 643 2771 643 643 2772 636 636 2773 647 647 2774 645 645 2775 649 649 2776 648 648 2777 648 648 2778 644 644 2779 645 645 2780 646 646 2781 644 644 2782 648 648 2783 648 648 2784 650 650 2785 646 646 2786 646 646 2787 650 650 2788 647 647 2789 651 651 2790 652 652 2791 653 653 2792 654 654 2793 655 655 2794 651 651 2795 653 653 2796 656 656 2797 651 651 2798 657 657 2799 8 8 2800 7 7 2801 658 658 2802 659 659 2803 660 660 2804 655 655 2805 660 660 2806 659 659 2807 660 660 2808 655 655 2809 661 661 2810 660 660 2811 662 662 2812 658 658 2813 662 662 2814 660 660 2815 661 661 2816 661 661 2817 663 663 2818 662 662 2819 663 663 2820 664 664 2821 662 662 2822 665 665 2823 661 661 2824 655 655 2825 661 661 2826 665 665 2827 666 666 2828 667 667 2829 668 668 2830 669 669 2831 670 670 2832 667 667 2833 669 669 2834 667 667 2835 670 670 2836 671 671 2837 671 671 2838 664 664 2839 672 672 2840 667 667 2841 671 671 2842 668 668 2843 673 673 2844 674 674 2845 675 675 2846 676 676 2847 675 675 2848 677 677 2849 678 678 2850 679 679 2851 680 680 2852 665 665 2853 655 655 2854 654 654 2855 681 681 2856 682 682 2857 683 683 2858 684 684 2859 681 681 2860 683 683 2861 653 653 2862 685 685 2863 656 656 2864 686 686 2865 687 687 2866 656 656 2867 680 680 2868 688 688 2869 678 678 2870 689 689 2871 690 690 2872 691 691 2873 692 692 2874 689 689 2875 693 693 2876 691 691 2877 693 693 2878 689 689 2879 694 694 2880 695 695 2881 696 696 2882 697 697 2883 698 698 2884 699 699 2885 700 700 2886 697 697 2887 701 701 2888 702 702 2889 697 697 2890 700 700 2891 701 701 2892 703 703 2893 704 704 2894 705 705 2895 706 706 2896 701 701 2897 701 701 2898 704 704 2899 705 705 2900 675 675 2901 674 674 2902 677 677 2903 700 700 2904 701 701 2905 707 707 2906 706 706 2907 708 708 2908 701 701 2909 708 708 2910 707 707 2911 701 701 2912 709 709 2913 710 710 2914 711 711 2915 712 712 2916 713 713 2917 714 714 2918 715 715 2919 716 716 2920 717 717 2921 718 718 2922 719 719 2923 720 720 2924 721 721 2925 718 718 2926 722 722 2927 720 720 2928 722 722 2929 718 718 2930 723 723 2931 724 724 2932 725 725 2933 725 725 2934 726 726 2935 723 723 2936 727 727 2937 728 728 2938 729 729 2939 730 730 2940 729 729 2941 728 728 2942 731 731 2943 732 732 2944 733 733 2945 734 734 2946 731 731 2947 735 735 2948 735 735 2949 731 731 2950 733 733 2951 736 736 2952 737 737 2953 738 738 2954 739 739 2955 738 738 2956 737 737 2957 740 740 2958 741 741 2959 742 742 2960 743 743 2961 742 742 2962 741 741 2963 744 744 2964 745 745 2965 746 746 2966 738 738 2967 747 747 2968 736 736 2969 748 748 2970 744 744 2971 749 749 2972 749 749 2973 744 744 2974 746 746 2975 750 750 2976 751 751 2977 752 752 2978 751 751 2979 749 749 2980 753 753 2981 751 751 2982 753 753 2983 752 752 2984 754 754 2985 755 755 2986 743 743 2987 742 742 2988 756 756 2989 757 757 2990 756 756 2991 758 758 2992 757 757 2993 738 738 2994 739 739 2995 759 759 2996 759 759 2997 760 760 2998 738 738 2999 746 746 3000 761 761 3001 749 749 3002 761 761 3003 746 746 3004 762 762 3005 761 761 3006 763 763 3007 749 749 3008 763 763 3009 753 753 3010 749 749 3011 764 764 3012 760 760 3013 759 759 3014 765 765 3015 764 764 3016 759 759 3017 762 762 3018 766 766 3019 761 761 3020 767 767 3021 768 768 3022 769 769 3023 770 770 3024 767 767 3025 771 771 3026 769 769 3027 771 771 3028 767 767 3029 772 772 3030 773 773 3031 774 774 3032 773 773 3033 775 775 3034 776 776 3035 773 773 3036 776 776 3037 774 774 3038 760 760 3039 764 764 3040 777 777 3041 777 777 3042 764 764 3043 778 778 3044 779 779 3045 780 780 3046 781 781 3047 780 780 3048 779 779 3049 782 782 3050 783 783 3051 784 784 3052 785 785 3053 786 786 3054 787 787 3055 788 788 3056 781 781 3057 788 788 3058 789 789 3059 787 787 3060 789 789 3061 788 788 3062 780 780 3063 788 788 3064 781 781 3065 790 790 3066 778 778 3067 764 764 3068 764 764 3069 765 765 3070 790 790 3071 791 791 3072 790 790 3073 765 765 3074 792 792 3075 793 793 3076 776 776 3077 794 794 3078 793 793 3079 792 792 3080 795 795 3081 774 774 3082 776 776 3083 791 791 3084 796 796 3085 797 797 3086 797 797 3087 796 796 3088 798 798 3089 799 799 3090 758 758 3091 800 800 3092 796 796 3093 791 791 3094 765 765 3095 801 801 3096 802 802 3097 803 803 3098 804 804 3099 805 805 3100 803 803 3101 806 806 3102 804 804 3103 803 803 3104 807 807 3105 808 808 3106 801 801 3107 809 809 3108 798 798 3109 796 796 3110 810 810 3111 811 811 3112 812 812 3113 811 811 3114 813 813 3115 812 812 3116 814 814 3117 815 815 3118 816 816 3119 756 756 3120 800 800 3121 758 758 3122 763 763 3123 774 774 3124 753 753 3125 753 753 3126 774 774 3127 795 795 3128 652 652 3129 817 817 3130 653 653 3131 657 657 3132 818 818 3133 157 157 3134 157 157 3135 8 8 3136 657 657 3137 818 818 3138 657 657 3139 819 819 3140 819 819 3141 820 820 3142 818 818 3143 160 160 3144 821 821 3145 659 659 3146 659 659 3147 161 161 3148 160 160 3149 655 655 3150 659 659 3151 821 821 3152 821 821 3153 651 651 3154 655 655 3155 654 654 3156 651 651 3157 656 656 3158 656 656 3159 822 822 3160 654 654 3161 823 823 3162 824 824 3163 817 817 3164 817 817 3165 820 820 3166 823 823 3167 819 819 3168 673 673 3169 823 823 3170 823 823 3171 820 820 3172 819 819 3173 825 825 3174 826 826 3175 827 827 3176 827 827 3177 828 828 3178 825 825 3179 685 685 3180 653 653 3181 817 817 3182 817 817 3183 828 828 3184 685 685 3185 824 824 3186 823 823 3187 829 829 3188 829 829 3189 830 830 3190 824 824 3191 826 826 3192 825 825 3193 831 831 3194 831 831 3195 832 832 3196 826 826 3197 673 673 3198 829 829 3199 823 823 3200 830 830 3201 829 829 3202 679 679 3203 679 679 3204 678 678 3205 830 830 3206 833 833 3207 679 679 3208 829 829 3209 829 829 3210 675 675 3211 833 833 3212 831 831 3213 834 834 3214 835 835 3215 835 835 3216 832 832 3217 831 831 3218 658 658 3219 176 176 3220 161 161 3221 161 161 3222 659 659 3223 658 658 3224 177 177 3225 176 176 3226 658 658 3227 658 658 3228 669 669 3229 177 177 3230 658 658 3231 662 662 3232 670 670 3233 670 670 3234 669 669 3235 658 658 3236 663 663 3237 661 661 3238 666 666 3239 666 666 3240 836 836 3241 663 663 3242 179 179 3243 177 177 3244 669 669 3245 669 669 3246 668 668 3247 179 179 3248 837 837 3249 180 180 3250 179 179 3251 179 179 3252 668 668 3253 837 837 3254 671 671 3255 672 672 3256 837 837 3257 837 837 3258 668 668 3259 671 671 3260 838 838 3261 664 664 3262 663 663 3263 663 663 3264 836 836 3265 838 838 3266 657 657 3267 7 7 3268 839 839 3269 839 839 3270 819 819 3271 657 657 3272 839 839 3273 674 674 3274 673 673 3275 673 673 3276 819 819 3277 839 839 3278 840 840 3279 680 680 3280 833 833 3281 840 840 3282 841 841 3283 842 842 3284 842 842 3285 680 680 3286 840 840 3287 843 843 3288 841 841 3289 840 840 3290 844 844 3291 654 654 3292 822 822 3293 822 822 3294 845 845 3295 844 844 3296 665 665 3297 654 654 3298 844 844 3299 844 844 3300 666 666 3301 665 665 3302 846 846 3303 844 844 3304 845 845 3305 845 845 3306 847 847 3307 846 846 3308 848 848 3309 666 666 3310 844 844 3311 844 844 3312 846 846 3313 848 848 3314 849 849 3315 850 850 3316 846 846 3317 846 846 3318 847 847 3319 849 849 3320 851 851 3321 848 848 3322 846 846 3323 846 846 3324 850 850 3325 851 851 3326 683 683 3327 842 842 3328 850 850 3329 850 850 3330 849 849 3331 683 683 3332 841 841 3333 851 851 3334 850 850 3335 850 850 3336 842 842 3337 841 841 3338 834 834 3339 682 682 3340 681 681 3341 681 681 3342 835 835 3343 834 834 3344 686 686 3345 827 827 3346 852 852 3347 852 852 3348 687 687 3349 686 686 3350 852 852 3351 827 827 3352 826 826 3353 826 826 3354 853 853 3355 852 852 3356 826 826 3357 832 832 3358 854 854 3359 854 854 3360 853 853 3361 826 826 3362 832 832 3363 835 835 3364 855 855 3365 855 855 3366 854 854 3367 832 832 3368 835 835 3369 681 681 3370 684 684 3371 684 684 3372 855 855 3373 835 835 3374 848 848 3375 851 851 3376 856 856 3377 856 856 3378 857 857 3379 848 848 3380 841 841 3381 858 858 3382 859 859 3383 859 859 3384 851 851 3385 841 841 3386 856 856 3387 851 851 3388 859 859 3389 859 859 3390 699 699 3391 856 856 3392 690 690 3393 860 860 3394 672 672 3395 672 672 3396 861 861 3397 690 690 3398 672 672 3399 664 664 3400 838 838 3401 838 838 3402 861 861 3403 672 672 3404 837 837 3405 672 672 3406 860 860 3407 860 860 3408 862 862 3409 837 837 3410 862 862 3411 207 207 3412 180 180 3413 180 180 3414 837 837 3415 862 862 3416 207 207 3417 862 862 3418 863 863 3419 863 863 3420 208 208 3421 207 207 3422 863 863 3423 862 862 3424 860 860 3425 860 860 3426 864 864 3427 863 863 3428 860 860 3429 690 690 3430 689 689 3431 689 689 3432 864 864 3433 860 860 3434 861 861 3435 865 865 3436 691 691 3437 691 691 3438 690 690 3439 861 861 3440 838 838 3441 695 695 3442 865 865 3443 865 865 3444 861 861 3445 838 838 3446 866 866 3447 867 867 3448 214 214 3449 214 214 3450 213 213 3451 866 866 3452 866 866 3453 868 868 3454 867 867 3455 868 868 3456 869 869 3457 867 867 3458 692 692 3459 870 870 3460 871 871 3461 871 871 3462 869 869 3463 692 692 3464 693 693 3465 872 872 3466 870 870 3467 870 870 3468 692 692 3469 693 693 3470 221 221 3471 214 214 3472 867 867 3473 867 867 3474 871 871 3475 221 221 3476 871 871 3477 873 873 3478 222 222 3479 222 222 3480 221 221 3481 871 871 3482 871 871 3483 870 870 3484 874 874 3485 874 874 3486 873 873 3487 871 871 3488 872 872 3489 694 694 3490 874 874 3491 874 874 3492 870 870 3493 872 872 3494 857 857 3495 695 695 3496 838 838 3497 838 838 3498 836 836 3499 857 857 3500 857 857 3501 856 856 3502 696 696 3503 696 696 3504 695 695 3505 857 857 3506 694 694 3507 875 875 3508 876 876 3509 876 876 3510 874 874 3511 694 694 3512 876 876 3513 877 877 3514 873 873 3515 873 873 3516 874 874 3517 876 876 3518 877 877 3519 228 228 3520 222 222 3521 222 222 3522 873 873 3523 877 877 3524 872 872 3525 693 693 3526 691 691 3527 691 691 3528 865 865 3529 872 872 3530 875 875 3531 694 694 3532 696 696 3533 696 696 3534 878 878 3535 875 875 3536 856 856 3537 699 699 3538 878 878 3539 878 878 3540 696 696 3541 856 856 3542 879 879 3543 859 859 3544 858 858 3545 878 878 3546 699 699 3547 698 698 3548 698 698 3549 880 880 3550 878 878 3551 232 232 3552 228 228 3553 877 877 3554 877 877 3555 881 881 3556 232 232 3557 876 876 3558 882 882 3559 881 881 3560 881 881 3561 877 877 3562 876 876 3563 875 875 3564 883 883 3565 882 882 3566 882 882 3567 876 876 3568 875 875 3569 878 878 3570 880 880 3571 883 883 3572 883 883 3573 875 875 3574 878 878 3575 884 884 3576 883 883 3577 880 880 3578 880 880 3579 885 885 3580 884 884 3581 885 885 3582 880 880 3583 698 698 3584 698 698 3585 886 886 3586 885 885 3587 887 887 3588 882 882 3589 883 883 3590 883 883 3591 884 884 3592 887 887 3593 702 702 3594 886 886 3595 698 698 3596 698 698 3597 697 697 3598 702 702 3599 882 882 3600 887 887 3601 881 881 3602 240 240 3603 232 232 3604 881 881 3605 881 881 3606 887 887 3607 240 240 3608 888 888 3609 889 889 3610 890 890 3611 891 891 3612 892 892 3613 893 893 3614 893 893 3615 894 894 3616 891 891 3617 892 892 3618 895 895 3619 896 896 3620 896 896 3621 893 893 3622 892 892 3623 894 894 3624 897 897 3625 898 898 3626 898 898 3627 891 891 3628 894 894 3629 899 899 3630 900 900 3631 898 898 3632 898 898 3633 897 897 3634 899 899 3635 253 253 3636 254 254 3637 900 900 3638 900 900 3639 899 899 3640 253 253 3641 901 901 3642 256 256 3643 253 253 3644 253 253 3645 899 899 3646 901 901 3647 902 902 3648 258 258 3649 256 256 3650 256 256 3651 901 901 3652 902 902 3653 903 903 3654 260 260 3655 258 258 3656 258 258 3657 902 902 3658 903 903 3659 899 899 3660 897 897 3661 904 904 3662 904 904 3663 901 901 3664 899 899 3665 905 905 3666 904 904 3667 897 897 3668 897 897 3669 894 894 3670 905 905 3671 906 906 3672 902 902 3673 901 901 3674 901 901 3675 904 904 3676 906 906 3677 907 907 3678 906 906 3679 904 904 3680 904 904 3681 905 905 3682 907 907 3683 902 902 3684 906 906 3685 908 908 3686 908 908 3687 903 903 3688 902 902 3689 909 909 3690 905 905 3691 894 894 3692 894 894 3693 893 893 3694 909 909 3695 910 910 3696 907 907 3697 905 905 3698 905 905 3699 909 909 3700 910 910 3701 911 911 3702 908 908 3703 907 907 3704 910 910 3705 909 909 3706 912 912 3707 912 912 3708 913 913 3709 910 910 3710 896 896 3711 912 912 3712 909 909 3713 909 909 3714 893 893 3715 896 896 3716 914 914 3717 915 915 3718 912 912 3719 912 912 3720 896 896 3721 914 914 3722 916 916 3723 913 913 3724 912 912 3725 912 912 3726 915 915 3727 916 916 3728 839 839 3729 7 7 3730 275 275 3731 275 275 3732 917 917 3733 839 839 3734 918 918 3735 919 919 3736 916 916 3737 916 916 3738 915 915 3739 918 918 3740 915 915 3741 914 914 3742 920 920 3743 920 920 3744 918 918 3745 915 915 3746 919 919 3747 918 918 3748 281 281 3749 281 281 3750 282 282 3751 919 919 3752 918 918 3753 920 920 3754 283 283 3755 283 283 3756 281 281 3757 918 918 3758 260 260 3759 903 903 3760 921 921 3761 921 921 3762 284 284 3763 260 260 3764 922 922 3765 921 921 3766 903 903 3767 903 903 3768 908 908 3769 922 922 3770 717 717 3771 923 923 3772 924 924 3773 924 924 3774 715 715 3775 717 717 3776 924 924 3777 923 923 3778 925 925 3779 925 925 3780 926 926 3781 924 924 3782 921 921 3783 927 927 3784 291 291 3785 291 291 3786 284 284 3787 921 921 3788 922 922 3789 928 928 3790 927 927 3791 927 927 3792 921 921 3793 922 922 3794 929 929 3795 922 922 3796 908 908 3797 908 908 3798 911 911 3799 929 929 3800 930 930 3801 928 928 3802 929 929 3803 928 928 3804 711 711 3805 931 931 3806 931 931 3807 927 927 3808 928 928 3809 297 297 3810 291 291 3811 927 927 3812 927 927 3813 931 931 3814 297 297 3815 931 931 3816 932 932 3817 298 298 3818 298 298 3819 297 297 3820 931 931 3821 932 932 3822 931 931 3823 711 711 3824 711 711 3825 933 933 3826 932 932 3827 709 709 3828 711 711 3829 930 930 3830 710 710 3831 934 934 3832 933 933 3833 933 933 3834 711 711 3835 710 710 3836 718 718 3837 935 935 3838 936 936 3839 936 936 3840 716 716 3841 937 937 3842 937 937 3843 719 719 3844 936 936 3845 721 721 3846 712 712 3847 718 718 3848 713 713 3849 712 712 3850 721 721 3851 938 938 3852 939 939 3853 940 940 3854 940 940 3855 713 713 3856 938 938 3857 937 937 3858 716 716 3859 715 715 3860 715 715 3861 941 941 3862 937 937 3863 924 924 3864 942 942 3865 941 941 3866 941 941 3867 715 715 3868 924 924 3869 942 942 3870 924 924 3871 926 926 3872 926 926 3873 943 943 3874 942 942 3875 926 926 3876 925 925 3877 944 944 3878 944 944 3879 945 945 3880 926 926 3881 943 943 3882 926 926 3883 945 945 3884 945 945 3885 946 946 3886 943 943 3887 944 944 3888 947 947 3889 948 948 3890 946 946 3891 945 945 3892 948 948 3893 948 948 3894 949 949 3895 946 946 3896 947 947 3897 950 950 3898 951 951 3899 948 948 3900 951 951 3901 952 952 3902 952 952 3903 949 949 3904 948 948 3905 953 953 3906 939 939 3907 938 938 3908 938 938 3909 954 954 3910 953 953 3911 324 324 3912 955 955 3913 956 956 3914 956 956 3915 325 325 3916 324 324 3917 956 956 3918 955 955 3919 957 957 3920 958 958 3921 957 957 3922 955 955 3923 955 955 3924 959 959 3925 958 958 3926 960 960 3927 958 958 3928 959 959 3929 959 959 3930 961 961 3931 960 960 3932 331 331 3933 298 298 3934 932 932 3935 932 932 3936 962 962 3937 331 331 3938 932 932 3939 933 933 3940 963 963 3941 963 963 3942 962 962 3943 932 932 3944 964 964 3945 337 337 3946 336 336 3947 336 336 3948 965 965 3949 964 964 3950 966 966 3951 967 967 3952 964 964 3953 964 964 3954 965 965 3955 966 966 3956 933 933 3957 934 934 3958 963 963 3959 968 968 3960 969 969 3961 967 967 3962 967 967 3963 966 966 3964 968 968 3965 961 961 3966 934 934 3967 960 960 3968 970 970 3969 941 941 3970 942 942 3971 942 942 3972 971 971 3973 970 970 3974 971 971 3975 942 942 3976 943 943 3977 943 943 3978 972 972 3979 971 971 3980 937 937 3981 941 941 3982 970 970 3983 970 970 3984 973 973 3985 937 937 3986 719 719 3987 937 937 3988 973 973 3989 973 973 3990 720 720 3991 719 719 3992 721 721 3993 722 722 3994 724 724 3995 724 724 3996 974 974 3997 721 721 3998 975 975 3999 949 949 4000 952 952 4001 952 952 4002 976 976 4003 975 975 4004 977 977 4005 946 946 4006 949 949 4007 949 949 4008 975 975 4009 977 977 4010 972 972 4011 943 943 4012 946 946 4013 946 946 4014 977 977 4015 972 972 4016 973 973 4017 970 970 4018 978 978 4019 978 978 4020 970 970 4021 971 971 4022 971 971 4023 979 979 4024 978 978 4025 720 720 4026 973 973 4027 980 980 4028 722 722 4029 720 720 4030 980 980 4031 980 980 4032 981 981 4033 722 722 4034 724 724 4035 722 722 4036 981 981 4037 981 981 4038 725 725 4039 724 724 4040 982 982 4041 983 983 4042 723 723 4043 723 723 4044 726 726 4045 982 982 4046 976 976 4047 984 984 4048 985 985 4049 985 985 4050 975 975 4051 976 976 4052 979 979 4053 971 971 4054 972 972 4055 979 979 4056 972 972 4057 986 986 4058 986 986 4059 977 977 4060 975 975 4061 975 975 4062 985 985 4063 986 986 4064 987 987 4065 988 988 4066 981 981 4067 981 981 4068 980 980 4069 987 987 4070 980 980 4071 978 978 4072 734 734 4073 734 734 4074 987 987 4075 980 980 4076 988 988 4077 989 989 4078 725 725 4079 725 725 4080 981 981 4081 988 988 4082 987 987 4083 990 990 4084 991 991 4085 991 991 4086 988 988 4087 987 987 4088 988 988 4089 991 991 4090 992 992 4091 992 992 4092 989 989 4093 988 988 4094 734 734 4095 735 735 4096 990 990 4097 990 990 4098 987 987 4099 734 734 4100 725 725 4101 989 989 4102 728 728 4103 728 728 4104 726 726 4105 725 725 4106 992 992 4107 730 730 4108 728 728 4109 728 728 4110 989 989 4111 992 992 4112 993 993 4113 985 985 4114 984 984 4115 984 984 4116 994 994 4117 993 993 4118 732 732 4119 986 986 4120 985 985 4121 985 985 4122 993 993 4123 732 732 4124 993 993 4125 994 994 4126 995 995 4127 995 995 4128 996 996 4129 993 993 4130 733 733 4131 732 732 4132 993 993 4133 993 993 4134 996 996 4135 733 733 4136 986 986 4137 732 732 4138 731 731 4139 731 731 4140 979 979 4141 986 986 4142 735 735 4143 733 733 4144 997 997 4145 997 997 4146 998 998 4147 735 735 4148 996 996 4149 999 999 4150 997 997 4151 997 997 4152 733 733 4153 996 996 4154 1000 1000 4155 1001 1001 4156 997 997 4157 997 997 4158 999 999 4159 1000 1000 4160 1001 1001 4161 1002 1002 4162 998 998 4163 998 998 4164 997 997 4165 1001 1001 4166 999 999 4167 996 996 4168 995 995 4169 995 995 4170 1003 1003 4171 999 999 4172 1000 1000 4173 999 999 4174 1003 1003 4175 1003 1003 4176 1004 1004 4177 1000 1000 4178 1005 1005 4179 729 729 4180 730 730 4181 730 730 4182 1006 1006 4183 1005 1005 4184 1007 1007 4185 1008 1008 4186 1005 1005 4187 1005 1005 4188 1006 1006 4189 1007 1007 4190 990 990 4191 735 735 4192 998 998 4193 998 998 4194 1009 1009 4195 990 990 4196 1009 1009 4197 1010 1010 4198 991 991 4199 991 991 4200 990 990 4201 1009 1009 4202 1011 1011 4203 992 992 4204 991 991 4205 991 991 4206 1010 1010 4207 1011 1011 4208 1006 1006 4209 730 730 4210 992 992 4211 992 992 4212 1011 1011 4213 1006 1006 4214 1012 1012 4215 1007 1007 4216 1006 1006 4217 1006 1006 4218 1011 1011 4219 1012 1012 4220 1010 1010 4221 1013 1013 4222 1012 1012 4223 1012 1012 4224 1011 1011 4225 1010 1010 4226 1013 1013 4227 1010 1010 4228 1009 1009 4229 1009 1009 4230 1014 1014 4231 1013 1013 4232 998 998 4233 1002 1002 4234 1014 1014 4235 1014 1014 4236 1009 1009 4237 998 998 4238 757 757 4239 739 739 4240 737 737 4241 737 737 4242 1015 1015 4243 757 757 4244 751 751 4245 750 750 4246 1016 1016 4247 1016 1016 4248 1017 1017 4249 751 751 4250 742 742 4251 743 743 4252 755 755 4253 755 755 4254 756 756 4255 742 742 4256 758 758 4257 759 759 4258 739 739 4259 739 739 4260 757 757 4261 758 758 4262 1018 1018 4263 747 747 4264 738 738 4265 738 738 4266 1019 1019 4267 1018 1018 4268 1019 1019 4269 738 738 4270 760 760 4271 760 760 4272 1020 1020 4273 1019 1019 4274 765 765 4275 759 759 4276 758 758 4277 758 758 4278 799 799 4279 765 765 4280 1021 1021 4281 1022 1022 4282 1023 1023 4283 1023 1023 4284 1024 1024 4285 1021 1021 4286 768 768 4287 1022 1022 4288 1021 1021 4289 1021 1021 4290 769 769 4291 768 768 4292 772 772 4293 761 761 4294 766 766 4295 766 766 4296 1025 1025 4297 772 772 4298 773 773 4299 772 772 4300 1025 1025 4301 1025 1025 4302 1026 1026 4303 773 773 4304 1027 1027 4305 770 770 4306 771 771 4307 771 771 4308 1028 1028 4309 1027 1027 4310 775 775 4311 773 773 4312 1026 1026 4313 1026 1026 4314 1029 1029 4315 775 775 4316 1030 1030 4317 1031 1031 4318 785 785 4319 785 785 4320 784 784 4321 1030 1030 4322 1020 1020 4323 760 760 4324 777 777 4325 777 777 4326 1032 1032 4327 1020 1020 4328 1024 1024 4329 1023 1023 4330 783 783 4331 783 783 4332 785 785 4333 1024 1024 4334 1032 1032 4335 777 777 4336 1033 1033 4337 1033 1033 4338 1034 1034 4339 1032 1032 4340 1033 1033 4341 777 777 4342 778 778 4343 778 778 4344 1035 1035 4345 1033 1033 4346 776 776 4347 775 775 4348 1036 1036 4349 1036 1036 4350 792 792 4351 776 776 4352 1024 1024 4353 779 779 4354 781 781 4355 781 781 4356 1021 1021 4357 1024 1024 4358 779 779 4359 1024 1024 4360 785 785 4361 785 785 4362 782 782 4363 779 779 4364 789 789 4365 769 769 4366 1021 1021 4367 1021 1021 4368 781 781 4369 789 789 4370 782 782 4371 785 785 4372 1031 1031 4373 1031 1031 4374 1037 1037 4375 782 782 4376 1028 1028 4377 771 771 4378 787 787 4379 787 787 4380 786 786 4381 1028 1028 4382 1038 1038 4383 1039 1039 4384 1040 1040 4385 1040 1040 4386 1041 1041 4387 1038 1038 4388 1041 1041 4389 1040 1040 4390 1042 1042 4391 1042 1042 4392 1043 1043 4393 1041 1041 4394 1044 1044 4395 1039 1039 4396 1038 1038 4397 1038 1038 4398 1045 1045 4399 1044 1044 4400 1046 1046 4401 1044 1044 4402 1045 1045 4403 1045 1045 4404 1047 1047 4405 1046 1046 4406 1048 1048 4407 1049 1049 4408 1050 1050 4409 1050 1050 4410 1051 1051 4411 1048 1048 4412 1052 1052 4413 795 795 4414 776 776 4415 776 776 4416 793 793 4417 1052 1052 4418 1053 1053 4419 793 793 4420 794 794 4421 794 794 4422 1054 1054 4423 1053 1053 4424 793 793 4425 1053 1053 4426 1055 1055 4427 1055 1055 4428 1052 1052 4429 793 793 4430 1043 1043 4431 1042 1042 4432 1048 1048 4433 1048 1048 4434 1051 1051 4435 1043 1043 4436 1043 1043 4437 807 807 4438 1056 1056 4439 1056 1056 4440 1041 1041 4441 1043 1043 4442 1041 1041 4443 1056 1056 4444 1057 1057 4445 1057 1057 4446 1038 1038 4447 1041 1041 4448 801 801 4449 803 803 4450 1056 1056 4451 1056 1056 4452 807 807 4453 801 801 4454 805 805 4455 1057 1057 4456 1056 1056 4457 1056 1056 4458 803 803 4459 805 805 4460 802 802 4461 801 801 4462 808 808 4463 808 808 4464 1058 1058 4465 802 802 4466 808 808 4467 807 807 4468 1043 1043 4469 1043 1043 4470 1051 1051 4471 808 808 4472 1058 1058 4473 808 808 4474 1051 1051 4475 1051 1051 4476 1050 1050 4477 1058 1058 4478 1059 1059 4479 1060 1060 4480 1047 1047 4481 1047 1047 4482 1045 1045 4483 1059 1059 4484 1045 1045 4485 1038 1038 4486 1057 1057 4487 1057 1057 4488 1059 1059 4489 1045 1045 4490 805 805 4491 804 804 4492 1059 1059 4493 1059 1059 4494 1057 1057 4495 805 805 4496 1052 1052 4497 1055 1055 4498 1061 1061 4499 1061 1061 4500 1062 1062 4501 1052 1052 4502 795 795 4503 1052 1052 4504 1062 1062 4505 1062 1062 4506 1063 1063 4507 795 795 4508 1064 1064 4509 1065 1065 4510 1066 1066 4511 1066 1066 4512 1067 1067 4513 1064 1064 4514 1068 1068 4515 1069 1069 4516 1066 1066 4517 1066 1066 4518 1065 1065 4519 1068 1068 4520 1067 1067 4521 816 816 4522 1064 1064 4523 1070 1070 4524 1055 1055 4525 1053 1053 4526 1053 1053 4527 1071 1071 4528 1070 1070 4529 1053 1053 4530 1054 1054 4531 1072 1072 4532 1072 1072 4533 1071 1071 4534 1053 1053 4535 1055 1055 4536 1070 1070 4537 1073 1073 4538 1073 1073 4539 1061 1061 4540 1055 1055 4541 1074 1074 4542 816 816 4543 1067 1067 4544 814 814 4545 1074 1074 4546 1075 1075 4547 1075 1075 4548 1076 1076 4549 814 814 4550 810 810 4551 812 812 4552 1076 1076 4553 1076 1076 4554 1075 1075 4555 810 810 4556 809 809 4557 813 813 4558 811 811 4559 811 811 4560 798 798 4561 809 809 4562 1077 1077 4563 813 813 4564 809 809 4565 809 809 4566 1078 1078 4567 1077 1077 4568 813 813 4569 1077 1077 4570 1076 1076 4571 1076 1076 4572 812 812 4573 813 813 4574 814 814 4575 1076 1076 4576 1077 1077 4577 1077 1077 4578 815 815 4579 814 814 4580 816 816 4581 815 815 4582 1079 1079 4583 1079 1079 4584 1064 1064 4585 816 816 4586 1064 1064 4587 1079 1079 4588 1080 1080 4589 1080 1080 4590 1065 1065 4591 1064 1064 4592 1080 1080 4593 800 800 4594 1068 1068 4595 1068 1068 4596 1065 1065 4597 1080 1080 4598 800 800 4599 756 756 4600 755 755 4601 755 755 4602 1068 1068 4603 800 800 4604 755 755 4605 754 754 4606 1069 1069 4607 1069 1069 4608 1068 1068 4609 755 755 4610 964 964 4611 1081 1081 4612 453 453 4613 453 453 4614 337 337 4615 964 964 4616 964 964 4617 967 967 4618 1082 1082 4619 1082 1082 4620 1081 1081 4621 964 964 4622 1083 1083 4623 1082 1082 4624 967 967 4625 967 967 4626 969 969 4627 1083 1083 4628 1084 1084 4629 1085 1085 4630 1086 1086 4631 1086 1086 4632 1087 1087 4633 1084 1084 4634 1087 1087 4635 1086 1086 4636 1088 1088 4637 1088 1088 4638 1089 1089 4639 1087 1087 4640 1090 1090 4641 464 464 4642 453 453 4643 453 453 4644 1081 1081 4645 1090 1090 4646 1091 1091 4647 1090 1090 4648 1081 1081 4649 1081 1081 4650 1082 1082 4651 1091 1091 4652 1092 1092 4653 467 467 4654 464 464 4655 464 464 4656 1090 1090 4657 1092 1092 4658 1090 1090 4659 1091 1091 4660 1093 1093 4661 1093 1093 4662 1092 1092 4663 1090 1090 4664 1094 1094 4665 1091 1091 4666 1082 1082 4667 1082 1082 4668 1083 1083 4669 1094 1094 4670 1089 1089 4671 1088 1088 4672 1094 1094 4673 1094 1094 4674 1083 1083 4675 1089 1089 4676 1095 1095 4677 1096 1096 4678 1094 1094 4679 1094 1094 4680 1088 1088 4681 1095 1095 4682 1091 1091 4683 1094 1094 4684 1096 1096 4685 1096 1096 4686 1093 1093 4687 1091 1091 4688 1088 1088 4689 1086 1086 4690 1097 1097 4691 1097 1097 4692 1095 1095 4693 1088 1088 4694 1098 1098 4695 1097 1097 4696 1086 1086 4697 1086 1086 4698 1085 1085 4699 1098 1098 4700 974 974 4701 1099 1099 4702 938 938 4703 938 938 4704 713 713 4705 974 974 4706 1099 1099 4707 1100 1100 4708 954 954 4709 954 954 4710 938 938 4711 1099 1099 4712 969 969 4713 968 968 4714 1101 1101 4715 1101 1101 4716 1102 1102 4717 969 969 4718 1103 1103 4719 1104 1104 4720 1102 1102 4721 1102 1102 4722 1101 1101 4723 1103 1103 4724 1105 1105 4725 1106 1106 4726 1104 1104 4727 1104 1104 4728 1103 1103 4729 1105 1105 4730 815 815 4731 1077 1077 4732 1078 1078 4733 1078 1078 4734 1079 1079 4735 815 815 4736 652 652 4737 818 818 4738 820 820 4739 652 652 4740 651 651 4741 821 821 4742 821 821 4743 1107 1107 4744 652 652 4745 157 157 4746 818 818 4747 1107 1107 4748 1107 1107 4749 483 483 4750 157 157 4751 483 483 4752 1107 1107 4753 821 821 4754 821 821 4755 160 160 4756 483 483 4757 671 671 4758 670 670 4759 664 664 4760 842 842 4761 688 688 4762 680 680 4763 848 848 4764 857 857 4765 836 836 4766 836 836 4767 666 666 4768 848 848 4769 695 695 4770 694 694 4771 872 872 4772 872 872 4773 865 865 4774 695 695 4775 727 727 4776 982 982 4777 726 726 4778 726 726 4779 728 728 4780 727 727 4781 978 978 4782 979 979 4783 731 731 4784 731 731 4785 734 734 4786 978 978 4787 740 740 4788 742 742 4789 757 757 4790 757 757 4791 1015 1015 4792 740 740 4793 751 751 4794 1017 1017 4795 748 748 4796 748 748 4797 749 749 4798 751 751 4799 761 761 4800 772 772 4801 774 774 4802 774 774 4803 763 763 4804 761 761 4805 780 780 4806 782 782 4807 1037 1037 4808 1037 1037 4809 788 788 4810 780 780 4811 787 787 4812 771 771 4813 769 769 4814 769 769 4815 789 789 4816 787 787 4817 1060 1060 4818 1059 1059 4819 804 804 4820 804 804 4821 806 806 4822 1060 1060 4823 752 752 4824 753 753 4825 795 795 4826 795 795 4827 1063 1063 4828 752 752 4829 723 723 4830 983 983 4831 1100 1100 4832 1100 1100 4833 1099 1099 4834 723 723 4835 724 724 4836 723 723 4837 1099 1099 4838 1099 1099 4839 974 974 4840 724 724 4841 1102 1102 4842 1089 1089 4843 1083 1083 4844 1083 1083 4845 969 969 4846 1102 1102 4847 1089 1089 4848 1102 1102 4849 1104 1104 4850 1104 1104 4851 1087 1087 4852 1089 1089 4853 1106 1106 4854 1084 1084 4855 1087 1087 4856 1087 1087 4857 1104 1104 4858 1106 1106 4859 799 799 4860 800 800 4861 1080 1080 4862 1080 1080 4863 1108 1108 4864 799 799 4865 765 765 4866 799 799 4867 1108 1108 4868 1108 1108 4869 796 796 4870 765 765 4871 1108 1108 4872 1080 1080 4873 1079 1079 4874 1079 1079 4875 1078 1078 4876 1108 1108 4877 796 796 4878 1108 1108 4879 1078 1078 4880 1078 1078 4881 809 809 4882 796 796 4883 1109 1109 4884 1110 1110 4885 1111 1111 4886 1112 1112 4887 1110 1110 4888 1113 1113 4889 1113 1113 4890 1110 1110 4891 1114 1114 4892 1114 1114 4893 1110 1110 4894 1115 1115 4895 1115 1115 4896 1110 1110 4897 1116 1116 4898 1116 1116 4899 1110 1110 4900 1117 1117 4901 1117 1117 4902 1110 1110 4903 1109 1109 4904 1118 1118 4905 1110 1110 4906 1112 1112 4907 1119 1119 4908 1110 1110 4909 1118 1118 4910 1120 1120 4911 1110 1110 4912 1119 1119 4913 1121 1121 4914 1110 1110 4915 1120 1120 4916 1111 1111 4917 1110 1110 4918 1121 1121 4919 700 700 4920 707 707 4921 1122 1122 4922 1122 1122 4923 1123 1123 4924 700 700 4925 708 708 4926 1122 1122 4927 707 707 4928 1123 1123 4929 702 702 4930 700 700 4931 913 913 4932 1124 1124 4933 910 910 4934 1124 1124 4935 907 907 4936 910 910 4937 1124 1124 4938 911 911 4939 907 907 4940 930 930 4941 711 711 4942 928 928 4943 947 947 4944 951 951 4945 948 948 4946 944 944 4947 948 948 4948 945 945 4949 714 714 4950 713 713 4951 940 940 4952 718 718 4953 936 936 4954 719 719 4955 718 718 4956 712 712 4957 935 935 4958 713 713 4959 721 721 4960 974 974 4961 1125 1125 4962 1126 1126 4963 1127 1127 4964 1125 1125 4965 1128 1128 4966 1129 1129 4967 1130 1130 4968 1131 1131 4969 1132 1132 4970 1131 1131 4971 1133 1133 4972 1132 1132 4973 1134 1134 4974 1135 1135 4975 1136 1136 4976 1137 1137 4977 1138 1138 4978 1139 1139 4979 1140 1140 4980 1139 1139 4981 1138 1138 4982 1138 1138 4983 1141 1141 4984 1140 1140 4985 1142 1142 4986 1137 1137 4987 1139 1139 4988 1142 1142 4989 1139 1139 4990 1143 1143 4991 1144 1144 4992 1145 1145 4993 1146 1146 4994 1147 1147 4995 1146 1146 4996 1145 1145 4997 1148 1148 4998 1147 1147 4999 1145 1145 5000 1127 1127 5001 526 526 5002 525 525 5003 525 525 5004 1125 1125 5005 1127 1127 5006 1129 1129 5007 1149 1149 5008 1126 1126 5009 1150 1150 5010 1149 1149 5011 1129 1129 5012 1129 1129 5013 1151 1151 5014 1150 1150 5015 1128 1128 5016 1152 1152 5017 1153 1153 5018 1153 1153 5019 1129 1129 5020 1128 1128 5021 1153 1153 5022 1154 1154 5023 1151 1151 5024 1151 1151 5025 1129 1129 5026 1153 1153 5027 1155 1155 5028 1128 1128 5029 1125 1125 5030 1125 1125 5031 1156 1156 5032 1155 1155 5033 1152 1152 5034 1128 1128 5035 1155 1155 5036 1155 1155 5037 1157 1157 5038 1152 1152 5039 1156 1156 5040 1125 1125 5041 525 525 5042 525 525 5043 536 536 5044 1156 1156 5045 1154 1154 5046 1158 1158 5047 1159 1159 5048 1159 1159 5049 1151 1151 5050 1154 1154 5051 1160 1160 5052 1150 1150 5053 1151 1151 5054 1151 1151 5055 1159 1159 5056 1160 1160 5057 1161 1161 5058 1162 1162 5059 1160 1160 5060 1160 1160 5061 1159 1159 5062 1161 1161 5063 1159 1159 5064 1158 1158 5065 1163 1163 5066 1163 1163 5067 1161 1161 5068 1159 1159 5069 1162 1162 5070 1161 1161 5071 1130 1130 5072 1130 1130 5073 1164 1164 5074 1162 1162 5075 1161 1161 5076 1163 1163 5077 1131 1131 5078 1131 1131 5079 1130 1130 5080 1161 1161 5081 1132 1132 5082 1165 1165 5083 1164 1164 5084 1164 1164 5085 1130 1130 5086 1132 1132 5087 1132 1132 5088 1133 1133 5089 1166 1166 5090 1166 1166 5091 1136 1136 5092 1132 1132 5093 1136 1136 5094 1166 1166 5095 1134 1134 5096 1167 1167 5097 1168 1168 5098 1169 1169 5099 1169 1169 5100 1134 1134 5101 1167 1167 5102 1168 1168 5103 1142 1142 5104 1143 1143 5105 1143 1143 5106 1169 1169 5107 1168 1168 5108 1169 1169 5109 1170 1170 5110 1171 1171 5111 1171 1171 5112 1134 1134 5113 1169 1169 5114 1172 1172 5115 1170 1170 5116 1169 1169 5117 1169 1169 5118 1143 1143 5119 1172 1172 5120 1137 1137 5121 1157 1157 5122 1155 1155 5123 1155 1155 5124 1138 1138 5125 1137 1137 5126 1155 1155 5127 1156 1156 5128 1141 1141 5129 1141 1141 5130 1138 1138 5131 1155 1155 5132 1173 1173 5133 1172 1172 5134 1143 1143 5135 1143 1143 5136 1139 1139 5137 1173 1173 5138 1173 1173 5139 1139 1139 5140 1140 1140 5141 1140 1140 5142 1174 1174 5143 1173 1173 5144 1165 1165 5145 1132 1132 5146 1136 1136 5147 1136 1136 5148 1175 1175 5149 1165 1165 5150 1175 1175 5151 1136 1136 5152 1135 1135 5153 1135 1135 5154 1176 1176 5155 1175 1175 5156 1145 1145 5157 1144 1144 5158 1176 1176 5159 1176 1176 5160 1135 1135 5161 1145 1145 5162 1135 1135 5163 1134 1134 5164 1171 1171 5165 1171 1171 5166 1145 1145 5167 1135 1135 5168 536 536 5169 556 556 5170 1141 1141 5171 1141 1141 5172 1156 1156 5173 536 536 5174 1141 1141 5175 556 556 5176 557 557 5177 557 557 5178 1140 1140 5179 1141 1141 5180 1174 1174 5181 1140 1140 5182 557 557 5183 557 557 5184 558 558 5185 1174 1174 5186 1174 1174 5187 558 558 5188 560 560 5189 560 560 5190 1177 1177 5191 1174 1174 5192 1145 1145 5193 1171 1171 5194 1178 1178 5195 1178 1178 5196 1148 1148 5197 1145 1145 5198 1170 1170 5199 1179 1179 5200 1178 1178 5201 1178 1178 5202 1171 1171 5203 1170 1170 5204 1179 1179 5205 1170 1170 5206 1172 1172 5207 1172 1172 5208 1180 1180 5209 1179 1179 5210 1180 1180 5211 1172 1172 5212 1173 1173 5213 1173 1173 5214 1181 1181 5215 1180 1180 5216 1174 1174 5217 1177 1177 5218 1181 1181 5219 1181 1181 5220 1173 1173 5221 1174 1174 5222 1182 1182 5223 1183 1183 5224 1184 1184 5225 1185 1185 5226 1186 1186 5227 1183 1183 5228 1183 1183 5229 1182 1182 5230 1185 1185 5231 1187 1187 5232 1188 1188 5233 1189 1189 5234 1189 1189 5235 1190 1190 5236 1187 1187 5237 1190 1190 5238 1191 1191 5239 1187 1187 5240 1192 1192 5241 1193 1193 5242 1184 1184 5243 1194 1194 5244 1195 1195 5245 1196 1196 5246 1196 1196 5247 1186 1186 5248 1194 1194 5249 1196 1196 5250 1195 1195 5251 1197 1197 5252 1197 1197 5253 1198 1198 5254 1196 1196 5255 1198 1198 5256 1197 1197 5257 1199 1199 5258 1199 1199 5259 1200 1200 5260 1198 1198 5261 1200 1200 5262 1199 1199 5263 1201 1201 5264 1201 1201 5265 1202 1202 5266 1200 1200 5267 1182 1182 5268 1184 1184 5269 1193 1193 5270 1193 1193 5271 1203 1203 5272 1182 1182 5273 1185 1185 5274 1182 1182 5275 1204 1204 5276 1204 1204 5277 1188 1188 5278 1187 1187 5279 1187 1187 5280 1185 1185 5281 1204 1204 5282 1194 1194 5283 1186 1186 5284 1185 1185 5285 1185 1185 5286 1187 1187 5287 1194 1194 5288 588 588 5289 589 589 5290 1202 1202 5291 1202 1202 5292 1201 1201 5293 588 588 5294 1205 1205 5295 590 590 5296 588 588 5297 588 588 5298 1201 1201 5299 1205 1205 5300 1206 1206 5301 1194 1194 5302 1187 1187 5303 1187 1187 5304 1191 1191 5305 1206 1206 5306 1194 1194 5307 1206 1206 5308 1207 1207 5309 1207 1207 5310 1195 1195 5311 1194 1194 5312 1197 1197 5313 1195 1195 5314 1207 1207 5315 1207 1207 5316 1208 1208 5317 1197 1197 5318 1199 1199 5319 1197 1197 5320 1208 1208 5321 1208 1208 5322 1209 1209 5323 1199 1199 5324 1209 1209 5325 1205 1205 5326 1201 1201 5327 1201 1201 5328 1199 1199 5329 1209 1209 5330 1126 1126 5331 1210 1210 5332 1211 1211 5333 1211 1211 5334 1127 1127 5335 1126 1126 5336 1131 1131 5337 1212 1212 5338 1213 1213 5339 1213 1213 5340 1133 1133 5341 1131 1131 5342 1142 1142 5343 1214 1214 5344 1215 1215 5345 1215 1215 5346 1137 1137 5347 1142 1142 5348 1144 1144 5349 1146 1146 5350 1216 1216 5351 1216 1216 5352 1217 1217 5353 1144 1144 5354 1218 1218 5355 1216 1216 5356 1146 1146 5357 1146 1146 5358 1147 1147 5359 1218 1218 5360 1147 1147 5361 1148 1148 5362 1219 1219 5363 1219 1219 5364 1218 1218 5365 1147 1147 5366 1211 1211 5367 606 606 5368 526 526 5369 526 526 5370 1127 1127 5371 1211 1211 5372 1149 1149 5373 1220 1220 5374 1210 1210 5375 1210 1210 5376 1126 1126 5377 1149 1149 5378 1150 1150 5379 1221 1221 5380 1220 1220 5381 1220 1220 5382 1149 1149 5383 1150 1150 5384 1152 1152 5385 1222 1222 5386 1223 1223 5387 1223 1223 5388 1153 1153 5389 1152 1152 5390 1223 1223 5391 1224 1224 5392 1154 1154 5393 1154 1154 5394 1153 1153 5395 1223 1223 5396 1225 1225 5397 1222 1222 5398 1152 1152 5399 1152 1152 5400 1157 1157 5401 1225 1225 5402 1224 1224 5403 1226 1226 5404 1158 1158 5405 1158 1158 5406 1154 1154 5407 1224 1224 5408 1160 1160 5409 1227 1227 5410 1221 1221 5411 1221 1221 5412 1150 1150 5413 1160 1160 5414 1162 1162 5415 1228 1228 5416 1227 1227 5417 1227 1227 5418 1160 1160 5419 1162 1162 5420 1158 1158 5421 1226 1226 5422 1229 1229 5423 1229 1229 5424 1163 1163 5425 1158 1158 5426 1230 1230 5427 1228 1228 5428 1162 1162 5429 1162 1162 5430 1164 1164 5431 1230 1230 5432 1163 1163 5433 1229 1229 5434 1212 1212 5435 1212 1212 5436 1131 1131 5437 1163 1163 5438 1165 1165 5439 1231 1231 5440 1230 1230 5441 1230 1230 5442 1164 1164 5443 1165 1165 5444 1133 1133 5445 1213 1213 5446 1232 1232 5447 1232 1232 5448 1166 1166 5449 1133 1133 5450 1232 1232 5451 1233 1233 5452 1167 1167 5453 1167 1167 5454 1166 1166 5455 1232 1232 5456 1167 1167 5457 1233 1233 5458 1234 1234 5459 1234 1234 5460 1168 1168 5461 1167 1167 5462 1168 1168 5463 1234 1234 5464 1214 1214 5465 1214 1214 5466 1142 1142 5467 1168 1168 5468 1215 1215 5469 1225 1225 5470 1157 1157 5471 1157 1157 5472 1137 1137 5473 1215 1215 5474 1165 1165 5475 1175 1175 5476 1235 1235 5477 1235 1235 5478 1231 1231 5479 1165 1165 5480 1236 1236 5481 1235 1235 5482 1175 1175 5483 1175 1175 5484 1176 1176 5485 1236 1236 5486 1176 1176 5487 1144 1144 5488 1217 1217 5489 1217 1217 5490 1236 1236 5491 1176 1176 5492 625 625 5493 1237 1237 5494 1177 1177 5495 1177 1177 5496 560 560 5497 625 625 5498 1148 1148 5499 1178 1178 5500 1238 1238 5501 1238 1238 5502 1219 1219 5503 1148 1148 5504 1239 1239 5505 1238 1238 5506 1178 1178 5507 1178 1178 5508 1179 1179 5509 1239 1239 5510 1179 1179 5511 1180 1180 5512 1240 1240 5513 1240 1240 5514 1239 1239 5515 1179 1179 5516 1241 1241 5517 1240 1240 5518 1180 1180 5519 1180 1180 5520 1181 1181 5521 1241 1241 5522 1177 1177 5523 1237 1237 5524 1241 1241 5525 1241 1241 5526 1181 1181 5527 1177 1177 5528 1134 1134 5529 1166 1166 5530 1167 1167 5531 1125 1125 5532 1129 1129 5533 1126 1126 5534 907 907 5535 908 908 5536 906 906 5537 980 980 5538 973 973 5539 978 978 5540 986 986 5541 972 972 5542 977 977 5543 929 929 5544 928 928 5545 922 922 5546 632 632 5547 1242 1242 5548 1243 1243 5549 1243 1243 5550 633 633 5551 632 632 5552 1243 1243 5553 1242 1242 5554 1244 1244 5555 1244 1244 5556 1245 1245 5557 1243 1243 5558 1245 1245 5559 1244 1244 5560 1246 1246 5561 1246 1246 5562 1247 1247 5563 1245 1245 5564 638 638 5565 641 641 5566 1248 1248 5567 1248 1248 5568 1249 1249 5569 638 638 5570 1250 1250 5571 1249 1249 5572 1248 1248 5573 1248 1248 5574 1251 1251 5575 1250 1250 5576 1246 1246 5577 1250 1250 5578 1251 1251 5579 1251 1251 5580 1247 1247 5581 1246 1246 5582 633 633 5583 1243 1243 5584 1252 1252 5585 1252 1252 5586 645 645 5587 633 633 5588 1243 1243 5589 1245 1245 5590 1253 1253 5591 1253 1253 5592 1252 1252 5593 1243 1243 5594 1245 1245 5595 1247 1247 5596 1254 1254 5597 1254 1254 5598 1253 1253 5599 1245 1245 5600 1255 1255 5601 1248 1248 5602 641 641 5603 641 641 5604 649 649 5605 1255 1255 5606 1256 1256 5607 1251 1251 5608 1248 1248 5609 1248 1248 5610 1255 1255 5611 1256 1256 5612 1254 1254 5613 1247 1247 5614 1251 1251 5615 1251 1251 5616 1256 1256 5617 1254 1254 5618 645 645 5619 1252 1252 5620 1255 1255 5621 1255 1255 5622 649 649 5623 645 645 5624 1253 1253 5625 1256 1256 5626 1255 1255 5627 1255 1255 5628 1252 1252 5629 1253 1253 5630 1253 1253 5631 1254 1254 5632 1256 1256 5633 1257 1257 5634 1258 1258 5635 1259 1259 5636 1259 1259 5637 1260 1260 5638 1257 1257 5639 1259 1259 5640 1261 1261 5641 1262 1262 5642 1262 1262 5643 1260 1260 5644 1259 1259 5645 1261 1261 5646 1263 1263 5647 1264 1264 5648 1264 1264 5649 1262 1262 5650 1261 1261 5651 1265 1265 5652 1266 1266 5653 1267 1267 5654 1267 1267 5655 1268 1268 5656 1265 1265 5657 1268 1268 5658 1267 1267 5659 1269 1269 5660 1269 1269 5661 1270 1270 5662 1268 1268 5663 1269 1269 5664 1271 1271 5665 1272 1272 5666 1272 1272 5667 1270 1270 5668 1269 1269 5669 1271 1271 5670 1273 1273 5671 1274 1274 5672 1274 1274 5673 1272 1272 5674 1271 1271 5675 1273 1273 5676 1275 1275 5677 1276 1276 5678 1276 1276 5679 1274 1274 5680 1273 1273 5681 1276 1276 5682 1275 1275 5683 1277 1277 5684 1277 1277 5685 1278 1278 5686 1276 1276 5687 1277 1277 5688 1279 1279 5689 1280 1280 5690 1280 1280 5691 1278 1278 5692 1277 1277 5693 1281 1281 5694 1282 1282 5695 1283 1283 5696 1282 1282 5697 1281 1281 5698 1258 1258 5699 1258 1258 5700 1257 1257 5701 1282 1282 5702 1284 1284 5703 1285 1285 5704 1286 1286 5705 1286 1286 5706 1287 1287 5707 1284 1284 5708 194 194 5709 192 192 5710 203 203 5711 203 203 5712 1288 1288 5713 194 194 5714 230 230 5715 203 203 5716 40 40 5717 230 230 5718 40 40 5719 39 39 5720 43 43 5721 1289 1289 5722 230 230 5723 230 230 5724 1288 1288 5725 203 203 5726 43 43 5727 1290 1290 5728 1291 1291 5729 1291 1291 5730 1289 1289 5731 43 43 5732 1290 1290 5733 43 43 5734 46 46 5735 277 277 5736 274 274 5737 1292 1292 5738 274 274 5739 276 276 5740 1292 1292 5741 917 917 5742 1293 1293 5743 674 674 5744 674 674 5745 839 839 5746 917 917 5747 677 677 5748 674 674 5749 1293 1293 5750 676 676 5751 833 833 5752 675 675 5753 703 703 5754 701 701 5755 1294 1294 5756 701 701 5757 697 697 5758 1294 1294 5759 697 697 5760 699 699 5761 1294 1294 5762 699 699 5763 859 859 5764 1294 1294 5765 859 859 5766 879 879 5767 1294 1294 5768 858 858 5769 841 841 5770 843 843 5771 1280 1280 5772 1279 1279 5773 1283 1283 5774 1283 1283 5775 1282 1282 5776 1280 1280 5777 1295 1295 5778 1296 1296 5779 1297 1297 5780 1298 1298 5781 1299 1299 5782 1300 1300 5783 1301 1301 5784 1302 1302 5785 1303 1303 5786 1304 1304 5787 1302 1302 5788 1301 1301 5789 1303 1303 5790 1302 1302 5791 1305 1305 5792 1306 1306 5793 1302 1302 5794 1304 1304 5795 1305 1305 5796 1302 1302 5797 1307 1307 5798 1308 1308 5799 1309 1309 5800 1310 1310 5801 1309 1309 5802 1311 1311 5803 1312 1312 5804 1312 1312 5805 1311 1311 5806 1313 1313 5807 1314 1314 5808 1311 1311 5809 1309 1309 5810 1309 1309 5811 1308 1308 5812 1314 1314 5813 1313 1313 5814 1311 1311 5815 1315 1315 5816 1315 1315 5817 1311 1311 5818 1316 1316 5819 1316 1316 5820 1311 1311 5821 1317 1317 5822 1315 1315 5823 1316 1316 5824 1318 1318 5825 1319 1319 5826 1320 1320 5827 1321 1321 5828 1322 1322 5829 1321 1321 5830 1323 1323 5831 1324 1324 5832 1325 1325 5833 1326 1326 5834 1327 1327 5835 1325 1325 5836 1328 1328 5837 1329 1329 5838 1330 1330 5839 1331 1331 5840 1328 1328 5841 1332 1332 5842 1327 1327 5843 1320 1320 5844 1323 1323 5845 1321 1321 5846 1316 1316 5847 1333 1333 5848 1318 1318 5849 1320 1320 5850 1318 1318 5851 1334 1334 5852 1333 1333 5853 1334 1334 5854 1318 1318 5855 1320 1320 5856 1335 1335 5857 1323 1323 5858 1334 1334 5859 1335 1335 5860 1320 1320 5861 1336 1336 5862 1323 1323 5863 1337 1337 5864 1337 1337 5865 1323 1323 5866 1335 1335 5867 1336 1336 5868 1338 1338 5869 1332 1332 5870 1338 1338 5871 1336 1336 5872 1339 1339 5873 1339 1339 5874 1336 1336 5875 1337 1337 5876 1340 1340 5877 1327 1327 5878 1332 1332 5879 1332 1332 5880 1338 1338 5881 1340 1340 5882 1341 1341 5883 1342 1342 5884 1343 1343 5885 1344 1344 5886 1345 1345 5887 1343 1343 5888 1335 1335 5889 1334 1334 5890 1346 1346 5891 1347 1347 5892 1348 1348 5893 1349 1349 5894 1350 1350 5895 1308 1308 5896 1349 1349 5897 1349 1349 5898 1308 1308 5899 1310 1310 5900 1349 1349 5901 1310 1310 5902 1347 1347 5903 1351 1351 5904 1352 1352 5905 1341 1341 5906 1353 1353 5907 1354 1354 5908 1355 1355 5909 1354 1354 5910 1356 1356 5911 1355 1355 5912 1357 1357 5913 1358 1358 5914 1359 1359 5915 1358 1358 5916 1331 1331 5917 1330 1330 5918 1358 1358 5919 1357 1357 5920 1360 1360 5921 1361 1361 5922 1362 1362 5923 1363 1363 5924 1364 1364 5925 1363 1363 5926 1362 1362 5927 1365 1365 5928 1366 1366 5929 1367 1367 5930 1368 1368 5931 1366 1366 5932 1365 1365 5933 1367 1367 5934 1366 1366 5935 1369 1369 5936 1370 1370 5937 1366 1366 5938 1368 1368 5939 1369 1369 5940 1371 1371 5941 1367 1367 5942 1353 1353 5943 1355 1355 5944 1368 1368 5945 1364 1364 5946 1372 1372 5947 1363 1363 5948 1373 1373 5949 1374 1374 5950 1371 1371 5951 1373 1373 5952 1375 1375 5953 1374 1374 5954 1375 1375 5955 1373 1373 5956 1376 1376 5957 1375 1375 5958 1377 1377 5959 1378 1378 5960 1377 1377 5961 1375 1375 5962 1379 1379 5963 1380 1380 5964 1381 1381 5965 1382 1382 5966 1383 1383 5967 1384 1384 5968 1385 1385 5969 1384 1384 5970 1386 1386 5971 1385 1385 5972 1387 1387 5973 1386 1386 5974 1384 1384 5975 1388 1388 5976 1389 1389 5977 1390 1390 5978 1391 1391 5979 1388 1388 5980 1390 1390 5981 1386 1386 5982 1387 1387 5983 1392 1392 5984 1393 1393 5985 1392 1392 5986 1387 1387 5987 1391 1391 5988 1394 1394 5989 1388 1388 5990 1394 1394 5991 1391 1391 5992 1395 1395 5993 1388 1388 5994 1396 1396 5995 1389 1389 5996 1388 1388 5997 1394 1394 5998 1396 1396 5999 1389 1389 6000 1396 1396 6001 1397 1397 6002 1396 1396 6003 1398 1398 6004 1397 1397 6005 1398 1398 6006 1396 1396 6007 1394 1394 6008 1331 1331 6009 1399 1399 6010 1400 1400 6011 1401 1401 6012 1402 1402 6013 1403 1403 6014 1401 1401 6015 1400 1400 6016 1402 1402 6017 1399 1399 6018 1404 1404 6019 1400 1400 6020 1400 1400 6021 1404 1404 6022 1402 1402 6023 1405 1405 6024 1406 1406 6025 1407 1407 6026 1408 1408 6027 1407 1407 6028 1406 1406 6029 1409 1409 6030 1404 1404 6031 1410 1410 6032 1411 1411 6033 1412 1412 6034 1391 1391 6035 1391 1391 6036 1412 1412 6037 1395 1395 6038 1412 1412 6039 1413 1413 6040 1414 1414 6041 1414 1414 6042 1415 1415 6043 1412 1412 6044 1415 1415 6045 1414 1414 6046 1416 1416 6047 1417 1417 6048 1397 1397 6049 1398 1398 6050 1418 1418 6051 1402 1402 6052 1404 1404 6053 1419 1419 6054 1418 1418 6055 1420 1420 6056 1421 1421 6057 1422 1422 6058 1423 1423 6059 1416 1416 6060 1424 1424 6061 1425 1425 6062 1424 1424 6063 1416 1416 6064 1426 1426 6065 1426 1426 6066 1427 1427 6067 1424 1424 6068 1428 1428 6069 1429 1429 6070 1423 1423 6071 1421 1421 6072 1423 1423 6073 1430 1430 6074 1430 1430 6075 1423 1423 6076 1431 1431 6077 1432 1432 6078 1431 1431 6079 1423 1423 6080 1432 1432 6081 1423 1423 6082 1429 1429 6083 1433 1433 6084 1431 1431 6085 1432 1432 6086 1434 1434 6087 1429 1429 6088 1428 1428 6089 1435 1435 6090 1432 1432 6091 1429 1429 6092 1436 1436 6093 1429 1429 6094 1434 1434 6095 1429 1429 6096 1436 1436 6097 1435 1435 6098 1433 1433 6099 1437 1437 6100 1438 1438 6101 1439 1439 6102 1437 1437 6103 1433 1433 6104 1440 1440 6105 1441 1441 6106 1442 1442 6107 1434 1434 6108 1443 1443 6109 1436 1436 6110 1444 1444 6111 1435 1435 6112 1436 1436 6113 1445 1445 6114 1446 1446 6115 1447 1447 6116 1448 1448 6117 1445 1445 6118 1449 1449 6119 1445 1445 6120 1448 1448 6121 1450 1450 6122 1450 1450 6123 1446 1446 6124 1445 1445 6125 1450 1450 6126 1448 1448 6127 1451 1451 6128 1448 1448 6129 1452 1452 6130 1451 1451 6131 1452 1452 6132 1448 1448 6133 1453 1453 6134 1446 1446 6135 1450 1450 6136 1454 1454 6137 1450 1450 6138 1455 1455 6139 1454 1454 6140 1451 1451 6141 1455 1455 6142 1450 1450 6143 1451 1451 6144 1456 1456 6145 1455 1455 6146 1456 1456 6147 1451 1451 6148 1452 1452 6149 1432 1432 6150 1435 1435 6151 1439 1439 6152 1432 1432 6153 1439 1439 6154 1433 1433 6155 1457 1457 6156 1437 1437 6157 1439 1439 6158 1437 1437 6159 1457 1457 6160 1458 1458 6161 1458 1458 6162 1457 1457 6163 1459 1459 6164 1460 1460 6165 1459 1459 6166 1457 1457 6167 1461 1461 6168 1462 1462 6169 1463 1463 6170 1464 1464 6171 1465 1465 6172 1466 1466 6173 1464 1464 6174 1467 1467 6175 1465 1465 6176 1467 1467 6177 1468 1468 6178 1465 1465 6179 1469 1469 6180 1452 1452 6181 1453 1453 6182 1452 1452 6183 1470 1470 6184 1471 1471 6185 1470 1470 6186 1452 1452 6187 1469 1469 6188 1472 1472 6189 1466 1466 6190 1456 1456 6191 1466 1466 6192 1472 1472 6193 1464 1464 6194 1472 1472 6195 1473 1473 6196 1474 1474 6197 1470 1470 6198 1475 1475 6199 1471 1471 6200 1471 1471 6201 1475 1475 6202 1473 1473 6203 1473 1473 6204 1475 1475 6205 1474 1474 6206 1474 1474 6207 1475 1475 6208 1476 1476 6209 1467 1467 6210 1477 1477 6211 1468 1468 6212 1478 1478 6213 1459 1459 6214 1479 1479 6215 1459 1459 6216 1478 1478 6217 1480 1480 6218 1479 1479 6219 1481 1481 6220 1478 1478 6221 1482 1482 6222 1480 1480 6223 1478 1478 6224 1482 1482 6225 1483 1483 6226 1480 1480 6227 1483 1483 6228 1484 1484 6229 1485 1485 6230 1482 1482 6231 1484 1484 6232 1483 1483 6233 1486 1486 6234 1485 1485 6235 1484 1484 6236 1487 1487 6237 1484 1484 6238 1482 1482 6239 1488 1488 6240 1487 1487 6241 1482 1482 6242 1478 1478 6243 1481 1481 6244 1489 1489 6245 1490 1490 6246 1491 1491 6247 1477 1477 6248 1492 1492 6249 1481 1481 6250 1491 1491 6251 1493 1493 6252 1492 1492 6253 1491 1491 6254 1490 1490 6255 1493 1493 6256 1491 1491 6257 1494 1494 6258 1477 1477 6259 1467 1467 6260 1477 1477 6261 1494 1494 6262 1490 1490 6263 1495 1495 6264 1492 1492 6265 1496 1496 6266 1496 1496 6267 1492 1492 6268 1497 1497 6269 1493 1493 6270 1497 1497 6271 1492 1492 6272 1489 1489 6273 1481 1481 6274 1495 1495 6275 1498 1498 6276 1499 1499 6277 1500 1500 6278 1501 1501 6279 1499 1499 6280 1502 1502 6281 1499 1499 6282 1501 1501 6283 1503 1503 6284 1504 1504 6285 1505 1505 6286 1462 1462 6287 1462 1462 6288 1505 1505 6289 1506 1506 6290 1507 1507 6291 1508 1508 6292 1500 1500 6293 1509 1509 6294 1508 1508 6295 1507 1507 6296 1510 1510 6297 1507 1507 6298 1500 1500 6299 1501 1501 6300 1502 1502 6301 1511 1511 6302 1476 1476 6303 1512 1512 6304 1474 1474 6305 1512 1512 6306 1513 1513 6307 1514 1514 6308 1515 1515 6309 1511 1511 6310 1516 1516 6311 1515 1515 6312 1516 1516 6313 1517 1517 6314 1511 1511 6315 1518 1518 6316 1501 1501 6317 1519 1519 6318 1518 1518 6319 1511 1511 6320 1511 1511 6321 1515 1515 6322 1519 1519 6323 1518 1518 6324 1503 1503 6325 1501 1501 6326 1520 1520 6327 1509 1509 6328 1521 1521 6329 1522 1522 6330 1521 1521 6331 1509 1509 6332 1520 1520 6333 1521 1521 6334 1523 1523 6335 1524 1524 6336 1505 1505 6337 1525 1525 6338 1505 1505 6339 1524 1524 6340 1526 1526 6341 1518 1518 6342 1527 1527 6343 1528 1528 6344 1519 1519 6345 1527 1527 6346 1518 1518 6347 1529 1529 6348 1527 1527 6349 1530 1530 6350 1531 1531 6351 1532 1532 6352 1533 1533 6353 1528 1528 6354 1527 1527 6355 1534 1534 6356 1534 1534 6357 1527 1527 6358 1535 1535 6359 1535 1535 6360 1527 1527 6361 1529 1529 6362 1528 1528 6363 1534 1534 6364 1536 1536 6365 1537 1537 6366 1538 1538 6367 1539 1539 6368 1540 1540 6369 1537 1537 6370 1539 1539 6371 1541 1541 6372 1522 1522 6373 1538 1538 6374 1538 1538 6375 1537 1537 6376 1541 1541 6377 1542 1542 6378 1522 1522 6379 1541 1541 6380 1300 1300 6381 1543 1543 6382 1526 1526 6383 1299 1299 6384 1544 1544 6385 1543 1543 6386 1545 1545 6387 1296 1296 6388 1542 1542 6389 1546 1546 6390 1542 1542 6391 1296 1296 6392 1547 1547 6393 1347 1347 6394 1305 1305 6395 1305 1305 6396 1307 1307 6397 1547 1547 6398 1529 1529 6399 1548 1548 6400 1535 1535 6401 1529 1529 6402 1533 1533 6403 1548 1548 6404 1533 1533 6405 1549 1549 6406 1548 1548 6407 1549 1549 6408 1533 1533 6409 1550 1550 6410 1551 1551 6411 1550 1550 6412 1533 1533 6413 1552 1552 6414 1553 1553 6415 1550 1550 6416 1550 1550 6417 1551 1551 6418 1552 1552 6419 1554 1554 6420 1552 1552 6421 1551 1551 6422 1555 1555 6423 1556 1556 6424 1557 1557 6425 1557 1557 6426 1556 1556 6427 1558 1558 6428 1559 1559 6429 1560 1560 6430 1561 1561 6431 1561 1561 6432 1562 1562 6433 1559 1559 6434 1560 1560 6435 1559 1559 6436 1563 1563 6437 1563 1563 6438 1297 1297 6439 1560 1560 6440 1562 1562 6441 1564 1564 6442 1298 1298 6443 1298 1298 6444 1559 1559 6445 1562 1562 6446 1559 1559 6447 1298 1298 6448 1563 1563 6449 1565 1565 6450 1566 1566 6451 1560 1560 6452 1565 1565 6453 1297 1297 6454 1567 1567 6455 1300 1300 6456 1568 1568 6457 1563 1563 6458 1563 1563 6459 1298 1298 6460 1300 1300 6461 1563 1563 6462 1295 1295 6463 1297 1297 6464 1296 1296 6465 1545 1545 6466 1567 1567 6467 1567 1567 6468 1297 1297 6469 1296 1296 6470 1564 1564 6471 1569 1569 6472 1299 1299 6473 1299 1299 6474 1298 1298 6475 1564 1564 6476 1301 1301 6477 1567 1567 6478 1545 1545 6479 1567 1567 6480 1570 1570 6481 1565 1565 6482 1301 1301 6483 1303 1303 6484 1310 1310 6485 1304 1304 6486 1301 1301 6487 1545 1545 6488 1545 1545 6489 1542 1542 6490 1304 1304 6491 1309 1309 6492 1312 1312 6493 1570 1570 6494 1570 1570 6495 1310 1310 6496 1309 1309 6497 1566 1566 6498 1565 1565 6499 1570 1570 6500 1570 1570 6501 1571 1571 6502 1566 1566 6503 1313 1313 6504 1571 1571 6505 1570 1570 6506 1570 1570 6507 1312 1312 6508 1313 1313 6509 1571 1571 6510 1313 1313 6511 1315 1315 6512 1315 1315 6513 1319 1319 6514 1571 1571 6515 1571 1571 6516 1319 1319 6517 1321 1321 6518 1321 1321 6519 1566 1566 6520 1571 1571 6521 1566 1566 6522 1321 1321 6523 1322 1322 6524 1322 1322 6525 1561 1561 6526 1566 1566 6527 1572 1572 6528 1562 1562 6529 1561 1561 6530 1561 1561 6531 1322 1322 6532 1572 1572 6533 1564 1564 6534 1562 1562 6535 1572 1572 6536 1572 1572 6537 1573 1573 6538 1564 1564 6539 1573 1573 6540 1574 1574 6541 1569 1569 6542 1569 1569 6543 1564 1564 6544 1573 1573 6545 1574 1574 6546 1573 1573 6547 1332 1332 6548 1332 1332 6549 1328 1328 6550 1574 1574 6551 1336 1336 6552 1332 1332 6553 1573 1573 6554 1573 1573 6555 1572 1572 6556 1336 1336 6557 1569 1569 6558 1574 1574 6559 1324 1324 6560 1324 1324 6561 1575 1575 6562 1569 1569 6563 1569 1569 6564 1575 1575 6565 1544 1544 6566 1544 1544 6567 1299 1299 6568 1569 1569 6569 1575 1575 6570 1324 1324 6571 1326 1326 6572 1326 1326 6573 1576 1576 6574 1575 1575 6575 1330 1330 6576 1352 1352 6577 1358 1358 6578 1349 1349 6579 1348 1348 6580 1577 1577 6581 1577 1577 6582 1350 1350 6583 1349 1349 6584 1345 1345 6585 1344 1344 6586 1578 1578 6587 1579 1579 6588 1578 1578 6589 1580 1580 6590 1579 1579 6591 1581 1581 6592 1354 1354 6593 1581 1581 6594 1582 1582 6595 1354 1354 6596 1351 1351 6597 1341 1341 6598 1345 1345 6599 1345 1345 6600 1583 1583 6601 1351 1351 6602 1582 1582 6603 1356 1356 6604 1354 1354 6605 1578 1578 6606 1579 1579 6607 1584 1584 6608 1584 1584 6609 1585 1585 6610 1578 1578 6611 1578 1578 6612 1585 1585 6613 1583 1583 6614 1583 1583 6615 1345 1345 6616 1578 1578 6617 1586 1586 6618 1584 1584 6619 1579 1579 6620 1579 1579 6621 1354 1354 6622 1586 1586 6623 1587 1587 6624 1586 1586 6625 1354 1354 6626 1354 1354 6627 1353 1353 6628 1587 1587 6629 1368 1368 6630 1365 1365 6631 1587 1587 6632 1587 1587 6633 1353 1353 6634 1368 1368 6635 1361 1361 6636 1586 1586 6637 1587 1587 6638 1587 1587 6639 1362 1362 6640 1361 1361 6641 1367 1367 6642 1362 1362 6643 1587 1587 6644 1587 1587 6645 1365 1365 6646 1367 1367 6647 1588 1588 6648 1584 1584 6649 1586 1586 6650 1586 1586 6651 1361 1361 6652 1588 1588 6653 1589 1589 6654 1585 1585 6655 1584 1584 6656 1584 1584 6657 1588 1588 6658 1589 1589 6659 1590 1590 6660 1583 1583 6661 1585 1585 6662 1585 1585 6663 1589 1589 6664 1590 1590 6665 1359 1359 6666 1351 1351 6667 1583 1583 6668 1583 1583 6669 1590 1590 6670 1359 1359 6671 1591 1591 6672 1357 1357 6673 1359 1359 6674 1359 1359 6675 1590 1590 6676 1591 1591 6677 1331 1331 6678 1358 1358 6679 1360 1360 6680 1360 1360 6681 1399 1399 6682 1331 1331 6683 1591 1591 6684 1590 1590 6685 1589 1589 6686 1589 1589 6687 1592 1592 6688 1591 1591 6689 1588 1588 6690 1592 1592 6691 1589 1589 6692 1363 1363 6693 1592 1592 6694 1588 1588 6695 1588 1588 6696 1361 1361 6697 1363 1363 6698 1362 1362 6699 1367 1367 6700 1371 1371 6701 1371 1371 6702 1364 1364 6703 1362 1362 6704 1371 1371 6705 1369 1369 6706 1593 1593 6707 1594 1594 6708 1595 1595 6709 1371 1371 6710 1371 1371 6711 1593 1593 6712 1594 1594 6713 1380 1380 6714 1382 1382 6715 1594 1594 6716 1357 1357 6717 1591 1591 6718 1596 1596 6719 1596 1596 6720 1360 1360 6721 1357 1357 6722 1596 1596 6723 1591 1591 6724 1592 1592 6725 1592 1592 6726 1372 1372 6727 1596 1596 6728 1592 1592 6729 1363 1363 6730 1372 1372 6731 1364 1364 6732 1371 1371 6733 1374 1374 6734 1374 1374 6735 1372 1372 6736 1364 1364 6737 1371 1371 6738 1595 1595 6739 1373 1373 6740 1597 1597 6741 1399 1399 6742 1360 1360 6743 1360 1360 6744 1596 1596 6745 1597 1597 6746 1597 1597 6747 1596 1596 6748 1372 1372 6749 1372 1372 6750 1598 1598 6751 1597 1597 6752 1374 1374 6753 1598 1598 6754 1372 1372 6755 1373 1373 6756 1595 1595 6757 1599 1599 6758 1599 1599 6759 1376 1376 6760 1373 1373 6761 1375 1375 6762 1378 1378 6763 1374 1374 6764 1376 1376 6765 1600 1600 6766 1379 1379 6767 1379 1379 6768 1375 1375 6769 1376 1376 6770 1601 1601 6771 1376 1376 6772 1599 1599 6773 1600 1600 6774 1385 1385 6775 1602 1602 6776 1602 1602 6777 1379 1379 6778 1600 1600 6779 1600 1600 6780 1383 1383 6781 1385 1385 6782 1602 1602 6783 1603 1603 6784 1377 1377 6785 1377 1377 6786 1379 1379 6787 1602 1602 6788 1599 1599 6789 1595 1595 6790 1382 1382 6791 1382 1382 6792 1604 1604 6793 1599 1599 6794 1605 1605 6795 1603 1603 6796 1602 1602 6797 1602 1602 6798 1390 1390 6799 1605 1605 6800 1390 1390 6801 1602 1602 6802 1386 1386 6803 1605 1605 6804 1390 1390 6805 1389 1389 6806 1386 1386 6807 1392 1392 6808 1391 1391 6809 1391 1391 6810 1390 1390 6811 1386 1386 6812 1393 1393 6813 1606 1606 6814 1607 1607 6815 1607 1607 6816 1392 1392 6817 1393 1393 6818 1389 1389 6819 1397 1397 6820 1608 1608 6821 1605 1605 6822 1389 1389 6823 1608 1608 6824 1608 1608 6825 1609 1609 6826 1605 1605 6827 1605 1605 6828 1609 1609 6829 1610 1610 6830 1610 1610 6831 1603 1603 6832 1605 1605 6833 1404 1404 6834 1399 1399 6835 1597 1597 6836 1410 1410 6837 1404 1404 6838 1597 1597 6839 1597 1597 6840 1598 1598 6841 1410 1410 6842 1598 1598 6843 1378 1378 6844 1410 1410 6845 1378 1378 6846 1377 1377 6847 1406 1406 6848 1406 1406 6849 1405 1405 6850 1378 1378 6851 1406 1406 6852 1377 1377 6853 1603 1603 6854 1603 1603 6855 1610 1610 6856 1406 1406 6857 1609 1609 6858 1421 1421 6859 1430 1430 6860 1430 1430 6861 1610 1610 6862 1609 1609 6863 1421 1421 6864 1609 1609 6865 1608 1608 6866 1608 1608 6867 1417 1417 6868 1421 1421 6869 1417 1417 6870 1608 1608 6871 1397 1397 6872 1410 1410 6873 1405 1405 6874 1407 1407 6875 1407 1407 6876 1409 1409 6877 1410 1410 6878 1606 1606 6879 1393 1393 6880 1611 1611 6881 1415 1415 6882 1612 1612 6883 1395 1395 6884 1395 1395 6885 1412 1412 6886 1415 1415 6887 1393 1393 6888 1387 1387 6889 1613 1613 6890 1613 1613 6891 1387 1387 6892 1384 1384 6893 1416 1416 6894 1425 1425 6895 1612 1612 6896 1612 1612 6897 1415 1415 6898 1416 1416 6899 1425 1425 6900 1398 1398 6901 1612 1612 6902 1614 1614 6903 1422 1422 6904 1417 1417 6905 1417 1417 6906 1398 1398 6907 1614 1614 6908 1421 1421 6909 1417 1417 6910 1422 1422 6911 1406 1406 6912 1610 1610 6913 1430 1430 6914 1430 1430 6915 1408 1408 6916 1406 1406 6917 1418 1418 6918 1409 1409 6919 1420 1420 6920 1409 1409 6921 1615 1615 6922 1420 1420 6923 1615 1615 6924 1407 1407 6925 1616 1616 6926 1617 1617 6927 1616 1616 6928 1407 1407 6929 1407 1407 6930 1408 1408 6931 1617 1617 6932 1408 1408 6933 1430 1430 6934 1431 1431 6935 1431 1431 6936 1617 1617 6937 1408 1408 6938 1398 1398 6939 1425 1425 6940 1424 1424 6941 1424 1424 6942 1614 1614 6943 1398 1398 6944 1614 1614 6945 1424 1424 6946 1427 1427 6947 1427 1427 6948 1618 1618 6949 1614 1614 6950 1619 1619 6951 1440 1440 6952 1427 1427 6953 1427 1427 6954 1426 1426 6955 1619 1619 6956 1440 1440 6957 1442 1442 6958 1618 1618 6959 1618 1618 6960 1427 1427 6961 1440 1440 6962 1620 1620 6963 1422 1422 6964 1614 1614 6965 1614 1614 6966 1618 1618 6967 1620 1620 6968 1442 1442 6969 1443 1443 6970 1620 1620 6971 1620 1620 6972 1618 1618 6973 1442 1442 6974 1428 1428 6975 1423 1423 6976 1422 1422 6977 1422 1422 6978 1620 1620 6979 1428 1428 6980 1433 1433 6981 1438 1438 6982 1617 1617 6983 1617 1617 6984 1431 1431 6985 1433 1433 6986 1616 1616 6987 1617 1617 6988 1438 1438 6989 1438 1438 6990 1621 1621 6991 1616 1616 6992 1621 1621 6993 1438 1438 6994 1437 1437 6995 1437 1437 6996 1622 1622 6997 1621 1621 6998 1623 1623 6999 1615 1615 7000 1624 1624 7001 1622 1622 7002 1625 1625 7003 1621 1621 7004 1440 1440 7005 1619 1619 7006 1626 1626 7007 1626 1626 7008 1441 1441 7009 1440 1440 7010 1627 1627 7011 1442 1442 7012 1441 1441 7013 1443 1443 7014 1627 1627 7015 1628 1628 7016 1628 1628 7017 1436 1436 7018 1443 1443 7019 1436 1436 7020 1628 1628 7021 1629 1629 7022 1629 1629 7023 1444 1444 7024 1436 1436 7025 1627 1627 7026 1630 1630 7027 1631 1631 7028 1631 1631 7029 1628 1628 7030 1627 1627 7031 1628 1628 7032 1631 1631 7033 1632 1632 7034 1632 1632 7035 1629 1629 7036 1628 1628 7037 1441 1441 7038 1630 1630 7039 1627 1627 7040 1630 1630 7041 1441 1441 7042 1633 1633 7043 1633 1633 7044 1447 1447 7045 1630 1630 7046 1630 1630 7047 1447 1447 7048 1446 1446 7049 1446 1446 7050 1631 1631 7051 1630 1630 7052 1631 1631 7053 1446 1446 7054 1454 1454 7055 1454 1454 7056 1632 1632 7057 1631 1631 7058 1449 1449 7059 1445 1445 7060 1447 1447 7061 1447 1447 7062 1633 1633 7063 1449 1449 7064 1632 1632 7065 1454 1454 7066 1455 1455 7067 1455 1455 7068 1634 1634 7069 1632 1632 7070 1456 1456 7071 1466 1466 7072 1634 1634 7073 1634 1634 7074 1455 1455 7075 1456 1456 7076 1629 1629 7077 1632 1632 7078 1634 1634 7079 1634 1634 7080 1635 1635 7081 1629 1629 7082 1466 1466 7083 1635 1635 7084 1634 1634 7085 1635 1635 7086 1636 1636 7087 1444 1444 7088 1444 1444 7089 1629 1629 7090 1635 1635 7091 1466 1466 7092 1465 1465 7093 1636 1636 7094 1636 1636 7095 1635 1635 7096 1466 1466 7097 1435 1435 7098 1444 1444 7099 1457 1457 7100 1457 1457 7101 1439 1439 7102 1435 1435 7103 1444 1444 7104 1636 1636 7105 1460 1460 7106 1460 1460 7107 1457 1457 7108 1444 1444 7109 1622 1622 7110 1437 1437 7111 1458 1458 7112 1458 1458 7113 1637 1637 7114 1622 1622 7115 1480 1480 7116 1637 1637 7117 1458 1458 7118 1458 1458 7119 1459 1459 7120 1480 1480 7121 1480 1480 7122 1638 1638 7123 1637 1637 7124 1460 1460 7125 1468 1468 7126 1479 1479 7127 1479 1479 7128 1459 1459 7129 1460 1460 7130 1465 1465 7131 1468 1468 7132 1460 1460 7133 1460 1460 7134 1636 1636 7135 1465 1465 7136 1452 1452 7137 1471 1471 7138 1472 1472 7139 1472 1472 7140 1456 1456 7141 1452 1452 7142 1464 1464 7143 1639 1639 7144 1467 1467 7145 1473 1473 7146 1472 1472 7147 1471 1471 7148 1479 1479 7149 1477 1477 7150 1481 1481 7151 1484 1484 7152 1487 1487 7153 1486 1486 7154 1478 1478 7155 1488 1488 7156 1482 1482 7157 1487 1487 7158 1488 1488 7159 1640 1640 7160 1640 1640 7161 1641 1641 7162 1487 1487 7163 1495 1495 7164 1640 1640 7165 1488 1488 7166 1488 1488 7167 1489 1489 7168 1495 1495 7169 1477 1477 7170 1491 1491 7171 1481 1481 7172 1481 1481 7173 1492 1492 7174 1495 1495 7175 1640 1640 7176 1495 1495 7177 1496 1496 7178 1496 1496 7179 1642 1642 7180 1640 1640 7181 1503 1503 7182 1510 1510 7183 1500 1500 7184 1500 1500 7185 1499 1499 7186 1503 1503 7187 1643 1643 7188 1641 1641 7189 1640 1640 7190 1640 1640 7191 1642 1642 7192 1643 1643 7193 1644 1644 7194 1498 1498 7195 1500 1500 7196 1500 1500 7197 1508 1508 7198 1644 1644 7199 1641 1641 7200 1643 1643 7201 1645 1645 7202 1646 1646 7203 1644 1644 7204 1508 1508 7205 1508 1508 7206 1647 1647 7207 1646 1646 7208 1645 1645 7209 1486 1486 7210 1641 1641 7211 1648 1648 7212 1486 1486 7213 1649 1649 7214 1649 1649 7215 1650 1650 7216 1648 1648 7217 1504 1504 7218 1461 1461 7219 1651 1651 7220 1651 1651 7221 1652 1652 7222 1504 1504 7223 1647 1647 7224 1652 1652 7225 1651 1651 7226 1651 1651 7227 1646 1646 7228 1647 1647 7229 1505 1505 7230 1504 1504 7231 1652 1652 7232 1652 1652 7233 1525 1525 7234 1505 1505 7235 1525 1525 7236 1652 1652 7237 1647 1647 7238 1647 1647 7239 1520 1520 7240 1525 1525 7241 1493 1493 7242 1653 1653 7243 1497 1497 7244 1654 1654 7245 1516 1516 7246 1502 1502 7247 1493 1493 7248 1490 1490 7249 1655 1655 7250 1656 1656 7251 1655 1655 7252 1490 1490 7253 1490 1490 7254 1494 1494 7255 1656 1656 7256 1494 1494 7257 1657 1657 7258 1656 1656 7259 1474 1474 7260 1512 1512 7261 1658 1658 7262 1474 1474 7263 1658 1658 7264 1639 1639 7265 1639 1639 7266 1658 1658 7267 1494 1494 7268 1494 1494 7269 1467 1467 7270 1639 1639 7271 1658 1658 7272 1657 1657 7273 1494 1494 7274 1658 1658 7275 1512 1512 7276 1514 1514 7277 1514 1514 7278 1657 1657 7279 1658 1658 7280 1503 1503 7281 1659 1659 7282 1539 1539 7283 1539 1539 7284 1510 1510 7285 1503 1503 7286 1659 1659 7287 1503 1503 7288 1518 1518 7289 1518 1518 7290 1528 1528 7291 1659 1659 7292 1538 1538 7293 1507 1507 7294 1510 1510 7295 1510 1510 7296 1539 1539 7297 1538 1538 7298 1522 1522 7299 1509 1509 7300 1507 1507 7301 1507 1507 7302 1538 1538 7303 1522 1522 7304 1543 1543 7305 1506 1506 7306 1505 1505 7307 1505 1505 7308 1526 1526 7309 1543 1543 7310 1524 1524 7311 1660 1660 7312 1526 1526 7313 1536 1536 7314 1661 1661 7315 1659 1659 7316 1659 1659 7317 1528 1528 7318 1536 1536 7319 1659 1659 7320 1661 1661 7321 1540 1540 7322 1540 1540 7323 1539 1539 7324 1659 1659 7325 1546 1546 7326 1521 1521 7327 1522 1522 7328 1522 1522 7329 1542 1542 7330 1546 1546 7331 1521 1521 7332 1546 1546 7333 1662 1662 7334 1662 1662 7335 1523 1523 7336 1521 1521 7337 1660 1660 7338 1524 1524 7339 1523 1523 7340 1523 1523 7341 1662 1662 7342 1660 1660 7343 1660 1660 7344 1300 1300 7345 1526 1526 7346 1295 1295 7347 1568 1568 7348 1660 1660 7349 1660 1660 7350 1662 1662 7351 1295 1295 7352 1295 1295 7353 1662 1662 7354 1546 1546 7355 1546 1546 7356 1296 1296 7357 1295 1295 7358 1304 1304 7359 1542 1542 7360 1541 1541 7361 1541 1541 7362 1306 1306 7363 1304 1304 7364 1537 1537 7365 1663 1663 7366 1306 1306 7367 1306 1306 7368 1541 1541 7369 1537 1537 7370 1664 1664 7371 1665 1665 7372 1306 1306 7373 1306 1306 7374 1663 1663 7375 1664 1664 7376 1540 1540 7377 1666 1666 7378 1663 1663 7379 1663 1663 7380 1537 1537 7381 1540 1540 7382 1553 1553 7383 1664 1664 7384 1663 1663 7385 1663 1663 7386 1666 1666 7387 1553 1553 7388 1661 1661 7389 1549 1549 7390 1666 1666 7391 1666 1666 7392 1540 1540 7393 1661 1661 7394 1661 1661 7395 1536 1536 7396 1548 1548 7397 1548 1548 7398 1549 1549 7399 1661 1661 7400 1557 1557 7401 1533 1533 7402 1532 1532 7403 1532 1532 7404 1555 1555 7405 1557 1557 7406 1551 1551 7407 1558 1558 7408 1554 1554 7409 1317 1317 7410 1333 1333 7411 1316 1316 7412 1543 1543 7413 1300 1300 7414 1299 1299 7415 1305 1305 7416 1347 1347 7417 1310 1310 7418 1310 1310 7419 1303 1303 7420 1305 1305 7421 1318 1318 7422 1319 1319 7423 1315 1315 7424 1323 1323 7425 1336 1336 7426 1572 1572 7427 1572 1572 7428 1322 1322 7429 1323 1323 7430 1574 1574 7431 1328 1328 7432 1324 1324 7433 1329 1329 7434 1331 1331 7435 1400 1400 7436 1400 1400 7437 1401 1401 7438 1329 1329 7439 1394 1394 7440 1395 1395 7441 1612 1612 7442 1612 1612 7443 1398 1398 7444 1394 1394 7445 1620 1620 7446 1443 1443 7447 1434 1434 7448 1434 1434 7449 1428 1428 7450 1620 1620 7451 1627 1627 7452 1443 1443 7453 1442 1442 7454 1639 1639 7455 1464 1464 7456 1472 1472 7457 1472 1472 7458 1474 1474 7459 1639 1639 7460 1520 1520 7461 1647 1647 7462 1508 1508 7463 1508 1508 7464 1509 1509 7465 1520 1520 7466 1524 1524 7467 1525 1525 7468 1520 1520 7469 1520 1520 7470 1523 1523 7471 1524 1524 7472 1530 1530 7473 1531 1531 7474 1529 1529 7475 1550 1550 7476 1553 1553 7477 1666 1666 7478 1666 1666 7479 1549 1549 7480 1550 1550 7481 1536 1536 7482 1534 1534 7483 1535 1535 7484 1535 1535 7485 1548 1548 7486 1536 1536 7487 1667 1667 7488 1470 1470 7489 1469 1469 7490 1469 1469 7491 1668 1668 7492 1667 1667 7493 1470 1470 7494 1667 1667 7495 1475 1475 7496 1669 1669 7497 1670 1670 7498 1512 1512 7499 1512 1512 7500 1476 1476 7501 1669 1669 7502 1669 1669 7503 1476 1476 7504 1475 1475 7505 1513 1513 7506 1512 1512 7507 1670 1670 7508 1382 1382 7509 1595 1595 7510 1594 1594 7511 1514 1514 7512 1671 1671 7513 1657 1657 7514 1672 1672 7515 1656 1656 7516 1657 1657 7517 1657 1657 7518 1671 1671 7519 1672 1672 7520 1656 1656 7521 1672 1672 7522 1655 1655 7523 1671 1671 7524 1513 1513 7525 1673 1673 7526 1672 1672 7527 1671 1671 7528 1673 1673 7529 1345 1345 7530 1341 1341 7531 1343 1343 7532 1551 1551 7533 1533 1533 7534 1558 1558 7535 1533 1533 7536 1557 1557 7537 1558 1558 7538 1344 1344 7539 1580 1580 7540 1578 1578 7541 1381 1381 7542 1604 1604 7543 1382 1382 7544 1601 1601 7545 1600 1600 7546 1376 1376 7547 1600 1600 7548 1601 1601 7549 1383 1383 7550 1516 1516 7551 1511 1511 7552 1502 1502 7553 1493 1493 7554 1655 1655 7555 1653 1653 7556 1514 1514 7557 1513 1513 7558 1671 1671 7559 1674 1674 7560 1637 1637 7561 1638 1638 7562 1675 1675 7563 1506 1506 7564 1676 1676 7565 1485 1485 7566 1486 1486 7567 1648 1648 7568 1480 1480 7569 1483 1483 7570 1638 1638 7571 1674 1674 7572 1622 1622 7573 1637 1637 7574 1625 1625 7575 1622 1622 7576 1674 1674 7577 1625 1625 7578 1624 1624 7579 1621 1621 7580 1624 1624 7581 1615 1615 7582 1616 1616 7583 1616 1616 7584 1621 1621 7585 1624 1624 7586 1623 1623 7587 1420 1420 7588 1615 1615 7589 1419 1419 7590 1402 1402 7591 1418 1418 7592 1403 1403 7593 1402 1402 7594 1419 1419 7595 1544 1544 7596 1676 1676 7597 1506 1506 7598 1506 1506 7599 1543 1543 7600 1544 1544 7601 1544 1544 7602 1575 1575 7603 1576 1576 7604 1676 1676 7605 1544 1544 7606 1576 1576 7607 1463 1463 7608 1462 1462 7609 1675 1675 7610 1461 1461 7611 1504 1504 7612 1462 1462 7613 1675 1675 7614 1462 1462 7615 1506 1506 7616 890 890 7617 892 892 7618 888 888 7619 890 890 7620 895 895 7621 892 892 7622 1393 1393 7623 1613 1613 7624 1677 1677 7625 1611 1611 7626 1393 1393 7627 1677 1677 7628 1412 1412 7629 1411 1411 7630 1413 1413 7631 1413 1413 7632 1678 1678 7633 1414 1414 7634 1531 1531 7635 1533 1533 7636 1529 1529 7637 587 587 7638 586 586 7639 565 565 7640 1182 1182 7641 1203 1203 7642 1204 1204 7643 1478 1478 7644 1489 1489 7645 1488 1488 7646 1378 1378 7647 1405 1405 7648 1410 1410 7649 1378 1378 7650 1598 1598 7651 1374 1374 7652 1409 1409 7653 1418 1418 7654 1404 1404 7655 1615 1615 7656 1409 1409 7657 1407 1407 7658 1328 1328 7659 1325 1325 7660 1324 1324 7661 1301 1301 7662 1310 1310 7663 1567 1567 7664 1479 1479 7665 1468 1468 7666 1477 1477 7667 1679 1679 7668 1287 1287 7669 1286 1286 7670 1286 1286 7671 1680 1680 7672 1679 1679 7673 1681 1681 7674 1679 1679 7675 1680 1680 7676 1680 1680 7677 1682 1682 7678 1681 1681 7679 1683 1683 7680 1681 1681 7681 1682 1682 7682 1682 1682 7683 1684 1684 7684 1683 1683 7685 1685 1685 7686 1683 1683 7687 1684 1684 7688 1684 1684 7689 1686 1686 7690 1685 1685 7691 446 446 7692 439 439 7693 153 153 7694 1074 1074 7695 814 814 7696 816 816 7697 1563 1563 7698 1568 1568 7699 1295 1295 7700 842 842 7701 683 683 7702 688 688 7703 1352 1352 7704 1351 1351 7705 1359 1359 7706 1359 1359 7707 1358 1358 7708 1352 1352 7709 1352 1352 7710 1342 1342 7711 1341 1341 7712 1602 1602 7713 1385 1385 7714 1386 1386 7715 1318 1318 7716 1320 1320 7717 1319 1319 7718 1660 1660 7719 1568 1568 7720 1300 1300 7721 1487 1487 7722 1641 1641 7723 1486 1486 7724 1645 1645 7725 1649 1649 7726 1486 1486 7727 1567 1567 7728 1310 1310 7729 1570 1570 7730 1565 1565 7731 1560 1560 7732 1297 1297 7733 1566 1566 7734 1561 1561 7735 1560 1560 7736 333 333 7737 330 330 7738 301 301 7739 934 934 7740 961 961 7741 963 963 7742 1356 1356 7743 1687 1687 7744 1355 1355 7745 673 673 7746 675 675 7747 829 829 7748 168 168 7749 167 167 7750 169 169 7751 169 169 7752 170 170 7753 168 168 7754 28 28 7755 167 167 7756 155 155 7757 155 155 7758 1 1 7759 28 28 7760 168 168 7761 172 172 7762 175 175 7763 175 175 7764 165 165 7765 168 168 7766 200 200 7767 173 173 7768 172 172 7769 172 172 7770 171 171 7771 200 200 7772 24 24 7773 26 26 7774 173 173 7775 173 173 7776 200 200 7777 24 24 7778 824 824 7779 825 825 7780 828 828 7781 828 828 7782 817 817 7783 824 824 7784 686 686 7785 685 685 7786 828 828 7787 828 828 7788 827 827 7789 686 686 7790 830 830 7791 831 831 7792 825 825 7793 825 825 7794 824 824 7795 830 830 7796 834 834 7797 831 831 7798 830 830 7799 830 830 7800 678 678 7801 834 834 7802 682 682 7803 834 834 7804 678 678 7805 678 678 7806 688 688 7807 682 682 7808 5 5 7809 29 29 7810 28 28 7811 25 25 7812 195 195 7813 26 26 7814 682 682 7815 688 688 7816 683 683 7817 685 685 7818 686 686 7819 656 656 7820 1579 1579 7821 1580 1580 7822 1581 1581 7823 166 166 7824 1688 1688 7825 184 184 7826 1689 1689 7827 1688 1688 7828 1690 1690 7829 174 174 7830 1691 1691 7831 1692 1692 7832 1691 1691 7833 174 174 7834 195 195 7835 1688 1688 7836 1689 1689 7837 184 184 7838 165 165 7839 175 175 7840 1693 1693 7841 1693 1693 7842 164 164 7843 165 165 7844 166 166 7845 164 164 7846 1693 1693 7847 175 175 7848 174 174 7849 1692 1692 7850 1692 1692 7851 1693 1693 7852 175 175 7853 1690 1690 7854 1688 1688 7855 1693 1693 7856 1693 1693 7857 1692 1692 7858 1690 1690 7859 1694 1694 7860 1690 1690 7861 1691 1691 7862 1694 1694 7863 1691 1691 7864 193 193 7865 193 193 7866 194 194 7867 1694 1694 7868 193 193 7869 1691 1691 7870 195 195 7871 1689 1689 7872 1695 1695 7873 184 184 7874 166 166 7875 1693 1693 7876 1688 1688 7877 1696 1696 7878 1697 1697 7879 1698 1698 7880 1696 1696 7881 1698 1698 7882 1699 1699 7883 1696 1696 7884 1699 1699 7885 1700 1700 7886 1696 1696 7887 1701 1701 7888 1702 1702 7889 1696 1696 7890 1702 1702 7891 1703 1703 7892 1696 1696 7893 1703 1703 7894 1697 1697 7895 1704 1704 7896 1705 1705 7897 1698 1698 7898 1698 1698 7899 1697 1697 7900 1704 1704 7901 1705 1705 7902 1706 1706 7903 1699 1699 7904 1699 1699 7905 1698 1698 7906 1705 1705 7907 1699 1699 7908 1706 1706 7909 1707 1707 7910 1707 1707 7911 1700 1700 7912 1699 1699 7913 1708 1708 7914 1709 1709 7915 1702 1702 7916 1702 1702 7917 1701 1701 7918 1708 1708 7919 1710 1710 7920 1703 1703 7921 1702 1702 7922 1702 1702 7923 1709 1709 7924 1710 1710 7925 1710 1710 7926 1704 1704 7927 1697 1697 7928 1697 1697 7929 1703 1703 7930 1710 1710 7931 1711 1711 7932 1712 1712 7933 1705 1705 7934 1705 1705 7935 1704 1704 7936 1711 1711 7937 1712 1712 7938 1713 1713 7939 1706 1706 7940 1706 1706 7941 1705 1705 7942 1712 1712 7943 1714 1714 7944 1707 1707 7945 1706 1706 7946 1706 1706 7947 1713 1713 7948 1714 1714 7949 1715 1715 7950 1716 1716 7951 1709 1709 7952 1709 1709 7953 1708 1708 7954 1715 1715 7955 1716 1716 7956 1717 1717 7957 1710 1710 7958 1710 1710 7959 1709 1709 7960 1716 1716 7961 1717 1717 7962 1711 1711 7963 1704 1704 7964 1704 1704 7965 1710 1710 7966 1717 1717 7967 1718 1718 7968 1712 1712 7969 1711 1711 7970 1711 1711 7971 1719 1719 7972 1718 1718 7973 1720 1720 7974 1713 1713 7975 1712 1712 7976 1712 1712 7977 1718 1718 7978 1720 1720 7979 1720 1720 7980 1721 1721 7981 1714 1714 7982 1714 1714 7983 1713 1713 7984 1720 1720 7985 1722 1722 7986 1723 1723 7987 1716 1716 7988 1716 1716 7989 1715 1715 7990 1722 1722 7991 1723 1723 7992 1724 1724 7993 1717 1717 7994 1717 1717 7995 1716 1716 7996 1723 1723 7997 1724 1724 7998 1719 1719 7999 1711 1711 8000 1711 1711 8001 1717 1717 8002 1724 1724 8003 1725 1725 8004 1726 1726 8005 1718 1718 8006 1718 1718 8007 1719 1719 8008 1725 1725 8009 1726 1726 8010 1727 1727 8011 1720 1720 8012 1720 1720 8013 1718 1718 8014 1726 1726 8015 1728 1728 8016 1721 1721 8017 1720 1720 8018 1720 1720 8019 1727 1727 8020 1728 1728 8021 1722 1722 8022 1729 1729 8023 1730 1730 8024 1730 1730 8025 1723 1723 8026 1722 1722 8027 1723 1723 8028 1730 1730 8029 1731 1731 8030 1731 1731 8031 1724 1724 8032 1723 1723 8033 1719 1719 8034 1724 1724 8035 1731 1731 8036 1731 1731 8037 1725 1725 8038 1719 1719 8039 1732 1732 8040 1733 1733 8041 1726 1726 8042 1726 1726 8043 1725 1725 8044 1732 1732 8045 1727 1727 8046 1726 1726 8047 1733 1733 8048 1733 1733 8049 1734 1734 8050 1727 1727 8051 1734 1734 8052 1735 1735 8053 1728 1728 8054 1728 1728 8055 1727 1727 8056 1734 1734 8057 1729 1729 8058 1736 1736 8059 1737 1737 8060 1737 1737 8061 1730 1730 8062 1729 1729 8063 1737 1737 8064 1738 1738 8065 1731 1731 8066 1731 1731 8067 1730 1730 8068 1737 1737 8069 1738 1738 8070 1732 1732 8071 1725 1725 8072 1725 1725 8073 1731 1731 8074 1738 1738 8075 1732 1732 8076 1739 1739 8077 1740 1740 8078 1740 1740 8079 1733 1733 8080 1732 1732 8081 1733 1733 8082 1740 1740 8083 1741 1741 8084 1741 1741 8085 1734 1734 8086 1733 1733 8087 1741 1741 8088 1742 1742 8089 1735 1735 8090 1735 1735 8091 1734 1734 8092 1741 1741 8093 1736 1736 8094 1743 1743 8095 1744 1744 8096 1744 1744 8097 1737 1737 8098 1736 1736 8099 1744 1744 8100 1745 1745 8101 1738 1738 8102 1738 1738 8103 1737 1737 8104 1744 1744 8105 1745 1745 8106 1739 1739 8107 1732 1732 8108 1732 1732 8109 1738 1738 8110 1745 1745 8111 1746 1746 8112 1740 1740 8113 1739 1739 8114 1746 1746 8115 1741 1741 8116 1740 1740 8117 1746 1746 8118 1742 1742 8119 1741 1741 8120 1746 1746 8121 1744 1744 8122 1743 1743 8123 1746 1746 8124 1745 1745 8125 1744 1744 8126 1746 1746 8127 1739 1739 8128 1745 1745 8129 1747 1747 8130 1748 1748 8131 1696 1696 8132 1696 1696 8133 1700 1700 8134 1747 1747 8135 1749 1749 8136 1701 1701 8137 1696 1696 8138 1696 1696 8139 1748 1748 8140 1749 1749 8141 1750 1750 8142 1747 1747 8143 1700 1700 8144 1700 1700 8145 1707 1707 8146 1750 1750 8147 1751 1751 8148 1708 1708 8149 1701 1701 8150 1701 1701 8151 1749 1749 8152 1751 1751 8153 1752 1752 8154 1750 1750 8155 1707 1707 8156 1707 1707 8157 1714 1714 8158 1752 1752 8159 1753 1753 8160 1715 1715 8161 1708 1708 8162 1708 1708 8163 1751 1751 8164 1753 1753 8165 1752 1752 8166 1714 1714 8167 1721 1721 8168 1721 1721 8169 1754 1754 8170 1752 1752 8171 1755 1755 8172 1722 1722 8173 1715 1715 8174 1715 1715 8175 1753 1753 8176 1755 1755 8177 1721 1721 8178 1728 1728 8179 1756 1756 8180 1756 1756 8181 1754 1754 8182 1721 1721 8183 1722 1722 8184 1755 1755 8185 1757 1757 8186 1757 1757 8187 1729 1729 8188 1722 1722 8189 1756 1756 8190 1728 1728 8191 1735 1735 8192 1735 1735 8193 1758 1758 8194 1756 1756 8195 1757 1757 8196 1759 1759 8197 1736 1736 8198 1736 1736 8199 1729 1729 8200 1757 1757 8201 1758 1758 8202 1735 1735 8203 1742 1742 8204 1742 1742 8205 1760 1760 8206 1758 1758 8207 1759 1759 8208 1761 1761 8209 1743 1743 8210 1743 1743 8211 1736 1736 8212 1759 1759 8213 1760 1760 8214 1742 1742 8215 1746 1746 8216 1746 1746 8217 1762 1762 8218 1760 1760 8219 1761 1761 8220 1762 1762 8221 1746 1746 8222 1746 1746 8223 1743 1743 8224 1761 1761 8225 1763 1763 8226 1764 1764 8227 1765 1765 8228 1763 1763 8229 1766 1766 8230 1764 1764 8231 1763 1763 8232 1767 1767 8233 1766 1766 8234 1763 1763 8235 1768 1768 8236 1769 1769 8237 1763 1763 8238 1770 1770 8239 1768 1768 8240 1763 1763 8241 1765 1765 8242 1770 1770 8243 1771 1771 8244 1765 1765 8245 1764 1764 8246 1764 1764 8247 1772 1772 8248 1771 1771 8249 1772 1772 8250 1764 1764 8251 1766 1766 8252 1766 1766 8253 1773 1773 8254 1772 1772 8255 1766 1766 8256 1767 1767 8257 1774 1774 8258 1774 1774 8259 1773 1773 8260 1766 1766 8261 1775 1775 8262 1769 1769 8263 1768 1768 8264 1768 1768 8265 1776 1776 8266 1775 1775 8267 1777 1777 8268 1776 1776 8269 1768 1768 8270 1768 1768 8271 1770 1770 8272 1777 1777 8273 1777 1777 8274 1770 1770 8275 1765 1765 8276 1765 1765 8277 1771 1771 8278 1777 1777 8279 1778 1778 8280 1771 1771 8281 1772 1772 8282 1772 1772 8283 1779 1779 8284 1778 1778 8285 1779 1779 8286 1772 1772 8287 1773 1773 8288 1773 1773 8289 1780 1780 8290 1779 1779 8291 1781 1781 8292 1780 1780 8293 1773 1773 8294 1773 1773 8295 1774 1774 8296 1781 1781 8297 1782 1782 8298 1775 1775 8299 1776 1776 8300 1776 1776 8301 1783 1783 8302 1782 1782 8303 1783 1783 8304 1776 1776 8305 1777 1777 8306 1777 1777 8307 1784 1784 8308 1783 1783 8309 1784 1784 8310 1777 1777 8311 1771 1771 8312 1771 1771 8313 1778 1778 8314 1784 1784 8315 1778 1778 8316 1779 1779 8317 1785 1785 8318 1785 1785 8319 1786 1786 8320 1778 1778 8321 1779 1779 8322 1780 1780 8323 1787 1787 8324 1787 1787 8325 1785 1785 8326 1779 1779 8327 1787 1787 8328 1780 1780 8329 1781 1781 8330 1781 1781 8331 1788 1788 8332 1787 1787 8333 1789 1789 8334 1782 1782 8335 1783 1783 8336 1783 1783 8337 1790 1790 8338 1789 1789 8339 1790 1790 8340 1783 1783 8341 1784 1784 8342 1784 1784 8343 1791 1791 8344 1790 1790 8345 1791 1791 8346 1784 1784 8347 1778 1778 8348 1778 1778 8349 1786 1786 8350 1791 1791 8351 1792 1792 8352 1786 1786 8353 1785 1785 8354 1785 1785 8355 1793 1793 8356 1792 1792 8357 1793 1793 8358 1785 1785 8359 1787 1787 8360 1787 1787 8361 1794 1794 8362 1793 1793 8363 1795 1795 8364 1794 1794 8365 1787 1787 8366 1787 1787 8367 1788 1788 8368 1795 1795 8369 1789 1789 8370 1790 1790 8371 1796 1796 8372 1796 1796 8373 1797 1797 8374 1789 1789 8375 1790 1790 8376 1791 1791 8377 1798 1798 8378 1798 1798 8379 1796 1796 8380 1790 1790 8381 1798 1798 8382 1791 1791 8383 1786 1786 8384 1786 1786 8385 1792 1792 8386 1798 1798 8387 1799 1799 8388 1792 1792 8389 1793 1793 8390 1793 1793 8391 1800 1800 8392 1799 1799 8393 1800 1800 8394 1793 1793 8395 1794 1794 8396 1794 1794 8397 1801 1801 8398 1800 1800 8399 1801 1801 8400 1794 1794 8401 1795 1795 8402 1795 1795 8403 1802 1802 8404 1801 1801 8405 1797 1797 8406 1796 1796 8407 1803 1803 8408 1803 1803 8409 1804 1804 8410 1797 1797 8411 1803 1803 8412 1796 1796 8413 1798 1798 8414 1798 1798 8415 1805 1805 8416 1803 1803 8417 1805 1805 8418 1798 1798 8419 1792 1792 8420 1792 1792 8421 1799 1799 8422 1805 1805 8423 1799 1799 8424 1800 1800 8425 1806 1806 8426 1806 1806 8427 1807 1807 8428 1799 1799 8429 1800 1800 8430 1801 1801 8431 1808 1808 8432 1808 1808 8433 1806 1806 8434 1800 1800 8435 1808 1808 8436 1801 1801 8437 1802 1802 8438 1802 1802 8439 1809 1809 8440 1808 1808 8441 1804 1804 8442 1803 1803 8443 1810 1810 8444 1810 1810 8445 1811 1811 8446 1804 1804 8447 1810 1810 8448 1803 1803 8449 1805 1805 8450 1805 1805 8451 1812 1812 8452 1810 1810 8453 1812 1812 8454 1805 1805 8455 1799 1799 8456 1799 1799 8457 1807 1807 8458 1812 1812 8459 1813 1813 8460 1807 1807 8461 1806 1806 8462 1813 1813 8463 1806 1806 8464 1808 1808 8465 1813 1813 8466 1808 1808 8467 1809 1809 8468 1813 1813 8469 1811 1811 8470 1810 1810 8471 1813 1813 8472 1810 1810 8473 1812 1812 8474 1813 1813 8475 1812 1812 8476 1807 1807 8477 1814 1814 8478 1767 1767 8479 1763 1763 8480 1763 1763 8481 1815 1815 8482 1814 1814 8483 1816 1816 8484 1815 1815 8485 1763 1763 8486 1763 1763 8487 1769 1769 8488 1816 1816 8489 1817 1817 8490 1774 1774 8491 1767 1767 8492 1767 1767 8493 1814 1814 8494 1817 1817 8495 1818 1818 8496 1816 1816 8497 1769 1769 8498 1769 1769 8499 1775 1775 8500 1818 1818 8501 1819 1819 8502 1781 1781 8503 1774 1774 8504 1774 1774 8505 1817 1817 8506 1819 1819 8507 1820 1820 8508 1818 1818 8509 1775 1775 8510 1775 1775 8511 1782 1782 8512 1820 1820 8513 1819 1819 8514 1821 1821 8515 1788 1788 8516 1788 1788 8517 1781 1781 8518 1819 1819 8519 1822 1822 8520 1820 1820 8521 1782 1782 8522 1782 1782 8523 1789 1789 8524 1822 1822 8525 1788 1788 8526 1821 1821 8527 1823 1823 8528 1823 1823 8529 1795 1795 8530 1788 1788 8531 1824 1824 8532 1822 1822 8533 1789 1789 8534 1789 1789 8535 1797 1797 8536 1824 1824 8537 1823 1823 8538 1825 1825 8539 1802 1802 8540 1802 1802 8541 1795 1795 8542 1823 1823 8543 1824 1824 8544 1797 1797 8545 1804 1804 8546 1804 1804 8547 1826 1826 8548 1824 1824 8549 1825 1825 8550 1827 1827 8551 1809 1809 8552 1809 1809 8553 1802 1802 8554 1825 1825 8555 1826 1826 8556 1804 1804 8557 1811 1811 8558 1811 1811 8559 1828 1828 8560 1826 1826 8561 1827 1827 8562 1829 1829 8563 1813 1813 8564 1813 1813 8565 1809 1809 8566 1827 1827 8567 1828 1828 8568 1811 1811 8569 1813 1813 8570 1813 1813 8571 1829 1829 8572 1828 1828 8573 15 15 8574 13 13 8575 21 21 8576 670 670 8577 662 662 8578 664 664 8579 2 2 8580 156 156 8581 158 158 8582 652 652 8583 1107 1107 8584 818 818 8585 1690 1690 8586 1692 1692 8587 1691 1691 8588 680 680 8589 679 679 8590 833 833 8591 217 217 8592 215 215 8593 218 218 8594 871 871 8595 867 867 8596 869 869 8597 216 216 8598 215 215 8599 217 217 8600 868 868 8601 689 689 8602 869 869 8603 689 689 8604 692 692 8605 869 869 8606 31 31 8607 216 216 8608 217 217 8609 2 2 8610 1 1 8611 155 155 8612 652 652 8613 820 820 8614 817 817 8615 1830 1830 8616 1831 1831 8617 1832 1832 8618 1832 1832 8619 1833 1833 8620 1830 1830 8621 1831 1831 8622 1830 1830 8623 1834 1834 8624 1834 1834 8625 1835 1835 8626 1831 1831 8627 1836 1836 8628 1837 1837 8629 1838 1838 8630 1838 1838 8631 1839 1839 8632 1836 1836 8633 1840 1840 8634 1841 1841 8635 1838 1838 8636 1838 1838 8637 1837 1837 8638 1840 1840 8639 1842 1842 8640 1843 1843 8641 1844 1844 8642 1844 1844 8643 1845 1845 8644 1842 1842 8645 1846 1846 8646 1847 1847 8647 1842 1842 8648 1842 1842 8649 1845 1845 8650 1846 1846 8651 1848 1848 8652 1849 1849 8653 1850 1850 8654 1850 1850 8655 1851 1851 8656 1848 1848 8657 1851 1851 8658 1850 1850 8659 1852 1852 8660 1852 1852 8661 1853 1853 8662 1851 1851 8663 1832 1832 8664 1854 1854 8665 1855 1855 8666 1855 1855 8667 1833 1833 8668 1832 1832 8669 1856 1856 8670 1836 1836 8671 1839 1839 8672 1839 1839 8673 1857 1857 8674 1856 1856 8675 1855 1855 8676 1854 1854 8677 1844 1844 8678 1844 1844 8679 1843 1843 8680 1855 1855 8681 1848 1848 8682 1856 1856 8683 1857 1857 8684 1857 1857 8685 1849 1849 8686 1848 1848 8687 1834 1834 8688 1858 1858 8689 1835 1835 8690 1846 1846 8691 1859 1859 8692 1847 1847 8693 1840 1840 8694 1860 1860 8695 1841 1841 8696 1852 1852 8697 1861 1861 8698 1853 1853 8699 1862 1862 8700 1863 1863 8701 1864 1864 8702 1865 1865 8703 1866 1866 8704 1867 1867 8705 1868 1868 8706 1867 1867 8707 1869 1869 8708 1870 1870 8709 1871 1871 8710 1872 1872 8711 1873 1873 8712 1874 1874 8713 1875 1875 8714 1876 1876 8715 1877 1877 8716 1878 1878 8717 1877 1877 8718 1876 1876 8719 1879 1879 8720 1874 1874 8721 1873 1873 8722 1880 1880 8723 1867 1867 8724 1881 1881 8725 1869 1869 8726 1881 1881 8727 1867 1867 8728 1866 1866 8729 1882 1882 8730 1881 1881 8731 1866 1866 8732 1883 1883 8733 1881 1881 8734 1882 1882 8735 1879 1879 8736 1876 1876 8737 1884 1884 8738 1870 1870 8739 1885 1885 8740 1886 1886 8741 1870 1870 8742 1886 1886 8743 1871 1871 8744 1887 1887 8745 1871 1871 8746 1886 1886 8747 1888 1888 8748 1889 1889 8749 1890 1890 8750 1882 1882 8751 1891 1891 8752 1883 1883 8753 1892 1892 8754 1883 1883 8755 1891 1891 8756 1891 1891 8757 1893 1893 8758 1892 1892 8759 1891 1891 8760 1882 1882 8761 1894 1894 8762 1894 1894 8763 1893 1893 8764 1891 1891 8765 1889 1889 8766 1895 1895 8767 1894 1894 8768 1894 1894 8769 1895 1895 8770 1893 1893 8771 1895 1895 8772 1889 1889 8773 1896 1896 8774 1890 1890 8775 1894 1894 8776 1882 1882 8777 1862 1862 8778 1897 1897 8779 1898 1898 8780 1898 1898 8781 1863 1863 8782 1862 1862 8783 1899 1899 8784 1898 1898 8785 1897 1897 8786 1897 1897 8787 1900 1900 8788 1899 1899 8789 1901 1901 8790 1902 1902 8791 1864 1864 8792 1864 1864 8793 1863 1863 8794 1901 1901 8795 1903 1903 8796 1902 1902 8797 1901 1901 8798 1901 1901 8799 1904 1904 8800 1903 1903 8801 1905 1905 8802 1903 1903 8803 1904 1904 8804 1904 1904 8805 1906 1906 8806 1905 1905 8807 1906 1906 8808 1907 1907 8809 1908 1908 8810 1908 1908 8811 1905 1905 8812 1906 1906 8813 1907 1907 8814 1909 1909 8815 1910 1910 8816 1910 1910 8817 1908 1908 8818 1907 1907 8819 1909 1909 8820 1911 1911 8821 1912 1912 8822 1912 1912 8823 1910 1910 8824 1909 1909 8825 1865 1865 8826 1867 1867 8827 1906 1906 8828 1906 1906 8829 1904 1904 8830 1865 1865 8831 1868 1868 8832 1907 1907 8833 1906 1906 8834 1906 1906 8835 1867 1867 8836 1868 1868 8837 1871 1871 8838 1865 1865 8839 1904 1904 8840 1904 1904 8841 1901 1901 8842 1871 1871 8843 1887 1887 8844 1866 1866 8845 1865 1865 8846 1865 1865 8847 1871 1871 8848 1887 1887 8849 1909 1909 8850 1907 1907 8851 1868 1868 8852 1868 1868 8853 1913 1913 8854 1909 1909 8855 1913 1913 8856 1868 1868 8857 1869 1869 8858 1869 1869 8859 1873 1873 8860 1913 1913 8861 1913 1913 8862 1914 1914 8863 1911 1911 8864 1911 1911 8865 1909 1909 8866 1913 1913 8867 1901 1901 8868 1863 1863 8869 1872 1872 8870 1872 1872 8871 1871 1871 8872 1901 1901 8873 1915 1915 8874 1872 1872 8875 1863 1863 8876 1863 1863 8877 1898 1898 8878 1915 1915 8879 1870 1870 8880 1872 1872 8881 1915 1915 8882 1915 1915 8883 1879 1879 8884 1870 1870 8885 1915 1915 8886 1898 1898 8887 1899 1899 8888 1899 1899 8889 1916 1916 8890 1915 1915 8891 1915 1915 8892 1916 1916 8893 1877 1877 8894 1877 1877 8895 1879 1879 8896 1915 1915 8897 1917 1917 8898 1880 1880 8899 1873 1873 8900 1873 1873 8901 1869 1869 8902 1917 1917 8903 1881 1881 8904 1918 1918 8905 1917 1917 8906 1917 1917 8907 1869 1869 8908 1881 1881 8909 1883 1883 8910 1919 1919 8911 1918 1918 8912 1918 1918 8913 1881 1881 8914 1883 1883 8915 1870 1870 8916 1879 1879 8917 1884 1884 8918 1884 1884 8919 1885 1885 8920 1870 1870 8921 1920 1920 8922 1888 1888 8923 1886 1886 8924 1886 1886 8925 1885 1885 8926 1920 1920 8927 1888 1888 8928 1890 1890 8929 1887 1887 8930 1887 1887 8931 1886 1886 8932 1888 1888 8933 1888 1888 8934 1920 1920 8935 1921 1921 8936 1921 1921 8937 1889 1889 8938 1888 1888 8939 1892 1892 8940 1922 1922 8941 1919 1919 8942 1919 1919 8943 1883 1883 8944 1892 1892 8945 1923 1923 8946 1896 1896 8947 1889 1889 8948 1889 1889 8949 1921 1921 8950 1923 1923 8951 1894 1894 8952 1890 1890 8953 1889 1889 8954 1873 1873 8955 1875 1875 8956 1914 1914 8957 1914 1914 8958 1913 1913 8959 1873 1873 8960 1882 1882 8961 1866 1866 8962 1887 1887 8963 1887 1887 8964 1890 1890 8965 1882 1882 8966 1893 1893 8967 1924 1924 8968 1922 1922 8969 1922 1922 8970 1892 1892 8971 1893 1893 8972 1925 1925 8973 1924 1924 8974 1893 1893 8975 1893 1893 8976 1895 1895 8977 1925 1925 8978 1896 1896 8979 1923 1923 8980 1925 1925 8981 1925 1925 8982 1895 1895 8983 1896 1896 8984 1926 1926 8985 1927 1927 8986 1928 1928 8987 1929 1929 8988 1930 1930 8989 1931 1931 8990 1931 1931 8991 1932 1932 8992 1929 1929 8993 1933 1933 8994 1930 1930 8995 1929 1929 8996 1934 1934 8997 1935 1935 8998 1933 1933 8999 1933 1933 9000 1929 1929 9001 1934 1934 9002 1936 1936 9003 1937 1937 9004 1935 1935 9005 1935 1935 9006 1934 1934 9007 1936 1936 9008 1938 1938 9009 1937 1937 9010 1936 1936 9011 1938 1938 9012 1936 1936 9013 1939 1939 9014 1939 1939 9015 1928 1928 9016 1927 1927 9017 1927 1927 9018 1938 1938 9019 1939 1939 9020 1940 1940 9021 1941 1941 9022 1942 1942 9023 1943 1943 9024 1944 1944 9025 1945 1945 9026 1945 1945 9027 1946 1946 9028 1943 1943 9029 1943 1943 9030 1947 1947 9031 1948 1948 9032 1948 1948 9033 1944 1944 9034 1943 1943 9035 1949 1949 9036 1950 1950 9037 1951 1951 9038 1951 1951 9039 1952 1952 9040 1949 1949 9041 1940 1940 9042 1949 1949 9043 1952 1952 9044 1952 1952 9045 1953 1953 9046 1940 1940 9047 1954 1954 9048 1955 1955 9049 1942 1942 9050 1942 1942 9051 1956 1956 9052 1954 1954 9053 1957 1957 9054 1958 1958 9055 1950 1950 9056 1950 1950 9057 1949 1949 9058 1957 1957 9059 1947 1947 9060 1959 1959 9061 1958 1958 9062 1958 1958 9063 1957 1957 9064 1947 1947 9065 1947 1947 9066 1943 1943 9067 1960 1960 9068 1960 1960 9069 1959 1959 9070 1947 1947 9071 1953 1953 9072 1961 1961 9073 1941 1941 9074 1941 1941 9075 1940 1940 9076 1953 1953 9077 1949 1949 9078 1955 1955 9079 1962 1962 9080 1962 1962 9081 1957 1957 9082 1949 1949 9083 1963 1963 9084 1948 1948 9085 1962 1962 9086 1962 1962 9087 1964 1964 9088 1963 1963 9089 1943 1943 9090 1946 1946 9091 1965 1965 9092 1965 1965 9093 1960 1960 9094 1943 1943 9095 1946 1946 9096 1966 1966 9097 1967 1967 9098 1967 1967 9099 1965 1965 9100 1946 1946 9101 1945 1945 9102 1968 1968 9103 1966 1966 9104 1966 1966 9105 1946 1946 9106 1945 1945 9107 1968 1968 9108 1969 1969 9109 1970 1970 9110 1941 1941 9111 1961 1961 9112 1971 1971 9113 1971 1971 9114 1972 1972 9115 1941 1941 9116 1973 1973 9117 1974 1974 9118 1975 1975 9119 1975 1975 9120 1976 1976 9121 1973 1973 9122 1956 1956 9123 1975 1975 9124 1977 1977 9125 1977 1977 9126 1954 1954 9127 1956 1956 9128 1954 1954 9129 1977 1977 9130 1978 1978 9131 1978 1978 9132 1964 1964 9133 1954 1954 9134 1963 1963 9135 1964 1964 9136 1978 1978 9137 1978 1978 9138 1979 1979 9139 1963 1963 9140 1980 1980 9141 1981 1981 9142 1982 1982 9143 1982 1982 9144 1979 1979 9145 1980 1980 9146 1983 1983 9147 1982 1982 9148 1981 1981 9149 1981 1981 9150 1984 1984 9151 1983 1983 9152 1985 1985 9153 1983 1983 9154 1984 1984 9155 1984 1984 9156 1986 1986 9157 1985 1985 9158 1987 1987 9159 1985 1985 9160 1986 1986 9161 1986 1986 9162 1988 1988 9163 1987 1987 9164 1972 1972 9165 1989 1989 9166 1990 1990 9167 1990 1990 9168 1941 1941 9169 1972 1972 9170 1991 1991 9171 1992 1992 9172 1993 1993 9173 1993 1993 9174 1994 1994 9175 1991 1991 9176 1994 1994 9177 1974 1974 9178 1995 1995 9179 1995 1995 9180 1991 1991 9181 1994 1994 9182 1980 1980 9183 1993 1993 9184 1992 1992 9185 1992 1992 9186 1996 1996 9187 1980 1980 9188 1996 1996 9189 1997 1997 9190 1981 1981 9191 1981 1981 9192 1980 1980 9193 1996 1996 9194 1998 1998 9195 1984 1984 9196 1981 1981 9197 1981 1981 9198 1997 1997 9199 1998 1998 9200 1999 1999 9201 1986 1986 9202 1984 1984 9203 1984 1984 9204 1998 1998 9205 1999 1999 9206 1999 1999 9207 2000 2000 9208 1988 1988 9209 1988 1988 9210 1986 1986 9211 1999 1999 9212 2001 2001 9213 2002 2002 9214 1973 1973 9215 1973 1973 9216 2003 2003 9217 2001 2001 9218 1995 1995 9219 1974 1974 9220 1973 1973 9221 1973 1973 9222 2002 2002 9223 1995 1995 9224 1995 1995 9225 2004 2004 9226 2005 2005 9227 2005 2005 9228 1991 1991 9229 1995 1995 9230 2002 2002 9231 2006 2006 9232 2004 2004 9233 2004 2004 9234 1995 1995 9235 2002 2002 9236 2005 2005 9237 2007 2007 9238 1992 1992 9239 1992 1992 9240 1991 1991 9241 2005 2005 9242 2007 2007 9243 2008 2008 9244 1996 1996 9245 1996 1996 9246 1992 1992 9247 2007 2007 9248 1997 1997 9249 1996 1996 9250 2008 2008 9251 2008 2008 9252 2009 2009 9253 1997 1997 9254 1997 1997 9255 2009 2009 9256 2010 2010 9257 2010 2010 9258 1998 1998 9259 1997 1997 9260 2010 2010 9261 2011 2011 9262 1999 1999 9263 1999 1999 9264 1998 1998 9265 2010 2010 9266 2011 2011 9267 2012 2012 9268 2000 2000 9269 2000 2000 9270 1999 1999 9271 2011 2011 9272 2006 2006 9273 2002 2002 9274 2001 2001 9275 2001 2001 9276 2013 2013 9277 2006 2006 9278 2014 2014 9279 2007 2007 9280 2005 2005 9281 2005 2005 9282 2015 2015 9283 2014 2014 9284 2004 2004 9285 2016 2016 9286 2015 2015 9287 2015 2015 9288 2005 2005 9289 2004 2004 9290 2007 2007 9291 2014 2014 9292 2017 2017 9293 2017 2017 9294 2008 2008 9295 2007 2007 9296 2018 2018 9297 2009 2009 9298 2008 2008 9299 2008 2008 9300 2017 2017 9301 2018 2018 9302 2019 2019 9303 2010 2010 9304 2009 2009 9305 2009 2009 9306 2018 2018 9307 2019 2019 9308 2019 2019 9309 2020 2020 9310 2011 2011 9311 2011 2011 9312 2010 2010 9313 2019 2019 9314 2011 2011 9315 2020 2020 9316 2021 2021 9317 2021 2021 9318 2012 2012 9319 2011 2011 9320 2013 2013 9321 2022 2022 9322 2023 2023 9323 2023 2023 9324 2006 2006 9325 2013 2013 9326 2006 2006 9327 2023 2023 9328 2016 2016 9329 2016 2016 9330 2004 2004 9331 2006 2006 9332 1974 1974 9333 1994 1994 9334 1977 1977 9335 1977 1977 9336 1975 1975 9337 1974 1974 9338 1977 1977 9339 1994 1994 9340 1993 1993 9341 1993 1993 9342 1978 1978 9343 1977 1977 9344 1993 1993 9345 1980 1980 9346 1979 1979 9347 1979 1979 9348 1978 1978 9349 1993 1993 9350 2024 2024 9351 1963 1963 9352 1979 1979 9353 1979 1979 9354 1982 1982 9355 2024 2024 9356 2025 2025 9357 2024 2024 9358 1982 1982 9359 1982 1982 9360 1983 1983 9361 2025 2025 9362 2026 2026 9363 2025 2025 9364 1983 1983 9365 1983 1983 9366 1985 1985 9367 2026 2026 9368 2027 2027 9369 1969 1969 9370 2026 2026 9371 2026 2026 9372 2028 2028 9373 2027 2027 9374 2029 2029 9375 2003 2003 9376 1973 1973 9377 1973 1973 9378 1976 1976 9379 2029 2029 9380 1950 1950 9381 2030 2030 9382 2031 2031 9383 2031 2031 9384 1951 1951 9385 1950 1950 9386 1958 1958 9387 2032 2032 9388 2030 2030 9389 2030 2030 9390 1950 1950 9391 1958 1958 9392 1959 1959 9393 2033 2033 9394 2032 2032 9395 2032 2032 9396 1958 1958 9397 1959 1959 9398 2034 2034 9399 2033 2033 9400 1959 1959 9401 1959 1959 9402 1960 1960 9403 2034 2034 9404 2035 2035 9405 2034 2034 9406 1960 1960 9407 1960 1960 9408 1965 1965 9409 2035 2035 9410 2036 2036 9411 2035 2035 9412 1965 1965 9413 1965 1965 9414 1967 1967 9415 2036 2036 9416 2024 2024 9417 2025 2025 9418 1945 1945 9419 1945 1945 9420 1944 1944 9421 2024 2024 9422 1963 1963 9423 2024 2024 9424 1944 1944 9425 1944 1944 9426 1948 1948 9427 1963 1963 9428 1955 1955 9429 1949 1949 9430 1940 1940 9431 1940 1940 9432 1942 1942 9433 1955 1955 9434 1955 1955 9435 1954 1954 9436 1964 1964 9437 1964 1964 9438 1962 1962 9439 1955 1955 9440 1948 1948 9441 1947 1947 9442 1957 1957 9443 1957 1957 9444 1962 1962 9445 1948 1948 9446 2025 2025 9447 2026 2026 9448 1969 1969 9449 1969 1969 9450 1945 1945 9451 2025 2025 9452 2027 2027 9453 2037 2037 9454 1970 1970 9455 1970 1970 9456 1969 1969 9457 2027 2027 9458 1945 1945 9459 1969 1969 9460 1968 1968 9461 1985 1985 9462 1987 1987 9463 2028 2028 9464 2028 2028 9465 2026 2026 9466 1985 1985 9467 1989 1989 9468 2029 2029 9469 1976 1976 9470 1976 1976 9471 1990 1990 9472 1989 1989 9473 1956 1956 9474 1990 1990 9475 1976 1976 9476 1976 1976 9477 1975 1975 9478 1956 1956 9479 1941 1941 9480 1990 1990 9481 1956 1956 9482 1956 1956 9483 1942 1942 9484 1941 1941 9485 2038 2038 9486 2039 2039 9487 2040 2040 9488 2041 2041 9489 2042 2042 9490 2043 2043 9491 2044 2044 9492 2045 2045 9493 2042 2042 9494 2046 2046 9495 2047 2047 9496 2048 2048 9497 2049 2049 9498 2050 2050 9499 2051 2051 9500 2052 2052 9501 2053 2053 9502 2054 2054 9503 2054 2054 9504 2055 2055 9505 2052 2052 9506 2051 2051 9507 2056 2056 9508 2049 2049 9509 2042 2042 9510 2045 2045 9511 2057 2057 9512 2057 2057 9513 2043 2043 9514 2042 2042 9515 2058 2058 9516 2043 2043 9517 2057 2057 9518 2059 2059 9519 2058 2058 9520 2057 2057 9521 2055 2055 9522 2060 2060 9523 2052 2052 9524 2046 2046 9525 2061 2061 9526 2062 2062 9527 2046 2046 9528 2048 2048 9529 2061 2061 9530 2063 2063 9531 2061 2061 9532 2048 2048 9533 2064 2064 9534 2065 2065 9535 2066 2066 9536 2058 2058 9537 2059 2059 9538 2067 2067 9539 2068 2068 9540 2067 2067 9541 2059 2059 9542 2067 2067 9543 2068 2068 9544 2069 2069 9545 2067 2067 9546 2070 2070 9547 2058 2058 9548 2070 2070 9549 2067 2067 9550 2069 2069 9551 2066 2066 9552 2070 2070 9553 2071 2071 9554 2070 2070 9555 2069 2069 9556 2071 2071 9557 2071 2071 9558 2072 2072 9559 2066 2066 9560 2065 2065 9561 2058 2058 9562 2070 2070 9563 2038 2038 9564 2040 2040 9565 2073 2073 9566 2073 2073 9567 2074 2074 9568 2038 2038 9569 2075 2075 9570 2076 2076 9571 2074 2074 9572 2074 2074 9573 2073 2073 9574 2075 2075 9575 2077 2077 9576 2040 2040 9577 2039 2039 9578 2039 2039 9579 2078 2078 9580 2077 2077 9581 2079 2079 9582 2080 2080 9583 2077 2077 9584 2077 2077 9585 2078 2078 9586 2079 2079 9587 2081 2081 9588 2082 2082 9589 2080 2080 9590 2080 2080 9591 2079 2079 9592 2081 2081 9593 2082 2082 9594 2081 2081 9595 2083 2083 9596 2083 2083 9597 2084 2084 9598 2082 2082 9599 2084 2084 9600 2083 2083 9601 2085 2085 9602 2085 2085 9603 2086 2086 9604 2084 2084 9605 2086 2086 9606 2085 2085 9607 2087 2087 9608 2087 2087 9609 2088 2088 9610 2086 2086 9611 2041 2041 9612 2080 2080 9613 2082 2082 9614 2082 2082 9615 2042 2042 9616 2041 2041 9617 2044 2044 9618 2042 2042 9619 2082 2082 9620 2082 2082 9621 2084 2084 9622 2044 2044 9623 2048 2048 9624 2077 2077 9625 2080 2080 9626 2080 2080 9627 2041 2041 9628 2048 2048 9629 2063 2063 9630 2048 2048 9631 2041 2041 9632 2041 2041 9633 2043 2043 9634 2063 2063 9635 2086 2086 9636 2089 2089 9637 2044 2044 9638 2044 2044 9639 2084 2084 9640 2086 2086 9641 2089 2089 9642 2049 2049 9643 2045 2045 9644 2045 2045 9645 2044 2044 9646 2089 2089 9647 2089 2089 9648 2086 2086 9649 2088 2088 9650 2088 2088 9651 2090 2090 9652 2089 2089 9653 2077 2077 9654 2048 2048 9655 2047 2047 9656 2047 2047 9657 2040 2040 9658 2077 2077 9659 2091 2091 9660 2073 2073 9661 2040 2040 9662 2040 2040 9663 2047 2047 9664 2091 2091 9665 2046 2046 9666 2055 2055 9667 2091 2091 9668 2091 2091 9669 2047 2047 9670 2046 2046 9671 2091 2091 9672 2092 2092 9673 2075 2075 9674 2075 2075 9675 2073 2073 9676 2091 2091 9677 2091 2091 9678 2055 2055 9679 2054 2054 9680 2054 2054 9681 2092 2092 9682 2091 2091 9683 2093 2093 9684 2045 2045 9685 2049 2049 9686 2049 2049 9687 2056 2056 9688 2093 2093 9689 2057 2057 9690 2045 2045 9691 2093 2093 9692 2093 2093 9693 2094 2094 9694 2057 2057 9695 2059 2059 9696 2057 2057 9697 2094 2094 9698 2094 2094 9699 2095 2095 9700 2059 2059 9701 2046 2046 9702 2062 2062 9703 2060 2060 9704 2060 2060 9705 2055 2055 9706 2046 2046 9707 2096 2096 9708 2062 2062 9709 2061 2061 9710 2061 2061 9711 2064 2064 9712 2096 2096 9713 2064 2064 9714 2061 2061 9715 2063 2063 9716 2063 2063 9717 2065 2065 9718 2064 2064 9719 2064 2064 9720 2066 2066 9721 2097 2097 9722 2097 2097 9723 2096 2096 9724 2064 2064 9725 2068 2068 9726 2059 2059 9727 2095 2095 9728 2095 2095 9729 2098 2098 9730 2068 2068 9731 2099 2099 9732 2097 2097 9733 2066 2066 9734 2066 2066 9735 2072 2072 9736 2099 2099 9737 2070 2070 9738 2066 2066 9739 2065 2065 9740 2049 2049 9741 2089 2089 9742 2090 2090 9743 2090 2090 9744 2050 2050 9745 2049 2049 9746 2058 2058 9747 2065 2065 9748 2063 2063 9749 2063 2063 9750 2043 2043 9751 2058 2058 9752 2069 2069 9753 2068 2068 9754 2098 2098 9755 2098 2098 9756 2100 2100 9757 2069 2069 9758 2101 2101 9759 2071 2071 9760 2069 2069 9761 2069 2069 9762 2100 2100 9763 2101 2101 9764 2072 2072 9765 2071 2071 9766 2101 2101 9767 2101 2101 9768 2099 2099 9769 2072 2072 9770 2102 2102 9771 2103 2103 9772 2104 2104 9773 2105 2105 9774 2106 2106 9775 2107 2107 9776 2107 2107 9777 2108 2108 9778 2105 2105 9779 2109 2109 9780 2105 2105 9781 2108 2108 9782 2110 2110 9783 2105 2105 9784 2109 2109 9785 2109 2109 9786 2111 2111 9787 2110 2110 9788 2112 2112 9789 2110 2110 9790 2111 2111 9791 2111 2111 9792 2113 2113 9793 2112 2112 9794 2114 2114 9795 2112 2112 9796 2113 2113 9797 2114 2114 9798 2115 2115 9799 2112 2112 9800 2115 2115 9801 2114 2114 9802 2104 2104 9803 2104 2104 9804 2103 2103 9805 2115 2115 9806 2116 2116 9807 2117 2117 9808 2118 2118 9809 2119 2119 9810 2120 2120 9811 2121 2121 9812 2121 2121 9813 2122 2122 9814 2119 2119 9815 2119 2119 9816 2122 2122 9817 2123 2123 9818 2123 2123 9819 2124 2124 9820 2119 2119 9821 2125 2125 9822 1952 1952 9823 1951 1951 9824 1951 1951 9825 2126 2126 9826 2125 2125 9827 2116 2116 9828 1953 1953 9829 1952 1952 9830 1952 1952 9831 2125 2125 9832 2116 2116 9833 2127 2127 9834 2128 2128 9835 2117 2117 9836 2117 2117 9837 2129 2129 9838 2127 2127 9839 2130 2130 9840 2125 2125 9841 2126 2126 9842 2126 2126 9843 2131 2131 9844 2130 2130 9845 2124 2124 9846 2130 2130 9847 2131 2131 9848 2131 2131 9849 2132 2132 9850 2124 2124 9851 2124 2124 9852 2132 2132 9853 2133 2133 9854 2133 2133 9855 2119 2119 9856 2124 2124 9857 1953 1953 9858 2116 2116 9859 2118 2118 9860 2118 2118 9861 1961 1961 9862 1953 1953 9863 2125 2125 9864 2130 2130 9865 2134 2134 9866 2134 2134 9867 2129 2129 9868 2125 2125 9869 2135 2135 9870 2136 2136 9871 2134 2134 9872 2134 2134 9873 2123 2123 9874 2135 2135 9875 2119 2119 9876 2133 2133 9877 2137 2137 9878 2137 2137 9879 2120 2120 9880 2119 2119 9881 2120 2120 9882 2137 2137 9883 1967 1967 9884 1967 1967 9885 1966 1966 9886 2120 2120 9887 2121 2121 9888 2120 2120 9889 1966 1966 9890 1966 1966 9891 1968 1968 9892 2121 2121 9893 1968 1968 9894 1970 1970 9895 2138 2138 9896 2118 2118 9897 2139 2139 9898 1971 1971 9899 1971 1971 9900 1961 1961 9901 2118 2118 9902 2140 2140 9903 2141 2141 9904 2142 2142 9905 2142 2142 9906 2143 2143 9907 2140 2140 9908 2128 2128 9909 2127 2127 9910 2144 2144 9911 2144 2144 9912 2142 2142 9913 2128 2128 9914 2145 2145 9915 2146 2146 9916 2147 2147 9917 2147 2147 9918 2148 2148 9919 2145 2145 9920 2149 2149 9921 2150 2150 9922 2147 2147 9923 2147 2147 9924 2146 2146 9925 2149 2149 9926 2151 2151 9927 2152 2152 9928 2153 2153 9929 2153 2153 9930 2154 2154 9931 2151 2151 9932 2155 2155 9933 2156 2156 9934 2154 2154 9935 2154 2154 9936 2153 2153 9937 2155 2155 9938 2157 2157 9939 2158 2158 9940 2156 2156 9941 2156 2156 9942 2155 2155 9943 2157 2157 9944 2159 2159 9945 2160 2160 9946 2158 2158 9947 2158 2158 9948 2157 2157 9949 2159 2159 9950 2139 2139 9951 2118 2118 9952 2161 2161 9953 2161 2161 9954 2162 2162 9955 2139 2139 9956 2163 2163 9957 2164 2164 9958 2165 2165 9959 2165 2165 9960 2166 2166 9961 2163 2163 9962 2164 2164 9963 2163 2163 9964 2167 2167 9965 2167 2167 9966 2143 2143 9967 2164 2164 9968 2151 2151 9969 2168 2168 9970 2166 2166 9971 2166 2166 9972 2165 2165 9973 2151 2151 9974 2168 2168 9975 2151 2151 9976 2154 2154 9977 2154 2154 9978 2169 2169 9979 2168 2168 9980 2170 2170 9981 2169 2169 9982 2154 2154 9983 2154 2154 9984 2156 2156 9985 2170 2170 9986 2171 2171 9987 2170 2170 9988 2156 2156 9989 2156 2156 9990 2158 2158 9991 2171 2171 9992 2171 2171 9993 2158 2158 9994 2160 2160 9995 2160 2160 9996 2172 2172 9997 2171 2171 9998 2173 2173 9999 2174 2174 10000 2140 2140 10001 2140 2140 10002 2175 2175 10003 2173 2173 10004 2167 2167 10005 2175 2175 10006 2140 2140 10007 2140 2140 10008 2143 2143 10009 2167 2167 10010 2167 2167 10011 2163 2163 10012 2176 2176 10013 2176 2176 10014 2177 2177 10015 2167 2167 10016 2175 2175 10017 2167 2167 10018 2177 2177 10019 2177 2177 10020 2178 2178 10021 2175 2175 10022 2176 2176 10023 2163 2163 10024 2166 2166 10025 2166 2166 10026 2179 2179 10027 2176 2176 10028 2179 2179 10029 2166 2166 10030 2168 2168 10031 2168 2168 10032 2180 2180 10033 2179 2179 10034 2169 2169 10035 2181 2181 10036 2180 2180 10037 2180 2180 10038 2168 2168 10039 2169 2169 10040 2169 2169 10041 2170 2170 10042 2182 2182 10043 2182 2182 10044 2181 2181 10045 2169 2169 10046 2182 2182 10047 2170 2170 10048 2171 2171 10049 2171 2171 10050 2183 2183 10051 2182 2182 10052 2183 2183 10053 2171 2171 10054 2172 2172 10055 2172 2172 10056 2184 2184 10057 2183 2183 10058 2178 2178 10059 2185 2185 10060 2173 2173 10061 2173 2173 10062 2175 2175 10063 2178 2178 10064 2186 2186 10065 2187 2187 10066 2176 2176 10067 2176 2176 10068 2179 2179 10069 2186 2186 10070 2177 2177 10071 2176 2176 10072 2187 2187 10073 2187 2187 10074 2188 2188 10075 2177 2177 10076 2179 2179 10077 2180 2180 10078 2189 2189 10079 2189 2189 10080 2186 2186 10081 2179 2179 10082 2190 2190 10083 2189 2189 10084 2180 2180 10085 2180 2180 10086 2181 2181 10087 2190 2190 10088 2191 2191 10089 2190 2190 10090 2181 2181 10091 2181 2181 10092 2182 2182 10093 2191 2191 10094 2191 2191 10095 2182 2182 10096 2183 2183 10097 2183 2183 10098 2192 2192 10099 2191 2191 10100 2183 2183 10101 2184 2184 10102 2193 2193 10103 2193 2193 10104 2192 2192 10105 2183 2183 10106 2185 2185 10107 2178 2178 10108 2194 2194 10109 2194 2194 10110 2195 2195 10111 2185 2185 10112 2178 2178 10113 2177 2177 10114 2188 2188 10115 2188 2188 10116 2194 2194 10117 2178 2178 10118 2143 2143 10119 2142 2142 10120 2144 2144 10121 2144 2144 10122 2164 2164 10123 2143 2143 10124 2148 2148 10125 2147 2147 10126 2196 2196 10127 2196 2196 10128 2197 2197 10129 2148 2148 10130 2196 2196 10131 2147 2147 10132 2150 2150 10133 2150 2150 10134 2198 2198 10135 2196 2196 10136 2199 2199 10137 2153 2153 10138 2152 2152 10139 2152 2152 10140 2135 2135 10141 2199 2199 10142 2200 2200 10143 2155 2155 10144 2153 2153 10145 2153 2153 10146 2199 2199 10147 2200 2200 10148 2201 2201 10149 2157 2157 10150 2155 2155 10151 2155 2155 10152 2200 2200 10153 2201 2201 10154 2202 2202 10155 2203 2203 10156 2201 2201 10157 2201 2201 10158 2138 2138 10159 2202 2202 10160 2204 2204 10161 2141 2141 10162 2140 2140 10163 2140 2140 10164 2174 2174 10165 2204 2204 10166 2126 2126 10167 1951 1951 10168 2031 2031 10169 2031 2031 10170 2205 2205 10171 2126 2126 10172 2131 2131 10173 2126 2126 10174 2205 2205 10175 2205 2205 10176 2206 2206 10177 2131 2131 10178 2132 2132 10179 2131 2131 10180 2206 2206 10181 2206 2206 10182 2207 2207 10183 2132 2132 10184 2208 2208 10185 2133 2133 10186 2132 2132 10187 2132 2132 10188 2207 2207 10189 2208 2208 10190 2209 2209 10191 2137 2137 10192 2133 2133 10193 2133 2133 10194 2208 2208 10195 2209 2209 10196 2036 2036 10197 1967 1967 10198 2137 2137 10199 2137 2137 10200 2209 2209 10201 2036 2036 10202 2199 2199 10203 2122 2122 10204 2121 2121 10205 2121 2121 10206 2200 2200 10207 2199 2199 10208 2135 2135 10209 2123 2123 10210 2122 2122 10211 2122 2122 10212 2199 2199 10213 2135 2135 10214 2129 2129 10215 2117 2117 10216 2116 2116 10217 2116 2116 10218 2125 2125 10219 2129 2129 10220 2129 2129 10221 2134 2134 10222 2136 2136 10223 2136 2136 10224 2127 2127 10225 2129 2129 10226 2123 2123 10227 2134 2134 10228 2130 2130 10229 2130 2130 10230 2124 2124 10231 2123 2123 10232 2200 2200 10233 2121 2121 10234 2138 2138 10235 2138 2138 10236 2201 2201 10237 2200 2200 10238 2202 2202 10239 2138 2138 10240 1970 1970 10241 1970 1970 10242 2037 2037 10243 2202 2202 10244 2121 2121 10245 1968 1968 10246 2138 2138 10247 2157 2157 10248 2201 2201 10249 2203 2203 10250 2203 2203 10251 2159 2159 10252 2157 2157 10253 2162 2162 10254 2161 2161 10255 2141 2141 10256 2141 2141 10257 2204 2204 10258 2162 2162 10259 2128 2128 10260 2142 2142 10261 2141 2141 10262 2141 2141 10263 2161 2161 10264 2128 2128 10265 2118 2118 10266 2117 2117 10267 2128 2128 10268 2128 2128 10269 2161 2161 10270 2118 2118 10271</p>
        </triangles>
      </mesh>
    </geometry>
  </library_geometries>
  <library_controllers>
    <controller id="Bip001_Pelvis_aladdin_lod0-skin" name="Bip001_Pelvis">
      <skin source="#aladdin_lod0_mesh0000-mesh">
        <bind_shape_matrix>0.01 1.7776e-11 1.42508e-10 -7.32991e-8 4.92122e-10 0.009999999 -5.82519e-11 0.01020151 6.50502e-12 -1.16459e-10 0.009999999 -0.1784878 0 0 0 1</bind_shape_matrix>
        <source id="Bip001_Pelvis_aladdin_lod0-skin-joints">
          <Name_array id="Bip001_Pelvis_aladdin_lod0-skin-joints-array" count="59">Bip001_Spine Bip001_L_Thigh Bip001_L_Calf Bip001_L_Foot Bip001_L_Toe0 Bip001_R_Thigh Bip001_R_Calf Bip001_R_Foot Bip001_R_Toe0 Bip001_Spine1 Bip001_Spine2 Bip001_Neck Bip001_Head Bip001_eye_L Bip001_eye_R Bip001_eyebrow_L_1 Bip001_eyebrow_L_2 Bip001_eyebrow_L_3 Bip001_eyebrow_R_1 Bip001_eyebrow_R_2 Bip001_eyebrow_R_3 Bip001_eyelid_L_bottom Bip001_eyelid_L_top Bip001_eyelid_R_bottom Bip001_eyelid_R_top Bip001_hair_L Bip001_hair_M Bip001_hair_M02 Bip001_hair_M03 Bip001_hair_R Bip001_Jaw Bip001_lip_bottom_L Bip001_lip_bottom_R Bip001_teeth_bot Bip001_lip_corner_L Bip001_lip_corner_R Bip001_lip_top_L Bip001_lip_top_R Bip001_teeth_top Bip001_L_Clavicle Bip001_L_UpperArm Bip001_L_Forearm Bip001_L_Hand Bip001_L_Finger0 Bip001_L_Finger01 Bip001_L_Finger1 Bip001_L_Finger11 Bip001_L_Finger2 Bip001_L_Finger21 Bip001_R_Clavicle Bip001_R_UpperArm Bip001_R_Forearm Bip001_R_Hand Bip001_R_Finger0 Bip001_R_Finger01 Bip001_R_Finger1 Bip001_R_Finger11 Bip001_R_Finger2 Bip001_R_Finger21</Name_array>
          <technique_common>
            <accessor source="#Bip001_Pelvis_aladdin_lod0-skin-joints-array" count="59" stride="1">
              <param name="JOINT" type="name"/>
            </accessor>
          </technique_common>
        </source>
        <source id="Bip001_Pelvis_aladdin_lod0-skin-bind_poses">
          <float_array id="Bip001_Pelvis_aladdin_lod0-skin-bind_poses-array" count="944">-8.2112e-6 6.638293 99.77931 -783.1632 -6.33524e-6 -99.77944 6.638312 -50.99101 100 -5.77618e-6 8.61361e-6 -7.12223e-5 0 0 0 1 7.695216 3.605196 -99.63829 701.8293 -0.2860231 -99.93341 -3.637965 27.01738 -99.70309 0.5649378 -7.679825 119.8106 0 0 0 1 7.695276 11.01683 -99.09295 365.3876 0.2862667 -99.3897 -11.02759 54.30301 -99.70308 0.5649338 -7.679831 119.8106 0 0 0 1 -1.14441e-5 2.86102e-5 -100 46.86941 17.58072 -98.44248 -2.99188e-5 28.45631 -98.44247 -17.58072 1.56933e-6 123.7697 0 0 0 1 17.58072 -98.44247 3.05819e-6 -74.55741 4.76837e-6 -5.72205e-6 100 17.48141 -98.44247 -17.58073 1.76562e-6 123.7697 0 0 0 1 -7.695215 3.605177 -99.63828 701.8292 0.2862876 -99.93341 -3.637963 27.01736 -99.70307 -0.5652013 7.679834 -119.8106 0 0 0 1 -7.695229 11.01681 -99.09294 365.3874 -0.2859749 -99.3897 -11.02759 54.30296 -99.70308 -0.565217 7.679836 -119.8106 0 0 0 1 0 5.53131e-5 -100 46.86929 -17.58045 -98.44252 -5.00497e-5 28.45632 -98.44251 17.58045 9.03912e-6 -123.7699 0 0 0 1 -17.58045 -98.44252 2.00981e-7 -74.55742 -2.86102e-6 -5.48363e-6 100 17.48146 -98.44251 17.58045 -3.8289e-7 -123.7698 0 0 0 1 -5.23743e-6 4.442953 99.90126 -897.6442 -6.94383e-6 -99.90126 4.443384 -31.17635 100 -6.7043e-6 5.54073e-6 -4.25804e-5 0 0 0 1 3.77241e-6 2.246524 99.97476 -1011.661 -2.7759e-4 -99.97478 2.246306 -8.84999 100 -2.77605e-4 2.46478e-6 -3.4641e-5 0 0 0 1 3.49278e-5 -24.59747 96.92762 -1086.541 -1.39167e-4 -96.92763 -24.59733 314.4734 100 -1.263e-4 -6.80862e-5 8.07728e-4 0 0 0 1 2.37051e-5 -16.70109 98.59547 -1157.345 -1.36005e-4 -98.59549 -16.701 221.8679 100 -1.30136e-4 -4.60864e-5 5.50612e-4 0 0 0 1 1.33278e-4 -99.99823 0.5938871 -53.71072 -1.90151e-4 -0.5939223 -99.99824 1266.442 100 1.31642e-4 -2.78234e-4 -32.81756 0 0 0 1 1.33278e-4 -99.99823 0.5938754 -53.71059 -1.90151e-4 -0.5939223 -99.99825 1266.442 100 1.39768e-4 -2.78234e-4 32.82449 0 0 0 1 43.47324 -90.05444 0.5268879 -73.96013 -0.03541088 -0.6023711 -99.99819 1294.328 90.05596 43.47222 -0.2930696 22.74975 0 0 0 1 41.46709 -90.99558 0.5334053 -75.50419 -6.074009 -3.352791 -99.75902 1295.677 90.7942 41.33477 -6.917857 82.21125 0 0 0 1 91.15095 -41.12418 0.555336 -68.20919 -18.14662 -41.42608 -89.18845 1141.818 36.90807 81.19536 -45.223 607.9834 0 0 0 1 -43.47294 -90.05458 0.526896 -73.96017 0.03456228 -0.6014456 -99.99819 1294.328 90.05612 -43.47199 0.2925148 -22.74268 0 0 0 1 -41.46687 -90.99569 0.5334015 -75.50409 6.074241 -3.352637 -99.75901 1295.677 90.7943 -41.33454 6.917297 -82.20412 0 0 0 1 -91.15085 -41.12442 0.5553365 -68.20906 18.14681 -41.42559 -89.18868 1141.821 36.90824 -81.19548 45.2225 -607.9771 0 0 0 1 -1.028979 -92.677 -37.54885 449.7115 0.4170588 37.54653 -92.68271 1189.172 99.99385 -1.110288 5.48601e-4 -33.75936 0 0 0 1 2.14192e-4 -97.30557 23.05704 -322.3883 -2.93215e-4 -23.05703 -97.30557 1229.834 100 1.41501e-4 -2.45571e-4 -34.3618 0 0 0 1 1.029054 -92.67699 -37.54884 449.7114 -0.4181927 37.54652 -92.68271 1189.171 99.99385 1.110777 -0.0010643 33.76584 0 0 0 1 6.92339e-5 -97.30557 23.05703 -322.3883 -2.93215e-4 -23.05703 -97.30556 1229.834 100 1.3113e-6 -2.95639e-4 34.36852 0 0 0 1 45.14642 66.03569 -60.00905 781.5342 -80.17127 59.54357 5.208354 25.61733 39.17101 45.75855 79.82347 -1038.679 0 0 0 1 -44.90342 -88.2669 -13.87845 198.3356 3.696687 13.685 -98.98992 1370.429 89.27495 -44.96304 -2.881922 34.07743 0 0 0 1 -32.60275 -60.05415 -73.01076 965.2139 31.09705 66.11987 -68.27265 982.039 89.27505 -44.96289 -2.881817 34.07609 0 0 0 1 0.07229554 6.538599 -99.78599 1332.145 45.05504 89.08193 5.869883 24.14589 89.27507 -44.96285 -2.881541 34.07252 0 0 0 1 -13.41416 45.90351 -87.82328 1171.05 99.06928 8.279736 -10.80419 228.3496 2.311995 -88.45516 -46.58692 584.9774 0 0 0 1 1.02704e-4 -74.05037 -67.2055 837.5653 -3.71463e-4 67.20522 -74.05091 907.4959 100 3.25695e-4 -2.0605e-4 0.002435088 0 0 0 1 36.2772 -80.10588 -47.61354 509.9946 -15.00555 45.40546 -87.82468 1087.718 91.97173 39.00493 4.452937 -31.31671 0 0 0 1 -36.2782 -80.1054 -47.61345 509.9931 15.00243 45.40699 -87.8245 1087.718 91.97183 -39.00439 -4.453405 31.32486 0 0 0 1 1.37592e-4 -99.03551 -13.85528 116.1974 -2.97049e-4 13.85532 -99.03553 1197.647 100 1.77422e-4 -2.75121e-4 0.003139853 0 0 0 1 59.23352 -79.50573 -13.0471 93.83382 -8.2935 10.09115 -99.14328 1201.861 80.1412 59.80812 -0.6162603 32.27243 0 0 0 1 -59.2333 -79.50585 -13.04709 93.8339 8.292716 10.09172 -99.14331 1201.861 80.14141 -59.80782 0.6157127 -32.26585 0 0 0 1 56.92599 -81.31448 -12.14024 83.53797 -18.74026 1.544178 -98.21643 1189.377 80.05146 58.18559 -14.35936 211.1139 0 0 0 1 -56.92568 -81.31455 -12.14023 83.53792 18.73974 1.546025 -98.21651 1189.38 80.05181 -58.1856 14.35882 -211.1077 0 0 0 1 1.3791e-4 -99.05033 -13.74911 117.2556 -2.9709e-4 13.74889 -99.05036 1203.678 100 1.77446e-4 -2.75308e-4 0.003567993 0 0 0 1 99.08187 -0.3143705 -13.5184 100.1863 -5.27874e-5 99.97296 -2.325944 -6.391022 13.52227 2.304586 99.05475 -1066.601 0 0 0 1 69.89594 10.11021 -70.79819 655.7761 -2.061053 99.23937 12.13685 -156.5719 71.48688 -7.023903 69.57239 -826.6522 0 0 0 1 68.91205 -9.80717 -71.79825 481.1561 11.86626 99.26977 -2.170523 -62.22157 71.48697 -7.023943 69.57228 -826.6518 0 0 0 1 77.18753 -23.50565 -59.07296 156.6126 -60.07603 3.445382 -79.86875 862.0029 20.80911 97.13711 -11.46185 -25.22197 0 0 0 1 45.47376 -75.6598 -46.98662 150.2906 12.28403 57.58072 -80.83051 561.8912 88.21168 30.9848 35.47801 -639.9223 0 0 0 1 46.92892 -51.32851 -71.85455 303.9485 -4.053562 80.03333 -59.8184 487.2062 88.21172 30.98478 35.47796 -639.9219 0 0 0 1 59.91516 -28.2272 -74.9228 253.9771 -76.1869 8.66678 -64.19092 825.6434 24.61286 95.54117 -16.31269 17.99939 0 0 0 1 55.08371 -27.6365 -78.75299 266.7964 -79.74997 10.39762 -59.42952 810.682 24.61283 95.54117 -16.31269 17.99945 0 0 0 1 56.37062 -11.60214 -81.77882 319.1918 -81.96565 -20.08484 -53.64957 783.8693 -10.20058 97.27278 -20.83166 180.1226 0 0 0 1 51.18819 -12.82328 -84.94327 331.3593 -85.29822 -19.32803 -48.48388 764.8228 -10.20058 97.27278 -20.83163 180.1224 0 0 0 1 -99.08335 -0.3143761 -13.50655 100.0589 -1.79932e-4 99.97296 -2.325926 -6.391196 13.50996 -2.304577 -99.05635 1066.613 0 0 0 1 -69.89643 10.10996 -70.79767 655.7701 2.060814 99.23936 12.13685 -156.5719 71.48619 7.024182 -69.57296 826.6573 0 0 0 1 -68.91234 -9.807396 -71.79781 481.1512 -11.86645 99.26973 -2.170516 -62.22143 71.48643 7.024063 -69.57276 826.6547 0 0 0 1 -77.1874 -23.50583 -59.07285 156.6119 60.07586 3.445571 -79.86885 862.0029 20.8093 -97.13703 11.46178 25.22225 0 0 0 1 -45.4736 -75.6599 -46.98656 150.2899 -12.28415 57.58066 -80.83055 561.8917 88.21159 -30.98461 -35.47812 639.9223 0 0 0 1 -46.9289 -51.32855 -71.85446 303.9475 4.053436 80.0333 -59.81843 487.2069 88.21155 -30.98467 -35.47812 639.9221 0 0 0 1 -59.91507 -28.22733 -74.92275 253.9768 76.18669 8.667037 -64.19102 825.6433 24.61307 -95.54108 16.3126 -17.99891 0 0 0 1 -55.08359 -27.63663 -78.75295 266.7962 79.74977 10.39788 -59.42955 810.6815 24.61305 -95.54109 16.31263 -17.99917 0 0 0 1 -56.37063 -11.60223 -81.77871 319.191 81.96546 -20.08461 -53.6497 783.8693 -10.20034 -97.27279 20.83161 -180.1224 0 0 0 1 -51.18826 -12.82335 -84.94315 331.3577 85.298 -19.32783 -48.48412 764.8229 -10.20035 -97.27279 20.83161 -180.1224 0 0 0 1</float_array>
          <technique_common>
            <accessor source="#Bip001_Pelvis_aladdin_lod0-skin-bind_poses-array" count="59" stride="16">
              <param name="TRANSFORM" type="float4x4"/>
            </accessor>
          </technique_common>
        </source>
        <source id="Bip001_Pelvis_aladdin_lod0-skin-weights">
          <float_array id="Bip001_Pelvis_aladdin_lod0-skin-weights-array" count="3964">1 1 0.88 0.12 0.88 0.12 1 0.36 0.64 0.4 0.6 1 1 1 1 1 1 1 1 1 1 1 1 1 1 1 1 0.9000001 0.1 0.7 0.3 0.36 0.64 0.72 0.28 0.6800001 0.3199999 0.84 0.16 0.4 0.6 0.3200001 0.68 0.3480967 0.0879032 0.564 0.5800001 0.42 0.2735615 0.412 0.3144385 0.359443 0.280557 0.36 0.5800001 0.42 0.38 0.62 0.72 0.28 0.92 0.07999998 1 1 0.01929885 0.7807011 0.1999999 0.001144707 0.9988554 1 1 1 1 0.1430802 0.4729725 0.3839473 0.2151304 0.4745266 0.3103429 0.2021251 0.4699278 0.3279471 0.2945452 0.5218251 0.1836297 0.4099634 0.4853876 0.104649 0.3065425 0.3795933 0.3138642 0.474298 0.2724829 0.2532191 0.1525246 0.5729953 0.2744801 0.2353433 0.559423 0.2052336 0.1688352 0.2384603 0.5927045 0.28 0.72 0.1291683 0.2786145 0.5922172 0.1757324 0.2311513 0.5931164 0.03299409 0.28 0.6870059 0.09323209 0.9067679 1 0.06386816 0.9361318 1 0.66 0.34 0.1203683 0.8796318 0.66 0.34 0.2220233 0.7779767 0.66 0.34 0.12 0.88 0.66 0.34 0.66 0.34 0.1216028 0.8783972 0.3 0.7 0.7024976 0.2975023 0.3 0.7 1 0.3 0.7 1 0.3 0.7 1 0.3 0.7 0.7024976 0.2975023 0.3 0.7 0.7024976 0.2975023 0.3 0.7 1 1 1 1 1 1 1 1 1 1 1 0.7023863 0.2976137 0.7026453 0.2973548 1 1 1 0.9063408 0.0936591 1 1 1 1 1 1 0.7026453 0.2973548 1 0.640649 0.359351 0.814548 0.185452 0.4412166 0.4309051 0.1278782 0.4921754 0.4119995 0.09582507 0.2232902 0.7317948 0.04491496 1 1 1 1 1 1 1 1 1 1 1 0.2165797 0.7317949 0.05162537 0.1825562 0.7317948 0.08564895 0.2016795 0.7317948 0.06652569 0.660014 0.339986 0.4097912 0.3486928 0.2415159 0.9553216 0.04467844 0.4097912 0.3486928 0.2415159 0.3811714 0.6188287 1 0.9492196 0.05078035 0.9740909 0.025909 1 1 1 1 1 1 1 1 1 1 1 1 1 1 1 0.82 0.18 0.92 0.07999998 0.16 0.84 1 0.42 0.58 0.28 0.72 1 1 1 0.06000006 0.9399999 0.2496001 0.07039999 0.68 0.78 0.22 0.4524001 0.1276 0.42 0.5800001 0.42 0.54 0.46 0.12 0.8799999 1 0.02000004 0.98 0.44 0.56 0.3 0.7 0.774 0.126 0.1 0.78 0.22 1 1 1 1 1 0.88 0.12 1 0.7000001 0.3 0.78 0.22 0.8200001 0.18 1 0.8200001 0.18 1 1 0.1999999 0.8000001 0.9000001 0.1 1 1 1 0.84 0.16 0.14 0.86 1 1 0.12 0.88 0.12 0.88 1 1 1 0.76 0.24 0.36 0.64 0.32 0.68 0.5054899 0.25 0.2445101 0.1439144 0.4297177 0.4263679 0.18 0.82 1 0.7212956 0.06677889 0.2119254 1 0.03080308 0.4893973 0.4797996 0.225795 0.3969964 0.3772085 0.09999996 0.09999996 0.8 0.06999999 0.06999999 0.86 0.368 0.432 0.2 0.5178163 0.3595946 0.1225891 0.132 0.528 0.34 0.4999225 0.2816203 0.2184571 0.4940968 0.2559033 0.25 1 1 0.18 0.82 0.1 0.9 0.002465605 0.3575344 0.64 1 1 0.66 0.34 1 0.04294878 0.4768437 0.4802076 1 1 0.05000001 0.05000001 0.9 0.03296375 0.2470363 0.7199999 0.1806156 0.4993844 0.32 0.08529829 0.5121552 0.4025465 0.08526992 0.91473 0.1236607 0.3363394 0.54 0.07117182 0.2888282 0.64 0.07767486 0.9223251 1.5481e-4 0.9998452 1 0.08526992 0.91473 0.08529829 0.5121552 0.4025465 0.3757057 0.5206207 0.1036736 0.01642554 0.374756 0.6088184 0.02234601 0.3624179 0.615236 0.1806156 0.4993844 0.32 0.3287493 0.4912506 0.18 0.1236607 0.3363394 0.54 0.3178437 0.4421563 0.24 0.3284537 0.4315463 0.2399999 0.07117182 0.2888282 0.64 0.1153514 0.7303818 0.1542668 0.1435678 0.7300298 0.1264023 0.278827 0.5155334 0.2056396 0.2779561 0.493048 0.2289958 0.3596455 0.5927237 0.04763078 0.3612792 0.583729 0.05499178 0.09398937 0.2234333 0.6825773 0.1056997 0.3111457 0.5831546 0.2330047 0.5183513 0.2486439 0.2177485 0.6135639 0.1686876 0.3598558 0.6401443 0.2706169 0.5655472 0.1638358 0.1763008 0.5816436 0.2420556 0.2852359 0.5979075 0.1168566 0.2391368 0.563374 0.1974892 0.1980788 0.6645367 0.1373845 0.230714 0.6246078 0.1446782 0.01575028 0.4779666 0.5062832 0.185068 0.6129744 0.2019577 1 1 1 1 0.1001464 0.3208348 0.5790189 0.2040603 0.6222246 0.173715 0.4995096 0.5004903 0.106537 0.3200336 0.5734294 0.2102267 0.6128069 0.1769663 0.01588732 0.5375375 0.4465751 0.01547765 0.4306465 0.5538758 0.01521903 0.4281404 0.5566406 0.0128929 0.4247982 0.5623089 0.5384379 0.2417807 0.2197814 0.17609 0.6028117 0.2210984 0.200857 0.5452703 0.2538727 0.258019 0.6178901 0.1240908 0.07548522 0.466277 0.4582378 0.07911604 0.468667 0.4522169 0.07514309 0.4736889 0.4511681 0.4204381 0.579562 0.06703937 0.473449 0.4595116 0.2014346 0.4678257 0.3307396 0.1963872 0.4678086 0.3358042 0.3228634 0.4991862 0.1779504 0.3315342 0.5012785 0.1671872 0.315936 0.4894649 0.1945992 0.3009391 0.4674511 0.2316098 0.2732955 0.4692586 0.2574459 0.3304797 0.4412698 0.2282506 0.2747253 0.07999998 0.6452747 0.5289575 0.4310426 0.03999996 0.5403188 0.4196812 0.03999996 0.2597325 0.3749137 0.3653538 0.2011253 0.07999998 0.7188746 0.2011253 0.07999998 0.7188746 0.2186145 0.7813855 0.2725937 0.4264 0.3010063 0.3676689 0.4904279 0.1419032 0.09799027 0.1460578 0.7559518 0.2722929 0.3927858 0.3349213 0.3727408 0.4155615 0.2116977 0.1182312 0.125817 0.7559518 0.2964554 0.3881691 0.3153756 0.4704332 0.4095668 0.12 0.1614931 0.1590684 0.6794386 0.4704332 0.4095668 0.12 0.2964554 0.3881691 0.3153756 0.3270892 0.4205147 0.2523961 0.5227094 0.4772905 0.5344087 0.4655914 0.3293206 0.4169425 0.2537369 0.3195978 0.4279054 0.2524967 0.3439882 0.4446439 0.2113679 0.52631 0.4736901 0.3293253 0.4518498 0.2188251 0.5017091 0.498291 0.4494172 0.5505828 0.4600677 0.5399324 0.481504 0.518496 0.4650723 0.5349277 0.4600677 0.5399324 0.4494172 0.5505828 0.4562593 0.5437408 0.481504 0.518496 0.4928847 0.5071153 0.5017091 0.498291 0.4808427 0.5191574 0.16 0.84 0.16 0.84 1 0.28 0.72 0.122705 0.1978563 0.6794386 0.07080984 0.9291902 0.1218426 0.8781574 0.008008837 0.16 0.8319912 1 1 1 1 1 0.1218426 0.8781574 1 1 1 0.66 0.34 0.66 0.34 0.66 0.34 0.1224688 0.8775312 0.122956 0.8770439 0.2223364 0.7776636 0.66 0.34 0.66 0.34 0.12 0.88 0.1203683 0.8796318 1 1 1 0.3 0.7 0.3 0.7 0.3 0.7 0.12 0.88 0.3 0.7 0.12 0.88 0.12 0.88 0.3 0.7 0.3 0.7 1 1 0.12 0.88 0.3 0.7 0.3 0.7 0.3 0.7 0.3 0.7 0.3 0.7 0.3 0.7 1 1 1 1 1 1 1 1 1 1 1 1 1 1 1 1 0.4412166 0.4309051 0.1278782 0.2253723 0.7317948 0.04283285 0.2253723 0.7317948 0.04283285 1 0.64 0.36 0.64 0.36 0.2165797 0.7317949 0.05162537 0.2232902 0.7317948 0.04491496 0.64 0.36 0.1825562 0.7317948 0.08564895 0.2253723 0.7317948 0.04283285 0.64 0.36 0.2016795 0.7317948 0.06652569 0.64 0.36 0.4097912 0.3486928 0.2415159 0.64 0.36 0.64 0.36 0.2016795 0.7317948 0.06652569 0.6593286 0.3406714 1 1 0.42 0.5800001 1 1 1 1 1 0.8608955 0.1391046 0.9283154 0.07168459 0.9683735 0.03162646 0.8608955 0.1391046 0.8608955 0.1391045 0.9515425 0.0484575 0.9283154 0.07168459 0.9687099 0.03129011 0.9683735 0.03162646 1 1 1 1 1 1 1 1 1 0.8811967 0.1188033 0.8608955 0.1391045 0.6213061 0.378694 0.6197805 0.3802196 0.6092376 0.3907624 0.562245 0.437755 0.5543296 0.4456705 0.5584947 0.4415053 1 0.5794335 0.4205665 0.5859416 0.4140585 1 1 1 1 1 1 1 1 1 1 1 0.5832529 0.4167472 0.1380944 0.2154264 0.6464791 0.1614931 0.1590684 0.6794386 0.4917961 0.5082039 0.52631 0.4736901 0.5227094 0.4772905 0.5225439 0.4774561 0.5313529 0.4686471 0.5344087 0.4655914 1 1 0.3811714 0.6188287 0.36 0.64 0.6800001 0.3199999 1 0.3200001 0.68 0.36 0.64 0.06000006 0.9399999 1 1 0.1999999 0.8000001 0.14 0.86 1 1 0.12 0.88 1 1.5481e-4 0.9998452 0.1854199 0.6099831 0.2045969 0.2891725 0.6819242 0.02890336 0.2013795 0.6190669 0.1795535 0.1944425 0.6389198 0.1666377 0.194399 0.6375892 0.1680117 0.2801278 0.6397139 0.08015841 0.5093044 0.4906956 0.1122341 0.4811935 0.4065725 0.3300334 0.4417161 0.2282505 0.2984597 0.5218251 0.1797152 0.2695415 0.4713327 0.2591257 0.1975558 0.4722563 0.3301879 0.2672128 0.4882727 0.2445145 0.3673161 0.4128893 0.2197946 0.2079819 0.4588747 0.3331434 0.09452295 0.4699093 0.4355677 0.2933918 0.428467 0.2781412 0.1336949 0.4445275 0.4217777 0.4668992 0.4135895 0.1195112 0.2422451 0.4645361 0.2932187 0.4252403 0.5747597 0.5948048 0.4051952 0.4536984 0.5463016 0.6144333 0.3855667 0.646559 0.3534411 0.2829411 0.666175 0.05088388 0.2087318 0.6148034 0.1764646 0.1961475 0.6651017 0.1387508 0.1833299 0.6094316 0.2072384 0.1682742 0.5855453 0.2461805 0.1735857 0.6048023 0.221612 0.2547411 0.6214774 0.1237815 0.1542937 0.5736839 0.2720224 0.4374897 0.5625103 0.4304201 0.5695799 0.3715162 0.4852623 0.1432213 0.02976262 0.4181147 0.5521226 0.2727723 0.5946829 0.1325448 0.2438418 0.5530337 0.2031245 0.2815729 0.6022568 0.1161703 0.423374 0.5766261 0.4192375 0.5807625 0.2750594 0.4616179 0.2633228 0.06260734 0.4742987 0.463094 0.1316666 0.4748878 0.3934456 0.4465336 0.4475978 0.1058685 0.5340207 0.4259793 0.03999996 0.2742422 0.4608427 0.2649152 0.5594332 0.4005668 0.03999996 0.4824426 0.5175575 0.4943078 0.5056922 0.4844369 0.5155631 0.4930972 0.5069029 0.5077618 0.4922382 0.203023 0.4747353 0.3222416 0.278756 0.4973292 0.2239148 0.1561588 0.4357629 0.4080782 0.2687178 0.4240654 0.3072167 0.5127576 0.4872424 0.591726 0.4082741 0.6053925 0.3946075 0.6770512 0.3229488 0.6501299 0.3498701 0.6272441 0.3727559 0.6083312 0.3916689 0.2001858 0.4736295 0.3261846 0.1430802 0.4729725 0.3839473 0.2021251 0.4699278 0.3279471 0.2748043 0.488407 0.2367887 0.3009391 0.4674511 0.2316098 0.452046 0.547954 0.5974586 0.4025414 0.4260586 0.5739414 0.6161475 0.3838526 0.6321618 0.3678382 0.06703937 0.473449 0.4595116 0.1335186 0.4744287 0.3920527 0.4766984 0.5233016 0.3293253 0.4518498 0.2188251 0.487208 0.5127921 0.3439882 0.4446439 0.2113679 0.4814352 0.5185647 0.3195978 0.4279054 0.2524967 0.4880385 0.5119615 0.3270892 0.4205147 0.2523961 0.4942238 0.5057762 0.2052422 0.4746924 0.3200653 0.2797208 0.4967238 0.2235553 0.5098879 0.4901121 0.3293206 0.4169425 0.2537369 0.5932981 0.4067019 0.5904601 0.40954 0.6547503 0.3452497 0.6326168 0.3673832 0.6169218 0.3830782 0.6024481 0.3975518 0.2040603 0.6222246 0.173715 0.185068 0.6129744 0.2019577 0.2945452 0.5218251 0.1836297 0.3304797 0.4412698 0.2282506 0.3727408 0.4155615 0.2116977 0.4704332 0.4095668 0.12 0.5974586 0.4025414 0.4260586 0.5739414 0.6161475 0.3838526 0.6321618 0.3678382 0.2102267 0.6128069 0.1769663 0.1980788 0.6645367 0.1373845 0.1854199 0.6099831 0.2045969 0.17609 0.6028117 0.2210984 0.258019 0.6178901 0.1240908 0.1525246 0.5729953 0.2744801 0.3676689 0.4904279 0.1419032 0.2353433 0.559423 0.2052336 0.2852359 0.5979075 0.1168566 0.4204381 0.579562 0.2732955 0.4692586 0.2574459 0.06703937 0.473449 0.4595116 0.1335186 0.4744287 0.3920527 0.4099634 0.4853876 0.104649 0.5289575 0.4310426 0.03999996 0.5403188 0.4196812 0.03999996 0.2052422 0.4746924 0.3200653 0.2797208 0.4967238 0.2235553 0.5904601 0.40954 0.5932981 0.4067019 0.6547503 0.3452497 0.6326168 0.3673832 0.6169218 0.3830782 0.6024481 0.3975518 0.5800001 0.42 0.18 0.82 0.1439144 0.4297177 0.4263679 0.78 0.22 0.26 0.74 1 0.5504 0.08959996 0.36 0.3480967 0.0879032 0.564 0.03080308 0.4893973 0.4797996 1 1 1 0.06999999 0.06999999 0.86 0.78 0.22 0.72 0.28 0.72 0.28 0.72 0.28 0.6688 0.2111999 0.12 0.52 0.48 0.52 0.48 0.52 0.48 1 0.88 0.12 1 0.88 0.12 1 0.36 0.64 0.4 0.6 1 1 1 1 1 1 1 1 1 1 1 1 1 1 0.9000001 0.1 0.4524001 0.1276 0.42 0.78 0.22 0.3973069 0.472 0.130693 0.86 0.14 0.78 0.22 0.774 0.126 0.1 0.32 0.68 0.5 0.5 0.7 0.3 0.72 0.28 0.36 0.64 0.6800001 0.3199999 0.84 0.16 0.4 0.6 0.3200001 0.68 0.84 0.16 0.3480967 0.0879032 0.564 0.2735615 0.412 0.3144385 0.5800001 0.42 0.359443 0.280557 0.36 0.5800001 0.42 0.38 0.62 0.92 0.07999998 0.72 0.28 1 0.01929885 0.7807011 0.1999999 1 0.001144707 0.9988554 1 1 1 1 1 1 1 1 0.1430802 0.4729725 0.3839473 0.2021251 0.4699278 0.3279471 0.2151304 0.4745266 0.3103429 0.2945452 0.5218251 0.1836297 0.3065425 0.3795933 0.3138642 0.4099634 0.4853876 0.104649 0.474298 0.2724829 0.2532191 0.2353433 0.559423 0.2052336 0.1525246 0.5729953 0.2744801 0.1688352 0.2384603 0.5927045 0.1291683 0.2786145 0.5922172 0.28 0.72 0.1757324 0.2311513 0.5931164 0.03299409 0.28 0.6870059 0.09323209 0.9067679 0.06386816 0.9361318 1 1 0.66 0.34 0.66 0.34 0.1203683 0.8796318 0.2220233 0.7779767 0.66 0.34 0.66 0.34 0.12 0.88 0.66 0.34 0.1216028 0.8783972 0.3 0.7 0.3 0.7 0.7024976 0.2975023 1 0.3 0.7 0.3 0.7 1 1 0.3 0.7 0.3 0.7 0.7024976 0.2975023 0.7024976 0.2975023 0.3 0.7 1 1 1 1 1 1 1 1 1 1 1 0.7023863 0.2976137 0.7026453 0.2973548 1 1 1 0.9063408 0.0936591 1 1 1 1 1 1 0.7026453 0.2973548 0.640649 0.359351 1 0.4412166 0.4309051 0.1278782 0.814548 0.185452 0.4921754 0.4119995 0.09582507 0.2232902 0.7317948 0.04491496 1 1 1 1 1 1 1 1 1 1 1 0.2165797 0.7317949 0.05162537 0.1825562 0.7317948 0.08564895 0.2016795 0.7317948 0.06652569 0.660014 0.339986 0.4097912 0.3486928 0.2415159 0.9553216 0.04467844 0.3811714 0.6188287 0.4097912 0.3486928 0.2415159 1 0.9492196 0.05078035 0.9740909 0.025909 1 1 1 1 1 1 1 1 1 1 1 1 1 1 0.82 0.18 1 0.92 0.07999998 0.42 0.58 0.28 0.72 0.16 0.84 1 0.06000006 0.9399999 0.2496001 0.07039999 0.68 0.78 0.22 0.54 0.46 1 0.12 0.8799999 0.5800001 0.42 0.3808775 0.4176 0.2015224 0.78 0.22 0.44 0.56 0.02000004 0.98 0.48 0.52 0.3 0.7 0.12 0.88 1 0.88 0.12 1 0.7000001 0.3 1 1 1 1 0.8200001 0.18 1 0.8200001 0.18 1 1 0.1999999 0.8000001 0.9000001 0.1 1 0.14 0.86 1 1 0.12 0.88 1 1 1 1 0.36 0.64 0.76 0.24 0.32 0.68 0.18 0.82 1 0.7212956 0.06677889 0.2119254 1 0.09999996 0.09999996 0.8 0.06999999 0.06999999 0.86 0.368 0.432 0.2 0.132 0.528 0.34 0.5178163 0.3595946 0.1225891 0.4999225 0.2816203 0.2184571 1 0.18 0.82 0.002465605 0.3575344 0.64 0.1 0.9 1 0.66 0.34 1 0.04294878 0.4768437 0.4802076 1 0.05000001 0.05000001 0.9 0.03296375 0.2470363 0.7199999 0.1806156 0.4993844 0.32 0.08529829 0.5121552 0.4025465 0.08526992 0.91473 0.1236607 0.3363394 0.54 1 1.5481e-4 0.9998452 0.002080202 0.9979199 0.08529829 0.5121552 0.4025465 0.08526992 0.91473 0.01642554 0.374756 0.6088184 0.3757057 0.5206207 0.1036736 0.04485404 0.955146 0.02234601 0.3624179 0.615236 0.3287493 0.4912506 0.18 0.1806156 0.4993844 0.32 0.3178437 0.4421563 0.24 0.1236607 0.3363394 0.54 0.1153514 0.7303818 0.1542668 0.278827 0.5155334 0.2056396 0.3596455 0.5927237 0.04763078 0.09398937 0.2234333 0.6825773 0.1056997 0.3111457 0.5831546 0.2330047 0.5183513 0.2486439 0.2177485 0.6135639 0.1686876 0.3598558 0.6401443 0.2706169 0.5655472 0.1638358 0.1763008 0.5816436 0.2420556 0.2852359 0.5979075 0.1168566 0.2391368 0.563374 0.1974892 0.1980788 0.6645367 0.1373845 0.01575028 0.4779666 0.5062832 0.230714 0.6246078 0.1446782 0.185068 0.6129744 0.2019577 1 0.1001464 0.3208348 0.5790189 0.2040603 0.6222246 0.173715 0.4995096 0.5004903 0.01521903 0.4281404 0.5566406 0.0128929 0.4247982 0.5623089 0.17609 0.6028117 0.2210984 0.5384379 0.2417807 0.2197814 0.258019 0.6178901 0.1240908 0.200857 0.5452703 0.2538727 0.07911604 0.468667 0.4522169 0.07514309 0.4736889 0.4511681 0.4204381 0.579562 0.06703937 0.473449 0.4595116 0.2014346 0.4678257 0.3307396 0.3315342 0.5012785 0.1671872 0.315936 0.4894649 0.1945992 0.3009391 0.4674511 0.2316098 0.3304797 0.4412698 0.2282506 0.2732955 0.4692586 0.2574459 0.2747253 0.07999998 0.6452747 0.2597325 0.3749137 0.3653538 0.5403188 0.4196812 0.03999996 0.5289575 0.4310426 0.03999996 0.2011253 0.07999998 0.7188746 0.2011253 0.07999998 0.7188746 0.2186145 0.7813855 0.3676689 0.4904279 0.1419032 0.2725937 0.4264 0.3010063 0.09799027 0.1460578 0.7559518 0.3727408 0.4155615 0.2116977 0.2722929 0.3927858 0.3349213 0.1182312 0.125817 0.7559518 0.4704332 0.4095668 0.12 0.2964554 0.3881691 0.3153756 0.1614931 0.1590684 0.6794386 0.4704332 0.4095668 0.12 0.2964554 0.3881691 0.3153756 0.5227094 0.4772905 0.3270892 0.4205147 0.2523961 0.3195978 0.4279054 0.2524967 0.3439882 0.4446439 0.2113679 0.52631 0.4736901 0.3293253 0.4518498 0.2188251 0.5017091 0.498291 0.4600677 0.5399324 0.481504 0.518496 0.4650723 0.5349277 0.4600677 0.5399324 0.481504 0.518496 0.4928847 0.5071153 0.5017091 0.498291 0.4808427 0.5191574 0.16 0.84 0.16 0.84 1 0.28 0.72 0.122705 0.1978563 0.6794386 0.07080984 0.9291902 0.1218426 0.8781574 0.008008837 0.16 0.8319912 1 1 1 1 1 0.1218426 0.8781574 1 1 1 0.66 0.34 0.66 0.34 0.66 0.34 0.122956 0.8770439 0.1224688 0.8775312 0.2223364 0.7776636 0.66 0.34 0.66 0.34 0.1203683 0.8796318 0.12 0.88 1 1 1 0.3 0.7 0.3 0.7 0.3 0.7 0.12 0.88 0.3 0.7 0.12 0.88 0.12 0.88 0.3 0.7 0.3 0.7 1 1 0.12 0.88 0.3 0.7 0.3 0.7 0.3 0.7 0.3 0.7 0.3 0.7 0.3 0.7 1 1 1 1 1 1 1 1 1 1 1 1 1 1 1 0.4412166 0.4309051 0.1278782 1 0.2253723 0.7317948 0.04283285 0.2253723 0.7317948 0.04283285 1 0.64 0.36 0.2232902 0.7317948 0.04491496 0.2165797 0.7317949 0.05162537 0.64 0.36 0.1825562 0.7317948 0.08564895 0.64 0.36 0.2253723 0.7317948 0.04283285 0.64 0.36 0.2016795 0.7317948 0.06652569 0.64 0.36 0.4097912 0.3486928 0.2415159 0.2016795 0.7317948 0.06652569 0.64 0.36 0.64 0.36 0.6593286 0.3406714 1 1 0.42 0.5800001 1 1 1 1 1 0.9283154 0.07168459 0.8608955 0.1391046 0.9683735 0.03162646 0.9515425 0.0484575 0.8608955 0.1391045 0.8608955 0.1391046 0.9283154 0.07168459 0.9687099 0.03129011 0.9683735 0.03162646 1 1 1 1 1 1 1 1 1 0.8811967 0.1188033 0.8608955 0.1391045 0.6197805 0.3802196 0.6092376 0.3907624 0.562245 0.437755 0.5543296 0.4456705 0.5794335 0.4205665 1 0.5584947 0.4415053 1 0.5859416 0.4140585 1 1 1 1 1 1 1 1 0.5832529 0.4167472 0.1380944 0.2154264 0.6464791 0.1614931 0.1590684 0.6794386 0.52631 0.4736901 0.4917961 0.5082039 0.5227094 0.4772905 0.5225439 0.4774561 0.5344087 0.4655914 0.5313529 0.4686471 1 0.3811714 0.6188287 0.36 0.64 1 0.6800001 0.3199999 0.3200001 0.68 0.36 0.64 0.06000006 0.9399999 1 1 0.1999999 0.8000001 0.14 0.86 1 1 0.12 0.88 1 1.5481e-4 0.9998452 0.1854199 0.6099831 0.2045969 0.2891725 0.6819242 0.02890336 0.1944425 0.6389198 0.1666377 0.2013795 0.6190669 0.1795535 0.2801278 0.6397139 0.08015841 0.194399 0.6375892 0.1680117 0.5093044 0.4906956 0.3300334 0.4417161 0.2282505 0.1122341 0.4811935 0.4065725 0.2984597 0.5218251 0.1797152 0.2695415 0.4713327 0.2591257 0.2672128 0.4882727 0.2445145 0.1975558 0.4722563 0.3301879 0.3673161 0.4128893 0.2197946 0.09452295 0.4699093 0.4355677 0.2079819 0.4588747 0.3331434 0.2933918 0.428467 0.2781412 0.1336949 0.4445275 0.4217777 0.4668992 0.4135895 0.1195112 0.2422451 0.4645361 0.2932187 0.4252403 0.5747597 0.4536984 0.5463016 0.5948048 0.4051952 0.6144333 0.3855667 0.646559 0.3534411 0.1961475 0.6651017 0.1387508 0.1833299 0.6094316 0.2072384 0.1682742 0.5855453 0.2461805 0.2547411 0.6214774 0.1237815 0.1735857 0.6048023 0.221612 0.1542937 0.5736839 0.2720224 0.4374897 0.5625103 0.4304201 0.5695799 0.3715162 0.4852623 0.1432213 0.2438418 0.5530337 0.2031245 0.2727723 0.5946829 0.1325448 0.2815729 0.6022568 0.1161703 0.4192375 0.5807625 0.423374 0.5766261 0.2750594 0.4616179 0.2633228 0.06260734 0.4742987 0.463094 0.1316666 0.4748878 0.3934456 0.4465336 0.4475978 0.1058685 0.5340207 0.4259793 0.03999996 0.5594332 0.4005668 0.03999996 0.2742422 0.4608427 0.2649152 0.4943078 0.5056922 0.4824426 0.5175575 0.4844369 0.5155631 0.4930972 0.5069029 0.5077618 0.4922382 0.203023 0.4747353 0.3222416 0.278756 0.4973292 0.2239148 0.591726 0.4082741 0.6770512 0.3229488 0.6501299 0.3498701 0.6272441 0.3727559 0.6083312 0.3916689 0.2001858 0.4736295 0.3261846 0.2021251 0.4699278 0.3279471 0.1430802 0.4729725 0.3839473 0.2748043 0.488407 0.2367887 0.3009391 0.4674511 0.2316098 0.452046 0.547954 0.4260586 0.5739414 0.5974586 0.4025414 0.6161475 0.3838526 0.6321618 0.3678382 0.06703937 0.473449 0.4595116 0.1335186 0.4744287 0.3920527 0.4766984 0.5233016 0.487208 0.5127921 0.3293253 0.4518498 0.2188251 0.4814352 0.5185647 0.3439882 0.4446439 0.2113679 0.4880385 0.5119615 0.3195978 0.4279054 0.2524967 0.4942238 0.5057762 0.3270892 0.4205147 0.2523961 0.2052422 0.4746924 0.3200653 0.2797208 0.4967238 0.2235553 0.5904601 0.40954 0.6547503 0.3452497 0.6326168 0.3673832 0.6169218 0.3830782 0.6024481 0.3975518 0.185068 0.6129744 0.2019577 0.2040603 0.6222246 0.173715 0.3304797 0.4412698 0.2282506 0.2945452 0.5218251 0.1836297 0.4704332 0.4095668 0.12 0.3727408 0.4155615 0.2116977 0.5974586 0.4025414 0.4260586 0.5739414 0.6161475 0.3838526 0.6321618 0.3678382 0.1980788 0.6645367 0.1373845 0.1854199 0.6099831 0.2045969 0.258019 0.6178901 0.1240908 0.17609 0.6028117 0.2210984 0.1525246 0.5729953 0.2744801 0.3676689 0.4904279 0.1419032 0.2353433 0.559423 0.2052336 0.2852359 0.5979075 0.1168566 0.4204381 0.579562 0.2732955 0.4692586 0.2574459 0.06703937 0.473449 0.4595116 0.1335186 0.4744287 0.3920527 0.4099634 0.4853876 0.104649 0.5289575 0.4310426 0.03999996 0.5403188 0.4196812 0.03999996 0.2052422 0.4746924 0.3200653 0.2797208 0.4967238 0.2235553 0.5904601 0.40954 0.6547503 0.3452497 0.6326168 0.3673832 0.6169218 0.3830782 0.6024481 0.3975518 0.18 0.82 0.5800001 0.42 1 0.26 0.74 0.3480967 0.0879032 0.564 0.5504 0.08959996 0.36 1 1 0.06999999 0.06999999 0.86 0.78 0.22 0.72 0.28 0.72 0.28 0.6688 0.2111999 0.12 0.52 0.48 0.52 0.48 1 1 1 1 1 1 1 1 1 1 1 1 1 1 1 1 1 1 1 1 1 1 1 1 1 1 1 1 1 1 1 1 1 1 1 1 1 1 0.3420723 0.376 0.2819277 0.3420723 0.376 0.2819277 0.3420723 0.376 0.2819277 0.6144 0.02559995 0.36 1 0.6144 0.02559995 0.36 0.1862474 0.1295784 0.6841742 0.01960784 0.9803922 0.1862474 0.1295784 0.6841742 0.1862474 0.1295784 0.6841742 0.1862474 0.1295784 0.6841742 0.171247 0.1297855 0.6989674 0.171247 0.1297855 0.6989674 0.2312463 0.122413 0.6463407 0.06032007 0.1641362 0.7755438 0.2312463 0.122413 0.6463407 1 0.06032007 0.1641362 0.7755438 0.06032007 0.1641362 0.7755438 0.06032007 0.1641362 0.7755438 0.06032007 0.1641362 0.7755438 0.06032007 0.1641362 0.7755438 0.06032007 0.1641362 0.7755438 0.2464 0.12 0.6336 0.1527822 0.08087706 0.7663407 0.4198706 0.5801294 0.2783126 0.22 0.5016874 0.3420723 0.376 0.2819277 0.3039622 0.3341101 0.3619277 1 1 1 1 1 1 1 1 0.6144 0.02559995 0.36 0.2312463 0.122413 0.6463407 0.3798705 0.1 0.5201294 1 0.5910756 0.3089245 0.1 1 1 1 1 1 1 1 1 1 1 0.78 0.22 1 0.3323739 0.08749663 0.5801295 0.3798705 0.1 0.5201294 1 1 0.7000001 0.3 0.78 0.22 0.96 0.03999996 1 1 1 1 1 0.86 0.14 0.7000001 0.3 0.78 0.22 0.7000001 0.3 0.42 0.58 0.16 0.84 0.42 0.58 0.6 0.4 0.42 0.58 0.42 0.58 0.7000001 0.3 1 1 1 1 1 1 1 1 1 1 1 1 1 1 0.01131743 0.9886826 0.004962265 0.9950377 0.01419317 0.9858068 0.00505656 0.9949434 0.006676077 0.9933239 0.08820652 0.9117935 0.01992452 0.9800755 0.04009932 0.9599006 0.06605732 0.9339427 0.2054758 0.7945242 0.01206034 0.9879396 0.007586479 0.9924135 0.1574516 0.8425483 1 1 1 1 1 1 1 1 1 1 1 1 0.127785 0.8722149 0.2735334 0.7264667 0.095339 0.9046609 0.360359 0.6396409 0.345133 0.654867 0.3917523 0.6082477 0.004693925 0.995306 1 1 1 1 1 1 0.7196671 0.2803329 0.4676465 0.5323535 0.8878858 0.1121142 0.7538735 0.2461265 1 1 1 1 1 1 8.3862e-4 0.9991614 1 1 1 1 1 0.700497 0.299503 0.4355883 0.5644117 0.2007964 0.7992036 0.01019483 0.9898051 1 0.8178271 0.1821728 0.3886665 0.6113335 0.7086138 0.2913862 0.8427825 0.1572175 0.8584353 0.1415647 0.7013157 0.2986844 0.6241314 0.3758686 0.4330008 0.5669993 0.5415945 0.4584056 0.2407912 0.7592087 0.2084949 0.7915051 0.1930294 0.8069706 1 1 1 1 0.84 0.16 1 1 0.01202613 0.9879739 1 0.01208001 0.98792 1 1 0.02234601 0.3624179 0.615236 0.01780003 0.3081113 0.6740886 0.2851474 0.7148526 0.08682596 0.913174 0.1886501 0.8113499 0.08686763 0.9131324 0.0944435 0.9055565 0.1199367 0.8800633 1 1 1 1 1 1 1 1 1 1 1 1 1 1 1 1 1 5.4763e-4 0.9994524 1 1 1 1 1 0.86 0.1399999 0.54 0.46 1 0.48 0.52 1 1 1 0.7800001 0.2199999 0.8800001 0.12 0.88 0.12 0.7000001 0.3 0.54 0.46 0.04807424 0.9519257 0.002080202 0.9979199 0.01199322 0.9880067 0.3 0.7 1 1 0.3 0.7 0.3 0.7 0.6078948 0.2605262 0.1315789 0.6864 0.1935999 0.12 0.702 0.22 0.07799994 0.5910756 0.3089245 0.1 0.6144 0.02559995 0.36 0.6144 0.02559995 0.36 0.6144 0.02559995 0.36 0.3 0.7 0.3 0.7 0.3 0.7 0.3 0.7 0.3 0.7 1 1 0.3 0.7 0.3 0.7 0.3 0.7 0.6720001 0.03999996 0.2879999 0.7800001 0.2199999 0.7000001 0.3 0.7000001 0.3 0.6896924 0.2336752 0.07663249 0.3269422 0.14 0.5330578 1 1 0.2540093 0.2881128 0.457878 0.3420723 0.376 0.2819277 0.86 0.14 0.3 0.7 0.48 0.52 0.7000001 0.3 1 1 1 1 1 1 1 1 0.5910756 0.3089245 0.1 0.3420723 0.376 0.2819277 0.3420723 0.376 0.2819277 0.5910756 0.3089245 0.1 0.5910756 0.3089245 0.1 0.6144 0.02559995 0.36 0.2540093 0.2881128 0.457878 0.2540093 0.2881128 0.457878 0.2540093 0.2881128 0.457878 0.5910756 0.3089245 0.1 1 0.1527822 0.08087706 0.7663407 0.1527822 0.08087706 0.7663407 0.5910756 0.3089245 0.1 0.6144 0.02559995 0.36 1 1 1 1 1 0.78 0.22 1 0.48 0.52 1 1 0.86 0.1399999 0.94 0.05999994 0.86 0.14 0.7000001 0.3 0.86 0.1399999 0.94 0.05999994 1 1 0.78 0.22 0.6 0.4 0.96 0.03999996 1 1 1 1 1 1 1 1 1 1 1 0.127785 0.8722149 0.08820652 0.9117935 4.5938e-4 0.9995406 1 1 0.095339 0.9046609 0.3582662 0.6417338 1.5481e-4 0.9998452 0.2298488 0.7701512 1 1 1 0.2529096 0.7470905 0.8187613 0.1812387 0.001333594 0.9986664 1 1 1 1 1 0.658084 0.341916 0.08071374 0.9192863 0.00710994 0.99289 1 0.3013703 0.6986297 0.071024 0.928976 0.02043521 0.9795647 0.532375 0.467625 0.009302139 0.9906978 3.3392e-4 0.9996661 1 1 1 0.008153676 0.9918463 1 1 1 1 1 1 1 0.82 0.18 1 1 0.84 0.16 1 1 1 1 1 1 0.003942549 0.9960574 0.01181656 0.9881834 0.42 0.58 0.5910756 0.3089245 0.1 0.42 0.58 0.364 0.336 0.3 0.6160001 0.12 0.2639999 0.48 0.52 0.86 0.14 0.7000001 0.3 0.197434 0.802566 0.04485404 0.955146 0.197434 0.802566 0.04485404 0.955146 0.002117097 0.9978829 1 1.5481e-4 0.9998452 1 1 1 0.07767486 0.9223251 0.07767486 0.9223251 1 1 1 1 1 1 1 1 1 0.3973069 0.472 0.130693 1 0.48 0.52 0.5 0.5 0.32 0.68 0.3808775 0.4176 0.2015224 1 1 1 1 1 1 1 1 1 1 1 1 1 1 1 1 1 1 1 1 1 1 1 1 1 1 1 1 1 1 1 1 1 1 1 1 1 1 1 1 1 1 1 1 1 1 1 1 1 1 1 1 1 1 1 1 1 1 1 1 1 1 1 1 1 1 1 1 1 1 1 1 1 1 1 1 1 1 1 1 1 1 1 1 1 1 1 1 1 1 1 1 1 1 1 1 1 1 1 1 1 1 1 1 1 1 1 1 1 1 1 1 1 1 1 1 1 1 1 1 1 1 1 1 1 1 1 1 1 1 1 1 1 1 1 1 1 1 1 1 1 1 1 1 1 1 1 1 1 1 1 1 1 1 1 1 1 1 1 1 1 1 1 1 1 1 1 1 1 1 1 0.3275279 0.6724721 0.9261422 0.07385784 0.3145115 0.6854885 0.3697197 0.6302803 1 1 0.3343098 0.6656902 0.3743895 0.6256105 1 1 1 1 1 1 1 1 0.936415 0.06358504 0.7383371 0.2616629 0.7418995 0.2581005 1 0.9556609 0.04433906 0.9299091 0.07009088 0.9215068 0.07849323 0.7073497 0.2926503 0.173274 0.826726 0.6816106 0.3183894 0.4712309 0.5287691 0.3986971 0.6013029 1 0.2831674 0.7168326 1 1 1 1 1 1 1 1 1 1 1 1 1 1 1 1 1 1 0.3726809 0.6273191 0.3676204 0.6323797 0.3610838 0.6389162 0.3676204 0.6323797 1 0.907409 0.09259092 0.7488564 0.2511436 0.6680303 0.3319697 0.200122 0.799878 0.3896659 0.6103342 1 1 1 1 1 1 0.200122 0.799878 1 1 1 0.3896659 0.6103342 0.6680303 0.3319697 0.7488564 0.2511436 0.9556609 0.04433906 0.907409 0.09259092 1 1 0.7739316 0.2260684 0.9756012 0.0243988 0.94 0.05999994 1 1 0.9309591 0.06904095 0.9611029 0.03889709 1 1 1 1 0.4573566 0.5426434 0.5000001 0.5 0.5 0.5 0.7045087 0.2954913 1 0.6053372 0.3946628 1 1 1 1 0.5000001 0.5 1 0.7540192 0.2459807 0.7534674 0.2465326 1 0.5 0.5000001 0.563026 0.4369741 0.5 0.5 0.7819653 0.2180347 0.5 0.5 0.5000001 0.5 0.5455327 0.4544673 0.18 0.82 0.18 0.82 0.4964927 0.5035073 0.4493446 0.5506554 0.5155594 0.4844406 0.5309305 0.4690696 0.5291124 0.4708876 0.18 0.82 0.18 0.82 0.5 0.5 0.5 0.5 0.18 0.82 0.4721788 0.5278213 0.18 0.82 0.4427933 0.5572066 0.18 0.82 0.5135219 0.4864781 0.5478929 0.4521071 1 1 0.18 0.82 0.18 0.82 1 1 1 1 1 1 1 1 0.18 0.82 1 1 1 1 1 1 1 1 1 1 1 1 1 1 1 1 1 1 1 1 0.7634022 0.2365977 0.7274476 0.2725524 0.6596577 0.3403424 0.5455327 0.4544673 0.5135219 0.4864781 0.4427933 0.5572066 1 1 1 1 1 1 0.5832529 0.4167472 0.5000001 0.5 1 1 1 0.3275279 0.6724721 0.3145115 0.6854885 0.9261422 0.07385784 0.3697197 0.6302803 1 1 0.3743895 0.6256105 0.3343098 0.6656902 1 1 1 1 1 1 1 1 0.936415 0.06358504 0.7383371 0.2616629 0.7418995 0.2581005 1 0.9299091 0.07009088 0.9556609 0.04433906 0.9215068 0.07849323 0.7073497 0.2926503 0.6816106 0.3183894 0.173274 0.826726 0.4712309 0.5287691 0.3986971 0.6013029 1 0.2831674 0.7168326 1 1 1 1 1 1 1 1 1 1 1 1 1 1 1 1 1 1 0.3726809 0.6273191 0.3676204 0.6323797 0.3610838 0.6389162 0.3676204 0.6323797 1 0.907409 0.09259092 0.7488564 0.2511436 0.6680303 0.3319697 0.200122 0.799878 0.3896659 0.6103342 1 1 1 1 1 1 0.200122 0.799878 1 1 1 0.3896659 0.6103342 0.6680303 0.3319697 0.7488564 0.2511436 0.9556609 0.04433906 0.907409 0.09259092 1 1 0.2260684 0.7739316 0.05999994 0.94 0.0243988 0.9756012 1 0.03889709 0.9611029 0.06904095 0.9309591 1 1 1 1 1 0.7045087 0.2954913 0.6053372 0.3946628 1 1 1 1 1 1 0.7540192 0.2459807 0.7534674 0.2465326 1 0.2180347 0.7819653 0.5455327 0.4544673 0.18 0.82 0.4493446 0.5506554 0.4964927 0.5035073 0.18 0.82 0.5155594 0.4844406 0.7045087 0.2954913 0.7534674 0.2465326 0.5309305 0.4690696 0.5155594 0.4844406 0.7540192 0.2459807 0.5291124 0.4708876 0.18 0.82 0.5291124 0.4708876 0.5 0.5 0.18 0.82 0.5 0.5 0.18 0.82 0.4721788 0.5278213 0.18 0.82 0.4427933 0.5572066 0.18 0.82 0.5478929 0.4521071 0.5135219 0.4864781 1 0.18 0.82 0.18 0.82 1 1 1 1 1 1 1 1 0.18 0.82 1 1 1 1 1 1 1 1 1 1 1 1 1 1 1 1 1 1 1 1 1 0.18 0.82 0.18 0.82 0.18 0.82 0.7634022 0.2365977 0.7274476 0.2725524 0.6596577 0.3403424 0.5455327 0.4544673 0.5135219 0.4864781 0.4427933 0.5572066 1 1 1 1 1</float_array>
          <technique_common>
            <accessor source="#Bip001_Pelvis_aladdin_lod0-skin-weights-array" count="3964" stride="1">
              <param name="WEIGHT" type="float"/>
            </accessor>
          </technique_common>
        </source>
        <joints>
          <input semantic="JOINT" source="#Bip001_Pelvis_aladdin_lod0-skin-joints"/>
          <input semantic="INV_BIND_MATRIX" source="#Bip001_Pelvis_aladdin_lod0-skin-bind_poses"/>
        </joints>
        <vertex_weights count="2210">
          <input semantic="JOINT" source="#Bip001_Pelvis_aladdin_lod0-skin-joints" offset="0"/>
          <input semantic="WEIGHT" source="#Bip001_Pelvis_aladdin_lod0-skin-weights" offset="1"/>
          <vcount>1 1 2 2 1 2 2 1 1 1 1 1 1 1 1 1 1 1 1 1 1 1 1 2 2 2 2 2 2 2 2 3 2 3 3 2 2 2 2 1 1 3 2 1 1 1 1 3 3 3 3 3 3 3 3 3 3 2 3 3 3 2 1 2 1 2 2 2 2 2 2 2 2 2 2 2 2 1 2 1 2 1 2 2 2 2 2 1 1 1 1 1 1 1 1 1 1 1 2 2 1 1 1 2 1 1 1 1 1 1 2 1 2 2 3 3 3 1 1 1 1 1 1 1 1 1 1 1 3 3 3 2 3 2 3 2 1 2 2 1 1 1 1 1 1 1 1 1 1 1 1 1 1 1 2 2 2 1 2 2 1 1 1 2 3 2 3 2 2 2 1 2 2 2 3 2 1 1 1 1 1 2 1 2 2 2 1 2 1 1 2 2 1 1 1 2 2 1 1 2 2 1 1 1 2 2 2 3 3 2 1 3 1 3 3 3 3 3 3 3 3 3 1 1 2 2 3 1 1 2 1 3 1 1 3 3 3 3 2 3 3 2 2 1 2 3 3 3 3 3 3 3 3 3 3 3 3 3 3 3 3 3 3 3 3 2 3 3 3 3 3 3 3 3 1 1 1 1 3 3 2 3 3 3 3 3 3 3 3 3 3 3 3 3 2 3 3 3 3 3 3 3 3 3 3 3 3 3 3 3 2 3 3 3 3 3 3 3 3 3 3 3 3 2 2 3 3 3 2 3 2 2 2 2 2 2 2 2 2 2 2 2 2 2 1 2 3 2 2 3 1 1 1 1 1 2 1 1 1 2 2 2 2 2 2 2 2 2 2 1 1 1 2 2 2 2 2 2 2 2 2 1 1 2 2 2 2 2 2 2 1 1 1 1 1 1 1 1 1 1 1 1 1 1 1 1 3 3 3 1 2 2 3 3 2 3 3 2 3 2 3 2 2 3 2 1 1 2 1 1 1 1 1 2 2 2 2 2 2 2 2 2 1 1 1 1 1 1 1 1 1 2 2 2 2 2 2 2 2 1 2 2 1 1 1 1 1 1 1 1 1 1 1 2 3 3 2 2 2 2 2 2 1 1 2 2 2 1 2 2 2 1 1 2 2 1 1 2 1 2 3 3 3 3 3 3 2 3 3 3 3 3 3 3 3 3 3 3 3 3 2 2 2 2 2 3 3 3 3 3 3 3 3 2 2 3 3 3 3 3 2 2 3 3 3 3 3 3 3 2 2 2 2 2 3 3 3 3 2 2 2 2 2 2 2 3 3 3 3 3 2 2 2 2 2 3 3 2 3 2 3 2 3 2 3 2 3 3 2 3 2 2 2 2 2 2 3 3 3 3 3 3 2 2 2 2 3 3 3 3 3 3 3 3 3 2 3 3 3 3 3 3 3 3 2 2 2 2 2 2 2 2 3 2 2 1 3 3 3 1 1 1 3 2 2 2 2 3 2 2 2 1 2 1 2 1 2 2 1 1 1 1 1 1 1 1 1 1 1 1 1 1 2 3 2 3 2 2 3 2 2 2 2 2 2 2 2 2 2 3 3 2 3 2 2 2 2 1 3 1 2 1 1 1 1 1 1 1 1 3 3 3 3 3 3 3 3 3 3 3 2 3 3 2 2 1 1 2 2 2 2 2 2 2 2 2 2 2 2 1 2 2 1 1 2 2 2 2 2 1 1 1 1 1 1 1 1 1 1 1 2 2 1 1 1 2 1 1 1 1 1 1 2 2 1 3 2 3 3 1 1 1 1 1 1 1 1 1 1 1 3 3 3 2 3 2 2 3 1 2 2 1 1 1 1 1 1 1 1 1 1 1 1 1 1 2 1 2 2 2 2 1 2 3 2 2 1 2 2 3 2 2 2 2 2 2 1 2 1 2 1 1 1 1 2 1 2 1 1 2 2 1 2 1 1 2 1 1 1 1 2 2 2 2 1 3 1 3 3 3 3 3 3 1 2 3 2 1 2 1 3 1 3 3 3 3 2 3 1 2 2 3 2 3 3 2 3 3 3 3 3 3 3 3 3 3 3 3 2 3 3 3 3 3 3 3 3 1 3 3 2 3 3 3 3 3 3 3 3 2 3 3 3 3 3 3 3 3 3 3 3 3 3 2 3 3 3 3 3 3 3 3 3 3 3 2 3 3 3 2 3 2 2 2 2 2 2 2 2 2 2 2 1 2 3 2 2 3 1 1 1 1 1 2 1 1 1 2 2 2 2 2 2 2 2 2 2 1 1 1 2 2 2 2 2 2 2 2 2 1 1 2 2 2 2 2 2 2 1 1 1 1 1 1 1 1 1 1 1 1 1 1 1 3 1 3 3 1 2 3 3 2 3 2 3 2 3 2 3 3 2 2 2 1 1 2 1 1 1 1 1 2 2 2 2 2 2 2 2 2 1 1 1 1 1 1 1 1 1 2 2 2 2 2 2 2 1 2 1 2 1 1 1 1 1 1 1 1 2 3 3 2 2 2 2 2 2 1 2 2 1 2 2 2 2 1 1 2 2 1 1 2 1 2 3 3 3 3 3 3 2 3 3 3 3 3 3 3 3 3 3 3 3 3 2 2 2 2 2 3 3 3 3 3 3 2 2 3 3 3 3 2 2 3 3 3 3 3 3 3 2 2 2 2 2 3 3 2 2 2 2 2 3 3 3 3 3 2 2 2 2 2 3 3 2 2 3 2 3 2 3 2 3 3 3 2 2 2 2 2 3 3 3 3 3 3 2 2 2 2 3 3 3 3 3 3 3 3 2 3 3 3 3 3 3 3 3 2 2 2 2 2 2 2 1 2 3 3 1 1 3 2 2 2 3 2 2 1 1 1 1 1 1 1 1 1 1 1 1 1 1 1 1 1 1 1 1 1 1 1 1 1 1 1 1 1 1 1 1 1 1 1 1 1 1 3 3 3 3 1 3 3 2 3 3 3 3 3 3 3 3 1 3 3 3 3 3 3 3 3 2 3 3 3 1 1 1 1 1 1 1 1 3 3 3 1 3 1 1 1 1 1 1 1 1 1 1 2 1 3 3 1 1 2 2 2 1 1 1 1 1 2 2 2 2 2 2 2 2 2 2 2 1 1 1 1 1 1 1 1 1 1 1 1 1 1 2 2 2 2 2 2 2 2 2 2 2 2 2 1 1 1 1 1 1 1 1 1 1 1 1 2 2 2 2 2 2 2 1 1 1 1 1 1 2 2 2 2 1 1 1 1 1 1 2 1 1 1 1 1 2 2 2 2 1 2 2 2 2 2 2 2 2 2 2 2 2 1 1 1 1 2 1 1 2 1 2 1 1 3 3 2 2 2 2 2 2 1 1 1 1 1 1 1 1 1 1 1 1 1 1 1 1 1 2 1 1 1 1 1 2 2 1 2 1 1 1 2 2 2 2 2 2 2 2 2 1 1 2 2 3 3 3 3 3 3 3 2 2 2 2 2 1 1 2 2 2 3 2 2 2 3 3 1 1 3 3 2 2 2 2 1 1 1 1 1 1 1 1 3 3 3 3 3 3 3 3 3 3 1 3 3 3 3 1 1 1 1 1 2 1 2 1 1 2 2 2 2 2 2 1 1 2 2 2 1 1 1 1 1 1 1 1 1 1 1 2 2 2 1 1 2 2 2 2 1 1 1 2 2 2 1 1 1 1 1 2 2 2 1 2 2 2 2 2 2 1 1 1 2 1 1 1 1 1 1 1 2 1 1 2 1 1 1 1 1 1 2 2 2 3 2 3 3 2 2 2 2 2 2 2 2 1 2 1 1 1 2 2 1 1 1 1 1 1 1 1 1 3 1 2 2 2 3 1 1 1 1 1 1 1 1 1 1 1 1 1 1 1 1 1 1 1 1 1 1 1 1 1 1 1 1 1 1 1 1 1 1 1 1 1 1 1 1 1 1 1 1 1 1 1 1 1 1 1 1 1 1 1 1 1 1 1 1 1 1 1 1 1 1 1 1 1 1 1 1 1 1 1 1 1 1 1 1 1 1 1 1 1 1 1 1 1 1 1 1 1 1 1 1 1 1 1 1 1 1 1 1 1 1 1 1 1 1 1 1 1 1 1 1 1 1 1 1 1 1 1 1 1 1 1 1 1 1 1 1 1 1 1 1 1 1 1 1 1 1 1 1 1 1 1 1 1 1 1 1 1 1 1 1 1 1 1 1 1 1 1 1 1 1 1 1 1 1 1 2 2 2 2 1 1 2 2 1 1 1 1 1 1 1 1 2 2 2 1 2 2 2 2 2 2 2 2 1 2 1 1 1 1 1 1 1 1 1 1 1 1 1 1 1 1 1 1 2 2 2 2 1 2 2 2 2 2 1 1 1 1 1 1 2 1 1 1 2 2 2 2 2 1 1 2 2 2 1 1 2 2 1 1 1 1 2 2 2 2 1 2 1 1 1 1 2 1 2 2 1 2 2 2 2 2 2 2 2 2 2 2 2 2 2 2 2 2 2 2 2 2 2 2 2 2 1 1 2 2 1 1 1 1 1 1 1 1 2 1 1 1 1 1 1 1 1 1 1 1 1 1 1 1 1 1 1 1 1 2 2 2 2 2 2 1 1 1 1 1 1 2 2 1 1 1 2 2 2 2 1 1 2 2 1 1 1 1 1 1 1 1 2 2 2 1 2 2 2 2 2 2 2 2 1 2 1 1 1 1 1 1 1 1 1 1 1 1 1 1 1 1 1 1 2 2 2 2 1 2 2 2 2 2 1 1 1 1 1 1 2 1 1 1 2 2 2 2 2 1 1 2 2 2 1 2 2 1 1 1 1 1 2 2 1 1 1 1 1 1 2 2 1 2 2 2 2 2 2 2 2 2 2 2 2 2 2 2 2 2 2 2 2 2 2 2 2 2 1 2 2 1 1 1 1 1 1 1 1 2 1 1 1 1 1 1 1 1 1 1 1 1 1 1 1 1 1 1 1 1 1 2 2 2 2 2 2 2 2 2 1 1 1 1 1 </vcount>
          <v>12 0 12 1 12 2 15 3 12 4 21 5 12 6 12 7 21 8 12 9 15 10 12 11 12 12 12 13 12 14 12 15 12 16 12 17 12 18 12 19 12 20 12 21 12 22 12 23 12 24 12 25 12 26 12 27 36 28 12 29 22 30 12 31 21 32 12 33 22 34 12 35 22 36 12 37 22 38 12 39 22 40 12 41 22 42 12 43 30 44 34 45 12 46 34 47 12 48 34 49 36 50 12 51 31 52 34 53 12 54 34 55 12 56 30 57 12 58 30 59 12 60 30 61 12 62 12 63 11 64 12 65 30 66 11 67 12 68 12 69 12 70 12 71 12 72 0 73 9 74 10 75 0 76 9 77 10 78 0 79 9 80 10 81 9 82 10 83 40 84 9 85 10 86 40 87 9 88 10 89 40 90 10 91 39 92 40 93 9 94 10 95 39 96 9 97 10 98 40 99 9 100 10 101 40 102 39 103 40 104 9 105 10 106 40 107 9 108 10 109 40 110 9 111 39 112 40 113 9 114 40 115 40 116 9 117 40 118 40 119 40 120 41 121 40 122 41 123 40 124 41 125 40 126 41 127 40 128 41 129 40 130 41 131 40 132 41 133 40 134 41 135 40 136 41 137 41 138 42 139 42 140 43 141 41 142 42 143 42 144 41 145 42 146 42 147 41 148 42 149 42 150 41 151 42 152 42 153 43 154 41 155 42 156 42 157 43 158 41 159 42 160 42 161 42 162 42 163 42 164 42 165 42 166 42 167 42 168 42 169 42 170 42 171 42 172 43 173 42 174 43 175 43 176 42 177 42 178 42 179 47 180 43 181 43 182 44 183 43 184 43 185 44 186 42 187 43 188 42 189 42 190 43 191 42 192 45 193 42 194 43 195 44 196 42 197 43 198 44 199 42 200 45 201 47 202 44 203 44 204 44 205 44 206 43 207 44 208 43 209 44 210 44 211 44 212 44 213 42 214 45 215 47 216 42 217 45 218 47 219 42 220 45 221 47 222 42 223 47 224 42 225 45 226 47 227 42 228 47 229 42 230 45 231 47 232 42 233 47 234 48 235 42 236 47 237 42 238 47 239 46 240 46 241 46 242 46 243 46 244 46 245 46 246 46 247 48 248 48 249 48 250 48 251 48 252 48 253 47 254 47 255 48 256 12 257 15 258 12 259 15 260 12 261 12 262 15 263 12 264 15 265 12 266 12 267 12 268 12 269 21 270 12 271 15 272 16 273 12 274 16 275 12 276 15 277 16 278 12 279 22 280 12 281 22 282 12 283 22 284 22 285 12 286 22 287 12 288 22 289 12 290 22 291 12 292 16 293 17 294 12 295 16 296 12 297 12 298 12 299 12 300 12 301 12 302 36 303 12 304 12 305 15 306 12 307 16 308 12 309 21 310 21 311 12 312 21 313 21 314 12 315 12 316 21 317 12 318 21 319 12 320 12 321 12 322 12 323 17 324 12 325 22 326 22 327 22 328 12 329 22 330 12 331 22 332 12 333 12 334 12 335 12 336 34 337 12 338 36 339 12 340 36 341 12 342 36 343 37 344 12 345 36 346 37 347 12 348 36 349 36 350 12 351 30 352 34 353 31 354 30 355 31 356 32 357 30 358 31 359 32 360 12 361 30 362 31 363 12 364 30 365 31 366 30 367 31 368 34 369 30 370 31 371 34 372 12 373 30 374 34 375 12 376 30 377 34 378 30 379 31 380 32 381 30 382 30 383 12 384 30 385 12 386 30 387 11 388 12 389 30 390 30 391 30 392 12 393 30 394 12 395 11 396 12 397 30 398 30 399 30 400 11 401 12 402 30 403 11 404 12 405 30 406 11 407 12 408 30 409 11 410 12 411 30 412 11 413 12 414 11 415 12 416 30 417 11 418 12 419 30 420 11 421 12 422 11 423 12 424 12 425 11 426 12 427 11 428 12 429 30 430 11 431 12 432 30 433 10 434 11 435 12 436 10 437 11 438 12 439 11 440 12 441 30 442 11 443 12 444 30 445 11 446 12 447 30 448 11 449 12 450 30 451 11 452 12 453 30 454 11 455 12 456 30 457 10 458 11 459 12 460 10 461 11 462 12 463 9 464 10 465 11 466 9 467 10 468 11 469 9 470 10 471 11 472 9 473 10 474 11 475 9 476 10 477 11 478 9 479 10 480 11 481 9 482 10 483 11 484 9 485 10 486 11 487 9 488 10 489 10 490 11 491 12 492 9 493 10 494 11 495 9 496 10 497 39 498 10 499 11 500 12 501 9 502 10 503 39 504 10 505 11 506 12 507 10 508 11 509 12 510 9 511 10 512 11 513 12 514 12 515 12 516 12 517 9 518 10 519 11 520 9 521 10 522 11 523 11 524 12 525 9 526 10 527 11 528 9 529 10 530 11 531 10 532 11 533 12 534 0 535 9 536 10 537 0 538 9 539 10 540 0 541 9 542 10 543 10 544 39 545 40 546 9 547 10 548 39 549 9 550 10 551 40 552 9 553 10 554 39 555 0 556 9 557 10 558 0 559 9 560 10 561 0 562 9 563 10 564 9 565 10 566 0 567 9 568 10 569 0 570 9 571 10 572 0 573 9 574 10 575 0 576 9 577 10 578 0 579 9 580 10 581 0 582 9 583 10 584 0 585 9 586 10 587 9 588 10 589 40 590 9 591 10 592 40 593 10 594 39 595 40 596 9 597 10 598 40 599 9 600 10 601 40 602 9 603 10 604 40 605 10 606 39 607 40 608 10 609 39 610 40 611 10 612 40 613 9 614 10 615 40 616 9 617 10 618 40 619 9 620 10 621 40 622 9 623 10 624 40 625 9 626 10 627 40 628 9 629 10 630 40 631 9 632 10 633 40 634 9 635 10 636 40 637 9 638 10 639 40 640 9 641 10 642 40 643 9 644 10 645 40 646 0 647 9 648 10 649 0 650 9 651 0 652 9 653 0 654 9 655 10 656 0 657 9 658 10 659 0 660 9 661 10 662 0 663 9 664 0 665 9 666 10 667 0 668 9 669 0 670 9 671 0 672 9 673 0 674 9 675 0 676 9 677 0 678 9 679 0 680 9 681 0 682 9 683 0 684 9 685 0 686 9 687 0 688 9 689 0 690 9 691 39 692 40 693 39 694 40 695 40 696 39 697 40 698 9 699 10 700 40 701 9 702 40 703 9 704 40 705 9 706 39 707 40 708 40 709 40 710 40 711 40 712 40 713 9 714 40 715 40 716 40 717 40 718 40 719 41 720 40 721 41 722 40 723 41 724 40 725 41 726 40 727 41 728 40 729 41 730 40 731 41 732 40 733 41 734 40 735 41 736 40 737 41 738 41 739 41 740 41 741 41 742 42 743 41 744 42 745 41 746 42 747 40 748 41 749 41 750 42 751 40 752 41 753 40 754 41 755 41 756 42 757 41 758 42 759 41 760 41 761 40 762 41 763 41 764 42 765 41 766 42 767 41 768 42 769 41 770 42 771 41 772 42 773 41 774 42 775 43 776 43 777 43 778 44 779 44 780 43 781 43 782 43 783 43 784 43 785 44 786 43 787 44 788 43 789 43 790 43 791 42 792 43 793 44 794 42 795 45 796 47 797 42 798 45 799 47 800 44 801 45 802 46 803 45 804 46 805 42 806 45 807 47 808 42 809 45 810 47 811 45 812 46 813 42 814 45 815 47 816 42 817 45 818 47 819 45 820 46 821 42 822 45 823 47 824 45 825 46 826 42 827 45 828 47 829 45 830 46 831 45 832 46 833 42 834 45 835 47 836 42 837 47 838 48 839 48 840 47 841 48 842 46 843 46 844 46 845 46 846 46 847 42 848 47 849 47 850 48 851 42 852 47 853 42 854 47 855 42 856 47 857 47 858 48 859 47 860 48 861 42 862 47 863 42 864 47 865 48 866 48 867 48 868 48 869 48 870 48 871 48 872 48 873 48 874 47 875 48 876 42 877 47 878 0 879 9 880 0 881 9 882 0 883 9 884 0 885 9 886 0 887 9 888 0 889 9 890 0 891 0 892 9 893 0 894 9 895 0 896 0 897 0 898 0 899 0 900 0 901 0 902 0 903 0 904 0 905 0 906 0 907 9 908 9 909 10 910 40 911 9 912 10 913 40 914 0 915 9 916 0 917 9 918 0 919 9 920 0 921 9 922 0 923 9 924 0 925 9 926 12 927 12 928 42 929 47 930 12 931 21 932 12 933 22 934 12 935 12 936 22 937 12 938 21 939 12 940 21 941 21 942 21 943 12 944 21 945 12 946 22 947 22 948 22 949 12 950 22 951 12 952 11 953 12 954 9 955 10 956 39 957 9 958 10 959 11 960 9 961 10 962 11 963 9 964 10 965 11 966 9 967 10 968 39 969 9 970 10 971 39 972 9 973 10 974 0 975 9 976 10 977 9 978 10 979 40 980 9 981 10 982 40 983 0 984 9 985 10 986 0 987 9 988 10 989 0 990 9 991 10 992 9 993 10 994 40 995 0 996 9 997 10 998 0 999 9 1000 10 1001 0 1002 9 1003 10 1004 0 1005 9 1006 10 1007 9 1008 10 1009 40 1010 0 1011 9 1012 10 1013 0 1014 9 1015 0 1016 9 1017 0 1018 9 1019 0 1020 9 1021 0 1022 9 1023 9 1024 10 1025 11 1026 9 1027 10 1028 11 1029 9 1030 10 1031 39 1032 9 1033 10 1034 39 1035 9 1036 10 1037 39 1038 9 1039 10 1040 39 1041 9 1042 10 1043 39 1044 9 1045 10 1046 39 1047 9 1048 10 1049 9 1050 10 1051 9 1052 10 1053 40 1054 0 1055 9 1056 10 1057 9 1058 10 1059 39 1060 9 1061 10 1062 40 1063 9 1064 10 1065 39 1066 9 1067 10 1068 9 1069 10 1070 9 1071 10 1072 40 1073 0 1074 9 1075 10 1076 0 1077 9 1078 10 1079 9 1080 10 1081 40 1082 9 1083 10 1084 40 1085 0 1086 9 1087 10 1088 9 1089 10 1090 40 1091 0 1092 9 1093 0 1094 9 1095 0 1096 9 1097 0 1098 9 1099 0 1100 9 1101 0 1102 9 1103 10 1104 0 1105 9 1106 10 1107 0 1108 9 1109 10 1110 0 1111 9 1112 10 1113 0 1114 9 1115 0 1116 9 1117 0 1118 9 1119 0 1120 9 1121 0 1122 9 1123 0 1124 9 1125 0 1126 9 1127 0 1128 9 1129 10 1130 0 1131 9 1132 10 1133 0 1134 9 1135 10 1136 0 1137 9 1138 10 1139 0 1140 9 1141 10 1142 0 1143 9 1144 0 1145 9 1146 0 1147 9 1148 0 1149 9 1150 0 1151 9 1152 0 1153 9 1154 10 1155 0 1156 9 1157 10 1158 0 1159 9 1160 0 1161 9 1162 10 1163 0 1164 9 1165 0 1166 9 1167 10 1168 0 1169 9 1170 0 1171 9 1172 10 1173 0 1174 9 1175 0 1176 9 1177 10 1178 0 1179 9 1180 0 1181 9 1182 10 1183 0 1184 9 1185 10 1186 0 1187 9 1188 0 1189 9 1190 10 1191 0 1192 9 1193 0 1194 9 1195 0 1196 9 1197 0 1198 9 1199 0 1200 9 1201 0 1202 9 1203 9 1204 10 1205 11 1206 9 1207 10 1208 11 1209 9 1210 10 1211 40 1212 9 1213 10 1214 40 1215 9 1216 10 1217 40 1218 9 1219 10 1220 40 1221 0 1222 9 1223 0 1224 9 1225 0 1226 9 1227 0 1228 9 1229 9 1230 10 1231 11 1232 9 1233 10 1234 39 1235 9 1236 10 1237 39 1238 9 1239 10 1240 39 1241 9 1242 10 1243 39 1244 9 1245 10 1246 39 1247 9 1248 10 1249 40 1250 9 1251 10 1252 40 1253 9 1254 10 1255 39 1256 9 1257 10 1258 9 1259 10 1260 40 1261 0 1262 9 1263 10 1264 0 1265 9 1266 10 1267 9 1268 10 1269 40 1270 9 1271 10 1272 40 1273 9 1274 10 1275 40 1276 0 1277 9 1278 10 1279 0 1280 9 1281 10 1282 0 1283 9 1284 0 1285 9 1286 0 1287 9 1288 0 1289 9 1290 0 1291 9 1292 0 1293 9 1294 12 1295 36 1296 12 1297 36 1298 12 1299 36 1300 37 1301 12 1302 37 1303 12 1304 36 1305 36 1306 12 1307 30 1308 34 1309 12 1310 30 1311 34 1312 30 1313 31 1314 32 1315 31 1316 30 1317 30 1318 12 1319 30 1320 31 1321 30 1322 34 1323 12 1324 30 1325 12 1326 30 1327 12 1328 30 1329 12 1330 30 1331 34 1332 12 1333 30 1334 12 1335 30 1336 12 1337 30 1338 12 1339 12 1340 18 1341 12 1342 12 1343 23 1344 12 1345 12 1346 23 1347 12 1348 18 1349 12 1350 12 1351 12 1352 12 1353 12 1354 12 1355 12 1356 12 1357 12 1358 12 1359 12 1360 12 1361 12 1362 12 1363 12 1364 37 1365 12 1366 18 1367 19 1368 12 1369 19 1370 12 1371 19 1372 20 1373 12 1374 19 1375 12 1376 19 1377 12 1378 19 1379 20 1380 12 1381 20 1382 12 1383 20 1384 12 1385 24 1386 12 1387 24 1388 12 1389 23 1390 12 1391 24 1392 12 1393 24 1394 12 1395 24 1396 12 1397 24 1398 12 1399 20 1400 12 1401 30 1402 35 1403 12 1404 35 1405 37 1406 12 1407 35 1408 12 1409 32 1410 35 1411 12 1412 35 1413 12 1414 30 1415 12 1416 30 1417 12 1418 30 1419 12 1420 11 1421 12 1422 30 1423 12 1424 11 1425 12 1426 12 1427 12 1428 12 1429 12 1430 12 1431 12 1432 12 1433 12 1434 0 1435 9 1436 10 1437 0 1438 9 1439 10 1440 0 1441 9 1442 10 1443 9 1444 10 1445 50 1446 9 1447 10 1448 50 1449 9 1450 10 1451 50 1452 10 1453 49 1454 50 1455 9 1456 10 1457 50 1458 9 1459 10 1460 49 1461 9 1462 10 1463 50 1464 9 1465 10 1466 50 1467 49 1468 50 1469 9 1470 10 1471 50 1472 9 1473 49 1474 50 1475 9 1476 50 1477 9 1478 50 1479 50 1480 50 1481 50 1482 51 1483 50 1484 51 1485 50 1486 51 1487 50 1488 51 1489 50 1490 51 1491 50 1492 51 1493 50 1494 51 1495 50 1496 51 1497 50 1498 51 1499 51 1500 52 1501 51 1502 52 1503 52 1504 53 1505 52 1506 51 1507 52 1508 51 1509 52 1510 52 1511 52 1512 51 1513 52 1514 51 1515 52 1516 52 1517 53 1518 52 1519 53 1520 51 1521 52 1522 52 1523 52 1524 52 1525 52 1526 52 1527 52 1528 52 1529 52 1530 52 1531 52 1532 52 1533 52 1534 53 1535 52 1536 53 1537 53 1538 52 1539 52 1540 52 1541 57 1542 53 1543 53 1544 53 1545 54 1546 53 1547 54 1548 52 1549 53 1550 52 1551 53 1552 52 1553 52 1554 53 1555 54 1556 52 1557 55 1558 52 1559 53 1560 54 1561 52 1562 55 1563 57 1564 54 1565 54 1566 54 1567 54 1568 53 1569 53 1570 54 1571 54 1572 54 1573 54 1574 54 1575 52 1576 55 1577 57 1578 52 1579 55 1580 57 1581 52 1582 55 1583 57 1584 52 1585 57 1586 52 1587 55 1588 57 1589 52 1590 57 1591 52 1592 57 1593 52 1594 55 1595 57 1596 58 1597 52 1598 57 1599 52 1600 57 1601 56 1602 56 1603 56 1604 56 1605 56 1606 56 1607 56 1608 56 1609 58 1610 58 1611 58 1612 58 1613 58 1614 58 1615 57 1616 58 1617 57 1618 12 1619 18 1620 12 1621 18 1622 12 1623 18 1624 12 1625 18 1626 12 1627 12 1628 23 1629 12 1630 18 1631 19 1632 12 1633 19 1634 12 1635 24 1636 24 1637 12 1638 24 1639 12 1640 24 1641 12 1642 19 1643 20 1644 12 1645 19 1646 12 1647 24 1648 12 1649 24 1650 12 1651 20 1652 12 1653 24 1654 12 1655 24 1656 12 1657 12 1658 37 1659 12 1660 12 1661 18 1662 12 1663 12 1664 12 1665 12 1666 12 1667 23 1668 23 1669 12 1670 23 1671 23 1672 12 1673 12 1674 23 1675 12 1676 23 1677 12 1678 12 1679 24 1680 24 1681 24 1682 12 1683 24 1684 12 1685 12 1686 12 1687 12 1688 12 1689 37 1690 12 1691 35 1692 12 1693 37 1694 12 1695 37 1696 37 1697 12 1698 30 1699 35 1700 32 1701 12 1702 30 1703 32 1704 12 1705 30 1706 32 1707 30 1708 32 1709 35 1710 12 1711 30 1712 35 1713 30 1714 32 1715 35 1716 12 1717 30 1718 35 1719 30 1720 12 1721 30 1722 11 1723 12 1724 30 1725 12 1726 30 1727 30 1728 12 1729 30 1730 12 1731 11 1732 12 1733 30 1734 30 1735 11 1736 12 1737 30 1738 11 1739 12 1740 30 1741 11 1742 12 1743 30 1744 11 1745 12 1746 30 1747 11 1748 12 1749 11 1750 12 1751 30 1752 12 1753 11 1754 12 1755 11 1756 12 1757 11 1758 12 1759 30 1760 11 1761 12 1762 10 1763 11 1764 12 1765 11 1766 12 1767 30 1768 11 1769 12 1770 10 1771 11 1772 12 1773 11 1774 12 1775 30 1776 11 1777 12 1778 30 1779 11 1780 12 1781 30 1782 11 1783 12 1784 30 1785 10 1786 11 1787 12 1788 9 1789 10 1790 11 1791 9 1792 10 1793 11 1794 9 1795 10 1796 11 1797 9 1798 10 1799 11 1800 9 1801 10 1802 11 1803 9 1804 10 1805 11 1806 9 1807 10 1808 10 1809 11 1810 12 1811 9 1812 10 1813 11 1814 9 1815 10 1816 49 1817 10 1818 11 1819 12 1820 9 1821 10 1822 49 1823 10 1824 11 1825 12 1826 10 1827 11 1828 12 1829 9 1830 10 1831 11 1832 12 1833 9 1834 10 1835 11 1836 9 1837 10 1838 11 1839 11 1840 12 1841 0 1842 9 1843 10 1844 0 1845 9 1846 10 1847 9 1848 10 1849 49 1850 10 1851 49 1852 50 1853 9 1854 10 1855 49 1856 9 1857 10 1858 50 1859 0 1860 9 1861 10 1862 0 1863 9 1864 10 1865 9 1866 10 1867 0 1868 9 1869 10 1870 0 1871 9 1872 10 1873 0 1874 9 1875 10 1876 0 1877 9 1878 10 1879 0 1880 9 1881 10 1882 9 1883 10 1884 50 1885 9 1886 10 1887 50 1888 10 1889 49 1890 50 1891 9 1892 10 1893 50 1894 9 1895 10 1896 50 1897 9 1898 10 1899 50 1900 10 1901 49 1902 50 1903 10 1904 49 1905 50 1906 10 1907 50 1908 9 1909 10 1910 50 1911 9 1912 10 1913 50 1914 9 1915 10 1916 50 1917 9 1918 10 1919 50 1920 9 1921 10 1922 50 1923 9 1924 10 1925 50 1926 9 1927 10 1928 50 1929 9 1930 10 1931 50 1932 9 1933 10 1934 50 1935 9 1936 10 1937 50 1938 9 1939 10 1940 50 1941 0 1942 9 1943 0 1944 9 1945 10 1946 0 1947 9 1948 10 1949 0 1950 9 1951 10 1952 0 1953 9 1954 0 1955 9 1956 10 1957 0 1958 9 1959 0 1960 9 1961 0 1962 9 1963 0 1964 9 1965 0 1966 9 1967 0 1968 9 1969 0 1970 9 1971 0 1972 9 1973 0 1974 9 1975 49 1976 50 1977 49 1978 50 1979 50 1980 49 1981 50 1982 9 1983 10 1984 50 1985 9 1986 50 1987 9 1988 50 1989 9 1990 49 1991 50 1992 50 1993 50 1994 50 1995 50 1996 50 1997 9 1998 50 1999 50 2000 50 2001 50 2002 50 2003 51 2004 50 2005 51 2006 50 2007 51 2008 50 2009 51 2010 50 2011 51 2012 50 2013 51 2014 50 2015 51 2016 50 2017 51 2018 50 2019 51 2020 50 2021 51 2022 51 2023 51 2024 51 2025 51 2026 52 2027 51 2028 52 2029 51 2030 52 2031 50 2032 51 2033 51 2034 52 2035 50 2036 51 2037 50 2038 51 2039 51 2040 52 2041 51 2042 52 2043 51 2044 51 2045 50 2046 51 2047 51 2048 52 2049 51 2050 52 2051 51 2052 52 2053 51 2054 52 2055 51 2056 52 2057 51 2058 52 2059 53 2060 53 2061 53 2062 54 2063 53 2064 53 2065 54 2066 53 2067 53 2068 53 2069 54 2070 53 2071 53 2072 54 2073 53 2074 52 2075 53 2076 54 2077 53 2078 52 2079 55 2080 57 2081 52 2082 55 2083 57 2084 54 2085 55 2086 56 2087 52 2088 55 2089 57 2090 52 2091 55 2092 57 2093 55 2094 56 2095 52 2096 55 2097 57 2098 55 2099 56 2100 52 2101 55 2102 57 2103 55 2104 56 2105 52 2106 55 2107 57 2108 55 2109 56 2110 52 2111 55 2112 57 2113 52 2114 55 2115 57 2116 55 2117 56 2118 55 2119 56 2120 52 2121 57 2122 58 2123 58 2124 57 2125 58 2126 56 2127 56 2128 56 2129 56 2130 56 2131 57 2132 58 2133 52 2134 57 2135 52 2136 57 2137 57 2138 58 2139 52 2140 57 2141 52 2142 57 2143 57 2144 58 2145 52 2146 57 2147 52 2148 57 2149 58 2150 58 2151 58 2152 58 2153 58 2154 58 2155 58 2156 58 2157 58 2158 57 2159 58 2160 52 2161 57 2162 0 2163 9 2164 0 2165 9 2166 0 2167 9 2168 0 2169 9 2170 0 2171 9 2172 0 2173 0 2174 9 2175 0 2176 0 2177 9 2178 0 2179 0 2180 0 2181 0 2182 0 2183 0 2184 0 2185 0 2186 0 2187 9 2188 9 2189 10 2190 50 2191 9 2192 10 2193 50 2194 0 2195 9 2196 0 2197 9 2198 0 2199 9 2200 0 2201 9 2202 0 2203 9 2204 0 2205 9 2206 12 2207 52 2208 57 2209 12 2210 23 2211 12 2212 12 2213 24 2214 12 2215 24 2216 12 2217 23 2218 12 2219 23 2220 23 2221 23 2222 12 2223 23 2224 12 2225 24 2226 24 2227 24 2228 12 2229 24 2230 12 2231 11 2232 12 2233 9 2234 10 2235 49 2236 9 2237 10 2238 11 2239 9 2240 10 2241 11 2242 9 2243 10 2244 11 2245 9 2246 10 2247 49 2248 9 2249 10 2250 49 2251 9 2252 10 2253 9 2254 10 2255 50 2256 0 2257 9 2258 10 2259 9 2260 10 2261 50 2262 0 2263 9 2264 10 2265 0 2266 9 2267 10 2268 0 2269 9 2270 10 2271 9 2272 10 2273 50 2274 0 2275 9 2276 10 2277 0 2278 9 2279 10 2280 0 2281 9 2282 10 2283 0 2284 9 2285 10 2286 9 2287 10 2288 50 2289 0 2290 9 2291 10 2292 0 2293 9 2294 0 2295 9 2296 0 2297 9 2298 0 2299 9 2300 0 2301 9 2302 9 2303 10 2304 49 2305 9 2306 10 2307 49 2308 9 2309 10 2310 49 2311 9 2312 10 2313 49 2314 9 2315 10 2316 49 2317 9 2318 10 2319 49 2320 9 2321 10 2322 9 2323 10 2324 9 2325 10 2326 50 2327 9 2328 10 2329 50 2330 9 2331 10 2332 49 2333 9 2334 10 2335 49 2336 9 2337 10 2338 9 2339 10 2340 9 2341 10 2342 50 2343 0 2344 9 2345 10 2346 0 2347 9 2348 10 2349 9 2350 10 2351 50 2352 9 2353 10 2354 50 2355 9 2356 10 2357 50 2358 0 2359 9 2360 10 2361 0 2362 9 2363 0 2364 9 2365 0 2366 9 2367 0 2368 9 2369 0 2370 9 2371 0 2372 9 2373 10 2374 0 2375 9 2376 10 2377 0 2378 9 2379 0 2380 9 2381 0 2382 9 2383 0 2384 9 2385 0 2386 9 2387 0 2388 9 2389 10 2390 0 2391 9 2392 10 2393 0 2394 9 2395 10 2396 0 2397 9 2398 10 2399 0 2400 9 2401 10 2402 0 2403 9 2404 0 2405 9 2406 0 2407 9 2408 0 2409 9 2410 0 2411 9 2412 0 2413 9 2414 10 2415 0 2416 9 2417 10 2418 0 2419 9 2420 0 2421 9 2422 0 2423 9 2424 10 2425 0 2426 9 2427 0 2428 9 2429 10 2430 0 2431 9 2432 0 2433 9 2434 10 2435 0 2436 9 2437 0 2438 9 2439 10 2440 0 2441 9 2442 10 2443 0 2444 9 2445 10 2446 0 2447 9 2448 0 2449 9 2450 0 2451 9 2452 0 2453 9 2454 0 2455 9 2456 9 2457 10 2458 11 2459 9 2460 10 2461 11 2462 9 2463 10 2464 50 2465 9 2466 10 2467 50 2468 9 2469 10 2470 50 2471 9 2472 10 2473 50 2474 0 2475 9 2476 0 2477 9 2478 0 2479 9 2480 0 2481 9 2482 9 2483 10 2484 49 2485 9 2486 10 2487 49 2488 9 2489 10 2490 49 2491 9 2492 10 2493 49 2494 9 2495 10 2496 49 2497 9 2498 10 2499 50 2500 9 2501 10 2502 50 2503 9 2504 10 2505 49 2506 9 2507 10 2508 9 2509 10 2510 50 2511 0 2512 9 2513 10 2514 0 2515 9 2516 10 2517 9 2518 10 2519 50 2520 9 2521 10 2522 50 2523 9 2524 10 2525 50 2526 0 2527 9 2528 10 2529 0 2530 9 2531 10 2532 0 2533 9 2534 0 2535 9 2536 0 2537 9 2538 0 2539 9 2540 0 2541 9 2542 12 2543 37 2544 12 2545 37 2546 37 2547 12 2548 37 2549 12 2550 30 2551 35 2552 12 2553 30 2554 35 2555 30 2556 32 2557 12 2558 30 2559 32 2560 30 2561 35 2562 12 2563 30 2564 12 2565 30 2566 12 2567 30 2568 35 2569 12 2570 30 2571 12 2572 30 2573 12 2574 12 2575 12 2576 12 2577 12 2578 12 2579 12 2580 12 2581 12 2582 12 2583 12 2584 12 2585 12 2586 12 2587 12 2588 12 2589 12 2590 12 2591 12 2592 12 2593 12 2594 12 2595 12 2596 12 2597 12 2598 12 2599 12 2600 12 2601 12 2602 12 2603 12 2604 12 2605 12 2606 12 2607 12 2608 12 2609 12 2610 12 2611 12 2612 27 2613 28 2614 12 2615 27 2616 28 2617 12 2618 27 2619 28 2620 12 2621 26 2622 27 2623 12 2624 12 2625 26 2626 27 2627 12 2628 27 2629 28 2630 12 2631 28 2632 12 2633 27 2634 28 2635 12 2636 27 2637 28 2638 12 2639 27 2640 28 2641 12 2642 27 2643 28 2644 12 2645 27 2646 28 2647 12 2648 27 2649 28 2650 12 2651 27 2652 28 2653 12 2654 27 2655 28 2656 28 2657 12 2658 27 2659 28 2660 12 2661 27 2662 28 2663 12 2664 27 2665 28 2666 12 2667 27 2668 28 2669 12 2670 27 2671 28 2672 12 2673 27 2674 28 2675 12 2676 27 2677 28 2678 12 2679 27 2680 28 2681 12 2682 28 2683 12 2684 27 2685 28 2686 12 2687 27 2688 28 2689 12 2690 27 2691 28 2692 12 2693 12 2694 12 2695 12 2696 12 2697 12 2698 12 2699 12 2700 12 2701 26 2702 27 2703 12 2704 27 2705 28 2706 12 2707 27 2708 28 2709 12 2710 12 2711 27 2712 28 2713 12 2714 12 2715 12 2716 12 2717 12 2718 12 2719 12 2720 12 2721 12 2722 12 2723 12 2724 19 2725 12 2726 12 2727 27 2728 28 2729 12 2730 27 2731 28 2732 12 2733 12 2734 12 2735 25 2736 12 2737 25 2738 12 2739 25 2740 12 2741 12 2742 12 2743 12 2744 12 2745 12 2746 25 2747 12 2748 25 2749 12 2750 25 2751 12 2752 25 2753 12 2754 25 2755 12 2756 25 2757 12 2758 25 2759 12 2760 25 2761 12 2762 25 2763 12 2764 25 2765 12 2766 25 2767 12 2768 12 2769 12 2770 12 2771 12 2772 12 2773 12 2774 12 2775 12 2776 12 2777 12 2778 12 2779 12 2780 12 2781 11 2782 12 2783 11 2784 12 2785 11 2786 12 2787 11 2788 12 2789 11 2790 12 2791 11 2792 12 2793 11 2794 12 2795 11 2796 12 2797 11 2798 12 2799 11 2800 12 2801 11 2802 12 2803 11 2804 12 2805 11 2806 12 2807 12 2808 12 2809 12 2810 12 2811 12 2812 12 2813 12 2814 12 2815 12 2816 12 2817 12 2818 12 2819 11 2820 12 2821 11 2822 12 2823 11 2824 12 2825 11 2826 12 2827 11 2828 12 2829 11 2830 12 2831 11 2832 12 2833 12 2834 12 2835 12 2836 12 2837 12 2838 12 2839 11 2840 12 2841 11 2842 12 2843 11 2844 12 2845 11 2846 12 2847 12 2848 12 2849 12 2850 12 2851 12 2852 12 2853 11 2854 12 2855 12 2856 12 2857 12 2858 12 2859 12 2860 11 2861 12 2862 11 2863 12 2864 11 2865 12 2866 11 2867 12 2868 12 2869 11 2870 12 2871 11 2872 12 2873 11 2874 12 2875 11 2876 12 2877 11 2878 12 2879 11 2880 12 2881 11 2882 12 2883 11 2884 12 2885 11 2886 12 2887 11 2888 12 2889 11 2890 12 2891 11 2892 12 2893 12 2894 12 2895 12 2896 12 2897 12 2898 26 2899 12 2900 12 2901 11 2902 12 2903 12 2904 11 2905 12 2906 12 2907 12 2908 10 2909 11 2910 12 2911 10 2912 11 2913 12 2914 11 2915 12 2916 11 2917 12 2918 11 2919 12 2920 11 2921 12 2922 11 2923 12 2924 11 2925 12 2926 12 2927 12 2928 12 2929 12 2930 12 2931 12 2932 12 2933 12 2934 12 2935 12 2936 12 2937 12 2938 12 2939 12 2940 12 2941 12 2942 12 2943 11 2944 12 2945 12 2946 12 2947 12 2948 12 2949 12 2950 12 2951 29 2952 12 2953 29 2954 12 2955 12 2956 29 2957 12 2958 12 2959 12 2960 12 2961 29 2962 12 2963 29 2964 12 2965 29 2966 12 2967 29 2968 12 2969 29 2970 11 2971 12 2972 11 2973 12 2974 11 2975 12 2976 12 2977 29 2978 12 2979 12 2980 12 2981 29 2982 12 2983 29 2984 12 2985 27 2986 29 2987 12 2988 27 2989 29 2990 12 2991 27 2992 29 2993 12 2994 27 2995 28 2996 12 2997 26 2998 27 2999 12 3000 26 3001 27 3002 12 3003 26 3004 27 3005 12 3006 29 3007 12 3008 29 3009 12 3010 29 3011 12 3012 29 3013 12 3014 29 3015 12 3016 12 3017 12 3018 29 3019 12 3020 29 3021 12 3022 29 3023 12 3024 28 3025 29 3026 12 3027 29 3028 12 3029 29 3030 12 3031 29 3032 12 3033 28 3034 29 3035 12 3036 27 3037 28 3038 12 3039 12 3040 12 3041 27 3042 28 3043 12 3044 27 3045 28 3046 12 3047 19 3048 12 3049 29 3050 12 3051 29 3052 12 3053 29 3054 12 3055 12 3056 12 3057 12 3058 12 3059 12 3060 12 3061 12 3062 12 3063 27 3064 28 3065 12 3066 27 3067 28 3068 12 3069 27 3070 28 3071 12 3072 27 3073 28 3074 12 3075 27 3076 28 3077 12 3078 26 3079 27 3080 12 3081 27 3082 28 3083 12 3084 27 3085 28 3086 12 3087 27 3088 28 3089 12 3090 27 3091 28 3092 12 3093 12 3094 27 3095 28 3096 12 3097 27 3098 28 3099 12 3100 27 3101 28 3102 12 3103 26 3104 27 3105 12 3106 12 3107 12 3108 12 3109 12 3110 12 3111 25 3112 12 3113 12 3114 17 3115 12 3116 12 3117 12 3118 25 3119 12 3120 25 3121 12 3122 25 3123 12 3124 25 3125 12 3126 25 3127 12 3128 25 3129 12 3130 12 3131 12 3132 25 3133 12 3134 25 3135 12 3136 25 3137 12 3138 12 3139 12 3140 12 3141 12 3142 12 3143 12 3144 12 3145 12 3146 12 3147 12 3148 11 3149 12 3150 11 3151 12 3152 11 3153 12 3154 12 3155 12 3156 11 3157 12 3158 11 3159 12 3160 11 3161 12 3162 11 3163 12 3164 12 3165 12 3166 12 3167 11 3168 12 3169 11 3170 12 3171 11 3172 12 3173 12 3174 12 3175 12 3176 12 3177 12 3178 11 3179 12 3180 11 3181 12 3182 11 3183 12 3184 12 3185 11 3186 12 3187 11 3188 12 3189 11 3190 12 3191 11 3192 12 3193 11 3194 12 3195 11 3196 12 3197 12 3198 12 3199 12 3200 11 3201 12 3202 12 3203 12 3204 12 3205 12 3206 12 3207 12 3208 12 3209 12 3210 27 3211 12 3212 12 3213 12 3214 26 3215 12 3216 12 3217 12 3218 12 3219 12 3220 12 3221 11 3222 12 3223 11 3224 12 3225 12 3226 29 3227 12 3228 27 3229 28 3230 12 3231 29 3232 12 3233 27 3234 28 3235 12 3236 28 3237 29 3238 12 3239 20 3240 12 3241 19 3242 12 3243 29 3244 11 3245 12 3246 11 3247 12 3248 11 3249 12 3250 11 3251 12 3252 11 3253 12 3254 12 3255 11 3256 12 3257 12 3258 12 3259 12 3260 11 3261 12 3262 11 3263 12 3264 12 3265 12 3266 12 3267 12 3268 12 3269 12 3270 12 3271 12 3272 12 3273 12 3274 16 3275 17 3276 12 3277 12 3278 17 3279 12 3280 17 3281 12 3282 17 3283 12 3284 16 3285 17 3286 12 3287 12 3288 13 3289 13 3290 13 3291 13 3292 13 3293 13 3294 13 3295 13 3296 13 3297 13 3298 13 3299 13 3300 13 3301 13 3302 13 3303 13 3304 13 3305 13 3306 13 3307 13 3308 13 3309 13 3310 13 3311 13 3312 13 3313 13 3314 13 3315 13 3316 13 3317 13 3318 13 3319 13 3320 13 3321 13 3322 13 3323 13 3324 13 3325 13 3326 13 3327 13 3328 13 3329 13 3330 13 3331 13 3332 13 3333 13 3334 13 3335 13 3336 13 3337 13 3338 13 3339 13 3340 13 3341 13 3342 13 3343 13 3344 13 3345 13 3346 13 3347 13 3348 13 3349 13 3350 13 3351 13 3352 13 3353 13 3354 13 3355 14 3356 14 3357 14 3358 14 3359 14 3360 14 3361 14 3362 14 3363 14 3364 14 3365 14 3366 14 3367 14 3368 14 3369 14 3370 14 3371 14 3372 14 3373 14 3374 14 3375 14 3376 14 3377 14 3378 14 3379 14 3380 14 3381 14 3382 14 3383 14 3384 14 3385 14 3386 14 3387 14 3388 14 3389 14 3390 14 3391 14 3392 14 3393 14 3394 14 3395 14 3396 14 3397 14 3398 14 3399 14 3400 14 3401 14 3402 14 3403 14 3404 14 3405 14 3406 14 3407 14 3408 14 3409 14 3410 14 3411 14 3412 14 3413 14 3414 14 3415 14 3416 14 3417 14 3418 14 3419 14 3420 14 3421 14 3422 33 3423 33 3424 33 3425 33 3426 33 3427 33 3428 38 3429 38 3430 38 3431 38 3432 38 3433 38 3434 33 3435 33 3436 33 3437 33 3438 33 3439 33 3440 38 3441 38 3442 38 3443 38 3444 38 3445 38 3446 33 3447 33 3448 38 3449 38 3450 33 3451 33 3452 38 3453 38 3454 2 3455 2 3456 2 3457 2 3458 3 3459 3 3460 4 3461 2 3462 3 3463 2 3464 3 3465 3 3466 3 3467 2 3468 3 3469 2 3470 3 3471 3 3472 3 3473 3 3474 3 3475 3 3476 3 3477 3 3478 3 3479 3 3480 4 3481 3 3482 4 3483 3 3484 4 3485 3 3486 3 3487 4 3488 3 3489 4 3490 3 3491 4 3492 3 3493 4 3494 3 3495 4 3496 3 3497 4 3498 3 3499 4 3500 3 3501 4 3502 4 3503 3 3504 4 3505 4 3506 4 3507 2 3508 2 3509 2 3510 2 3511 2 3512 2 3513 2 3514 2 3515 2 3516 2 3517 2 3518 2 3519 2 3520 2 3521 2 3522 2 3523 2 3524 3 3525 2 3526 3 3527 2 3528 3 3529 2 3530 3 3531 3 3532 3 3533 4 3534 3 3535 4 3536 3 3537 4 3538 3 3539 4 3540 3 3541 4 3542 4 3543 4 3544 4 3545 3 3546 3 3547 3 3548 3 3549 4 3550 4 3551 4 3552 4 3553 3 3554 4 3555 3 3556 4 3557 3 3558 4 3559 3 3560 4 3561 3 3562 4 3563 3 3564 3 3565 1 3566 5 3567 1 3568 5 3569 1 3570 5 3571 1 3572 1 3573 1 3574 5 3575 1 3576 5 3577 1 3578 1 3579 1 3580 1 3581 1 3582 5 3583 1 3584 5 3585 1 3586 5 3587 1 3588 2 3589 1 3590 1 3591 2 3592 1 3593 1 3594 1 3595 1 3596 1 3597 5 3598 1 3599 1 3600 2 3601 1 3602 2 3603 1 3604 1 3605 5 3606 1 3607 5 3608 1 3609 5 3610 1 3611 5 3612 1 3613 5 3614 1 3615 5 3616 1 3617 2 3618 1 3619 2 3620 1 3621 2 3622 1 3623 2 3624 1 3625 2 3626 1 3627 2 3628 1 3629 2 3630 1 3631 2 3632 1 3633 2 3634 1 3635 2 3636 1 3637 2 3638 1 3639 2 3640 1 3641 2 3642 1 3643 2 3644 1 3645 2 3646 1 3647 2 3648 1 3649 2 3650 1 3651 2 3652 1 3653 2 3654 2 3655 2 3656 1 3657 2 3658 1 3659 2 3660 2 3661 2 3662 2 3663 2 3664 2 3665 2 3666 2 3667 2 3668 1 3669 2 3670 2 3671 2 3672 2 3673 2 3674 2 3675 2 3676 2 3677 2 3678 2 3679 2 3680 2 3681 2 3682 2 3683 2 3684 2 3685 2 3686 2 3687 2 3688 2 3689 2 3690 1 3691 2 3692 1 3693 2 3694 1 3695 2 3696 1 3697 2 3698 1 3699 2 3700 1 3701 2 3702 0 3703 0 3704 0 3705 0 3706 0 3707 0 3708 0 3709 9 3710 1 3711 5 3712 6 3713 6 3714 6 3715 6 3716 7 3717 6 3718 7 3719 7 3720 8 3721 6 3722 7 3723 7 3724 7 3725 6 3726 7 3727 6 3728 7 3729 7 3730 7 3731 7 3732 7 3733 7 3734 7 3735 7 3736 7 3737 7 3738 8 3739 7 3740 8 3741 7 3742 8 3743 7 3744 7 3745 8 3746 7 3747 8 3748 7 3749 8 3750 7 3751 8 3752 7 3753 8 3754 7 3755 8 3756 7 3757 8 3758 7 3759 8 3760 8 3761 7 3762 8 3763 8 3764 8 3765 6 3766 6 3767 6 3768 6 3769 6 3770 6 3771 6 3772 6 3773 6 3774 6 3775 6 3776 6 3777 6 3778 6 3779 6 3780 6 3781 6 3782 7 3783 6 3784 7 3785 6 3786 7 3787 6 3788 7 3789 7 3790 7 3791 8 3792 7 3793 8 3794 7 3795 8 3796 7 3797 8 3798 7 3799 8 3800 8 3801 8 3802 8 3803 7 3804 7 3805 7 3806 7 3807 8 3808 8 3809 8 3810 8 3811 7 3812 8 3813 7 3814 8 3815 7 3816 8 3817 7 3818 8 3819 7 3820 8 3821 7 3822 7 3823 1 3824 5 3825 1 3826 5 3827 1 3828 5 3829 5 3830 1 3831 5 3832 1 3833 5 3834 5 3835 5 3836 5 3837 5 3838 5 3839 5 3840 6 3841 5 3842 6 3843 5 3844 5 3845 5 3846 5 3847 5 3848 5 3849 5 3850 6 3851 5 3852 6 3853 5 3854 1 3855 5 3856 5 3857 6 3858 5 3859 6 3860 5 3861 6 3862 5 3863 6 3864 5 3865 6 3866 5 3867 6 3868 5 3869 6 3870 5 3871 6 3872 5 3873 6 3874 5 3875 6 3876 5 3877 6 3878 5 3879 6 3880 5 3881 6 3882 5 3883 6 3884 5 3885 6 3886 5 3887 6 3888 5 3889 6 3890 5 3891 6 3892 5 3893 6 3894 5 3895 6 3896 5 3897 6 3898 5 3899 6 3900 5 3901 6 3902 5 3903 6 3904 6 3905 5 3906 6 3907 5 3908 6 3909 6 3910 6 3911 6 3912 6 3913 6 3914 6 3915 6 3916 6 3917 5 3918 6 3919 6 3920 6 3921 6 3922 6 3923 6 3924 6 3925 6 3926 6 3927 6 3928 6 3929 6 3930 6 3931 6 3932 6 3933 6 3934 6 3935 6 3936 6 3937 6 3938 6 3939 6 3940 5 3941 6 3942 5 3943 6 3944 5 3945 6 3946 5 3947 6 3948 5 3949 6 3950 5 3951 6 3952 5 3953 6 3954 5 3955 6 3956 5 3957 6 3958 0 3959 0 3960 0 3961 0 3962 0 3963</v>
        </vertex_weights>
      </skin>
    </controller>
  </library_controllers>
  <library_visual_scenes>
    <visual_scene id="Scene" name="Scene">
      <node id="Bip001_Pelvis" name="Bip001_Pelvis" type="NODE">
        <matrix sid="transform">1.3868e-8 2.7736e-8 0.01 4.94384e-8 0 -0.01 2.7736e-8 0.01020145 0.01 -3.84643e-14 -1.3868e-8 7.094745 0 0 0 1</matrix>
        <node id="Bip001_Pelvis_Bip001_Spine" name="Bip001_Spine" sid="Bip001_Spine" type="JOINT">
          <matrix sid="transform">0.9977942 0.06638318 1.47294e-6 75.34705 -0.06638318 0.9977941 2.83136e-6 -0.09019339 -1.28173e-6 -2.92289e-6 1 -1.055e-4 0 0 0 1</matrix>
          <node id="Bip001_Pelvis_Bip001_L_Thigh" name="Bip001_L_Thigh" sid="Bip001_L_Thigh" type="JOINT">
            <matrix sid="transform">-0.9917917 -0.1026384 -0.07625371 -75.18678 -0.1021155 0.9947146 -0.01073496 -4.911849 0.0769525 -0.00286016 -0.9970306 65.52445 0 0 0 1</matrix>
            <node id="Bip001_Pelvis_Bip001_L_Calf" name="Bip001_L_Calf" sid="Bip001_L_Calf" type="JOINT">
              <matrix sid="transform">0.9972385 0.07426542 4.47035e-8 333.4178 -0.07426541 0.9972386 4.16767e-8 -3.19779e-5 -5.96046e-8 -4.61005e-8 1 7.62939e-6 0 0 0 1</matrix>
              <node id="Bip001_Pelvis_Bip001_L_Foot" name="Bip001_L_Foot" sid="Bip001_L_Foot" type="JOINT">
                <matrix sid="transform">0.9909297 -0.09492332 -0.09512238 333.4177 0.1102757 0.9789199 0.1719162 -3.8147e-6 0.07679834 -0.1808465 0.9805082 7.62939e-6 0 0 0 1</matrix>
                <node id="Bip001_Pelvis_Bip001_L_Toe0" name="Bip001_L_Toe0" sid="Bip001_L_Toe0" type="JOINT">
                  <matrix sid="transform">-2.38419e-7 -0.9999999 -1.9628e-9 64.35083 0.9999999 -3.30271e-7 4.47035e-8 103.0137 -4.47035e-8 -8.4616e-9 1 2.28882e-5 0 0 0 1</matrix>
                  <extra>
                    <technique profile="blender">
                      <layer sid="layer" type="string">0</layer>
                      <roll sid="roll" type="float">-2.964868</roll>
                      <tip_x sid="tip_x" type="float">121.4612</tip_x>
                      <tip_y sid="tip_y" type="float">-3.8147e-6</tip_y>
                      <tip_z sid="tip_z" type="float">-1.67847e-4</tip_z>
                    </technique>
                  </extra>
                </node>
                <extra>
                  <technique profile="blender">
                    <layer sid="layer" type="string">0</layer>
                    <roll sid="roll" type="float">-3.141591</roll>
                    <tip_x sid="tip_x" type="float">0</tip_x>
                    <tip_y sid="tip_y" type="float">119.5695</tip_y>
                    <tip_z sid="tip_z" type="float">21.35344</tip_z>
                  </technique>
                </extra>
              </node>
              <extra>
                <technique profile="blender">
                  <layer sid="layer" type="string">0</layer>
                  <roll sid="roll" type="float">-3.064404</roll>
                  <tip_x sid="tip_x" type="float">-36.76797</tip_x>
                  <tip_y sid="tip_y" type="float">331.3829</tip_y>
                  <tip_z sid="tip_z" type="float">0.9535904</tip_z>
                </technique>
              </extra>
            </node>
            <extra>
              <technique profile="blender">
                <layer sid="layer" type="string">0</layer>
                <roll sid="roll" type="float">-3.064614</roll>
                <tip_x sid="tip_x" type="float">-12.12962</tip_x>
                <tip_y sid="tip_y" type="float">333.1957</tip_y>
                <tip_z sid="tip_z" type="float">-0.9545593</tip_z>
              </technique>
            </extra>
          </node>
          <node id="Bip001_Pelvis_Bip001_R_Thigh" name="Bip001_R_Thigh" sid="Bip001_R_Thigh" type="JOINT">
            <matrix sid="transform">-0.9917917 -0.1026384 0.07625381 -75.18678 -0.1021153 0.9947146 0.01073772 -4.911659 -0.07695288 0.002862905 -0.9970306 -65.52446 0 0 0 1</matrix>
            <node id="Bip001_Pelvis_Bip001_R_Calf" name="Bip001_R_Calf" sid="Bip001_R_Calf" type="JOINT">
              <matrix sid="transform">0.9972385 0.07426536 -7.45058e-9 333.4179 -0.07426535 0.9972385 1.50176e-7 1.02818e-6 3.72529e-8 -1.48779e-7 1 1.52588e-5 0 0 0 1</matrix>
              <node id="Bip001_Pelvis_Bip001_R_Foot" name="Bip001_R_Foot" sid="Bip001_R_Foot" type="JOINT">
                <matrix sid="transform">0.9909296 -0.09492306 0.09512238 333.4176 0.1102754 0.9789199 -0.1719163 -8.58307e-5 -0.07679832 0.1808466 0.9805084 5.34058e-5 0 0 0 1</matrix>
                <node id="Bip001_Pelvis_Bip001_R_Toe0" name="Bip001_R_Toe0" sid="Bip001_R_Toe0" type="JOINT">
                  <matrix sid="transform">-4.76837e-7 -0.9999999 9.422e-8 64.35077 0.9999999 -5.03262e-7 -2.98023e-8 103.0137 5.96046e-8 1.02431e-7 1 -4.57764e-5 0 0 0 1</matrix>
                  <extra>
                    <technique profile="blender">
                      <layer sid="layer" type="string">0</layer>
                      <roll sid="roll" type="float">2.964868</roll>
                      <tip_x sid="tip_x" type="float">121.4613</tip_x>
                      <tip_y sid="tip_y" type="float">0</tip_y>
                      <tip_z sid="tip_z" type="float">-1.67847e-4</tip_z>
                    </technique>
                  </extra>
                </node>
                <extra>
                  <technique profile="blender">
                    <layer sid="layer" type="string">0</layer>
                    <roll sid="roll" type="float">-3.141591</roll>
                    <tip_x sid="tip_x" type="float">-6.10352e-5</tip_x>
                    <tip_y sid="tip_y" type="float">119.5695</tip_y>
                    <tip_z sid="tip_z" type="float">-21.35378</tip_z>
                  </technique>
                </extra>
              </node>
              <extra>
                <technique profile="blender">
                  <layer sid="layer" type="string">0</layer>
                  <roll sid="roll" type="float">3.064407</roll>
                  <tip_x sid="tip_x" type="float">-36.76797</tip_x>
                  <tip_y sid="tip_y" type="float">331.3828</tip_y>
                  <tip_z sid="tip_z" type="float">-0.9543915</tip_z>
                </technique>
              </extra>
            </node>
            <extra>
              <technique profile="blender">
                <layer sid="layer" type="string">0</layer>
                <roll sid="roll" type="float">3.064617</roll>
                <tip_x sid="tip_x" type="float">-12.12962</tip_x>
                <tip_y sid="tip_y" type="float">333.1958</tip_y>
                <tip_z sid="tip_z" type="float">0.9536133</tip_z>
              </technique>
            </extra>
          </node>
          <node id="Bip001_Pelvis_Bip001_Spine1" name="Bip001_Spine1" sid="Bip001_Spine1" type="JOINT">
            <matrix sid="transform">0.9997584 -0.02198182 -3.12771e-8 113.5777 0.0219818 0.9997585 7.22048e-9 -0.09042454 3.1111e-8 -7.90601e-9 1 -9.6198e-7 0 0 0 1</matrix>
            <node id="Bip001_Pelvis_Bip001_Spine2" name="Bip001_Spine2" sid="Bip001_Spine2" type="JOINT">
              <matrix sid="transform">0.9997584 -0.02198174 -1.511e-7 113.5777 0.02198174 0.9997584 2.70496e-6 -0.090424 9.16042e-8 -2.70763e-6 1 6.07705e-5 0 0 0 1</matrix>
              <node id="Bip001_Pelvis_Bip001_Neck" name="Bip001_Neck" sid="Bip001_Neck" type="JOINT">
                <matrix sid="transform">0.9635067 -0.2676843 -6.71345e-7 119.4091 0.2676843 0.9635069 -1.52851e-6 -20.99726 1.056e-6 1.29302e-6 1 -1.01599e-4 0 0 0 1</matrix>
                <node id="Bip001_Pelvis_Bip001_Head" name="Bip001_Head" sid="Bip001_Head" type="JOINT">
                  <matrix sid="transform">0.9967434 0.08063976 2.22674e-7 49.14337 -0.08063975 0.9967433 -1.69375e-8 -3.05176e-5 -2.23314e-7 -1.07411e-9 1 -1.09643e-6 0 0 0 1</matrix>
                  <node id="Bip001_Pelvis_Bip001_eye_L" name="Bip001_eye_L" sid="Bip001_eye_L" type="JOINT">
                    <matrix sid="transform">0.1728625 -0.9849458 -2.73414e-6 99.31546 0.984946 0.1728626 -2.23861e-6 55.84973 2.67754e-6 -2.30601e-6 1 32.82118 0 0 0 1</matrix>
                    <extra>
                      <technique profile="blender">
                        <layer sid="layer" type="string">0</layer>
                        <roll sid="roll" type="float">0</roll>
                        <tip_x sid="tip_x" type="float">-127.3745</tip_x>
                        <tip_y sid="tip_y" type="float">0.7564659</tip_y>
                        <tip_z sid="tip_z" type="float">-1.79291e-4</tip_z>
                      </technique>
                    </extra>
                  </node>
                  <node id="Bip001_Pelvis_Bip001_eye_R" name="Bip001_eye_R" sid="Bip001_eye_R" type="JOINT">
                    <matrix sid="transform">0.1728626 -0.9849458 -2.73414e-6 99.31564 0.9849459 0.1728625 -2.23861e-6 55.8499 2.67754e-6 -2.30601e-6 1 -32.82087 0 0 0 1</matrix>
                    <extra>
                      <technique profile="blender">
                        <layer sid="layer" type="string">0</layer>
                        <roll sid="roll" type="float">0</roll>
                        <tip_x sid="tip_x" type="float">-127.3745</tip_x>
                        <tip_y sid="tip_y" type="float">0.7564659</tip_y>
                        <tip_z sid="tip_z" type="float">-1.79291e-4</tip_z>
                      </technique>
                    </extra>
                  </node>
                  <node id="Bip001_Pelvis_Bip001_eyebrow_L_1" name="Bip001_eyebrow_L_1" sid="Bip001_eyebrow_L_1" type="JOINT">
                    <matrix sid="transform">0.1555951 -0.9849319 -0.07549231 130.7046 0.887016 0.1729415 -0.4281284 73.36864 0.4347331 -3.48252e-4 0.9005592 12.11673 0 0 0 1</matrix>
                    <extra>
                      <technique profile="blender">
                        <layer sid="layer" type="string">0</layer>
                        <roll sid="roll" type="float">-0.4500831</roll>
                        <tip_x sid="tip_x" type="float">-127.3744</tip_x>
                        <tip_y sid="tip_y" type="float">0.7666855</tip_y>
                        <tip_z sid="tip_z" type="float">-0.04424381</tip_z>
                      </technique>
                    </extra>
                  </node>
                  <node id="Bip001_Pelvis_Bip001_eyebrow_L_2" name="Bip001_eyebrow_L_2" sid="Bip001_eyebrow_L_2" type="JOINT">
                    <matrix sid="transform">0.1572311 -0.9779792 -0.1372399 132.9535 0.8962842 0.1996661 -0.39599 63.39339 0.4146722 -0.0607441 0.9079412 35.37177 0 0 0 1</matrix>
                    <extra>
                      <technique profile="blender">
                        <layer sid="layer" type="string">0</layer>
                        <roll sid="roll" type="float">-0.487195</roll>
                        <tip_x sid="tip_x" type="float">-127.0698</tip_x>
                        <tip_y sid="tip_y" type="float">4.270836</tip_y>
                        <tip_z sid="tip_z" type="float">-7.737284</tip_z>
                      </technique>
                    </extra>
                  </node>
                  <node id="Bip001_Pelvis_Bip001_eyebrow_L_3" name="Bip001_eyebrow_L_3" sid="Bip001_eyebrow_L_3" type="JOINT">
                    <matrix sid="transform">0.0741572 -0.8101718 -0.5814826 126.3128 0.4045371 0.557397 -0.7250228 53.81714 0.9115099 -0.1814658 0.3690796 44.98047 0 0 0 1</matrix>
                    <extra>
                      <technique profile="blender">
                        <layer sid="layer" type="string">0</layer>
                        <roll sid="roll" type="float">-1.302696</roll>
                        <tip_x sid="tip_x" type="float">-113.6053</tip_x>
                        <tip_y sid="tip_y" type="float">52.76718</tip_y>
                        <tip_z sid="tip_z" type="float">-23.11462</tip_z>
                      </technique>
                    </extra>
                  </node>
                  <node id="Bip001_Pelvis_Bip001_eyebrow_R_1" name="Bip001_eyebrow_R_1" sid="Bip001_eyebrow_R_1" type="JOINT">
                    <matrix sid="transform">0.155595 -0.9849323 0.07548686 130.7046 0.8870183 0.1729392 0.4281245 73.36869 -0.4347284 3.44176e-4 0.9005615 -12.11633 0 0 0 1</matrix>
                    <extra>
                      <technique profile="blender">
                        <layer sid="layer" type="string">0</layer>
                        <roll sid="roll" type="float">0.4500837</roll>
                        <tip_x sid="tip_x" type="float">-127.3744</tip_x>
                        <tip_y sid="tip_y" type="float">0.7663803</tip_y>
                        <tip_z sid="tip_z" type="float">0.04395675</tip_z>
                      </technique>
                    </extra>
                  </node>
                  <node id="Bip001_Pelvis_Bip001_eyebrow_R_2" name="Bip001_eyebrow_R_2" sid="Bip001_eyebrow_R_2" type="JOINT">
                    <matrix sid="transform">0.157231 -0.97798 0.1372345 132.9536 0.8962864 0.1996635 0.3959861 63.39359 -0.4146673 0.06074014 0.9079436 -35.37141 0 0 0 1</matrix>
                    <extra>
                      <technique profile="blender">
                        <layer sid="layer" type="string">0</layer>
                        <roll sid="roll" type="float">0.4871955</roll>
                        <tip_x sid="tip_x" type="float">-127.0698</tip_x>
                        <tip_y sid="tip_y" type="float">4.270565</tip_y>
                        <tip_z sid="tip_z" type="float">7.73698</tip_z>
                      </technique>
                    </extra>
                  </node>
                  <node id="Bip001_Pelvis_Bip001_eyebrow_R_3" name="Bip001_eyebrow_R_3" sid="Bip001_eyebrow_R_3" type="JOINT">
                    <matrix sid="transform">0.07415701 -0.8101751 0.5814781 126.3129 0.404542 0.5573921 0.725024 53.81734 -0.9115077 0.1814667 0.3690844 -44.98015 0 0 0 1</matrix>
                    <extra>
                      <technique profile="blender">
                        <layer sid="layer" type="string">0</layer>
                        <roll sid="roll" type="float">1.302699</roll>
                        <tip_x sid="tip_x" type="float">-113.6056</tip_x>
                        <tip_y sid="tip_y" type="float">52.76668</tip_y>
                        <tip_z sid="tip_z" type="float">23.11452</tip_z>
                      </technique>
                    </extra>
                  </node>
                  <node id="Bip001_Pelvis_Bip001_eyelid_L_bottom" name="Bip001_eyelid_L_bottom" sid="Bip001_eyelid_L_bottom" type="JOINT">
                    <matrix sid="transform">-0.2154348 -0.9765164 0.001859938 100.8463 0.976464 -0.2154025 0.01094466 39.26091 -0.01028701 0.004174025 0.9999383 33.42038 0 0 0 1</matrix>
                    <extra>
                      <technique profile="blender">
                        <layer sid="layer" type="string">0</layer>
                        <roll sid="roll" type="float">0.01648873</roll>
                        <tip_x sid="tip_x" type="float">-118.0562</tip_x>
                        <tip_y sid="tip_y" type="float">-47.82551</tip_y>
                        <tip_z sid="tip_z" type="float">0.5319786</tip_z>
                      </technique>
                    </extra>
                  </node>
                  <node id="Bip001_Pelvis_Bip001_eyelid_L_top" name="Bip001_eyelid_L_top" sid="Bip001_eyelid_L_top" type="JOINT">
                    <matrix sid="transform">0.3898421 -0.9208816 -2.42332e-6 100.8665 0.9208817 0.3898421 -2.34421e-6 39.30825 3.10345e-6 -1.31772e-6 1 34.36497 0 0 0 1</matrix>
                    <extra>
                      <technique profile="blender">
                        <layer sid="layer" type="string">0</layer>
                        <roll sid="roll" type="float">0</roll>
                        <tip_x sid="tip_x" type="float">-123.9446</tip_x>
                        <tip_y sid="tip_y" type="float">29.36929</tip_y>
                        <tip_z sid="tip_z" type="float">-1.71661e-4</tip_z>
                      </technique>
                    </extra>
                  </node>
                  <node id="Bip001_Pelvis_Bip001_eyelid_R_bottom" name="Bip001_eyelid_R_bottom" sid="Bip001_eyelid_R_bottom" type="JOINT">
                    <matrix sid="transform">-0.2154349 -0.9765163 -0.001865366 100.8462 0.976464 -0.2154024 -0.01095135 39.26107 0.01029236 -0.004180764 0.9999383 -33.42015 0 0 0 1</matrix>
                    <extra>
                      <technique profile="blender">
                        <layer sid="layer" type="string">0</layer>
                        <roll sid="roll" type="float">-0.0164901</roll>
                        <tip_x sid="tip_x" type="float">-118.0562</tip_x>
                        <tip_y sid="tip_y" type="float">-47.8255</tip_y>
                        <tip_z sid="tip_z" type="float">-0.5322266</tip_z>
                      </technique>
                    </extra>
                  </node>
                  <node id="Bip001_Pelvis_Bip001_eyelid_R_top" name="Bip001_eyelid_R_top" sid="Bip001_eyelid_R_top" type="JOINT">
                    <matrix sid="transform">0.3898421 -0.9208816 -2.68097e-6 100.8668 0.9208817 0.3898421 -8.78662e-7 39.30838 1.8543e-6 -2.12632e-6 1 -34.36476 0 0 0 1</matrix>
                    <extra>
                      <technique profile="blender">
                        <layer sid="layer" type="string">0</layer>
                        <roll sid="roll" type="float">6.19317e-7</roll>
                        <tip_x sid="tip_x" type="float">-123.9446</tip_x>
                        <tip_y sid="tip_y" type="float">29.36929</tip_y>
                        <tip_z sid="tip_z" type="float">-2.74658e-4</tip_z>
                      </technique>
                    </extra>
                  </node>
                  <node id="Bip001_Pelvis_Bip001_hair_L" name="Bip001_hair_L" sid="Bip001_hair_L" type="JOINT">
                    <matrix sid="transform">-0.7019485 -0.04809186 0.7106023 130.5707 -0.5508615 -0.5957707 -0.5844735 60.56688 0.4514643 -0.8017136 0.3917082 74.56261 0 0 0 1</matrix>
                    <extra>
                      <technique profile="blender">
                        <layer sid="layer" type="string">0</layer>
                        <roll sid="roll" type="float">2.111894</roll>
                        <tip_x sid="tip_x" type="float">6.634094</tip_x>
                        <tip_y sid="tip_y" type="float">-75.84494</tip_y>
                        <tip_z sid="tip_z" type="float">-102.1193</tip_z>
                      </technique>
                    </extra>
                  </node>
                  <node id="Bip001_Pelvis_Bip001_hair_M" name="Bip001_hair_M" sid="Bip001_hair_M" type="JOINT">
                    <matrix sid="transform">0.01057887 -0.9988538 0.04667851 207.8293 0.8934523 0.03040445 0.4481277 -12.27454 -0.4490333 0.03696435 0.8927501 7.980224 0 0 0 1</matrix>
                    <node id="Bip001_Pelvis_Bip001_hair_M02" name="Bip001_hair_M02" sid="Bip001_hair_M02" type="JOINT">
                      <matrix sid="transform">0.7778059 -0.6285045 -2.08616e-6 64.80363 0.6285046 0.777806 -9.35048e-7 -0.04052734 2.26498e-6 -5.66244e-7 1 9.53674e-7 0 0 0 1</matrix>
                      <node id="Bip001_Pelvis_Bip001_hair_M03" name="Bip001_hair_M03" sid="Bip001_hair_M03" type="JOINT">
                        <matrix sid="transform">0.6890409 -0.7247224 -2.38419e-6 64.80896 0.7247224 0.6890408 -1.40071e-6 -0.03533936 2.62383e-6 -6.85453e-7 0.9999999 -5.14984e-5 0 0 0 1</matrix>
                        <extra>
                          <technique profile="blender">
                            <layer sid="layer" type="string">0</layer>
                            <roll sid="roll" type="float">-2.867629</roll>
                            <tip_x sid="tip_x" type="float">3.80426</tip_x>
                            <tip_y sid="tip_y" type="float">-57.73301</tip_y>
                            <tip_z sid="tip_z" type="float">29.19987</tip_z>
                          </technique>
                        </extra>
                      </node>
                      <extra>
                        <technique profile="blender">
                          <layer sid="layer" type="string">0</layer>
                          <roll sid="roll" type="float">1.070084</roll>
                          <tip_x sid="tip_x" type="float">-44.2467</tip_x>
                          <tip_y sid="tip_y" type="float">-42.85153</tip_y>
                          <tip_z sid="tip_z" type="float">20.15386</tip_z>
                        </technique>
                      </extra>
                    </node>
                    <extra>
                      <technique profile="blender">
                        <layer sid="layer" type="string">0</layer>
                        <roll sid="roll" type="float">0.5084664</roll>
                        <tip_x sid="tip_x" type="float">-64.14936</tip_x>
                        <tip_y sid="tip_y" type="float">-8.86778</tip_y>
                        <tip_z sid="tip_z" type="float">2.395521</tip_z>
                      </technique>
                    </extra>
                  </node>
                  <node id="Bip001_Pelvis_Bip001_hair_R" name="Bip001_hair_R" sid="Bip001_hair_R" type="JOINT">
                    <matrix sid="transform">-0.9425615 -0.1203522 -0.3115971 156.2008 -0.3059142 -0.06359151 0.9499329 38.94056 -0.1341415 0.9906921 0.02312169 -82.66289 0 0 0 1</matrix>
                    <extra>
                      <technique profile="blender">
                        <layer sid="layer" type="string">0</layer>
                        <roll sid="roll" type="float">-2.771529</roll>
                        <tip_x sid="tip_x" type="float">-13.76184</tip_x>
                        <tip_y sid="tip_y" type="float">-10.54607</tip_y>
                        <tip_z sid="tip_z" type="float">126.1912</tip_z>
                      </technique>
                    </extra>
                  </node>
                  <node id="Bip001_Pelvis_Bip001_Jaw" name="Bip001_Jaw" sid="Bip001_Jaw" type="JOINT">
                    <matrix sid="transform">-0.5389405 -0.8423437 -2.33844e-6 58.46884 0.8423439 -0.5389405 -4.22713e-6 5.437561 2.30042e-6 -4.24795e-6 1 4.3736e-5 0 0 0 1</matrix>
                    <node id="Bip001_Pelvis_Bip001_lip_bottom_L" name="Bip001_lip_bottom_L" sid="Bip001_lip_bottom_L" type="JOINT">
                      <matrix sid="transform">0.9131716 0.2539894 -0.3187582 85.59811 -0.1857715 0.9554983 0.2291554 -29.90179 0.3627759 -0.1500421 0.9197179 6.994731 0 0 0 1</matrix>
                      <extra>
                        <technique profile="blender">
                          <layer sid="layer" type="string">0</layer>
                          <roll sid="roll" type="float">-0.6223357</roll>
                          <tip_x sid="tip_x" type="float">-73.55652</tip_x>
                          <tip_y sid="tip_y" type="float">-38.0296</tip_y>
                          <tip_z sid="tip_z" type="float">-12.56669</tip_z>
                        </technique>
                      </extra>
                    </node>
                    <node id="Bip001_Pelvis_Bip001_lip_bottom_R" name="Bip001_lip_bottom_R" sid="Bip001_lip_bottom_R" type="JOINT">
                      <matrix sid="transform">0.9131716 0.2539879 0.3187595 85.59802 -0.1857696 0.9554986 -0.2291552 -29.90186 -0.3627769 0.1500423 0.9197175 -6.997578 0 0 0 1</matrix>
                      <extra>
                        <technique profile="blender">
                          <layer sid="layer" type="string">0</layer>
                          <roll sid="roll" type="float">0.6223347</roll>
                          <tip_x sid="tip_x" type="float">-73.55646</tip_x>
                          <tip_y sid="tip_y" type="float">-38.02975</tip_y>
                          <tip_z sid="tip_z" type="float">12.56657</tip_z>
                        </technique>
                      </extra>
                    </node>
                    <node id="Bip001_Pelvis_Bip001_teeth_bot" name="Bip001_teeth_bot" sid="Bip001_teeth_bot" type="JOINT">
                      <matrix sid="transform">0.8264771 0.5629703 1.56217e-6 67.28671 -0.5629702 0.8264772 -4.84996e-7 -16.92117 -1.56413e-6 -4.78614e-7 1 5.01823e-5 0 0 0 1</matrix>
                      <extra>
                        <technique profile="blender">
                          <layer sid="layer" type="string">0</layer>
                          <roll sid="roll" type="float">-2.15471e-7</roll>
                          <tip_x sid="tip_x" type="float">-82.9462</tip_x>
                          <tip_y sid="tip_y" type="float">-11.60436</tip_y>
                          <tip_z sid="tip_z" type="float">-1.01575e-4</tip_z>
                        </technique>
                      </extra>
                    </node>
                    <extra>
                      <technique profile="blender">
                        <layer sid="layer" type="string">0</layer>
                        <roll sid="roll" type="float">-1.76509e-6</roll>
                        <tip_x sid="tip_x" type="float">-62.02023</tip_x>
                        <tip_y sid="tip_y" type="float">-56.28695</tip_y>
                        <tip_z sid="tip_z" type="float">-6.89888e-5</tip_z>
                      </technique>
                    </extra>
                  </node>
                  <node id="Bip001_Pelvis_Bip001_lip_corner_L" name="Bip001_lip_corner_L" sid="Bip001_lip_corner_L" type="JOINT">
                    <matrix sid="transform">0.004144276 -0.9943616 -0.1059614 40.76981 0.80568 0.06608599 -0.5886531 85.83902 0.5923365 -0.08293153 0.8014111 18.22803 0 0 0 1</matrix>
                    <extra>
                      <technique profile="blender">
                        <layer sid="layer" type="string">0</layer>
                        <roll sid="roll" type="float">-0.7283886</roll>
                        <tip_x sid="tip_x" type="float">-126.2855</tip_x>
                        <tip_y sid="tip_y" type="float">-12.85369</tip_y>
                        <tip_z sid="tip_z" type="float">-10.56338</tip_z>
                      </technique>
                    </extra>
                  </node>
                  <node id="Bip001_Pelvis_Bip001_lip_corner_R" name="Bip001_lip_corner_R" sid="Bip001_lip_corner_R" type="JOINT">
                    <matrix sid="transform">0.004144167 -0.9943622 0.1059559 40.76971 0.8056833 0.0660823 0.5886491 85.83909 -0.5923321 0.08292743 0.8014148 -18.22756 0 0 0 1</matrix>
                    <extra>
                      <technique profile="blender">
                        <layer sid="layer" type="string">0</layer>
                        <roll sid="roll" type="float">0.7283894</roll>
                        <tip_x sid="tip_x" type="float">-126.2854</tip_x>
                        <tip_y sid="tip_y" type="float">-12.85409</tip_y>
                        <tip_z sid="tip_z" type="float">10.56319</tip_z>
                      </technique>
                    </extra>
                  </node>
                  <node id="Bip001_Pelvis_Bip001_lip_top_L" name="Bip001_lip_top_L" sid="Bip001_lip_top_L" type="JOINT">
                    <matrix sid="transform">0.01610641 -0.970947 -0.2387521 46.53241 0.8219993 0.1488056 -0.5497038 92.26437 0.5692609 -0.1874003 0.8005143 6.33558 0 0 0 1</matrix>
                    <extra>
                      <technique profile="blender">
                        <layer sid="layer" type="string">0</layer>
                        <roll sid="roll" type="float">-0.8096284</roll>
                        <tip_x sid="tip_x" type="float">-125.1046</tip_x>
                        <tip_y sid="tip_y" type="float">-1.967079</tip_y>
                        <tip_z sid="tip_z" type="float">-23.87031</tip_z>
                      </technique>
                    </extra>
                  </node>
                  <node id="Bip001_Pelvis_Bip001_lip_top_R" name="Bip001_lip_top_R" sid="Bip001_lip_top_R" type="JOINT">
                    <matrix sid="transform">0.01610645 -0.9709482 0.2387467 46.53262 0.8220025 0.1488015 0.5497 92.26439 -0.5692561 0.1873967 0.8005185 -6.335084 0 0 0 1</matrix>
                    <extra>
                      <technique profile="blender">
                        <layer sid="layer" type="string">0</layer>
                        <roll sid="roll" type="float">0.8096292</roll>
                        <tip_x sid="tip_x" type="float">-125.1046</tip_x>
                        <tip_y sid="tip_y" type="float">-1.967422</tip_y>
                        <tip_z sid="tip_z" type="float">23.8701</tip_z>
                      </technique>
                    </extra>
                  </node>
                  <node id="Bip001_Pelvis_Bip001_teeth_top" name="Bip001_teeth_top" sid="Bip001_teeth_top" type="JOINT">
                    <matrix sid="transform">0.02986407 -0.9995539 -2.77371e-6 42.29355 0.999554 0.029864 -2.64981e-6 68.71817 2.73146e-6 -2.69334e-6 1 -9.57782e-5 0 0 0 1</matrix>
                    <extra>
                      <technique profile="blender">
                        <layer sid="layer" type="string">0</layer>
                        <roll sid="roll" type="float">-2.18879e-7</roll>
                        <tip_x sid="tip_x" type="float">-126.167</tip_x>
                        <tip_y sid="tip_y" type="float">-17.51315</tip_y>
                        <tip_z sid="tip_z" type="float">-1.54881e-4</tip_z>
                      </technique>
                    </extra>
                  </node>
                  <extra>
                    <technique profile="blender">
                      <layer sid="layer" type="string">0</layer>
                      <roll sid="roll" type="float">1.26862e-6</roll>
                      <tip_x sid="tip_x" type="float">-21.27319</tip_x>
                      <tip_y sid="tip_y" type="float">125.5877</tip_y>
                      <tip_z sid="tip_z" type="float">-4.92067e-4</tip_z>
                    </technique>
                  </extra>
                </node>
                <node id="Bip001_Pelvis_Bip001_L_Clavicle" name="Bip001_L_Clavicle" sid="Bip001_L_Clavicle" type="JOINT">
                  <matrix sid="transform">-0.130256 -0.2684515 0.9544458 -57.19424 0.03629799 -0.9632931 -0.2659863 20.97913 0.9908125 -2.68786e-6 0.1352194 44.9601 0 0 0 1</matrix>
                  <node id="Bip001_Pelvis_Bip001_L_UpperArm" name="Bip001_L_UpperArm" sid="Bip001_L_UpperArm" type="JOINT">
                    <matrix sid="transform">0.787927 -0.03994876 0.6144716 85.18203 0.1175409 0.9893022 -0.08640309 8.2016e-5 -0.6044463 0.1403048 0.7841933 0.002960205 0 0 0 1</matrix>
                    <node id="Bip001_Pelvis_Bip001_L_Forearm" name="Bip001_L_Forearm" sid="Bip001_L_Forearm" type="JOINT">
                      <matrix sid="transform">0.9800664 0.1986697 1.3113e-6 196.5737 -0.1986697 0.9800665 -5.26197e-7 9.15527e-5 -1.40071e-6 2.45869e-7 1 4.27246e-4 0 0 0 1</matrix>
                      <node id="Bip001_Pelvis_Bip001_L_Hand" name="Bip001_L_Hand" sid="Bip001_L_Hand" type="JOINT">
                        <matrix sid="transform">0.9790968 0.1560705 0.1304281 196.5737 -0.1289267 -0.01974911 0.9914576 2.44141e-4 0.1573131 -0.9875486 7.85366e-4 2.44141e-4 0 0 0 1</matrix>
                        <node id="Bip001_Pelvis_Bip001_L_Finger0" name="Bip001_L_Finger0" sid="Bip001_L_Finger0" type="JOINT">
                          <matrix sid="transform">0.8064054 0.436958 0.3984686 44.88336 0.07602161 0.5916252 -0.8026209 4.533539 -0.5864561 0.6775303 0.4438716 -33.7382 0 0 0 1</matrix>
                          <node id="Bip001_Pelvis_Bip001_L_Finger01" name="Bip001_L_Finger01" sid="Bip001_L_Finger01" type="JOINT">
                            <matrix sid="transform">0.9393731 -0.3428968 4.17233e-7 31.83167 0.3428975 0.939373 2.90573e-7 1.90735e-5 -4.17233e-7 8.41916e-7 0.9999997 -9.15527e-5 0 0 0 1</matrix>
                            <extra>
                              <technique profile="blender">
                                <layer sid="layer" type="string">0</layer>
                                <roll sid="roll" type="float">-0.6107609</roll>
                                <tip_x sid="tip_x" type="float">-19.0412</tip_x>
                                <tip_y sid="tip_y" type="float">-25.47595</tip_y>
                                <tip_z sid="tip_z" type="float">-1.290283</tip_z>
                              </technique>
                            </extra>
                          </node>
                          <extra>
                            <technique profile="blender">
                              <layer sid="layer" type="string">0</layer>
                              <roll sid="roll" type="float">-0.2378706</roll>
                              <tip_x sid="tip_x" type="float">-25.7297</tip_x>
                              <tip_y sid="tip_y" type="float">-18.32889</tip_y>
                              <tip_z sid="tip_z" type="float">3.910248</tip_z>
                            </technique>
                          </extra>
                        </node>
                        <node id="Bip001_Pelvis_Bip001_L_Finger1" name="Bip001_L_Finger1" sid="Bip001_L_Finger1" type="JOINT">
                          <matrix sid="transform">0.9714074 -0.2292415 0.06176667 98.05713 0.2287293 0.9733692 0.01534195 -0.02111816 -0.06363904 -7.75382e-4 0.9979728 -26.3819 0 0 0 1</matrix>
                          <node id="Bip001_Pelvis_Bip001_L_Finger11" name="Bip001_L_Finger11" sid="Bip001_L_Finger11" type="JOINT">
                            <matrix sid="transform">0.9980819 -0.06190756 -1.3113e-6 37.87976 0.06190732 0.9980822 1.69873e-6 -1.2207e-4 1.04308e-7 -2.5332e-7 0.9999996 6.10352e-5 0 0 0 1</matrix>
                            <extra>
                              <technique profile="blender">
                                <layer sid="layer" type="string">0</layer>
                                <roll sid="roll" type="float">-2.219588</roll>
                                <tip_x sid="tip_x" type="float">-22.51181</tip_x>
                                <tip_y sid="tip_y" type="float">-3.938698</tip_y>
                                <tip_z sid="tip_z" type="float">-30.20886</tip_z>
                              </technique>
                            </extra>
                          </node>
                          <extra>
                            <technique profile="blender">
                              <layer sid="layer" type="string">0</layer>
                              <roll sid="roll" type="float">-2.154163</roll>
                              <tip_x sid="tip_x" type="float">-24.3154</tip_x>
                              <tip_y sid="tip_y" type="float">-3.283056</tip_y>
                              <tip_z sid="tip_z" type="float">-28.85919</tip_z>
                            </technique>
                          </extra>
                        </node>
                        <node id="Bip001_Pelvis_Bip001_L_Finger2" name="Bip001_L_Finger2" sid="Bip001_L_Finger2" type="JOINT">
                          <matrix sid="transform">0.9454699 -0.2685339 -0.1843232 98.52246 0.3105095 0.9139866 0.2611751 -0.5984802 0.09833436 -0.3041674 0.9475297 11.1464 0 0 0 1</matrix>
                          <node id="Bip001_Pelvis_Bip001_L_Finger21" name="Bip001_L_Finger21" sid="Bip001_L_Finger21" type="JOINT">
                            <matrix sid="transform">0.9980818 -0.06190887 -1.83284e-6 35.81656 0.0619078 0.9980834 2.45124e-6 -3.35693e-4 2.01166e-7 2.83122e-7 1 -3.8147e-6 0 0 0 1</matrix>
                            <extra>
                              <technique profile="blender">
                                <layer sid="layer" type="string">0</layer>
                                <roll sid="roll" type="float">-2.493651</roll>
                                <tip_x sid="tip_x" type="float">-17.36533</tip_x>
                                <tip_y sid="tip_y" type="float">6.922528</tip_y>
                                <tip_z sid="tip_z" type="float">-30.55063</tip_z>
                              </technique>
                            </extra>
                          </node>
                          <extra>
                            <technique profile="blender">
                              <layer sid="layer" type="string">0</layer>
                              <roll sid="roll" type="float">-2.443316</roll>
                              <tip_x sid="tip_x" type="float">-19.21545</tip_x>
                              <tip_y sid="tip_y" type="float">7.193581</tip_y>
                              <tip_z sid="tip_z" type="float">-29.35706</tip_z>
                            </technique>
                          </extra>
                        </node>
                        <extra>
                          <technique profile="blender">
                            <layer sid="layer" type="string">0</layer>
                            <roll sid="roll" type="float">-1.978268</roll>
                            <tip_x sid="tip_x" type="float">-68.42879</tip_x>
                            <tip_y sid="tip_y" type="float">-2.952064</tip_y>
                            <tip_z sid="tip_z" type="float">-51.47061</tip_z>
                          </technique>
                        </extra>
                      </node>
                      <extra>
                        <technique profile="blender">
                          <layer sid="layer" type="string">0</layer>
                          <roll sid="roll" type="float">2.011407</roll>
                          <tip_x sid="tip_x" type="float">-4.266602</tip_x>
                          <tip_y sid="tip_y" type="float">-195.1378</tip_y>
                          <tip_z sid="tip_z" type="float">23.32614</tip_z>
                        </technique>
                      </extra>
                    </node>
                    <extra>
                      <technique profile="blender">
                        <layer sid="layer" type="string">0</layer>
                        <roll sid="roll" type="float">-0.4390094</roll>
                        <tip_x sid="tip_x" type="float">23.85782</tip_x>
                        <tip_y sid="tip_y" type="float">-195.0781</tip_y>
                        <tip_z sid="tip_z" type="float">-4.051086</tip_z>
                      </technique>
                    </extra>
                  </node>
                  <extra>
                    <technique profile="blender">
                      <layer sid="layer" type="string">0</layer>
                      <roll sid="roll" type="float">-1.435089</roll>
                      <tip_x sid="tip_x" type="float">-1.981262</tip_x>
                      <tip_y sid="tip_y" type="float">-85.15871</tip_y>
                      <tip_z sid="tip_z" type="float">1.18256e-4</tip_z>
                    </technique>
                  </extra>
                </node>
                <node id="Bip001_Pelvis_Bip001_R_Clavicle" name="Bip001_R_Clavicle" sid="Bip001_R_Clavicle" type="JOINT">
                  <matrix sid="transform">-0.1301425 -0.2684515 -0.9544615 -57.19415 0.03627134 -0.9632931 0.2659898 20.97935 -0.9908301 -2.6518e-6 0.1351026 -44.96006 0 0 0 1</matrix>
                  <node id="Bip001_Pelvis_Bip001_R_UpperArm" name="Bip001_R_UpperArm" sid="Bip001_R_UpperArm" type="JOINT">
                    <matrix sid="transform">0.7878594 -0.03993199 -0.6145591 85.18191 0.1175401 0.9893022 0.08640389 5.91278e-5 0.6045343 -0.1403095 0.7841246 0.007324219 0 0 0 1</matrix>
                    <node id="Bip001_Pelvis_Bip001_R_Forearm" name="Bip001_R_Forearm" sid="Bip001_R_Forearm" type="JOINT">
                      <matrix sid="transform">0.9800665 0.1986696 -2.74181e-6 196.5735 -0.1986696 0.9800665 -8.90344e-7 4.57764e-5 2.5034e-6 1.44541e-6 1 0.001403809 0 0 0 1</matrix>
                      <node id="Bip001_Pelvis_Bip001_R_Hand" name="Bip001_R_Hand" sid="Bip001_R_Hand" type="JOINT">
                        <matrix sid="transform">0.9790976 0.1560657 -0.1304278 196.5735 -0.1289265 -0.01974859 -0.9914576 1.37329e-4 -0.1573082 0.9875492 7.85157e-4 0.00100708 0 0 0 1</matrix>
                        <node id="Bip001_Pelvis_Bip001_R_Finger0" name="Bip001_R_Finger0" sid="Bip001_R_Finger0" type="JOINT">
                          <matrix sid="transform">0.8064058 0.4369584 -0.3984688 44.88333 0.07602093 0.5916253 0.8026203 4.533508 0.5864561 -0.6775297 0.4438724 33.73827 0 0 0 1</matrix>
                          <node id="Bip001_Pelvis_Bip001_R_Finger01" name="Bip001_R_Finger01" sid="Bip001_R_Finger01" type="JOINT">
                            <matrix sid="transform">0.9393728 -0.3428977 5.96046e-7 31.83162 0.3428976 0.9393727 -2.75671e-7 3.43323e-5 -3.27826e-7 5.36442e-7 1 6.10352e-5 0 0 0 1</matrix>
                            <extra>
                              <technique profile="blender">
                                <layer sid="layer" type="string">0</layer>
                                <roll sid="roll" type="float">0.6107708</roll>
                                <tip_x sid="tip_x" type="float">-19.04117</tip_x>
                                <tip_y sid="tip_y" type="float">-25.4759</tip_y>
                                <tip_z sid="tip_z" type="float">1.290375</tip_z>
                              </technique>
                            </extra>
                          </node>
                          <extra>
                            <technique profile="blender">
                              <layer sid="layer" type="string">0</layer>
                              <roll sid="roll" type="float">0.2378792</roll>
                              <tip_x sid="tip_x" type="float">-25.72967</tip_x>
                              <tip_y sid="tip_y" type="float">-18.32888</tip_y>
                              <tip_z sid="tip_z" type="float">-3.910126</tip_z>
                            </technique>
                          </extra>
                        </node>
                        <node id="Bip001_Pelvis_Bip001_R_Finger1" name="Bip001_R_Finger1" sid="Bip001_R_Finger1" type="JOINT">
                          <matrix sid="transform">0.9714079 -0.2292415 -0.06176679 98.0571 0.228729 0.9733689 -0.01534155 -0.02099609 0.0636388 7.75009e-4 0.9979728 26.38195 0 0 0 1</matrix>
                          <node id="Bip001_Pelvis_Bip001_R_Finger11" name="Bip001_R_Finger11" sid="Bip001_R_Finger11" type="JOINT">
                            <matrix sid="transform">0.9980832 -0.06190842 -1.63913e-7 37.87991 0.06190607 0.9980825 -2.38419e-7 -1.52588e-4 -5.36442e-7 6.25849e-7 1 -9.15527e-5 0 0 0 1</matrix>
                            <extra>
                              <technique profile="blender">
                                <layer sid="layer" type="string">0</layer>
                                <roll sid="roll" type="float">2.219593</roll>
                                <tip_x sid="tip_x" type="float">-22.51176</tip_x>
                                <tip_y sid="tip_y" type="float">-3.938623</tip_y>
                                <tip_z sid="tip_z" type="float">30.20899</tip_z>
                              </technique>
                            </extra>
                          </node>
                          <extra>
                            <technique profile="blender">
                              <layer sid="layer" type="string">0</layer>
                              <roll sid="roll" type="float">2.154168</roll>
                              <tip_x sid="tip_x" type="float">-24.31536</tip_x>
                              <tip_y sid="tip_y" type="float">-3.282982</tip_y>
                              <tip_z sid="tip_z" type="float">28.85931</tip_z>
                            </technique>
                          </extra>
                        </node>
                        <node id="Bip001_Pelvis_Bip001_R_Finger2" name="Bip001_R_Finger2" sid="Bip001_R_Finger2" type="JOINT">
                          <matrix sid="transform">0.9454706 -0.2685334 0.1843234 98.52231 0.3105088 0.9139864 -0.261175 -0.5986023 -0.09833494 0.3041674 0.9475297 -11.14635 0 0 0 1</matrix>
                          <node id="Bip001_Pelvis_Bip001_R_Finger21" name="Bip001_R_Finger21" sid="Bip001_R_Finger21" type="JOINT">
                            <matrix sid="transform">0.998083 -0.06190607 -7.93487e-7 35.8168 0.06190535 0.9980806 1.09524e-6 6.10352e-5 1.2666e-7 1.49012e-7 0.9999999 1.52588e-5 0 0 0 1</matrix>
                            <extra>
                              <technique profile="blender">
                                <layer sid="layer" type="string">0</layer>
                                <roll sid="roll" type="float">2.493655</roll>
                                <tip_x sid="tip_x" type="float">-17.36539</tip_x>
                                <tip_y sid="tip_y" type="float">6.92267</tip_y>
                                <tip_z sid="tip_z" type="float">30.5509</tip_z>
                              </technique>
                            </extra>
                          </node>
                          <extra>
                            <technique profile="blender">
                              <layer sid="layer" type="string">0</layer>
                              <roll sid="roll" type="float">2.44332</roll>
                              <tip_x sid="tip_x" type="float">-19.21554</tip_x>
                              <tip_y sid="tip_y" type="float">7.193722</tip_y>
                              <tip_z sid="tip_z" type="float">29.3573</tip_z>
                            </technique>
                          </extra>
                        </node>
                        <extra>
                          <technique profile="blender">
                            <layer sid="layer" type="string">0</layer>
                            <roll sid="roll" type="float">1.978273</roll>
                            <tip_x sid="tip_x" type="float">-68.42863</tip_x>
                            <tip_y sid="tip_y" type="float">-2.951927</tip_y>
                            <tip_z sid="tip_z" type="float">51.47079</tip_z>
                          </technique>
                        </extra>
                      </node>
                      <extra>
                        <technique profile="blender">
                          <layer sid="layer" type="string">0</layer>
                          <roll sid="roll" type="float">-2.011392</roll>
                          <tip_x sid="tip_x" type="float">-4.266663</tip_x>
                          <tip_y sid="tip_y" type="float">-195.1379</tip_y>
                          <tip_z sid="tip_z" type="float">-23.32559</tip_z>
                        </technique>
                      </extra>
                    </node>
                    <extra>
                      <technique profile="blender">
                        <layer sid="layer" type="string">0</layer>
                        <roll sid="roll" type="float">0.4389605</roll>
                        <tip_x sid="tip_x" type="float">23.85782</tip_x>
                        <tip_y sid="tip_y" type="float">-195.0781</tip_y>
                        <tip_z sid="tip_z" type="float">4.051559</tip_z>
                      </technique>
                    </extra>
                  </node>
                  <extra>
                    <technique profile="blender">
                      <layer sid="layer" type="string">0</layer>
                      <roll sid="roll" type="float">1.43533</roll>
                      <tip_x sid="tip_x" type="float">-1.981262</tip_x>
                      <tip_y sid="tip_y" type="float">-85.15874</tip_y>
                      <tip_z sid="tip_z" type="float">1.2207e-4</tip_z>
                    </technique>
                  </extra>
                </node>
                <extra>
                  <technique profile="blender">
                    <layer sid="layer" type="string">0</layer>
                    <roll sid="roll" type="float">1.21013e-6</roll>
                    <tip_x sid="tip_x" type="float">-16.44519</tip_x>
                    <tip_y sid="tip_y" type="float">64.80348</tip_y>
                    <tip_z sid="tip_z" type="float">-2.49977e-4</tip_z>
                  </technique>
                </extra>
              </node>
              <extra>
                <technique profile="blender">
                  <layer sid="layer" type="string">0</layer>
                  <roll sid="roll" type="float">1.34911e-6</roll>
                  <tip_x sid="tip_x" type="float">2.72345</tip_x>
                  <tip_y sid="tip_y" type="float">121.2106</tip_y>
                  <tip_z sid="tip_z" type="float">-6.7652e-4</tip_z>
                </technique>
              </extra>
            </node>
            <extra>
              <technique profile="blender">
                <layer sid="layer" type="string">0</layer>
                <roll sid="roll" type="float">1.37907e-6</roll>
                <tip_x sid="tip_x" type="float">5.046692</tip_x>
                <tip_y sid="tip_y" type="float">113.4655</tip_y>
                <tip_z sid="tip_z" type="float">-3.29593e-4</tip_z>
              </technique>
            </extra>
          </node>
          <extra>
            <technique profile="blender">
              <layer sid="layer" type="string">0</layer>
              <roll sid="roll" type="float">1.37886e-6</roll>
              <tip_x sid="tip_x" type="float">6.932259</tip_x>
              <tip_y sid="tip_y" type="float">104.1976</tip_y>
              <tip_z sid="tip_z" type="float">-3.05232e-4</tip_z>
            </technique>
          </extra>
        </node>
      </node>
      <node id="aladdin_lod0" name="aladdin_lod0" type="NODE">
        <translate sid="location">0 0 0</translate>
        <rotate sid="rotationZ">0 0 1 0</rotate>
        <rotate sid="rotationY">0 1 0 0</rotate>
        <rotate sid="rotationX">1 0 0 0</rotate>
        <scale sid="scale">1 1 1</scale>
        <instance_controller url="#Bip001_Pelvis_aladdin_lod0-skin">
          <skeleton>#Bip001_Pelvis_Bip001_Spine</skeleton>
          <bind_material>
            <technique_common>
              <instance_material symbol="aladdin_mat-material" target="#aladdin_mat-material"/>
            </technique_common>
          </bind_material>
        </instance_controller>
      </node>
    </visual_scene>
  </library_visual_scenes>
  <scene>
    <instance_visual_scene url="#Scene"/>
  </scene>
</COLLADA>