<?xml version="1.0" encoding="utf-8"?>
<COLLADA xmlns="http://www.collada.org/2005/11/COLLADASchema" version="1.4.1" xmlns:xsi="http://www.w3.org/2001/XMLSchema-instance">
  <asset>
    <contributor>
      <author>Blender User</author>
      <authoring_tool>Blender 2.79.0 commit date:2017-09-11, commit time:10:43, hash:5bd8ac9</authoring_tool>
    </contributor>
    <created>2020-08-14T07:00:07</created>
    <modified>2020-08-14T07:00:07</modified>
    <unit name="meter" meter="1"/>
    <up_axis>Z_UP</up_axis>
  </asset>
  <library_images>
    <image id="aladdin_prince_diff_png" name="aladdin_prince_diff_png">
      <init_from>aladdin_prince_diff.png</init_from>
    </image>
  </library_images>
  <library_effects>
    <effect id="aladdin_prince_mat-effect">
      <profile_COMMON>
        <newparam sid="aladdin_prince_diff_png-surface">
          <surface type="2D">
            <init_from>aladdin_prince_diff_png</init_from>
          </surface>
        </newparam>
        <newparam sid="aladdin_prince_diff_png-sampler">
          <sampler2D>
            <source>aladdin_prince_diff_png-surface</source>
          </sampler2D>
        </newparam>
        <technique sid="common">
          <phong>
            <emission>
              <color sid="emission">0 0 0 1</color>
            </emission>
            <ambient>
              <color sid="ambient">0 0 0 1</color>
            </ambient>
            <diffuse>
              <texture texture="aladdin_prince_diff_png-sampler"/>
            </diffuse>
            <specular>
              <color sid="specular">0.5 0.5 0.5 1</color>
            </specular>
            <shininess>
              <float sid="shininess">103</float>
            </shininess>
            <index_of_refraction>
              <float sid="index_of_refraction">1</float>
            </index_of_refraction>
          </phong>
        </technique>
      </profile_COMMON>
    </effect>
  </library_effects>
  <library_materials>
    <material id="aladdin_prince_mat-material" name="aladdin_prince_mat">
      <instance_effect url="#aladdin_prince_mat-effect"/>
    </material>
  </library_materials>
  <library_geometries>
    <geometry id="aladdin_prince_lod0_mesh0000-mesh" name="aladdin_prince_lod0_mesh0000">
      <mesh>
        <source id="aladdin_prince_lod0_mesh0000-mesh-positions">
          <float_array id="aladdin_prince_lod0_mesh0000-mesh-positions-array" count="6537">-173.5961 -14.8131 1067.711 -160.0009 -24.75074 1039.841 -134.8207 -25.08261 1054.903 -144.113 -18.64453 1090.502 -142.6913 3.608719 1010.393 -132.1386 2.225138 1022.831 -137.6002 39.43375 999.1798 -184.8538 -0.7723808 968.9696 -174.9111 33.05369 952.9724 -211.1909 62.09381 932.1525 -210.8271 28.08145 923.922 -229.1352 66.30474 905.5424 -226.3785 39.6556 903.6931 -261.298 74.98778 980.1901 -245.523 94.67188 965.0822 -261.6553 99.40061 944.2824 -275.3427 42.45758 994.3729 -296.6592 63.06427 971.7268 -400.3974 5.165405 798.3826 -411.4379 17.77263 808.4141 -419.4446 -9.32542 790.0693 -429.3788 11.14154 796.6616 -410.4001 54.26536 798.861 -401.0966 57.06882 791.6991 -424.1252 52.96259 784.6721 -416.9035 55.31859 775.8364 -390.2461 19.46841 790.6311 -400.3974 5.165405 798.3826 -406.9987 -9.128328 781.1608 -406.9987 -9.128328 781.1608 -389.6792 29.31382 787.8546 -399.4085 19.27671 776.3867 -416.9035 55.31859 775.8364 -405.2512 41.24013 770.976 -426.3958 48.56311 756.2821 -420.6723 26.43349 758.3145 -426.3958 48.56311 756.2821 -434.7426 54.18116 767.4494 -438.7924 49.26093 775.1016 -431.5487 35.7448 794.2937 -454.0607 30.09675 776.1643 -449.8958 1.123014 781.6564 -447.4746 -18.51898 776.2597 -413.9512 -10.16731 757.8735 -426.6184 -38.26358 762.6743 -414.638 8.991519 757.1559 -462.3493 -12.2383 769.6813 -469.4717 5.237588 765.0525 -427.8248 -36.00312 752.2902 -427.8248 -36.00312 752.2902 -426.6184 -38.26358 762.6743 -445.6265 -53.10547 742.2324 -435.6682 -30.94513 746.3446 -445.435 -46.35128 737.1035 -428.7421 -11.73313 749.4419 -445.795 -16.73135 750.3106 -429.0698 7.539495 752.6339 -453.1385 -24.59425 752.8361 -456.4392 -8.443831 743.98 -455.736 -27.30972 761.5798 -474.1298 -27.13226 750.7883 -468.1779 -56.03602 731.022 -466.4869 -58.81348 726.3212 -462.199 -62.55091 729.5493 -465.7897 -50.86684 728.907 -452.0365 -32.80292 759.7404 -450.221 -31.37495 752.2382 -457.6681 -42.51174 742.4276 -461.6275 -52.21695 725.2994 -456.8998 -55.71311 725.1759 -463.6157 -59.26379 724.9031 -457.8308 -59.99561 726.1492 -480.6293 -18.45884 752.1308 -483.3558 -10.91867 746.8394 -470.3079 -15.15184 737.5392 -473.0699 -5.739458 737.0803 -477.8737 -8.681552 738.3948 -446.6043 24.8442 746.2978 -487.2061 -5.714116 741.952 -477.8737 -8.681552 738.3948 -503.3363 -11.24321 713.735 -467.2971 26.46266 763.1149 -457.1397 45.10137 760.8051 -516.9653 -32.10671 689.0042 -512.9564 -34.98834 686.8626 -519.8614 -38.88145 689.504 -512.0391 -38.39883 687.1552 -513.2462 -43.83562 690.6041 -512.9564 -34.98834 686.8626 -514.4768 -29.41515 697.1279 -509.8186 -27.34811 695.4819 -507.8663 -6.698298 716.9411 -519.2258 -10.81414 680.2287 -523.3753 -14.97 686.1008 -529.242 -9.718898 679.6909 -526.9402 -11.46476 686.1268 -501.7475 35.79169 697.7685 -500.9328 35.44972 702.8073 -495.2496 41.32311 709.2583 -26.64402 -40.95934 1107.139 0 -47.90681 1102.309 0 -38.91949 1114.078 -23.05381 -31.81147 1119.303 -51.50149 9.847579 1148.803 -75.74943 19.7181 1159.26 -64.90569 -25.67743 1130.142 -43.20847 -11.66965 1136.896 -30.20766 -60.38109 1079.788 0 -64.70092 1077.44 -50.52992 -59.05482 1087.345 0 -83.66683 1031.488 -36.61408 -84.29314 1034.833 0 -94.88027 964.6762 -42.31604 -97.7572 969.8688 0 -95.9514 907.0866 -31.79646 -91.03278 906.906 -92.08284 -8.406344 913.3206 -87.68346 -7.306864 878.082 -70.59896 -45.32198 874.768 -78.60696 -43.66981 911.486 -115.859 -33.70701 1095.837 -122.3075 -32.41848 1056.159 -122.4736 -15.12201 1128.531 -150.01 -1.960556 1123.543 -123.5918 35.2263 1009.307 -113.0494 33.84469 976.2731 -118.3231 -8.171716 989.0407 -126.144 -3.060298 1022.216 -142.5242 26.00922 1152.403 -161.0151 30.20331 1139.238 -161.3636 59.57663 1136.333 -129.511 93.66748 1135.753 -150.3364 88.72092 1119.64 -161.3636 59.57663 1136.333 -140.6618 55.79924 1151.917 -120.37 66.36035 1012.427 -115.0017 96.3694 1040.976 -107.9019 97.81259 1021.313 -108.8485 70.07434 990.6426 -115.0017 96.3694 1040.976 -120.37 66.36035 1012.427 -131.8031 67.79262 1021.682 -130.036 97.60134 1042.564 0 70.52796 873.3974 -49.29339 60.53983 875.5393 -50.98225 75.34346 910.5382 0 81.82129 908.6786 -84.24956 37.1742 911.8345 -75.17329 38.22409 877.3964 0 -89.08908 869.8399 -28.69357 -84.85076 870.9151 -33.53297 -90.04358 865.6891 0 -94.71216 864.6321 0 -89.08908 869.8399 -28.69357 -84.85076 870.9151 -52.01335 -67.416 873.3134 -72.76528 -55.63576 869.8955 -87.68346 -7.306864 878.082 -90.45745 -4.759505 872.395 -70.59896 -45.32198 874.768 -193.8882 32.27624 1101.059 -187.5845 66.66378 1101.636 -160.7044 90.65162 1106.419 -186.149 3.509033 1087.375 -157.6865 109.5235 1010.033 -130.036 97.60134 1042.564 -131.8031 67.79262 1021.682 -140.518 74.03086 1000.876 -133.7647 112.5017 1076.493 -158.3866 109.316 1051.991 -236.2172 26.74304 1041.042 -224.9855 77.8282 1036.327 -227.537 -7.489578 1023.07 -209.1974 -19.31165 995.8602 -176.54 72.0862 958.3 -140.518 74.03086 1000.876 -140.518 74.03086 1000.876 -176.54 72.0862 958.3 -185.0534 100.0779 974.9223 -157.6865 109.5235 1010.033 -160.7044 90.65162 1106.419 -207.4499 105.3337 1014.501 -158.3866 109.316 1051.991 -267.2259 19.30047 978.3477 -244.9434 6.955715 953.7619 -224.7633 11.23983 930.1981 -285.5447 21.14091 962.1505 -264.4178 4.228867 937.8568 -239.0016 15.41176 910.8503 -226.2827 93.04035 946.5911 -211.1909 62.09381 932.1525 -229.1352 66.30474 905.5424 -241.7046 98.04695 926.4621 -301.1875 107.6305 915.4421 -335.2586 63.44092 950.0635 -276.5661 105.3661 881.799 -336.1397 102.0429 829.0203 -367.8719 105.4237 862.4788 -396.169 56.82553 902.1023 -257.5106 71.20386 857.9887 -309.2406 71.60485 808.5146 -257.5106 71.20386 857.9887 -247.0805 31.3099 865.0626 -296.9646 25.64069 812.5647 -309.2406 71.60485 808.5146 -321.2528 5.015652 940.7156 -292.5116 -17.05537 911.0125 -261.6654 -0.8284721 881.2816 -311.5052 -8.465405 827.757 -390.2461 19.46841 790.6311 -374.2357 19.14492 806.3101 -385.3617 5.278118 815.2816 -400.3974 5.165405 798.3826 -383.9912 -4.953732 892.4518 -345.7224 -33.3086 860.223 -411.4379 17.77263 808.4141 -397.3794 18.52407 825.9989 -401.0002 40.69842 824.9214 -414.9013 37.9824 806.7162 -414.9013 37.9824 806.7162 -401.0966 57.06882 791.6991 -392.2022 44.48771 786.7255 -426.6184 -38.26358 762.6743 -434.8115 -36.87232 769.6062 -448.8055 -34.59112 765.4287 -450.963 -53.98831 746.7069 -434.8115 -36.87232 769.6062 -448.8055 -34.59112 765.4287 -457.7578 -48.75426 747.7106 -435.6682 -30.94513 746.3446 -444.2418 -29.62131 747.5957 -444.2418 -29.62131 747.5957 -451.8667 -41.92823 736.0085 -450.221 -31.37495 752.2382 -444.2418 -29.62131 747.5957 -451.8667 -41.92823 736.0085 -452.0365 -32.80292 759.7404 -453.1385 -24.59425 752.8361 -450.221 -31.37495 752.2382 -467.2278 -25.19946 743.4174 -467.2278 -25.19946 743.4174 -461.6275 -52.21695 725.2994 -491.401 -34.86463 726.0555 -474.1298 -27.13226 750.7883 -480.6293 -18.45884 752.1308 -498.0536 -28.2145 727.1643 -483.3558 -10.91867 746.8394 -497.8883 -20.57892 723.6705 -467.2278 -25.19946 743.4174 -486.4915 -32.53986 720.5193 -470.3079 -15.15184 737.5392 -488.8102 -22.56821 717.2701 -477.8737 -8.681552 738.3948 -470.3079 -15.15184 737.5392 -488.8102 -22.56821 717.2701 -492.9842 -19.56157 718.8278 -470.6985 21.83993 735.5279 -499.3112 -7.535847 708.0133 -503.3363 -11.24321 713.735 -492.2854 17.66259 709.0861 -514.8041 -35.99585 699.4046 -506.9671 -41.949 699.5778 -506.3086 -29.04948 694.3514 -503.0661 -36.65525 696.806 -506.3086 -29.04948 694.3514 -484.0821 39.38152 713.9078 -468.3273 44.38563 733.9753 -446.4283 45.23018 745.8565 -486.8532 42.54764 723.3597 -472.558 47.16056 738.3458 -468.3273 44.38563 733.9753 -484.0821 39.38152 713.9078 -453.9833 50.56358 754.4916 -446.4283 45.23018 745.8565 -513.7026 12.03613 682.7279 -519.2258 -10.81414 680.2287 -523.3753 -14.97 686.1008 -494.4816 37.7596 698.7218 -494.4816 37.7596 698.7218 -513.7026 12.03613 682.7279 -520.8906 12.57037 683.9158 -519.9789 14.51545 688.5844 -503.0342 18.50606 716.0578 -488.7547 38.60074 726.5029 -476.2517 43.23474 741.5386 -33.53297 -90.04358 865.6891 -39.05424 -83.39364 819.8283 0 -93.59491 818.2872 0 -94.71216 864.6321 -72.76528 -55.63576 869.8955 -71.48493 -55.83171 825.5199 -87.6378 -6.538582 833.1313 -71.48493 -55.83171 825.5199 0 74.8149 834.4806 0 89.14225 782.3912 -54.17918 76.02249 785.3556 -47.36907 61.78557 835.0297 -86.78351 47.99216 787.5107 -76.288 37.81834 835.8692 -43.8053 -75.05144 774.3046 0 -89.43844 772.0612 -79.21742 -50.38448 779.1835 -44.40284 -72.19515 769.3329 0 -85.72473 766.5551 -77.65319 -49.11092 773.2393 -94.95385 1.481949 786.8015 -79.21742 -50.38448 779.1835 -76.288 37.81834 835.8692 -86.78351 47.99216 787.5107 -85.1723 45.2055 780.463 -93.67896 0.2951609 780.1031 -77.65319 -49.11092 773.2393 -54.26444 73.15431 778.0364 -85.1723 45.2055 780.463 0 84.10377 775.5242 -127.5898 39.06558 1023.053 -123.5918 35.2263 1009.307 -126.144 -3.060298 1022.216 -131.8031 67.79262 1021.682 -120.37 66.36035 1012.427 -75.17329 38.22409 877.3964 -77.6397 39.1916 872.7945 -49.29339 60.53983 875.5393 -51.14736 65.95947 870.7471 -77.6397 39.1916 872.7945 -75.17329 38.22409 877.3964 0 70.52796 873.3974 0 75.36242 869.1343 -484.0909 21.21701 741.3164 -55.17776 25.13842 1156.328 -35.01894 96.90879 1133.059 -66.31453 82.26661 1146.766 -46.4663 64.80223 1160.757 -25.91574 74.3418 1157.149 -93.97174 -47.74245 958.6206 -78.76384 -76.87949 968.7509 -106.758 -72.98065 1030.703 -111.0364 -42.08449 1014.004 -91.20133 65.88506 956.0381 -50.92937 103.2355 960.9151 -81.39083 105.6547 1012.75 -46.18929 111.1836 1009.874 -101.7726 33.24994 947.943 0 80.42459 1157.595 0 102.0219 1128.88 -77.15474 53.06178 1161.499 -56.72863 46.34541 1161.391 -90.16896 88.62792 1149.334 -98.66326 58.10715 1165.623 -99.71063 9.434838 1168.6 -105.1627 -10.43208 951.5496 0 114.1948 1009.358 0 108.1997 959.3444 -64.17945 49.68134 212.7854 -68.22299 23.29401 212.2251 -86.04969 39.72113 129.4735 -121.6609 10.49996 72.33243 -137.9768 23.60621 67.31141 -129.6954 -7.056416 53.73712 -141.6134 53.37076 68.55632 -145.2177 45.3165 44.3098 -92.58934 29.54115 51.38956 -92.70583 40.7711 68.1635 -101.9758 13.08834 69.5598 -132.3573 77.61495 39.58498 -113.2667 83.0582 40.29244 -117.2733 88.19807 4.200719 -98.69076 79.32474 4.200719 -117.2733 88.19807 4.200719 -113.2667 83.0582 40.29244 -96.6646 60.49565 35.53746 -136.6866 78.02739 4.200719 -149.3657 11.68627 36.33879 -135.889 -35.44679 41.53786 -159.3845 -22.64409 25.64708 -93.94509 47.76461 4.200719 -101.2186 -4.132234 43.52841 -99.62877 17.51187 4.200719 -111.5419 -11.57375 53.89231 -101.8617 -39.12906 33.52242 -118.9651 -43.20554 42.34096 -106.2413 -87.18004 20.709 -156.0914 -59.96781 27.65085 -169.6626 -63.49216 16.15386 -166.8789 -96.78164 16.90044 -158.5834 -94.12026 24.4986 -134.8034 -83.33896 27.37119 -135.9673 -98.74475 31.63204 -114.2977 -102.7846 24.72152 -76.27027 78.73978 213.8816 -91.42461 64.95192 130.9944 -113.0479 77.42296 132.4109 -114.8457 92.67249 211.3591 -83.27243 -3.149327 207.8814 -95.35764 9.380194 131.7609 -115.8923 -11.83334 203.3784 -118.0336 4.669519 131.3756 -145.4313 0.04177856 205.3186 -137.8128 15.89458 129.6285 -159.2829 39.57418 209.5119 -145.0806 46.32977 131.9007 -152.889 75.09618 210.876 -136.8872 67.94506 132.9771 -114.8457 92.67249 211.3591 -113.0479 77.42296 132.4109 -131.4129 68.52801 68.86376 -99.61931 59.79785 67.04019 -112.5131 73.77706 68.12339 -148.9166 48.05338 4.200719 -158.5167 16.17043 4.200719 -168.667 -16.1703 4.200719 -97.50405 -34.74687 4.200719 -100.729 -81.70278 4.200719 -178.5644 -62.84951 4.200719 -112.5131 73.77706 68.12339 -171.0624 -98.85082 4.200719 -137.7983 -120.2748 4.200719 -114.57 -116.4851 16.32265 -136.2881 -127.3302 28.49189 -117.2733 88.19807 4.200719 -98.69076 79.32474 4.200719 -136.6866 78.02739 4.200719 -100.729 -81.70278 4.200719 -112.9941 -113.2544 4.200719 -137.7983 -120.2748 4.200719 -171.0624 -98.85082 4.200719 -178.5644 -62.84951 4.200719 -97.50405 -34.74687 4.200719 -168.667 -16.1703 4.200719 -99.62877 17.51187 4.200719 -158.5167 16.17043 4.200719 -148.9166 48.05338 4.200719 -93.94509 47.76461 4.200719 -14.43679 -76.53549 606.0327 -26.85905 -79.71233 565.9155 -6.642586 -22.78333 552.8856 -112.5549 63.1095 664.4992 -75.79507 96.6239 661.6503 -84.94495 99.72753 586.0861 -121.9946 67.40776 586.8012 -138.4564 4.137667 584.7611 -125.0572 4.83725 659.7803 -60.13063 -83.09753 643.9923 0 -87.08193 657.2753 0 -91.06244 705.2478 -49.91865 -78.06456 708.1895 0 -77.82871 621.041 -86.39639 -95.38249 503.5631 -36.8362 -77.44741 493.9563 -75.09837 -90.58791 574.4533 -110.6778 -46.34934 650.7244 -96.07997 -47.95897 716.2711 -110.6872 6.326478 724.268 -100.3786 55.03108 726.4036 0 -19.5165 554.8875 -125.2382 -49.63408 579.5721 -153.2606 8.292265 512.1249 -142.041 -51.99427 507.9739 -63.11798 89.48596 725.5856 0 100.3394 723.3043 0 109.0319 655.4082 0 95.77269 594.535 -27.43172 101.328 573.5718 -6.874657 41.27671 552.5594 0 39.51019 553.1987 -16.49946 -23.46817 330.6698 -14.41849 -22.28923 414.7497 -43.18703 -81.91629 416.0347 -48.52092 -85.23552 329.6281 -103.0244 -105.9183 416.8747 -163.8289 -56.78353 428.1202 -176.9877 15.03795 439.5873 -201.6706 25.31963 373.9823 -149.252 81.16947 438.5006 -168.8251 94.92189 378.3997 -96.68132 114.1035 438.6739 -103.4696 129.9647 368.0875 -45.05018 104.0419 427.3982 -43.37887 110.7166 355.9795 -14.79086 45.06196 415.6551 -10.44336 50.79489 344.6541 -15.51482 -20.80988 485.0671 -14.45979 41.69217 486.8897 -129.9959 -95.98782 269.5534 -121.2086 -112.5669 340.5484 -189.3216 -55.58664 363.2364 -214.5078 -36.51565 287.6535 -50.78671 -69.89923 261.2832 -226.7035 39.60951 300.3167 -198.4734 117.1621 307.1874 -106.8456 152.4869 296.0942 -39.14658 120.0895 276.3909 -13.13859 46.81432 269.8957 -13.13859 46.81432 269.8957 -10.44336 50.79489 344.6541 -19.72495 -19.74194 258.3514 -124.0416 -58.96216 229.3404 -65.65042 -40.3263 230.4915 -36.07256 0.9980011 231.2164 -184.2446 -10.18747 233.4734 -194.1851 39.19362 236.8342 -171.0067 97.47706 241.9192 -108.6943 128.2694 245.4469 -57.0599 101.5072 235.5565 -38.56755 48.53058 233.1612 -38.56755 48.53058 233.1612 -145.4313 0.04177856 205.3186 -115.8923 -11.83334 203.3784 -83.27243 -3.149327 207.8814 -159.2829 39.57418 209.5119 -152.889 75.09618 210.876 -114.8457 92.67249 211.3591 -76.27027 78.73978 213.8816 -64.17945 49.68134 212.7854 -68.22299 23.29401 212.2251 -64.17945 49.68134 212.7854 -130.8044 71.52104 515.5186 -91.77333 102.0997 513.2025 -42.73184 97.63359 502.5502 -6.874657 41.27671 552.5594 -14.45979 41.69217 486.8897 -14.79086 45.06196 415.6551 0 -85.72473 766.5551 -44.40284 -72.19515 769.3329 -77.65319 -49.11092 773.2393 -93.67896 0.2951609 780.1031 -85.1723 45.2055 780.463 -54.26444 73.15431 778.0364 0 84.10377 775.5242 0 39.51019 553.1987 -120.7647 -115.3107 35.84364 -136.7096 -126.0358 50.5573 -154.1322 -117.9213 37.13937 -157.9268 -119.0014 19.46177 -137.1312 -109.3208 65.28165 -136.5492 -109.1128 43.93007 -112.9941 -113.2544 4.200719 -401.0966 57.06882 791.6991 -410.4001 54.26536 798.861 -394.791 58.64512 816.0863 -384.8262 60.89816 807.699 -392.2022 44.48771 786.7255 -375.7567 46.94476 801.9192 -389.6792 29.31382 787.8546 -392.2022 44.48771 786.7255 -375.7567 46.94476 801.9192 -373.1494 30.34873 802.8917 -342.6767 -3.762039 809.9175 -370.9686 -26.44254 834.6546 -385.3617 5.278118 815.2816 -374.2357 19.14492 806.3101 -397.3794 18.52407 825.9989 -399.8875 -1.755821 861.5812 -411.6443 51.27141 867.3058 -401.0002 40.69842 824.9214 -362.728 92.15648 812.1313 -390.3028 89.73772 838.55 -339.6607 65.137 797.5903 -332.3527 24.86574 798.5305 -339.6607 65.137 797.5903 -384.8262 60.89816 807.699 -394.791 58.64512 816.0863 -375.7567 46.94476 801.9192 -373.1494 30.34873 802.8917 -375.7567 46.94476 801.9192 -57.52795 -86.03917 1034.757 -58.79612 -71.54824 909.2611 -52.01335 -67.416 873.3134 -85.83911 -35.32978 1139.341 -106.5876 -72.73052 1104.043 -137.8942 -54.15229 1090.73 -106.758 -72.98065 1030.703 -79.55406 -96.86704 1038.901 -126.6863 -43.68849 1149.237 -159.7215 -31.10543 1137.699 -140.9786 9.149464 1172.169 -175.3938 11.97233 1175.097 -115.6487 122.3779 1096.941 -157.576 103.9786 1147.995 -128.0896 108.5361 1163.731 -93.06101 129.1951 1115.96 -175.8231 63.34796 1175.072 -143.4881 63.29981 1172.622 -50.73125 136.6386 1087.869 -54.82772 125.5972 1062.367 -46.06544 111.4304 1109.568 0 113.8596 1094.398 0 139.0885 1081.121 -58.48925 -96.09471 972.6571 -42.31604 -97.7572 969.8688 -57.52795 -86.03917 1034.757 -42.24991 -87.20165 907.8489 -31.79646 -91.03278 906.906 -73.90077 -66.33164 1095.228 -85.83911 -35.32978 1139.341 -99.71063 9.434838 1168.6 -90.16896 88.62792 1149.334 -76.95951 103.5625 1132.075 -98.66326 58.10715 1165.623 0 128.3923 1055.676 -78.76384 -76.87949 968.7509 -28.69357 -84.85076 870.9151 -137.8942 -54.15229 1090.73 -159.7215 -31.10543 1137.699 -122.4736 -15.12201 1128.531 -115.859 -33.70701 1095.837 -175.8231 63.34796 1175.072 -140.6618 55.79924 1151.917 -142.5242 26.00922 1152.403 -175.3938 11.97233 1175.097 -157.576 103.9786 1147.995 -129.511 93.66748 1135.753 -106.758 -72.98065 1030.703 -58.79612 -71.54824 909.2611 -52.01335 -67.416 873.3134 -115.859 -33.70701 1095.837 -122.3075 -32.41848 1056.159 -73.90077 -66.33164 1095.228 0 113.8596 1094.398 -46.06544 111.4304 1109.568 -76.95951 103.5625 1132.075 0 169.2841 780.7282 0 192.3836 617.9167 -68.17017 176.6878 617.7752 -65.38037 160.9355 780.7448 0 148.219 959.4902 -58.43402 141.6522 959.4713 -175.6731 137.3173 454.0976 -166.2415 124.4999 617.5953 -135.4628 147.4814 617.6666 -141.6153 163.8891 454.0977 -127.4923 135.387 780.7448 -159.7601 113.2189 780.7448 -156.5704 108.9143 959.26 -120.1072 122.807 959.0331 -57.76935 136.5374 780.7448 -133.9528 98.43624 780.7448 -139.4597 110.5451 617.8242 -68.01654 157.0511 618.33 -131.4622 94.99973 953.6646 -62.18057 118.2615 959.0367 -70.36402 196.5058 454.0977 -74.65756 225.0537 248.6547 -153.3384 181.6843 248.6547 -188.5096 154.6871 248.6546 0 194.8912 454.081 -73.67029 180.2461 454.0977 -78.55368 208.1864 248.6547 0 222.8314 248.6381 -147.7619 123.5695 454.0977 -165.9095 140.9393 248.6547 0 216.641 454.0809 -166.2415 124.4999 617.5953 -175.6731 137.3173 454.0976 0 170.6338 617.9165 -54.82772 125.5972 1062.367 0 128.3923 1055.676 -115.6487 122.3779 1096.941 -113.9159 111.9187 1094.864 -159.7601 113.2189 780.7448 -188.5096 154.6871 248.6546 -156.5704 108.9143 959.26 0 147.5342 780.7281 0 126.7808 957.9845 0 244.5812 248.638 -54.82772 125.5972 1062.367 -11.41049 -73.72927 1282.818 -12.67674 -71.41722 1296.299 -16.27901 -63.64892 1291.653 -17.63968 -70.35192 1270.711 -10.71778 -78.75736 1268.101 -17.60312 -61.01912 1280.887 -7.411931 -75.61101 1318.301 0 -76.31106 1318.172 0 -72.73094 1328.292 -8.446718 -99.63108 1249.571 -8.201279 -89.30515 1268.086 -9.572119 -83.17174 1256.093 -11.97423 -74.06829 1251.12 -12.91322 -86.37413 1245.803 -14.56331 -73.22019 1246.424 -14.73553 -74.70182 1239.644 -15.61551 -72.94034 1260.748 -28.79436 -66.82898 1255.967 -7.214506 -85.96332 1241.386 -3.860393 -82.23204 1237.429 -6.26001 -96.13407 1241.528 -10.04067 -89.20189 1241.588 -9.972994 -79.37939 1238.58 -14.72453 -77.31293 1233.126 -52.63459 -48.95712 1289.01 -53.19107 -47.46156 1290.093 -52.8142 -46.65446 1283.198 -51.49771 -50.51607 1287.549 -17.30345 -64.17836 1291.547 -19.082 -65.05192 1291.343 -21.48896 -64.76322 1290.653 -21.21913 -71.35636 1220.974 -23.90338 -72.28369 1222.768 -26.5164 -69.45977 1221.556 -22.4818 -69.66944 1217.63 -25.16183 -68.11254 1218.78 -35.75476 -48.38747 1214.2 -41.61977 -57.8618 1233.007 -46.9364 -40.95668 1227.976 -53.07278 10.97404 1242.773 -45.80682 7.960703 1218.987 -56.16948 -14.92071 1241.76 -22.78507 -72.75419 1308.621 -21.42266 -64.31421 1301.238 -11.21116 -75.85703 1306.499 0 -77.04975 1306.138 -20.08819 -72.41654 1320.917 0 -82.74558 1286.76 -7.619124 -79.10871 1286.385 0 -94.12596 1268.849 -21.51581 -61.25154 1274.681 -31.79385 -69.43713 1309.66 -31.99492 -63.41997 1305.611 -30.61226 -67.48885 1323.479 -22.83854 -65.15511 1299.477 -32.64524 -64.4544 1302.472 -24.3556 -65.99053 1296.946 -33.34378 -65.49036 1299.277 -41.83864 -60.88574 1301.527 -41.42401 -62.35591 1298.577 -49.60586 -53.61429 1298.126 -42.12994 -59.72986 1304.335 -50.27128 -52.10512 1299.723 0 -105.0808 1250.676 0 -101.624 1240.722 -29.50051 -67.99435 1245.435 0 -83.33684 1237.218 -5.529586 -83.39774 1233.124 0 -84.14883 1232.005 -28.97369 -69.02452 1237.132 -17.04781 -69.79057 1328.808 -30.41162 -65.90718 1327.868 -29.12054 -64.85601 1264.188 -30.68105 -61.48672 1271.985 -45.32286 -57.37805 1263.981 -43.3908 -57.06645 1273.547 -46.47622 -57.32222 1255.718 -50.58878 -49.67786 1279.446 -54.50845 -42.68997 1272.558 -57.55943 -39.14515 1260.449 -58.82496 -37.3169 1284.352 -59.91452 -22.57934 1285.739 -53.70859 -45.42419 1291.098 -25.86178 -66.70548 1294.406 -33.80267 -66.34297 1296.619 -41.11204 -63.36393 1295.788 -47.9135 -58.51751 1293.825 -48.67815 -55.86272 1296.082 -53.97528 -39.18264 1242.873 -44.98158 -56.80529 1243.829 -59.05746 -16.04819 1261.854 -14.17552 -80.66894 1224.462 -26.80703 -71.09206 1228.712 -6.708402 -84.97305 1225.861 0 -85.44818 1225.73 -5.555003 -80.23773 1221.561 0 -80.60576 1221.176 -12.62888 -77.9343 1221.301 -33.47961 -64.50049 1225.45 -5.5559 -80.09807 1221.94 -10.18735 -79.58124 1213.516 0 -81.9215 1212.902 0 -80.4661 1221.92 -12.63099 -77.79475 1221.68 -16.33457 -74.62534 1214.971 -23.60794 -65.78148 1212.097 -12.93761 -71.62943 1206.519 -32.19415 -61.53001 1218.951 0 -75.12294 1205.902 -12.45682 -72.89205 1197.363 0 -75.4335 1196.772 -23.29069 -61.77785 1202.605 -34.32756 -35.49099 1202.522 -20.3615 -56.45282 1191.246 -11.49728 -70.46974 1185.12 0 -74.41598 1184.915 -45.21706 -21.29396 1219.978 -40.08175 -5.335413 1207.394 0 -65.57121 1177.41 -9.484244 -61.78456 1178.452 -18.17854 -47.227 1183.384 -29.33376 -24.04302 1194.201 -26.98862 -9.187574 1191.708 -36.08928 4.055214 1203.793 -41.76626 18.04731 1216.754 -13.66846 -28.503 1184.427 -49.67787 17.81323 1241.387 0 -39.89521 1179.25 -45.59565 43.03047 1217.641 -41.76626 18.04731 1216.754 -49.67787 17.81323 1241.387 -51.33409 33.96415 1238.348 -49.19002 24.53313 1173.326 -44.48564 10.14171 1166.384 -37.60094 8.767868 1186.858 -43.60842 22.36161 1196.836 -44.02268 46.24337 1201.036 -26.98862 -9.187574 1191.708 -36.08928 4.055214 1203.793 -30.48052 -6.541647 1174.188 -13.66846 -28.503 1184.427 -14.82686 -20.10579 1164.656 0 -25.81448 1161.384 0 -39.89521 1179.25 -43.20847 -11.66965 1136.896 -23.05381 -31.81147 1119.303 -16.4288 -20.93804 1147.32 -34.41178 -6.783743 1154.928 -49.19002 24.53313 1173.326 -50.21665 43.55792 1177.24 -56.72863 46.34541 1161.391 -55.17776 25.13842 1156.328 -40.41901 59.25759 1177.711 -50.21665 43.55792 1177.24 -35.55439 54.53977 1201.472 -16.50049 -69.42604 1333.432 -30.01247 -65.47968 1331.686 -46.4663 64.80223 1160.757 -40.41901 59.25759 1177.711 -22.76804 67.38584 1176.563 -25.91574 74.3418 1157.149 0 72.02411 1175.093 0 80.42459 1157.595 -7.608757 -74.3617 1297.287 0 -75.84128 1297.97 -52.8142 -46.65446 1283.198 -25.47045 -31.04297 1288.858 -51.49771 -50.51607 1287.549 -21.48896 -64.76322 1290.653 -17.60312 -61.01912 1280.887 -21.51581 -61.25154 1274.681 -30.68105 -61.48672 1271.985 -43.3908 -57.06645 1273.547 -50.58878 -49.67786 1279.446 -25.86178 -66.70548 1294.406 -33.80267 -66.34297 1296.619 -41.11204 -63.36393 1295.788 -47.9135 -58.51751 1293.825 -6.071307 -63.93448 1228.324 0 -63.01109 1228.658 0 -80.60576 1221.176 -5.555003 -80.23773 1221.561 -12.62888 -77.9343 1221.301 -13.94573 -65.03245 1227.205 -21.21913 -71.35636 1220.974 -23.66174 -65.18456 1222.488 0 -80.4661 1221.92 0 -62.31172 1216.108 -6.086343 -63.34944 1216.505 -5.5559 -80.09807 1221.94 -13.93722 -64.80873 1216.945 -12.63099 -77.79475 1221.68 -5.413079 -47.82913 1226.866 0 -47.87934 1227.111 -12.46867 -47.81924 1226.172 -21.40825 -54.45122 1223.78 -5.355249 -47.4722 1218.486 0 -47.46693 1218.194 -12.44043 -47.62659 1218.986 -59.95734 -10.29906 1268.054 -57.14023 0.6426431 1253.866 -57.95657 -35.20584 1301.29 -62.19791 -23.3917 1302.501 -52.83204 -46.07948 1315.793 -43.80811 -55.33713 1323.76 -44.17025 -55.4694 1326.791 -55.0254 -46.24683 1319.657 -51.37473 -53.00893 1306.817 -57.5508 -40.13843 1296.881 -42.93399 -64.39978 1311.057 -49.84567 -47.14257 1285.066 -48.41459 -53.093 1282.631 -48.4167 -53.52306 1285.151 -48.42928 -51.72355 1280.55 -48.5167 -48.41542 1278.976 -48.42117 -51.5356 1289.739 -48.46937 -48.26418 1291.185 -48.41867 -52.96705 1287.669 -44.78717 -59.02564 1284.98 -44.77751 -58.2062 1280.343 -44.75241 -55.6128 1276.602 -44.74781 -49.50704 1273.637 -44.76516 -49.26937 1296.447 -44.77497 -55.30456 1293.793 -44.78517 -57.97626 1289.771 -39.30468 -62.80296 1284.6 -39.2572 -61.61591 1278.16 -39.19237 -58.15274 1273.146 -39.17725 -50.23668 1269.96 -39.28815 -50.09877 1299.704 -39.27972 -58.08816 1295.998 -39.30223 -61.52909 1290.803 -32.65286 -62.81387 1277.955 -32.77972 -64.10291 1284.576 -32.5965 -59.13661 1272.501 -32.6236 -50.25652 1268.126 -32.79809 -50.38075 1300.916 -32.7588 -59.13015 1296.72 -32.78867 -62.80925 1291.174 -26.24588 -62.81293 1284.49 -26.00702 -61.62292 1278.229 -26.03868 -58.22554 1273.192 -26.13627 -50.19532 1269.484 -26.21998 -58.21509 1295.884 -26.30973 -50.13345 1299.681 -26.2412 -61.61827 1290.809 -20.42404 -59.1354 1284.17 -20.23248 -58.21995 1279.395 -20.54191 -55.62242 1275.818 -20.70883 -49.4511 1273.009 -20.77989 -55.61971 1293.203 -20.81137 -49.42985 1296.132 -20.76379 -58.22945 1289.356 -17.096 -53.13412 1282.041 -17.11359 -53.62788 1284.554 -17.10053 -51.7266 1279.953 -17.11283 -48.37717 1278.321 -17.13345 -51.72567 1289.182 -17.13395 -48.37683 1290.819 -17.13339 -53.13328 1287.077 -15.84229 -47.13439 1284.57 -47.69265 -42.35924 1278.989 -48.96949 -42.30123 1285.018 -47.66891 -42.25519 1290.804 -44.15799 -42.43941 1273.688 -44.12403 -42.23844 1295.867 -38.87861 -42.48624 1269.87 -38.94092 -42.2415 1299.372 -32.7258 -42.27856 1268.552 -32.81088 -42.24121 1300.608 -26.61142 -42.42049 1269.838 -26.67355 -42.24123 1299.387 -21.4507 -42.34445 1273.275 -21.47058 -42.24123 1295.91 -17.99277 -42.27686 1278.447 -17.99407 -42.24123 1290.707 -16.77324 -42.24216 1284.571 -18.40393 -68.40228 1211.073 -9.246399 -73.59359 1210.506 -9.792537 -76.72528 1224.754 -19.65226 -71.11458 1225.366 -24.81612 -61.94742 1226.366 -23.80957 -59.26745 1212.069 -9.393143 -73.41784 1213.42 -9.074159 -76.04653 1229.244 -18.46129 -69.58179 1229.637 -18.99573 -67.01477 1213.809 -23.19684 -56.78406 1215.416 -23.06324 -58.24781 1230.326 0 -74.83396 1213.317 0 -77.14116 1229.161 -26.07442 -57.24272 1219.514 -24.59722 -54.46981 1230.556 0 -70.63889 1333.84 -44.17025 -55.4694 1326.791 -43.80811 -55.33713 1323.76 -30.41162 -65.90718 1327.868 -30.01247 -65.47968 1331.686 0 -38.91949 1114.078 0 -24.67733 1144.547 -51.50149 9.847579 1148.803 -44.48564 10.14171 1166.384 -20.65183 61.97409 1200.414 -22.76804 67.38584 1176.563 0 65.05365 1200.698 0 72.02411 1175.093 -34.41178 -6.783743 1154.928 -16.4288 -20.93804 1147.32 0 -24.67733 1144.547 -157.6865 109.5235 1010.033 -119.6763 118.6715 1031.238 -130.036 97.60134 1042.564 -157.6865 109.5235 1010.033 -113.9159 111.9187 1094.864 -107.9019 97.81259 1021.313 -115.0017 96.3694 1040.976 0 114.1948 1009.358 -46.18929 111.1836 1009.874 -81.39083 105.6547 1012.75 -71.04464 -24.35172 1300.847 -67.8107 8.557409 1273.835 -63.17207 -9.733229 1291.636 -55.0254 -46.24683 1319.657 -44.17025 -55.4694 1326.791 -63.00493 -48.62443 1324.926 0 -86.14588 1357.729 -40.46891 -71.51572 1344.22 -30.01247 -65.47968 1331.686 -16.50049 -69.42604 1333.432 -62.19791 -23.3917 1302.501 -88.9107 31.14261 1244.519 -114.1927 50.54544 1249.343 -80.19648 79.58286 1203.255 -71.40597 133.7148 1297.565 -71.0136 109.628 1369.987 0 169.3366 1294.852 -69.71927 135.8576 1246.985 0 178.5125 1221.909 -122.4804 86.76454 1254.115 -63.28633 128.8696 1211.697 -60.62564 61.79618 1206.243 -67.12448 34.0699 1442.077 0 -41.04078 1482.944 0 64.36891 1466.692 -137.7489 79.32904 1303.03 0 154.8452 1191.66 -40.8678 99.64989 1181.946 -55.64497 -85.79773 1394.172 -63.00493 -48.62443 1324.926 -40.46891 -71.51572 1344.22 -87.62259 -4.650811 1416.495 -42.72534 -51.65355 1455.682 0 -92.3712 1405.292 0 -84.67211 1459.367 -124.9262 48.35925 1365.743 -118.0393 -8.382122 1340.707 -91.04573 -44.39747 1369.716 -89.63786 -11.62893 1287.849 -71.04464 -24.35172 1300.847 0 107.9891 1177.286 0 85.98911 1181.711 -25.95133 84.68013 1183.613 0 133.6174 1393.107 0 -86.14588 1357.729 -130.9111 25.69701 1295.492 -55.37617 52.50696 1218.641 -65.10195 33.11597 1247.773 -67.29004 -11.43924 1187.7 -59.96623 -26.8696 1179.005 -59.72731 -25.12631 1241.767 -63.38985 -10.05453 1241.008 -75.4567 10.68082 1192.073 -67.88743 8.55741 1236.773 -96.61483 8.981793 1170.325 -88.31673 -17.61338 1155.903 -70.3172 42.03121 1185.297 -91.42517 57.98809 1163.593 -64.92647 34.23031 1226.87 -55.37617 52.50696 1218.641 -60.91135 73.79289 1170.172 -79.12088 103.2045 1139.649 -33.00405 94.62062 1152.343 -44.63418 118.5076 1116.999 -25.95133 84.68013 1183.613 -59.91452 -22.57934 1285.739 -63.22791 -9.815612 1282.465 -67.8107 8.557409 1273.835 -65.10195 33.11597 1247.773 0 85.98911 1181.711 0 102.3835 1147.339 0 128.0053 1104.672 -67.8107 8.557409 1273.835 -62.19791 -23.3917 1302.501 -63.17207 -9.733229 1291.636 0 -70.63889 1333.84 0 -80.36005 1339.756 -9.576416 -93.00702 1392.969 0 -87.45232 1358.477 0 -95.51969 1394.529 -38.88922 -52.52999 1539.09 0 -61.26962 1546.574 0 -33.57435 1564.391 -37.11151 -27.75132 1555.589 -26.81476 -2.765669 1562.782 0 -33.5064 1564.404 0 6.133512 1565.268 -21.00684 -91.5969 1436.338 0 -98.22996 1439.34 0 -91.71821 1483.467 -31.42737 -82.1612 1478.9 -36.64831 -70.86479 1510.932 0 -81.70159 1519.451 -37.11151 -27.75132 1555.589 0 -27.75132 1555.573 0 -52.53 1539.074 0 -52.53 1539.074 -38.88922 -52.52999 1539.09 -37.11151 -27.75132 1555.589 -65.27552 -10.3 1186.947 -61.03173 -9.485362 1240.911 -59.72731 -25.12631 1241.767 -59.96623 -26.8696 1179.005 -73.28961 10.86332 1190.986 -62.26725 8.658493 1236.575 -96.61483 8.981793 1170.325 -88.31673 -17.61338 1155.903 -68.39131 41.18527 1184.069 -91.42517 57.98809 1163.593 -53.92772 33.43278 1226.635 -41.88596 51.00238 1217.889 -60.01473 72.07776 1168.664 -79.12088 103.2045 1139.649 -31.04009 89.47793 1149.901 -44.63418 118.5076 1116.999 -19.6374 82.4485 1182.996 -60.87733 -9.207945 1282.452 -59.91452 -22.57934 1285.739 -51.1049 8.917626 1273.83 -48.99926 32.67277 1247.769 0 93.20717 1145.029 0 84.82986 1177.784 0 83.67719 1180.843 0 128.0053 1104.672 -59.96623 -26.8696 1179.005 -67.93659 -32.90309 1129.97 -88.31673 -17.61338 1155.903 -65.27552 -10.3 1186.947 -67.93659 -32.90309 1129.97 -142.5242 26.00922 1152.403 -9.555848 -90.99259 1346.385 0 -92.32714 1340.105 0 -102.8615 1359.415 -12.92438 -98.94977 1360.67 0 -105.5288 1381.249 0 -95.95795 1391.899 -12.92438 -93.76522 1385.065 -9.555848 -100.7897 1376.918 -17.25537 -87.15215 1364.455 -12.92438 -80.53912 1343.845 0 -77.67643 1224.634 0 -74.66552 1210.373 0 -27.68745 1555.591 -26.81476 -2.765669 1562.782 0 6.133512 1565.268 -21.00684 -91.5969 1436.338 -31.42737 -82.1612 1478.9 0 -82.1612 1478.883 0 -91.59692 1436.322 -9.576416 -93.00702 1392.969 0 -92.65588 1397.286 -31.42737 -82.1612 1478.9 -36.64831 -70.86479 1510.932 0 -70.86478 1510.916 0 -70.86478 1510.916 0 -82.1612 1478.883 -31.42737 -82.1612 1478.9 -36.64831 -70.86479 1510.932 -38.88922 -52.52999 1539.09 0 -52.53 1539.074 0 -52.53 1539.074 0 -70.86478 1510.916 -36.64831 -70.86479 1510.932 -26.81476 -2.765669 1562.782 0 -27.68745 1555.591 0 -27.75132 1555.573 0 -27.75132 1555.573 -37.11151 -27.75132 1555.589 -26.81476 -2.765669 1562.782 0 -78.34642 1337.012 173.5961 -14.8131 1067.711 144.113 -18.64453 1090.502 134.8207 -25.08261 1054.903 160.0009 -24.75074 1039.841 132.1386 2.225138 1022.831 142.6913 3.608719 1010.393 137.6002 39.43375 999.1798 184.8538 -0.7723808 968.9696 174.9111 33.05369 952.9724 211.1909 62.09381 932.1525 229.1352 66.30474 905.5424 210.8271 28.08145 923.922 226.3785 39.6556 903.6931 261.298 74.98778 980.1901 261.6553 99.40061 944.2824 245.523 94.67188 965.0822 275.3427 42.45758 994.3729 296.6592 63.06427 971.7268 400.3974 5.165405 798.3826 419.4446 -9.32542 790.0693 411.4379 17.77263 808.4141 429.3788 11.14154 796.6616 410.4001 54.26536 798.861 424.1252 52.96259 784.6721 401.0966 57.06882 791.6991 416.9035 55.31859 775.8364 390.2461 19.46841 790.6311 406.9987 -9.128328 781.1608 400.3974 5.165405 798.3826 406.9987 -9.128328 781.1608 389.6792 29.31382 787.8546 399.4085 19.27671 776.3867 416.9035 55.31859 775.8364 426.3958 48.56311 756.2821 405.2512 41.24013 770.976 420.6723 26.43349 758.3145 426.3958 48.56311 756.2821 434.7426 54.18116 767.4494 431.5487 35.7448 794.2937 438.7924 49.26093 775.1016 454.0607 30.09675 776.1643 449.8958 1.123014 781.6564 447.4746 -18.51898 776.2597 413.9512 -10.16731 757.8735 426.6184 -38.26358 762.6743 414.638 8.991519 757.1559 462.3493 -12.2383 769.6813 469.4717 5.237588 765.0525 427.8248 -36.00312 752.2902 427.8248 -36.00312 752.2902 445.6265 -53.10547 742.2324 426.6184 -38.26358 762.6743 435.6682 -30.94513 746.3446 445.435 -46.35128 737.1035 428.7421 -11.73313 749.4419 429.0698 7.539495 752.6339 445.795 -16.73135 750.3106 456.4392 -8.443831 743.98 453.1385 -24.59425 752.8361 455.736 -27.30972 761.5798 474.1298 -27.13226 750.7883 468.1779 -56.03602 731.022 462.199 -62.55091 729.5493 466.4869 -58.81348 726.3212 465.7897 -50.86684 728.907 452.0365 -32.80292 759.7404 457.6681 -42.51174 742.4276 450.221 -31.37495 752.2382 461.6275 -52.21695 725.2994 463.6157 -59.26379 724.9031 456.8998 -55.71311 725.1759 457.8308 -59.99561 726.1492 480.6293 -18.45884 752.1308 483.3558 -10.91867 746.8394 470.3079 -15.15184 737.5392 473.0699 -5.739458 737.0803 477.8737 -8.681552 738.3948 446.6043 24.8442 746.2978 477.8737 -8.681552 738.3948 487.2061 -5.714116 741.952 503.3363 -11.24321 713.735 467.2971 26.46266 763.1149 457.1397 45.10137 760.8051 516.9653 -32.10671 689.0042 519.8614 -38.88145 689.504 512.9564 -34.98834 686.8626 512.0391 -38.39883 687.1552 513.2462 -43.83562 690.6041 512.9564 -34.98834 686.8626 514.4768 -29.41515 697.1279 509.8186 -27.34811 695.4819 507.8663 -6.698298 716.9411 519.2258 -10.81414 680.2287 529.242 -9.718898 679.6909 523.3753 -14.97 686.1008 526.9402 -11.46476 686.1268 501.7475 35.79169 697.7685 495.2496 41.32311 709.2583 500.9328 35.44972 702.8073 26.64402 -40.95934 1107.139 23.05381 -31.81147 1119.303 51.50149 9.847579 1148.803 43.20847 -11.66965 1136.896 64.90569 -25.67743 1130.142 75.74943 19.7181 1159.26 30.20766 -60.38109 1079.788 50.52992 -59.05482 1087.345 36.61408 -84.29314 1034.833 42.31604 -97.7572 969.8688 31.79646 -91.03278 906.906 92.08284 -8.406344 913.3206 78.60696 -43.66981 911.486 70.59896 -45.32198 874.768 87.68346 -7.306864 878.082 115.859 -33.70701 1095.837 122.3075 -32.41848 1056.159 150.01 -1.960556 1123.543 122.4736 -15.12201 1128.531 123.5918 35.2263 1009.307 126.144 -3.060298 1022.216 118.3231 -8.171716 989.0407 113.0494 33.84469 976.2731 161.0151 30.20331 1139.238 142.5242 26.00922 1152.403 161.3636 59.57663 1136.333 129.511 93.66748 1135.753 140.6618 55.79924 1151.917 161.3636 59.57663 1136.333 150.3364 88.72092 1119.64 120.37 66.36035 1012.427 108.8485 70.07434 990.6426 107.9019 97.81259 1021.313 115.0017 96.3694 1040.976 115.0017 96.3694 1040.976 130.036 97.60134 1042.564 131.8031 67.79262 1021.682 120.37 66.36035 1012.427 50.98225 75.34346 910.5382 49.29339 60.53983 875.5393 84.24956 37.1742 911.8345 75.17329 38.22409 877.3964 28.69357 -84.85076 870.9151 33.53297 -90.04358 865.6891 28.69357 -84.85076 870.9151 0 -89.08908 869.8399 72.76528 -55.63576 869.8955 52.01335 -67.416 873.3134 87.68346 -7.306864 878.082 70.59896 -45.32198 874.768 90.45745 -4.759505 872.395 193.8882 32.27624 1101.059 187.5845 66.66378 1101.636 160.7044 90.65162 1106.419 186.149 3.509033 1087.375 157.6865 109.5235 1010.033 140.518 74.03086 1000.876 131.8031 67.79262 1021.682 130.036 97.60134 1042.564 158.3866 109.316 1051.991 133.7647 112.5017 1076.493 236.2172 26.74304 1041.042 224.9855 77.8282 1036.327 227.537 -7.489578 1023.07 209.1974 -19.31165 995.8602 176.54 72.0862 958.3 140.518 74.03086 1000.876 140.518 74.03086 1000.876 157.6865 109.5235 1010.033 185.0534 100.0779 974.9223 176.54 72.0862 958.3 160.7044 90.65162 1106.419 207.4499 105.3337 1014.501 158.3866 109.316 1051.991 267.2259 19.30047 978.3477 244.9434 6.955715 953.7619 224.7633 11.23983 930.1981 264.4178 4.228867 937.8568 285.5447 21.14091 962.1505 239.0016 15.41176 910.8503 226.2827 93.04035 946.5911 211.1909 62.09381 932.1525 241.7046 98.04695 926.4621 229.1352 66.30474 905.5424 335.2586 63.44092 950.0635 301.1875 107.6305 915.4421 276.5661 105.3661 881.799 367.8719 105.4237 862.4788 336.1397 102.0429 829.0203 396.169 56.82553 902.1023 257.5106 71.20386 857.9887 309.2406 71.60485 808.5146 257.5106 71.20386 857.9887 247.0805 31.3099 865.0626 309.2406 71.60485 808.5146 296.9646 25.64069 812.5647 321.2528 5.015652 940.7156 292.5116 -17.05537 911.0125 261.6654 -0.8284721 881.2816 311.5052 -8.465405 827.757 390.2461 19.46841 790.6311 400.3974 5.165405 798.3826 385.3617 5.278118 815.2816 374.2357 19.14492 806.3101 345.7224 -33.3086 860.223 383.9912 -4.953732 892.4518 411.4379 17.77263 808.4141 414.9013 37.9824 806.7162 401.0002 40.69842 824.9214 397.3794 18.52407 825.9989 414.9013 37.9824 806.7162 392.2022 44.48771 786.7255 401.0966 57.06882 791.6991 426.6184 -38.26358 762.6743 434.8115 -36.87232 769.6062 448.8055 -34.59112 765.4287 450.963 -53.98831 746.7069 457.7578 -48.75426 747.7106 448.8055 -34.59112 765.4287 434.8115 -36.87232 769.6062 435.6682 -30.94513 746.3446 444.2418 -29.62131 747.5957 444.2418 -29.62131 747.5957 451.8667 -41.92823 736.0085 450.221 -31.37495 752.2382 444.2418 -29.62131 747.5957 451.8667 -41.92823 736.0085 452.0365 -32.80292 759.7404 450.221 -31.37495 752.2382 453.1385 -24.59425 752.8361 467.2278 -25.19946 743.4174 467.2278 -25.19946 743.4174 461.6275 -52.21695 725.2994 491.401 -34.86463 726.0555 498.0536 -28.2145 727.1643 480.6293 -18.45884 752.1308 474.1298 -27.13226 750.7883 497.8883 -20.57892 723.6705 483.3558 -10.91867 746.8394 467.2278 -25.19946 743.4174 486.4915 -32.53986 720.5193 470.3079 -15.15184 737.5392 488.8102 -22.56821 717.2701 477.8737 -8.681552 738.3948 492.9842 -19.56157 718.8278 488.8102 -22.56821 717.2701 470.3079 -15.15184 737.5392 470.6985 21.83993 735.5279 499.3112 -7.535847 708.0133 503.3363 -11.24321 713.735 492.2854 17.66259 709.0861 514.8041 -35.99585 699.4046 506.9671 -41.949 699.5778 506.3086 -29.04948 694.3514 503.0661 -36.65525 696.806 506.3086 -29.04948 694.3514 468.3273 44.38563 733.9753 484.0821 39.38152 713.9078 446.4283 45.23018 745.8565 486.8532 42.54764 723.3597 484.0821 39.38152 713.9078 468.3273 44.38563 733.9753 472.558 47.16056 738.3458 453.9833 50.56358 754.4916 446.4283 45.23018 745.8565 513.7026 12.03613 682.7279 519.2258 -10.81414 680.2287 523.3753 -14.97 686.1008 494.4816 37.7596 698.7218 494.4816 37.7596 698.7218 520.8906 12.57037 683.9158 513.7026 12.03613 682.7279 519.9789 14.51545 688.5844 503.0342 18.50606 716.0578 488.7547 38.60074 726.5029 476.2517 43.23474 741.5386 39.05424 -83.39364 819.8283 71.48493 -55.83171 825.5199 87.6378 -6.538582 833.1313 47.36907 61.78557 835.0297 54.17918 76.02249 785.3556 0 89.14225 782.3912 76.288 37.81834 835.8692 86.78351 47.99216 787.5107 43.8053 -75.05144 774.3046 79.21742 -50.38448 779.1835 44.40284 -72.19515 769.3329 77.65319 -49.11092 773.2393 94.95385 1.481949 786.8015 86.78351 47.99216 787.5107 85.1723 45.2055 780.463 93.67896 0.2951609 780.1031 85.1723 45.2055 780.463 54.26444 73.15431 778.0364 0 84.10377 775.5242 126.144 -3.060298 1022.216 123.5918 35.2263 1009.307 127.5898 39.06558 1023.053 120.37 66.36035 1012.427 131.8031 67.79262 1021.682 77.6397 39.1916 872.7945 75.17329 38.22409 877.3964 49.29339 60.53983 875.5393 75.17329 38.22409 877.3964 51.14736 65.95947 870.7471 0 75.36242 869.1343 484.0909 21.21701 741.3164 55.17776 25.13842 1156.328 35.01894 96.90879 1133.059 25.91574 74.3418 1157.149 46.4663 64.80223 1160.757 66.31453 82.26661 1146.766 93.97174 -47.74245 958.6206 111.0364 -42.08449 1014.004 106.758 -72.98065 1030.703 78.76384 -76.87949 968.7509 91.20133 65.88506 956.0381 50.92937 103.2355 960.9151 46.18929 111.1836 1009.874 81.39083 105.6547 1012.75 101.7726 33.24994 947.943 56.72863 46.34541 1161.391 77.15474 53.06178 1161.499 98.66326 58.10715 1165.623 90.16896 88.62792 1149.334 99.71063 9.434838 1168.6 105.1627 -10.43208 951.5496 14.43679 -76.53549 606.0327 6.642586 -22.78333 552.8856 26.85905 -79.71233 565.9155 112.5549 63.1095 664.4992 121.9946 67.40776 586.8012 84.94495 99.72753 586.0861 75.79507 96.6239 661.6503 125.0572 4.83725 659.7803 138.4564 4.137667 584.7611 60.13063 -83.09753 643.9923 49.91865 -78.06456 708.1895 86.39639 -95.38249 503.5631 75.09837 -90.58791 574.4533 36.8362 -77.44741 493.9563 110.6778 -46.34934 650.7244 96.07997 -47.95897 716.2711 110.6872 6.326478 724.268 100.3786 55.03108 726.4036 125.2382 -49.63408 579.5721 153.2606 8.292265 512.1249 142.041 -51.99427 507.9739 63.11798 89.48596 725.5856 27.43172 101.328 573.5718 6.874657 41.27671 552.5594 16.49946 -23.46817 330.6698 48.52092 -85.23552 329.6281 43.18703 -81.91629 416.0347 14.41849 -22.28923 414.7497 103.0244 -105.9183 416.8747 163.8289 -56.78353 428.1202 176.9877 15.03795 439.5873 201.6706 25.31963 373.9823 168.8251 94.92189 378.3997 149.252 81.16947 438.5006 96.68132 114.1035 438.6739 103.4696 129.9647 368.0875 45.05018 104.0419 427.3982 43.37887 110.7166 355.9795 14.79086 45.06196 415.6551 10.44336 50.79489 344.6541 14.45979 41.69217 486.8897 15.51482 -20.80988 485.0671 129.9959 -95.98782 269.5534 214.5078 -36.51565 287.6535 189.3216 -55.58664 363.2364 121.2086 -112.5669 340.5484 50.78671 -69.89923 261.2832 226.7035 39.60951 300.3167 198.4734 117.1621 307.1874 106.8456 152.4869 296.0942 39.14658 120.0895 276.3909 13.13859 46.81432 269.8957 13.13859 46.81432 269.8957 19.72495 -19.74194 258.3514 10.44336 50.79489 344.6541 65.65042 -40.3263 230.4915 124.0416 -58.96216 229.3404 36.07256 0.9980011 231.2164 184.2446 -10.18747 233.4734 194.1851 39.19362 236.8342 171.0067 97.47706 241.9192 108.6943 128.2694 245.4469 57.0599 101.5072 235.5565 38.56755 48.53058 233.1612 38.56755 48.53058 233.1612 145.4313 0.04177474 205.3186 115.8923 -11.83334 203.3784 83.27243 -3.14933 207.8814 159.2829 39.57418 209.5119 152.889 75.09618 210.876 114.8457 92.67249 211.3591 76.27026 78.73978 213.8816 64.17945 49.68134 212.7854 64.17945 49.68134 212.7854 68.22299 23.29401 212.2251 130.8044 71.52104 515.5186 91.77333 102.0997 513.2025 42.73184 97.63359 502.5502 6.874657 41.27671 552.5594 14.45979 41.69217 486.8897 14.79086 45.06196 415.6551 44.40284 -72.19515 769.3329 77.65319 -49.11092 773.2393 93.67896 0.2951609 780.1031 85.1723 45.2055 780.463 54.26444 73.15431 778.0364 401.0966 57.06882 791.6991 384.8262 60.89816 807.699 394.791 58.64512 816.0863 410.4001 54.26536 798.861 392.2022 44.48771 786.7255 375.7567 46.94476 801.9192 389.6792 29.31382 787.8546 373.1494 30.34873 802.8917 375.7567 46.94476 801.9192 392.2022 44.48771 786.7255 342.6767 -3.762039 809.9175 374.2357 19.14492 806.3101 385.3617 5.278118 815.2816 370.9686 -26.44254 834.6546 397.3794 18.52407 825.9989 401.0002 40.69842 824.9214 411.6443 51.27141 867.3058 399.8875 -1.755821 861.5812 362.728 92.15648 812.1313 390.3028 89.73772 838.55 339.6607 65.137 797.5903 339.6607 65.137 797.5903 332.3527 24.86574 798.5305 384.8262 60.89816 807.699 394.791 58.64512 816.0863 375.7567 46.94476 801.9192 375.7567 46.94476 801.9192 373.1494 30.34873 802.8917 57.52795 -86.03917 1034.757 58.79612 -71.54824 909.2611 52.01335 -67.416 873.3134 85.83911 -35.32978 1139.341 106.5876 -72.73052 1104.043 79.55406 -96.86704 1038.901 106.758 -72.98065 1030.703 137.8942 -54.15229 1090.73 126.6863 -43.68849 1149.237 159.7215 -31.10543 1137.699 140.9786 9.149464 1172.169 175.3938 11.97233 1175.097 115.6487 122.3779 1096.941 93.06101 129.1951 1115.96 128.0896 108.5361 1163.731 157.576 103.9786 1147.995 175.8231 63.34796 1175.072 143.4881 63.29981 1172.622 50.73125 136.6386 1087.869 54.82772 125.5972 1062.367 46.06544 111.4304 1109.568 58.48925 -96.09471 972.6571 57.52795 -86.03917 1034.757 42.31604 -97.7572 969.8688 31.79646 -91.03278 906.906 42.24991 -87.20165 907.8489 73.90077 -66.33164 1095.228 85.83911 -35.32978 1139.341 99.71063 9.434838 1168.6 76.95951 103.5625 1132.075 90.16896 88.62792 1149.334 98.66326 58.10715 1165.623 78.76384 -76.87949 968.7509 28.69357 -84.85076 870.9151 137.8942 -54.15229 1090.73 115.859 -33.70701 1095.837 122.4736 -15.12201 1128.531 159.7215 -31.10543 1137.699 175.8231 63.34796 1175.072 175.3938 11.97233 1175.097 142.5242 26.00922 1152.403 140.6618 55.79924 1151.917 157.576 103.9786 1147.995 129.511 93.66748 1135.753 106.758 -72.98065 1030.703 58.79612 -71.54824 909.2611 52.01335 -67.416 873.3134 122.3075 -32.41848 1056.159 115.859 -33.70701 1095.837 73.90077 -66.33164 1095.228 46.06544 111.4304 1109.568 76.95951 103.5625 1132.075 65.38037 160.9355 780.7448 68.17017 176.6878 617.7752 58.43402 141.6522 959.4713 175.6731 137.3173 454.0976 141.6153 163.8891 454.0977 135.4628 147.4814 617.6666 166.2415 124.4999 617.5953 127.4923 135.387 780.7448 120.1072 122.807 959.0331 156.5704 108.9143 959.26 159.7601 113.2189 780.7448 57.76935 136.5374 780.7448 68.01654 157.0511 618.33 139.4597 110.5451 617.8242 133.9528 98.43624 780.7448 131.4622 94.99973 953.6646 62.18057 118.2615 959.0367 70.36402 196.5058 454.0977 153.3384 181.6843 248.6547 74.65756 225.0537 248.6547 188.5096 154.6871 248.6546 78.55368 208.1864 248.6547 73.67029 180.2461 454.0977 165.9095 140.9393 248.6547 147.7619 123.5695 454.0977 166.2415 124.4999 617.5953 175.6731 137.3173 454.0976 54.82772 125.5972 1062.367 113.9159 111.9187 1094.864 115.6487 122.3779 1096.941 159.7601 113.2189 780.7448 188.5096 154.6871 248.6546 156.5704 108.9143 959.26 54.82772 125.5972 1062.367 11.41049 -73.72927 1282.818 16.27901 -63.64892 1291.653 12.67674 -71.41722 1296.299 17.63968 -70.35192 1270.711 10.71778 -78.75736 1268.101 17.60312 -61.01912 1280.887 7.411931 -75.61101 1318.301 8.446718 -99.63108 1249.571 9.572119 -83.17174 1256.093 8.201279 -89.30515 1268.086 11.97423 -74.06829 1251.12 12.91322 -86.37413 1245.803 14.56331 -73.22019 1246.424 14.73553 -74.70182 1239.644 15.61551 -72.94034 1260.748 28.79436 -66.82898 1255.967 7.214506 -85.96332 1241.386 6.26001 -96.13407 1241.528 3.860393 -82.23204 1237.429 10.04067 -89.20189 1241.588 9.972994 -79.37939 1238.58 14.72453 -77.31293 1233.126 52.63459 -48.95712 1289.01 52.8142 -46.65446 1283.198 53.19107 -47.46156 1290.093 51.49771 -50.51607 1287.549 17.30345 -64.17836 1291.547 19.082 -65.05192 1291.343 21.48896 -64.76322 1290.653 21.21913 -71.35636 1220.974 26.5164 -69.45977 1221.556 23.90338 -72.28369 1222.768 22.4818 -69.66944 1217.63 25.16183 -68.11254 1218.78 35.75476 -48.38747 1214.2 46.9364 -40.95668 1227.976 41.61977 -57.8618 1233.007 53.07278 10.97404 1242.773 56.16948 -14.92071 1241.76 45.80682 7.960703 1218.987 21.42266 -64.31421 1301.238 22.78507 -72.75419 1308.621 11.21116 -75.85703 1306.499 20.08819 -72.41654 1320.917 7.619124 -79.10871 1286.385 21.51581 -61.25154 1274.681 31.79385 -69.43713 1309.66 31.99492 -63.41997 1305.611 30.61226 -67.48885 1323.479 22.83854 -65.15511 1299.477 32.64524 -64.4544 1302.472 24.3556 -65.99053 1296.946 33.34378 -65.49036 1299.277 41.42401 -62.35591 1298.577 41.83864 -60.88574 1301.527 49.60586 -53.61429 1298.126 50.27128 -52.10512 1299.723 42.12994 -59.72986 1304.335 29.50051 -67.99435 1245.435 5.529586 -83.39774 1233.124 28.97369 -69.02452 1237.132 17.04781 -69.79057 1328.808 30.41162 -65.90718 1327.868 29.12054 -64.85601 1264.188 30.68105 -61.48672 1271.985 45.32286 -57.37805 1263.981 43.3908 -57.06645 1273.547 46.47622 -57.32222 1255.718 50.58878 -49.67786 1279.446 54.50845 -42.68997 1272.558 57.55943 -39.14515 1260.449 58.82496 -37.3169 1284.352 59.91452 -22.57934 1285.739 53.70859 -45.42419 1291.098 25.86178 -66.70548 1294.406 33.80267 -66.34297 1296.619 41.11204 -63.36393 1295.788 47.9135 -58.51751 1293.825 48.67815 -55.86272 1296.082 44.98158 -56.80529 1243.829 53.97528 -39.18264 1242.873 59.05746 -16.04819 1261.854 26.80703 -71.09206 1228.712 14.17552 -80.66894 1224.462 6.708402 -84.97305 1225.861 5.555003 -80.23773 1221.561 12.62888 -77.9343 1221.301 33.47961 -64.50049 1225.45 5.5559 -80.09807 1221.94 10.18735 -79.58124 1213.516 12.63099 -77.79475 1221.68 16.33457 -74.62534 1214.971 12.93761 -71.62943 1206.519 23.60794 -65.78148 1212.097 32.19415 -61.53001 1218.951 12.45682 -72.89205 1197.363 23.29069 -61.77785 1202.605 20.3615 -56.45282 1191.246 34.32756 -35.49099 1202.522 11.49728 -70.46974 1185.12 45.21706 -21.29396 1219.978 40.08175 -5.335413 1207.394 9.484244 -61.78456 1178.452 18.17854 -47.227 1183.384 29.33376 -24.04302 1194.201 26.98862 -9.187574 1191.708 36.08928 4.055214 1203.793 41.76626 18.04731 1216.754 13.66846 -28.503 1184.427 49.67787 17.81323 1241.387 45.59565 43.03047 1217.641 51.33409 33.96415 1238.348 49.67787 17.81323 1241.387 41.76626 18.04731 1216.754 49.19002 24.53313 1173.326 43.60842 22.36161 1196.836 37.60094 8.767868 1186.858 44.48564 10.14171 1166.384 44.02268 46.24337 1201.036 26.98862 -9.187574 1191.708 30.48052 -6.541647 1174.188 36.08928 4.055214 1203.793 13.66846 -28.503 1184.427 14.82686 -20.10579 1164.656 43.20847 -11.66965 1136.896 34.41178 -6.783743 1154.928 16.4288 -20.93804 1147.32 23.05381 -31.81147 1119.303 49.19002 24.53313 1173.326 55.17776 25.13842 1156.328 56.72863 46.34541 1161.391 50.21665 43.55792 1177.24 40.41901 59.25759 1177.711 35.55439 54.53977 1201.472 50.21665 43.55792 1177.24 30.01247 -65.47968 1331.686 16.50049 -69.42604 1333.432 46.4663 64.80223 1160.757 25.91574 74.3418 1157.149 22.76804 67.38584 1176.563 40.41901 59.25759 1177.711 7.608757 -74.3617 1297.287 52.8142 -46.65446 1283.198 51.49771 -50.51607 1287.549 25.47045 -31.04297 1288.858 21.48896 -64.76322 1290.653 17.60312 -61.01912 1280.887 21.51581 -61.25154 1274.681 30.68105 -61.48672 1271.985 43.3908 -57.06645 1273.547 50.58878 -49.67786 1279.446 25.86178 -66.70548 1294.406 33.80267 -66.34297 1296.619 41.11204 -63.36393 1295.788 47.9135 -58.51751 1293.825 6.071307 -63.93448 1228.324 5.555003 -80.23773 1221.561 13.94573 -65.03245 1227.205 12.62888 -77.9343 1221.301 23.66174 -65.18456 1222.488 21.21913 -71.35636 1220.974 5.5559 -80.09807 1221.94 6.086343 -63.34944 1216.505 12.63099 -77.79475 1221.68 13.93722 -64.80873 1216.945 5.413079 -47.82913 1226.866 12.46867 -47.81924 1226.172 21.40825 -54.45122 1223.78 5.355249 -47.4722 1218.486 12.44043 -47.62659 1218.986 59.95734 -10.29906 1268.054 57.14023 0.6426431 1253.866 57.95657 -35.20584 1301.29 62.19791 -23.3917 1302.501 52.83204 -46.07948 1315.793 55.0254 -46.24683 1319.657 44.17025 -55.4694 1326.791 43.80811 -55.33713 1323.76 57.5508 -40.13843 1296.881 51.37473 -53.00893 1306.817 42.93399 -64.39978 1311.057 49.84567 -47.14257 1285.066 48.4167 -53.52306 1285.151 48.41459 -53.093 1282.631 48.42928 -51.72355 1280.55 48.5167 -49.5548 1278.976 48.46937 -48.26418 1291.185 48.42117 -51.5356 1289.739 48.41867 -52.96705 1287.669 44.78717 -59.02564 1284.98 44.77751 -58.2062 1280.343 44.75241 -55.6128 1276.602 44.74781 -49.50704 1273.637 44.76516 -49.26937 1296.447 44.77497 -55.30456 1293.793 44.78517 -57.97626 1289.771 39.30468 -62.80296 1284.6 39.2572 -61.61591 1278.16 39.19237 -58.15274 1273.146 39.17725 -50.23668 1269.96 39.28815 -50.09877 1299.704 39.27972 -58.08816 1295.998 39.30223 -61.52909 1290.803 32.65286 -62.81387 1277.955 32.77972 -64.10291 1284.576 32.5965 -59.13661 1272.501 32.6236 -50.25652 1268.126 32.79809 -50.38075 1300.916 32.7588 -59.13015 1296.72 32.78867 -62.80925 1291.174 26.24588 -62.81293 1284.49 26.00702 -61.62292 1278.229 26.03868 -58.22554 1273.192 26.13627 -50.19532 1269.484 26.30973 -50.13345 1299.681 26.21998 -58.21509 1295.884 26.2412 -61.61827 1290.809 20.42404 -59.1354 1284.17 20.23248 -58.21995 1279.395 20.54191 -55.62242 1275.818 20.70883 -49.4511 1273.009 20.81137 -49.42985 1296.132 20.77989 -55.61971 1293.203 20.76379 -58.22945 1289.356 17.11359 -53.62788 1284.554 17.096 -53.13412 1282.041 17.10053 -51.7266 1279.953 17.11283 -48.37717 1278.321 17.13395 -48.37683 1290.819 17.13345 -51.72567 1289.182 17.13339 -53.13328 1287.077 15.84229 -47.13439 1284.57 47.69265 -42.35924 1278.989 48.96949 -42.30123 1285.018 47.66891 -42.25519 1290.804 44.15799 -42.43941 1273.688 44.12403 -42.23844 1295.867 38.87861 -42.48624 1269.87 38.94092 -42.2415 1299.372 32.7258 -42.27856 1268.552 32.81088 -42.24121 1300.608 26.61142 -42.42049 1269.838 26.67355 -42.24123 1299.387 21.4507 -42.34445 1273.275 21.47058 -42.24123 1295.91 17.99277 -42.27686 1278.447 17.99407 -42.24123 1290.707 16.77324 -42.24216 1284.571 18.40393 -68.40228 1211.073 19.65226 -71.11458 1225.366 9.792537 -76.72528 1224.754 9.246399 -73.59359 1210.506 23.80957 -59.26745 1212.069 24.81612 -61.94742 1226.366 9.393143 -73.41784 1213.42 18.99573 -67.01477 1213.809 18.46129 -69.58179 1229.637 9.074159 -76.04653 1229.244 23.19684 -56.78406 1215.416 23.06324 -58.24781 1230.326 26.07442 -57.24272 1219.514 24.59722 -54.46981 1230.556 44.17025 -55.4694 1326.791 30.01247 -65.47968 1331.686 30.41162 -65.90718 1327.868 43.80811 -55.33713 1323.76 51.50149 9.847579 1148.803 44.48564 10.14171 1166.384 22.76804 67.38584 1176.563 20.65183 61.97409 1200.414 34.41178 -6.783743 1154.928 16.4288 -20.93804 1147.32 119.6763 118.6715 1031.238 157.6865 109.5235 1010.033 157.6865 109.5235 1010.033 130.036 97.60134 1042.564 113.9159 111.9187 1094.864 115.0017 96.3694 1040.976 107.9019 97.81259 1021.313 46.18929 111.1836 1009.874 81.39083 105.6547 1012.75 71.04464 -24.35172 1300.847 63.17207 -9.733229 1291.636 67.8107 8.557409 1273.835 55.0254 -46.24683 1319.657 63.00493 -48.62443 1324.926 44.17025 -55.4694 1326.791 16.50049 -69.42604 1333.432 30.01247 -65.47968 1331.686 40.46891 -71.51572 1344.22 62.19791 -23.3917 1302.501 88.9107 31.14261 1244.519 80.19648 79.58286 1203.255 114.1927 50.54544 1249.343 71.40597 133.7148 1297.565 71.0136 109.628 1369.987 69.71927 135.8576 1246.985 63.28633 128.8696 1211.697 122.4804 86.76454 1254.115 60.62564 61.79618 1206.243 67.12448 34.0699 1442.077 137.7489 79.32904 1303.03 40.8678 99.64989 1181.946 55.64497 -85.79773 1394.172 40.46891 -71.51572 1344.22 63.00493 -48.62443 1324.926 87.62259 -4.650811 1416.495 42.72534 -51.65355 1455.682 124.9262 48.35925 1365.743 91.04573 -44.39747 1369.716 118.0393 -8.382122 1340.707 71.04464 -24.35172 1300.847 89.63786 -11.62893 1287.849 25.95133 84.68013 1183.613 130.9111 25.69701 1295.492 65.10195 33.11597 1247.773 55.37617 52.50696 1218.641 67.29004 -11.43924 1187.7 63.38985 -10.05453 1241.008 59.72731 -25.12631 1241.767 59.96623 -26.8696 1179.005 75.4567 10.68082 1192.073 67.88743 8.55741 1236.773 96.61483 8.981793 1170.325 88.31673 -17.61338 1155.903 70.3172 42.03121 1185.297 91.42517 57.98809 1163.593 64.92647 34.23031 1226.87 55.37617 52.50696 1218.641 60.91135 73.79289 1170.172 79.12088 103.2045 1139.649 33.00405 94.62062 1152.343 44.63418 118.5076 1116.999 25.95133 84.68013 1183.613 63.22791 -9.815612 1282.465 59.91452 -22.57934 1285.739 67.8107 8.557409 1273.835 65.10195 33.11597 1247.773 67.8107 8.557409 1273.835 63.17207 -9.733229 1291.636 62.19791 -23.3917 1302.501 9.576416 -93.00702 1392.969 38.88922 -52.52999 1539.09 37.11151 -27.75132 1555.589 26.81476 -2.765669 1562.782 21.00684 -91.5969 1436.338 31.42737 -82.1612 1478.9 36.64831 -70.86479 1510.932 37.11151 -27.75132 1555.589 38.88922 -52.52999 1539.09 0 -52.53 1539.074 0 -52.53 1539.074 0 -27.75132 1555.573 37.11151 -27.75132 1555.589 65.27552 -10.3 1186.947 59.96623 -26.8696 1179.005 59.72731 -25.12631 1241.767 61.03173 -9.485362 1240.911 73.28961 10.86332 1190.986 62.26725 8.658493 1236.575 96.61483 8.981793 1170.325 88.31673 -17.61338 1155.903 68.39131 41.18527 1184.069 91.42517 57.98809 1163.593 53.92772 33.43278 1226.635 41.88596 51.00238 1217.889 60.01473 72.07776 1168.664 79.12088 103.2045 1139.649 31.04009 89.47793 1149.901 44.63418 118.5076 1116.999 19.6374 82.4485 1182.996 59.91452 -22.57934 1285.739 60.87733 -9.207945 1282.452 51.1049 8.917626 1273.83 48.99926 32.67277 1247.769 59.96623 -26.8696 1179.005 65.27552 -10.3 1186.947 88.31673 -17.61338 1155.903 67.93659 -32.90309 1129.97 67.93659 -32.90309 1129.97 142.5242 26.00922 1152.403 9.555848 -90.99259 1346.385 12.92438 -98.94977 1360.67 9.555848 -100.7897 1376.918 12.92438 -93.76522 1385.065 12.92438 -80.53912 1343.845 17.25537 -87.15215 1364.455 0 -27.68745 1555.591 0 6.133512 1565.268 26.81476 -2.765669 1562.782 21.00684 -91.5969 1436.338 31.42737 -82.1612 1478.9 9.576416 -93.00702 1392.969 31.42737 -82.1612 1478.9 0 -82.1612 1478.883 0 -70.86478 1510.916 0 -70.86478 1510.916 36.64831 -70.86479 1510.932 31.42737 -82.1612 1478.9 36.64831 -70.86479 1510.932 0 -70.86478 1510.916 0 -52.53 1539.074 0 -52.53 1539.074 38.88922 -52.52999 1539.09 36.64831 -70.86479 1510.932 26.81476 -2.765669 1562.782 37.11151 -27.75132 1555.589 0 -27.75132 1555.573 0 -27.75132 1555.573 0 -27.68745 1555.591 26.81476 -2.765669 1562.782 64.17945 49.68134 212.7854 86.04967 39.72112 129.4735 68.22299 23.29401 212.2251 121.6609 10.49995 72.33243 129.6954 -7.056423 53.73712 137.9768 23.6062 67.31141 141.6134 53.37075 68.55632 145.2177 45.3165 44.3098 92.58931 29.54114 51.38956 101.9758 13.08834 69.5598 92.7058 40.77109 68.1635 132.3573 77.61495 39.58498 117.2732 88.19806 4.200718 113.2667 83.05819 40.29244 98.69075 79.32473 4.200718 113.2667 83.05819 40.29244 117.2732 88.19806 4.200718 96.6646 60.49563 35.53746 136.6865 78.02738 4.200718 149.3657 11.68626 36.33879 135.889 -35.4468 41.53786 159.3845 -22.6441 25.64708 93.94506 47.7646 4.200718 99.62877 17.51187 4.200718 101.2186 -4.132241 43.52841 111.5419 -11.57375 53.89231 101.8617 -39.12907 33.52242 106.2413 -87.18005 20.709 118.965 -43.20555 42.34096 156.0914 -59.96782 27.65085 169.6625 -63.49217 16.15386 158.5833 -94.12026 24.4986 166.8789 -96.78165 16.90044 134.8034 -83.33897 27.37119 135.9673 -98.74476 31.63204 114.2977 -102.7847 24.72152 76.27026 78.73978 213.8816 91.42461 64.95191 130.9944 114.8457 92.67249 211.3591 113.0479 77.42295 132.4109 95.35762 9.380187 131.7609 83.27243 -3.14933 207.8814 115.8923 -11.83334 203.3784 118.0336 4.669512 131.3756 145.4313 0.04177474 205.3186 137.8128 15.89457 129.6285 159.2829 39.57418 209.5119 145.0806 46.32976 131.9007 152.889 75.09618 210.876 136.8872 67.94505 132.9771 114.8457 92.67249 211.3591 113.0479 77.42295 132.4109 131.4129 68.528 68.86376 99.61931 59.79784 67.04019 112.5131 73.77706 68.12339 148.9165 48.05337 4.200718 158.5167 16.17042 4.200718 168.667 -16.1703 4.200718 97.50405 -34.74688 4.200718 100.729 -81.70279 4.200718 178.5644 -62.84952 4.200718 112.5131 73.77706 68.12339 171.0624 -98.85083 4.200718 137.7983 -120.2748 4.200718 136.2881 -127.3302 28.49189 114.57 -116.4851 16.32265 117.2732 88.19806 4.200718 136.6865 78.02738 4.200718 98.69075 79.32473 4.200718 100.729 -81.70279 4.200718 171.0624 -98.85083 4.200718 137.7983 -120.2748 4.200718 112.9941 -113.2545 4.200718 178.5644 -62.84952 4.200718 97.50405 -34.74688 4.200718 168.667 -16.1703 4.200718 99.62877 17.51187 4.200718 158.5167 16.17042 4.200718 148.9165 48.05337 4.200718 93.94506 47.7646 4.200718 136.7096 -126.0358 50.5573 120.7647 -115.3107 35.84364 157.9268 -119.0014 19.46177 154.1322 -117.9213 37.13937 137.1311 -109.3208 65.28165 136.5492 -109.1128 43.93007 112.9941 -113.2545 4.200718</float_array>
          <technique_common>
            <accessor source="#aladdin_prince_lod0_mesh0000-mesh-positions-array" count="2179" stride="3">
              <param name="X" type="float"/>
              <param name="Y" type="float"/>
              <param name="Z" type="float"/>
            </accessor>
          </technique_common>
        </source>
        <source id="aladdin_prince_lod0_mesh0000-mesh-normals">
          <float_array id="aladdin_prince_lod0_mesh0000-mesh-normals-array" count="6426">-0.3517249 -0.8803858 0.3181363 0.0615105 -0.9854662 -0.1583441 -0.2502216 -0.9351403 -0.2508028 -0.4322 -0.8698118 0.2379718 0.6327361 -0.5243357 -0.5698397 0.06529903 -0.5533801 -0.8303653 0.8440402 -0.09564143 -0.5276826 0.4252769 -0.7396892 -0.5215356 0.6995446 -0.1698524 -0.6941092 0.666515 0.3529444 -0.6566491 0.6521607 -0.2834741 -0.7030853 0.7983285 0.3667535 -0.4776648 0.8228225 -0.1431677 -0.5499693 -0.5352048 0.6413514 0.5497494 -0.2696781 0.9391717 0.2126747 -0.08315181 0.9393442 0.3327435 -0.7406042 -0.01862132 0.6716834 -0.5333869 0.3101609 0.7869553 0.5312808 -0.6689676 0.5198301 -0.3867878 -0.2700096 0.8817539 0.02545809 -0.6187527 0.7851733 -0.5037037 -0.2046642 0.8392826 -0.4307273 0.8154627 0.3866455 0.2266103 0.9225642 -0.3122873 -0.4081784 0.8346049 0.3698987 0.2030183 0.9438806 -0.2605245 0.8602698 -0.3207829 -0.3962756 0.5312464 -0.6689828 0.5198454 0.7781916 -0.6133197 0.1351183 0.7781959 -0.6133098 0.1351389 0.7877112 -0.03822195 -0.6148579 0.7923041 -0.0935955 -0.6029047 0.2030161 0.943885 -0.2605103 0.652933 0.3044001 -0.6935555 0.3907337 0.5618799 -0.7291216 0.5188452 0.1020942 -0.8487501 0.3907299 0.5618608 -0.7291382 -0.1674716 0.9852384 -0.03547519 -0.5236117 0.704892 0.4784957 -0.6193782 0.291166 0.7291042 -0.6587063 0.2847366 0.6964418 -0.5383293 -0.1383264 0.8313047 -0.4208952 -0.4187275 0.8046829 0.7615556 -0.1889172 -0.6199544 0.6543427 -0.7305284 0.1953558 0.5535006 0.09627604 -0.8272653 -0.5802346 -0.3086546 0.7536978 -0.7299801 0.04120433 0.6822253 0.7756766 -0.3627445 -0.5164711 0.7756714 -0.3627465 -0.5164775 0.6543565 -0.7305209 0.1953381 0.6210109 -0.774102 -0.1229287 0.3125534 0.1704735 -0.9344781 0.6617537 0.02223443 -0.7493915 0.2456408 0.09023362 -0.9651521 0.03331106 -0.0694549 -0.9970288 0.319103 0.05598169 -0.9460653 -0.2217049 -0.5691149 -0.7918051 0.4016392 -0.1734032 -0.8992316 -0.6190088 -0.7222939 0.3084148 -0.2396814 -0.8736625 0.4233989 -0.9718842 -0.1487026 0.1825615 -0.7693341 -0.3597984 -0.5278922 -0.1508533 -0.9865499 0.06295132 -0.7088922 0.605805 -0.3612095 -0.9657001 -0.2208878 0.1364995 -0.841389 0.2687583 -0.4688643 -0.7925219 0.6086326 -0.03841191 -0.1300218 0.4656354 -0.8753732 0.4944628 0.009796202 -0.8691436 -0.2269496 -0.4083115 -0.8841808 0.4804077 -0.6672216 -0.569231 -0.717269 -0.2408098 0.6538623 -0.9151331 0.08645308 0.3937734 0.5387074 0.03002971 -0.8419576 0.4215891 -0.2299209 -0.8771539 -0.009976804 -0.2923849 -0.9562488 0.4139788 -0.02081125 -0.9100487 -0.7735307 -0.4433104 0.4529085 -0.00994575 -0.2923703 -0.9562535 -0.03997141 -0.9929187 0.11187 -0.7388305 0.2675079 0.6185218 -0.5737096 0.6281668 0.5256082 -0.615512 0.6158411 -0.491818 0.1491726 0.2513069 -0.9563433 -0.916036 -0.2874668 -0.279716 0.3167068 -0.2781562 -0.9068219 -0.06320816 -0.9621679 -0.265024 0.1491494 0.2513172 -0.9563442 -0.7862899 0.5975599 0.1570686 -0.109798 0.9169917 -0.3834978 -0.7529341 -0.3207033 0.574665 0.3879817 -0.4540641 -0.8020574 -0.1949056 -0.9798745 -0.04310226 -0.7931788 -0.1948658 -0.5769703 -0.8798938 -0.3106109 0.3595939 -0.485758 0.7755765 -0.4031383 -0.8126235 0.5116699 0.2789928 -0.401944 0.9149845 0.0352779 -0.01080083 -0.7970685 0.6037924 5.11984e-7 -0.808859 0.5880027 8.41838e-7 -0.7916374 0.6109913 -0.001829981 -0.7629778 0.646422 0.1533842 -0.4692699 0.8696315 0.2851917 -0.2348559 0.9292516 0.3220199 -0.5819815 0.7467266 0.07485443 -0.5248182 0.8479167 0.03304511 -0.8650311 0.5006291 0 -0.8850954 0.4654099 0.2461694 -0.8122265 0.5288562 2.17935e-7 -0.9550123 0.2965661 0.06892663 -0.9419949 0.3284735 0 -0.9953469 0.09635782 -0.02506899 -0.9986597 0.04528152 0 -0.9918433 -0.1274633 -0.2421404 -0.9545812 -0.1736174 -0.9578217 -0.1016313 -0.2687914 -0.9828369 -0.09800654 0.1562898 -0.7667588 -0.480472 0.4257086 -0.8624794 -0.4418873 -0.2467082 -0.584137 -0.7889769 0.1905241 -0.7890394 -0.605817 -0.1019929 -0.4471494 -0.7519444 0.4843935 -0.5268504 -0.6654671 0.5287554 -0.9376137 0.09891539 -0.3333112 -0.9303063 0.1267181 -0.3441988 -0.9482821 -0.1702268 -0.2679254 -0.824635 -0.3773359 -0.4214197 -0.5737136 -0.2869778 0.7671352 -0.6707744 -0.2122177 0.7106515 -0.6453365 0.3014177 0.7019175 -0.4827299 0.7181214 0.5012719 -0.5197699 0.7086332 0.4771565 -0.6453382 0.3014179 0.7019159 -0.554405 0.2441982 0.7956145 -0.7979201 0.2870567 -0.5300207 -0.4578881 0.5960896 -0.6595573 -0.7245152 0.5688175 -0.3892613 -0.8305256 0.3770745 -0.4099295 -0.4578897 0.5960617 -0.6595813 -0.7979354 0.287072 -0.5299894 0.06357038 0.392354 -0.917615 -0.03922212 0.5748766 -0.8172997 2.86493e-5 0.9596362 0.2812448 -0.4651515 0.8375456 0.2866212 -0.4367789 0.7985013 -0.4142706 -2.14533e-7 0.9227159 -0.3854811 -0.8524672 0.3850544 -0.3535997 -0.8222281 0.541872 0.1741145 2.34442e-5 -0.9402477 0.3404914 -0.3091828 -0.8781635 0.3650135 -0.3688497 -0.8519235 0.3717206 -4.75347e-6 -0.9289876 0.3701109 -1.34073e-5 -0.9402409 0.3405103 -0.309165 -0.878181 0.3649864 -0.626062 -0.7220121 0.2945249 -0.7303509 -0.5240923 0.4380809 -0.9828329 -0.09800022 0.1563187 -0.9820964 0.006834924 0.1882548 -0.7667236 -0.4805067 0.4257328 -0.7780175 -0.1661618 0.6058706 -0.7344533 0.3847554 0.5590544 -0.488583 0.7492936 0.4470411 -0.5983704 -0.6213469 0.5058468 0.8181071 0.389266 -0.423288 0.7754263 0.330813 -0.5378445 0.8263327 0.4025953 -0.3938164 0.8555039 0.4699235 -0.2174514 -0.2413648 0.9490604 0.202552 -0.2541046 0.9540982 0.1585168 -0.8116979 -0.1373531 0.5676977 -0.7349003 0.48822 0.4707047 -0.5901859 -0.7471381 0.3057211 -0.1303018 -0.9721093 -0.1950004 0.609102 0.3500575 -0.7116563 0.7925055 0.2392336 -0.5609835 0.7925163 0.2392039 -0.5609807 0.6091058 0.3500509 -0.7116562 0.2911142 0.826515 -0.4817942 -0.02378153 0.9861906 -0.1638983 -0.4885835 0.7492898 0.4470471 -0.363337 0.9202646 0.1452559 -0.2541127 0.9541001 0.1584924 -0.5724245 -0.7513518 0.3283302 -0.1445397 -0.9862869 -0.07966488 0.2347136 -0.8733837 -0.4267441 -0.4200848 -0.6470111 0.6363219 0.1557167 -0.9539788 0.2562747 0.5644729 -0.7725363 -0.2907892 0.3438115 0.8789585 -0.3304929 0.6665118 0.3529407 -0.6566544 0.7983485 0.3667154 -0.4776605 0.4769375 0.8590331 -0.1859916 -0.1540361 0.9405544 0.3027052 -0.5352975 0.274962 0.7986567 0.3702475 0.8861994 -0.2785092 0.1404602 0.892407 -0.4288132 -0.3941119 0.9108591 0.1225225 -0.7696796 0.2359051 0.5932472 0.7139446 0.4042951 -0.5716893 0.4572671 0.4081323 -0.7901486 0.7139487 0.4042906 -0.5716873 0.8105363 -0.2324368 -0.537591 0.5688029 -0.2274554 -0.7903969 0.4572544 0.4081621 -0.7901406 -0.3173701 -0.600239 0.734159 0.1985708 -0.9446722 0.2610824 0.5966418 -0.7664815 -0.2377493 0.4323219 -0.730782 -0.5282569 0.6160184 -0.4793369 -0.6251061 0.5930891 -0.5180796 -0.6163108 0.03335034 -0.9976301 -0.06018394 0.04607456 -0.9983478 -0.03433412 -0.608409 -0.5920445 0.5285091 -0.002864181 -0.9997931 0.02013808 -0.685716 -0.4567944 0.5666855 -0.6771579 -0.4753731 0.5616738 -0.7844194 0.1938972 0.5891436 -0.7928609 0.200374 0.5755189 -0.6018252 0.2275722 0.7655177 0.226668 0.9225643 -0.312245 0.6802917 0.3607309 -0.6380254 0.6543275 -0.7305493 0.1953287 0.0286082 -0.7035031 0.7101162 -0.5568194 -0.4954621 0.6666856 -0.02003818 -0.8669924 0.4979183 0.02860599 -0.7034792 0.7101399 -0.5567946 -0.4954668 0.6667028 -0.7629802 -0.2755145 0.5847676 0.3125702 0.1705019 -0.9344673 -0.2779675 0.392242 -0.8768582 -0.2779396 0.3922502 -0.8768634 0.01004409 0.7262641 -0.6873424 -0.8414161 0.2687098 -0.4688432 -0.2779369 0.3922762 -0.8768526 0.01004481 0.7262592 -0.6873475 -0.9657072 -0.2208736 0.1364721 -0.2217019 -0.5691457 -0.7917838 -0.8414029 0.2687314 -0.4688547 0.5109617 -0.7283614 -0.4565172 0.510975 -0.7283452 -0.4565283 -0.1299791 0.4656283 -0.8753832 -0.1005559 -0.9360449 0.337207 -0.2397133 -0.8736491 0.4234086 -0.7172607 -0.2407923 0.6538779 -0.7834385 -0.2464061 0.5705333 -0.9151341 0.08644598 0.3937725 -0.7223154 0.6654074 0.1883973 0.5109335 -0.7283535 -0.4565613 0.7190166 -0.5782595 -0.3855271 0.5387163 0.03000307 -0.8419529 0.6274788 0.4070727 -0.6637486 -0.00995928 -0.2923387 -0.956263 0.5387246 0.03001463 -0.8419471 0.6274843 0.4070308 -0.6637692 -0.006668746 0.9206405 -0.3903545 0.6140734 -0.1063434 -0.7820518 0.662783 -0.5739282 -0.4809627 -0.03998476 -0.9929177 0.1118743 0.7775185 -0.1784141 -0.6030205 -0.825061 -0.2519335 0.5057707 0.1016113 -0.9860178 0.1320763 0.5092911 0.5242001 -0.6825225 0.7781064 -0.2936035 -0.5552904 0.5092943 0.5242027 -0.6825182 0.6640902 0.4987514 -0.5569842 0.4502557 0.5549473 -0.6995022 0.3674609 0.5085423 -0.7786895 -0.3574247 0.9315844 0.06631869 -0.2153148 0.9762861 -0.02246975 0.4502263 0.5549673 -0.6995052 0.6641019 0.4987494 -0.5569719 -0.1986464 0.9797956 0.02324306 0.3674619 0.5085458 -0.7786868 0.343712 0.1770175 -0.9222401 0.3879719 -0.4540396 -0.802076 -0.1948783 -0.9798793 -0.043118 0.4492794 0.5506649 -0.7035029 0.4492842 0.5506919 -0.7034786 0.3437032 0.1769924 -0.9222483 -0.6731938 0.4500287 -0.5867574 -0.8740275 0.4507631 0.181352 -0.8182663 0.2717027 0.5065749 -0.7670125 0.4511378 0.4562526 -0.6703507 0.5680925 0.4773896 -0.3688389 -0.8519336 0.3717084 -0.4550119 -0.8866084 -0.08300471 1.41593e-7 -0.9950585 -0.09929144 -4.65661e-7 -0.9289923 0.3700992 -0.730337 -0.5241026 0.4380918 -0.8209651 -0.5706297 0.01995587 -0.9974054 -0.05710589 0.04383534 -0.8209651 -0.5706295 0.01996368 -1.35452e-5 0.9899485 0.1414285 1.23978e-5 0.9829891 -0.1836639 -0.4419071 0.8967569 -0.02335089 -0.4453582 0.8904463 0.09360301 -0.8582653 0.512221 -0.03178566 -0.8573195 0.506069 0.09432727 -0.4364143 -0.8612123 -0.2604918 7.65469e-7 -0.9463289 -0.3232051 -0.8244339 -0.5504493 -0.1315845 -0.4530928 -0.8799231 -0.1429767 -1.62087e-5 -0.9698908 -0.2435406 -0.7975963 -0.60093 -0.05218625 -0.9996583 -0.02603507 -0.002371191 -0.8244358 -0.550442 -0.1316034 -0.8573247 0.5060607 0.09432518 -0.8582519 0.5122442 -0.03177797 -0.8858747 0.4632135 -0.0256772 -0.9953287 -0.08540284 0.04502469 -0.7975962 -0.6009322 -0.05216306 -0.4603418 0.8877418 2.12014e-4 -0.8858913 0.4631822 -0.0256704 -4.68641e-6 0.9899369 -0.1415098 -0.09950822 0.05117237 -0.9937201 -0.9376085 0.09891539 -0.3333257 -0.8246608 -0.3773073 -0.4213951 0.06355309 0.3923236 -0.9176292 -0.79793 0.2870617 -0.5300031 -0.8222257 0.5418795 0.1741026 -0.8329728 0.502281 0.2320997 -0.4651628 0.8375509 0.2865869 -0.4147573 0.8462784 0.3343493 -0.8329836 0.5022655 0.2320944 -0.8222311 0.5418764 0.1740866 -8.73953e-6 0.9596427 0.2812223 2.32905e-5 0.9333327 0.3590127 -0.7983999 0.190644 0.5711503 0.2112528 -0.298308 0.9307979 0.02047562 0.7892196 0.6137698 0.08817487 0.5583461 0.8249091 -0.08983278 0.5101217 0.8553981 -0.1509619 0.7202624 0.6770765 -0.8565418 -0.4195674 -0.3004987 -0.7156606 -0.6360318 -0.2886061 -0.7894291 -0.598456 -0.1365732 -0.9294133 -0.2986022 -0.2168588 -0.7122708 0.5507438 -0.4351455 -0.3212415 0.8819374 -0.34495 -0.3897907 0.8430455 -0.3705909 -0.1225483 0.9827583 -0.138449 -0.9021397 0.1998201 -0.382382 -5.01852e-7 0.7991898 0.6010789 0 0.8774886 0.4795975 0.09861588 0.1475809 0.9841214 0.03751504 -0.05132806 0.997977 0.3353122 0.418089 0.8442555 0.2091792 0.2249529 0.9516513 0.2462909 -0.2496267 0.9364974 -0.9345484 -0.1485338 -0.3233529 0 0.9928922 -0.1190178 0 0.9508993 -0.3095007 0.9532227 0.1414325 -0.2671393 0.9294108 -0.2869557 -0.2320607 0.9813487 -0.03385937 -0.1892314 -0.2894328 -0.876209 0.3853396 -0.9105182 -0.349036 0.2216541 -0.489118 -0.4224089 0.7631083 -0.9625222 0.2708441 -0.01395744 -0.968506 0.194369 0.1556179 0.9932075 -0.10143 0.05701541 0.9934467 0.06975984 -0.09053909 0.7430865 -0.6285589 0.229644 -0.6440051 0.7403702 0.192638 0.2815621 0.9280974 0.2436352 -0.01603978 0.9949148 0.09943532 0.7902058 0.6007982 0.1208988 -0.0160523 0.994916 0.09942162 0.2815502 0.9280992 0.2436425 0.9375141 0.3321574 0.1036293 -0.7466003 0.6578634 0.09901386 -0.9103524 -4.69666e-4 0.4138337 -0.3862731 -0.2036873 0.8996136 -0.7780887 0.07245743 0.6239616 0.9995513 0.01987886 -0.02240711 0.9400388 -0.2361981 0.2460443 0.9919808 -0.1194505 -0.0412991 0.3618668 -0.4952305 0.7898095 0.8368787 -0.207499 0.5065357 0.1482297 -0.3377552 0.9294888 0.751308 -0.2290585 0.6189252 -0.4805197 -0.09845513 0.8714398 -0.748651 0.02216023 0.6625939 -0.8496217 -0.1359931 0.5095576 -0.4840515 0.1481055 0.8624145 -0.006307363 -0.04988545 0.998735 0.03492802 0.4547387 0.8899397 0.6974517 -0.03503334 0.715775 0.6949891 0.676451 -0.24373 0.8005231 0.5724679 -0.1773226 0.06228345 0.9889805 -0.1343069 -0.02533853 0.9826369 -0.1838005 0.6498187 -0.7267068 -0.2227846 0.6518266 -0.7308413 -0.2024675 -0.04356873 -0.9764622 -0.2112427 -0.1380374 -0.9762666 -0.1668814 -0.7272288 -0.6574538 -0.1972127 -0.7921786 -0.5951623 -0.1350373 -0.9839518 -0.05500185 -0.1697463 -0.9907512 0.06384015 -0.1197363 -0.7683514 0.6114711 -0.1890488 -0.70023 0.7028412 -0.125269 -0.02529406 0.9826442 -0.1837682 0.06225419 0.9889817 -0.1343117 -0.6217935 0.7807233 0.06200176 0.8807932 0.4728353 -0.0251047 0.2804421 0.9548113 0.09842568 -0.9451699 0.2866305 0.1565142 -0.9129993 0.2463329 0.3251962 -0.8642663 0.2089952 0.4575641 0.9926915 -0.0338518 0.1158348 0.9584762 -0.2010654 0.202228 -0.8203998 0.0424171 0.5702148 0.2804353 0.9548133 0.09842687 -0.90785 -0.3854305 0.165081 -0.05233865 -0.9357911 -0.3486486 0.7158014 -0.6961277 0.05508834 0.07130056 -0.9970351 -0.02893739 0 0 -1 0 0 -1 0 0 -1 0 0 -1 0 0 -1 0 0 -1 0 0 -1 0 0 -1 0 0 -1 0 0 -1 0 0 -1 0 0 -1 0.4042425 -0.8706772 -0.2801949 0.6276881 -0.7712034 -0.1060801 0.8221095 -0.3438271 -0.4537832 -0.8494936 0.494803 0.1831136 -0.4273954 0.8941155 0.1337568 -0.3758162 0.924472 0.0641393 -0.8370189 0.5281687 0.1429589 -0.9820216 -0.01954096 0.1877549 -0.9792485 -0.0526641 0.1957014 -0.2993295 -0.9513313 0.07328432 0 -0.9907246 -0.1358855 0 -0.9986245 0.05243319 -0.3972468 -0.9101603 0.1174875 -2.71685e-7 -0.9319314 -0.3626346 -0.1543717 -0.9824955 0.1042684 0.6941989 -0.7179558 -0.05125892 -0.2220633 -0.9671547 0.1236919 -0.7966384 -0.5779945 0.1768888 -0.7792922 -0.5952619 0.1958743 -0.9657114 -0.04573178 0.2555586 -0.837293 0.4732661 0.2737873 0 -0.3472731 -0.9377642 -0.8175305 -0.5397006 0.2009157 -0.9660637 0.04105746 0.2550204 -0.8235912 -0.5176631 0.2317814 -0.4131929 0.8745056 0.2539915 0 0.9771322 0.212633 0 0.9992727 0.03813463 0 0.8871539 -0.4614738 0.3846424 0.8850343 -0.2622302 0.7142369 0.34441 -0.6093009 -9.92417e-6 0.2664603 -0.963846 0.9599581 -0.2770692 -0.04139053 0.976916 -0.2131519 -0.01420044 0.6778075 -0.735176 -0.009660542 0.6401081 -0.7607012 -0.107683 -0.1225036 -0.984064 0.1288834 -0.795333 -0.5378662 0.2795451 -0.9393793 0.07071274 0.3355089 -0.9335119 0.09471881 0.3458092 -0.7271611 0.6124989 0.309971 -0.6675502 0.6431128 0.3752101 -0.1546321 0.9674074 0.2005293 -0.05022156 0.9713349 0.2323496 0.6207784 0.7793303 0.08531475 0.6486364 0.7532664 0.1089077 0.9741566 0.2242081 0.02737993 0.9810367 0.1900941 0.03783148 0.9810749 -0.1867673 -0.05108821 0.971818 0.2311107 -0.04645246 -0.2193124 -0.8804495 -0.4203698 -0.1831705 -0.9823348 -0.03830057 -0.8159686 -0.542749 0.1990445 -0.8639087 -0.4584826 -0.2084599 0.5574749 -0.7020956 -0.4430389 -0.9922445 0.1148782 -0.04747611 -0.7227468 0.6904754 0.02968144 0.01660859 0.999068 -0.03984242 0.6819794 0.6987362 -0.2160365 0.9469351 0.1459729 -0.2863668 0.9469299 0.1459945 -0.286373 0.9810374 0.1900922 0.037826 0.8773245 -0.3055573 -0.3700494 -0.150798 -0.6256427 -0.7653962 0.3834239 -0.4832228 -0.7870717 0.6657576 -0.1391106 -0.733086 -0.6645439 -0.3170686 -0.6766454 -0.7899493 0.09497231 -0.6057726 -0.5777102 0.5966295 -0.5570317 -0.03592574 0.8252335 -0.5636481 0.5247001 0.5391956 -0.658755 0.7191863 0.1582055 -0.6765664 0.7191845 0.1581932 -0.6765712 -0.4449062 -0.333528 -0.8311544 -0.007371842 -0.463827 -0.8858951 0.3510217 -0.31422 -0.8820712 -0.6041828 0.01871609 -0.796626 -0.5216063 0.468048 -0.7133429 -0.06882548 0.6798442 -0.7301198 0.4211574 0.4132645 -0.8073654 0.6148419 0.09911972 -0.7823969 0.5210824 -0.04637306 -0.8522458 0.6148381 0.09911561 -0.7824003 -0.7930618 0.5757357 0.1989511 -0.2804524 0.9535443 0.1099998 0.5688024 0.8220316 -0.0269823 0.7142401 0.344439 -0.6092807 0.9718241 0.2310827 -0.04646158 0.9741532 0.2242226 0.0273832 1.75238e-5 -0.9698836 -0.2435688 -0.4530966 -0.8799179 -0.1429974 -0.7975901 -0.6009352 -0.05221921 -0.9953275 -0.08541339 0.0450325 -0.8858735 0.4632177 -0.02564525 -0.4603576 0.8877335 2.16365e-4 -2.25082e-5 0.9899353 -0.141521 1.7751e-5 0.2664839 -0.9638394 0.8311688 -0.1814312 0.5255864 0.06404435 -0.8624123 0.5021387 -0.7910776 -0.3064 0.5294483 -0.6645378 -0.7414383 -0.09305244 7.94549e-4 0.3620636 0.9321531 -0.03148663 0.9559983 0.291678 0.7263125 -0.6817996 -0.08728945 0.1022706 0.9323807 -0.3467086 -0.5623347 0.7723941 0.2952749 -0.5107003 0.8159266 0.2710151 0.1747633 0.9043282 -0.3894208 0.603048 0.3543 -0.714706 0.6132372 0.3278445 -0.7186503 0.6744604 -0.08030134 -0.7339312 0.6030396 0.354321 -0.7147028 0.6132563 0.3278375 -0.7186372 0.6778305 -0.1134365 -0.7264146 0.07451874 -0.5915212 -0.8028385 -0.348882 -0.867987 -0.3533836 -0.5349002 -0.5495177 -0.6418038 -0.1631073 -0.3473634 -0.9234364 -0.9124413 -0.3195713 -0.2555882 -0.8527497 -0.5167804 0.07586944 -0.9809137 0.1474 0.1268135 -0.9691194 0.0117619 -0.2463116 -0.2300878 0.6995137 -0.6765651 -0.7111 0.6743273 -0.1990466 0.07630336 0.2502557 -0.9651684 0.1597893 -0.2079362 -0.9650026 0.07629418 0.2502307 -0.9651756 -0.4494746 0.4132691 -0.7919478 -0.8145411 0.3894785 -0.4299181 -0.1695736 0.08376002 -0.9819517 -0.1271902 -0.1689896 -0.9773768 -0.1695822 0.08375334 -0.9819508 0.2658033 -0.9141307 0.3061268 -0.7234284 -0.6427285 -0.2520946 -0.6260734 -0.7220019 0.2945256 0.3942416 -0.5577594 0.7303959 -0.1419286 -0.9163455 0.3743892 -0.5188802 -0.842976 0.1419672 -0.7894256 -0.5984588 -0.1365814 -0.09069806 -0.9834961 0.1565542 -0.1093787 -0.6895181 0.7159616 -0.3741567 -0.7149656 0.5906192 0.0337007 -0.2942696 0.9551281 0.0575627 -0.2892311 0.955527 -0.2951999 0.9554353 7.12758e-4 -0.3674109 0.8121483 0.4532375 0.04463273 0.6599831 0.7499535 0.01034057 0.9398555 0.3414157 -0.01859009 0.1681466 0.9855868 0.1368261 0.1028124 0.9852453 -0.02000337 0.9866566 0.1615818 -0.1522521 0.9846686 -0.08512967 0.1941186 0.7508047 0.6313559 1.49496e-5 0.6956869 0.7183451 -1.36865e-7 0.9717469 0.2360255 -0.3559607 -0.9288369 -0.1027326 -0.02509182 -0.9986597 0.04526871 0.2658322 -0.9141222 0.3061273 -0.5298138 -0.8112393 -0.2473625 -0.2421502 -0.9545792 -0.1736143 0.3575074 -0.7877591 0.5016216 0.3942515 -0.5577475 0.7303996 0.2462725 -0.2496291 0.9365016 0.3352982 0.4180982 0.8442566 0.3059312 0.6512184 0.6944932 0.209178 0.2249504 0.9516522 1.4104e-5 0.9971806 -0.07504063 -0.7156777 -0.6360093 -0.2886133 -0.3091828 -0.8781626 0.3650158 -0.5060647 0.6965647 -0.508622 -0.473802 0.5117457 -0.7166785 -0.4314557 0.5540786 -0.711929 -0.5261734 0.6909175 -0.4957568 -0.5686979 -0.1159983 -0.8143262 -0.5431025 -0.1227358 -0.8306477 -0.5537967 0.1804274 -0.8128686 -0.6107882 0.185944 -0.7696509 -0.5157124 -0.3577781 -0.7784829 -0.5237818 -0.4362692 -0.731657 -0.5285043 0.6923252 -0.4912933 -0.7234295 -0.6427274 -0.2520941 -0.6260545 -0.7220265 0.2945055 -0.5841712 -0.7889552 0.1905093 -0.7890413 -0.6058154 -0.1019882 0.3575084 -0.7877624 0.5016157 -1.43275e-5 0.6956787 0.7183532 0.1941271 0.7508053 0.6313527 0.3059377 0.6512133 0.6944952 0 0.993597 0.1129828 0 0.9908742 0.1347898 -0.3056986 0.9455162 0.1120157 -0.2543002 0.9612637 0.1063184 0 0.989867 0.1419984 -0.206368 0.9699687 0.1287367 -0.6102979 0.7855737 0.102032 -0.5935354 0.799542 0.09191519 -0.5009069 0.86021 0.09555745 -0.5144748 0.850987 0.1055313 -0.4653319 0.881534 0.0797761 -0.5654076 0.8230037 0.05458283 -0.37075 0.9283366 0.0271238 -0.3000807 0.9510295 0.07412445 0.3139507 -0.9442611 -0.09902507 -0.02392637 -0.9987061 -0.04487419 0.04125082 -0.9950599 -0.09030139 0.38177 -0.9145884 -0.1333407 -0.08882468 -0.9954261 -0.03517138 0.2155201 -0.9692147 -0.1190547 -0.3454821 0.9300734 0.1249226 -0.3674424 0.9205823 0.1323419 -0.5371139 0.8356859 0.1146207 -0.6055588 0.7889046 0.1045374 0 -0.9898234 -0.1423012 0.4090135 -0.9022532 -0.1365551 0.4011713 -0.9065779 -0.131066 0 -0.9908784 -0.1347594 0.09315109 -0.9908372 -0.09779894 0.02289825 -0.9959616 -0.08681207 0 0.9895907 0.1439108 -0.4620443 -0.8855628 -0.04789179 -0.4413831 -0.8961088 -0.04658377 0 -0.9898064 -0.1424194 -0.1522556 0.9846695 -0.08511483 1.42008e-5 0.9971774 -0.07508152 -0.7178249 -0.087067 -0.6907582 -0.7578924 0.003966331 -0.6523675 -0.4968655 -0.8674212 -0.02655947 -0.5119306 -0.8585538 -0.02850514 -0.4860639 -0.8739104 -0.004735708 0 -0.9916996 -0.1285766 0 -0.9881903 -0.1532322 0 0.9908784 0.1347597 -0.4957838 0.08938115 -0.8638343 -0.8550223 -0.5044699 0.1201959 -0.6807453 -0.7070808 -0.1913707 -0.3981161 -0.9030367 -0.1613334 -0.7125481 -0.6426743 0.2815047 -0.8923532 -0.4464368 0.06633275 -0.8878163 -0.4380696 0.1409872 -0.1431419 -0.9674833 0.2085345 0 -0.9805544 0.196248 1.1093e-6 -0.9340971 0.3570191 -0.7831283 -0.621775 0.01029276 -0.8028919 -0.5216056 0.2886043 -0.9754011 -0.170174 0.1401203 -0.8018823 -0.5738136 0.1665018 -0.9654193 -0.2606711 0.004012048 -0.7050492 -0.6795158 0.202889 -0.6846038 -0.7197939 0.1149537 -0.577442 -0.8160918 -0.0235604 -0.4388904 -0.8882424 0.1356496 -0.2738215 -0.2361171 -0.9323468 -0.4287338 -0.8344712 -0.3461869 -0.5748123 -0.3939581 -0.7172084 -0.549663 -0.3035236 -0.7782957 -0.5655112 -0.7086364 -0.4219378 -0.5417003 -0.808186 0.2310763 -0.9043443 -0.424286 -0.04629373 -0.9521822 -0.3048169 0.02087897 -0.5522112 -0.8327907 -0.03901994 -0.3506332 -0.7311094 -0.5852652 0.4523491 -0.8906798 -0.04549574 0.2775666 -0.9509857 -0.1363198 -0.4065957 -0.6680904 -0.6231656 -0.2552719 -0.7174342 -0.6481702 -0.5055803 -0.754472 -0.418522 -0.5604749 -0.7059852 -0.4329582 -0.6066278 -0.740164 -0.2901037 -0.5472587 -0.7097047 -0.443652 -0.8168681 -0.3595072 -0.4510889 -0.7918518 -0.5538626 -0.2573074 -0.8721058 -0.2606427 -0.4141218 -0.9302323 0.2185195 -0.2948173 -0.8927173 0.1570365 -0.422369 -0.9583964 -0.0129646 -0.2851458 -0.3887873 -0.8767037 -0.2832579 -0.313809 -0.8920559 -0.325208 -0.222808 -0.9678551 -0.1166756 0 -0.9980342 -0.06267189 -0.2709786 -0.9297628 0.2492224 2.10856e-6 -0.8573235 0.5147783 -0.6352736 -0.7102383 0.3032969 1.24515e-6 -0.8569107 0.515465 -0.5579594 -0.5391145 0.6309016 -0.4071258 -0.8426983 -0.3522899 -0.3157468 -0.8863419 -0.3386767 -0.4554427 -0.8407235 0.2928411 0.1973984 -0.9483296 0.2484048 -0.1724238 -0.9255074 0.3372033 0.1588612 -0.9659276 0.2043214 -0.1793438 -0.9270504 0.329262 -0.5520871 -0.7809715 0.2920332 -0.5159984 -0.8028352 0.2986662 -0.8247629 -0.5362336 0.1794989 -0.5513581 -0.81917 -0.1580028 -0.8075001 -0.5890008 -0.03196632 3.36735e-6 -0.9932974 0.1155872 3.26385e-6 -0.6973189 -0.7167611 -0.4496842 -0.8893651 0.08254557 5.33537e-6 -0.8322281 -0.5544335 -0.3146471 -0.913381 0.258326 0 -0.9820165 0.1887952 -0.5386802 -0.8401923 0.06245523 -0.2061004 -0.9455622 0.2518626 -0.417972 -0.8704081 0.260172 -0.4358634 -0.8564255 0.276692 -0.2222948 -0.779113 0.5861466 -0.6215518 -0.7773646 0.09683865 -0.3233038 -0.8071685 0.4939169 -0.712134 -0.7020305 -0.004306793 -0.4683527 -0.7616691 0.447779 -0.8196429 -0.5728365 -0.006646275 -0.9468988 -0.3094843 -0.08719056 -0.9522041 -0.3052333 -0.0118435 -0.9922072 -0.1183614 -0.03892815 -0.8931246 -0.4496345 -0.01253604 -0.1648938 -0.8799044 -0.4456213 -0.2323231 -0.8917487 -0.388343 -0.3351831 -0.808577 -0.4835862 -0.5616253 -0.7282287 -0.3927595 -0.8252159 -0.5172253 0.2269288 -0.9218786 -0.2682467 -0.2796133 -0.7700766 -0.6174882 -0.1602826 -0.9919935 -0.0331335 -0.1218656 -0.5164895 -0.8130154 -0.2687838 -0.5836607 -0.8110044 -0.04015129 -0.2802654 -0.9265311 -0.2509813 -1.72213e-6 -0.9515329 -0.3075469 -0.06665658 -0.2085185 -0.9757444 -1.62803e-5 -0.1963987 -0.9805241 -0.09068399 -0.1995605 -0.9756804 -0.7139174 -0.654784 -0.2481529 -0.1332908 -0.5622515 0.8161538 -0.405069 -0.8604345 -0.3091469 -3.03237e-6 -0.9457734 -0.3248274 3.34065e-5 -0.5448476 0.8385351 -0.3688908 -0.4982124 0.7846681 -0.6519396 -0.7055767 -0.2777343 -0.6027636 -0.715477 -0.3532263 -0.5184194 -0.8106132 -0.2723008 -0.7446671 -0.5135735 -0.4262782 -9.03305e-7 -0.9256369 -0.3784131 -0.5179832 -0.8503486 -0.09274095 -4.91387e-7 -0.9990834 -0.04280614 -0.7473707 -0.5587142 -0.3595491 -0.8402457 -0.1616652 -0.5175438 -0.8116201 -0.3557749 -0.4633541 -0.5804324 -0.6668132 -0.4673955 -9.23035e-7 -0.9017678 -0.4322211 -0.886852 -0.07697957 -0.4555963 -0.8411494 0.005079567 -0.5407791 -8.41698e-7 -0.353672 -0.9353696 -0.4411794 -0.2000115 -0.8748463 -0.6175036 -0.05424433 -0.7846955 -0.7200498 -0.0291509 -0.6933099 -0.8811225 -0.3304362 -0.3382826 -0.9222874 -0.171265 -0.3464885 -0.972463 -0.0370292 -0.2300968 -0.641797 -0.3095803 -0.7016102 -0.9359316 0.1452644 -0.3208275 1.98931e-5 -0.185481 -0.9826479 -0.983719 -0.0999732 -0.1493398 -0.9724587 -0.03701698 -0.2301172 -0.9359406 0.1452386 -0.3208132 -0.9318694 -0.1570942 -0.3270184 -0.9281495 -0.2965676 0.2249137 -0.8299698 -0.5087468 0.2287505 -0.8693855 -0.483629 0.1013512 -0.9621401 -0.2571066 0.09045833 -0.9584794 0.2473025 0.1419822 -0.8811216 -0.3304428 -0.3382784 -0.9222909 -0.1712701 -0.346477 -0.7747711 -0.6252203 0.09396505 -0.6418061 -0.3096044 -0.7015911 -0.5258739 -0.8439425 -0.1059145 0 -0.9655181 -0.2603362 -2.57343e-5 -0.1854967 -0.9826449 -0.539449 -0.7114317 0.4503997 -0.2704667 -0.8693014 0.4137184 -0.309464 -0.8579276 0.4101127 -0.6031131 -0.6755701 0.4240986 -0.9104142 -0.2616267 0.3204648 -0.8949394 0.1939381 0.4018353 -0.9016752 0.1685805 0.398199 -0.8993664 -0.2923914 0.3250344 -0.6161237 0.7523834 0.2330467 -0.9601387 0.1765913 0.2166782 -0.5487342 0.7936152 0.262804 -0.1696436 -0.9804587 0.09960895 -0.2939364 -0.9460066 0.1366489 -0.5854774 0.6910381 0.4238901 -0.5925129 0.6825076 0.4279158 -0.2586104 0.8918036 0.3712235 -0.2615777 0.8884143 0.3772229 0 0.9152653 0.4028515 0 0.9014851 0.4328103 -0.3396408 -0.9384049 0.06356525 7.73169e-7 -0.9893952 0.145249 -0.5521395 -0.8328397 -0.03898632 -0.3439434 -0.9257069 -0.1573844 -0.3506373 -0.7310691 -0.5853132 -0.40659 -0.6681147 -0.6231433 -0.887817 -0.4380685 0.1409859 -0.5579445 -0.5391045 0.6309234 -0.222311 -0.7791166 0.5861358 -0.3233457 -0.8071658 0.4938937 -0.4683665 -0.7616567 0.4477856 -0.1648901 -0.8799203 -0.4455912 -0.2323185 -0.8917529 -0.3883361 -0.3352031 -0.8085696 -0.4835847 -0.561659 -0.7282032 -0.3927586 0.07402843 0.1625958 -0.9839119 6.43884e-7 0.1288024 -0.9916704 2.582e-5 -0.19638 -0.9805279 -0.06664931 -0.2085442 -0.9757394 -0.09067928 -0.199577 -0.9756774 0.2541568 0.1930251 -0.9477055 -0.2552173 -0.7174358 -0.6481898 0.9952618 0.08584427 -0.0456593 3.7279e-5 -0.5448426 0.8385384 9.70728e-7 0.06577444 0.9978345 0.0482186 0.09734588 0.9940819 -0.1332858 -0.5622465 0.816158 0.2442499 0.07248109 0.9669998 -0.3688704 -0.4982286 0.7846675 0.04726696 -0.7214155 -0.6908876 2.45934e-6 -0.7161558 -0.6979405 0.3156055 -0.7211639 -0.6166976 0.9175348 -0.3710189 -0.1430911 0.0477873 -0.7652569 0.6419488 5.36696e-6 -0.7584945 0.6516795 0.3435244 -0.7275056 0.5939079 -0.9932848 -0.03741514 -0.1094791 -0.9773038 0.08427059 -0.1943603 -0.9646652 -0.2560548 0.06210517 -0.9322643 -0.346163 -0.1051399 -0.811232 -0.5775834 -0.09110534 -0.7168492 -0.6768577 0.1673049 -0.6268563 -0.7630027 -0.1577281 -0.5915395 -0.7179782 -0.3668628 -0.8214386 -0.5702223 -0.00924617 -0.9387979 -0.3426939 0.03492122 -0.6088536 -0.7868355 -0.1009323 -0.9998556 0.01656073 0.003802418 -0.9136356 -0.3794389 -0.1459316 -0.9121969 -0.4096003 0.01114934 -0.9088161 -0.27752 -0.3115059 -0.9111436 -0.04871332 -0.4091996 -0.907809 -0.2692147 0.3215683 -0.9073658 -0.02472221 0.4196141 -0.9108924 -0.378319 0.1647723 -0.7028915 -0.7111269 0.01555985 -0.7115053 -0.651107 -0.2642349 -0.712634 -0.4511205 -0.5372552 -0.696668 -0.1387808 -0.7038421 -0.680572 -0.09958171 0.7258824 -0.6836193 -0.4646751 0.5627983 -0.6964168 -0.6587283 0.2847468 -0.379972 -0.9249913 0.003531754 -0.3825354 -0.849748 -0.3627601 -0.3845608 -0.5692058 -0.7267171 -0.4072957 -0.1933062 -0.8926046 -0.3540023 -0.1762404 0.9184888 -0.3582118 -0.6113106 0.7056797 -0.3763322 -0.8553774 0.3559543 9.88342e-4 -0.9264116 -0.3765113 -0.002732276 -0.9999963 2.92846e-4 -0.004731714 -0.6508631 -0.7591805 -0.02307146 -0.2010439 -0.9793106 0.002564251 -0.1992457 0.9799463 -4.57291e-4 -0.6602418 0.751053 -0.005780279 -0.9254889 0.3787307 0.3627436 -0.9318549 0.00797528 0.3543857 -0.8666918 -0.3510784 0.3529714 -0.5997655 -0.7181174 0.3724724 -0.1723971 -0.9118901 0.3732253 -0.6047797 0.703523 0.3699025 -0.1764326 0.9121643 0.3733471 -0.8577733 0.353323 0.7019363 -0.7119188 0.02137899 0.7152527 -0.6399154 -0.2809304 0.7034484 -0.4240652 -0.5703763 0.6982907 -0.1007655 -0.7086864 0.6974209 -0.4633545 0.5467237 0.6928315 -0.1200559 0.7110352 0.6949818 -0.6593254 0.286863 0.9326471 -0.3368707 -0.1291804 0.9258967 -0.3776663 0.009140849 0.9242351 -0.234893 -0.301023 0.9153181 -0.02572685 -0.4019094 0.9142959 -0.2625546 0.3084286 0.9132571 -0.03282362 0.4060593 0.9196665 -0.3599216 0.1570674 0.9995099 0.03127545 0.001408636 -0.9074453 0.132948 -0.3985826 -0.983997 0.1781278 0.004531621 -0.9009711 0.1531516 0.4059503 -0.7077586 0.07373869 -0.7025955 -0.6909627 0.1273453 0.7115855 -0.404006 0.03081899 -0.9142372 -0.3684102 0.07120382 0.9269325 -0.003151595 0.05325341 -0.9985761 0.002086162 0.04165536 0.99913 0.3768134 0.06888729 -0.9237242 0.3720571 0.05465894 0.9265992 0.6944503 0.1048225 -0.7118645 0.6944575 0.09365481 0.7134127 0.9082916 0.147607 -0.3914315 0.9085676 0.1439017 0.39217 0.9823722 0.1869359 -2.73918e-4 -0.6971223 -0.6906713 -0.1923374 -0.3063995 -0.9280772 -0.2116415 -0.3021616 -0.9286189 -0.2153264 -0.7036228 -0.6856195 -0.1866569 -0.8714181 -0.4673768 -0.1489616 -0.8663069 -0.4742013 -0.156989 -0.3699666 -0.9181922 -0.1415913 -0.3502554 -0.9260492 -0.1405485 -0.7659954 -0.6377293 -0.08094739 -0.7809588 -0.6201583 -0.07421118 -0.9265137 -0.375137 -0.02906602 -0.9267634 -0.3745653 -0.02846723 5.28037e-7 -0.9878554 -0.1553762 0 -0.9895623 -0.1441058 -0.8816379 -0.4487153 -0.1461821 -0.9267635 -0.3745652 -0.02846693 1.90876e-6 -0.9507158 0.3100638 -0.5989341 -0.797269 -0.07510125 -0.5957003 -0.7961945 -0.1059038 -0.6058205 -0.7854803 0.1265002 -0.6049681 -0.7818438 0.1507785 -6.11208e-7 -0.905915 0.4234597 -2.45493e-7 -0.9146523 0.4042415 -0.7750768 -0.5112975 0.3712559 -0.810263 -0.4960961 0.3120299 -0.2871277 0.9283366 0.2361118 -0.2816172 0.926518 0.2495121 2.45889e-7 0.9688444 0.2476704 0 0.964888 0.2626619 -0.6817397 -0.7183137 0.1387677 -0.3861868 -0.918962 0.07980418 -5.2977e-7 -0.9999854 0.005415618 -0.02378481 0.98619 -0.1639016 -0.1808056 0.9814326 0.0640279 -0.1985156 -0.9795801 0.03185194 -0.4396735 -0.8977588 0.02676588 -0.1958751 0.956632 0.2156114 0.2126818 -0.9759463 -0.04791092 -0.01521652 -0.9997122 0.01855129 -1.98628e-7 -0.9712764 -0.2379546 0.1158569 -0.9741872 -0.1937437 0.2057597 -0.9665265 -0.153263 0.2220479 -0.6278311 -0.7460047 0.3115273 -0.6209911 -0.7192502 0.2949482 -0.6180316 -0.7287266 -0.2483936 -0.6847084 -0.6851825 -0.2305859 -0.7392777 -0.6326916 -0.1978801 -0.7005729 -0.6855955 1.54622e-6 -0.9092793 -0.4161865 -0.2020001 -0.7950441 -0.5719273 -0.2190829 -0.8049141 -0.5514671 -0.2097828 -0.8299478 -0.5168925 0.1682576 -0.6341893 -0.7546478 -0.2692269 -0.6919514 -0.6698659 -0.7346034 -0.3544718 -0.5785393 -0.5773153 -0.1128183 -0.8086898 -0.5395385 0.830981 0.1355322 -0.5395468 0.7095984 0.4531661 0 0.9792733 0.2025433 -0.6028299 0.7913839 -0.101527 0 0.9663618 -0.2571864 -0.8622502 0.3340893 -0.3806689 -0.6010317 0.583226 -0.5464506 -0.1458975 -0.645596 -0.7496131 -0.6184645 0.2477445 0.7457375 0 -0.1662465 0.9860842 0 0.4788774 0.8778818 -0.931645 0.3606449 0.04441773 0 0.6251366 -0.7805153 -0.3514878 0.04661768 -0.9350311 -0.5472468 -0.833331 0.07797807 -0.5612332 -0.7483875 -0.3534594 -0.3792307 -0.852803 -0.3590421 -0.8219813 -0.2087315 0.529885 -0.6337578 -0.363005 0.6830655 0 -0.9997532 0.02221512 0 -0.7873249 0.6165386 -0.8932917 0.1547165 0.4220104 -0.8653187 -0.4998497 0.03706556 -0.8050311 -0.5901898 0.0600093 -0.3386922 -0.7273564 -0.5968587 0.03902572 -0.6856303 -0.7269032 0 0.07901263 -0.9968736 4.76354e-7 -0.1915674 -0.9814795 -0.1417443 -0.3025957 -0.9425203 0 0.8458288 0.5334544 0 -0.9729011 -0.2312216 -0.893809 -0.3801805 -0.237841 0.06896114 -0.797282 -0.5996547 0.1464255 -0.7940835 -0.5899077 -0.8322756 -0.4638094 0.3036416 -0.7060765 -0.6480855 0.2853789 -0.9664057 -0.2543069 0.03725653 -0.9696158 -0.2392842 0.05087614 -0.9014805 -0.06275612 0.4282459 -0.9960805 -0.03993284 0.07892572 -0.7134507 -0.1521211 0.6839936 -0.5750067 -0.7219366 0.3849349 -0.7966061 0.3419823 0.4984646 -0.4875279 0.4062549 0.7728348 -0.9417154 0.3225874 0.09544366 -0.787208 0.5695677 0.2364239 -0.4304436 0.6693614 0.6055358 -0.14463 0.714504 0.684519 -0.136573 0.8392531 0.5263098 -0.03795015 0.8347834 0.5492691 -0.2800482 0.8948345 0.3476267 -0.9733891 -0.2242466 -0.04719281 -0.9696718 -0.2443178 0.006730496 -0.9880862 -0.1538538 0.003827154 -0.9837696 0.1794315 0.001306653 -4.50344e-7 0.9290722 0.3698986 -1.38084e-7 0.865985 0.5000699 0 0.8573039 0.5148108 0.1729961 -0.6923567 -0.7005103 -0.973107 -0.1818682 -0.1413748 -0.9737792 -0.2228548 -0.04571419 1.30019e-6 -0.5198689 -0.854246 1.32913e-6 -0.8544827 -0.5194798 -0.2337298 -0.9649409 -0.1194137 0 -0.9758669 -0.2183663 1.73799e-7 -0.9927216 -0.1204327 -0.2832461 -0.680229 0.6760622 7.11416e-7 -0.6970514 0.7170212 2.16001e-4 -0.3714995 0.9284331 -0.269055 -0.3717228 0.8884997 -0.1686697 -0.09539169 0.981046 3.98231e-5 -0.1391908 0.9902656 0 -0.02179133 0.9997626 -0.3018583 -0.9520552 0.04972541 2.24898e-7 -0.9987066 0.05084383 2.02961e-7 -0.9771786 0.2124191 -0.3121202 -0.9270176 0.2078924 -0.3211077 -0.8564245 0.4042612 0 -0.8930723 0.4499132 -3.74792e-4 0.5542356 -0.8323599 -3.57654e-4 0.5542533 -0.8323481 0.8883154 0.377265 -0.2618526 0.9921847 0.02319449 -0.1226034 0.9940311 0.1038963 -0.03328353 0.9505157 0.3104353 -0.01224094 0.8734551 0.04732054 -0.4845998 0.9436169 -0.1852625 -0.2743446 0.6606272 0.152857 -0.7349874 0.6267594 0.5134187 -0.5861519 0.7048144 -0.3794633 -0.59937 0.4245924 -0.4048285 -0.8098366 0.8026216 -0.52029 -0.2917141 0.6530455 -0.660695 -0.3701538 0.3227971 -0.67267 -0.6658207 0.05383199 -0.6865457 -0.7250912 0.06720453 -0.8375934 -0.5421447 -0.04471558 -0.759506 -0.6489616 0.3282612 -0.8946293 -0.3031222 0.988569 -0.1507464 -0.002667725 0.9972653 0.07383257 -0.003287851 0.9202485 -0.3691929 -0.129767 0.8909699 -0.3960834 -0.2220147 0 -0.8721418 -0.4892533 0 -0.9458051 -0.324735 0 -0.9594567 -0.2818561 8.21561e-7 -0.75734 -0.6530207 0.5914407 0.6618244 -0.4606369 0.4342509 0.882786 -0.179207 0.5042721 0.8121626 -0.2934312 0.6414121 0.4888957 -0.5912459 -0.434252 -0.8827854 0.1792069 -0.5736956 -0.2869626 0.7671544 -0.6195434 -0.5511031 -0.5589736 1.17233e-6 -0.5912918 -0.8064578 -5.15052e-7 -0.9521848 -0.3055229 -0.6845008 -0.6941543 -0.2227297 3.37792e-7 -0.9501247 0.3118703 2.14759e-6 -0.743795 0.6684078 -0.6884114 -0.6293285 0.3606042 -0.6195489 -0.7734418 0.1339669 -0.9439901 -0.3141951 -0.1008175 -0.688405 -0.3020305 -0.6594514 5.44049e-7 -0.9768272 -0.2140297 0 -0.9784304 -0.206577 -0.002180278 0.2750689 -0.9614221 -9.77006e-5 0.9902043 -0.1396256 -1.14059e-4 0.9762898 -0.2164676 -1.34942e-7 0.9762914 -0.2164604 -2.63523e-7 0.9922076 -0.124596 -0.01617407 0.9994505 -0.02893602 0 0.9996323 -0.02711814 -1.53467e-4 0.9430677 -0.332601 -1.7565e-4 0.9430754 -0.3325791 -2.33156e-4 0.8379994 -0.5456714 -2.47737e-4 0.838008 -0.5456581 2.07187e-6 0.2772663 -0.9607931 9.74664e-5 0.2772676 -0.9607928 1.58985e-6 0.2772662 -0.9607931 -4.29097e-4 0.2768126 -0.9609239 3.22136e-6 -0.2160356 -0.9763855 0.3517248 -0.8803858 0.3181363 0.4321999 -0.8698119 0.2379717 0.2502222 -0.9351401 -0.2508027 -0.0615105 -0.9854662 -0.1583442 -0.06530082 -0.5533798 -0.8303653 -0.6327356 -0.5243359 -0.56984 -0.8440403 -0.09564125 -0.5276824 -0.4252768 -0.7396893 -0.5215356 -0.6995446 -0.1698523 -0.6941093 -0.6665151 0.3529443 -0.6566491 -0.7983285 0.3667532 -0.4776648 -0.6521614 -0.2834739 -0.7030848 -0.8228227 -0.1431677 -0.549969 0.5352047 0.6413514 0.5497493 0.08315223 0.9393442 0.3327434 0.2696779 0.9391717 0.2126747 0.7406042 -0.01862162 0.6716835 0.5333869 0.3101606 0.7869555 -0.5312808 -0.6689676 0.5198301 -0.02545815 -0.6187527 0.7851734 0.3867876 -0.2700096 0.8817541 0.5037038 -0.2046643 0.8392824 0.4307275 0.8154625 0.3866454 0.4081787 0.8346049 0.3698986 -0.2266101 0.9225641 -0.3122874 -0.2030186 0.9438806 -0.2605244 -0.8602698 -0.3207829 -0.3962756 -0.7781917 -0.6133196 0.1351183 -0.5312464 -0.6689828 0.5198455 -0.7781954 -0.6133103 0.1351395 -0.7877104 -0.03822159 -0.614859 -0.7923038 -0.09359544 -0.6029053 -0.2030168 0.943885 -0.26051 -0.3907333 0.5618801 -0.7291216 -0.6529327 0.3044002 -0.6935557 -0.5188449 0.1020944 -0.8487501 -0.39073 0.5618609 -0.7291382 0.1674717 0.9852384 -0.03547519 0.6193782 0.291166 0.7291043 0.5236118 0.7048919 0.4784957 0.6587061 0.2847366 0.696442 0.5383292 -0.1383264 0.8313047 0.4208948 -0.4187275 0.8046832 -0.7615559 -0.1889172 -0.6199539 -0.6543427 -0.7305285 0.1953557 -0.5535004 0.09627604 -0.8272656 0.5802346 -0.3086546 0.7536978 0.7299799 0.04120421 0.6822255 -0.7756707 -0.3627489 -0.5164768 -0.7756714 -0.3627465 -0.5164775 -0.6210103 -0.7741026 -0.122929 -0.6543547 -0.7305226 0.1953376 -0.3125531 0.1704743 -0.9344781 -0.6617538 0.02223461 -0.7493916 -0.2456423 0.09023362 -0.9651518 -0.319103 0.05598163 -0.9460653 -0.03331148 -0.06945478 -0.9970288 -0.4016391 -0.1734033 -0.8992316 0.2217065 -0.5691145 -0.7918049 0.6190103 -0.7222927 0.3084146 0.2396816 -0.8736625 0.4233989 0.9718841 -0.1487035 0.1825612 0.150853 -0.9865499 0.06295073 0.7693336 -0.3597989 -0.5278926 0.7088931 0.6058041 -0.3612092 0.9657004 -0.2208871 0.1364983 0.7925227 0.6086317 -0.03841167 0.8413886 0.2687583 -0.468865 0.1300214 0.4656343 -0.8753738 0.2269474 -0.4083115 -0.8841814 -0.4944624 0.009794533 -0.8691438 -0.4804072 -0.6672223 -0.5692305 0.717269 -0.2408099 0.6538624 0.915133 0.08645313 0.3937735 -0.5387074 0.03002977 -0.8419577 -0.42159 -0.2299208 -0.8771536 0.009975969 -0.2923846 -0.9562488 -0.4139783 -0.0208112 -0.9100489 0.00994569 -0.2923702 -0.9562535 0.7735308 -0.4433104 0.4529086 0.03997176 -0.9929185 0.111871 0.7388306 0.2675076 0.6185217 0.5737097 0.6281666 0.5256081 0.6155122 0.6158414 -0.4918171 0.9160366 -0.2874658 -0.2797154 -0.1491727 0.2513087 -0.9563428 -0.316707 -0.2781545 -0.9068224 0.0632081 -0.9621675 -0.2650256 -0.1491467 0.2513174 -0.9563445 0.7862902 0.5975594 0.1570682 0.1097981 0.916992 -0.3834972 0.7529342 -0.3207027 0.5746653 -0.3879838 -0.4540638 -0.8020566 0.793178 -0.1948659 -0.5769712 0.1949064 -0.9798744 -0.04310202 0.8798939 -0.3106105 0.3595939 0.4857566 0.775577 -0.4031388 0.4019435 0.9149848 0.03527861 0.8126239 0.5116692 0.278993 0.01080113 -0.7970685 0.6037924 0.001829087 -0.7629779 0.646422 -0.1533828 -0.4692701 0.8696318 -0.07485187 -0.5248183 0.847917 -0.3220192 -0.5819818 0.7467268 -0.2851911 -0.234856 0.9292518 -0.03304529 -0.865031 0.500629 -0.2461695 -0.8122265 0.5288562 -0.06892669 -0.9419949 0.3284735 0.02506911 -0.9986597 0.04528164 0.2421404 -0.9545811 -0.1736175 0.9578217 -0.1016311 -0.2687912 0.8624794 -0.4418875 -0.2467082 0.7667586 -0.4804722 0.4257085 0.9828368 -0.09800648 0.1562898 0.5841369 -0.788977 0.190524 0.7890401 -0.6058163 -0.1019929 0.5268515 -0.6654666 0.528755 0.4471503 -0.7519442 0.4843932 0.9376136 0.09891557 -0.3333116 0.8246352 -0.377336 -0.4214196 0.9482821 -0.1702268 -0.2679255 0.9303059 0.1267185 -0.3441997 0.6707751 -0.2122173 0.7106509 0.5737145 -0.2869774 0.7671347 0.6453369 0.3014177 0.7019171 0.4827298 0.7181214 0.501272 0.5544041 0.2441986 0.7956151 0.6453378 0.3014182 0.7019162 0.5197706 0.7086328 0.4771563 0.79792 0.2870566 -0.5300209 0.8305254 0.3770746 -0.4099297 0.7245151 0.5688176 -0.3892613 0.4578872 0.59609 -0.6595575 0.4578877 0.5960623 -0.6595822 0.03921854 0.5748764 -0.8172999 -0.0635699 0.3923543 -0.9176149 0.7979361 0.2870715 -0.5299887 0.4367786 0.7985013 -0.4142707 0.465151 0.8375459 0.286621 0.8524672 0.3850546 -0.3535998 0.8222279 0.5418722 0.1741145 0.3091827 -0.8781635 0.3650135 0.3688393 -0.8519286 0.3717195 0.3091638 -0.8781812 0.3649871 1.4782e-5 -0.9402407 0.3405108 0.7303496 -0.524082 0.4380956 0.626062 -0.7220119 0.2945255 0.9828329 -0.09800076 0.1563184 0.7667258 -0.4805057 0.4257299 0.9820966 0.006834506 0.1882545 0.7780178 -0.1661617 0.6058703 0.7344533 0.3847555 0.5590542 0.4885843 0.7492929 0.447041 0.5983703 -0.621347 0.5058469 -0.8181072 0.3892657 -0.4232882 -0.8555044 0.4699226 -0.217451 -0.8263329 0.402595 -0.3938166 -0.775426 0.3308131 -0.5378451 0.2541046 0.9540981 0.1585169 0.2413649 0.9490605 0.2025521 0.8116979 -0.1373531 0.5676977 0.7349002 0.48822 0.4707047 0.5901858 -0.7471382 0.3057211 0.1303022 -0.9721091 -0.1950003 -0.6091015 0.3500576 -0.7116566 -0.7925053 0.2392335 -0.5609838 -0.7925156 0.2392048 -0.5609814 0.02378213 0.9861906 -0.1638987 -0.291114 0.8265149 -0.4817944 -0.6091056 0.350051 -0.7116564 0.4885836 0.7492898 0.4470469 0.363337 0.9202646 0.1452559 0.2541128 0.9541001 0.1584925 0.572424 -0.7513521 0.3283305 0.14454 -0.9862869 -0.07966488 -0.2347139 -0.8733837 -0.4267441 -0.1557171 -0.9539788 0.2562747 0.4200841 -0.6470112 0.6363222 -0.5644733 -0.7725359 -0.290789 -0.3438113 0.8789587 -0.3304931 -0.6665114 0.352941 -0.6566546 -0.4769372 0.8590331 -0.1859918 -0.7983485 0.3667156 -0.4776605 0.5352972 0.2749618 0.798657 0.1540365 0.9405543 0.3027051 -0.3702476 0.8861994 -0.2785093 0.3941118 0.9108591 0.1225225 -0.1404601 0.892407 -0.4288133 0.7696792 0.2359053 0.5932476 -0.7139443 0.4042952 -0.5716896 -0.4572663 0.4081326 -0.7901489 -0.7139487 0.4042905 -0.5716874 -0.8105363 -0.232437 -0.537591 -0.457255 0.4081621 -0.7901404 -0.5688027 -0.2274556 -0.7903971 0.3173696 -0.600239 0.7341591 -0.1985708 -0.9446723 0.2610823 -0.5966419 -0.7664814 -0.2377493 -0.4323219 -0.7307821 -0.5282569 -0.616018 -0.4793368 -0.6251065 -0.04607456 -0.9983478 -0.03433454 -0.03334999 -0.9976301 -0.06018441 -0.5930883 -0.5180799 -0.6163112 0.002864122 -0.9997932 0.02013808 0.6084088 -0.5920447 0.5285091 0.685716 -0.4567942 0.5666857 0.7928612 0.200374 0.5755184 0.7844194 0.1938967 0.5891437 0.6771577 -0.4753729 0.5616744 0.6018245 0.2275726 0.7655182 -0.6802908 0.3607314 -0.6380261 -0.2266682 0.9225642 -0.3122451 -0.6543288 -0.7305479 0.1953292 -0.02861064 -0.7035023 0.7101169 0.5568199 -0.4954639 0.6666837 0.02003884 -0.8669928 0.4979177 0.7629802 -0.2755144 0.5847677 0.5567951 -0.4954673 0.6667018 -0.02860367 -0.7034806 0.7101387 -0.3125717 0.1705018 -0.9344668 0.2779681 0.3922431 -0.8768575 0.2779396 0.392251 -0.8768631 -0.01004427 0.726264 -0.6873425 0.8414186 0.2687134 -0.4688369 0.2779369 0.3922752 -0.876853 -0.0100423 0.7262589 -0.687348 0.9657078 -0.2208712 0.1364715 0.8414024 0.2687329 -0.4688547 0.2217031 -0.5691455 -0.7917836 -0.5109612 -0.7283617 -0.4565173 -0.5109742 -0.7283454 -0.4565286 0.1299795 0.4656279 -0.8753835 0.1005561 -0.9360448 0.3372072 0.7834384 -0.2464061 0.5705333 0.7172609 -0.2407908 0.6538782 0.239715 -0.8736485 0.4234089 0.7223156 0.6654071 0.1883975 0.9151331 0.08644729 0.3937746 -0.5109329 -0.7283537 -0.4565615 -0.7190162 -0.5782601 -0.3855269 -0.5387161 0.03000396 -0.841953 -0.6274791 0.407071 -0.6637493 0.009958803 -0.2923383 -0.9562632 0.006668806 0.9206407 -0.3903542 -0.6274848 0.4070312 -0.6637684 -0.5387244 0.03001606 -0.8419471 -0.6140732 -0.1063436 -0.782052 -0.6627829 -0.5739286 -0.4809626 0.03998565 -0.9929175 0.1118748 -0.7775185 -0.1784139 -0.6030203 0.8250609 -0.2519342 0.5057703 -0.101613 -0.9860177 0.1320762 -0.5092921 0.5242005 -0.6825215 -0.7781066 -0.2936039 -0.5552899 -0.5092952 0.524202 -0.682518 -0.4502558 0.5549474 -0.699502 -0.6640906 0.4987511 -0.5569839 -0.3674612 0.5085423 -0.7786895 0.3574248 0.9315844 0.06631886 -0.6641025 0.4987493 -0.5569713 -0.4502264 0.5549669 -0.6995056 0.2153156 0.9762861 -0.02246993 0.1986464 0.9797956 0.02324306 -0.3674619 0.5085456 -0.7786869 -0.3437115 0.1770184 -0.9222403 -0.3879714 -0.4540396 -0.8020762 0.1948792 -0.9798792 -0.0431174 -0.4492794 0.5506654 -0.7035024 -0.4492856 0.550691 -0.7034785 0.673193 0.4500298 -0.5867576 -0.3437035 0.1769925 -0.9222481 0.8740269 0.4507645 0.1813519 0.8182662 0.2717026 0.5065749 0.7670122 0.4511384 0.4562528 0.6703516 0.5680919 0.4773892 0.455012 -0.8866084 -0.08300471 0.8209647 -0.5706302 0.01995509 0.9974054 -0.05710613 0.04383534 1.36197e-5 0.9899485 0.1414288 0.4453581 0.8904464 0.09360301 0.441906 0.8967574 -0.02335077 -1.2964e-5 0.9829891 -0.183664 0.8573145 0.5060765 0.09433287 0.8582652 0.5122212 -0.03178554 0.4364128 -0.861213 -0.2604921 0.8244376 -0.5504422 -0.1315906 0.4530896 -0.8799246 -0.1429778 0.7975915 -0.600934 -0.05221599 0.9996583 -0.02603578 -0.002370834 0.8582524 0.5122434 -0.0317766 0.8858759 0.4632115 -0.02567481 0.9953286 -0.08540427 0.04502499 0.8858912 0.4631822 -0.02567017 0.4603398 0.8877428 2.12401e-4 3.65078e-6 0.9899369 -0.1415095 0.8246581 -0.3773097 -0.4213984 0.9376089 0.09891492 -0.3333249 0.09950828 0.05117201 -0.9937201 0.7979295 0.2870617 -0.5300042 -0.06355315 0.392323 -0.9176294 0.8329803 0.5022677 0.2321015 0.8222275 0.5418776 0.1741003 0.4651622 0.8375511 0.2865872 0.8222265 0.5418822 0.1740903 0.4147573 0.8462784 0.3343495 9.05991e-6 0.9596427 0.2812224 -2.32309e-5 0.9333328 0.3590126 0.7984002 0.1906441 0.5711498 -0.2112517 -0.298308 0.9307981 -0.02047568 0.7892194 0.6137698 0.1509615 0.7202625 0.6770765 0.08983182 0.5101218 0.8553983 -0.08817636 0.558346 0.8249089 0.8565418 -0.4195675 -0.3004987 0.9294132 -0.2986024 -0.2168588 0.789429 -0.5984562 -0.1365731 0.7156607 -0.6360318 -0.2886061 0.7122709 0.5507438 -0.4351454 0.3212415 0.8819373 -0.3449501 0.1225483 0.9827583 -0.1384491 0.3897907 0.8430455 -0.3705909 0.9021397 0.1998201 -0.3823822 -0.03751313 -0.05132806 0.997977 -0.0986182 0.1475809 0.9841212 -0.2091788 0.2249488 0.9516525 -0.335314 0.4180889 0.8442549 -0.2462896 -0.2496268 0.9364977 0.9345483 -0.1485339 -0.3233531 -0.4042423 -0.8706774 -0.2801949 -0.8221097 -0.3438267 -0.4537829 -0.6276881 -0.7712034 -0.1060801 0.8494936 0.4948031 0.1831136 0.837019 0.5281687 0.1429589 0.3758162 0.924472 0.06413936 0.4273952 0.8941156 0.1337568 0.9792485 -0.05266416 0.1957014 0.9820216 -0.01954102 0.1877549 0.2993295 -0.9513313 0.07328432 0.3972468 -0.9101604 0.1174875 0.1543716 -0.9824956 0.1042684 0.2220633 -0.9671547 0.1236918 -0.6941989 -0.7179558 -0.05125892 0.7966383 -0.5779946 0.1768888 0.7792923 -0.595262 0.1958744 0.9657114 -0.04573184 0.2555586 0.837293 0.4732661 0.2737873 0.8175305 -0.5397006 0.2009157 0.9660637 0.0410574 0.2550204 0.8235911 -0.5176633 0.2317814 0.4131928 0.8745057 0.2539915 -0.3846423 0.8850344 -0.2622302 -0.7142286 0.3444421 -0.6092923 -0.9599581 -0.2770692 -0.04139053 -0.6401081 -0.7607012 -0.107683 -0.6778076 -0.7351759 -0.009660542 -0.9769159 -0.2131518 -0.01420044 0.1225036 -0.984064 0.1288834 0.795333 -0.5378662 0.2795451 0.9393793 0.07071274 0.3355089 0.9335119 0.09471887 0.3458092 0.6675502 0.6431129 0.3752101 0.7271611 0.6124989 0.309971 0.1546322 0.9674073 0.2005294 0.05022162 0.9713349 0.2323496 -0.6207785 0.7793303 0.08531475 -0.6486363 0.7532663 0.1089076 -0.9741566 0.2242064 0.02739745 -0.9810367 0.1900941 0.03783166 -0.9718179 0.2311106 -0.04645258 -0.9810749 -0.1867673 -0.05108821 0.2193124 -0.8804495 -0.4203698 0.8639086 -0.4584828 -0.2084599 0.8159686 -0.5427492 0.1990445 0.1831705 -0.9823348 -0.03830063 -0.557475 -0.7020956 -0.4430389 0.9922444 0.1148782 -0.04747611 0.7227468 0.6904754 0.0296815 -0.01660859 0.999068 -0.03984242 -0.6819795 0.6987361 -0.2160366 -0.9469351 0.1459727 -0.2863667 -0.9469298 0.1459944 -0.286373 -0.8773245 -0.3055573 -0.3700495 -0.9810373 0.1900922 0.0378257 -0.3834239 -0.4832229 -0.7870717 0.1507979 -0.6256428 -0.7653962 -0.6657575 -0.1391107 -0.7330861 0.6645439 -0.3170686 -0.6766454 0.7899495 0.09497237 -0.6057724 0.5777101 0.5966295 -0.5570318 0.03592562 0.8252335 -0.5636482 -0.5247002 0.5391955 -0.658755 -0.7191868 0.1582053 -0.676566 -0.7191851 0.1581931 -0.6765707 0.4449059 -0.3335281 -0.8311545 0.007371604 -0.4638272 -0.8858951 -0.3510214 -0.3142201 -0.8820713 0.6041827 0.01871627 -0.796626 0.521606 0.4680481 -0.713343 0.06882518 0.6798443 -0.7301198 -0.4211568 0.4132646 -0.8073657 -0.6148421 0.09911966 -0.7823967 -0.6148382 0.09911578 -0.7824003 -0.5210822 -0.04637306 -0.8522459 0.7930617 0.5757358 0.1989511 0.2804523 0.9535443 0.1099998 -0.5688023 0.8220316 -0.0269823 -0.7142404 0.3444387 -0.6092804 -0.9718242 0.2310827 -0.04646098 -0.9741532 0.2242226 0.02738296 0.4530966 -0.8799179 -0.1429974 0.7975903 -0.6009352 -0.05221909 0.9953274 -0.08541351 0.04503268 0.8858734 0.4632178 -0.02564537 0.4603576 0.8877336 2.16365e-4 -0.10227 0.9323809 -0.3467085 -0.1747641 0.9043278 -0.3894209 0.5107006 0.8159264 0.2710151 0.5623351 0.7723937 0.2952751 -0.603048 0.3542999 -0.7147062 -0.6132388 0.3278425 -0.7186498 -0.6744596 -0.08030104 -0.7339319 -0.6778296 -0.1134369 -0.7264153 -0.6132551 0.3278377 -0.718638 -0.6030382 0.3543221 -0.7147033 -0.07451885 -0.5915212 -0.8028385 0.1631055 -0.3473635 -0.9234367 0.5348995 -0.5495178 -0.6418043 0.3488815 -0.8679872 -0.3533837 0.9124414 -0.3195708 -0.2555881 0.9691193 0.01176106 -0.2463116 0.9809136 0.1474002 0.1268138 0.8527495 -0.5167808 0.07586944 0.2300879 0.6995136 -0.6765651 0.7110999 0.6743273 -0.1990467 -0.0763027 0.2502561 -0.9651683 -0.0762943 0.2502307 -0.9651755 -0.1597889 -0.2079364 -0.9650026 0.4494751 0.4132688 -0.7919477 0.8145411 0.3894777 -0.4299187 0.1695762 0.08376014 -0.9819513 0.1695821 0.0837534 -0.9819508 0.1271893 -0.1689896 -0.9773768 -0.2658042 -0.91413 0.3061282 0.7234284 -0.6427285 -0.2520946 0.6260737 -0.7220017 0.2945256 -0.3942413 -0.5577596 0.7303959 0.1419287 -0.9163455 0.3743892 0.09069854 -0.9834961 0.1565542 0.7894256 -0.5984587 -0.1365814 0.5188804 -0.842976 0.1419672 0.1093794 -0.6895181 0.7159616 0.3741575 -0.7149654 0.590619 -0.03370076 -0.2942696 0.9551281 -0.0575627 -0.2892311 0.955527 0.2952002 0.9554352 7.12944e-4 -0.01034027 0.9398555 0.341416 -0.0446332 0.6599831 0.7499535 0.3674099 0.8121488 0.4532378 0.01858919 0.1681467 0.9855868 -0.1368267 0.1028124 0.9852452 0.02000361 0.9866566 0.161582 0.1522525 0.9846685 -0.08512955 -0.1941189 0.7508048 0.6313559 0.3559605 -0.9288371 -0.1027326 -0.2658318 -0.9141223 0.3061273 0.02509146 -0.9986597 0.04526877 0.2421502 -0.9545792 -0.1736142 0.5298137 -0.8112394 -0.2473625 -0.3575066 -0.7877594 0.5016217 -0.3942506 -0.557748 0.7303998 -0.246272 -0.249629 0.9365017 -0.3059312 0.6512184 0.6944932 -0.3352985 0.4180981 0.8442565 -0.2091782 0.2249503 0.9516522 0.7156777 -0.6360093 -0.2886133 0.3091831 -0.8781625 0.3650159 0.5060647 0.6965647 -0.508622 0.5261733 0.6909176 -0.4957566 0.4314557 0.5540786 -0.7119291 0.4738017 0.5117457 -0.7166786 0.5686975 -0.1159983 -0.8143265 0.610787 0.1859441 -0.769652 0.553796 0.1804274 -0.812869 0.543102 -0.122736 -0.830648 0.5157116 -0.3577784 -0.7784833 0.5237808 -0.4362694 -0.7316576 0.5285043 0.6923252 -0.4912933 0.7234293 -0.6427276 -0.2520941 0.6260547 -0.7220263 0.2945057 0.789041 -0.6058158 -0.1019882 0.5841708 -0.7889555 0.1905094 -0.357508 -0.7877625 0.5016158 -0.1941269 0.7508052 0.6313529 -0.3059377 0.6512131 0.6944952 0.2543001 0.9612637 0.1063184 0.3056985 0.9455162 0.1120157 0.206368 0.9699687 0.1287367 0.6102979 0.7855737 0.102032 0.5144746 0.8509871 0.1055313 0.500907 0.8602099 0.09555745 0.5935356 0.7995419 0.09191519 0.4653319 0.8815339 0.0797761 0.3000808 0.9510295 0.07412445 0.3707499 0.9283367 0.0271238 0.5654078 0.8230037 0.05458289 -0.3139507 -0.9442611 -0.09902507 -0.38177 -0.9145884 -0.1333407 -0.04125082 -0.9950599 -0.09030133 0.02392637 -0.9987061 -0.04487419 0.08882457 -0.9954261 -0.03517138 -0.2155201 -0.9692147 -0.1190547 0.3454821 0.9300734 0.1249226 0.5371139 0.8356858 0.1146207 0.3674424 0.9205823 0.1323419 0.6055589 0.7889046 0.1045374 -0.4011713 -0.9065778 -0.131066 -0.4090134 -0.9022531 -0.1365551 -0.02289825 -0.9959616 -0.08681207 -0.09315109 -0.9908372 -0.09779894 0.4620443 -0.8855628 -0.04789179 0.441383 -0.8961088 -0.04658383 0.1522555 0.9846695 -0.08511489 0.7578924 0.003966629 -0.6523674 0.717825 -0.08706682 -0.6907581 0.4968655 -0.8674212 -0.02655947 0.5119306 -0.8585538 -0.02850514 0.4860637 -0.8739106 -0.004735648 0.4957838 0.08938115 -0.8638343 0.8550218 -0.5044708 0.1201962 0.3981161 -0.9030367 -0.1613334 0.6807451 -0.707081 -0.1913707 0.7125486 -0.6426741 0.2815042 0.8923532 -0.4464368 0.06633275 0.8878169 -0.4380687 0.1409866 0.1431412 -0.9674834 0.2085344 0.7831306 -0.6217721 0.01029378 0.9754011 -0.170174 0.1401203 0.8028924 -0.5216048 0.2886039 0.8018824 -0.5738136 0.1665019 0.9654197 -0.2606697 0.00401318 0.7050496 -0.6795155 0.202889 0.6846042 -0.7197935 0.114954 0.5774418 -0.8160918 -0.0235604 0.4388917 -0.8882418 0.1356494 0.2738214 -0.2361171 -0.9323468 0.5748167 -0.3939563 -0.7172059 0.428738 -0.8344695 -0.3461859 0.5496659 -0.3035214 -0.7782944 0.5655114 -0.7086365 -0.4219375 0.5416995 -0.8081863 0.2310768 0.9043452 -0.4242842 -0.04629284 0.5522111 -0.8327907 -0.03901988 0.9521829 -0.3048146 0.02087825 0.3506391 -0.7311069 -0.5852649 -0.4523491 -0.8906798 -0.04549586 -0.2775676 -0.9509854 -0.1363203 0.4065933 -0.6680907 -0.6231667 0.2552736 -0.7174343 -0.6481693 0.5604733 -0.7059861 -0.4329589 0.5055802 -0.7544723 -0.4185214 0.6066246 -0.7401661 -0.2901049 0.5472583 -0.709705 -0.4436522 0.8168685 -0.3595069 -0.4510884 0.8721061 -0.2606425 -0.4141213 0.7918528 -0.5538614 -0.2573066 0.9302321 0.2185199 -0.2948176 0.9583963 -0.01296472 -0.2851464 0.8927172 0.1570365 -0.422369 0.3138085 -0.8920562 -0.3252077 0.388786 -0.8767042 -0.2832584 0.2228079 -0.9678551 -0.1166757 0.2709792 -0.9297626 0.2492222 0.6352742 -0.710238 0.3032964 0.5579558 -0.5391183 0.6309016 0.407126 -0.8426983 -0.35229 0.3157485 -0.8863416 -0.3386762 0.4554424 -0.8407236 0.2928413 -0.1973984 -0.9483295 0.2484051 0.1724224 -0.9255077 0.3372035 -0.1588622 -0.9659275 0.2043211 0.1793433 -0.9270503 0.3292624 0.5160031 -0.8028323 0.2986658 0.5520937 -0.7809675 0.2920315 0.8247603 -0.5362371 0.1795 0.8074971 -0.5890048 -0.03196531 0.5513623 -0.819167 -0.1580034 0.4496845 -0.8893651 0.08254528 0.3146467 -0.9133811 0.2583262 0.5386806 -0.840192 0.06245517 0.2060995 -0.9455626 0.2518621 0.417968 -0.8704098 0.2601721 0.4358662 -0.8564243 0.2766914 0.2222978 -0.7791126 0.5861463 0.6215521 -0.7773644 0.09683865 0.3233023 -0.807169 0.4939169 0.7121344 -0.70203 -0.004306793 0.4683552 -0.7616673 0.4477793 0.8196439 -0.572835 -0.006646215 0.9468989 -0.3094843 -0.08719044 0.9522039 -0.3052337 -0.01184362 0.9922073 -0.1183614 -0.03892815 0.8931258 -0.4496322 -0.012537 0.1648921 -0.8799046 -0.4456214 0.2323252 -0.8917486 -0.3883422 0.3351884 -0.8085747 -0.4835865 0.5616265 -0.7282263 -0.3927623 0.825219 -0.5172216 0.226926 0.7700772 -0.6174876 -0.1602824 0.9218786 -0.2682465 -0.2796134 0.9919935 -0.0331335 -0.1218656 0.5836601 -0.8110048 -0.04015135 0.5164897 -0.8130157 -0.2687822 0.2802636 -0.9265317 -0.250981 0.06665384 -0.208519 -0.9757444 0.0906884 -0.1995617 -0.9756796 0.7139172 -0.6547844 -0.2481526 0.1332859 -0.5622522 0.8161541 0.4050686 -0.8604347 -0.3091468 0.3688926 -0.4982114 0.784668 0.6519384 -0.7055775 -0.2777351 0.5184189 -0.8106135 -0.2723007 0.6027628 -0.7154777 -0.3532262 0.7446682 -0.5135728 -0.4262773 0.5179826 -0.850349 -0.09274077 0.7473706 -0.5587145 -0.3595489 0.8116195 -0.3557755 -0.4633546 0.8402457 -0.1616653 -0.517544 0.5804303 -0.6668143 -0.4673964 0.886852 -0.07697945 -0.455596 0.8411493 0.005079567 -0.5407791 0.4411769 -0.200012 -0.8748476 0.6175034 -0.05424439 -0.7846956 0.7200494 -0.02915102 -0.6933103 0.8811224 -0.3304363 -0.3382826 0.9223015 -0.1712378 -0.3464646 0.9724631 -0.03702938 -0.2300965 0.6417964 -0.3095803 -0.7016108 0.9359314 0.1452652 -0.3208279 0.9837191 -0.0999732 -0.1493398 0.9318701 -0.1570932 -0.3270165 0.9359406 0.1452388 -0.3208127 0.9724586 -0.03701716 -0.2301173 0.9281494 -0.2965678 0.2249141 0.9621401 -0.2571067 0.09045845 0.8693856 -0.4836286 0.1013512 0.8299695 -0.5087472 0.2287507 0.9584791 0.2473032 0.1419825 0.8811216 -0.330443 -0.3382784 0.7747707 -0.6252207 0.09396511 0.9222906 -0.1712704 -0.3464773 0.6417936 -0.309565 -0.7016199 0.5258737 -0.8439425 -0.1059144 0.5394475 -0.7114325 0.4504002 0.6031122 -0.6755706 0.424099 0.3094634 -0.8579277 0.4101129 0.2704654 -0.8693017 0.4137185 0.9104141 -0.261627 0.3204648 0.8993663 -0.2923916 0.3250344 0.9016758 0.1685799 0.3981981 0.8949397 0.1939379 0.4018347 0.6161239 0.7523834 0.2330465 0.548734 0.7936152 0.262804 0.9601385 0.1765915 0.2166787 0.2939303 -0.9460087 0.1366481 0.1696417 -0.980459 0.09960812 0.5854782 0.6910377 0.4238895 0.2615768 0.8884146 0.377223 0.2586098 0.8918038 0.3712236 0.5925138 0.6825071 0.4279153 0.3396408 -0.9384049 0.06356507 0.5521395 -0.8328397 -0.03898596 0.3506376 -0.7310682 -0.5853141 0.3439434 -0.9257069 -0.1573845 0.40659 -0.6681147 -0.6231432 0.887817 -0.4380685 0.1409859 0.5579445 -0.5391045 0.6309235 0.2223108 -0.7791168 0.5861358 0.3233456 -0.8071658 0.4938938 0.4683663 -0.761657 0.4477853 0.1648901 -0.8799203 -0.4455912 0.2323186 -0.891753 -0.3883361 0.3352034 -0.8085695 -0.4835847 0.561659 -0.7282032 -0.3927585 -0.07403129 0.1625958 -0.9839116 0.06664514 -0.2085441 -0.9757396 -0.2541605 0.1930248 -0.9477045 0.09067517 -0.1995767 -0.9756778 -0.9952619 0.08584433 -0.04565852 0.2552178 -0.7174336 -0.6481921 0.1332809 -0.5622461 0.8161591 -0.04822134 0.09734594 0.9940818 0.3688663 -0.4982275 0.78467 -0.2442511 0.07248103 0.9669994 -0.0472694 -0.7214155 -0.6908873 -0.3156098 -0.721163 -0.6166964 -0.917535 -0.3710195 -0.1430884 -0.04778414 -0.7652569 0.6419492 -0.3435238 -0.7275053 0.5939086 0.9932848 -0.03741514 -0.1094791 0.9773038 0.08427059 -0.1943603 0.9646653 -0.2560546 0.06210517 0.9322642 -0.3461634 -0.1051402 0.8112309 -0.5775849 -0.09110647 0.5915381 -0.717979 -0.3668638 0.6268603 -0.7629995 -0.1577278 0.7168509 -0.676856 0.167305 0.938798 -0.3426936 0.03492116 0.821438 -0.5702229 -0.009246051 0.6088547 -0.7868347 -0.1009318 0.9998447 0.01750141 0.002103924 0.9121959 -0.4096025 0.01114886 0.913634 -0.3794425 -0.145933 0.9063316 -0.3005353 -0.2970552 0.8976333 -0.1353147 -0.4194573 0.9073648 -0.02472263 0.4196165 0.9078091 -0.2692137 0.3215693 0.9108948 -0.3783144 0.1647697 0.7028909 -0.7111275 0.01555997 0.7115093 -0.6511034 -0.2642327 0.7126372 -0.4511184 -0.5372528 0.6965175 -0.1364415 -0.7044481 0.6805673 -0.09958279 0.7258866 0.6836156 -0.4646766 0.5628013 0.6964166 -0.6587287 0.2847464 0.379975 -0.9249901 0.003532052 0.3825385 -0.8497469 -0.3627596 0.3845607 -0.5692063 -0.7267168 0.407297 -0.1933061 -0.8926041 0.3540003 -0.1762402 0.9184896 0.3582125 -0.6113102 0.7056797 0.3763336 -0.8553769 0.3559541 -9.88333e-4 -0.9264119 -0.3765107 0.002732276 -0.9999963 2.93159e-4 0.004729747 -0.6508631 -0.7591805 0.02306687 -0.2010439 -0.9793107 -0.002560496 -0.1992455 0.9799463 4.59046e-4 -0.6602417 0.751053 0.005783021 -0.9254889 0.3787307 -0.3627418 -0.9318556 0.007975578 -0.3543863 -0.8666917 -0.3510783 -0.3529713 -0.5997654 -0.7181175 -0.3724738 -0.1723968 -0.9118897 -0.3698933 -0.1764332 0.9121679 -0.3732258 -0.6047793 0.703523 -0.3733461 -0.8577737 0.3533229 -0.7019362 -0.711919 0.02137899 -0.7152551 -0.6399131 -0.2809296 -0.7034506 -0.4240638 -0.5703746 -0.6982949 -0.1007652 -0.7086823 -0.6928273 -0.1200568 0.7110393 -0.6974202 -0.4633548 0.5467242 -0.6949816 -0.6593255 0.286863 -0.9258968 -0.3776661 0.009139776 -0.9326468 -0.3368716 -0.1291805 -0.9242352 -0.2348927 -0.3010229 -0.9153178 -0.02572792 -0.4019097 -0.9132554 -0.03282481 0.406063 -0.9142957 -0.2625543 0.3084292 -0.9196684 -0.3599172 0.1570656 -0.9995099 0.03127562 0.001409173 0.9077818 0.1177007 -0.4025899 0.9839971 0.1781272 0.004531681 0.9009702 0.1531519 0.4059525 0.7107202 0.07037419 -0.6999459 0.690962 0.1273453 0.7115862 0.4040027 0.03081911 -0.9142385 0.3684121 0.07120376 0.9269318 0.003136992 0.05325335 -0.9985761 -0.002081394 0.04165536 0.99913 -0.3768202 0.06888693 -0.9237214 -0.3720495 0.05465918 0.9266021 -0.6944568 0.1048216 -0.7118583 -0.6944563 0.09365499 0.7134138 -0.9082919 0.1476068 -0.391431 -0.9085673 0.1439021 0.3921705 -0.9823719 0.1869375 -2.73407e-4 0.6971237 -0.6906701 -0.192337 0.703623 -0.6856195 -0.1866566 0.3021624 -0.9286186 -0.2153262 0.3063998 -0.9280771 -0.2116415 0.8663074 -0.4742005 -0.1569886 0.8714175 -0.4673779 -0.1489618 0.3699675 -0.9181917 -0.1415913 0.7809591 -0.6201578 -0.07421123 0.7659952 -0.6377296 -0.08094757 0.3502546 -0.9260496 -0.1405485 0.9265134 -0.3751375 -0.02906614 0.9267634 -0.3745653 -0.02846723 0.8816379 -0.4487153 -0.1461821 0.9267635 -0.3745652 -0.02846693 0.5989366 -0.7972671 -0.07510119 0.6049646 -0.7818464 0.1507782 0.6058178 -0.7854825 0.1264999 0.5957037 -0.7961919 -0.1059036 0.7750762 -0.511298 0.3712564 0.8102627 -0.4960963 0.3120301 0.2816184 0.9265177 0.249512 0.2871293 0.9283362 0.2361117 0.681739 -0.7183144 0.1387679 0.3861867 -0.918962 0.07980424 0.1808056 0.9814325 0.06402796 0.0237953 0.9861873 -0.1639158 0.4396737 -0.8977588 0.02676594 0.1985157 -0.9795801 0.03185188 0.1958746 0.9566321 0.2156114 0.01521652 -0.9997122 0.01855123 -0.2126819 -0.9759462 -0.04791092 -0.1158569 -0.9741872 -0.1937437 -0.2057597 -0.9665265 -0.153263 -0.2220454 -0.6278315 -0.746005 -0.2949482 -0.6180316 -0.7287266 -0.3115273 -0.6209911 -0.7192502 0.2483953 -0.6847081 -0.6851822 0.1978818 -0.7005727 -0.6855952 0.2305859 -0.7392777 -0.6326916 0.2097874 -0.8299469 -0.5168921 0.2190848 -0.8049139 -0.5514668 0.2020013 -0.795044 -0.5719271 -0.1682548 -0.6341897 -0.7546482 0.2692272 -0.6919513 -0.6698657 0.5773153 -0.1128183 -0.8086898 0.7346033 -0.3544718 -0.5785393 0.5395385 0.830981 0.1355322 0.5395469 0.7095984 0.4531662 0.6028299 0.7913839 -0.101527 0.6010317 0.583226 -0.5464506 0.8622502 0.3340893 -0.3806689 0.1458975 -0.645596 -0.7496131 0.6184645 0.2477445 0.7457375 0.931645 0.3606449 0.04441773 0.3514881 0.04661768 -0.9350309 0.5472468 -0.833331 0.07797807 0.3792307 -0.852803 -0.3590421 0.5612332 -0.7483875 -0.3534593 0.8219813 -0.2087315 0.529885 0.6337578 -0.363005 0.6830655 0.8932917 0.1547165 0.4220106 0.8050311 -0.5901898 0.0600093 0.8653187 -0.4998496 0.03706556 -0.03902572 -0.6856303 -0.7269032 0.3386922 -0.7273564 -0.5968587 0.1417467 -0.3025956 -0.94252 0.893809 -0.3801804 -0.2378411 -0.1464244 -0.7940836 -0.5899077 -0.06896114 -0.797282 -0.5996547 0.8322756 -0.4638095 0.3036415 0.9696158 -0.2392841 0.05087608 0.9664059 -0.2543065 0.03725647 0.7060765 -0.6480857 0.2853787 0.9014804 -0.06275635 0.4282464 0.9960803 -0.03993302 0.07892572 0.7134506 -0.152121 0.6839938 0.5750066 -0.7219368 0.3849348 0.7966063 0.3419821 0.4984645 0.4875279 0.4062548 0.7728347 0.9417155 0.3225874 0.09544366 0.7872081 0.5695676 0.2364239 0.4304442 0.6693612 0.6055356 0.1446308 0.7145039 0.6845189 0.1365734 0.8392531 0.5263097 0.03795045 0.8347834 0.5492691 0.2800481 0.8948345 0.3476268 0.9696719 -0.2443179 0.006730496 0.9733889 -0.2242475 -0.04719316 0.9880863 -0.1538538 0.003827154 0.9837696 0.1794314 0.001306712 -0.1729957 -0.6923567 -0.7005103 0.9737791 -0.2228556 -0.04571455 0.9731065 -0.1818701 -0.1413758 0.23373 -0.9649407 -0.1194137 0.2832476 -0.6802287 0.6760619 0.2690584 -0.3717224 0.8884988 0.1686723 -0.09539157 0.9810455 0.3018587 -0.9520551 0.04972541 0.312121 -0.9270175 0.2078924 0.3211081 -0.8564243 0.4042612 3.54301e-4 0.5542533 -0.8323481 3.74792e-4 0.5542356 -0.8323599 -0.8883156 0.3772649 -0.2618526 -0.9505158 0.310435 -0.01224094 -0.9940311 0.1038962 -0.03328347 -0.9921847 0.02319455 -0.1226036 -0.873455 0.04732072 -0.4846002 -0.9436169 -0.1852625 -0.2743449 -0.660627 0.1528567 -0.7349877 -0.6267606 0.513418 -0.5861513 -0.7048143 -0.3794632 -0.5993701 -0.4245932 -0.4048282 -0.8098363 -0.8026219 -0.5202896 -0.2917138 -0.653046 -0.6606947 -0.3701535 -0.3227971 -0.67267 -0.6658207 -0.05383235 -0.6865457 -0.7250911 -0.06720495 -0.8375933 -0.5421448 0.04471594 -0.759506 -0.6489616 -0.3282617 -0.8946292 -0.3031221 -0.9972653 0.07383227 -0.003287851 -0.988569 -0.1507464 -0.002667725 -0.9202485 -0.3691927 -0.1297672 -0.8909698 -0.3960836 -0.2220149 -0.591441 0.6618244 -0.4606367 -0.6414119 0.4888958 -0.5912458 -0.5042729 0.8121621 -0.2934311 -0.434252 0.8827854 -0.1792069 0.4342509 -0.882786 0.179207 0.5736954 -0.2869626 0.7671544 0.6195434 -0.5511031 -0.5589736 0.6845003 -0.6941549 -0.2227295 0.6195478 -0.7734426 0.1339671 0.6884122 -0.629328 0.3606036 0.6884065 -0.3020301 -0.6594501 0.9439901 -0.3141951 -0.1008175 0.002180278 0.2750689 -0.9614221 9.73075e-5 0.9902043 -0.1396256 1.14059e-4 0.9762898 -0.2164677 0.01617401 0.9994505 -0.02893602 1.7565e-4 0.9430754 -0.3325791 1.53775e-4 0.9430677 -0.3326011 2.47426e-4 0.838008 -0.5456581 2.33174e-4 0.8379993 -0.5456714 4.29097e-4 0.2768127 -0.9609239 0 0.2772786 -0.9607896 -0.9532227 0.1414324 -0.2671392 -0.9813486 -0.03385901 -0.1892314 -0.9294109 -0.2869553 -0.2320606 0.2894327 -0.876209 0.3853397 0.489118 -0.4224087 0.7631084 0.9105182 -0.349036 0.2216541 0.962522 0.2708445 -0.01395744 0.968506 0.194369 0.1556179 -0.9932076 -0.1014301 0.05701529 -0.7430862 -0.6285592 0.229644 -0.9934465 0.06976038 -0.09053939 0.6440051 0.7403702 0.192638 0.01603978 0.9949148 0.09943532 -0.2815623 0.9280974 0.2436348 -0.7902058 0.6007981 0.120899 -0.2815507 0.9280988 0.2436427 0.01605236 0.994916 0.09942203 -0.9375139 0.3321576 0.1036295 0.7466007 0.6578631 0.09901374 0.9103524 -4.69548e-4 0.4138337 0.386273 -0.2036873 0.8996136 0.7780887 0.07245767 0.6239616 -0.9995513 0.01987892 -0.02240681 -0.9919807 -0.1194512 -0.04129928 -0.9400387 -0.2361984 0.2460442 -0.3618669 -0.4952306 0.7898095 -0.8368787 -0.2074989 0.5065356 -0.751308 -0.2290582 0.6189256 -0.1482301 -0.3377553 0.9294887 0.4805197 -0.09845495 0.8714399 0.748651 0.02215999 0.6625939 0.4840516 0.1481055 0.8624145 0.8496218 -0.1359928 0.5095574 0.006307363 -0.04988533 0.9987351 -0.03492832 0.4547386 0.8899399 -0.6974523 -0.03503388 0.7157743 -0.6949892 0.6764509 -0.2437301 -0.800523 0.5724681 -0.1773225 0.02533882 0.9826369 -0.1838008 -0.06228387 0.9889805 -0.1343068 -0.6518266 -0.7308413 -0.2024675 -0.6498188 -0.7267067 -0.2227845 0.04356896 -0.9764622 -0.2112427 0.1380376 -0.9762665 -0.1668813 0.7272288 -0.6574538 -0.1972128 0.7921789 -0.5951619 -0.1350374 0.9839517 -0.05500173 -0.1697465 0.9907511 0.06384027 -0.1197364 0.7683515 0.6114709 -0.1890489 0.7002303 0.7028409 -0.1252691 0.02534198 0.9826429 -0.1837683 -0.06225448 0.9889816 -0.1343126 0.6217935 0.7807232 0.06200164 -0.880793 0.4728356 -0.0251047 -0.2804424 0.9548112 0.09842562 0.9451701 0.2866304 0.1565142 0.9129993 0.246333 0.3251961 0.8642663 0.2089949 0.4575641 -0.9926915 -0.03385174 0.115835 -0.9584761 -0.2010654 0.2022286 0.8203999 0.04241651 0.5702148 -0.2804353 0.9548133 0.09842628 0.9078502 -0.3854301 0.1650813 0.05233871 -0.9357911 -0.3486483 -0.07130032 -0.9970351 -0.0289368 -0.7158012 -0.6961278 0.05508822 0 0 -1 0 0 -1 0 0 -1 0 0 -1 0 0 -1 0 0 -1 0 0 -1 0 0 -1 0 0 -1 0 0 -1 0 0 -1 -0.06404435 -0.8624124 0.5021386 -0.8311689 -0.1814313 0.5255864 0.6645381 -0.7414381 -0.09305232 0.7910776 -0.3063995 0.5294485 -7.95497e-4 0.3620623 0.9321536 0.03148609 0.9559982 0.2916781 -0.7263126 -0.6817995 -0.08728951</float_array>
          <technique_common>
            <accessor source="#aladdin_prince_lod0_mesh0000-mesh-normals-array" count="2142" stride="3">
              <param name="X" type="float"/>
              <param name="Y" type="float"/>
              <param name="Z" type="float"/>
            </accessor>
          </technique_common>
        </source>
        <source id="aladdin_prince_lod0_mesh0000-mesh-map-0">
          <float_array id="aladdin_prince_lod0_mesh0000-mesh-map-0-array" count="18552">0.6953468 0.6518152 0.7059074 0.6277574 0.6751388 0.6286222 0.6751388 0.6286222 0.6649153 0.6499702 0.6953468 0.6518152 0.7059074 0.6277574 0.720407 0.600076 0.700778 0.5886854 0.700778 0.5886854 0.6751388 0.6286222 0.7059074 0.6277574 0.7329282 0.5772674 0.720407 0.600076 0.7647748 0.6193168 0.7647748 0.6193168 0.7773318 0.6001985 0.7329282 0.5772674 0.8269722 0.5979483 0.8203237 0.6198909 0.8485366 0.5980308 0.8483822 0.6158358 0.8485366 0.5980308 0.8203237 0.6198909 0.8149778 0.7167807 0.8173686 0.7384974 0.8396791 0.7391496 0.8186045 0.6921935 0.8149778 0.7167807 0.8435481 0.7051534 0.8435481 0.7051534 0.8149778 0.7167807 0.8396791 0.7391496 0.32699 0.6351 0.33335 0.61561 0.2956 0.62901 0.30572 0.60536 0.2956 0.62901 0.33335 0.61561 0.35263 0.57828 0.36174 0.56905 0.33179 0.56091 0.33863 0.55004 0.33179 0.56091 0.36174 0.56905 0.41473 0.82541 0.43462 0.81987 0.43441 0.79007 0.2956 0.62901 0.29948 0.64519 0.32699 0.6351 0.40408 0.82797 0.41473 0.82541 0.40489 0.80337 0.40489 0.80337 0.41473 0.82541 0.43441 0.79007 0.35847 0.81 0.37952 0.80566 0.35772 0.78577 0.37952 0.80566 0.40489 0.80337 0.38454 0.77926 0.37952 0.80566 0.38454 0.77926 0.35772 0.78577 0.32723 0.52796 0.31889 0.54269 0.33863 0.55004 0.33179 0.56091 0.31494 0.55257 0.31861 0.58129 0.31494 0.55257 0.29039 0.5677 0.31861 0.58129 0.2956 0.62901 0.30572 0.60536 0.27712 0.59825 0.27712 0.59825 0.26303 0.61504 0.2956 0.62901 0.43441 0.79007 0.42245 0.76717 0.40489 0.80337 0.42245 0.76717 0.43441 0.79007 0.45119 0.75028 0.42245 0.76717 0.40393 0.77481 0.40489 0.80337 0.40393 0.77481 0.38454 0.77926 0.40489 0.80337 0.25354 0.59898 0.26303 0.61504 0.27712 0.59825 0.25745 0.57834 0.25354 0.59898 0.27712 0.59825 0.45119 0.75028 0.44228 0.74222 0.42245 0.76717 0.08091998 0.55048 0.08384996 0.56221 0.105 0.53576 0.07916998 0.53873 0.08091998 0.55048 0.09920001 0.52898 0.105 0.53576 0.09920001 0.52898 0.08091998 0.55048 0.41678 0.75007 0.41322 0.73129 0.39798 0.75963 0.41322 0.73129 0.41807 0.72047 0.39831 0.72413 0.41322 0.73129 0.39831 0.72413 0.39798 0.75963 0.26303 0.61504 0.25354 0.59898 0.24186 0.61562 0.24186 0.61562 0.25354 0.59898 0.22493 0.5992 0.1281 0.52508 0.12726 0.51967 0.1216199 0.52096 0.12726 0.51967 0.1281 0.52508 0.13226 0.52694 0.11689 0.56626 0.12488 0.56406 0.12729 0.54573 0.11608 0.51086 0.11613 0.51607 0.1256 0.51665 0.1216199 0.52096 0.1256 0.51665 0.11864 0.5179 0.11613 0.51607 0.11864 0.5179 0.1256 0.51665 0.12726 0.51967 0.1256 0.51665 0.1216199 0.52096 0.22768 0.58772 0.22493 0.5992 0.25354 0.59898 0.25354 0.59898 0.25745 0.57834 0.22768 0.58772 0.22784 0.57701 0.22768 0.58772 0.25745 0.57834 0.39646 0.70653 0.38599 0.70809 0.39831 0.72413 0.38821 0.70226 0.38599 0.70809 0.39646 0.70653 0.37181 0.75093 0.39798 0.75963 0.39831 0.72413 0.22784 0.57701 0.22472 0.56835 0.2183099 0.57819 0.2183099 0.57819 0.22472 0.56835 0.19292 0.55093 0.27179 0.55945 0.29039 0.5677 0.29331 0.54028 0.22472 0.56835 0.22784 0.57701 0.25745 0.57834 0.04808998 0.54088 0.05145996 0.53713 0.04079997 0.5375 0.03102993 0.53913 0.03496998 0.54268 0.04079997 0.5375 0.02936995 0.53688 0.03102993 0.53913 0.04079997 0.5375 0.04910999 0.5497 0.05437999 0.5504 0.04808998 0.54088 0.19804 0.54512 0.19292 0.55093 0.22472 0.56835 0.15861 0.51395 0.16145 0.52701 0.16536 0.51877 0.16145 0.52701 0.16591 0.52418 0.16536 0.51877 0.22633 0.49164 0.22946 0.49586 0.24003 0.49706 0.31494 0.55257 0.29331 0.54028 0.29039 0.5677 0.40393 0.77481 0.39798 0.75963 0.38454 0.77926 0.38454 0.77926 0.39798 0.75963 0.37181 0.75093 0.7815138 0.1547766 0.7594876 0.1635197 0.7539442 0.1418315 0.7539442 0.1418315 0.769578 0.135421 0.7815138 0.1547766 0.7869993 0.09694075 0.803106 0.07744419 0.8102734 0.1268819 0.8102734 0.1268819 0.7824023 0.118211 0.7869993 0.09694075 0.7594876 0.1635197 0.7815138 0.1547766 0.7938905 0.1883222 0.7938905 0.1883222 0.7683695 0.1984678 0.7594876 0.1635197 0.7815138 0.1547766 0.8102734 0.1268819 0.8103283 0.1777434 0.8103283 0.1777434 0.7938905 0.1883222 0.7815138 0.1547766 0.7784355 0.2414655 0.7683695 0.1984678 0.7938905 0.1883222 0.7938905 0.1883222 0.8098424 0.2316753 0.7784355 0.2414655 0.7909567 0.3008041 0.7784355 0.2414655 0.8098424 0.2316753 0.8098424 0.2316753 0.827229 0.2888678 0.7909567 0.3008041 0.8007143 0.3513998 0.7909567 0.3008041 0.827229 0.2888678 0.827229 0.2888678 0.8289853 0.3462574 0.8007143 0.3513998 0.5717329 0.7298474 0.5604308 0.7111091 0.5797641 0.6951168 0.5797641 0.6951168 0.5905324 0.7155307 0.5717329 0.7298474 0.644385 0.6393191 0.6649153 0.6499702 0.6751388 0.6286222 0.6751388 0.6286222 0.6641592 0.6145097 0.644385 0.6393191 0.644385 0.6393191 0.6238558 0.6657866 0.6597183 0.6727265 0.6597183 0.6727265 0.6649153 0.6499702 0.644385 0.6393191 0.5793282 0.7972621 0.5693897 0.7784008 0.5958335 0.7729279 0.5958335 0.7729279 0.6037146 0.7925049 0.5793282 0.7972621 0.6597183 0.6727265 0.6238558 0.6657866 0.6277059 0.6948947 0.6277059 0.6948947 0.6571078 0.694678 0.6597183 0.6727265 0.6571078 0.694678 0.6277059 0.6948947 0.6610047 0.7167596 0.1628422 0.9585836 0.1749772 0.9761018 0.1536452 0.9944874 0.1536452 0.9944874 0.137714 0.9811698 0.1628422 0.9585836 0.5634135 0.8079507 0.5531677 0.8314205 0.5461834 0.8206202 0.5461834 0.8206202 0.5535022 0.7963246 0.5634135 0.8079507 0.6855313 0.7960119 0.7115339 0.8151823 0.7172133 0.8060832 0.7172133 0.8060832 0.6948693 0.7857343 0.6855313 0.7960119 0.5535022 0.7963246 0.5693897 0.7784008 0.5793282 0.7972621 0.5793282 0.7972621 0.5634135 0.8079507 0.5535022 0.7963246 0.4842833 0.7248234 0.5149576 0.7261336 0.5146599 0.7494179 0.5146599 0.7494179 0.4828807 0.7473636 0.4842833 0.7248234 0.5453786 0.7420164 0.5146599 0.7494179 0.5149576 0.7261336 0.5149576 0.7261336 0.5349291 0.7227275 0.5453786 0.7420164 0.5717329 0.7298474 0.5453786 0.7420164 0.5349291 0.7227275 0.5349291 0.7227275 0.5604308 0.7111091 0.5717329 0.7298474 0.8078449 0.3845918 0.8007143 0.3513998 0.8289853 0.3462574 0.8289853 0.3462574 0.8332186 0.3788345 0.8078449 0.3845918 0.9021151 0.891781 0.8983324 0.9166315 0.8914877 0.915112 0.8914877 0.915112 0.895399 0.8931471 0.9021151 0.891781 0.9021151 0.891781 0.895399 0.8931471 0.8985024 0.8695506 0.8985024 0.8695506 0.9136009 0.8520891 0.9021151 0.891781 0.9036199 0.8106203 0.9167549 0.8112981 0.9136009 0.8520891 0.9136009 0.8520891 0.8989329 0.8458603 0.9036199 0.8106203 0.6934869 0.6941191 0.6571078 0.694678 0.6610047 0.7167596 0.6610047 0.7167596 0.6954234 0.7148075 0.6934869 0.6941191 0.1749772 0.9761018 0.2003316 0.9931016 0.1536452 0.9944874 0.6597183 0.6727265 0.6571078 0.694678 0.6934869 0.6941191 0.6934869 0.6941191 0.6939179 0.6723635 0.6597183 0.6727265 0.6649153 0.6499702 0.6597183 0.6727265 0.6939179 0.6723635 0.6939179 0.6723635 0.6953468 0.6518152 0.6649153 0.6499702 0.7186823 0.7776368 0.6948693 0.7857343 0.7172133 0.8060832 0.7172133 0.8060832 0.7283019 0.7976033 0.7186823 0.7776368 0.2003316 0.9931016 0.1749772 0.9761018 0.2122454 0.9582759 0.2122454 0.9582759 0.2367822 0.9830819 0.2003316 0.9931016 0.6939179 0.6723635 0.6934869 0.6941191 0.752973 0.6869882 0.752973 0.6869882 0.6934869 0.6941191 0.6954234 0.7148075 0.6954234 0.7148075 0.7532559 0.7211294 0.752973 0.6869882 0.6953468 0.6518152 0.6939179 0.6723635 0.7556521 0.661625 0.7059074 0.6277574 0.6953468 0.6518152 0.7556521 0.661625 0.7556521 0.661625 0.7564393 0.6411123 0.7059074 0.6277574 0.720407 0.600076 0.7059074 0.6277574 0.7564393 0.6411123 0.7564393 0.6411123 0.7647748 0.6193168 0.720407 0.600076 0.7846084 0.5773784 0.7458867 0.5551875 0.7329282 0.5772674 0.7329282 0.5772674 0.7773318 0.6001985 0.7846084 0.5773784 0.7283019 0.7976033 0.7757785 0.7878612 0.76539 0.7666649 0.76539 0.7666649 0.7186823 0.7776368 0.7283019 0.7976033 0.7532559 0.7211294 0.6954234 0.7148075 0.7016513 0.7353753 0.7532559 0.7211294 0.7016513 0.7353753 0.7573408 0.7463403 0.7573408 0.7463403 0.7087969 0.7563342 0.7186823 0.7776368 0.7186823 0.7776368 0.76539 0.7666649 0.7573408 0.7463403 0.8213554 0.6724925 0.8255153 0.6531332 0.7564393 0.6411123 0.7564393 0.6411123 0.7556521 0.661625 0.8213554 0.6724925 0.7556521 0.661625 0.752973 0.6869882 0.8186045 0.6921935 0.8186045 0.6921935 0.8213554 0.6724925 0.7556521 0.661625 0.8255153 0.6531332 0.824512 0.636195 0.7647748 0.6193168 0.7647748 0.6193168 0.7564393 0.6411123 0.8255153 0.6531332 0.8213554 0.6724925 0.8444771 0.6758446 0.8447595 0.6555407 0.8447595 0.6555407 0.8255153 0.6531332 0.8213554 0.6724925 0.8255153 0.6531332 0.8447595 0.6555407 0.8450554 0.6336952 0.8450554 0.6336952 0.824512 0.636195 0.8255153 0.6531332 0.8186045 0.6921935 0.8435481 0.7051534 0.8444771 0.6758446 0.8444771 0.6758446 0.8213554 0.6724925 0.8186045 0.6921935 0.7647748 0.6193168 0.824512 0.636195 0.8203237 0.6198909 0.8203237 0.6198909 0.7773318 0.6001985 0.7647748 0.6193168 0.8450554 0.6336952 0.8483822 0.6158358 0.8203237 0.6198909 0.8203237 0.6198909 0.824512 0.636195 0.8450554 0.6336952 0.8206683 0.755173 0.76539 0.7666649 0.7757785 0.7878612 0.7757785 0.7878612 0.8244111 0.7804028 0.8206683 0.755173 0.8173686 0.7384974 0.7573408 0.7463403 0.76539 0.7666649 0.76539 0.7666649 0.8206683 0.755173 0.8173686 0.7384974 0.8206683 0.755173 0.8244111 0.7804028 0.8483796 0.7755804 0.8483796 0.7755804 0.8420225 0.7525204 0.8206683 0.755173 0.8396791 0.7391496 0.8173686 0.7384974 0.8206683 0.755173 0.8206683 0.755173 0.8420225 0.7525204 0.8396791 0.7391496 0.7573408 0.7463403 0.8173686 0.7384974 0.8149778 0.7167807 0.8149778 0.7167807 0.7532559 0.7211294 0.7573408 0.7463403 0.8435481 0.7051534 0.8396791 0.7391496 0.8652513 0.7339566 0.8652513 0.7339566 0.8645558 0.7045435 0.8435481 0.7051534 0.8420225 0.7525204 0.869675 0.7504957 0.8652513 0.7339566 0.8652513 0.7339566 0.8396791 0.7391496 0.8420225 0.7525204 0.869675 0.7504957 0.9597219 0.7267062 0.9584768 0.7144736 0.9584768 0.7144736 0.8652513 0.7339566 0.869675 0.7504957 0.8645558 0.7045435 0.8652513 0.7339566 0.9584768 0.7144736 0.9584768 0.7144736 0.9564431 0.6949247 0.8645558 0.7045435 0.869675 0.7504957 0.8420225 0.7525204 0.8483796 0.7755804 0.8483796 0.7755804 0.8761676 0.7718765 0.869675 0.7504957 0.8761676 0.7718765 0.9631296 0.7424956 0.9597219 0.7267062 0.9597219 0.7267062 0.869675 0.7504957 0.8761676 0.7718765 0.872654 0.5982733 0.8485366 0.5980308 0.8483822 0.6158358 0.8483822 0.6158358 0.8689377 0.6193736 0.872654 0.5982733 0.872654 0.5982733 0.8689377 0.6193736 0.9583206 0.6285838 0.9583206 0.6285838 0.9617452 0.6136651 0.872654 0.5982733 0.8444771 0.6758446 0.8435481 0.7051534 0.8645558 0.7045435 0.8645558 0.7045435 0.864457 0.6771106 0.8444771 0.6758446 0.864457 0.6771106 0.8644599 0.6552025 0.8447595 0.6555407 0.8447595 0.6555407 0.8444771 0.6758446 0.864457 0.6771106 0.8655451 0.6358275 0.8450554 0.6336952 0.8447595 0.6555407 0.8447595 0.6555407 0.8644599 0.6552025 0.8655451 0.6358275 0.8689377 0.6193736 0.8483822 0.6158358 0.8450554 0.6336952 0.8450554 0.6336952 0.8655451 0.6358275 0.8689377 0.6193736 0.8689377 0.6193736 0.8655451 0.6358275 0.9554241 0.6395653 0.9554241 0.6395653 0.9583206 0.6285838 0.8689377 0.6193736 0.9914243 0.641062 0.975062 0.6403825 0.9749212 0.6569783 0.9749212 0.6569783 0.9914244 0.6572436 0.9914243 0.641062 0.864457 0.6771106 0.9545875 0.6748189 0.9551143 0.65666 0.9551143 0.65666 0.8644599 0.6552025 0.864457 0.6771106 0.9906888 0.6739005 0.9742805 0.6743181 0.9765198 0.6928226 0.9765198 0.6928226 0.9932486 0.6910719 0.9906888 0.6739005 0.31861 0.58129 0.30572 0.60536 0.33335 0.61561 0.33335 0.61561 0.34263 0.59566 0.31861 0.58129 0.37952 0.80566 0.35847 0.81 0.37126 0.83713 0.37126 0.83713 0.38805 0.83228 0.37952 0.80566 0.33179 0.56091 0.33863 0.55004 0.31889 0.54269 0.31889 0.54269 0.31494 0.55257 0.33179 0.56091 0.29039 0.5677 0.27712 0.59825 0.30572 0.60536 0.30572 0.60536 0.31861 0.58129 0.29039 0.5677 0.25742 0.65061 0.29948 0.64519 0.2956 0.62901 0.2956 0.62901 0.25624 0.63913 0.25742 0.65061 0.25624 0.63913 0.2956 0.62901 0.26303 0.61504 0.26303 0.61504 0.24626 0.62715 0.25624 0.63913 0.25745 0.57834 0.27712 0.59825 0.29039 0.5677 0.29039 0.5677 0.27179 0.55945 0.25745 0.57834 0.11055 0.54017 0.0934 0.57006 0.10985 0.56871 0.10985 0.56871 0.11861 0.5441 0.11055 0.54017 0.08384996 0.56221 0.0934 0.57006 0.11055 0.54017 0.11055 0.54017 0.105 0.53576 0.08384996 0.56221 0.41678 0.75007 0.42245 0.76717 0.44228 0.74222 0.44228 0.74222 0.43273 0.73462 0.41678 0.75007 0.41322 0.73129 0.41678 0.75007 0.43273 0.73462 0.43273 0.73462 0.42728 0.72738 0.41322 0.73129 0.07848995 0.52957 0.07916998 0.53873 0.09920001 0.52898 0.09920001 0.52898 0.09650999 0.52089 0.07848995 0.52957 0.41807 0.72047 0.41322 0.73129 0.42728 0.72738 0.42728 0.72738 0.4255 0.71971 0.41807 0.72047 0.1328999 0.56589 0.13657 0.54568 0.12729 0.54573 0.12729 0.54573 0.12488 0.56406 0.1328999 0.56589 0.24626 0.62715 0.26303 0.61504 0.24186 0.61562 0.24186 0.61562 0.24154 0.62327 0.24626 0.62715 0.11861 0.5441 0.10985 0.56871 0.11689 0.56626 0.11689 0.56626 0.12729 0.54573 0.11861 0.5441 0.24154 0.62327 0.24186 0.61562 0.23202 0.61996 0.23202 0.61996 0.23472 0.62669 0.24154 0.62327 0.23202 0.61996 0.24186 0.61562 0.22493 0.5992 0.22493 0.5992 0.21909 0.60812 0.23202 0.61996 0.39831 0.72413 0.41807 0.72047 0.40889 0.70526 0.40889 0.70526 0.39646 0.70653 0.39831 0.72413 0.11861 0.5441 0.1281 0.52508 0.1216199 0.52096 0.1216199 0.52096 0.11055 0.54017 0.11861 0.5441 0.1281 0.52508 0.11861 0.5441 0.12729 0.54573 0.12729 0.54573 0.13226 0.52694 0.1281 0.52508 0.11864 0.5179 0.105 0.53576 0.11055 0.54017 0.11055 0.54017 0.1216199 0.52096 0.11864 0.5179 0.13226 0.52694 0.12729 0.54573 0.13657 0.54568 0.13657 0.54568 0.13596 0.52379 0.13226 0.52694 0.09650999 0.52089 0.09920001 0.52898 0.11613 0.51607 0.11613 0.51607 0.11608 0.51086 0.09650999 0.52089 0.03190994 0.58609 0.03024995 0.6193 0.04229998 0.61945 0.04229998 0.61945 0.04208993 0.58539 0.03190994 0.58609 0.04208993 0.58539 0.04229998 0.61945 0.05209994 0.61572 0.05209994 0.61572 0.05115997 0.58446 0.04208993 0.58539 0.01920998 0.61694 0.03024995 0.6193 0.03190994 0.58609 0.03190994 0.58609 0.02369999 0.58397 0.01920998 0.61694 0.007579982 0.61101 0.01920998 0.61694 0.02369999 0.58397 0.02369999 0.58397 0.01262998 0.5804 0.007579982 0.61101 0.06240999 0.61192 0.07302999 0.61104 0.0643 0.5819 0.0643 0.5819 0.05852997 0.58261 0.06240999 0.61192 0.35996 0.7248 0.37181 0.75093 0.39831 0.72413 0.39831 0.72413 0.38599 0.70809 0.35996 0.7248 0.36406 0.67115 0.38599 0.70809 0.38821 0.70226 0.38821 0.70226 0.3723 0.66849 0.36406 0.67115 0.38599 0.70809 0.36406 0.67115 0.34085 0.6932 0.34085 0.6932 0.35996 0.7248 0.38599 0.70809 0.05115997 0.58446 0.05209994 0.61572 0.06240999 0.61192 0.06240999 0.61192 0.05852997 0.58261 0.05115997 0.58446 0.05115997 0.58446 0.04910999 0.5497 0.04240995 0.55015 0.04240995 0.55015 0.04208993 0.58539 0.05115997 0.58446 0.04208993 0.58539 0.04240995 0.55015 0.03303998 0.55315 0.03303998 0.55315 0.03190994 0.58609 0.04208993 0.58539 0.04808998 0.54088 0.04079997 0.5375 0.04240995 0.55015 0.04240995 0.55015 0.04910999 0.5497 0.04808998 0.54088 0.03496998 0.54268 0.03303998 0.55315 0.04240995 0.55015 0.04240995 0.55015 0.04079997 0.5375 0.03496998 0.54268 0.05145996 0.53713 0.04808998 0.54088 0.05437999 0.5504 0.05437999 0.5504 0.05842995 0.54954 0.05145996 0.53713 0.05437999 0.5504 0.04910999 0.5497 0.05115997 0.58446 0.05115997 0.58446 0.05852997 0.58261 0.05437999 0.5504 0.05842995 0.54954 0.05437999 0.5504 0.05852997 0.58261 0.05852997 0.58261 0.0643 0.5819 0.05842995 0.54954 0.02609997 0.55263 0.01882994 0.54743 0.01262998 0.5804 0.01262998 0.5804 0.02369999 0.58397 0.02609997 0.55263 0.02369999 0.58397 0.03190994 0.58609 0.03303998 0.55315 0.03303998 0.55315 0.02609997 0.55263 0.02369999 0.58397 0.03496998 0.54268 0.03102993 0.53913 0.02609997 0.55263 0.02609997 0.55263 0.03303998 0.55315 0.03496998 0.54268 0.35996 0.7248 0.34085 0.6932 0.32084 0.71755 0.32084 0.71755 0.33387 0.74143 0.35996 0.7248 0.37181 0.75093 0.35996 0.7248 0.33387 0.74143 0.33387 0.74143 0.34789 0.76386 0.37181 0.75093 0.25435 0.50707 0.27359 0.51858 0.27698 0.51203 0.27698 0.51203 0.25254 0.49574 0.25435 0.50707 0.29691 0.53151 0.30381 0.51856 0.27698 0.51203 0.27698 0.51203 0.27359 0.51858 0.29691 0.53151 0.25254 0.49574 0.24003 0.49706 0.25435 0.50707 0.32419 0.66035 0.34085 0.6932 0.36406 0.67115 0.36406 0.67115 0.34632 0.63847 0.32419 0.66035 0.36406 0.67115 0.3723 0.66849 0.35474 0.63609 0.35474 0.63609 0.34632 0.63847 0.36406 0.67115 0.34085 0.6932 0.32419 0.66035 0.3111 0.70042 0.3111 0.70042 0.32084 0.71755 0.34085 0.6932 0.23188 0.48659 0.24003 0.49706 0.25254 0.49574 0.22633 0.49164 0.23188 0.48659 0.1870999 0.4926 0.1870999 0.4926 0.18865 0.49946 0.22633 0.49164 0.15861 0.51395 0.16536 0.51877 0.18865 0.49946 0.18865 0.49946 0.1870999 0.4926 0.15861 0.51395 0.19804 0.54512 0.16591 0.52418 0.16145 0.52701 0.16145 0.52701 0.19292 0.55093 0.19804 0.54512 0.19394 0.50093 0.16591 0.52418 0.19804 0.54512 0.19804 0.54512 0.22111 0.52196 0.19394 0.50093 0.16591 0.52418 0.19394 0.50093 0.18865 0.49946 0.18865 0.49946 0.16536 0.51877 0.16591 0.52418 0.22633 0.49164 0.18865 0.49946 0.19394 0.50093 0.19394 0.50093 0.22946 0.49586 0.22633 0.49164 0.24003 0.49706 0.22946 0.49586 0.25247 0.5126 0.25247 0.5126 0.25435 0.50707 0.24003 0.49706 0.25435 0.50707 0.25247 0.5126 0.26946 0.52416 0.26946 0.52416 0.27359 0.51858 0.25435 0.50707 0.26946 0.52416 0.29331 0.54028 0.29691 0.53151 0.29691 0.53151 0.27359 0.51858 0.26946 0.52416 0.29331 0.54028 0.31494 0.55257 0.31889 0.54269 0.31889 0.54269 0.29691 0.53151 0.29331 0.54028 0.31889 0.54269 0.32723 0.52796 0.30381 0.51856 0.30381 0.51856 0.29691 0.53151 0.31889 0.54269 0.8938086 0.9450129 0.9414113 0.9526348 0.9447044 0.9214988 0.9447044 0.9214988 0.8982323 0.9166203 0.8938086 0.9450129 0.8938086 0.9450129 0.8895127 0.985836 0.9361035 0.9857332 0.9361035 0.9857332 0.9414113 0.9526348 0.8938086 0.9450129 0.9525689 0.8131166 0.9546059 0.8565495 0.9136009 0.8520891 0.9136009 0.8520891 0.9167549 0.8112981 0.9525689 0.8131166 0.9464315 0.8566239 0.9870895 0.8549843 0.9860121 0.8124297 0.9860121 0.8124297 0.9440748 0.8122504 0.9464315 0.8566239 0.9440748 0.8122504 0.9860121 0.8124297 0.9833247 0.7824098 0.9833247 0.7824098 0.949718 0.7790837 0.9440748 0.8122504 0.9810107 0.9597635 0.984741 0.9240952 0.9447044 0.9214988 0.9447044 0.9214988 0.9414113 0.9526348 0.9810107 0.9597635 0.9763704 0.9933738 0.9810107 0.9597635 0.9414113 0.9526348 0.9414113 0.9526348 0.9361035 0.9857332 0.9763704 0.9933738 0.9857277 0.961225 0.9903587 0.9244521 0.984741 0.9240952 0.984741 0.9240952 0.9810107 0.9597635 0.9857277 0.961225 0.9810107 0.9597635 0.9763704 0.9933738 0.9818354 0.992973 0.9818354 0.992973 0.9857277 0.961225 0.9810107 0.9597635 0.9860121 0.8124297 0.9870895 0.8549844 0.9546059 0.8565495 0.9546059 0.8565495 0.9525689 0.8131166 0.9860121 0.8124297 0.949718 0.7790838 0.9833211 0.7823857 0.9860121 0.8124297 0.9860121 0.8124297 0.9525689 0.8131166 0.949718 0.7790838 0.9895028 0.7814669 0.9911878 0.8142065 0.9860121 0.8124297 0.9860121 0.8124297 0.9833211 0.7823857 0.9895028 0.7814669 0.9870895 0.8549844 0.9860121 0.8124297 0.9911878 0.8142065 0.9911878 0.8142065 0.9924425 0.8558513 0.9870895 0.8549844 0.9833247 0.7824098 0.9860121 0.8124297 0.9911878 0.8142065 0.9911878 0.8142065 0.9895168 0.7814447 0.9833247 0.7824098 0.9924425 0.8558513 0.9911878 0.8142065 0.9860121 0.8124297 0.9860121 0.8124297 0.9870895 0.8549843 0.9924425 0.8558513 0.700778 0.5886854 0.7195698 0.5681781 0.7101073 0.5591889 0.7101073 0.5591889 0.6869956 0.5800337 0.700778 0.5886854 0.7195698 0.5681781 0.73677 0.551254 0.7338177 0.5415271 0.7338177 0.5415271 0.7101073 0.5591889 0.7195698 0.5681781 0.9167549 0.8112981 0.9036199 0.8106203 0.9069154 0.776425 0.9069154 0.776425 0.91116 0.7755305 0.9167549 0.8112981 0.9036199 0.8106203 0.9088875 0.8113711 0.9111601 0.7755305 0.9111601 0.7755305 0.9069154 0.776425 0.9036199 0.8106203 0.8989329 0.8458603 0.9055855 0.8520359 0.9088875 0.8113711 0.9088875 0.8113711 0.9036199 0.8106203 0.8989329 0.8458603 0.22946 0.49586 0.19394 0.50093 0.22111 0.52196 0.22111 0.52196 0.25247 0.5126 0.22946 0.49586 0.8269722 0.5979483 0.7846084 0.5773784 0.7773318 0.6001985 0.7773318 0.6001985 0.8203237 0.6198909 0.8269722 0.5979483 0.752973 0.6869882 0.7532559 0.7211294 0.8149778 0.7167807 0.8149778 0.7167807 0.8186045 0.6921935 0.752973 0.6869882 0.35263 0.57828 0.33179 0.56091 0.31861 0.58129 0.31861 0.58129 0.34263 0.59566 0.35263 0.57828 0.37952 0.80566 0.38805 0.83228 0.40408 0.82797 0.40408 0.82797 0.40489 0.80337 0.37952 0.80566 0.42245 0.76717 0.41678 0.75007 0.39798 0.75963 0.39798 0.75963 0.40393 0.77481 0.42245 0.76717 0.12726 0.51967 0.13226 0.52694 0.13596 0.52379 0.13596 0.52379 0.1256 0.51665 0.12726 0.51967 0.11613 0.51607 0.09920001 0.52898 0.105 0.53576 0.105 0.53576 0.11864 0.5179 0.11613 0.51607 0.01882994 0.54743 0.02609997 0.55263 0.03102993 0.53913 0.03102993 0.53913 0.02936995 0.53688 0.01882994 0.54743 0.35772 0.78577 0.38454 0.77926 0.37181 0.75093 0.37181 0.75093 0.34789 0.76386 0.35772 0.78577 0.7329282 0.5772674 0.7458867 0.5551875 0.73677 0.551254 0.73677 0.551254 0.7195698 0.5681781 0.7329282 0.5772674 0.720407 0.600076 0.7329282 0.5772674 0.7195698 0.5681781 0.7195698 0.5681781 0.700778 0.5886854 0.720407 0.600076 0.91116 0.7755305 0.949718 0.7790838 0.9525689 0.8131166 0.9525689 0.8131166 0.9167549 0.8112981 0.91116 0.7755305 0.949718 0.7790837 0.9111601 0.7755305 0.9088875 0.8113711 0.9088875 0.8113711 0.9440748 0.8122504 0.949718 0.7790837 0.9055855 0.8520359 0.9464315 0.8566239 0.9440748 0.8122504 0.9440748 0.8122504 0.9088875 0.8113711 0.9055855 0.8520359 0.27179 0.55945 0.29331 0.54028 0.26946 0.52416 0.26946 0.52416 0.24594 0.54471 0.27179 0.55945 0.25745 0.57834 0.27179 0.55945 0.24594 0.54471 0.24594 0.54471 0.22472 0.56835 0.25745 0.57834 0.24594 0.54471 0.26946 0.52416 0.25247 0.5126 0.25247 0.5126 0.22111 0.52196 0.24594 0.54471 0.22472 0.56835 0.24594 0.54471 0.22111 0.52196 0.22111 0.52196 0.19804 0.54512 0.22472 0.56835 0.803106 0.07744419 0.7869993 0.09694075 0.7843878 0.08200293 0.7309337 0.03053236 0.7648364 0.03076303 0.7605742 0.05709969 0.7605742 0.05709969 0.7407152 0.06026446 0.7309337 0.03053236 0.6071845 0.7411126 0.6268883 0.73372 0.6434534 0.7718146 0.6434534 0.7718146 0.6220207 0.7736976 0.6071845 0.7411126 0.5461834 0.8206202 0.5427973 0.7748352 0.5535022 0.7963246 0.5105552 0.7843172 0.5292388 0.815881 0.5069894 0.8145186 0.5535022 0.7963246 0.5427973 0.7748352 0.560261 0.7619943 0.560261 0.7619943 0.5693897 0.7784008 0.5535022 0.7963246 0.7407152 0.06026446 0.7193571 0.07045662 0.7015249 0.04311513 0.7015249 0.04311513 0.7309337 0.03053236 0.7407152 0.06026446 0.7605742 0.05709969 0.7648364 0.03076303 0.7893024 0.05031144 0.7893024 0.05031144 0.7767868 0.06457448 0.7605742 0.05709969 0.7648364 0.03076303 0.7812085 0.01560729 0.8042581 0.03689837 0.8042581 0.03689837 0.7893024 0.05031144 0.7648364 0.03076303 0.8042581 0.03689837 0.8274931 0.0732578 0.803106 0.07744419 0.803106 0.07744419 0.7893024 0.05031144 0.8042581 0.03689837 0.5958335 0.7729279 0.5693897 0.7784008 0.560261 0.7619943 0.560261 0.7619943 0.5849677 0.7510393 0.5958335 0.7729279 0.5069894 0.8145186 0.4783741 0.8134654 0.4794214 0.7823381 0.4794214 0.7823381 0.5105552 0.7843172 0.5069894 0.8145186 0.5146599 0.7494179 0.5105552 0.7843172 0.4794214 0.7823381 0.4794214 0.7823381 0.4828807 0.7473636 0.5146599 0.7494179 0.7556521 0.661625 0.6939179 0.6723635 0.752973 0.6869882 0.7573408 0.7463403 0.7016513 0.7353753 0.7087969 0.7563342 0.23188 0.48659 0.22633 0.49164 0.24003 0.49706 0.47314 0.05435001 0.46977 0.06866997 0.54482 0.07436001 0.60054 0.1143199 0.59982 0.1348099 0.62686 0.1201 0.58881 0.15969 0.60859 0.1639499 0.59982 0.1348099 0.60837 0.07254999 0.59377 0.0715 0.60237 0.09649002 0.59888 0.19097 0.58858 0.2026299 0.6126 0.2199699 0.62458 0.01567 0.61614 0.003120005 0.59571 0.02491998 0.59571 0.02491998 0.60988 0.04233998 0.62458 0.01567 0.6126 0.2199699 0.62169 0.2069299 0.59888 0.19097 0.59982 0.1348099 0.60859 0.1639499 0.6292 0.1474999 0.6292 0.1474999 0.62686 0.1201 0.59982 0.1348099 0.65703 0.1198899 0.62686 0.1201 0.6292 0.1474999 0.65901 0.1435499 0.65703 0.1198899 0.6292 0.1474999 0.60988 0.04233998 0.63497 0.03777998 0.62458 0.01567 0.60837 0.07254999 0.63057 0.08959996 0.64139 0.05485999 0.60837 0.07254999 0.60237 0.09649002 0.63057 0.08959996 0.62962 0.10355 0.63057 0.08959996 0.60237 0.09649002 0.66066 0.09407001 0.66077 0.10706 0.70107 0.09153997 0.65703 0.1198899 0.65901 0.1435499 0.68569 0.13181 0.69463 0.1440219 0.71352 0.13418 0.7079076 0.1287543 0.68569 0.13181 0.69545 0.11285 0.65703 0.1198899 0.7087398 0.1102571 0.7100736 0.09810703 0.70107 0.09153997 0.70107 0.09153997 0.69545 0.11285 0.7087398 0.1102571 0.66077 0.10706 0.65703 0.1198899 0.69545 0.11285 0.47602 0.03600001 0.47314 0.05435001 0.54482 0.07436001 0.54482 0.07436001 0.53309 0.04548501 0.47602 0.03600001 0.47602 0.03600001 0.53309 0.04548501 0.53393 0.02674001 0.53393 0.02674001 0.48329 0.01130002 0.47602 0.03600001 0.46977 0.06866997 0.47623 0.08515 0.5393 0.09082001 0.5393 0.09082001 0.54482 0.07436001 0.46977 0.06866997 0.47959 0.1016399 0.540065 0.10798 0.5393 0.09082001 0.5393 0.09082001 0.47623 0.08515 0.47959 0.1016399 0.47692 0.1161299 0.53837 0.1254699 0.540065 0.10798 0.540065 0.10798 0.47959 0.1016399 0.47692 0.1161299 0.46811 0.13849 0.52846 0.1490899 0.53837 0.1254699 0.53837 0.1254699 0.47692 0.1161299 0.46811 0.13849 0.46493 0.15986 0.5296774 0.1672927 0.52846 0.1490899 0.52846 0.1490899 0.46811 0.13849 0.46493 0.15986 0.46612 0.1862599 0.52162 0.185585 0.5296774 0.1672927 0.5296774 0.1672927 0.46493 0.15986 0.46612 0.1862599 0.62962 0.10355 0.60237 0.09649002 0.60054 0.1143199 0.60054 0.1143199 0.62686 0.1201 0.62962 0.10355 0.58314 0.1734299 0.59888 0.19097 0.60859 0.1639499 0.60859 0.1639499 0.58881 0.15969 0.58314 0.1734299 0.60837 0.07254999 0.60988 0.04233998 0.59016 0.05497002 0.59016 0.05497002 0.59377 0.0715 0.60837 0.07254999 0.59016 0.05497002 0.60988 0.04233998 0.59571 0.02491998 0.59571 0.02491998 0.58457 0.04218 0.59016 0.05497002 0.63263 0.1865 0.60859 0.1639499 0.59888 0.19097 0.59888 0.19097 0.62169 0.2069299 0.63263 0.1865 0.6292 0.1474999 0.60859 0.1639499 0.63263 0.1865 0.63263 0.1865 0.64438 0.1704499 0.6292 0.1474999 0.65901 0.1435499 0.6292 0.1474999 0.64438 0.1704499 0.64438 0.1704499 0.66289 0.16121 0.65901 0.1435499 0.60837 0.07254999 0.64139 0.05485999 0.63497 0.03777998 0.63497 0.03777998 0.60988 0.04233998 0.60837 0.07254999 0.66744 0.07210999 0.64139 0.05485999 0.63057 0.08959996 0.63057 0.08959996 0.66066 0.09407001 0.66744 0.07210999 0.66066 0.09407001 0.63057 0.08959996 0.62962 0.10355 0.62962 0.10355 0.66077 0.10706 0.66066 0.09407001 0.66066 0.09407001 0.70107 0.09153997 0.70097 0.07788002 0.70097 0.07788002 0.66744 0.07210999 0.66066 0.09407001 0.66289 0.16121 0.69805 0.1517199 0.69463 0.1440219 0.69463 0.1440219 0.65901 0.1435499 0.66289 0.16121 0.69545 0.11285 0.70107 0.09153997 0.66077 0.10706 0.59888 0.19097 0.58314 0.1734299 0.57712 0.1849099 0.57712 0.1849099 0.58858 0.2026299 0.59888 0.19097 0.65703 0.1198899 0.66077 0.10706 0.62962 0.10355 0.62962 0.10355 0.62686 0.1201 0.65703 0.1198899 0.71352 0.13418 0.69463 0.1440219 0.69805 0.1517199 0.69805 0.1517199 0.71874 0.1381099 0.71352 0.13418 0.73656 0.10975 0.72766 0.09049999 0.7247442 0.1063357 0.7144643 0.5021391 0.7137829 0.5143 0.7259857 0.4960699 0.80388 0.5683175 0.8274617 0.5778604 0.8365126 0.5632826 0.8365126 0.5632826 0.8303205 0.5381338 0.80388 0.5683175 0.8169203 0.5236242 0.80388 0.5683175 0.8303205 0.5381338 0.776812 0.5538588 0.80388 0.5683175 0.8169203 0.5236242 0.8169203 0.5236242 0.7879946 0.5125476 0.776812 0.5538588 0.748414 0.5349543 0.776812 0.5538588 0.7879946 0.5125476 0.7879946 0.5125476 0.7669532 0.5064764 0.748414 0.5349543 0.7463343 0.500307 0.748414 0.5349543 0.7669532 0.5064764 0.7463343 0.500307 0.7298889 0.5274161 0.748414 0.5349543 0.7298889 0.5274161 0.7463343 0.500307 0.7259857 0.4960699 0.7259857 0.4960699 0.7137829 0.5143 0.7298889 0.5274161 0.14347 0.09499973 0.1733933 0.09081089 0.1779021 0.05467253 0.1090833 0.2470984 0.09963291 0.2788462 0.1372405 0.281379 0.1372405 0.281379 0.1528213 0.2452639 0.1090833 0.2470984 0.1090833 0.2470984 0.1528213 0.2452639 0.1592425 0.21507 0.1592425 0.21507 0.1129932 0.2210904 0.1090833 0.2470984 0.1054779 0.1372063 0.07224947 0.1084373 0.05100047 0.1136139 0.05100047 0.1136139 0.05976372 0.146973 0.1054779 0.1372063 0.14347 0.09499973 0.10766 0.09342998 0.07224947 0.1084373 0.07224947 0.1084373 0.1054779 0.1372063 0.14347 0.09499973 0.2222915 0.1216425 0.2212157 0.07950228 0.1733933 0.09081089 0.1733933 0.09081089 0.1675884 0.1278967 0.2222915 0.1216425 0.1159333 0.1828006 0.1054779 0.1372063 0.05976372 0.146973 0.05976372 0.146973 0.05613642 0.1778692 0.1159333 0.1828006 0.1129932 0.2210904 0.1159333 0.1828006 0.05613642 0.1778692 0.05613642 0.1778692 0.05481582 0.2169858 0.1129932 0.2210904 0.1129932 0.2210904 0.05481582 0.2169858 0.05537599 0.2445091 0.05537599 0.2445091 0.1090833 0.2470984 0.1129932 0.2210904 0.10766 0.09342998 0.14347 0.09499973 0.1779021 0.05467253 0.1779021 0.05467253 0.1470784 0.05503106 0.10766 0.09342998 0.1054779 0.1372063 0.1159333 0.1828006 0.166216 0.1719017 0.166216 0.1719017 0.1675884 0.1278967 0.1054779 0.1372063 0.2210948 0.2183421 0.2190498 0.1735053 0.166216 0.1719017 0.166216 0.1719017 0.1592425 0.21507 0.2210948 0.2183421 0.1090833 0.2470984 0.05537599 0.2445091 0.05355221 0.2739148 0.05355221 0.2739148 0.09963291 0.2788462 0.1090833 0.2470984 0.09963291 0.2788462 0.05355221 0.2739148 0.04065996 0.31621 0.04065996 0.31621 0.10685 0.33341 0.09963291 0.2788462 0.10685 0.33341 0.15455 0.34425 0.1685574 0.3129854 0.1779021 0.05467253 0.1732975 0.01458501 0.1490768 0.01885366 0.1490768 0.01885366 0.1470784 0.05503106 0.1779021 0.05467253 0.2962644 0.04748356 0.2505736 0.04555761 0.2546988 0.07946759 0.2546988 0.07946759 0.2930771 0.08104753 0.2962644 0.04748356 0.2212157 0.07950228 0.2222915 0.1216425 0.2594811 0.1179978 0.2594811 0.1179978 0.2546988 0.07946759 0.2212157 0.07950228 0.2222915 0.1216425 0.2190498 0.1735053 0.2704719 0.1752904 0.2704719 0.1752904 0.2594811 0.1179978 0.2222915 0.1216425 0.2210948 0.2183421 0.2733981 0.2186575 0.2704719 0.1752904 0.2704719 0.1752904 0.2190498 0.1735053 0.2210948 0.2183421 0.3154346 0.2181721 0.2733981 0.2186575 0.2760819 0.2615698 0.2760819 0.2615698 0.3159161 0.2612676 0.3154346 0.2181721 0.273046 0.2981703 0.3156625 0.2999588 0.3159161 0.2612676 0.3159161 0.2612676 0.2760819 0.2615698 0.273046 0.2981703 0.2664594 0.3338808 0.3109669 0.3372754 0.3156625 0.2999588 0.3156625 0.2999588 0.273046 0.2981703 0.2664594 0.3338808 0.2506575 0.3649513 0.31222 0.37147 0.3109669 0.3372754 0.3109669 0.3372754 0.2664594 0.3338808 0.2506575 0.3649513 0.1732975 0.01458501 0.1779021 0.05467253 0.2126319 0.0457372 0.2126319 0.0457372 0.2011762 0.0126686 0.1732975 0.01458501 0.3440905 0.1213396 0.2992342 0.117618 0.3126075 0.1746109 0.3126075 0.1746109 0.3529416 0.1748437 0.3440905 0.1213396 0.2992342 0.117618 0.3440905 0.1213396 0.345735 0.08793389 0.345735 0.08793389 0.2930771 0.08104753 0.2992342 0.117618 0.3154346 0.2181721 0.3585625 0.2170329 0.3529416 0.1748437 0.3529416 0.1748437 0.3126075 0.1746109 0.3154346 0.2181721 0.3585625 0.2170329 0.3154346 0.2181721 0.3159161 0.2612676 0.3159161 0.2612676 0.3568596 0.2563548 0.3585625 0.2170329 0.3570386 0.2959445 0.3568596 0.2563548 0.3159161 0.2612676 0.3159161 0.2612676 0.3156625 0.2999588 0.3570386 0.2959445 0.3644042 0.3321084 0.3570386 0.2959445 0.3156625 0.2999588 0.3156625 0.2999588 0.3109669 0.3372754 0.3644042 0.3321084 0.3644042 0.3321084 0.3109669 0.3372754 0.31222 0.37147 0.31222 0.37147 0.38455 0.36708 0.3644042 0.3321084 0.37673 0.02709001 0.30619 0.00545001 0.2962644 0.04748356 0.2962644 0.04748356 0.353799 0.05962896 0.37673 0.02709001 0.345735 0.08793389 0.353799 0.05962896 0.2962644 0.04748356 0.2962644 0.04748356 0.2930771 0.08104753 0.345735 0.08793389 0.345735 0.08793389 0.3440905 0.1213396 0.393634 0.1308141 0.393634 0.1308141 0.3990409 0.09945297 0.345735 0.08793389 0.353799 0.05962896 0.345735 0.08793389 0.3990409 0.09945297 0.3990409 0.09945297 0.4039621 0.07353007 0.353799 0.05962896 0.393634 0.1308141 0.3440905 0.1213396 0.3529416 0.1748437 0.3529416 0.1748437 0.399513 0.1803113 0.393634 0.1308141 0.399513 0.1803113 0.3529416 0.1748437 0.3585625 0.2170329 0.3585625 0.2170329 0.40266 0.2185284 0.399513 0.1803113 0.3568596 0.2563548 0.4022207 0.2506663 0.40266 0.2185284 0.40266 0.2185284 0.3585625 0.2170329 0.3568596 0.2563548 0.3568596 0.2563548 0.3570386 0.2959445 0.4040088 0.2869461 0.4040088 0.2869461 0.4022207 0.2506663 0.3568596 0.2563548 0.4040088 0.2869461 0.3570386 0.2959445 0.3644042 0.3321084 0.3644042 0.3321084 0.4139838 0.3162127 0.4040088 0.2869461 0.4139838 0.3162127 0.3644042 0.3321084 0.38455 0.36708 0.38455 0.36708 0.43112 0.33408 0.4139838 0.3162127 0.4039621 0.07353007 0.42898 0.05712002 0.37673 0.02709001 0.37673 0.02709001 0.353799 0.05962896 0.4039621 0.07353007 0.43887 0.17392 0.43806 0.1401599 0.393634 0.1308141 0.393634 0.1308141 0.399513 0.1803113 0.43887 0.17392 0.3990409 0.09945297 0.393634 0.1308141 0.43806 0.1401599 0.43806 0.1401599 0.43646 0.10806 0.3990409 0.09945297 0.399513 0.1803113 0.40266 0.2185284 0.43941 0.2122099 0.43941 0.2122099 0.43887 0.17392 0.399513 0.1803113 0.43688 0.2447199 0.43941 0.2122099 0.40266 0.2185284 0.40266 0.2185284 0.4022207 0.2506663 0.43688 0.2447199 0.4361 0.27811 0.43688 0.2447199 0.4022207 0.2506663 0.4022207 0.2506663 0.4040088 0.2869461 0.4361 0.27811 0.4361 0.27811 0.4040088 0.2869461 0.4139838 0.3162127 0.4139838 0.3162127 0.43875 0.30565 0.4361 0.27811 0.4139838 0.3162127 0.43112 0.33408 0.4469 0.32145 0.4469 0.32145 0.43875 0.30565 0.4139838 0.3162127 0.42898 0.05712002 0.4039621 0.07353007 0.43964 0.08437001 0.43964 0.08437001 0.44604 0.06997001 0.42898 0.05712002 0.4039621 0.07353007 0.3990409 0.09945297 0.43646 0.10806 0.43646 0.10806 0.43964 0.08437001 0.4039621 0.07353007 0.2930771 0.08104753 0.2546988 0.07946759 0.2594811 0.1179978 0.2594811 0.1179978 0.2992342 0.117618 0.2930771 0.08104753 0.2594811 0.1179978 0.2704719 0.1752904 0.3126075 0.1746109 0.3126075 0.1746109 0.2992342 0.117618 0.2594811 0.1179978 0.3126075 0.1746109 0.2704719 0.1752904 0.2733981 0.2186575 0.2733981 0.2186575 0.3154346 0.2181721 0.3126075 0.1746109 0.2266204 0.2572408 0.2760819 0.2615698 0.2733981 0.2186575 0.2733981 0.2186575 0.2210948 0.2183421 0.2266204 0.2572408 0.2235839 0.284044 0.273046 0.2981703 0.2760819 0.2615698 0.2760819 0.2615698 0.2266204 0.2572408 0.2235839 0.284044 0.2191073 0.3178452 0.2664594 0.3338808 0.273046 0.2981703 0.273046 0.2981703 0.2235839 0.284044 0.2191073 0.3178452 0.189095 0.3584325 0.2149246 0.3611676 0.2191073 0.3178452 0.2191073 0.3178452 0.1685574 0.3129854 0.189095 0.3584325 0.2397437 0.01001751 0.2505736 0.04555761 0.2962644 0.04748356 0.2962644 0.04748356 0.30619 0.00545001 0.2397437 0.01001751 0.05976372 0.146973 0.05100047 0.1136139 0.03083342 0.1187036 0.03083342 0.1187036 0.02858996 0.14831 0.05976372 0.146973 0.05613642 0.1778692 0.05976372 0.146973 0.02858996 0.14831 0.02858996 0.14831 0.02583998 0.1740199 0.05613642 0.1778692 0.05481582 0.2169858 0.05613642 0.1778692 0.02583998 0.1740199 0.02583998 0.1740199 0.02376997 0.2122499 0.05481582 0.2169858 0.02493 0.2440599 0.05537599 0.2445091 0.05481582 0.2169858 0.05481582 0.2169858 0.02376997 0.2122499 0.02493 0.2440599 0.02382999 0.27281 0.05355221 0.2739148 0.05537599 0.2445091 0.05537599 0.2445091 0.02493 0.2440599 0.02382999 0.27281 0.01358997 0.30754 0.04065996 0.31621 0.05355221 0.2739148 0.05355221 0.2739148 0.02382999 0.27281 0.01358997 0.30754 0.2266204 0.2572408 0.1528213 0.2452639 0.1372405 0.281379 0.1372405 0.281379 0.2235839 0.284044 0.2266204 0.2572408 0.2210948 0.2183421 0.1592425 0.21507 0.1528213 0.2452639 0.1528213 0.2452639 0.2266204 0.2572408 0.2210948 0.2183421 0.1675884 0.1278967 0.1733933 0.09081089 0.14347 0.09499973 0.14347 0.09499973 0.1054779 0.1372063 0.1675884 0.1278967 0.1675884 0.1278967 0.166216 0.1719017 0.2190498 0.1735053 0.2190498 0.1735053 0.2222915 0.1216425 0.1675884 0.1278967 0.1592425 0.21507 0.166216 0.1719017 0.1159333 0.1828006 0.1159333 0.1828006 0.1129932 0.2210904 0.1592425 0.21507 0.2235839 0.284044 0.1372405 0.281379 0.1685574 0.3129854 0.1685574 0.3129854 0.2191073 0.3178452 0.2235839 0.284044 0.189095 0.3584325 0.1685574 0.3129854 0.15455 0.34425 0.15455 0.34425 0.1746399 0.37084 0.189095 0.3584325 0.2664594 0.3338808 0.2191073 0.3178452 0.2149246 0.3611676 0.2149246 0.3611676 0.2506575 0.3649513 0.2664594 0.3338808 0.2011762 0.0126686 0.2126319 0.0457372 0.2505736 0.04555761 0.2505736 0.04555761 0.2397437 0.01001751 0.2011762 0.0126686 0.2212157 0.07950228 0.2546988 0.07946759 0.2505736 0.04555761 0.2505736 0.04555761 0.2126319 0.0457372 0.2212157 0.07950228 0.1779021 0.05467253 0.1733933 0.09081089 0.2212157 0.07950228 0.2212157 0.07950228 0.2126319 0.0457372 0.1779021 0.05467253 0.7247442 0.1063357 0.7175714 0.09876233 0.7247442 0.1063357 0.7247442 0.1063357 0.7154015 0.1224493 0.7198291 0.1204479 0.73656 0.10975 0.7247442 0.1063357 0.7198291 0.1204479 0.7175714 0.09876233 0.7247442 0.1063357 0.7247442 0.1063357 0.714411 0.1100868 0.7247442 0.1063357 0.7175714 0.09876233 0.7154015 0.1224493 0.7247442 0.1063357 0.714411 0.1100868 0.7247442 0.1063357 0.7247442 0.1063357 0.7154015 0.1224493 0.71352 0.13418 0.7154015 0.1224493 0.7079076 0.1287543 0.7154015 0.1224493 0.7087398 0.1102571 0.7079076 0.1287543 0.7079076 0.1287543 0.7087398 0.1102571 0.69545 0.11285 0.7079076 0.1287543 0.69545 0.11285 0.68569 0.13181 0.7079076 0.1287543 0.68569 0.13181 0.69463 0.1440219 0.69463 0.1440219 0.68569 0.13181 0.65901 0.1435499 0.71874 0.1381099 0.73656 0.10975 0.7198291 0.1204479 0.71352 0.13418 0.71874 0.1381099 0.7198291 0.1204479 0.7198291 0.1204479 0.7154015 0.1224493 0.71352 0.13418 0.73656 0.10975 0.73194 0.08704 0.72766 0.09049999 0.7100736 0.09810703 0.72766 0.09049999 0.70107 0.09153997 0.7247442 0.1063357 0.7247442 0.1063357 0.7154015 0.1224493 0.7247442 0.1063357 0.72766 0.09049999 0.7175714 0.09876233 0.7087398 0.1102571 0.714411 0.1100868 0.7175714 0.09876233 0.7154015 0.1224493 0.714411 0.1100868 0.7087398 0.1102571 0.53309 0.04548501 0.59016 0.05497002 0.58457 0.04218 0.58457 0.04218 0.53393 0.02674001 0.53309 0.04548501 0.60054 0.1143199 0.60237 0.09649002 0.5393 0.09082001 0.5393 0.09082001 0.540065 0.10798 0.60054 0.1143199 0.53837 0.1254699 0.59982 0.1348099 0.60054 0.1143199 0.60054 0.1143199 0.540065 0.10798 0.53837 0.1254699 0.52846 0.1490899 0.58881 0.15969 0.59982 0.1348099 0.59982 0.1348099 0.53837 0.1254699 0.52846 0.1490899 0.60237 0.09649002 0.59377 0.0715 0.54482 0.07436001 0.54482 0.07436001 0.5393 0.09082001 0.60237 0.09649002 0.54482 0.07436001 0.59377 0.0715 0.59016 0.05497002 0.59016 0.05497002 0.53309 0.04548501 0.54482 0.07436001 0.52162 0.185585 0.57712 0.1849099 0.58314 0.1734299 0.58314 0.1734299 0.5296774 0.1672927 0.52162 0.185585 0.5296774 0.1672927 0.58314 0.1734299 0.58881 0.15969 0.58881 0.15969 0.52846 0.1490899 0.5296774 0.1672927 0.10685 0.33341 0.1685574 0.3129854 0.1372405 0.281379 0.1372405 0.281379 0.09963291 0.2788462 0.10685 0.33341 0.9957904 0.7171787 0.9958179 0.7066702 0.9788467 0.7102162 0.9788467 0.7102162 0.9793971 0.721509 0.9957904 0.7171787 0.9958179 0.7066702 0.9932486 0.6910719 0.9765198 0.6928226 0.9765198 0.6928226 0.9788467 0.7102162 0.9958179 0.7066702 0.9979621 0.7307272 0.9957904 0.7171787 0.9793971 0.721509 0.9793971 0.721509 0.9821296 0.7360756 0.9979621 0.7307272 0.9941223 0.6322728 0.9974296 0.6198304 0.9812106 0.6170279 0.9812106 0.6170279 0.9778489 0.6305964 0.9941223 0.6322728 0.9914243 0.641062 0.9941223 0.6322728 0.9778489 0.6305964 0.9778489 0.6305964 0.975062 0.6403825 0.9914243 0.641062 0.9669209 0.6400429 0.96671 0.6568459 0.9749212 0.6569783 0.9749212 0.6569783 0.975062 0.6403825 0.9669209 0.6400429 0.9906888 0.6739005 0.9914244 0.6572436 0.9749212 0.6569783 0.9749212 0.6569783 0.9742805 0.6743181 0.9906888 0.6739005 0.9742805 0.6743181 0.9661164 0.6745254 0.9681972 0.6936942 0.9681972 0.6936942 0.9765198 0.6928226 0.9742805 0.6743181 0.9712404 0.7236639 0.970402 0.7119817 0.9584768 0.7144736 0.9584768 0.7144736 0.9597219 0.7267062 0.9712404 0.7236639 0.970402 0.7119817 0.9681972 0.6936942 0.9564431 0.6949247 0.9564431 0.6949247 0.9584768 0.7144736 0.970402 0.7119817 0.9631296 0.7424956 0.9742532 0.7387375 0.9712404 0.7236639 0.9712404 0.7236639 0.9597219 0.7267062 0.9631296 0.7424956 0.9583206 0.6285838 0.9697533 0.6297622 0.9731404 0.6156342 0.9731404 0.6156342 0.9617452 0.6136651 0.9583206 0.6285838 0.9669209 0.6400429 0.9697533 0.6297622 0.9583206 0.6285838 0.9583206 0.6285838 0.9554241 0.6395653 0.9669209 0.6400429 0.9545875 0.6748189 0.9661164 0.6745254 0.96671 0.6568459 0.96671 0.6568459 0.9551143 0.65666 0.9545875 0.6748189 0.9554241 0.6395653 0.8655451 0.6358275 0.8644599 0.6552025 0.8644599 0.6552025 0.9551143 0.65666 0.9554241 0.6395653 0.864457 0.6771106 0.8645558 0.7045435 0.9564431 0.6949247 0.9564431 0.6949247 0.9545875 0.6748189 0.864457 0.6771106 0.9554241 0.6395653 0.9551143 0.65666 0.96671 0.6568459 0.96671 0.6568459 0.9669209 0.6400429 0.9554241 0.6395653 0.9661164 0.6745254 0.9545875 0.6748189 0.9564431 0.6949247 0.9564431 0.6949247 0.9681972 0.6936942 0.9661164 0.6745254 0.9793971 0.721509 0.9788467 0.7102162 0.970402 0.7119817 0.970402 0.7119817 0.9712404 0.7236639 0.9793971 0.721509 0.9788467 0.7102162 0.9765198 0.6928226 0.9681972 0.6936942 0.9681972 0.6936942 0.970402 0.7119817 0.9788467 0.7102162 0.9742532 0.7387375 0.9821296 0.7360756 0.9793971 0.721509 0.9793971 0.721509 0.9712404 0.7236639 0.9742532 0.7387375 0.9697533 0.6297622 0.9778489 0.6305964 0.9812106 0.6170279 0.9812106 0.6170279 0.9731404 0.6156342 0.9697533 0.6297622 0.975062 0.6403825 0.9778489 0.6305964 0.9697533 0.6297622 0.9697533 0.6297622 0.9669209 0.6400429 0.975062 0.6403825 0.9661164 0.6745254 0.9742805 0.6743181 0.9749212 0.6569783 0.9749212 0.6569783 0.96671 0.6568459 0.9661164 0.6745254 0.560261 0.7619943 0.5453786 0.7420164 0.5717329 0.7298474 0.5717329 0.7298474 0.5849677 0.7510393 0.560261 0.7619943 0.5849677 0.7510393 0.5717329 0.7298474 0.5905324 0.7155307 0.5905324 0.7155307 0.6071845 0.7411126 0.5849677 0.7510393 0.5427973 0.7748352 0.5105552 0.7843172 0.5146599 0.7494179 0.5453786 0.7420164 0.5427973 0.7748352 0.5146599 0.7494179 0.7767868 0.06457448 0.7893024 0.05031144 0.803106 0.07744419 0.803106 0.07744419 0.7843878 0.08200293 0.7767868 0.06457448 0.827229 0.2888678 0.8098424 0.2316753 0.8281786 0.2283644 0.6062482 0.7013468 0.5905324 0.7155307 0.5797641 0.6951168 0.5797641 0.6951168 0.5928598 0.6833806 0.6062482 0.7013468 0.8985024 0.8695506 0.8989329 0.8458603 0.9136009 0.8520891 0.8319528 0.1217874 0.8102734 0.1268819 0.803106 0.07744419 0.803106 0.07744419 0.8274931 0.0732578 0.8319528 0.1217874 0.6268883 0.73372 0.6071845 0.7411126 0.5905324 0.7155307 0.5905324 0.7155307 0.6062482 0.7013468 0.6268883 0.73372 0.6843032 0.4133952 0.7016935 0.3852622 0.7446768 0.4244006 0.7446768 0.4244006 0.7302688 0.4519504 0.6843032 0.4133952 0.6527459 0.3812495 0.6690952 0.3542882 0.7016935 0.3852622 0.7016935 0.3852622 0.6843032 0.4133952 0.6527459 0.3812495 0.6205675 0.3397768 0.6383101 0.3222775 0.6690952 0.3542882 0.6690952 0.3542882 0.6527459 0.3812495 0.6205675 0.3397768 0.5508297 0.2291743 0.5914091 0.2645921 0.5682296 0.2801855 0.5682296 0.2801855 0.531687 0.2483143 0.5508297 0.2291743 0.6158028 0.2935972 0.5964902 0.3093799 0.5682296 0.2801855 0.5682296 0.2801855 0.5914091 0.2645921 0.6158028 0.2935972 0.6205675 0.3397768 0.5964902 0.3093799 0.6158028 0.2935972 0.6158028 0.2935972 0.6383101 0.3222775 0.6205675 0.3397768 0.4945762 0.2294869 0.4981684 0.2059654 0.5508297 0.2291743 0.5508297 0.2291743 0.531687 0.2483143 0.4945762 0.2294869 0.4914671 0.2575222 0.4521411 0.2486745 0.4523869 0.2251446 0.4523869 0.2251446 0.4945762 0.2294869 0.4914671 0.2575222 0.7785525 0.481418 0.7780267 0.4948279 0.7255329 0.4715415 0.7255329 0.4715415 0.7302688 0.4519504 0.7785525 0.481418 0.7785525 0.481418 0.8293806 0.5047451 0.8278471 0.5138638 0.8278471 0.5138638 0.7780267 0.4948279 0.7785525 0.481418 0.7255329 0.4715415 0.6765533 0.4411107 0.6843032 0.4133952 0.6843032 0.4133952 0.7302688 0.4519504 0.7255329 0.4715415 0.6765533 0.4411107 0.6344526 0.4115008 0.6527459 0.3812495 0.6527459 0.3812495 0.6843032 0.4133952 0.6765533 0.4411107 0.6344526 0.4115008 0.5960629 0.3715188 0.6205675 0.3397768 0.6205675 0.3397768 0.6527459 0.3812495 0.6344526 0.4115008 0.5682296 0.2801855 0.5365567 0.2984001 0.5202206 0.2755299 0.5202206 0.2755299 0.531687 0.2483143 0.5682296 0.2801855 0.5964902 0.3093799 0.5600131 0.3323378 0.5365567 0.2984001 0.5365567 0.2984001 0.5682296 0.2801855 0.5964902 0.3093799 0.5960629 0.3715188 0.5600131 0.3323378 0.5964902 0.3093799 0.5964902 0.3093799 0.6205675 0.3397768 0.5960629 0.3715188 0.5202206 0.2755299 0.4914671 0.2575222 0.4945762 0.2294869 0.4945762 0.2294869 0.531687 0.2483143 0.5202206 0.2755299 0.4523869 0.2251446 0.452285 0.2021608 0.4981684 0.2059654 0.4981684 0.2059654 0.4945762 0.2294869 0.4523869 0.2251446 0.7446768 0.4244006 0.7893694 0.4604558 0.7785525 0.481418 0.7785525 0.481418 0.7302688 0.4519504 0.7446768 0.4244006 0.8278471 0.5138638 0.8293806 0.5047451 0.8571351 0.5220904 0.7016935 0.3852622 0.6690952 0.3542882 0.6974417 0.334891 0.6974417 0.334891 0.7173268 0.3648451 0.7016935 0.3852622 0.6158028 0.2935972 0.637339 0.2695278 0.66125 0.2985847 0.66125 0.2985847 0.6383101 0.3222775 0.6158028 0.2935972 0.5914091 0.2645921 0.5985605 0.2410446 0.637339 0.2695278 0.637339 0.2695278 0.6158028 0.2935972 0.5914091 0.2645921 0.6690952 0.3542882 0.6383101 0.3222775 0.66125 0.2985847 0.66125 0.2985847 0.6974417 0.334891 0.6690952 0.3542882 0.7016935 0.3852622 0.7173268 0.3648451 0.7446768 0.4244006 0.7785525 0.481418 0.7893694 0.4604558 0.8347483 0.4865784 0.8347483 0.4865784 0.8293806 0.5047451 0.7785525 0.481418 0.8347483 0.4865784 0.8628623 0.4985391 0.8571351 0.5220904 0.8571351 0.5220904 0.8293806 0.5047451 0.8347483 0.4865784 0.6641592 0.6145097 0.6751388 0.6286222 0.700778 0.5886854 0.700778 0.5886854 0.6869956 0.5800337 0.6641592 0.6145097 0.6434534 0.7718146 0.6459221 0.8185435 0.6303865 0.7998082 0.6303865 0.7998082 0.6220207 0.7736976 0.6434534 0.7718146 0.8103283 0.1777434 0.8320056 0.1702995 0.8281786 0.2283644 0.8281786 0.2283644 0.8098424 0.2316753 0.8103283 0.1777434 0.8102734 0.1268819 0.8319528 0.1217874 0.8320056 0.1702995 0.8320056 0.1702995 0.8103283 0.1777434 0.8102734 0.1268819 0.769578 0.135421 0.7824023 0.118211 0.8102734 0.1268819 0.8102734 0.1268819 0.7815138 0.1547766 0.769578 0.135421 0.7938905 0.1883222 0.8103283 0.1777434 0.8098424 0.2316753 0.5958335 0.7729279 0.5849677 0.7510393 0.6071845 0.7411126 0.6071845 0.7411126 0.6220207 0.7736976 0.5958335 0.7729279 0.5958335 0.7729279 0.6220207 0.7736976 0.6303865 0.7998082 0.6303865 0.7998082 0.6037146 0.7925049 0.5958335 0.7729279 0.5453786 0.7420164 0.560261 0.7619943 0.5427973 0.7748352 0.6840871 0.01616179 0.7259459 0.005201816 0.7309337 0.03053236 0.7309337 0.03053236 0.7015249 0.04311513 0.6840871 0.01616179 0.7601168 0.006243526 0.7648364 0.03076303 0.7309337 0.03053236 0.7309337 0.03053236 0.7259459 0.005201816 0.7601168 0.006243526 0.7648364 0.03076303 0.7601168 0.006243526 0.7812085 0.01560729 0.4475375 0.8426311 0.5781586 0.8375976 0.5788187 0.8932141 0.5788187 0.8932141 0.4485504 0.8950098 0.4475375 0.8426311 0.304458 0.8475672 0.4475375 0.8426311 0.4485504 0.8950098 0.4485504 0.8950098 0.3054849 0.894319 0.304458 0.8475672 0.7079389 0.9865365 0.577401 0.9821249 0.5783336 0.9515824 0.5783336 0.9515824 0.7092114 0.9521974 0.7079389 0.9865365 0.4480849 0.9483925 0.4473093 0.9794099 0.3054072 0.9764872 0.3054072 0.9764872 0.3057479 0.9455608 0.4480849 0.9483925 0.9525248 0.3951928 0.8909807 0.3986907 0.8838599 0.2806081 0.8838599 0.2806081 0.9454683 0.2763909 0.9525248 0.3951928 0.8977446 0.5236589 0.8909807 0.3986907 0.9525248 0.3951928 0.9525248 0.3951928 0.9507301 0.525214 0.8977446 0.5236589 0.710012 0.8898857 0.8750193 0.8856897 0.8734404 0.9570813 0.8734404 0.9570813 0.7092114 0.9521974 0.710012 0.8898857 0.7079389 0.9865365 0.7092114 0.9521974 0.8734404 0.9570813 0.8734404 0.9570813 0.8721476 0.9923235 0.7079389 0.9865365 0.9966826 0.1549202 0.9422595 0.1561273 0.9392524 0.005823373 0.9392524 0.005823373 0.9971809 0.004577755 0.9966826 0.1549202 0.9422595 0.1561273 0.8749126 0.1617712 0.8595927 0.01252543 0.8595927 0.01252543 0.9392524 0.005823373 0.9422595 0.1561273 0.5781586 0.8375976 0.7096705 0.8316708 0.710012 0.8898857 0.710012 0.8898857 0.5788187 0.8932141 0.5781586 0.8375976 0.577401 0.9821249 0.4473093 0.9794099 0.4480849 0.9483925 0.4480849 0.9483925 0.5783336 0.9515824 0.577401 0.9821249 0.8619499 0.2803325 0.8523735 0.1615527 0.8749126 0.1617712 0.8749126 0.1617712 0.8838599 0.2806081 0.8619499 0.2803325 0.9422595 0.1561273 0.9966826 0.1549202 0.9957361 0.2749941 0.9957361 0.2749941 0.9454683 0.2763909 0.9422595 0.1561273 0.304458 0.8475672 0.3054849 0.894319 0.2226695 0.894747 0.2226695 0.894747 0.2264422 0.850964 0.304458 0.8475672 0.5985605 0.2410446 0.5914091 0.2645921 0.5508297 0.2291743 0.5508297 0.2291743 0.5556246 0.2217702 0.5985605 0.2410446 0.8909807 0.3986907 0.8694535 0.3989823 0.8619499 0.2803325 0.8619499 0.2803325 0.8838599 0.2806081 0.8909807 0.3986907 0.8749126 0.1617712 0.8523735 0.1615527 0.8404338 0.01221776 0.8404338 0.01221776 0.8595927 0.01252543 0.8749126 0.1617712 0.8749126 0.1617712 0.9422595 0.1561273 0.9454683 0.2763909 0.9454683 0.2763909 0.8838599 0.2806081 0.8749126 0.1617712 0.8771368 0.528551 0.8694535 0.3989823 0.8909807 0.3986907 0.8909807 0.3986907 0.8977446 0.5236589 0.8771368 0.528551 0.9525248 0.3951928 0.9454683 0.2763909 0.9957361 0.2749941 0.9957361 0.2749941 0.9951625 0.394103 0.9525248 0.3951928 0.9961549 0.5234208 0.9507301 0.525214 0.9525248 0.3951928 0.9525248 0.3951928 0.9951625 0.394103 0.9961549 0.5234208 0.5788187 0.8932141 0.5783336 0.9515824 0.4480849 0.9483925 0.4480849 0.9483925 0.4485504 0.8950098 0.5788187 0.8932141 0.4480849 0.9483925 0.3057479 0.9455608 0.3054849 0.894319 0.3054849 0.894319 0.4485504 0.8950098 0.4480849 0.9483925 0.7096705 0.8316708 0.8744001 0.8243219 0.8750193 0.8856897 0.8750193 0.8856897 0.710012 0.8898857 0.7096705 0.8316708 0.7092114 0.9521974 0.5783336 0.9515824 0.5788187 0.8932141 0.5788187 0.8932141 0.710012 0.8898857 0.7092114 0.9521974 0.5508297 0.2291743 0.4981684 0.2059654 0.5556246 0.2217702 0.05100995 0.80699 0.04718995 0.83198 0.07445996 0.82201 0.0744 0.7889 0.05286997 0.77349 0.05100995 0.80699 0.07445996 0.82201 0.08609998 0.81347 0.05100995 0.80699 0.01793998 0.87491 0.009329974 0.87265 0.008259057 0.9022445 0.03191995 0.72782 0.02691996 0.7622 0.05795997 0.74935 0.05286997 0.77349 0.05795997 0.74935 0.02691996 0.7622 0.05795997 0.74935 0.05286997 0.77349 0.07713997 0.75042 0.05795997 0.74935 0.05919998 0.73314 0.03191995 0.72782 0.05919998 0.73314 0.05795997 0.74935 0.07713997 0.75042 0.07713997 0.75042 0.08491998 0.73915 0.05919998 0.73314 0.08491998 0.73915 0.08410996 0.72178 0.05919998 0.73314 0.07664996 0.76594 0.07713997 0.75042 0.05286997 0.77349 0.07713997 0.75042 0.07664996 0.76594 0.1021 0.76178 0.05786997 0.71208 0.05361998 0.69642 0.03815996 0.71474 0.05465996 0.72267 0.05786997 0.71208 0.03815996 0.71474 0.05786997 0.71208 0.05465996 0.72267 0.07286995 0.71139 0.07286995 0.71139 0.08410996 0.72178 0.08740997 0.70481 0.05786997 0.71208 0.07286995 0.71139 0.05361998 0.69642 0.07664996 0.76594 0.05286997 0.77349 0.0744 0.7889 0.14539 0.84652 0.14656 0.84804 0.14806 0.83656 0.1427299 0.84336 0.14539 0.84652 0.14806 0.83656 0.07445996 0.82201 0.07646995 0.82345 0.08609998 0.81347 0.07847994 0.8249 0.08298999 0.82696 0.08609998 0.81347 0.11453 0.68622 0.11383 0.69391 0.12259 0.69272 0.12178 0.682 0.11453 0.68622 0.1271 0.68783 0.12259 0.69272 0.1271 0.68783 0.11453 0.68622 0.17154 0.69284 0.14622 0.72039 0.1906999 0.72991 0.28689 0.79691 0.28469 0.75029 0.23665 0.77233 0.04718995 0.83198 0.05528998 0.86018 0.07129997 0.84429 0.01793998 0.87491 0.03129994 0.85328 0.01272732 0.8497114 0.01272732 0.8497114 0.009329974 0.87265 0.01793998 0.87491 0.03129994 0.85328 0.01793998 0.87491 0.04497998 0.88421 0.04497998 0.88421 0.05528998 0.86018 0.03129994 0.85328 0.0145151 0.8049145 0.02973997 0.80687 0.02691996 0.7622 0.02691996 0.7622 0.009094536 0.7611569 0.0145151 0.8049145 0.05286997 0.77349 0.02691996 0.7622 0.02973997 0.80687 0.02973997 0.80687 0.05100995 0.80699 0.05286997 0.77349 0.0744 0.7889 0.05100995 0.80699 0.08609998 0.81347 0.08609998 0.81347 0.08741998 0.80841 0.0744 0.7889 0.07779997 0.87144 0.08873999 0.85912 0.07129997 0.84429 0.07129997 0.84429 0.05528998 0.86018 0.07779997 0.87144 0.04497998 0.88421 0.06999999 0.894 0.07779997 0.87144 0.07779997 0.87144 0.05528998 0.86018 0.04497998 0.88421 0.07553994 0.84268 0.07129997 0.84429 0.08873999 0.85912 0.08873999 0.85912 0.09154999 0.85531 0.07553994 0.84268 0.07553994 0.84268 0.07978999 0.84107 0.07847994 0.8249 0.07847994 0.8249 0.07646995 0.82345 0.07553994 0.84268 0.09435999 0.85151 0.09154999 0.85531 0.10936 0.85901 0.10936 0.85901 0.11031 0.85491 0.09435999 0.85151 0.1303 0.85771 0.10936 0.85901 0.10841 0.86311 0.10841 0.86311 0.13059 0.86124 0.1303 0.85771 0.009094536 0.7611569 0.02691996 0.7622 0.03191995 0.72782 0.03191995 0.72782 0.008922934 0.7223778 0.009094536 0.7611569 0.01979929 0.7042126 0.008922934 0.7223778 0.03191995 0.72782 0.03191995 0.72782 0.03815996 0.71474 0.01979929 0.7042126 0.03191995 0.72782 0.05919998 0.73314 0.05465996 0.72267 0.05465996 0.72267 0.03815996 0.71474 0.03191995 0.72782 0.08491998 0.73915 0.07713997 0.75042 0.1021 0.76178 0.1021 0.76178 0.10809 0.74336 0.08491998 0.73915 0.04688167 0.6897512 0.01979929 0.7042126 0.03815996 0.71474 0.03815996 0.71474 0.05361998 0.69642 0.04688167 0.6897512 0.04688167 0.6897512 0.05361998 0.69642 0.06371998 0.6909 0.06371998 0.6909 0.05522602 0.6814524 0.04688167 0.6897512 0.07286995 0.71139 0.08740997 0.70481 0.06371998 0.6909 0.06371998 0.6909 0.05361998 0.69642 0.07286995 0.71139 0.11196 0.7253 0.08410996 0.72178 0.08491998 0.73915 0.08491998 0.73915 0.10809 0.74336 0.11196 0.7253 0.01793998 0.87491 0.008259057 0.9022445 0.041965 0.9084049 0.041965 0.9084049 0.04497998 0.88421 0.01793998 0.87491 0.041965 0.9084049 0.07385307 0.9206658 0.06999999 0.894 0.06999999 0.894 0.04497998 0.88421 0.041965 0.9084049 0.10238 0.78294 0.0744 0.7889 0.08741998 0.80841 0.08741998 0.80841 0.10478 0.80083 0.10238 0.78294 0.07664996 0.76594 0.0744 0.7889 0.10238 0.78294 0.10238 0.78294 0.1021 0.76178 0.07664996 0.76594 0.13517 0.79288 0.10238 0.78294 0.10478 0.80083 0.10478 0.80083 0.1281 0.80971 0.13517 0.79288 0.14112 0.77142 0.1021 0.76178 0.10238 0.78294 0.10238 0.78294 0.13517 0.79288 0.14112 0.77142 0.1431 0.82627 0.16388 0.81883 0.13517 0.79288 0.13517 0.79288 0.1281 0.80971 0.1431 0.82627 0.18091 0.80068 0.14112 0.77142 0.13517 0.79288 0.13517 0.79288 0.16388 0.81883 0.18091 0.80068 0.14806 0.83656 0.16973 0.84367 0.16388 0.81883 0.16388 0.81883 0.1431 0.82627 0.14806 0.83656 0.16973 0.84367 0.1927967 0.8521404 0.18091 0.80068 0.18091 0.80068 0.16388 0.81883 0.16973 0.84367 0.14656 0.84804 0.1303 0.85771 0.13059 0.86124 0.13059 0.86124 0.14774 0.84956 0.14656 0.84804 0.08523994 0.8379 0.08298999 0.82696 0.07847994 0.8249 0.07847994 0.8249 0.07978999 0.84107 0.08523994 0.8379 0.08523994 0.8379 0.07978999 0.84107 0.09435999 0.85151 0.09435999 0.85151 0.09716999 0.84667 0.08523994 0.8379 0.11099 0.84892 0.09716999 0.84667 0.09435999 0.85151 0.09435999 0.85151 0.11031 0.85491 0.11099 0.84892 0.12915 0.84822 0.11099 0.84892 0.11031 0.85491 0.11031 0.85491 0.13002 0.85418 0.12915 0.84822 0.1427299 0.84336 0.12915 0.84822 0.13002 0.85418 0.13002 0.85418 0.14539 0.84652 0.1427299 0.84336 0.14112 0.77142 0.18091 0.80068 0.1904 0.7654 0.1904 0.7654 0.14514 0.74639 0.14112 0.77142 0.1904 0.7654 0.18091 0.80068 0.22249 0.81043 0.22249 0.81043 0.23665 0.77233 0.1904 0.7654 0.11383 0.69391 0.08960998 0.68804 0.08740997 0.70481 0.08740997 0.70481 0.11417 0.70568 0.11383 0.69391 0.11196 0.7253 0.11417 0.70568 0.08740997 0.70481 0.08740997 0.70481 0.08410996 0.72178 0.11196 0.7253 0.06371998 0.6909 0.08740997 0.70481 0.08960998 0.68804 0.08960998 0.68804 0.07060998 0.68208 0.06371998 0.6909 0.07060998 0.68208 0.06054806 0.6734201 0.05522602 0.6814524 0.05522602 0.6814524 0.06371998 0.6909 0.07060998 0.68208 0.06054806 0.6734201 0.07060998 0.68208 0.07712996 0.67265 0.07712996 0.67265 0.06816244 0.6643181 0.06054806 0.6734201 0.07712996 0.67265 0.07060998 0.68208 0.08960998 0.68804 0.08960998 0.68804 0.09200996 0.67983 0.07712996 0.67265 0.08960998 0.68804 0.11383 0.69391 0.11453 0.68622 0.11453 0.68622 0.09200996 0.67983 0.08960998 0.68804 0.11417 0.70568 0.13299 0.70344 0.12259 0.69272 0.12259 0.69272 0.11383 0.69391 0.11417 0.70568 0.11196 0.7253 0.14622 0.72039 0.13299 0.70344 0.13299 0.70344 0.11417 0.70568 0.11196 0.7253 0.08125996 0.66547 0.09880995 0.66101 0.0812844 0.6419401 0.0812844 0.6419401 0.07053464 0.6565819 0.08125996 0.66547 0.09880995 0.66101 0.08125996 0.66547 0.09503996 0.67436 0.12178 0.682 0.1102949 0.671505 0.11453 0.68622 0.12178 0.682 0.13262 0.67407 0.11267 0.6574875 0.11267 0.6574875 0.1102949 0.671505 0.12178 0.682 0.1271 0.68783 0.1421999 0.69267 0.13262 0.67407 0.13262 0.67407 0.12178 0.682 0.1271 0.68783 0.09880995 0.66101 0.11267 0.6574875 0.08932441 0.6323674 0.08932441 0.6323674 0.0812844 0.6419401 0.09880995 0.66101 0.11267 0.6574875 0.12208 0.63862 0.1007206 0.6190889 0.1007206 0.6190889 0.08932441 0.6323674 0.11267 0.6574875 0.1529999 0.66401 0.12208 0.63862 0.11267 0.6574875 0.11267 0.6574875 0.13262 0.67407 0.1529999 0.66401 0.1421999 0.69267 0.17154 0.69284 0.1529999 0.66401 0.1529999 0.66401 0.13262 0.67407 0.1421999 0.69267 0.14514 0.74639 0.14622 0.72039 0.11196 0.7253 0.11196 0.7253 0.10809 0.74336 0.14514 0.74639 0.14514 0.74639 0.1904 0.7654 0.1906999 0.72991 0.1906999 0.72991 0.14622 0.72039 0.14514 0.74639 0.17154 0.69284 0.2047899 0.68013 0.17154 0.65099 0.17154 0.65099 0.1529999 0.66401 0.17154 0.69284 0.12208 0.63862 0.1529999 0.66401 0.17154 0.65099 0.17154 0.65099 0.13991 0.62424 0.12208 0.63862 0.1007206 0.6190889 0.12208 0.63862 0.13991 0.62424 0.13991 0.62424 0.1169352 0.6018751 0.1007206 0.6190889 0.12259 0.69272 0.13299 0.70344 0.1421999 0.69267 0.1421999 0.69267 0.1271 0.68783 0.12259 0.69272 0.2047899 0.68013 0.17154 0.69284 0.1906999 0.72991 0.1906999 0.72991 0.22687 0.72463 0.2047899 0.68013 0.1904 0.7654 0.23665 0.77233 0.22687 0.72463 0.22687 0.72463 0.1906999 0.72991 0.1904 0.7654 0.22687 0.72463 0.23665 0.77233 0.28469 0.75029 0.28469 0.75029 0.26222 0.71251 0.22687 0.72463 0.1413139 0.5872065 0.1169352 0.6018751 0.13991 0.62424 0.13991 0.62424 0.15598 0.61164 0.1413139 0.5872065 0.17154 0.65099 0.18938 0.63668 0.15598 0.61164 0.15598 0.61164 0.13991 0.62424 0.17154 0.65099 0.2047899 0.68013 0.23097 0.6699 0.18938 0.63668 0.18938 0.63668 0.17154 0.65099 0.2047899 0.68013 0.22687 0.72463 0.26222 0.71251 0.23097 0.6699 0.23097 0.6699 0.2047899 0.68013 0.22687 0.72463 0.26112 0.66288 0.23097 0.6699 0.26222 0.71251 0.26222 0.71251 0.28484 0.70094 0.26112 0.66288 0.28484 0.70094 0.26222 0.71251 0.28469 0.75029 0.28469 0.75029 0.30613 0.74025 0.28484 0.70094 0.2129 0.621655 0.18938 0.63668 0.23097 0.6699 0.23097 0.6699 0.26112 0.66288 0.2129 0.621655 0.30521 0.78757 0.30613 0.74025 0.28469 0.75029 0.28469 0.75029 0.28689 0.79691 0.30521 0.78757 0.18938 0.63668 0.2129 0.621655 0.15598 0.61164 0.1932603 0.5834807 0.1413139 0.5872065 0.15598 0.61164 0.15598 0.61164 0.2129 0.621655 0.1932603 0.5834807 0.04830944 0.4331921 0.05872946 0.4185321 0.03772944 0.4086821 0.03772944 0.4086821 0.03282946 0.4143121 0.04830944 0.4331921 0.09907656 0.4493434 0.1114729 0.4360176 0.09484446 0.4246271 0.09484446 0.4246271 0.07742697 0.4330521 0.09907656 0.4493434 0.04830944 0.4331921 0.06817942 0.4475021 0.07742697 0.4330521 0.07742697 0.4330521 0.05872946 0.4185321 0.04830944 0.4331921 0.09532946 0.4037821 0.07830941 0.4133721 0.09484446 0.4246271 0.09484446 0.4246271 0.1092069 0.4116621 0.09532946 0.4037821 0.1079494 0.3803371 0.09532946 0.4037821 0.1092069 0.4116621 0.1092069 0.4116621 0.1237595 0.3897121 0.1079494 0.3803371 0.1079494 0.3803371 0.1237595 0.3897121 0.1310058 0.3793507 0.1310058 0.3793507 0.119493 0.3691396 0.1079494 0.3803371 0.1480305 0.433414 0.1608135 0.4108092 0.1405799 0.399845 0.1405799 0.399845 0.125571 0.4214808 0.1480305 0.433414 0.1000871 0.4501013 0.08533495 0.464065 0.1044321 0.4819365 0.1044321 0.4819365 0.1215259 0.4664146 0.1000871 0.4501013 0.07002943 0.4739322 0.08432447 0.4633072 0.06817942 0.4475021 0.06817942 0.4475021 0.05460941 0.4562721 0.07002943 0.4739322 0.07385307 0.9206658 0.041965 0.9084049 0.0388453 0.9170476 0.0388453 0.9170476 0.07549875 0.9288968 0.07385307 0.9206658 0.08941209 0.4955974 0.07103997 0.47469 0.05692493 0.48734 0.05692493 0.48734 0.07122957 0.5091448 0.08941209 0.4955974 0.07122957 0.5091448 0.05692493 0.48734 0.03985995 0.50076 0.03985995 0.50076 0.05312955 0.5235948 0.07122957 0.5091448 0.04718995 0.83198 0.02860999 0.83226 0.03129994 0.85328 0.04718995 0.83198 0.05100995 0.80699 0.02973997 0.80687 0.02973997 0.80687 0.02860999 0.83226 0.04718995 0.83198 0.01272732 0.8497114 0.03129994 0.85328 0.02860999 0.83226 0.02860999 0.83226 0.01582968 0.8319705 0.01272732 0.8497114 0.01582968 0.8319705 0.02860999 0.83226 0.02973997 0.80687 0.02973997 0.80687 0.0145151 0.8049145 0.01582968 0.8319705 0.07286995 0.71139 0.05465996 0.72267 0.08410996 0.72178 0.16973 0.84367 0.14806 0.83656 0.14774 0.84956 0.14112 0.77142 0.14514 0.74639 0.10809 0.74336 0.10809 0.74336 0.1021 0.76178 0.14112 0.77142 0.14622 0.72039 0.17154 0.69284 0.1421999 0.69267 0.1421999 0.69267 0.13299 0.70344 0.14622 0.72039 0.06461209 0.9550969 0.04453343 0.9613093 0.06538403 0.9651595 0.01382482 0.9760312 0.04453343 0.9613093 0.01077443 0.9598119 0.01077443 0.9598119 0.04453343 0.9613093 0.01313662 0.9467269 0.01313662 0.9467269 0.04453343 0.9613093 0.02729123 0.9335488 0.02729123 0.9335488 0.04453343 0.9613093 0.04750943 0.9334 0.04750943 0.9334 0.04453343 0.9613093 0.06074333 0.944625 0.06074333 0.944625 0.04453343 0.9613093 0.06461209 0.9550969 0.02325505 0.9878979 0.04453343 0.9613093 0.01382482 0.9760312 0.03888833 0.9940825 0.04453343 0.9613093 0.02325505 0.9878979 0.05380553 0.9905764 0.04453343 0.9613093 0.03888833 0.9940825 0.06402623 0.9780772 0.04453343 0.9613093 0.05380553 0.9905764 0.06538403 0.9651595 0.04453343 0.9613093 0.06402623 0.9780772 0.08735001 0.03386998 0.09631252 0.04076582 0.1099683 0.008674263 0.1099683 0.008674263 0.09823995 0.004980027 0.08735001 0.03386998 0.08735001 0.03386998 0.09823995 0.004980027 0.08066999 0.002300024 0.08066999 0.002300024 0.07559996 0.02542001 0.08735001 0.03386998 0.07559996 0.02542001 0.08066999 0.002300024 0.05673998 0.01179999 0.05673998 0.01179999 0.05782997 0.01806002 0.07559996 0.02542001 0.004477202 0.01170122 0.01894003 0.04165887 0.02769994 0.03446 0.02769994 0.03446 0.01556998 0.00612998 0.004477202 0.01170122 0.02769994 0.03446 0.03920996 0.02594 0.03305995 0.003799974 0.03305995 0.003799974 0.01556998 0.00612998 0.02769994 0.03446 0.03920996 0.02594 0.05782997 0.01806002 0.05673998 0.01179999 0.05673998 0.01179999 0.03305995 0.003799974 0.03920996 0.02594 0.07137995 0.05779999 0.07490456 0.06585192 0.09631252 0.04076582 0.09631252 0.04076582 0.08735001 0.03386998 0.07137995 0.05779999 0.06718999 0.04930001 0.07137995 0.05779999 0.08735001 0.03386998 0.08735001 0.03386998 0.07559996 0.02542001 0.06718999 0.04930001 0.05841994 0.03887999 0.06718999 0.04930001 0.07559996 0.02542001 0.07559996 0.02542001 0.05782997 0.01806002 0.05841994 0.03887999 0.04440999 0.05787998 0.02769994 0.03446 0.01894003 0.04165887 0.01894003 0.04165887 0.04101473 0.06600081 0.04440999 0.05787998 0.04793995 0.04944998 0.03920996 0.02594 0.02769994 0.03446 0.02769994 0.03446 0.04440999 0.05787998 0.04793995 0.04944998 0.05841994 0.03887999 0.05782997 0.01806002 0.03920996 0.02594 0.03920996 0.02594 0.04793995 0.04944998 0.05841994 0.03887999 0.07490456 0.06585192 0.07137995 0.05779999 0.04440999 0.05787998 0.04440999 0.05787998 0.04101473 0.06600081 0.07490456 0.06585192 0.06718999 0.04930001 0.04793995 0.04944998 0.04440999 0.05787998 0.04440999 0.05787998 0.07137995 0.05779999 0.06718999 0.04930001 0.06718999 0.04930001 0.05841994 0.03887999 0.04793995 0.04944998 0.22249 0.81043 0.1927967 0.8521404 0.22136 0.83207 0.25634 0.80578 0.23665 0.77233 0.22249 0.81043 0.25634 0.80578 0.28689 0.79691 0.23665 0.77233 0.25634 0.80578 0.22249 0.81043 0.22136 0.83207 0.1674642 0.8783192 0.1801348 0.8911364 0.1927967 0.8521404 0.09154999 0.85531 0.09435999 0.85151 0.07978999 0.84107 0.07978999 0.84107 0.07553994 0.84268 0.09154999 0.85531 0.07646995 0.82345 0.07445996 0.82201 0.07129997 0.84429 0.07129997 0.84429 0.07553994 0.84268 0.07646995 0.82345 0.09154999 0.85531 0.08873999 0.85912 0.10841 0.86311 0.10841 0.86311 0.10936 0.85901 0.09154999 0.85531 0.13002 0.85418 0.11031 0.85491 0.10936 0.85901 0.10936 0.85901 0.1303 0.85771 0.13002 0.85418 0.14539 0.84652 0.13002 0.85418 0.1303 0.85771 0.1303 0.85771 0.14656 0.84804 0.14539 0.84652 0.08609998 0.81347 0.07646995 0.82345 0.07847994 0.8249 0.14806 0.83656 0.14656 0.84804 0.14774 0.84956 0.1326785 0.8973894 0.1008712 0.9098858 0.1029425 0.9161956 0.1029425 0.9161956 0.1337491 0.9056351 0.1326785 0.8973894 0.06999999 0.894 0.07385307 0.9206658 0.1008712 0.9098858 0.13059 0.86124 0.12668 0.87715 0.15971 0.86645 0.15971 0.86645 0.14774 0.84956 0.13059 0.86124 0.08873999 0.85912 0.07779997 0.87144 0.09903997 0.87928 0.09903997 0.87928 0.10841 0.86311 0.08873999 0.85912 0.06999999 0.894 0.09903997 0.87928 0.07779997 0.87144 0.10841 0.86311 0.09903997 0.87928 0.12668 0.87715 0.12668 0.87715 0.13059 0.86124 0.10841 0.86311 0.1326785 0.8973894 0.12668 0.87715 0.09903997 0.87928 0.09903997 0.87928 0.1008712 0.9098858 0.1326785 0.8973894 0.1674642 0.8783192 0.15971 0.86645 0.1326785 0.8973894 0.1674642 0.8783192 0.1927967 0.8521404 0.16973 0.84367 0.16973 0.84367 0.15971 0.86645 0.1674642 0.8783192 0.16973 0.84367 0.14774 0.84956 0.15971 0.86645 0.06999999 0.894 0.1008712 0.9098858 0.09903997 0.87928 0.2770469 0.4251782 0.2647469 0.4196781 0.2641969 0.4251782 0.2770469 0.4251782 0.266377 0.4146781 0.2647469 0.4196781 0.2770469 0.4251782 0.271097 0.4089881 0.266377 0.4146781 0.2770469 0.4251782 0.266377 0.4356881 0.271097 0.4413681 0.2770469 0.4251782 0.2647469 0.4306781 0.266377 0.4356881 0.2770469 0.4251782 0.2641969 0.4251782 0.2647469 0.4306781 0.2515969 0.4251782 0.2641969 0.4251782 0.2647469 0.4196781 0.2647469 0.4196781 0.2522271 0.4160582 0.2515969 0.4251782 0.2522271 0.4160582 0.2647469 0.4196781 0.266377 0.4146781 0.266377 0.4146781 0.2542369 0.4073081 0.2522271 0.4160582 0.266377 0.4146781 0.271097 0.4089881 0.2606869 0.3955581 0.2606869 0.3955581 0.2542369 0.4073081 0.266377 0.4146781 0.2606869 0.4548081 0.271097 0.4413681 0.266377 0.4356881 0.266377 0.4356881 0.2542369 0.4430581 0.2606869 0.4548081 0.2522271 0.4342982 0.2542369 0.4430581 0.266377 0.4356881 0.266377 0.4356881 0.2647469 0.4306781 0.2522271 0.4342982 0.2522271 0.4342982 0.2647469 0.4306781 0.2641969 0.4251782 0.2641969 0.4251782 0.2515969 0.4251782 0.2522271 0.4342982 0.2396469 0.4271082 0.2515969 0.4251782 0.2522271 0.4160582 0.2522271 0.4160582 0.240047 0.4159281 0.2396469 0.4271082 0.240047 0.4159281 0.2522271 0.4160582 0.2542369 0.4073081 0.2542369 0.4073081 0.241317 0.4029081 0.240047 0.4159281 0.2457569 0.3861481 0.241317 0.4029081 0.2542369 0.4073081 0.2542369 0.4073081 0.2606869 0.3955581 0.2457569 0.3861481 0.2457469 0.4642181 0.2606869 0.4548081 0.2542369 0.4430581 0.2542369 0.4430581 0.241317 0.4474481 0.2457469 0.4642181 0.241317 0.4474481 0.2542369 0.4430581 0.2522271 0.4342982 0.2522271 0.4342982 0.240047 0.4382782 0.241317 0.4474481 0.240047 0.4382782 0.2522271 0.4342982 0.2515969 0.4251782 0.2515969 0.4251782 0.2396469 0.4271082 0.240047 0.4382782 0.228117 0.4152582 0.228117 0.4271082 0.2396469 0.4271082 0.2396469 0.4271082 0.240047 0.4159281 0.228117 0.4152582 0.228117 0.4014381 0.228117 0.4152582 0.240047 0.4159281 0.240047 0.4159281 0.241317 0.4029081 0.228117 0.4014381 0.228117 0.4014381 0.241317 0.4029081 0.2457569 0.3861481 0.2457569 0.3861481 0.228117 0.3827582 0.228117 0.4014381 0.228117 0.4675982 0.2457469 0.4642181 0.241317 0.4474481 0.241317 0.4474481 0.228117 0.4489181 0.228117 0.4675982 0.228117 0.4489181 0.241317 0.4474481 0.240047 0.4382782 0.240047 0.4382782 0.228117 0.4389582 0.228117 0.4489181 0.228117 0.4389582 0.240047 0.4382782 0.2396469 0.4271082 0.2396469 0.4271082 0.228117 0.4271082 0.228117 0.4389582 0.2165771 0.4271082 0.228117 0.4271082 0.228117 0.4152582 0.228117 0.4152582 0.216187 0.4159281 0.2165771 0.4271082 0.216187 0.4159281 0.228117 0.4152582 0.228117 0.4014381 0.228117 0.4014381 0.214917 0.4029081 0.216187 0.4159281 0.2104769 0.3861481 0.214917 0.4029081 0.228117 0.4014381 0.228117 0.4014381 0.228117 0.3827582 0.2104769 0.3861481 0.228117 0.4675982 0.228117 0.4489181 0.214917 0.4474481 0.214917 0.4474481 0.2104769 0.4642081 0.228117 0.4675982 0.228117 0.4489181 0.228117 0.4389582 0.216187 0.4382782 0.216187 0.4382782 0.214917 0.4474481 0.228117 0.4489181 0.228117 0.4271082 0.2165771 0.4271082 0.216187 0.4382782 0.216187 0.4382782 0.228117 0.4389582 0.228117 0.4271082 0.2046371 0.4251782 0.2165771 0.4271082 0.216187 0.4159281 0.216187 0.4159281 0.2039969 0.4160582 0.2046371 0.4251782 0.214917 0.4029081 0.2019971 0.4072981 0.2039969 0.4160582 0.2039969 0.4160582 0.216187 0.4159281 0.214917 0.4029081 0.2019971 0.4072981 0.214917 0.4029081 0.2104769 0.3861481 0.2104769 0.3861481 0.1955469 0.3955481 0.2019971 0.4072981 0.2104769 0.4642081 0.214917 0.4474481 0.2019971 0.4430581 0.2019971 0.4430581 0.1955369 0.4548081 0.2104769 0.4642081 0.2019971 0.4430581 0.214917 0.4474481 0.216187 0.4382782 0.216187 0.4382782 0.2039969 0.4342982 0.2019971 0.4430581 0.2039969 0.4342982 0.216187 0.4382782 0.2165771 0.4271082 0.2165771 0.4271082 0.2046371 0.4251782 0.2039969 0.4342982 0.2046371 0.4251782 0.2039969 0.4160582 0.1914871 0.4196781 0.1914871 0.4196781 0.1920369 0.4251782 0.2046371 0.4251782 0.2039969 0.4160582 0.2019971 0.4072981 0.189857 0.4146681 0.189857 0.4146681 0.1914871 0.4196781 0.2039969 0.4160582 0.189857 0.4146681 0.2019971 0.4072981 0.1955469 0.3955481 0.1955469 0.3955481 0.185137 0.4089881 0.189857 0.4146681 0.1955369 0.4548081 0.2019971 0.4430581 0.189857 0.4356781 0.189857 0.4356781 0.185137 0.4413681 0.1955369 0.4548081 0.189857 0.4356781 0.2019971 0.4430581 0.2039969 0.4342982 0.2039969 0.4342982 0.1914871 0.4306781 0.189857 0.4356781 0.1914871 0.4306781 0.2039969 0.4342982 0.2046371 0.4251782 0.2046371 0.4251782 0.1920369 0.4251782 0.1914871 0.4306781 0.1791771 0.4251782 0.1920369 0.4251782 0.1914871 0.4196781 0.1791771 0.4251782 0.1914871 0.4196781 0.189857 0.4146681 0.1791771 0.4251782 0.189857 0.4146681 0.185137 0.4089881 0.1791771 0.4251782 0.185137 0.4413681 0.189857 0.4356781 0.1791771 0.4251782 0.189857 0.4356781 0.1914871 0.4306781 0.1791771 0.4251782 0.1914871 0.4306781 0.1920369 0.4251782 0.2731469 0.4075282 0.271097 0.4089881 0.2770469 0.4251782 0.2770469 0.4251782 0.2770469 0.4251782 0.2731469 0.4075282 0.2731469 0.4428382 0.2770469 0.4251782 0.2770469 0.4251782 0.2770469 0.4251782 0.271097 0.4413681 0.2731469 0.4428382 0.263597 0.3919282 0.2606869 0.3955581 0.271097 0.4089881 0.271097 0.4089881 0.2731469 0.4075282 0.263597 0.3919282 0.263597 0.4584282 0.2731469 0.4428382 0.271097 0.4413681 0.271097 0.4413681 0.2606869 0.4548081 0.263597 0.4584282 0.247817 0.3804381 0.2457569 0.3861481 0.2606869 0.3955581 0.2606869 0.3955581 0.263597 0.3919282 0.247817 0.3804381 0.247807 0.4699181 0.263597 0.4584282 0.2606869 0.4548081 0.2606869 0.4548081 0.2457469 0.4642181 0.247807 0.4699181 0.247817 0.3804381 0.228117 0.3761982 0.228117 0.3827582 0.228117 0.3827582 0.2457569 0.3861481 0.247817 0.3804381 0.228117 0.4741582 0.247807 0.4699181 0.2457469 0.4642181 0.2457469 0.4642181 0.228117 0.4675982 0.228117 0.4741582 0.228117 0.3827582 0.228117 0.3761982 0.2084169 0.3804381 0.2084169 0.3804381 0.2104769 0.3861481 0.228117 0.3827582 0.228117 0.4675982 0.2104769 0.4642081 0.2084169 0.4699181 0.2084169 0.4699181 0.228117 0.4741582 0.228117 0.4675982 0.2084169 0.3804381 0.192637 0.3919282 0.1955469 0.3955481 0.1955469 0.3955481 0.2104769 0.3861481 0.2084169 0.3804381 0.2084169 0.4699181 0.2104769 0.4642081 0.1955369 0.4548081 0.1955369 0.4548081 0.192627 0.4584282 0.2084169 0.4699181 0.192637 0.3919282 0.1830869 0.4075182 0.185137 0.4089881 0.185137 0.4089881 0.1955469 0.3955481 0.192637 0.3919282 0.192627 0.4584282 0.1955369 0.4548081 0.185137 0.4413681 0.185137 0.4413681 0.1830869 0.4428382 0.192627 0.4584282 0.1830869 0.4075182 0.1791771 0.4251782 0.1791771 0.4251782 0.1791771 0.4251782 0.185137 0.4089881 0.1830869 0.4075182 0.1830869 0.4428382 0.185137 0.4413681 0.1791771 0.4251782 0.1791771 0.4251782 0.1791771 0.4251782 0.1830869 0.4428382 0.08410996 0.72178 0.05465996 0.72267 0.05919998 0.73314 0.04718995 0.83198 0.03129994 0.85328 0.05528998 0.86018 0.1326785 0.8973894 0.15971 0.86645 0.12668 0.87715 0.1102949 0.671505 0.11267 0.6574875 0.09880995 0.66101 0.09503996 0.67436 0.1102949 0.671505 0.09880995 0.66101 0.11453 0.68622 0.1102949 0.671505 0.09503996 0.67436 0.04718995 0.83198 0.07129997 0.84429 0.07445996 0.82201 0.3211147 0.8144147 0.2967947 0.8144147 0.2986046 0.8295448 0.2986046 0.8295448 0.3247446 0.8295448 0.3211147 0.8144147 0.3247446 0.8295448 0.3454821 0.8295448 0.3445747 0.8257623 0.3445747 0.8257623 0.3211147 0.8144147 0.3247446 0.8295448 0.2986046 0.8295448 0.2967947 0.8144147 0.3211147 0.8144147 0.3211147 0.8144147 0.3247446 0.8295448 0.2986046 0.8295448 0.3454821 0.8295448 0.3247446 0.8295448 0.3211147 0.8144147 0.3211147 0.8144147 0.3445747 0.8257623 0.3454821 0.8295448 0.2967947 0.8144147 0.2986046 0.8295448 0.2727814 0.8295448 0.2727814 0.8295448 0.2727579 0.8144147 0.2967947 0.8144147 0.3445747 0.8257623 0.3454821 0.8295448 0.3523946 0.8295448 0.3454821 0.8295448 0.3445747 0.8257623 0.3523946 0.8295448 0.041965 0.9084049 0.008259057 0.9022445 0.008922815 0.91357 0.008922815 0.91357 0.0388453 0.9170476 0.041965 0.9084049 0.1029425 0.9161956 0.1008712 0.9098858 0.07385307 0.9206658 0.07385307 0.9206658 0.07549875 0.9288968 0.1029425 0.9161956 0.22249 0.81043 0.18091 0.80068 0.1927967 0.8521404 0.1608135 0.4108092 0.16716 0.39391 0.146835 0.38687 0.146835 0.38687 0.1405799 0.399845 0.1608135 0.4108092 0.1355333 0.4515929 0.1480305 0.433414 0.125571 0.4214808 0.125571 0.4214808 0.1124834 0.4367756 0.1355333 0.4515929 0.1215259 0.4664146 0.1355333 0.4515929 0.1124834 0.4367756 0.1124834 0.4367756 0.1000871 0.4501013 0.1215259 0.4664146 0.07103997 0.47469 0.08941209 0.4955974 0.1044321 0.4819365 0.1044321 0.4819365 0.08533495 0.464065 0.07103997 0.47469 0.05460941 0.4562721 0.04101943 0.4644821 0.05591446 0.4865821 0.05591446 0.4865821 0.07002943 0.4739322 0.05460941 0.4562721 0.05591446 0.4865821 0.04101943 0.4644821 0.02498942 0.4768721 0.02498942 0.4768721 0.03884947 0.5000022 0.05591446 0.4865821 0.07830941 0.4133721 0.05872946 0.4185321 0.07742697 0.4330521 0.07742697 0.4330521 0.09484446 0.4246271 0.07830941 0.4133721 0.1114729 0.4360176 0.1245605 0.420723 0.1092069 0.4116621 0.1092069 0.4116621 0.09484446 0.4246271 0.1114729 0.4360176 0.1245605 0.420723 0.1395695 0.3990871 0.1237595 0.3897121 0.1237595 0.3897121 0.1092069 0.4116621 0.1245605 0.420723 0.1237595 0.3897121 0.1395695 0.3990871 0.1458244 0.3861121 0.1458244 0.3861121 0.1310058 0.3793507 0.1237595 0.3897121 0.08432447 0.4633072 0.09907656 0.4493434 0.07742697 0.4330521 0.07742697 0.4330521 0.06817942 0.4475021 0.08432447 0.4633072 0.3057479 0.9455608 0.3054072 0.9764872 0.2651006 0.9772632 0.2651006 0.9772632 0.2482158 0.9461967 0.3057479 0.9455608 0.2226695 0.894747 0.3054849 0.894319 0.3057479 0.9455608 0.3057479 0.9455608 0.2482158 0.9461967 0.2226695 0.894747 0.8977446 0.5236589 0.9010066 0.5880004 0.8780452 0.5654582 0.8780452 0.5654582 0.8771368 0.528551 0.8977446 0.5236589 0.2482158 0.9461967 0.2651006 0.9772632 0.2367822 0.9830819 0.2367822 0.9830819 0.2122454 0.9582759 0.2482158 0.9461967 0.2226695 0.894747 0.2482158 0.9461967 0.1971704 0.9430782 0.2122454 0.9582759 0.1749772 0.9761018 0.1628422 0.9585836 0.1628422 0.9585836 0.1971704 0.9430782 0.2122454 0.9582759 0.8977446 0.5236589 0.9165964 0.5720539 0.9118862 0.5864787 0.9118862 0.5864787 0.9010066 0.5880004 0.8977446 0.5236589 0.5461834 0.8206202 0.5292388 0.815881 0.5427973 0.7748352 0.2482158 0.9461967 0.2122454 0.9582759 0.1971704 0.9430782 0.9961549 0.5234208 0.995815 0.5617656 0.9622637 0.5624108 0.9622637 0.5624108 0.9507301 0.525214 0.9961549 0.5234208 0.9364273 0.5650625 0.9507301 0.525214 0.9622637 0.5624108 0.9507301 0.525214 0.9364273 0.5650625 0.9165964 0.5720539 0.9165964 0.5720539 0.8977446 0.5236589 0.9507301 0.525214 0.7016513 0.7353753 0.6954234 0.7148075 0.6610047 0.7167596 0.72766 0.09049999 0.7100736 0.09810703 0.7175714 0.09876233 0.7100736 0.09810703 0.7087398 0.1102571 0.7175714 0.09876233 0.70097 0.07788002 0.70107 0.09153997 0.72766 0.09049999 0.72766 0.09049999 0.73194 0.08704 0.70097 0.07788002 0.1326785 0.8973894 0.1337491 0.9056351 0.1801348 0.8911364 0.1801348 0.8911364 0.1674642 0.8783192 0.1326785 0.8973894 0.4799417 0.4852659 0.448074 0.5082769 0.4643689 0.4888164 0.4972338 0.458885 0.5067178 0.4445909 0.5045517 0.4626604 0.5460994 0.4023312 0.5271482 0.4373501 0.5158476 0.428555 0.5158476 0.428555 0.5207793 0.4159379 0.5460994 0.4023312 0.4799417 0.4852659 0.4643689 0.4888164 0.4774085 0.47804 0.5067178 0.4445909 0.5271482 0.4373501 0.5045517 0.4626604 0.4395121 0.550279 0.4582932 0.5671448 0.426208 0.604568 0.5132096 0.6441327 0.5678918 0.615605 0.526037 0.7060886 0.4737679 0.648962 0.526037 0.7060886 0.4527726 0.7141683 0.426208 0.604568 0.4726563 0.5919473 0.4435375 0.6474766 0.4726563 0.5919473 0.5132096 0.6441327 0.4737679 0.648962 0.4726563 0.5919473 0.4737679 0.648962 0.4435375 0.6474766 0.426208 0.604568 0.4102877 0.5909566 0.4395121 0.550279 0.6138232 0.5447161 0.6686202 0.4757538 0.6669144 0.5775075 0.5008955 0.5810611 0.5678918 0.615605 0.5132096 0.6441327 0.4154376 0.696186 0.4062414 0.6369971 0.4435375 0.6474766 0.5711216 0.4476757 0.5045517 0.4626604 0.5271482 0.4373501 0.5851978 0.5162338 0.5711216 0.4476757 0.6251025 0.47236 0.5922623 0.4087851 0.640987 0.4311159 0.5711216 0.4476757 0.5418183 0.558412 0.5223088 0.5146627 0.5457608 0.4836578 0.5457608 0.4836578 0.5851978 0.5162338 0.5418183 0.558412 0.5045517 0.4626604 0.4742392 0.5060826 0.4799417 0.4852659 0.4062414 0.6369971 0.385241 0.6624124 0.3735468 0.6455189 0.3735468 0.6455189 0.3901967 0.6279474 0.4062414 0.6369971 0.5678918 0.615605 0.6669144 0.5775075 0.6119267 0.6562941 0.5418183 0.558412 0.6138232 0.5447161 0.5678918 0.615605 0.5922623 0.4087851 0.5711216 0.4476757 0.5460994 0.4023312 0.6686202 0.4757538 0.6251025 0.47236 0.640987 0.4311159 0.5008955 0.5810611 0.5418183 0.558412 0.5678918 0.615605 0.4395121 0.550279 0.4918242 0.5435686 0.4582932 0.5671448 0.5678918 0.615605 0.6138232 0.5447161 0.6669144 0.5775075 0.6251025 0.47236 0.6138232 0.5447161 0.5851978 0.5162338 0.5008955 0.5810611 0.4918242 0.5435686 0.5223088 0.5146627 0.5223088 0.5146627 0.5418183 0.558412 0.5008955 0.5810611 0.5045517 0.4626604 0.5223088 0.5146627 0.4742392 0.5060826 0.4062414 0.6369971 0.4154376 0.696186 0.385241 0.6624124 0.4062414 0.6369971 0.3901967 0.6279474 0.4102877 0.5909566 0.4102877 0.5909566 0.426208 0.604568 0.4062414 0.6369971 0.4395121 0.550279 0.4060959 0.5750988 0.4241012 0.5395952 0.4102877 0.5909566 0.3901967 0.6279474 0.4060959 0.5750988 0.5851978 0.5162338 0.5457608 0.4836578 0.5711216 0.4476757 0.6686202 0.4757538 0.6138232 0.5447161 0.6251025 0.47236 0.4435375 0.6474766 0.4737679 0.648962 0.4527726 0.7141683 0.5223088 0.5146627 0.5045517 0.4626604 0.5457608 0.4836578 0.4918242 0.5435686 0.5008955 0.5810611 0.4726563 0.5919473 0.4726563 0.5919473 0.4582932 0.5671448 0.4918242 0.5435686 0.4918242 0.5435686 0.4742392 0.5060826 0.5223088 0.5146627 0.5457608 0.4836578 0.5045517 0.4626604 0.5711216 0.4476757 0.4582932 0.5671448 0.4726563 0.5919473 0.426208 0.604568 0.4435375 0.6474766 0.4527726 0.7141683 0.4154376 0.696186 0.4062414 0.6369971 0.426208 0.604568 0.4435375 0.6474766 0.4726563 0.5919473 0.5008955 0.5810611 0.5132096 0.6441327 0.640987 0.4311159 0.6251025 0.47236 0.5711216 0.4476757 0.5418183 0.558412 0.5851978 0.5162338 0.6138232 0.5447161 0.5711216 0.4476757 0.5271482 0.4373501 0.5460994 0.4023312 0.4395121 0.550279 0.4742392 0.5060826 0.4918242 0.5435686 0.5003144 0.3256953 0.5053007 0.3116037 0.5416802 0.3438842 0.5416802 0.3438842 0.5330597 0.3529126 0.5003144 0.3256953 0.4892198 0.3424562 0.5003144 0.3256953 0.5330597 0.3529126 0.5330597 0.3529126 0.5202816 0.3624619 0.4892198 0.3424562 0.470025 0.327018 0.4778956 0.3048734 0.5003144 0.3256953 0.5003144 0.3256953 0.4892198 0.3424562 0.470025 0.327018 0.4703797 0.3626847 0.4445927 0.3542981 0.470025 0.327018 0.470025 0.327018 0.4892198 0.3424562 0.4703797 0.3626847 0.4703797 0.3626847 0.4892198 0.3424562 0.5202816 0.3624619 0.5202816 0.3624619 0.5020297 0.3749744 0.4703797 0.3626847 0.4888303 0.3857439 0.4466936 0.382081 0.4703797 0.3626847 0.4703797 0.3626847 0.5020297 0.3749744 0.4888303 0.3857439 0.4101985 0.3756538 0.4445927 0.3542981 0.4703797 0.3626847 0.4703797 0.3626847 0.4466936 0.382081 0.4101985 0.3756538 0.4294141 0.4096763 0.3913652 0.4056723 0.4101985 0.3756538 0.4101985 0.3756538 0.4466936 0.382081 0.4294141 0.4096763 0.4888303 0.3857439 0.4556578 0.4130815 0.4294141 0.4096763 0.4294141 0.4096763 0.4466936 0.382081 0.4888303 0.3857439 0.5330597 0.3529126 0.5416802 0.3438842 0.5671744 0.367621 0.5671744 0.367621 0.5584614 0.3739466 0.5330597 0.3529126 0.5330597 0.3529126 0.5584614 0.3739466 0.543777 0.3807038 0.543777 0.3807038 0.5202816 0.3624619 0.5330597 0.3529126 0.5020297 0.3749744 0.5202816 0.3624619 0.543777 0.3807038 0.543777 0.3807038 0.5164473 0.3834794 0.5020297 0.3749744 0.4294141 0.4096763 0.4556578 0.4130815 0.455619 0.4334403 0.455619 0.4334403 0.4259199 0.4356749 0.4294141 0.4096763 0.3913652 0.4056723 0.4294141 0.4096763 0.4259199 0.4356749 0.4259199 0.4356749 0.3867552 0.4420583 0.3913652 0.4056723 0.4888303 0.3857439 0.5020297 0.3749744 0.5164473 0.3834794 0.4395121 0.550279 0.4241012 0.5395952 0.448074 0.5082769 0.448074 0.5082769 0.4742392 0.5060826 0.4395121 0.550279 0.4799417 0.4852659 0.4742392 0.5060826 0.448074 0.5082769 0.5045517 0.4626604 0.4799417 0.4852659 0.4774085 0.47804 0.4774085 0.47804 0.4972338 0.458885 0.5045517 0.4626604 0.4395121 0.550279 0.4102877 0.5909566 0.4060959 0.5750988 0.5671744 0.367621 0.5776817 0.3759651 0.5640906 0.3785746 0.5640906 0.3785746 0.5584614 0.3739466 0.5671744 0.367621 0.5584614 0.3739466 0.5640906 0.3785746 0.543777 0.3807038 0.5271482 0.4373501 0.5067178 0.4445909 0.5158476 0.428555 0.5207793 0.4159379 0.5220307 0.4026749 0.5304437 0.4013001 0.5304437 0.4013001 0.5460994 0.4023312 0.5207793 0.4159379 0.5105552 0.7843172 0.5427973 0.7748352 0.5292388 0.815881 0.5678918 0.615605 0.6119267 0.6562941 0.526037 0.7060886 0.4737679 0.648962 0.5132096 0.6441327 0.526037 0.7060886 0.7767888 0.3769671 0.7970991 0.4081691 0.7685454 0.3831443 0.7003225 0.2387284 0.6610105 0.2539593 0.6513823 0.2167804 0.6513823 0.2167804 0.6905282 0.2153624 0.7003225 0.2387284 0.683404 0.1958794 0.6513918 0.2167296 0.6752491 0.1747592 0.7530669 0.3374311 0.7349097 0.3515308 0.7031869 0.3177731 0.7031869 0.3177731 0.7306996 0.2976793 0.7530669 0.3374311 0.6513823 0.2167804 0.6513918 0.2167296 0.683404 0.1958794 0.683404 0.1958794 0.6905282 0.2153624 0.6513823 0.2167804 0.7530669 0.3374311 0.7767888 0.3769671 0.7685454 0.3831443 0.7685454 0.3831443 0.7349097 0.3515308 0.7530669 0.3374311 0.7144587 0.2676301 0.7306996 0.2976793 0.7031869 0.3177731 0.7031869 0.3177731 0.6786186 0.2867327 0.7144587 0.2676301 0.7144587 0.2676301 0.6786186 0.2867327 0.6610105 0.2539593 0.6610105 0.2539593 0.7003225 0.2387284 0.7144587 0.2676301 0.6905282 0.2153624 0.717221 0.1886956 0.7357471 0.2192207 0.7357471 0.2192207 0.7003225 0.2387284 0.6905282 0.2153624 0.3539639 0.4009116 0.3171922 0.3984362 0.317419 0.3877165 0.317419 0.3877165 0.3589623 0.3891302 0.3539639 0.4009116 0.3511633 0.41738 0.3191617 0.4114851 0.3171922 0.3984362 0.3171922 0.3984362 0.3539639 0.4009116 0.3511633 0.41738 0.3729391 0.4190396 0.3511633 0.41738 0.3539639 0.4009116 0.3539639 0.4009116 0.3805523 0.4004771 0.3729391 0.4190396 0.3509467 0.4405544 0.3511633 0.41738 0.3729391 0.4190396 0.3729391 0.4190396 0.3725115 0.4508724 0.3509467 0.4405544 0.3509467 0.4405544 0.32311 0.4293232 0.3191617 0.4114851 0.3191617 0.4114851 0.3511633 0.41738 0.3509467 0.4405544 0.325376 0.4432265 0.32311 0.4293232 0.3509467 0.4405544 0.3509467 0.4405544 0.3542571 0.4661981 0.325376 0.4432265 0.3807651 0.484551 0.3542571 0.4661981 0.3509467 0.4405544 0.3509467 0.4405544 0.3725115 0.4508724 0.3807651 0.484551 0.3480304 0.4930848 0.3542571 0.4661981 0.3807651 0.484551 0.3807651 0.484551 0.3738087 0.5141269 0.3480304 0.4930848 0.325376 0.4432265 0.3542571 0.4661981 0.3480304 0.4930848 0.3480304 0.4930848 0.3294607 0.4791346 0.325376 0.4432265 0.3171922 0.3984362 0.2891037 0.3946563 0.2878061 0.3853923 0.2878061 0.3853923 0.317419 0.3877165 0.3171922 0.3984362 0.3171922 0.3984362 0.3191617 0.4114851 0.2937163 0.4076247 0.2937163 0.4076247 0.2891037 0.3946563 0.3171922 0.3984362 0.32311 0.4293232 0.3088093 0.4259447 0.2937163 0.4076247 0.2937163 0.4076247 0.3191617 0.4114851 0.32311 0.4293232 0.3480304 0.4930848 0.3344072 0.5107814 0.3190435 0.4929045 0.3480304 0.4930848 0.3190435 0.4929045 0.3176213 0.491223 0.3480304 0.4930848 0.3176213 0.491223 0.3294607 0.4791346 0.3344072 0.5107814 0.3480304 0.4930848 0.3738087 0.5141269 0.3738087 0.5141269 0.3542453 0.5388296 0.3344072 0.5107814 0.325376 0.4432265 0.3088093 0.4259447 0.32311 0.4293232 0.3589623 0.3891302 0.3901834 0.3784007 0.3805523 0.4004771 0.3805523 0.4004771 0.3539639 0.4009116 0.3589623 0.3891302 0.4778956 0.3048734 0.486468 0.277946 0.5053007 0.3116037 0.5053007 0.3116037 0.5003144 0.3256953 0.4778956 0.3048734 0.1206242 0.9976432 0.137714 0.9811698 0.1536452 0.9944874 0.03119814 0.3628976 0.02279227 0.3505397 0.05217313 0.346356 0.05217313 0.346356 0.05191808 0.3634889 0.03119814 0.3628976 0.08141613 0.3514181 0.09633362 0.3630955 0.08114016 0.3754286 0.08114016 0.3754286 0.07264566 0.3635204 0.08141613 0.3514181 0.05191808 0.3634889 0.05166977 0.3800383 0.02235192 0.3745475 0.02235192 0.3745475 0.03119814 0.3628976 0.05191808 0.3634889 0.08114016 0.3754286 0.05166977 0.3800383 0.05191808 0.3634889 0.05191808 0.3634889 0.07264566 0.3635204 0.08114016 0.3754286 0.2727584 0.8295448 0.2986046 0.8295448 0.2967947 0.8144147 0.2967947 0.8144147 0.2727598 0.8144147 0.2727584 0.8295448 0.7171839 0.1886647 0.683404 0.1958794 0.6752491 0.1747592 0.7530669 0.3374311 0.7306996 0.2976793 0.7614275 0.2877801 0.7614275 0.2877801 0.7739266 0.3313536 0.7530669 0.3374311 0.7767888 0.3769671 0.7530669 0.3374311 0.7739266 0.3313536 0.7739266 0.3313536 0.7850151 0.3699573 0.7767888 0.3769671 0.7306996 0.2976793 0.7144587 0.2676301 0.7497915 0.2535198 0.7497915 0.2535198 0.7614275 0.2877801 0.7306996 0.2976793 0.7144587 0.2676301 0.7003225 0.2387284 0.7357471 0.2192207 0.7357471 0.2192207 0.7497915 0.2535198 0.7144587 0.2676301 0.683404 0.1958794 0.7171839 0.1886647 0.717221 0.1886956 0.717221 0.1886956 0.6905282 0.2153624 0.683404 0.1958794 0.07264566 0.3635204 0.05191808 0.3634889 0.05217313 0.346356 0.05217313 0.346356 0.08141613 0.3514181 0.07264566 0.3635204 0.02279227 0.3505397 0.03119814 0.3628976 0.02235192 0.3745475 0.02235192 0.3745475 0.007533848 0.3617664 0.02279227 0.3505397 0.6953468 0.6518152 0.6649153 0.6499702 0.6751388 0.6286222 0.6751388 0.6286222 0.7059074 0.6277574 0.6953468 0.6518152 0.7059074 0.6277574 0.6751388 0.6286222 0.700778 0.5886854 0.700778 0.5886854 0.720407 0.600076 0.7059074 0.6277574 0.7329282 0.5772674 0.7647748 0.6193168 0.720407 0.600076 0.7647748 0.6193168 0.7329282 0.5772674 0.7773318 0.6001985 0.8269722 0.5979483 0.8485366 0.5980308 0.8203237 0.6198909 0.8483822 0.6158358 0.8203237 0.6198909 0.8485366 0.5980308 0.8149778 0.7167807 0.8396791 0.7391496 0.8173686 0.7384974 0.8186045 0.6921935 0.8435481 0.7051534 0.8149778 0.7167807 0.8435481 0.7051534 0.8396791 0.7391496 0.8149778 0.7167807 0.32699 0.6351 0.2956 0.62901 0.33335 0.61561 0.30572 0.60536 0.33335 0.61561 0.2956 0.62901 0.35263 0.57828 0.33179 0.56091 0.36174 0.56905 0.33863 0.55004 0.36174 0.56905 0.33179 0.56091 0.41473 0.82541 0.43441 0.79007 0.43462 0.81987 0.2956 0.62901 0.32699 0.6351 0.29948 0.64519 0.40408 0.82797 0.40489 0.80337 0.41473 0.82541 0.40489 0.80337 0.43441 0.79007 0.41473 0.82541 0.35847 0.81 0.35772 0.78577 0.37952 0.80566 0.37952 0.80566 0.38454 0.77926 0.40489 0.80337 0.37952 0.80566 0.35772 0.78577 0.38454 0.77926 0.32723 0.52796 0.33863 0.55004 0.31889 0.54269 0.33179 0.56091 0.31861 0.58129 0.31494 0.55257 0.31494 0.55257 0.31861 0.58129 0.29039 0.5677 0.2956 0.62901 0.27712 0.59825 0.30572 0.60536 0.27712 0.59825 0.2956 0.62901 0.26303 0.61504 0.43441 0.79007 0.40489 0.80337 0.42245 0.76717 0.42245 0.76717 0.45119 0.75028 0.43441 0.79007 0.42245 0.76717 0.40489 0.80337 0.40393 0.77481 0.40393 0.77481 0.40489 0.80337 0.38454 0.77926 0.25354 0.59898 0.27712 0.59825 0.26303 0.61504 0.25745 0.57834 0.27712 0.59825 0.25354 0.59898 0.45119 0.75028 0.42245 0.76717 0.44228 0.74222 0.08091998 0.55048 0.105 0.53576 0.08384996 0.56221 0.07916998 0.53873 0.09920001 0.52898 0.08091998 0.55048 0.105 0.53576 0.08091998 0.55048 0.09920001 0.52898 0.41678 0.75007 0.39798 0.75963 0.41322 0.73129 0.41322 0.73129 0.39831 0.72413 0.41807 0.72047 0.41322 0.73129 0.39798 0.75963 0.39831 0.72413 0.26303 0.61504 0.24186 0.61562 0.25354 0.59898 0.24186 0.61562 0.22493 0.5992 0.25354 0.59898 0.1281 0.52508 0.1216199 0.52096 0.12726 0.51967 0.12726 0.51967 0.13226 0.52694 0.1281 0.52508 0.11689 0.56626 0.12729 0.54573 0.12488 0.56406 0.11608 0.51086 0.1256 0.51665 0.11613 0.51607 0.1216199 0.52096 0.11864 0.5179 0.1256 0.51665 0.11613 0.51607 0.1256 0.51665 0.11864 0.5179 0.12726 0.51967 0.1216199 0.52096 0.1256 0.51665 0.22768 0.58772 0.25354 0.59898 0.22493 0.5992 0.25354 0.59898 0.22768 0.58772 0.25745 0.57834 0.22784 0.57701 0.25745 0.57834 0.22768 0.58772 0.39646 0.70653 0.39831 0.72413 0.38599 0.70809 0.38821 0.70226 0.39646 0.70653 0.38599 0.70809 0.37181 0.75093 0.39831 0.72413 0.39798 0.75963 0.22784 0.57701 0.2183099 0.57819 0.22472 0.56835 0.2183099 0.57819 0.19292 0.55093 0.22472 0.56835 0.27179 0.55945 0.29331 0.54028 0.29039 0.5677 0.22472 0.56835 0.25745 0.57834 0.22784 0.57701 0.04808998 0.54088 0.04079997 0.5375 0.05145996 0.53713 0.03102993 0.53913 0.04079997 0.5375 0.03496998 0.54268 0.02936995 0.53688 0.04079997 0.5375 0.03102993 0.53913 0.04910999 0.5497 0.04808998 0.54088 0.05437999 0.5504 0.19804 0.54512 0.22472 0.56835 0.19292 0.55093 0.15861 0.51395 0.16536 0.51877 0.16145 0.52701 0.16145 0.52701 0.16536 0.51877 0.16591 0.52418 0.22633 0.49164 0.24003 0.49706 0.22946 0.49586 0.31494 0.55257 0.29039 0.5677 0.29331 0.54028 0.40393 0.77481 0.38454 0.77926 0.39798 0.75963 0.38454 0.77926 0.37181 0.75093 0.39798 0.75963 0.7815138 0.1547766 0.769578 0.135421 0.7539442 0.1418315 0.7539442 0.1418315 0.7594876 0.1635197 0.7815138 0.1547766 0.7869993 0.09694075 0.7824023 0.118211 0.8102734 0.1268819 0.8102734 0.1268819 0.803106 0.07744419 0.7869993 0.09694075 0.7594876 0.1635197 0.7683695 0.1984678 0.7938905 0.1883222 0.7938905 0.1883222 0.7815138 0.1547766 0.7594876 0.1635197 0.7815138 0.1547766 0.7938905 0.1883222 0.8103283 0.1777434 0.8103283 0.1777434 0.8102734 0.1268819 0.7815138 0.1547766 0.7784355 0.2414655 0.8098424 0.2316753 0.7938905 0.1883222 0.7938905 0.1883222 0.7683695 0.1984678 0.7784355 0.2414655 0.7909567 0.3008041 0.827229 0.2888678 0.8098424 0.2316753 0.8098424 0.2316753 0.7784355 0.2414655 0.7909567 0.3008041 0.8007143 0.3513998 0.8289853 0.3462574 0.827229 0.2888678 0.827229 0.2888678 0.7909567 0.3008041 0.8007143 0.3513998 0.5717329 0.7298474 0.5905324 0.7155307 0.5797641 0.6951168 0.5797641 0.6951168 0.5604308 0.7111091 0.5717329 0.7298474 0.644385 0.6393191 0.6641592 0.6145097 0.6751388 0.6286222 0.6751388 0.6286222 0.6649153 0.6499702 0.644385 0.6393191 0.644385 0.6393191 0.6649153 0.6499702 0.6597183 0.6727265 0.6597183 0.6727265 0.6238558 0.6657866 0.644385 0.6393191 0.5793282 0.7972621 0.6037146 0.7925049 0.5958335 0.7729279 0.5958335 0.7729279 0.5693897 0.7784008 0.5793282 0.7972621 0.6597183 0.6727265 0.6571078 0.694678 0.6277059 0.6948947 0.6277059 0.6948947 0.6238558 0.6657866 0.6597183 0.6727265 0.6571078 0.694678 0.6610047 0.7167596 0.6277059 0.6948947 0.1628422 0.9585836 0.137714 0.9811698 0.1536452 0.9944874 0.1536452 0.9944874 0.1749772 0.9761018 0.1628422 0.9585836 0.5634135 0.8079507 0.5535022 0.7963246 0.5461834 0.8206202 0.5461834 0.8206202 0.5531677 0.8314205 0.5634135 0.8079507 0.6855313 0.7960119 0.6948693 0.7857343 0.7172133 0.8060832 0.7172133 0.8060832 0.7115339 0.8151823 0.6855313 0.7960119 0.5535022 0.7963246 0.5634135 0.8079507 0.5793282 0.7972621 0.5793282 0.7972621 0.5693897 0.7784008 0.5535022 0.7963246 0.4842833 0.7248234 0.4828807 0.7473636 0.5146599 0.7494179 0.5146599 0.7494179 0.5149576 0.7261336 0.4842833 0.7248234 0.5453786 0.7420164 0.5349291 0.7227275 0.5149576 0.7261336 0.5149576 0.7261336 0.5146599 0.7494179 0.5453786 0.7420164 0.5717329 0.7298474 0.5604308 0.7111091 0.5349291 0.7227275 0.5349291 0.7227275 0.5453786 0.7420164 0.5717329 0.7298474 0.8078449 0.3845918 0.8332186 0.3788345 0.8289853 0.3462574 0.8289853 0.3462574 0.8007143 0.3513998 0.8078449 0.3845918 0.9024807 0.8919181 0.8953417 0.8930785 0.8914934 0.9151737 0.8914934 0.9151737 0.8982323 0.9166203 0.9024807 0.8919181 0.9024807 0.8919181 0.9055855 0.8520359 0.8985024 0.8695506 0.8985024 0.8695506 0.8953417 0.8930785 0.9024807 0.8919181 0.9036199 0.8106203 0.8989329 0.8458603 0.9055855 0.8520359 0.9055855 0.8520359 0.9088875 0.8113711 0.9036199 0.8106203 0.6934869 0.6941191 0.6954234 0.7148075 0.6610047 0.7167596 0.6610047 0.7167596 0.6571078 0.694678 0.6934869 0.6941191 0.1749772 0.9761018 0.1536452 0.9944874 0.2003316 0.9931016 0.6597183 0.6727265 0.6939179 0.6723635 0.6934869 0.6941191 0.6934869 0.6941191 0.6571078 0.694678 0.6597183 0.6727265 0.6649153 0.6499702 0.6953468 0.6518152 0.6939179 0.6723635 0.6939179 0.6723635 0.6597183 0.6727265 0.6649153 0.6499702 0.7186823 0.7776368 0.7283019 0.7976033 0.7172133 0.8060832 0.7172133 0.8060832 0.6948693 0.7857343 0.7186823 0.7776368 0.2003316 0.9931016 0.2367822 0.9830819 0.2122454 0.9582759 0.2122454 0.9582759 0.1749772 0.9761018 0.2003316 0.9931016 0.6939179 0.6723635 0.752973 0.6869882 0.6934869 0.6941191 0.752973 0.6869882 0.7532559 0.7211294 0.6954234 0.7148075 0.6954234 0.7148075 0.6934869 0.6941191 0.752973 0.6869882 0.6953468 0.6518152 0.7556521 0.661625 0.6939179 0.6723635 0.7059074 0.6277574 0.7564393 0.6411123 0.7556521 0.661625 0.7556521 0.661625 0.6953468 0.6518152 0.7059074 0.6277574 0.720407 0.600076 0.7647748 0.6193168 0.7564393 0.6411123 0.7564393 0.6411123 0.7059074 0.6277574 0.720407 0.600076 0.7846084 0.5773784 0.7773318 0.6001985 0.7329282 0.5772674 0.7329282 0.5772674 0.7458867 0.5551875 0.7846084 0.5773784 0.7283019 0.7976033 0.7186823 0.7776368 0.76539 0.7666649 0.76539 0.7666649 0.7757785 0.7878612 0.7283019 0.7976033 0.7532559 0.7211294 0.7016513 0.7353753 0.6954234 0.7148075 0.7532559 0.7211294 0.7573408 0.7463403 0.7016513 0.7353753 0.7573408 0.7463403 0.76539 0.7666649 0.7186823 0.7776368 0.7186823 0.7776368 0.7087969 0.7563342 0.7573408 0.7463403 0.8213554 0.6724925 0.7556521 0.661625 0.7564393 0.6411123 0.7564393 0.6411123 0.8255153 0.6531332 0.8213554 0.6724925 0.7556521 0.661625 0.8213554 0.6724925 0.8186045 0.6921935 0.8186045 0.6921935 0.752973 0.6869882 0.7556521 0.661625 0.8255153 0.6531332 0.7564393 0.6411123 0.7647748 0.6193168 0.7647748 0.6193168 0.824512 0.636195 0.8255153 0.6531332 0.8213554 0.6724925 0.8255153 0.6531332 0.8447595 0.6555407 0.8447595 0.6555407 0.8444771 0.6758446 0.8213554 0.6724925 0.8255153 0.6531332 0.824512 0.636195 0.8450554 0.6336952 0.8450554 0.6336952 0.8447595 0.6555407 0.8255153 0.6531332 0.8186045 0.6921935 0.8213554 0.6724925 0.8444771 0.6758446 0.8444771 0.6758446 0.8435481 0.7051534 0.8186045 0.6921935 0.7647748 0.6193168 0.7773318 0.6001985 0.8203237 0.6198909 0.8203237 0.6198909 0.824512 0.636195 0.7647748 0.6193168 0.8450554 0.6336952 0.824512 0.636195 0.8203237 0.6198909 0.8203237 0.6198909 0.8483822 0.6158358 0.8450554 0.6336952 0.8206683 0.755173 0.8244111 0.7804028 0.7757785 0.7878612 0.7757785 0.7878612 0.76539 0.7666649 0.8206683 0.755173 0.8173686 0.7384974 0.8206683 0.755173 0.76539 0.7666649 0.76539 0.7666649 0.7573408 0.7463403 0.8173686 0.7384974 0.8206683 0.755173 0.8420225 0.7525204 0.8483796 0.7755804 0.8483796 0.7755804 0.8244111 0.7804028 0.8206683 0.755173 0.8396791 0.7391496 0.8420225 0.7525204 0.8206683 0.755173 0.8206683 0.755173 0.8173686 0.7384974 0.8396791 0.7391496 0.7573408 0.7463403 0.7532559 0.7211294 0.8149778 0.7167807 0.8149778 0.7167807 0.8173686 0.7384974 0.7573408 0.7463403 0.8435481 0.7051534 0.8645558 0.7045435 0.8652513 0.7339566 0.8652513 0.7339566 0.8396791 0.7391496 0.8435481 0.7051534 0.8420225 0.7525204 0.8396791 0.7391496 0.8652513 0.7339566 0.8652513 0.7339566 0.869675 0.7504957 0.8420225 0.7525204 0.869675 0.7504957 0.8652513 0.7339566 0.9584768 0.7144736 0.9584768 0.7144736 0.9597219 0.7267062 0.869675 0.7504957 0.8645558 0.7045435 0.9564431 0.6949247 0.9584768 0.7144736 0.9584768 0.7144736 0.8652513 0.7339566 0.8645558 0.7045435 0.869675 0.7504957 0.8761676 0.7718765 0.8483796 0.7755804 0.8483796 0.7755804 0.8420225 0.7525204 0.869675 0.7504957 0.8761676 0.7718765 0.869675 0.7504957 0.9597219 0.7267062 0.9597219 0.7267062 0.9631296 0.7424956 0.8761676 0.7718765 0.872654 0.5982733 0.8689377 0.6193736 0.8483822 0.6158358 0.8483822 0.6158358 0.8485366 0.5980308 0.872654 0.5982733 0.872654 0.5982733 0.9617452 0.6136651 0.9583206 0.6285838 0.9583206 0.6285838 0.8689377 0.6193736 0.872654 0.5982733 0.8444771 0.6758446 0.864457 0.6771106 0.8645558 0.7045435 0.8645558 0.7045435 0.8435481 0.7051534 0.8444771 0.6758446 0.864457 0.6771106 0.8444771 0.6758446 0.8447595 0.6555407 0.8447595 0.6555407 0.8644599 0.6552025 0.864457 0.6771106 0.8655451 0.6358275 0.8644599 0.6552025 0.8447595 0.6555407 0.8447595 0.6555407 0.8450554 0.6336952 0.8655451 0.6358275 0.8689377 0.6193736 0.8655451 0.6358275 0.8450554 0.6336952 0.8450554 0.6336952 0.8483822 0.6158358 0.8689377 0.6193736 0.8689377 0.6193736 0.9583206 0.6285838 0.9554241 0.6395653 0.9554241 0.6395653 0.8655451 0.6358275 0.8689377 0.6193736 0.9914243 0.641062 0.9914244 0.6572436 0.9749212 0.6569783 0.9749212 0.6569783 0.975062 0.6403825 0.9914243 0.641062 0.864457 0.6771106 0.8644599 0.6552025 0.9551143 0.65666 0.9551143 0.65666 0.9545875 0.6748189 0.864457 0.6771106 0.9906888 0.6739005 0.9932486 0.6910719 0.9765198 0.6928226 0.9765198 0.6928226 0.9742805 0.6743181 0.9906888 0.6739005 0.31861 0.58129 0.34263 0.59566 0.33335 0.61561 0.33335 0.61561 0.30572 0.60536 0.31861 0.58129 0.37952 0.80566 0.38805 0.83228 0.37126 0.83713 0.37126 0.83713 0.35847 0.81 0.37952 0.80566 0.33179 0.56091 0.31494 0.55257 0.31889 0.54269 0.31889 0.54269 0.33863 0.55004 0.33179 0.56091 0.29039 0.5677 0.31861 0.58129 0.30572 0.60536 0.30572 0.60536 0.27712 0.59825 0.29039 0.5677 0.25742 0.65061 0.25624 0.63913 0.2956 0.62901 0.2956 0.62901 0.29948 0.64519 0.25742 0.65061 0.25624 0.63913 0.24626 0.62715 0.26303 0.61504 0.26303 0.61504 0.2956 0.62901 0.25624 0.63913 0.25745 0.57834 0.27179 0.55945 0.29039 0.5677 0.29039 0.5677 0.27712 0.59825 0.25745 0.57834 0.11055 0.54017 0.11861 0.5441 0.10985 0.56871 0.10985 0.56871 0.0934 0.57006 0.11055 0.54017 0.08384996 0.56221 0.105 0.53576 0.11055 0.54017 0.11055 0.54017 0.0934 0.57006 0.08384996 0.56221 0.41678 0.75007 0.43273 0.73462 0.44228 0.74222 0.44228 0.74222 0.42245 0.76717 0.41678 0.75007 0.41322 0.73129 0.42728 0.72738 0.43273 0.73462 0.43273 0.73462 0.41678 0.75007 0.41322 0.73129 0.07848995 0.52957 0.09650999 0.52089 0.09920001 0.52898 0.09920001 0.52898 0.07916998 0.53873 0.07848995 0.52957 0.41807 0.72047 0.4255 0.71971 0.42728 0.72738 0.42728 0.72738 0.41322 0.73129 0.41807 0.72047 0.1328999 0.56589 0.12488 0.56406 0.12729 0.54573 0.12729 0.54573 0.13657 0.54568 0.1328999 0.56589 0.24626 0.62715 0.24154 0.62327 0.24186 0.61562 0.24186 0.61562 0.26303 0.61504 0.24626 0.62715 0.11861 0.5441 0.12729 0.54573 0.11689 0.56626 0.11689 0.56626 0.10985 0.56871 0.11861 0.5441 0.24154 0.62327 0.23472 0.62669 0.23202 0.61996 0.23202 0.61996 0.24186 0.61562 0.24154 0.62327 0.23202 0.61996 0.21909 0.60812 0.22493 0.5992 0.22493 0.5992 0.24186 0.61562 0.23202 0.61996 0.39831 0.72413 0.39646 0.70653 0.40889 0.70526 0.40889 0.70526 0.41807 0.72047 0.39831 0.72413 0.11861 0.5441 0.11055 0.54017 0.1216199 0.52096 0.1216199 0.52096 0.1281 0.52508 0.11861 0.5441 0.1281 0.52508 0.13226 0.52694 0.12729 0.54573 0.12729 0.54573 0.11861 0.5441 0.1281 0.52508 0.11864 0.5179 0.1216199 0.52096 0.11055 0.54017 0.11055 0.54017 0.105 0.53576 0.11864 0.5179 0.13226 0.52694 0.13596 0.52379 0.13657 0.54568 0.13657 0.54568 0.12729 0.54573 0.13226 0.52694 0.09650999 0.52089 0.11608 0.51086 0.11613 0.51607 0.11613 0.51607 0.09920001 0.52898 0.09650999 0.52089 0.03190994 0.58609 0.04208993 0.58539 0.04229998 0.61945 0.04229998 0.61945 0.03024995 0.6193 0.03190994 0.58609 0.04208993 0.58539 0.05115997 0.58446 0.05209994 0.61572 0.05209994 0.61572 0.04229998 0.61945 0.04208993 0.58539 0.01920998 0.61694 0.02369999 0.58397 0.03190994 0.58609 0.03190994 0.58609 0.03024995 0.6193 0.01920998 0.61694 0.007579982 0.61101 0.01262998 0.5804 0.02369999 0.58397 0.02369999 0.58397 0.01920998 0.61694 0.007579982 0.61101 0.06240999 0.61192 0.05852997 0.58261 0.0643 0.5819 0.0643 0.5819 0.07302999 0.61104 0.06240999 0.61192 0.35996 0.7248 0.38599 0.70809 0.39831 0.72413 0.39831 0.72413 0.37181 0.75093 0.35996 0.7248 0.36406 0.67115 0.3723 0.66849 0.38821 0.70226 0.38821 0.70226 0.38599 0.70809 0.36406 0.67115 0.38599 0.70809 0.35996 0.7248 0.34085 0.6932 0.34085 0.6932 0.36406 0.67115 0.38599 0.70809 0.05115997 0.58446 0.05852997 0.58261 0.06240999 0.61192 0.06240999 0.61192 0.05209994 0.61572 0.05115997 0.58446 0.05115997 0.58446 0.04208993 0.58539 0.04240995 0.55015 0.04240995 0.55015 0.04910999 0.5497 0.05115997 0.58446 0.04208993 0.58539 0.03190994 0.58609 0.03303998 0.55315 0.03303998 0.55315 0.04240995 0.55015 0.04208993 0.58539 0.04808998 0.54088 0.04910999 0.5497 0.04240995 0.55015 0.04240995 0.55015 0.04079997 0.5375 0.04808998 0.54088 0.03496998 0.54268 0.04079997 0.5375 0.04240995 0.55015 0.04240995 0.55015 0.03303998 0.55315 0.03496998 0.54268 0.05145996 0.53713 0.05842995 0.54954 0.05437999 0.5504 0.05437999 0.5504 0.04808998 0.54088 0.05145996 0.53713 0.05437999 0.5504 0.05852997 0.58261 0.05115997 0.58446 0.05115997 0.58446 0.04910999 0.5497 0.05437999 0.5504 0.05842995 0.54954 0.0643 0.5819 0.05852997 0.58261 0.05852997 0.58261 0.05437999 0.5504 0.05842995 0.54954 0.02609997 0.55263 0.02369999 0.58397 0.01262998 0.5804 0.01262998 0.5804 0.01882994 0.54743 0.02609997 0.55263 0.02369999 0.58397 0.02609997 0.55263 0.03303998 0.55315 0.03303998 0.55315 0.03190994 0.58609 0.02369999 0.58397 0.03496998 0.54268 0.03303998 0.55315 0.02609997 0.55263 0.02609997 0.55263 0.03102993 0.53913 0.03496998 0.54268 0.35996 0.7248 0.33387 0.74143 0.32084 0.71755 0.32084 0.71755 0.34085 0.6932 0.35996 0.7248 0.37181 0.75093 0.34789 0.76386 0.33387 0.74143 0.33387 0.74143 0.35996 0.7248 0.37181 0.75093 0.25435 0.50707 0.25254 0.49574 0.27698 0.51203 0.27698 0.51203 0.27359 0.51858 0.25435 0.50707 0.29691 0.53151 0.27359 0.51858 0.27698 0.51203 0.27698 0.51203 0.30381 0.51856 0.29691 0.53151 0.25254 0.49574 0.25435 0.50707 0.24003 0.49706 0.32419 0.66035 0.34632 0.63847 0.36406 0.67115 0.36406 0.67115 0.34085 0.6932 0.32419 0.66035 0.36406 0.67115 0.34632 0.63847 0.35474 0.63609 0.35474 0.63609 0.3723 0.66849 0.36406 0.67115 0.34085 0.6932 0.32084 0.71755 0.3111 0.70042 0.3111 0.70042 0.32419 0.66035 0.34085 0.6932 0.23188 0.48659 0.25254 0.49574 0.24003 0.49706 0.22633 0.49164 0.18865 0.49946 0.1870999 0.4926 0.1870999 0.4926 0.23188 0.48659 0.22633 0.49164 0.15861 0.51395 0.1870999 0.4926 0.18865 0.49946 0.18865 0.49946 0.16536 0.51877 0.15861 0.51395 0.19804 0.54512 0.19292 0.55093 0.16145 0.52701 0.16145 0.52701 0.16591 0.52418 0.19804 0.54512 0.19394 0.50093 0.22111 0.52196 0.19804 0.54512 0.19804 0.54512 0.16591 0.52418 0.19394 0.50093 0.16591 0.52418 0.16536 0.51877 0.18865 0.49946 0.18865 0.49946 0.19394 0.50093 0.16591 0.52418 0.22633 0.49164 0.22946 0.49586 0.19394 0.50093 0.19394 0.50093 0.18865 0.49946 0.22633 0.49164 0.24003 0.49706 0.25435 0.50707 0.25247 0.5126 0.25247 0.5126 0.22946 0.49586 0.24003 0.49706 0.25435 0.50707 0.27359 0.51858 0.26946 0.52416 0.26946 0.52416 0.25247 0.5126 0.25435 0.50707 0.26946 0.52416 0.27359 0.51858 0.29691 0.53151 0.29691 0.53151 0.29331 0.54028 0.26946 0.52416 0.29331 0.54028 0.29691 0.53151 0.31889 0.54269 0.31889 0.54269 0.31494 0.55257 0.29331 0.54028 0.31889 0.54269 0.29691 0.53151 0.30381 0.51856 0.30381 0.51856 0.32723 0.52796 0.31889 0.54269 0.9024807 0.8919181 0.8982323 0.9166203 0.9447044 0.9214988 0.9447044 0.9214988 0.9466272 0.8902608 0.9024807 0.8919181 0.9024807 0.8919181 0.9466272 0.8902608 0.9464315 0.8566239 0.9464315 0.8566239 0.9055855 0.8520359 0.9024807 0.8919181 0.9440749 0.8122506 0.9088875 0.8113711 0.9055855 0.8520359 0.9055855 0.8520359 0.9464315 0.8566239 0.9440749 0.8122506 0.9464315 0.8566239 0.9440749 0.8122506 0.9860121 0.8124297 0.9860121 0.8124297 0.9870895 0.8549844 0.9464315 0.8566239 0.9440749 0.8122506 0.949718 0.7790837 0.9833207 0.7823883 0.9833207 0.7823883 0.9860121 0.8124297 0.9440749 0.8122506 0.9868234 0.8883023 0.9466272 0.8902608 0.9447044 0.9214988 0.9447044 0.9214988 0.984741 0.9240952 0.9868234 0.8883023 0.9870895 0.8549844 0.9464315 0.8566239 0.9466272 0.8902608 0.9466272 0.8902608 0.9868234 0.8883023 0.9870895 0.8549844 0.9917383 0.8874311 0.9868234 0.8883023 0.984741 0.9240952 0.984741 0.9240952 0.9903587 0.9244521 0.9917383 0.8874311 0.9868234 0.8883023 0.9917383 0.8874311 0.9924425 0.8558512 0.9924425 0.8558512 0.9870895 0.8549844 0.9868234 0.8883023 0.9860121 0.8124297 0.9440749 0.8122506 0.9464315 0.8566239 0.9464315 0.8566239 0.9870895 0.8549844 0.9860121 0.8124297 0.949718 0.7790837 0.9440749 0.8122506 0.9860121 0.8124297 0.9860121 0.8124297 0.9833143 0.7824022 0.949718 0.7790837 0.9895117 0.7814662 0.9833143 0.7824022 0.9860121 0.8124297 0.9860121 0.8124297 0.9911878 0.8142065 0.9895117 0.7814662 0.9870895 0.8549844 0.9924425 0.8558512 0.9911878 0.8142065 0.9911878 0.8142065 0.9860121 0.8124297 0.9870895 0.8549844 0.9833207 0.7823883 0.9895034 0.7814626 0.9911878 0.8142065 0.9911878 0.8142065 0.9860121 0.8124297 0.9833207 0.7823883 0.9924425 0.8558512 0.9870895 0.8549844 0.9860121 0.8124297 0.9860121 0.8124297 0.9911878 0.8142065 0.9924425 0.8558512 0.700778 0.5886854 0.6869956 0.5800337 0.7101073 0.5591889 0.7101073 0.5591889 0.7195698 0.5681781 0.700778 0.5886854 0.7195698 0.5681781 0.7101073 0.5591889 0.7338177 0.5415271 0.7338177 0.5415271 0.73677 0.551254 0.7195698 0.5681781 0.9088875 0.8113711 0.9111601 0.7755305 0.9069154 0.776425 0.9069154 0.776425 0.9036199 0.8106203 0.9088875 0.8113711 0.9036199 0.8106203 0.9069154 0.776425 0.9111601 0.7755305 0.9111601 0.7755305 0.9088875 0.8113711 0.9036199 0.8106203 0.8989329 0.8458603 0.9036199 0.8106203 0.9088875 0.8113711 0.9088875 0.8113711 0.9055855 0.8520359 0.8989329 0.8458603 0.22946 0.49586 0.25247 0.5126 0.22111 0.52196 0.22111 0.52196 0.19394 0.50093 0.22946 0.49586 0.8269722 0.5979483 0.8203237 0.6198909 0.7773318 0.6001985 0.7773318 0.6001985 0.7846084 0.5773784 0.8269722 0.5979483 0.752973 0.6869882 0.8186045 0.6921935 0.8149778 0.7167807 0.8149778 0.7167807 0.7532559 0.7211294 0.752973 0.6869882 0.35263 0.57828 0.34263 0.59566 0.31861 0.58129 0.31861 0.58129 0.33179 0.56091 0.35263 0.57828 0.37952 0.80566 0.40489 0.80337 0.40408 0.82797 0.40408 0.82797 0.38805 0.83228 0.37952 0.80566 0.42245 0.76717 0.40393 0.77481 0.39798 0.75963 0.39798 0.75963 0.41678 0.75007 0.42245 0.76717 0.12726 0.51967 0.1256 0.51665 0.13596 0.52379 0.13596 0.52379 0.13226 0.52694 0.12726 0.51967 0.11613 0.51607 0.11864 0.5179 0.105 0.53576 0.105 0.53576 0.09920001 0.52898 0.11613 0.51607 0.01882994 0.54743 0.02936995 0.53688 0.03102993 0.53913 0.03102993 0.53913 0.02609997 0.55263 0.01882994 0.54743 0.35772 0.78577 0.34789 0.76386 0.37181 0.75093 0.37181 0.75093 0.38454 0.77926 0.35772 0.78577 0.7329282 0.5772674 0.7195698 0.5681781 0.73677 0.551254 0.73677 0.551254 0.7458867 0.5551875 0.7329282 0.5772674 0.720407 0.600076 0.700778 0.5886854 0.7195698 0.5681781 0.7195698 0.5681781 0.7329282 0.5772674 0.720407 0.600076 0.9111601 0.7755305 0.9088875 0.8113711 0.9440749 0.8122506 0.9440749 0.8122506 0.949718 0.7790837 0.9111601 0.7755305 0.949718 0.7790837 0.9440749 0.8122506 0.9088875 0.8113711 0.9088875 0.8113711 0.9111601 0.7755305 0.949718 0.7790837 0.9055855 0.8520359 0.9088875 0.8113711 0.9440749 0.8122506 0.9440749 0.8122506 0.9464315 0.8566239 0.9055855 0.8520359 0.27179 0.55945 0.24594 0.54471 0.26946 0.52416 0.26946 0.52416 0.29331 0.54028 0.27179 0.55945 0.25745 0.57834 0.22472 0.56835 0.24594 0.54471 0.24594 0.54471 0.27179 0.55945 0.25745 0.57834 0.24594 0.54471 0.22111 0.52196 0.25247 0.5126 0.25247 0.5126 0.26946 0.52416 0.24594 0.54471 0.22472 0.56835 0.19804 0.54512 0.22111 0.52196 0.22111 0.52196 0.24594 0.54471 0.22472 0.56835 0.803106 0.07744419 0.7843878 0.08200293 0.7869993 0.09694075 0.7309337 0.03053236 0.7407152 0.06026446 0.7605742 0.05709969 0.7605742 0.05709969 0.7648364 0.03076303 0.7309337 0.03053236 0.6071845 0.7411126 0.6220207 0.7736976 0.6434534 0.7718146 0.6434534 0.7718146 0.6268883 0.73372 0.6071845 0.7411126 0.5461834 0.8206202 0.5535022 0.7963246 0.5427973 0.7748352 0.5105552 0.7843172 0.5069894 0.8145186 0.5292388 0.815881 0.5535022 0.7963246 0.5693897 0.7784008 0.560261 0.7619943 0.560261 0.7619943 0.5427973 0.7748352 0.5535022 0.7963246 0.7407152 0.06026446 0.7309337 0.03053236 0.7015249 0.04311513 0.7015249 0.04311513 0.7193571 0.07045662 0.7407152 0.06026446 0.7605742 0.05709969 0.7767868 0.06457448 0.7893024 0.05031144 0.7893024 0.05031144 0.7648364 0.03076303 0.7605742 0.05709969 0.7648364 0.03076303 0.7893024 0.05031144 0.8042581 0.03689837 0.8042581 0.03689837 0.7812085 0.01560729 0.7648364 0.03076303 0.8042581 0.03689837 0.7893024 0.05031144 0.803106 0.07744419 0.803106 0.07744419 0.8274931 0.0732578 0.8042581 0.03689837 0.5958335 0.7729279 0.5849677 0.7510393 0.560261 0.7619943 0.560261 0.7619943 0.5693897 0.7784008 0.5958335 0.7729279 0.5069894 0.8145186 0.5105552 0.7843172 0.4794214 0.7823381 0.4794214 0.7823381 0.4783741 0.8134654 0.5069894 0.8145186 0.5146599 0.7494179 0.4828807 0.7473636 0.4794214 0.7823381 0.4794214 0.7823381 0.5105552 0.7843172 0.5146599 0.7494179 0.7556521 0.661625 0.752973 0.6869882 0.6939179 0.6723635 0.7573408 0.7463403 0.7087969 0.7563342 0.7016513 0.7353753 0.23188 0.48659 0.24003 0.49706 0.22633 0.49164 0.14347 0.09499973 0.1779021 0.05467253 0.1733933 0.09081089 0.1090833 0.2470984 0.1528213 0.2452639 0.1372405 0.281379 0.1372405 0.281379 0.09963291 0.2788462 0.1090833 0.2470984 0.1090833 0.2470984 0.1129932 0.2210904 0.1592425 0.21507 0.1592425 0.21507 0.1528213 0.2452639 0.1090833 0.2470984 0.1054779 0.1372063 0.05976372 0.146973 0.05100047 0.1136139 0.05100047 0.1136139 0.07224947 0.1084373 0.1054779 0.1372063 0.14347 0.09499973 0.1054779 0.1372063 0.07224947 0.1084373 0.07224947 0.1084373 0.10766 0.09342998 0.14347 0.09499973 0.2222915 0.1216425 0.1675884 0.1278967 0.1733933 0.09081089 0.1733933 0.09081089 0.2212157 0.07950228 0.2222915 0.1216425 0.1159333 0.1828006 0.05613642 0.1778692 0.05976372 0.146973 0.05976372 0.146973 0.1054779 0.1372063 0.1159333 0.1828006 0.1129932 0.2210904 0.05481582 0.2169858 0.05613642 0.1778692 0.05613642 0.1778692 0.1159333 0.1828006 0.1129932 0.2210904 0.1129932 0.2210904 0.1090833 0.2470984 0.05537599 0.2445091 0.05537599 0.2445091 0.05481582 0.2169858 0.1129932 0.2210904 0.10766 0.09342998 0.1470784 0.05503106 0.1779021 0.05467253 0.1779021 0.05467253 0.14347 0.09499973 0.10766 0.09342998 0.1054779 0.1372063 0.1675884 0.1278967 0.166216 0.1719017 0.166216 0.1719017 0.1159333 0.1828006 0.1054779 0.1372063 0.2210948 0.2183421 0.1592425 0.21507 0.166216 0.1719017 0.166216 0.1719017 0.2190498 0.1735053 0.2210948 0.2183421 0.1090833 0.2470984 0.09963291 0.2788462 0.05355221 0.2739148 0.05355221 0.2739148 0.05537599 0.2445091 0.1090833 0.2470984 0.09963291 0.2788462 0.10685 0.33341 0.04065996 0.31621 0.04065996 0.31621 0.05355221 0.2739148 0.09963291 0.2788462 0.10685 0.33341 0.1685574 0.3129854 0.15455 0.34425 0.1779021 0.05467253 0.1470784 0.05503106 0.1490768 0.01885366 0.1490768 0.01885366 0.1732975 0.01458501 0.1779021 0.05467253 0.2962644 0.04748356 0.2930771 0.08104753 0.2546988 0.07946759 0.2546988 0.07946759 0.2505736 0.04555761 0.2962644 0.04748356 0.2212157 0.07950228 0.2546988 0.07946759 0.2594811 0.1179978 0.2594811 0.1179978 0.2222915 0.1216425 0.2212157 0.07950228 0.2222915 0.1216425 0.2594811 0.1179978 0.2704719 0.1752904 0.2704719 0.1752904 0.2190498 0.1735053 0.2222915 0.1216425 0.2210948 0.2183421 0.2190498 0.1735053 0.2704719 0.1752904 0.2704719 0.1752904 0.2733981 0.2186575 0.2210948 0.2183421 0.3154346 0.2181721 0.3159161 0.2612676 0.2760819 0.2615698 0.2760819 0.2615698 0.2733981 0.2186575 0.3154346 0.2181721 0.273046 0.2981703 0.2760819 0.2615698 0.3159161 0.2612676 0.3159161 0.2612676 0.3156625 0.2999588 0.273046 0.2981703 0.2664594 0.3338808 0.273046 0.2981703 0.3156625 0.2999588 0.3156625 0.2999588 0.3109669 0.3372754 0.2664594 0.3338808 0.2506575 0.3649513 0.2664594 0.3338808 0.3109669 0.3372754 0.3109669 0.3372754 0.31222 0.37147 0.2506575 0.3649513 0.1732975 0.01458501 0.2011762 0.0126686 0.2126319 0.0457372 0.2126319 0.0457372 0.1779021 0.05467253 0.1732975 0.01458501 0.3440905 0.1213396 0.3529416 0.1748437 0.3126075 0.1746109 0.3126075 0.1746109 0.2992342 0.117618 0.3440905 0.1213396 0.2992342 0.117618 0.2930771 0.08104753 0.345735 0.08793389 0.345735 0.08793389 0.3440905 0.1213396 0.2992342 0.117618 0.3154346 0.2181721 0.3126075 0.1746109 0.3529416 0.1748437 0.3529416 0.1748437 0.3585625 0.2170329 0.3154346 0.2181721 0.3585625 0.2170329 0.3568596 0.2563548 0.3159161 0.2612676 0.3159161 0.2612676 0.3154346 0.2181721 0.3585625 0.2170329 0.3570386 0.2959445 0.3156625 0.2999588 0.3159161 0.2612676 0.3159161 0.2612676 0.3568596 0.2563548 0.3570386 0.2959445 0.3644042 0.3321084 0.3109669 0.3372754 0.3156625 0.2999588 0.3156625 0.2999588 0.3570386 0.2959445 0.3644042 0.3321084 0.3644042 0.3321084 0.38455 0.36708 0.31222 0.37147 0.31222 0.37147 0.3109669 0.3372754 0.3644042 0.3321084 0.37673 0.02709001 0.353799 0.05962896 0.2962644 0.04748356 0.2962644 0.04748356 0.30619 0.00545001 0.37673 0.02709001 0.345735 0.08793389 0.2930771 0.08104753 0.2962644 0.04748356 0.2962644 0.04748356 0.353799 0.05962896 0.345735 0.08793389 0.345735 0.08793389 0.3990409 0.09945297 0.393634 0.1308141 0.393634 0.1308141 0.3440905 0.1213396 0.345735 0.08793389 0.353799 0.05962896 0.4039621 0.07353007 0.3990409 0.09945297 0.3990409 0.09945297 0.345735 0.08793389 0.353799 0.05962896 0.393634 0.1308141 0.399513 0.1803113 0.3529416 0.1748437 0.3529416 0.1748437 0.3440905 0.1213396 0.393634 0.1308141 0.399513 0.1803113 0.40266 0.2185284 0.3585625 0.2170329 0.3585625 0.2170329 0.3529416 0.1748437 0.399513 0.1803113 0.3568596 0.2563548 0.3585625 0.2170329 0.40266 0.2185284 0.40266 0.2185284 0.4022207 0.2506663 0.3568596 0.2563548 0.3568596 0.2563548 0.4022207 0.2506663 0.4040088 0.2869461 0.4040088 0.2869461 0.3570386 0.2959445 0.3568596 0.2563548 0.4040088 0.2869461 0.4139838 0.3162127 0.3644042 0.3321084 0.3644042 0.3321084 0.3570386 0.2959445 0.4040088 0.2869461 0.4139838 0.3162127 0.43112 0.33408 0.38455 0.36708 0.38455 0.36708 0.3644042 0.3321084 0.4139838 0.3162127 0.4039621 0.07353007 0.353799 0.05962896 0.37673 0.02709001 0.37673 0.02709001 0.42898 0.05712002 0.4039621 0.07353007 0.43887 0.17392 0.399513 0.1803113 0.393634 0.1308141 0.393634 0.1308141 0.43806 0.1401599 0.43887 0.17392 0.3990409 0.09945297 0.43646 0.10806 0.43806 0.1401599 0.43806 0.1401599 0.393634 0.1308141 0.3990409 0.09945297 0.399513 0.1803113 0.43887 0.17392 0.43941 0.2122099 0.43941 0.2122099 0.40266 0.2185284 0.399513 0.1803113 0.43688 0.2447199 0.4022207 0.2506663 0.40266 0.2185284 0.40266 0.2185284 0.43941 0.2122099 0.43688 0.2447199 0.4361 0.27811 0.4040088 0.2869461 0.4022207 0.2506663 0.4022207 0.2506663 0.43688 0.2447199 0.4361 0.27811 0.4361 0.27811 0.43875 0.30565 0.4139838 0.3162127 0.4139838 0.3162127 0.4040088 0.2869461 0.4361 0.27811 0.4139838 0.3162127 0.43875 0.30565 0.4469 0.32145 0.4469 0.32145 0.43112 0.33408 0.4139838 0.3162127 0.42898 0.05712002 0.44604 0.06997001 0.43964 0.08437001 0.43964 0.08437001 0.4039621 0.07353007 0.42898 0.05712002 0.4039621 0.07353007 0.43964 0.08437001 0.43646 0.10806 0.43646 0.10806 0.3990409 0.09945297 0.4039621 0.07353007 0.2930771 0.08104753 0.2992342 0.117618 0.2594811 0.1179978 0.2594811 0.1179978 0.2546988 0.07946759 0.2930771 0.08104753 0.2594811 0.1179978 0.2992342 0.117618 0.3126075 0.1746109 0.3126075 0.1746109 0.2704719 0.1752904 0.2594811 0.1179978 0.3126075 0.1746109 0.3154346 0.2181721 0.2733981 0.2186575 0.2733981 0.2186575 0.2704719 0.1752904 0.3126075 0.1746109 0.2266204 0.2572408 0.2210948 0.2183421 0.2733981 0.2186575 0.2733981 0.2186575 0.2760819 0.2615698 0.2266204 0.2572408 0.2235839 0.284044 0.2266204 0.2572408 0.2760819 0.2615698 0.2760819 0.2615698 0.273046 0.2981703 0.2235839 0.284044 0.2191073 0.3178452 0.2235839 0.284044 0.273046 0.2981703 0.273046 0.2981703 0.2664594 0.3338808 0.2191073 0.3178452 0.189095 0.3584325 0.1685574 0.3129854 0.2191073 0.3178452 0.2191073 0.3178452 0.2149246 0.3611676 0.189095 0.3584325 0.2397437 0.01001751 0.30619 0.00545001 0.2962644 0.04748356 0.2962644 0.04748356 0.2505736 0.04555761 0.2397437 0.01001751 0.05976372 0.146973 0.02858996 0.14831 0.03083342 0.1187036 0.03083342 0.1187036 0.05100047 0.1136139 0.05976372 0.146973 0.05613642 0.1778692 0.02583998 0.1740199 0.02858996 0.14831 0.02858996 0.14831 0.05976372 0.146973 0.05613642 0.1778692 0.05481582 0.2169858 0.02376997 0.2122499 0.02583998 0.1740199 0.02583998 0.1740199 0.05613642 0.1778692 0.05481582 0.2169858 0.02493 0.2440599 0.02376997 0.2122499 0.05481582 0.2169858 0.05481582 0.2169858 0.05537599 0.2445091 0.02493 0.2440599 0.02382999 0.27281 0.02493 0.2440599 0.05537599 0.2445091 0.05537599 0.2445091 0.05355221 0.2739148 0.02382999 0.27281 0.01358997 0.30754 0.02382999 0.27281 0.05355221 0.2739148 0.05355221 0.2739148 0.04065996 0.31621 0.01358997 0.30754 0.2266204 0.2572408 0.2235839 0.284044 0.1372405 0.281379 0.1372405 0.281379 0.1528213 0.2452639 0.2266204 0.2572408 0.2210948 0.2183421 0.2266204 0.2572408 0.1528213 0.2452639 0.1528213 0.2452639 0.1592425 0.21507 0.2210948 0.2183421 0.1675884 0.1278967 0.1054779 0.1372063 0.14347 0.09499973 0.14347 0.09499973 0.1733933 0.09081089 0.1675884 0.1278967 0.1675884 0.1278967 0.2222915 0.1216425 0.2190498 0.1735053 0.2190498 0.1735053 0.166216 0.1719017 0.1675884 0.1278967 0.1592425 0.21507 0.1129932 0.2210904 0.1159333 0.1828006 0.1159333 0.1828006 0.166216 0.1719017 0.1592425 0.21507 0.2235839 0.284044 0.2191073 0.3178452 0.1685574 0.3129854 0.1685574 0.3129854 0.1372405 0.281379 0.2235839 0.284044 0.189095 0.3584325 0.1746399 0.37084 0.15455 0.34425 0.15455 0.34425 0.1685574 0.3129854 0.189095 0.3584325 0.2664594 0.3338808 0.2506575 0.3649513 0.2149246 0.3611676 0.2149246 0.3611676 0.2191073 0.3178452 0.2664594 0.3338808 0.2011762 0.0126686 0.2397437 0.01001751 0.2505736 0.04555761 0.2505736 0.04555761 0.2126319 0.0457372 0.2011762 0.0126686 0.2212157 0.07950228 0.2126319 0.0457372 0.2505736 0.04555761 0.2505736 0.04555761 0.2546988 0.07946759 0.2212157 0.07950228 0.1779021 0.05467253 0.2126319 0.0457372 0.2212157 0.07950228 0.2212157 0.07950228 0.1733933 0.09081089 0.1779021 0.05467253 0.10685 0.33341 0.09963291 0.2788462 0.1372405 0.281379 0.1372405 0.281379 0.1685574 0.3129854 0.10685 0.33341 0.9957904 0.7171787 0.9793971 0.721509 0.9788467 0.7102162 0.9788467 0.7102162 0.9958179 0.7066702 0.9957904 0.7171787 0.9958179 0.7066702 0.9788467 0.7102162 0.9765198 0.6928226 0.9765198 0.6928226 0.9932486 0.6910719 0.9958179 0.7066702 0.9979621 0.7307272 0.9821296 0.7360756 0.9793971 0.721509 0.9793971 0.721509 0.9957904 0.7171787 0.9979621 0.7307272 0.9941223 0.6322728 0.9778489 0.6305964 0.9812106 0.6170279 0.9812106 0.6170279 0.9974296 0.6198304 0.9941223 0.6322728 0.9914243 0.641062 0.975062 0.6403825 0.9778489 0.6305964 0.9778489 0.6305964 0.9941223 0.6322728 0.9914243 0.641062 0.9669209 0.6400429 0.975062 0.6403825 0.9749212 0.6569783 0.9749212 0.6569783 0.96671 0.6568459 0.9669209 0.6400429 0.9906888 0.6739005 0.9742805 0.6743181 0.9749212 0.6569783 0.9749212 0.6569783 0.9914244 0.6572436 0.9906888 0.6739005 0.9742805 0.6743181 0.9765198 0.6928226 0.9681972 0.6936942 0.9681972 0.6936942 0.9661164 0.6745254 0.9742805 0.6743181 0.9712404 0.7236639 0.9597219 0.7267062 0.9584768 0.7144736 0.9584768 0.7144736 0.970402 0.7119817 0.9712404 0.7236639 0.970402 0.7119817 0.9584768 0.7144736 0.9564431 0.6949247 0.9564431 0.6949247 0.9681972 0.6936942 0.970402 0.7119817 0.9631296 0.7424956 0.9597219 0.7267062 0.9712404 0.7236639 0.9712404 0.7236639 0.9742532 0.7387375 0.9631296 0.7424956 0.9583206 0.6285838 0.9617452 0.6136651 0.9731404 0.6156342 0.9731404 0.6156342 0.9697533 0.6297622 0.9583206 0.6285838 0.9669209 0.6400429 0.9554241 0.6395653 0.9583206 0.6285838 0.9583206 0.6285838 0.9697533 0.6297622 0.9669209 0.6400429 0.9545875 0.6748189 0.9551143 0.65666 0.96671 0.6568459 0.96671 0.6568459 0.9661164 0.6745254 0.9545875 0.6748189 0.9554241 0.6395653 0.9551143 0.65666 0.8644599 0.6552025 0.8644599 0.6552025 0.8655451 0.6358275 0.9554241 0.6395653 0.864457 0.6771106 0.9545875 0.6748189 0.9564431 0.6949247 0.9564431 0.6949247 0.8645558 0.7045435 0.864457 0.6771106 0.9554241 0.6395653 0.9669209 0.6400429 0.96671 0.6568459 0.96671 0.6568459 0.9551143 0.65666 0.9554241 0.6395653 0.9661164 0.6745254 0.9681972 0.6936942 0.9564431 0.6949247 0.9564431 0.6949247 0.9545875 0.6748189 0.9661164 0.6745254 0.9793971 0.721509 0.9712404 0.7236639 0.970402 0.7119817 0.970402 0.7119817 0.9788467 0.7102162 0.9793971 0.721509 0.9788467 0.7102162 0.970402 0.7119817 0.9681972 0.6936942 0.9681972 0.6936942 0.9765198 0.6928226 0.9788467 0.7102162 0.9742532 0.7387375 0.9712404 0.7236639 0.9793971 0.721509 0.9793971 0.721509 0.9821296 0.7360756 0.9742532 0.7387375 0.9697533 0.6297622 0.9731404 0.6156342 0.9812106 0.6170279 0.9812106 0.6170279 0.9778489 0.6305964 0.9697533 0.6297622 0.975062 0.6403825 0.9669209 0.6400429 0.9697533 0.6297622 0.9697533 0.6297622 0.9778489 0.6305964 0.975062 0.6403825 0.9661164 0.6745254 0.96671 0.6568459 0.9749212 0.6569783 0.9749212 0.6569783 0.9742805 0.6743181 0.9661164 0.6745254 0.560261 0.7619943 0.5849677 0.7510393 0.5717329 0.7298474 0.5717329 0.7298474 0.5453786 0.7420164 0.560261 0.7619943 0.5849677 0.7510393 0.6071845 0.7411126 0.5905324 0.7155307 0.5905324 0.7155307 0.5717329 0.7298474 0.5849677 0.7510393 0.5427973 0.7748352 0.5146599 0.7494179 0.5105552 0.7843172 0.5453786 0.7420164 0.5146599 0.7494179 0.5427973 0.7748352 0.7767868 0.06457448 0.7843878 0.08200293 0.803106 0.07744419 0.803106 0.07744419 0.7893024 0.05031144 0.7767868 0.06457448 0.827229 0.2888678 0.8281786 0.2283644 0.8098424 0.2316753 0.6062482 0.7013468 0.5928598 0.6833806 0.5797641 0.6951168 0.5797641 0.6951168 0.5905324 0.7155307 0.6062482 0.7013468 0.8985024 0.8695506 0.9055855 0.8520359 0.8989329 0.8458603 0.8319528 0.1217874 0.8274931 0.0732578 0.803106 0.07744419 0.803106 0.07744419 0.8102734 0.1268819 0.8319528 0.1217874 0.6268883 0.73372 0.6062482 0.7013468 0.5905324 0.7155307 0.5905324 0.7155307 0.6071845 0.7411126 0.6268883 0.73372 0.6843032 0.4133952 0.7302688 0.4519504 0.7446768 0.4244006 0.7446768 0.4244006 0.7016935 0.3852622 0.6843032 0.4133952 0.6527459 0.3812495 0.6843032 0.4133952 0.7016935 0.3852622 0.7016935 0.3852622 0.6690952 0.3542882 0.6527459 0.3812495 0.6205675 0.3397768 0.6527459 0.3812495 0.6690952 0.3542882 0.6690952 0.3542882 0.6383101 0.3222775 0.6205675 0.3397768 0.5508297 0.2291743 0.531687 0.2483143 0.5682296 0.2801855 0.5682296 0.2801855 0.5914091 0.2645921 0.5508297 0.2291743 0.6158028 0.2935972 0.5914091 0.2645921 0.5682296 0.2801855 0.5682296 0.2801855 0.5964902 0.3093799 0.6158028 0.2935972 0.6205675 0.3397768 0.6383101 0.3222775 0.6158028 0.2935972 0.6158028 0.2935972 0.5964902 0.3093799 0.6205675 0.3397768 0.4945762 0.2294869 0.531687 0.2483143 0.5508297 0.2291743 0.5508297 0.2291743 0.4981684 0.2059654 0.4945762 0.2294869 0.4914671 0.2575222 0.4945762 0.2294869 0.4523869 0.2251446 0.4523869 0.2251446 0.4521411 0.2486745 0.4914671 0.2575222 0.7785525 0.481418 0.7302688 0.4519504 0.7255329 0.4715415 0.7255329 0.4715415 0.7780267 0.4948279 0.7785525 0.481418 0.7785525 0.481418 0.7780267 0.4948279 0.8278471 0.5138638 0.8278471 0.5138638 0.8293806 0.5047451 0.7785525 0.481418 0.7255329 0.4715415 0.7302688 0.4519504 0.6843032 0.4133952 0.6843032 0.4133952 0.6765533 0.4411107 0.7255329 0.4715415 0.6765533 0.4411107 0.6843032 0.4133952 0.6527459 0.3812495 0.6527459 0.3812495 0.6344526 0.4115008 0.6765533 0.4411107 0.6344526 0.4115008 0.6527459 0.3812495 0.6205675 0.3397768 0.6205675 0.3397768 0.5960629 0.3715188 0.6344526 0.4115008 0.5682296 0.2801855 0.531687 0.2483143 0.5202206 0.2755299 0.5202206 0.2755299 0.5365567 0.2984001 0.5682296 0.2801855 0.5964902 0.3093799 0.5682296 0.2801855 0.5365567 0.2984001 0.5365567 0.2984001 0.5600131 0.3323378 0.5964902 0.3093799 0.5960629 0.3715188 0.6205675 0.3397768 0.5964902 0.3093799 0.5964902 0.3093799 0.5600131 0.3323378 0.5960629 0.3715188 0.5202206 0.2755299 0.531687 0.2483143 0.4945762 0.2294869 0.4945762 0.2294869 0.4914671 0.2575222 0.5202206 0.2755299 0.4523869 0.2251446 0.4945762 0.2294869 0.4981684 0.2059654 0.4981684 0.2059654 0.452285 0.2021608 0.4523869 0.2251446 0.7446768 0.4244006 0.7302688 0.4519504 0.7785525 0.481418 0.7785525 0.481418 0.7893694 0.4604558 0.7446768 0.4244006 0.8278471 0.5138638 0.8571351 0.5220904 0.8293806 0.5047451 0.7016935 0.3852622 0.7173268 0.3648451 0.6974417 0.334891 0.6974417 0.334891 0.6690952 0.3542882 0.7016935 0.3852622 0.6158028 0.2935972 0.6383101 0.3222775 0.66125 0.2985847 0.66125 0.2985847 0.637339 0.2695278 0.6158028 0.2935972 0.5914091 0.2645921 0.6158028 0.2935972 0.637339 0.2695278 0.637339 0.2695278 0.5985605 0.2410446 0.5914091 0.2645921 0.6690952 0.3542882 0.6974417 0.334891 0.66125 0.2985847 0.66125 0.2985847 0.6383101 0.3222775 0.6690952 0.3542882 0.7016935 0.3852622 0.7446768 0.4244006 0.7173268 0.3648451 0.7785525 0.481418 0.8293806 0.5047451 0.8347483 0.4865784 0.8347483 0.4865784 0.7893694 0.4604558 0.7785525 0.481418 0.8347483 0.4865784 0.8293806 0.5047451 0.8571351 0.5220904 0.8571351 0.5220904 0.8628623 0.4985391 0.8347483 0.4865784 0.6641592 0.6145097 0.6869956 0.5800337 0.700778 0.5886854 0.700778 0.5886854 0.6751388 0.6286222 0.6641592 0.6145097 0.6434534 0.7718146 0.6220207 0.7736976 0.6303865 0.7998082 0.6303865 0.7998082 0.6459221 0.8185435 0.6434534 0.7718146 0.8103283 0.1777434 0.8098424 0.2316753 0.8281786 0.2283644 0.8281786 0.2283644 0.8320056 0.1702995 0.8103283 0.1777434 0.8102734 0.1268819 0.8103283 0.1777434 0.8320056 0.1702995 0.8320056 0.1702995 0.8319528 0.1217874 0.8102734 0.1268819 0.769578 0.135421 0.7815138 0.1547766 0.8102734 0.1268819 0.8102734 0.1268819 0.7824023 0.118211 0.769578 0.135421 0.7938905 0.1883222 0.8098424 0.2316753 0.8103283 0.1777434 0.5958335 0.7729279 0.6220207 0.7736976 0.6071845 0.7411126 0.6071845 0.7411126 0.5849677 0.7510393 0.5958335 0.7729279 0.5958335 0.7729279 0.6037146 0.7925049 0.6303865 0.7998082 0.6303865 0.7998082 0.6220207 0.7736976 0.5958335 0.7729279 0.5453786 0.7420164 0.5427973 0.7748352 0.560261 0.7619943 0.6840871 0.01616179 0.7015249 0.04311513 0.7309337 0.03053236 0.7309337 0.03053236 0.7259459 0.005201816 0.6840871 0.01616179 0.7601168 0.006243526 0.7259459 0.005201816 0.7309337 0.03053236 0.7309337 0.03053236 0.7648364 0.03076303 0.7601168 0.006243526 0.7648364 0.03076303 0.7812085 0.01560729 0.7601168 0.006243526 0.4475375 0.8426311 0.4485504 0.8950098 0.5788187 0.8932141 0.5788187 0.8932141 0.5781586 0.8375976 0.4475375 0.8426311 0.304458 0.8475672 0.3054849 0.894319 0.4485504 0.8950098 0.4485504 0.8950098 0.4475375 0.8426311 0.304458 0.8475672 0.7079389 0.9865365 0.7092114 0.9521974 0.5783336 0.9515824 0.5783336 0.9515824 0.577401 0.9821249 0.7079389 0.9865365 0.4480849 0.9483925 0.3057479 0.9455608 0.3054072 0.9764872 0.3054072 0.9764872 0.4473093 0.9794099 0.4480849 0.9483925 0.9525248 0.3951928 0.9454683 0.2763909 0.8838599 0.2806081 0.8838599 0.2806081 0.8909807 0.3986907 0.9525248 0.3951928 0.8977446 0.5236589 0.9507301 0.525214 0.9525248 0.3951928 0.9525248 0.3951928 0.8909807 0.3986907 0.8977446 0.5236589 0.710012 0.8898857 0.7092114 0.9521974 0.8734404 0.9570813 0.8734404 0.9570813 0.8750193 0.8856897 0.710012 0.8898857 0.7079389 0.9865365 0.8721476 0.9923235 0.8734404 0.9570813 0.8734404 0.9570813 0.7092114 0.9521974 0.7079389 0.9865365 0.9966826 0.1549202 0.9971809 0.004577755 0.9392524 0.005823373 0.9392524 0.005823373 0.9422595 0.1561273 0.9966826 0.1549202 0.9422595 0.1561273 0.9392524 0.005823373 0.8595927 0.01252543 0.8595927 0.01252543 0.8749126 0.1617712 0.9422595 0.1561273 0.5781586 0.8375976 0.5788187 0.8932141 0.710012 0.8898857 0.710012 0.8898857 0.7096705 0.8316708 0.5781586 0.8375976 0.577401 0.9821249 0.5783336 0.9515824 0.4480849 0.9483925 0.4480849 0.9483925 0.4473093 0.9794099 0.577401 0.9821249 0.8619499 0.2803325 0.8838599 0.2806081 0.8749126 0.1617712 0.8749126 0.1617712 0.8523735 0.1615527 0.8619499 0.2803325 0.9422595 0.1561273 0.9454683 0.2763909 0.9957361 0.2749941 0.9957361 0.2749941 0.9966826 0.1549202 0.9422595 0.1561273 0.304458 0.8475672 0.2264422 0.850964 0.2226695 0.894747 0.2226695 0.894747 0.3054849 0.894319 0.304458 0.8475672 0.5985605 0.2410446 0.5556246 0.2217702 0.5508297 0.2291743 0.5508297 0.2291743 0.5914091 0.2645921 0.5985605 0.2410446 0.8909807 0.3986907 0.8838599 0.2806081 0.8619499 0.2803325 0.8619499 0.2803325 0.8694535 0.3989823 0.8909807 0.3986907 0.8749126 0.1617712 0.8595927 0.01252543 0.8404338 0.01221776 0.8404338 0.01221776 0.8523735 0.1615527 0.8749126 0.1617712 0.8749126 0.1617712 0.8838599 0.2806081 0.9454683 0.2763909 0.9454683 0.2763909 0.9422595 0.1561273 0.8749126 0.1617712 0.8771368 0.528551 0.8977446 0.5236589 0.8909807 0.3986907 0.8909807 0.3986907 0.8694535 0.3989823 0.8771368 0.528551 0.9525248 0.3951928 0.9951625 0.394103 0.9957361 0.2749941 0.9957361 0.2749941 0.9454683 0.2763909 0.9525248 0.3951928 0.9961549 0.5234208 0.9951625 0.394103 0.9525248 0.3951928 0.9525248 0.3951928 0.9507301 0.525214 0.9961549 0.5234208 0.5788187 0.8932141 0.4485504 0.8950098 0.4480849 0.9483925 0.4480849 0.9483925 0.5783336 0.9515824 0.5788187 0.8932141 0.4480849 0.9483925 0.4485504 0.8950098 0.3054849 0.894319 0.3054849 0.894319 0.3057479 0.9455608 0.4480849 0.9483925 0.7096705 0.8316708 0.710012 0.8898857 0.8750193 0.8856897 0.8750193 0.8856897 0.8744001 0.8243219 0.7096705 0.8316708 0.7092114 0.9521974 0.710012 0.8898857 0.5788187 0.8932141 0.5788187 0.8932141 0.5783336 0.9515824 0.7092114 0.9521974 0.5508297 0.2291743 0.5556246 0.2217702 0.4981684 0.2059654 0.05100995 0.80699 0.07445996 0.82201 0.04718995 0.83198 0.0744 0.7889 0.05100995 0.80699 0.05286997 0.77349 0.07445996 0.82201 0.05100995 0.80699 0.08609998 0.81347 0.01793998 0.87491 0.008259057 0.9022445 0.009329974 0.87265 0.03191995 0.72782 0.05795997 0.74935 0.02691996 0.7622 0.05286997 0.77349 0.02691996 0.7622 0.05795997 0.74935 0.05795997 0.74935 0.07713997 0.75042 0.05286997 0.77349 0.05795997 0.74935 0.03191995 0.72782 0.05919998 0.73314 0.05919998 0.73314 0.07713997 0.75042 0.05795997 0.74935 0.07713997 0.75042 0.05919998 0.73314 0.08491998 0.73915 0.08491998 0.73915 0.05919998 0.73314 0.08410996 0.72178 0.07664996 0.76594 0.05286997 0.77349 0.07713997 0.75042 0.07713997 0.75042 0.1021 0.76178 0.07664996 0.76594 0.05786997 0.71208 0.03815996 0.71474 0.05361998 0.69642 0.05465996 0.72267 0.03815996 0.71474 0.05786997 0.71208 0.05786997 0.71208 0.07286995 0.71139 0.05465996 0.72267 0.07286995 0.71139 0.08740997 0.70481 0.08410996 0.72178 0.05786997 0.71208 0.05361998 0.69642 0.07286995 0.71139 0.07664996 0.76594 0.0744 0.7889 0.05286997 0.77349 0.14539 0.84652 0.14806 0.83656 0.14656 0.84804 0.1427299 0.84336 0.14806 0.83656 0.14539 0.84652 0.07445996 0.82201 0.08609998 0.81347 0.07646995 0.82345 0.07847994 0.8249 0.08609998 0.81347 0.08298999 0.82696 0.11453 0.68622 0.12259 0.69272 0.11383 0.69391 0.12178 0.682 0.1271 0.68783 0.11453 0.68622 0.12259 0.69272 0.11453 0.68622 0.1271 0.68783 0.17154 0.69284 0.1906999 0.72991 0.14622 0.72039 0.28689 0.79691 0.23665 0.77233 0.28469 0.75029 0.04718995 0.83198 0.07129997 0.84429 0.05528998 0.86018 0.01793998 0.87491 0.009329974 0.87265 0.01272732 0.8497114 0.01272732 0.8497114 0.03129994 0.85328 0.01793998 0.87491 0.03129994 0.85328 0.05528998 0.86018 0.04497998 0.88421 0.04497998 0.88421 0.01793998 0.87491 0.03129994 0.85328 0.0145151 0.8049145 0.009094536 0.7611569 0.02691996 0.7622 0.02691996 0.7622 0.02973997 0.80687 0.0145151 0.8049145 0.05286997 0.77349 0.05100995 0.80699 0.02973997 0.80687 0.02973997 0.80687 0.02691996 0.7622 0.05286997 0.77349 0.0744 0.7889 0.08741998 0.80841 0.08609998 0.81347 0.08609998 0.81347 0.05100995 0.80699 0.0744 0.7889 0.07779997 0.87144 0.05528998 0.86018 0.07129997 0.84429 0.07129997 0.84429 0.08873999 0.85912 0.07779997 0.87144 0.04497998 0.88421 0.05528998 0.86018 0.07779997 0.87144 0.07779997 0.87144 0.06999999 0.894 0.04497998 0.88421 0.07553994 0.84268 0.09154999 0.85531 0.08873999 0.85912 0.08873999 0.85912 0.07129997 0.84429 0.07553994 0.84268 0.07553994 0.84268 0.07646995 0.82345 0.07847994 0.8249 0.07847994 0.8249 0.07978999 0.84107 0.07553994 0.84268 0.09435999 0.85151 0.11031 0.85491 0.10936 0.85901 0.10936 0.85901 0.09154999 0.85531 0.09435999 0.85151 0.1303 0.85771 0.13059 0.86124 0.10841 0.86311 0.10841 0.86311 0.10936 0.85901 0.1303 0.85771 0.009094536 0.7611569 0.008922934 0.7223778 0.03191995 0.72782 0.03191995 0.72782 0.02691996 0.7622 0.009094536 0.7611569 0.01979929 0.7042126 0.03815996 0.71474 0.03191995 0.72782 0.03191995 0.72782 0.008922934 0.7223778 0.01979929 0.7042126 0.03191995 0.72782 0.03815996 0.71474 0.05465996 0.72267 0.05465996 0.72267 0.05919998 0.73314 0.03191995 0.72782 0.08491998 0.73915 0.10809 0.74336 0.1021 0.76178 0.1021 0.76178 0.07713997 0.75042 0.08491998 0.73915 0.04688167 0.6897512 0.05361998 0.69642 0.03815996 0.71474 0.03815996 0.71474 0.01979929 0.7042126 0.04688167 0.6897512 0.04688167 0.6897512 0.05522602 0.6814524 0.06371998 0.6909 0.06371998 0.6909 0.05361998 0.69642 0.04688167 0.6897512 0.07286995 0.71139 0.05361998 0.69642 0.06371998 0.6909 0.06371998 0.6909 0.08740997 0.70481 0.07286995 0.71139 0.11196 0.7253 0.10809 0.74336 0.08491998 0.73915 0.08491998 0.73915 0.08410996 0.72178 0.11196 0.7253 0.01793998 0.87491 0.04497998 0.88421 0.041965 0.9084049 0.041965 0.9084049 0.008259057 0.9022445 0.01793998 0.87491 0.041965 0.9084049 0.04497998 0.88421 0.06999999 0.894 0.06999999 0.894 0.07385307 0.9206658 0.041965 0.9084049 0.10238 0.78294 0.10478 0.80083 0.08741998 0.80841 0.08741998 0.80841 0.0744 0.7889 0.10238 0.78294 0.07664996 0.76594 0.1021 0.76178 0.10238 0.78294 0.10238 0.78294 0.0744 0.7889 0.07664996 0.76594 0.13517 0.79288 0.1281 0.80971 0.10478 0.80083 0.10478 0.80083 0.10238 0.78294 0.13517 0.79288 0.14112 0.77142 0.13517 0.79288 0.10238 0.78294 0.10238 0.78294 0.1021 0.76178 0.14112 0.77142 0.1431 0.82627 0.1281 0.80971 0.13517 0.79288 0.13517 0.79288 0.16388 0.81883 0.1431 0.82627 0.18091 0.80068 0.16388 0.81883 0.13517 0.79288 0.13517 0.79288 0.14112 0.77142 0.18091 0.80068 0.14806 0.83656 0.1431 0.82627 0.16388 0.81883 0.16388 0.81883 0.16973 0.84367 0.14806 0.83656 0.16973 0.84367 0.16388 0.81883 0.18091 0.80068 0.18091 0.80068 0.1927967 0.8521404 0.16973 0.84367 0.14656 0.84804 0.14774 0.84956 0.13059 0.86124 0.13059 0.86124 0.1303 0.85771 0.14656 0.84804 0.08523994 0.8379 0.07978999 0.84107 0.07847994 0.8249 0.07847994 0.8249 0.08298999 0.82696 0.08523994 0.8379 0.08523994 0.8379 0.09716999 0.84667 0.09435999 0.85151 0.09435999 0.85151 0.07978999 0.84107 0.08523994 0.8379 0.11099 0.84892 0.11031 0.85491 0.09435999 0.85151 0.09435999 0.85151 0.09716999 0.84667 0.11099 0.84892 0.12915 0.84822 0.13002 0.85418 0.11031 0.85491 0.11031 0.85491 0.11099 0.84892 0.12915 0.84822 0.1427299 0.84336 0.14539 0.84652 0.13002 0.85418 0.13002 0.85418 0.12915 0.84822 0.1427299 0.84336 0.14112 0.77142 0.14514 0.74639 0.1904 0.7654 0.1904 0.7654 0.18091 0.80068 0.14112 0.77142 0.1904 0.7654 0.23665 0.77233 0.22249 0.81043 0.22249 0.81043 0.18091 0.80068 0.1904 0.7654 0.11383 0.69391 0.11417 0.70568 0.08740997 0.70481 0.08740997 0.70481 0.08960998 0.68804 0.11383 0.69391 0.11196 0.7253 0.08410996 0.72178 0.08740997 0.70481 0.08740997 0.70481 0.11417 0.70568 0.11196 0.7253 0.06371998 0.6909 0.07060998 0.68208 0.08960998 0.68804 0.08960998 0.68804 0.08740997 0.70481 0.06371998 0.6909 0.07060998 0.68208 0.06371998 0.6909 0.05522602 0.6814524 0.05522602 0.6814524 0.06054806 0.6734201 0.07060998 0.68208 0.06054806 0.6734201 0.06816244 0.6643181 0.07712996 0.67265 0.07712996 0.67265 0.07060998 0.68208 0.06054806 0.6734201 0.07712996 0.67265 0.09200996 0.67983 0.08960998 0.68804 0.08960998 0.68804 0.07060998 0.68208 0.07712996 0.67265 0.08960998 0.68804 0.09200996 0.67983 0.11453 0.68622 0.11453 0.68622 0.11383 0.69391 0.08960998 0.68804 0.11417 0.70568 0.11383 0.69391 0.12259 0.69272 0.12259 0.69272 0.13299 0.70344 0.11417 0.70568 0.11196 0.7253 0.11417 0.70568 0.13299 0.70344 0.13299 0.70344 0.14622 0.72039 0.11196 0.7253 0.08125996 0.66547 0.07053464 0.6565819 0.0812844 0.6419401 0.0812844 0.6419401 0.09880995 0.66101 0.08125996 0.66547 0.09880995 0.66101 0.09503996 0.67436 0.08125996 0.66547 0.12178 0.682 0.11453 0.68622 0.1102949 0.671505 0.12178 0.682 0.1102949 0.671505 0.11267 0.6574875 0.11267 0.6574875 0.13262 0.67407 0.12178 0.682 0.1271 0.68783 0.12178 0.682 0.13262 0.67407 0.13262 0.67407 0.1421999 0.69267 0.1271 0.68783 0.09880995 0.66101 0.0812844 0.6419401 0.08932441 0.6323674 0.08932441 0.6323674 0.11267 0.6574875 0.09880995 0.66101 0.11267 0.6574875 0.08932441 0.6323674 0.1007206 0.6190889 0.1007206 0.6190889 0.12208 0.63862 0.11267 0.6574875 0.1529999 0.66401 0.13262 0.67407 0.11267 0.6574875 0.11267 0.6574875 0.12208 0.63862 0.1529999 0.66401 0.1421999 0.69267 0.13262 0.67407 0.1529999 0.66401 0.1529999 0.66401 0.17154 0.69284 0.1421999 0.69267 0.14514 0.74639 0.10809 0.74336 0.11196 0.7253 0.11196 0.7253 0.14622 0.72039 0.14514 0.74639 0.14514 0.74639 0.14622 0.72039 0.1906999 0.72991 0.1906999 0.72991 0.1904 0.7654 0.14514 0.74639 0.17154 0.69284 0.1529999 0.66401 0.17154 0.65099 0.17154 0.65099 0.2047899 0.68013 0.17154 0.69284 0.12208 0.63862 0.13991 0.62424 0.17154 0.65099 0.17154 0.65099 0.1529999 0.66401 0.12208 0.63862 0.1007206 0.6190889 0.1169352 0.6018751 0.13991 0.62424 0.13991 0.62424 0.12208 0.63862 0.1007206 0.6190889 0.12259 0.69272 0.1271 0.68783 0.1421999 0.69267 0.1421999 0.69267 0.13299 0.70344 0.12259 0.69272 0.2047899 0.68013 0.22687 0.72463 0.1906999 0.72991 0.1906999 0.72991 0.17154 0.69284 0.2047899 0.68013 0.1904 0.7654 0.1906999 0.72991 0.22687 0.72463 0.22687 0.72463 0.23665 0.77233 0.1904 0.7654 0.22687 0.72463 0.26222 0.71251 0.28469 0.75029 0.28469 0.75029 0.23665 0.77233 0.22687 0.72463 0.1413139 0.5872065 0.15598 0.61164 0.13991 0.62424 0.13991 0.62424 0.1169352 0.6018751 0.1413139 0.5872065 0.17154 0.65099 0.13991 0.62424 0.15598 0.61164 0.15598 0.61164 0.18938 0.63668 0.17154 0.65099 0.2047899 0.68013 0.17154 0.65099 0.18938 0.63668 0.18938 0.63668 0.23097 0.6699 0.2047899 0.68013 0.22687 0.72463 0.2047899 0.68013 0.23097 0.6699 0.23097 0.6699 0.26222 0.71251 0.22687 0.72463 0.26112 0.66288 0.28484 0.70094 0.26222 0.71251 0.26222 0.71251 0.23097 0.6699 0.26112 0.66288 0.28484 0.70094 0.30613 0.74025 0.28469 0.75029 0.28469 0.75029 0.26222 0.71251 0.28484 0.70094 0.2129 0.621655 0.26112 0.66288 0.23097 0.6699 0.23097 0.6699 0.18938 0.63668 0.2129 0.621655 0.30521 0.78757 0.28689 0.79691 0.28469 0.75029 0.28469 0.75029 0.30613 0.74025 0.30521 0.78757 0.18938 0.63668 0.15598 0.61164 0.2129 0.621655 0.1932603 0.5834807 0.2129 0.621655 0.15598 0.61164 0.15598 0.61164 0.1413139 0.5872065 0.1932603 0.5834807 0.04830944 0.4331921 0.03282946 0.4143121 0.03772944 0.4086821 0.03772944 0.4086821 0.05872946 0.4185321 0.04830944 0.4331921 0.09907656 0.4493434 0.07742697 0.4330521 0.09484446 0.4246271 0.09484446 0.4246271 0.1114729 0.4360176 0.09907656 0.4493434 0.04830944 0.4331921 0.05872946 0.4185321 0.07742697 0.4330521 0.07742697 0.4330521 0.06817942 0.4475021 0.04830944 0.4331921 0.09532946 0.4037821 0.1092069 0.4116621 0.09484446 0.4246271 0.09484446 0.4246271 0.07830941 0.4133721 0.09532946 0.4037821 0.1079494 0.3803371 0.1237595 0.3897121 0.1092069 0.4116621 0.1092069 0.4116621 0.09532946 0.4037821 0.1079494 0.3803371 0.1079494 0.3803371 0.119493 0.3691396 0.1310058 0.3793507 0.1310058 0.3793507 0.1237595 0.3897121 0.1079494 0.3803371 0.1480305 0.433414 0.125571 0.4214808 0.1405799 0.399845 0.1405799 0.399845 0.1608135 0.4108092 0.1480305 0.433414 0.1000871 0.4501013 0.1215259 0.4664146 0.1044321 0.4819365 0.1044321 0.4819365 0.08533495 0.464065 0.1000871 0.4501013 0.07002943 0.4739322 0.05460941 0.4562721 0.06817942 0.4475021 0.06817942 0.4475021 0.08432447 0.4633072 0.07002943 0.4739322 0.07385307 0.9206658 0.07549875 0.9288968 0.0388453 0.9170476 0.0388453 0.9170476 0.041965 0.9084049 0.07385307 0.9206658 0.08941209 0.4955974 0.07122957 0.5091448 0.05692493 0.48734 0.05692493 0.48734 0.07103997 0.47469 0.08941209 0.4955974 0.07122957 0.5091448 0.05312955 0.5235948 0.03985995 0.50076 0.03985995 0.50076 0.05692493 0.48734 0.07122957 0.5091448 0.04718995 0.83198 0.03129994 0.85328 0.02860999 0.83226 0.04718995 0.83198 0.02860999 0.83226 0.02973997 0.80687 0.02973997 0.80687 0.05100995 0.80699 0.04718995 0.83198 0.01272732 0.8497114 0.01582968 0.8319705 0.02860999 0.83226 0.02860999 0.83226 0.03129994 0.85328 0.01272732 0.8497114 0.01582968 0.8319705 0.0145151 0.8049145 0.02973997 0.80687 0.02973997 0.80687 0.02860999 0.83226 0.01582968 0.8319705 0.07286995 0.71139 0.08410996 0.72178 0.05465996 0.72267 0.16973 0.84367 0.14774 0.84956 0.14806 0.83656 0.14112 0.77142 0.1021 0.76178 0.10809 0.74336 0.10809 0.74336 0.14514 0.74639 0.14112 0.77142 0.14622 0.72039 0.13299 0.70344 0.1421999 0.69267 0.1421999 0.69267 0.17154 0.69284 0.14622 0.72039 0.06461209 0.9550969 0.06538403 0.9651595 0.04453343 0.9613093 0.01382482 0.9760312 0.01077443 0.9598119 0.04453343 0.9613093 0.01077443 0.9598119 0.01313662 0.9467269 0.04453343 0.9613093 0.01313662 0.9467269 0.02729123 0.9335488 0.04453343 0.9613093 0.02729123 0.9335488 0.04750943 0.9334 0.04453343 0.9613093 0.04750943 0.9334 0.06074333 0.944625 0.04453343 0.9613093 0.06074333 0.944625 0.06461209 0.9550969 0.04453343 0.9613093 0.02325505 0.9878979 0.01382482 0.9760312 0.04453343 0.9613093 0.03888833 0.9940825 0.02325505 0.9878979 0.04453343 0.9613093 0.05380553 0.9905764 0.03888833 0.9940825 0.04453343 0.9613093 0.06402623 0.9780772 0.05380553 0.9905764 0.04453343 0.9613093 0.06538403 0.9651595 0.06402623 0.9780772 0.04453343 0.9613093 0.08735001 0.03386998 0.09823995 0.004980027 0.1099683 0.008674263 0.1099683 0.008674263 0.09631252 0.04076582 0.08735001 0.03386998 0.08735001 0.03386998 0.07559996 0.02542001 0.08066999 0.002300024 0.08066999 0.002300024 0.09823995 0.004980027 0.08735001 0.03386998 0.07559996 0.02542001 0.05782997 0.01806002 0.05673998 0.01179999 0.05673998 0.01179999 0.08066999 0.002300024 0.07559996 0.02542001 0.004477202 0.01170122 0.01556998 0.00612998 0.02769994 0.03446 0.02769994 0.03446 0.01894003 0.04165887 0.004477202 0.01170122 0.02769994 0.03446 0.01556998 0.00612998 0.03305995 0.003799974 0.03305995 0.003799974 0.03920996 0.02594 0.02769994 0.03446 0.03920996 0.02594 0.03305995 0.003799974 0.05673998 0.01179999 0.05673998 0.01179999 0.05782997 0.01806002 0.03920996 0.02594 0.07137995 0.05779999 0.08735001 0.03386998 0.09631252 0.04076582 0.09631252 0.04076582 0.07490456 0.06585192 0.07137995 0.05779999 0.06718999 0.04930001 0.07559996 0.02542001 0.08735001 0.03386998 0.08735001 0.03386998 0.07137995 0.05779999 0.06718999 0.04930001 0.05841994 0.03887999 0.05782997 0.01806002 0.07559996 0.02542001 0.07559996 0.02542001 0.06718999 0.04930001 0.05841994 0.03887999 0.04440999 0.05787998 0.04101473 0.06600081 0.01894003 0.04165887 0.01894003 0.04165887 0.02769994 0.03446 0.04440999 0.05787998 0.04793995 0.04944998 0.04440999 0.05787998 0.02769994 0.03446 0.02769994 0.03446 0.03920996 0.02594 0.04793995 0.04944998 0.05841994 0.03887999 0.04793995 0.04944998 0.03920996 0.02594 0.03920996 0.02594 0.05782997 0.01806002 0.05841994 0.03887999 0.07490456 0.06585192 0.04101473 0.06600081 0.04440999 0.05787998 0.04440999 0.05787998 0.07137995 0.05779999 0.07490456 0.06585192 0.06718999 0.04930001 0.07137995 0.05779999 0.04440999 0.05787998 0.04440999 0.05787998 0.04793995 0.04944998 0.06718999 0.04930001 0.06718999 0.04930001 0.04793995 0.04944998 0.05841994 0.03887999 0.22249 0.81043 0.22136 0.83207 0.1927967 0.8521404 0.25634 0.80578 0.22249 0.81043 0.23665 0.77233 0.25634 0.80578 0.23665 0.77233 0.28689 0.79691 0.25634 0.80578 0.22136 0.83207 0.22249 0.81043 0.1674642 0.8783192 0.1927967 0.8521404 0.1801348 0.8911364 0.09154999 0.85531 0.07553994 0.84268 0.07978999 0.84107 0.07978999 0.84107 0.09435999 0.85151 0.09154999 0.85531 0.07646995 0.82345 0.07553994 0.84268 0.07129997 0.84429 0.07129997 0.84429 0.07445996 0.82201 0.07646995 0.82345 0.09154999 0.85531 0.10936 0.85901 0.10841 0.86311 0.10841 0.86311 0.08873999 0.85912 0.09154999 0.85531 0.13002 0.85418 0.1303 0.85771 0.10936 0.85901 0.10936 0.85901 0.11031 0.85491 0.13002 0.85418 0.14539 0.84652 0.14656 0.84804 0.1303 0.85771 0.1303 0.85771 0.13002 0.85418 0.14539 0.84652 0.08609998 0.81347 0.07847994 0.8249 0.07646995 0.82345 0.14806 0.83656 0.14774 0.84956 0.14656 0.84804 0.1326785 0.8973894 0.1337491 0.9056351 0.1029425 0.9161956 0.1029425 0.9161956 0.1008712 0.9098858 0.1326785 0.8973894 0.06999999 0.894 0.1008712 0.9098858 0.07385307 0.9206658 0.13059 0.86124 0.15971 0.86645 0.12668 0.87715 0.15971 0.86645 0.13059 0.86124 0.14774 0.84956 0.08873999 0.85912 0.10841 0.86311 0.09903997 0.87928 0.09903997 0.87928 0.07779997 0.87144 0.08873999 0.85912 0.06999999 0.894 0.07779997 0.87144 0.09903997 0.87928 0.10841 0.86311 0.13059 0.86124 0.12668 0.87715 0.12668 0.87715 0.09903997 0.87928 0.10841 0.86311 0.1326785 0.8973894 0.1008712 0.9098858 0.09903997 0.87928 0.09903997 0.87928 0.12668 0.87715 0.1326785 0.8973894 0.1674642 0.8783192 0.1326785 0.8973894 0.15971 0.86645 0.1674642 0.8783192 0.15971 0.86645 0.16973 0.84367 0.16973 0.84367 0.1927967 0.8521404 0.1674642 0.8783192 0.16973 0.84367 0.15971 0.86645 0.14774 0.84956 0.06999999 0.894 0.09903997 0.87928 0.1008712 0.9098858 0.2770469 0.4251782 0.2641969 0.4251782 0.2647469 0.4196781 0.2770469 0.4251782 0.2647469 0.4196781 0.266377 0.4146781 0.2770469 0.4251782 0.266377 0.4146781 0.271097 0.4089881 0.2770469 0.4251782 0.271097 0.4413681 0.266377 0.4356881 0.2770469 0.4251782 0.266377 0.4356881 0.2647469 0.4306781 0.2770469 0.4251782 0.2647469 0.4306781 0.2641969 0.4251782 0.2515969 0.4251782 0.2522271 0.4160582 0.2647469 0.4196781 0.2647469 0.4196781 0.2641969 0.4251782 0.2515969 0.4251782 0.2522271 0.4160582 0.2542369 0.4073081 0.266377 0.4146781 0.266377 0.4146781 0.2647469 0.4196781 0.2522271 0.4160582 0.266377 0.4146781 0.2542369 0.4073081 0.2606869 0.3955581 0.2606869 0.3955581 0.271097 0.4089881 0.266377 0.4146781 0.2606869 0.4548081 0.2542369 0.4430581 0.266377 0.4356881 0.266377 0.4356881 0.271097 0.4413681 0.2606869 0.4548081 0.2522271 0.4342982 0.2647469 0.4306781 0.266377 0.4356881 0.266377 0.4356881 0.2542369 0.4430581 0.2522271 0.4342982 0.2522271 0.4342982 0.2515969 0.4251782 0.2641969 0.4251782 0.2641969 0.4251782 0.2647469 0.4306781 0.2522271 0.4342982 0.2396469 0.4271082 0.240047 0.4159281 0.2522271 0.4160582 0.2522271 0.4160582 0.2515969 0.4251782 0.2396469 0.4271082 0.240047 0.4159281 0.241317 0.4029081 0.2542369 0.4073081 0.2542369 0.4073081 0.2522271 0.4160582 0.240047 0.4159281 0.2457569 0.3861481 0.2606869 0.3955581 0.2542369 0.4073081 0.2542369 0.4073081 0.241317 0.4029081 0.2457569 0.3861481 0.2457469 0.4642181 0.241317 0.4474481 0.2542369 0.4430581 0.2542369 0.4430581 0.2606869 0.4548081 0.2457469 0.4642181 0.241317 0.4474481 0.240047 0.4382782 0.2522271 0.4342982 0.2522271 0.4342982 0.2542369 0.4430581 0.241317 0.4474481 0.240047 0.4382782 0.2396469 0.4271082 0.2515969 0.4251782 0.2515969 0.4251782 0.2522271 0.4342982 0.240047 0.4382782 0.228117 0.4152582 0.240047 0.4159281 0.2396469 0.4271082 0.2396469 0.4271082 0.228117 0.4271082 0.228117 0.4152582 0.228117 0.4014381 0.241317 0.4029081 0.240047 0.4159281 0.240047 0.4159281 0.228117 0.4152582 0.228117 0.4014381 0.228117 0.4014381 0.228117 0.3827582 0.2457569 0.3861481 0.2457569 0.3861481 0.241317 0.4029081 0.228117 0.4014381 0.228117 0.4675982 0.228117 0.4489181 0.241317 0.4474481 0.241317 0.4474481 0.2457469 0.4642181 0.228117 0.4675982 0.228117 0.4489181 0.228117 0.4389582 0.240047 0.4382782 0.240047 0.4382782 0.241317 0.4474481 0.228117 0.4489181 0.228117 0.4389582 0.228117 0.4271082 0.2396469 0.4271082 0.2396469 0.4271082 0.240047 0.4382782 0.228117 0.4389582 0.2165771 0.4271082 0.216187 0.4159281 0.228117 0.4152582 0.228117 0.4152582 0.228117 0.4271082 0.2165771 0.4271082 0.216187 0.4159281 0.214917 0.4029081 0.228117 0.4014381 0.228117 0.4014381 0.228117 0.4152582 0.216187 0.4159281 0.2104769 0.3861481 0.228117 0.3827582 0.228117 0.4014381 0.228117 0.4014381 0.214917 0.4029081 0.2104769 0.3861481 0.228117 0.4675982 0.2104769 0.4642081 0.214917 0.4474481 0.214917 0.4474481 0.228117 0.4489181 0.228117 0.4675982 0.228117 0.4489181 0.214917 0.4474481 0.216187 0.4382782 0.216187 0.4382782 0.228117 0.4389582 0.228117 0.4489181 0.228117 0.4271082 0.228117 0.4389582 0.216187 0.4382782 0.216187 0.4382782 0.2165771 0.4271082 0.228117 0.4271082 0.2046371 0.4251782 0.2039969 0.4160582 0.216187 0.4159281 0.216187 0.4159281 0.2165771 0.4271082 0.2046371 0.4251782 0.214917 0.4029081 0.216187 0.4159281 0.2039969 0.4160582 0.2039969 0.4160582 0.2019971 0.4072981 0.214917 0.4029081 0.2019971 0.4072981 0.1955469 0.3955481 0.2104769 0.3861481 0.2104769 0.3861481 0.214917 0.4029081 0.2019971 0.4072981 0.2104769 0.4642081 0.1955369 0.4548081 0.2019971 0.4430581 0.2019971 0.4430581 0.214917 0.4474481 0.2104769 0.4642081 0.2019971 0.4430581 0.2039969 0.4342982 0.216187 0.4382782 0.216187 0.4382782 0.214917 0.4474481 0.2019971 0.4430581 0.2039969 0.4342982 0.2046371 0.4251782 0.2165771 0.4271082 0.2165771 0.4271082 0.216187 0.4382782 0.2039969 0.4342982 0.2046371 0.4251782 0.1920369 0.4251782 0.1914871 0.4196781 0.1914871 0.4196781 0.2039969 0.4160582 0.2046371 0.4251782 0.2039969 0.4160582 0.1914871 0.4196781 0.189857 0.4146681 0.189857 0.4146681 0.2019971 0.4072981 0.2039969 0.4160582 0.189857 0.4146681 0.185137 0.4089881 0.1955469 0.3955481 0.1955469 0.3955481 0.2019971 0.4072981 0.189857 0.4146681 0.1955369 0.4548081 0.185137 0.4413681 0.189857 0.4356781 0.189857 0.4356781 0.2019971 0.4430581 0.1955369 0.4548081 0.189857 0.4356781 0.1914871 0.4306781 0.2039969 0.4342982 0.2039969 0.4342982 0.2019971 0.4430581 0.189857 0.4356781 0.1914871 0.4306781 0.1920369 0.4251782 0.2046371 0.4251782 0.2046371 0.4251782 0.2039969 0.4342982 0.1914871 0.4306781 0.1791771 0.4251782 0.1914871 0.4196781 0.1920369 0.4251782 0.1791771 0.4251782 0.189857 0.4146681 0.1914871 0.4196781 0.1791771 0.4251782 0.185137 0.4089881 0.189857 0.4146681 0.1791771 0.4251782 0.189857 0.4356781 0.185137 0.4413681 0.1791771 0.4251782 0.1914871 0.4306781 0.189857 0.4356781 0.1791771 0.4251782 0.1920369 0.4251782 0.1914871 0.4306781 0.2731469 0.4075282 0.2770469 0.4251782 0.2770469 0.4251782 0.2770469 0.4251782 0.271097 0.4089881 0.2731469 0.4075282 0.2731469 0.4428382 0.271097 0.4413681 0.2770469 0.4251782 0.2770469 0.4251782 0.2770469 0.4251782 0.2731469 0.4428382 0.263597 0.3919282 0.2731469 0.4075282 0.271097 0.4089881 0.271097 0.4089881 0.2606869 0.3955581 0.263597 0.3919282 0.263597 0.4584282 0.2606869 0.4548081 0.271097 0.4413681 0.271097 0.4413681 0.2731469 0.4428382 0.263597 0.4584282 0.247817 0.3804381 0.263597 0.3919282 0.2606869 0.3955581 0.2606869 0.3955581 0.2457569 0.3861481 0.247817 0.3804381 0.247807 0.4699181 0.2457469 0.4642181 0.2606869 0.4548081 0.2606869 0.4548081 0.263597 0.4584282 0.247807 0.4699181 0.247817 0.3804381 0.2457569 0.3861481 0.228117 0.3827582 0.228117 0.3827582 0.228117 0.3761982 0.247817 0.3804381 0.228117 0.4741582 0.228117 0.4675982 0.2457469 0.4642181 0.2457469 0.4642181 0.247807 0.4699181 0.228117 0.4741582 0.228117 0.3827582 0.2104769 0.3861481 0.2084169 0.3804381 0.2084169 0.3804381 0.228117 0.3761982 0.228117 0.3827582 0.228117 0.4675982 0.228117 0.4741582 0.2084169 0.4699181 0.2084169 0.4699181 0.2104769 0.4642081 0.228117 0.4675982 0.2084169 0.3804381 0.2104769 0.3861481 0.1955469 0.3955481 0.1955469 0.3955481 0.192637 0.3919282 0.2084169 0.3804381 0.2084169 0.4699181 0.192627 0.4584282 0.1955369 0.4548081 0.1955369 0.4548081 0.2104769 0.4642081 0.2084169 0.4699181 0.192637 0.3919282 0.1955469 0.3955481 0.185137 0.4089881 0.185137 0.4089881 0.1830869 0.4075182 0.192637 0.3919282 0.192627 0.4584282 0.1830869 0.4428382 0.185137 0.4413681 0.185137 0.4413681 0.1955369 0.4548081 0.192627 0.4584282 0.1830869 0.4075182 0.185137 0.4089881 0.1791771 0.4251782 0.1791771 0.4251782 0.1791771 0.4251782 0.1830869 0.4075182 0.1830869 0.4428382 0.1791771 0.4251782 0.1791771 0.4251782 0.1791771 0.4251782 0.185137 0.4413681 0.1830869 0.4428382 0.08410996 0.72178 0.05919998 0.73314 0.05465996 0.72267 0.04718995 0.83198 0.05528998 0.86018 0.03129994 0.85328 0.1326785 0.8973894 0.12668 0.87715 0.15971 0.86645 0.1102949 0.671505 0.09880995 0.66101 0.11267 0.6574875 0.09503996 0.67436 0.09880995 0.66101 0.1102949 0.671505 0.11453 0.68622 0.09503996 0.67436 0.1102949 0.671505 0.04718995 0.83198 0.07445996 0.82201 0.07129997 0.84429 0.3211147 0.8144147 0.3247446 0.8295448 0.2986046 0.8295448 0.2986046 0.8295448 0.2967947 0.8144147 0.3211147 0.8144147 0.3247446 0.8295448 0.3211147 0.8144147 0.3445747 0.8257623 0.3445747 0.8257623 0.3454821 0.8295448 0.3247446 0.8295448 0.2986046 0.8295448 0.3247446 0.8295448 0.3211147 0.8144147 0.3211147 0.8144147 0.2967947 0.8144147 0.2986046 0.8295448 0.3454821 0.8295448 0.3445747 0.8257623 0.3211147 0.8144147 0.3211147 0.8144147 0.3247446 0.8295448 0.3454821 0.8295448 0.2967947 0.8144147 0.2727579 0.8144147 0.2727814 0.8295448 0.2727814 0.8295448 0.2986046 0.8295448 0.2967947 0.8144147 0.3445747 0.8257623 0.3523946 0.8295448 0.3454821 0.8295448 0.3454821 0.8295448 0.3523946 0.8295448 0.3445747 0.8257623 0.041965 0.9084049 0.0388453 0.9170476 0.008922815 0.91357 0.008922815 0.91357 0.008259057 0.9022445 0.041965 0.9084049 0.1029425 0.9161956 0.07549875 0.9288968 0.07385307 0.9206658 0.07385307 0.9206658 0.1008712 0.9098858 0.1029425 0.9161956 0.22249 0.81043 0.1927967 0.8521404 0.18091 0.80068 0.1608135 0.4108092 0.1405799 0.399845 0.146835 0.38687 0.146835 0.38687 0.16716 0.39391 0.1608135 0.4108092 0.1355333 0.4515929 0.1124834 0.4367756 0.125571 0.4214808 0.125571 0.4214808 0.1480305 0.433414 0.1355333 0.4515929 0.1215259 0.4664146 0.1000871 0.4501013 0.1124834 0.4367756 0.1124834 0.4367756 0.1355333 0.4515929 0.1215259 0.4664146 0.07103997 0.47469 0.08533495 0.464065 0.1044321 0.4819365 0.1044321 0.4819365 0.08941209 0.4955974 0.07103997 0.47469 0.05460941 0.4562721 0.07002943 0.4739322 0.05591446 0.4865821 0.05591446 0.4865821 0.04101943 0.4644821 0.05460941 0.4562721 0.05591446 0.4865821 0.03884947 0.5000022 0.02498942 0.4768721 0.02498942 0.4768721 0.04101943 0.4644821 0.05591446 0.4865821 0.07830941 0.4133721 0.09484446 0.4246271 0.07742697 0.4330521 0.07742697 0.4330521 0.05872946 0.4185321 0.07830941 0.4133721 0.1114729 0.4360176 0.09484446 0.4246271 0.1092069 0.4116621 0.1092069 0.4116621 0.1245605 0.420723 0.1114729 0.4360176 0.1245605 0.420723 0.1092069 0.4116621 0.1237595 0.3897121 0.1237595 0.3897121 0.1395695 0.3990871 0.1245605 0.420723 0.1237595 0.3897121 0.1310058 0.3793507 0.1458244 0.3861121 0.1458244 0.3861121 0.1395695 0.3990871 0.1237595 0.3897121 0.08432447 0.4633072 0.06817942 0.4475021 0.07742697 0.4330521 0.07742697 0.4330521 0.09907656 0.4493434 0.08432447 0.4633072 0.3057479 0.9455608 0.2482158 0.9461967 0.2651006 0.9772632 0.2651006 0.9772632 0.3054072 0.9764872 0.3057479 0.9455608 0.2226695 0.894747 0.2482158 0.9461967 0.3057479 0.9455608 0.3057479 0.9455608 0.3054849 0.894319 0.2226695 0.894747 0.8977446 0.5236589 0.8771368 0.528551 0.8780452 0.5654582 0.8780452 0.5654582 0.9010066 0.5880004 0.8977446 0.5236589 0.2482158 0.9461967 0.2122454 0.9582759 0.2367822 0.9830819 0.2367822 0.9830819 0.2651006 0.9772632 0.2482158 0.9461967 0.2226695 0.894747 0.1971704 0.9430782 0.2482158 0.9461967 0.2122454 0.9582759 0.1971704 0.9430782 0.1628422 0.9585836 0.1628422 0.9585836 0.1749772 0.9761018 0.2122454 0.9582759 0.8977446 0.5236589 0.9010066 0.5880004 0.9118862 0.5864787 0.9118862 0.5864787 0.9165964 0.5720539 0.8977446 0.5236589 0.5461834 0.8206202 0.5427973 0.7748352 0.5292388 0.815881 0.2482158 0.9461967 0.1971704 0.9430782 0.2122454 0.9582759 0.9961549 0.5234208 0.9507301 0.525214 0.9622637 0.5624108 0.9622637 0.5624108 0.995815 0.5617656 0.9961549 0.5234208 0.9364273 0.5650625 0.9622637 0.5624108 0.9507301 0.525214 0.9507301 0.525214 0.8977446 0.5236589 0.9165964 0.5720539 0.9165964 0.5720539 0.9364273 0.5650625 0.9507301 0.525214 0.7016513 0.7353753 0.6610047 0.7167596 0.6954234 0.7148075 0.1326785 0.8973894 0.1674642 0.8783192 0.1801348 0.8911364 0.1801348 0.8911364 0.1337491 0.9056351 0.1326785 0.8973894 0.4799417 0.4852659 0.4643689 0.4888164 0.448074 0.5082769 0.4972338 0.458885 0.5045517 0.4626604 0.5067178 0.4445909 0.5460994 0.4023312 0.5207793 0.4159379 0.5158476 0.428555 0.5158476 0.428555 0.5271482 0.4373501 0.5460994 0.4023312 0.4799417 0.4852659 0.4774085 0.47804 0.4643689 0.4888164 0.5067178 0.4445909 0.5045517 0.4626604 0.5271482 0.4373501 0.4395121 0.550279 0.426208 0.604568 0.4582932 0.5671448 0.5132096 0.6441327 0.526037 0.7060886 0.5678918 0.615605 0.4737679 0.648962 0.4527726 0.7141683 0.526037 0.7060886 0.426208 0.604568 0.4435375 0.6474766 0.4726563 0.5919473 0.4726563 0.5919473 0.4737679 0.648962 0.5132096 0.6441327 0.4726563 0.5919473 0.4435375 0.6474766 0.4737679 0.648962 0.426208 0.604568 0.4395121 0.550279 0.4102877 0.5909566 0.6138232 0.5447161 0.6669144 0.5775075 0.6686202 0.4757538 0.5008955 0.5810611 0.5132096 0.6441327 0.5678918 0.615605 0.4154376 0.696186 0.4435375 0.6474766 0.4062414 0.6369971 0.5711216 0.4476757 0.5271482 0.4373501 0.5045517 0.4626604 0.5851978 0.5162338 0.6251025 0.47236 0.5711216 0.4476757 0.5922623 0.4087851 0.5711216 0.4476757 0.640987 0.4311159 0.5418183 0.558412 0.5851978 0.5162338 0.5457608 0.4836578 0.5457608 0.4836578 0.5223088 0.5146627 0.5418183 0.558412 0.5045517 0.4626604 0.4799417 0.4852659 0.4742392 0.5060826 0.4062414 0.6369971 0.3901967 0.6279474 0.3735468 0.6455189 0.3735468 0.6455189 0.385241 0.6624124 0.4062414 0.6369971 0.5678918 0.615605 0.6119267 0.6562941 0.6669144 0.5775075 0.5418183 0.558412 0.5678918 0.615605 0.6138232 0.5447161 0.5922623 0.4087851 0.5460994 0.4023312 0.5711216 0.4476757 0.6686202 0.4757538 0.640987 0.4311159 0.6251025 0.47236 0.5008955 0.5810611 0.5678918 0.615605 0.5418183 0.558412 0.4395121 0.550279 0.4582932 0.5671448 0.4918242 0.5435686 0.5678918 0.615605 0.6669144 0.5775075 0.6138232 0.5447161 0.6251025 0.47236 0.5851978 0.5162338 0.6138232 0.5447161 0.5008955 0.5810611 0.5418183 0.558412 0.5223088 0.5146627 0.5223088 0.5146627 0.4918242 0.5435686 0.5008955 0.5810611 0.5045517 0.4626604 0.4742392 0.5060826 0.5223088 0.5146627 0.4062414 0.6369971 0.385241 0.6624124 0.4154376 0.696186 0.4062414 0.6369971 0.426208 0.604568 0.4102877 0.5909566 0.4102877 0.5909566 0.3901967 0.6279474 0.4062414 0.6369971 0.4395121 0.550279 0.4241012 0.5395952 0.4060959 0.5750988 0.4102877 0.5909566 0.4060959 0.5750988 0.3901967 0.6279474 0.5851978 0.5162338 0.5711216 0.4476757 0.5457608 0.4836578 0.6686202 0.4757538 0.6251025 0.47236 0.6138232 0.5447161 0.4435375 0.6474766 0.4527726 0.7141683 0.4737679 0.648962 0.5223088 0.5146627 0.5457608 0.4836578 0.5045517 0.4626604 0.4918242 0.5435686 0.4582932 0.5671448 0.4726563 0.5919473 0.4726563 0.5919473 0.5008955 0.5810611 0.4918242 0.5435686 0.4918242 0.5435686 0.5223088 0.5146627 0.4742392 0.5060826 0.5457608 0.4836578 0.5711216 0.4476757 0.5045517 0.4626604 0.4582932 0.5671448 0.426208 0.604568 0.4726563 0.5919473 0.4435375 0.6474766 0.4154376 0.696186 0.4527726 0.7141683 0.4062414 0.6369971 0.4435375 0.6474766 0.426208 0.604568 0.4726563 0.5919473 0.5132096 0.6441327 0.5008955 0.5810611 0.640987 0.4311159 0.5711216 0.4476757 0.6251025 0.47236 0.5418183 0.558412 0.6138232 0.5447161 0.5851978 0.5162338 0.5711216 0.4476757 0.5460994 0.4023312 0.5271482 0.4373501 0.4395121 0.550279 0.4918242 0.5435686 0.4742392 0.5060826 0.5003144 0.3256953 0.5330597 0.3529126 0.5416802 0.3438842 0.5416802 0.3438842 0.5053007 0.3116037 0.5003144 0.3256953 0.4892198 0.3424562 0.5202816 0.3624619 0.5330597 0.3529126 0.5330597 0.3529126 0.5003144 0.3256953 0.4892198 0.3424562 0.470025 0.327018 0.4892198 0.3424562 0.5003144 0.3256953 0.5003144 0.3256953 0.4778956 0.3048734 0.470025 0.327018 0.4703797 0.3626847 0.4892198 0.3424562 0.470025 0.327018 0.470025 0.327018 0.4445927 0.3542981 0.4703797 0.3626847 0.4703797 0.3626847 0.5020297 0.3749744 0.5202816 0.3624619 0.5202816 0.3624619 0.4892198 0.3424562 0.4703797 0.3626847 0.4888303 0.3857439 0.5020297 0.3749744 0.4703797 0.3626847 0.4703797 0.3626847 0.4466936 0.382081 0.4888303 0.3857439 0.4101985 0.3756538 0.4466936 0.382081 0.4703797 0.3626847 0.4703797 0.3626847 0.4445927 0.3542981 0.4101985 0.3756538 0.4294141 0.4096763 0.4466936 0.382081 0.4101985 0.3756538 0.4101985 0.3756538 0.3913652 0.4056723 0.4294141 0.4096763 0.4888303 0.3857439 0.4466936 0.382081 0.4294141 0.4096763 0.4294141 0.4096763 0.4556578 0.4130815 0.4888303 0.3857439 0.5330597 0.3529126 0.5584614 0.3739466 0.5671744 0.367621 0.5671744 0.367621 0.5416802 0.3438842 0.5330597 0.3529126 0.5330597 0.3529126 0.5202816 0.3624619 0.543777 0.3807038 0.543777 0.3807038 0.5584614 0.3739466 0.5330597 0.3529126 0.5020297 0.3749744 0.5164473 0.3834794 0.543777 0.3807038 0.543777 0.3807038 0.5202816 0.3624619 0.5020297 0.3749744 0.4294141 0.4096763 0.4259199 0.4356749 0.455619 0.4334403 0.455619 0.4334403 0.4556578 0.4130815 0.4294141 0.4096763 0.3913652 0.4056723 0.3867552 0.4420583 0.4259199 0.4356749 0.4259199 0.4356749 0.4294141 0.4096763 0.3913652 0.4056723 0.4888303 0.3857439 0.5164473 0.3834794 0.5020297 0.3749744 0.4395121 0.550279 0.4742392 0.5060826 0.448074 0.5082769 0.448074 0.5082769 0.4241012 0.5395952 0.4395121 0.550279 0.4799417 0.4852659 0.448074 0.5082769 0.4742392 0.5060826 0.5045517 0.4626604 0.4972338 0.458885 0.4774085 0.47804 0.4774085 0.47804 0.4799417 0.4852659 0.5045517 0.4626604 0.4395121 0.550279 0.4060959 0.5750988 0.4102877 0.5909566 0.5671744 0.367621 0.5584614 0.3739466 0.5640906 0.3785746 0.5640906 0.3785746 0.5776817 0.3759651 0.5671744 0.367621 0.5584614 0.3739466 0.543777 0.3807038 0.5640906 0.3785746 0.5271482 0.4373501 0.5158476 0.428555 0.5067178 0.4445909 0.5207793 0.4159379 0.5460994 0.4023312 0.5304437 0.4013001 0.5304437 0.4013001 0.5220307 0.4026749 0.5207793 0.4159379 0.5105552 0.7843172 0.5292388 0.815881 0.5427973 0.7748352 0.5678918 0.615605 0.526037 0.7060886 0.6119267 0.6562941 0.4737679 0.648962 0.526037 0.7060886 0.5132096 0.6441327 0.7767888 0.3769671 0.7685454 0.3831443 0.7970991 0.4081691 0.7003225 0.2387284 0.6905282 0.2153624 0.6513823 0.2167804 0.6513823 0.2167804 0.6610105 0.2539593 0.7003225 0.2387284 0.683404 0.1958794 0.6752491 0.1747592 0.6513918 0.2167296 0.7530669 0.3374311 0.7306996 0.2976793 0.7031869 0.3177731 0.7031869 0.3177731 0.7349097 0.3515308 0.7530669 0.3374311 0.6513823 0.2167804 0.6905282 0.2153624 0.683404 0.1958794 0.683404 0.1958794 0.6513918 0.2167296 0.6513823 0.2167804 0.7530669 0.3374311 0.7349097 0.3515308 0.7685454 0.3831443 0.7685454 0.3831443 0.7767888 0.3769671 0.7530669 0.3374311 0.7144587 0.2676301 0.6786186 0.2867327 0.7031869 0.3177731 0.7031869 0.3177731 0.7306996 0.2976793 0.7144587 0.2676301 0.7144587 0.2676301 0.7003225 0.2387284 0.6610105 0.2539593 0.6610105 0.2539593 0.6786186 0.2867327 0.7144587 0.2676301 0.6905282 0.2153624 0.7003225 0.2387284 0.7357471 0.2192207 0.7357471 0.2192207 0.717221 0.1886956 0.6905282 0.2153624 0.3539639 0.4009116 0.3589623 0.3891302 0.317419 0.3877165 0.317419 0.3877165 0.3171922 0.3984362 0.3539639 0.4009116 0.3511633 0.41738 0.3539639 0.4009116 0.3171922 0.3984362 0.3171922 0.3984362 0.3191617 0.4114851 0.3511633 0.41738 0.3729391 0.4190396 0.3805523 0.4004771 0.3539639 0.4009116 0.3539639 0.4009116 0.3511633 0.41738 0.3729391 0.4190396 0.3509467 0.4405544 0.3725115 0.4508724 0.3729391 0.4190396 0.3729391 0.4190396 0.3511633 0.41738 0.3509467 0.4405544 0.3509467 0.4405544 0.3511633 0.41738 0.3191617 0.4114851 0.3191617 0.4114851 0.32311 0.4293232 0.3509467 0.4405544 0.325376 0.4432265 0.3542571 0.4661981 0.3509467 0.4405544 0.3509467 0.4405544 0.32311 0.4293232 0.325376 0.4432265 0.3807651 0.484551 0.3725115 0.4508724 0.3509467 0.4405544 0.3509467 0.4405544 0.3542571 0.4661981 0.3807651 0.484551 0.3480304 0.4930848 0.3738087 0.5141269 0.3807651 0.484551 0.3807651 0.484551 0.3542571 0.4661981 0.3480304 0.4930848 0.325376 0.4432265 0.3294607 0.4791346 0.3480304 0.4930848 0.3480304 0.4930848 0.3542571 0.4661981 0.325376 0.4432265 0.3171922 0.3984362 0.317419 0.3877165 0.2878061 0.3853923 0.2878061 0.3853923 0.2891037 0.3946563 0.3171922 0.3984362 0.3171922 0.3984362 0.2891037 0.3946563 0.2937163 0.4076247 0.2937163 0.4076247 0.3191617 0.4114851 0.3171922 0.3984362 0.32311 0.4293232 0.3191617 0.4114851 0.2937163 0.4076247 0.2937163 0.4076247 0.3088093 0.4259447 0.32311 0.4293232 0.3480304 0.4930848 0.3294607 0.4791346 0.3176213 0.491223 0.3480304 0.4930848 0.3176213 0.491223 0.3190435 0.4929045 0.3480304 0.4930848 0.3190435 0.4929045 0.3344072 0.5107814 0.3344072 0.5107814 0.3542453 0.5388296 0.3738087 0.5141269 0.3738087 0.5141269 0.3480304 0.4930848 0.3344072 0.5107814 0.325376 0.4432265 0.32311 0.4293232 0.3088093 0.4259447 0.3589623 0.3891302 0.3539639 0.4009116 0.3805523 0.4004771 0.3805523 0.4004771 0.3901834 0.3784007 0.3589623 0.3891302 0.4778956 0.3048734 0.5003144 0.3256953 0.5053007 0.3116037 0.5053007 0.3116037 0.486468 0.277946 0.4778956 0.3048734 0.1206242 0.9976432 0.1536452 0.9944874 0.137714 0.9811698 0.03119814 0.3628976 0.05191808 0.3634889 0.05217313 0.346356 0.05217313 0.346356 0.02279227 0.3505397 0.03119814 0.3628976 0.08141613 0.3514181 0.07264566 0.3635204 0.08114016 0.3754286 0.08114016 0.3754286 0.09633362 0.3630955 0.08141613 0.3514181 0.05191808 0.3634889 0.03119814 0.3628976 0.02235192 0.3745475 0.02235192 0.3745475 0.05166977 0.3800383 0.05191808 0.3634889 0.08114016 0.3754286 0.07264566 0.3635204 0.05191808 0.3634889 0.05191808 0.3634889 0.05166977 0.3800383 0.08114016 0.3754286 0.2727584 0.8295448 0.2727598 0.8144147 0.2967947 0.8144147 0.2967947 0.8144147 0.2986046 0.8295448 0.2727584 0.8295448 0.7171839 0.1886647 0.6752491 0.1747592 0.683404 0.1958794 0.7530669 0.3374311 0.7739266 0.3313536 0.7614275 0.2877801 0.7614275 0.2877801 0.7306996 0.2976793 0.7530669 0.3374311 0.7767888 0.3769671 0.7850151 0.3699573 0.7739266 0.3313536 0.7739266 0.3313536 0.7530669 0.3374311 0.7767888 0.3769671 0.7306996 0.2976793 0.7614275 0.2877801 0.7497915 0.2535198 0.7497915 0.2535198 0.7144587 0.2676301 0.7306996 0.2976793 0.7144587 0.2676301 0.7497915 0.2535198 0.7357471 0.2192207 0.7357471 0.2192207 0.7003225 0.2387284 0.7144587 0.2676301 0.683404 0.1958794 0.6905282 0.2153624 0.717221 0.1886956 0.717221 0.1886956 0.7171839 0.1886647 0.683404 0.1958794 0.07264566 0.3635204 0.08141613 0.3514181 0.05217313 0.346356 0.05217313 0.346356 0.05191808 0.3634889 0.07264566 0.3635204 0.02279227 0.3505397 0.007533848 0.3617664 0.02235192 0.3745475 0.02235192 0.3745475 0.03119814 0.3628976 0.02279227 0.3505397 0.47314 0.05435001 0.54482 0.07436001 0.46977 0.06866997 0.60054 0.1143199 0.62686 0.1201 0.59982 0.1348099 0.58881 0.15969 0.59982 0.1348099 0.60859 0.1639499 0.60837 0.07254999 0.60237 0.09649002 0.59377 0.0715 0.59888 0.19097 0.6126 0.2199699 0.58858 0.2026299 0.62458 0.01567 0.59571 0.02491998 0.61614 0.003120005 0.59571 0.02491998 0.62458 0.01567 0.60988 0.04233998 0.6126 0.2199699 0.59888 0.19097 0.62169 0.2069299 0.59982 0.1348099 0.6292 0.1474999 0.60859 0.1639499 0.6292 0.1474999 0.59982 0.1348099 0.62686 0.1201 0.65703 0.1198899 0.6292 0.1474999 0.62686 0.1201 0.65901 0.1435499 0.6292 0.1474999 0.65703 0.1198899 0.60988 0.04233998 0.62458 0.01567 0.63497 0.03777998 0.60837 0.07254999 0.64139 0.05485999 0.63057 0.08959996 0.60837 0.07254999 0.63057 0.08959996 0.60237 0.09649002 0.62962 0.10355 0.60237 0.09649002 0.63057 0.08959996 0.66066 0.09407001 0.70107 0.09153997 0.66077 0.10706 0.65703 0.1198899 0.68569 0.13181 0.65901 0.1435499 0.69463 0.1440219 0.7079076 0.1287543 0.71352 0.13418 0.68569 0.13181 0.65703 0.1198899 0.69545 0.11285 0.7087398 0.1102571 0.69545 0.11285 0.70107 0.09153997 0.70107 0.09153997 0.7100736 0.09810703 0.7087398 0.1102571 0.66077 0.10706 0.69545 0.11285 0.65703 0.1198899 0.47602 0.03600001 0.53309 0.04548501 0.54482 0.07436001 0.54482 0.07436001 0.47314 0.05435001 0.47602 0.03600001 0.47602 0.03600001 0.48329 0.01130002 0.53393 0.02674001 0.53393 0.02674001 0.53309 0.04548501 0.47602 0.03600001 0.46977 0.06866997 0.54482 0.07436001 0.5393 0.09082001 0.5393 0.09082001 0.47623 0.08515 0.46977 0.06866997 0.47959 0.1016399 0.47623 0.08515 0.5393 0.09082001 0.5393 0.09082001 0.540065 0.10798 0.47959 0.1016399 0.47692 0.1161299 0.47959 0.1016399 0.540065 0.10798 0.540065 0.10798 0.53837 0.1254699 0.47692 0.1161299 0.46811 0.13849 0.47692 0.1161299 0.53837 0.1254699 0.53837 0.1254699 0.52846 0.1490899 0.46811 0.13849 0.46493 0.15986 0.46811 0.13849 0.52846 0.1490899 0.52846 0.1490899 0.5296774 0.1672927 0.46493 0.15986 0.46612 0.1862599 0.46493 0.15986 0.5296774 0.1672927 0.5296774 0.1672927 0.52162 0.185585 0.46612 0.1862599 0.62962 0.10355 0.62686 0.1201 0.60054 0.1143199 0.60054 0.1143199 0.60237 0.09649002 0.62962 0.10355 0.58314 0.1734299 0.58881 0.15969 0.60859 0.1639499 0.60859 0.1639499 0.59888 0.19097 0.58314 0.1734299 0.60837 0.07254999 0.59377 0.0715 0.59016 0.05497002 0.59016 0.05497002 0.60988 0.04233998 0.60837 0.07254999 0.59016 0.05497002 0.58457 0.04218 0.59571 0.02491998 0.59571 0.02491998 0.60988 0.04233998 0.59016 0.05497002 0.63263 0.1865 0.62169 0.2069299 0.59888 0.19097 0.59888 0.19097 0.60859 0.1639499 0.63263 0.1865 0.6292 0.1474999 0.64438 0.1704499 0.63263 0.1865 0.63263 0.1865 0.60859 0.1639499 0.6292 0.1474999 0.65901 0.1435499 0.66289 0.16121 0.64438 0.1704499 0.64438 0.1704499 0.6292 0.1474999 0.65901 0.1435499 0.60837 0.07254999 0.60988 0.04233998 0.63497 0.03777998 0.63497 0.03777998 0.64139 0.05485999 0.60837 0.07254999 0.66744 0.07210999 0.66066 0.09407001 0.63057 0.08959996 0.63057 0.08959996 0.64139 0.05485999 0.66744 0.07210999 0.66066 0.09407001 0.66077 0.10706 0.62962 0.10355 0.62962 0.10355 0.63057 0.08959996 0.66066 0.09407001 0.66066 0.09407001 0.66744 0.07210999 0.70097 0.07788002 0.70097 0.07788002 0.70107 0.09153997 0.66066 0.09407001 0.66289 0.16121 0.65901 0.1435499 0.69463 0.1440219 0.69463 0.1440219 0.69805 0.1517199 0.66289 0.16121 0.69545 0.11285 0.66077 0.10706 0.70107 0.09153997 0.59888 0.19097 0.58858 0.2026299 0.57712 0.1849099 0.57712 0.1849099 0.58314 0.1734299 0.59888 0.19097 0.65703 0.1198899 0.62686 0.1201 0.62962 0.10355 0.62962 0.10355 0.66077 0.10706 0.65703 0.1198899 0.71352 0.13418 0.71874 0.1381099 0.69805 0.1517199 0.69805 0.1517199 0.69463 0.1440219 0.71352 0.13418 0.73656 0.10975 0.7247442 0.1063357 0.72766 0.09049999 0.7144643 0.5021391 0.7259857 0.4960699 0.7137829 0.5143 0.80388 0.5683175 0.8303205 0.5381338 0.8365126 0.5632826 0.8365126 0.5632826 0.8274617 0.5778604 0.80388 0.5683175 0.8169203 0.5236242 0.8303205 0.5381338 0.80388 0.5683175 0.776812 0.5538588 0.7879946 0.5125476 0.8169203 0.5236242 0.8169203 0.5236242 0.80388 0.5683175 0.776812 0.5538588 0.748414 0.5349543 0.7669532 0.5064764 0.7879946 0.5125476 0.7879946 0.5125476 0.776812 0.5538588 0.748414 0.5349543 0.7463343 0.500307 0.7669532 0.5064764 0.748414 0.5349543 0.7463343 0.500307 0.748414 0.5349543 0.7298889 0.5274161 0.7298889 0.5274161 0.7137829 0.5143 0.7259857 0.4960699 0.7259857 0.4960699 0.7463343 0.500307 0.7298889 0.5274161 0.7247442 0.1063357 0.7247442 0.1063357 0.7175714 0.09876233 0.7247442 0.1063357 0.7198291 0.1204479 0.7154015 0.1224493 0.73656 0.10975 0.7198291 0.1204479 0.7247442 0.1063357 0.7175714 0.09876233 0.7247442 0.1063357 0.7247442 0.1063357 0.714411 0.1100868 0.7175714 0.09876233 0.7247442 0.1063357 0.7154015 0.1224493 0.714411 0.1100868 0.7247442 0.1063357 0.7247442 0.1063357 0.7154015 0.1224493 0.7247442 0.1063357 0.71352 0.13418 0.7079076 0.1287543 0.7154015 0.1224493 0.7154015 0.1224493 0.7079076 0.1287543 0.7087398 0.1102571 0.7079076 0.1287543 0.69545 0.11285 0.7087398 0.1102571 0.7079076 0.1287543 0.68569 0.13181 0.69545 0.11285 0.7079076 0.1287543 0.69463 0.1440219 0.68569 0.13181 0.69463 0.1440219 0.65901 0.1435499 0.68569 0.13181 0.71874 0.1381099 0.7198291 0.1204479 0.73656 0.10975 0.71352 0.13418 0.7154015 0.1224493 0.7198291 0.1204479 0.7198291 0.1204479 0.71874 0.1381099 0.71352 0.13418 0.73656 0.10975 0.72766 0.09049999 0.73194 0.08704 0.7100736 0.09810703 0.70107 0.09153997 0.72766 0.09049999 0.7247442 0.1063357 0.7154015 0.1224493 0.7247442 0.1063357 0.7247442 0.1063357 0.7175714 0.09876233 0.72766 0.09049999 0.7087398 0.1102571 0.7175714 0.09876233 0.714411 0.1100868 0.7154015 0.1224493 0.7087398 0.1102571 0.714411 0.1100868 0.53309 0.04548501 0.53393 0.02674001 0.58457 0.04218 0.58457 0.04218 0.59016 0.05497002 0.53309 0.04548501 0.60054 0.1143199 0.540065 0.10798 0.5393 0.09082001 0.5393 0.09082001 0.60237 0.09649002 0.60054 0.1143199 0.53837 0.1254699 0.540065 0.10798 0.60054 0.1143199 0.60054 0.1143199 0.59982 0.1348099 0.53837 0.1254699 0.52846 0.1490899 0.53837 0.1254699 0.59982 0.1348099 0.59982 0.1348099 0.58881 0.15969 0.52846 0.1490899 0.60237 0.09649002 0.5393 0.09082001 0.54482 0.07436001 0.54482 0.07436001 0.59377 0.0715 0.60237 0.09649002 0.54482 0.07436001 0.53309 0.04548501 0.59016 0.05497002 0.59016 0.05497002 0.59377 0.0715 0.54482 0.07436001 0.52162 0.185585 0.5296774 0.1672927 0.58314 0.1734299 0.58314 0.1734299 0.57712 0.1849099 0.52162 0.185585 0.5296774 0.1672927 0.52846 0.1490899 0.58881 0.15969 0.58881 0.15969 0.58314 0.1734299 0.5296774 0.1672927 0.72766 0.09049999 0.7175714 0.09876233 0.7100736 0.09810703 0.7100736 0.09810703 0.7175714 0.09876233 0.7087398 0.1102571 0.70097 0.07788002 0.73194 0.08704 0.72766 0.09049999 0.72766 0.09049999 0.70107 0.09153997 0.70097 0.07788002</float_array>
          <technique_common>
            <accessor source="#aladdin_prince_lod0_mesh0000-mesh-map-0-array" count="9276" stride="2">
              <param name="S" type="float"/>
              <param name="T" type="float"/>
            </accessor>
          </technique_common>
        </source>
        <vertices id="aladdin_prince_lod0_mesh0000-mesh-vertices">
          <input semantic="POSITION" source="#aladdin_prince_lod0_mesh0000-mesh-positions"/>
        </vertices>
        <triangles material="aladdin_prince_mat-material" count="3092">
          <input semantic="VERTEX" source="#aladdin_prince_lod0_mesh0000-mesh-vertices" offset="0"/>
          <input semantic="NORMAL" source="#aladdin_prince_lod0_mesh0000-mesh-normals" offset="1"/>
          <input semantic="TEXCOORD" source="#aladdin_prince_lod0_mesh0000-mesh-map-0" offset="2" set="0"/>
          <p>0 0 0 1 1 1 2 2 2 2 2 3 3 3 4 0 0 5 1 1 6 4 4 7 5 5 8 5 5 9 2 2 10 1 1 11 6 6 12 4 4 13 7 7 14 7 7 15 8 8 16 6 6 17 9 9 18 10 10 19 11 11 20 12 12 21 11 11 22 10 10 23 13 13 24 14 14 25 15 15 26 16 16 27 13 13 28 17 17 29 17 17 30 13 13 31 15 15 32 18 18 33 19 19 34 20 20 35 21 21 36 20 20 37 19 19 38 22 22 39 23 23 40 24 24 41 25 25 42 24 24 43 23 23 44 26 26 45 27 27 46 28 28 47 20 20 48 29 29 49 18 18 50 30 30 51 26 26 52 31 31 53 31 31 54 26 26 55 28 28 56 32 32 57 33 33 58 34 34 59 33 33 60 31 31 61 35 35 62 33 33 63 35 35 64 34 34 65 36 36 66 37 37 67 25 25 68 24 24 69 38 38 70 39 39 71 38 38 72 40 40 73 39 39 74 20 20 75 21 21 76 41 41 77 41 41 78 42 42 79 20 20 80 28 28 81 43 43 82 31 31 83 43 43 84 28 28 85 44 44 86 43 43 87 45 45 88 31 31 89 45 45 90 35 35 91 31 31 92 46 46 93 42 42 94 41 41 95 47 47 96 46 46 97 41 41 98 44 44 99 48 48 100 43 43 101 49 49 102 50 50 103 51 51 104 52 52 105 49 49 106 53 53 107 51 51 108 53 53 109 49 49 110 54 54 111 55 55 112 56 56 113 55 55 114 57 57 115 58 58 116 55 55 117 58 58 118 56 56 119 42 42 120 46 46 121 59 59 122 59 59 123 46 46 124 60 60 125 61 61 126 62 62 127 63 63 128 62 62 129 61 61 130 64 64 131 65 65 132 66 66 133 67 67 134 68 68 135 69 69 136 70 70 137 63 63 138 70 70 139 71 71 140 69 69 141 71 71 142 70 70 143 62 62 144 70 70 145 63 63 146 72 72 147 60 60 148 46 46 149 46 46 150 47 47 151 72 72 152 73 73 153 72 72 154 47 47 155 74 74 156 75 75 157 58 58 158 76 76 159 75 75 160 74 74 161 77 77 162 56 56 163 58 58 164 73 73 165 78 78 166 79 79 167 79 79 168 78 78 169 80 80 170 81 81 171 40 40 172 82 82 173 78 78 174 73 73 175 47 47 176 83 83 177 84 84 178 85 85 179 86 86 180 87 87 181 85 85 182 88 88 183 86 86 184 85 85 185 89 89 186 90 90 187 83 83 188 91 91 189 80 80 190 78 78 191 92 92 192 93 93 193 94 94 194 93 93 195 95 95 196 94 94 197 96 96 198 97 97 199 98 98 200 38 38 201 82 82 202 40 40 203 45 45 204 56 56 205 35 35 206 35 35 207 56 56 208 77 77 209 99 99 210 100 100 211 101 101 212 101 101 213 102 102 214 99 99 215 103 103 216 104 104 217 105 105 218 105 105 219 106 106 220 103 103 221 100 100 222 99 99 223 107 107 224 107 107 225 108 108 226 100 100 227 99 99 228 105 105 229 109 109 230 109 109 231 107 107 232 99 99 233 110 110 234 108 108 235 107 107 236 107 107 237 111 111 238 110 110 239 112 112 240 110 110 241 111 111 242 111 111 243 113 113 244 112 112 245 114 114 246 112 112 247 113 113 248 113 113 249 115 115 250 114 114 251 116 116 252 117 117 253 118 118 254 118 118 255 119 119 256 116 116 257 120 120 258 3 3 259 2 2 260 2 2 261 121 121 262 120 120 263 120 120 264 122 122 265 123 123 266 123 123 267 3 3 268 120 120 269 124 124 270 125 125 271 126 126 272 126 126 273 127 127 274 124 124 275 123 123 276 122 122 277 128 128 278 128 128 279 129 129 280 123 123 281 129 129 282 128 128 283 130 130 284 131 131 285 132 132 286 133 133 287 133 133 288 134 134 289 131 131 290 135 135 291 136 136 292 137 137 293 137 137 294 138 138 295 135 135 296 139 139 297 140 140 298 141 141 299 141 141 300 142 142 301 139 139 302 138 138 303 125 125 304 124 124 305 124 124 306 135 135 307 138 138 308 143 143 309 144 144 310 145 145 311 145 145 312 146 146 313 143 143 314 147 147 315 145 145 316 144 144 317 144 144 318 148 148 319 147 147 320 116 116 321 147 147 322 148 148 323 148 148 324 117 117 325 116 116 326 149 149 327 114 114 328 115 115 329 115 115 330 150 150 331 149 149 332 151 151 333 152 152 334 153 153 335 153 153 336 154 154 337 151 151 338 151 151 339 154 154 340 155 155 341 155 155 342 156 156 343 151 151 344 157 157 345 158 158 346 156 156 347 156 156 348 159 159 349 157 157 350 160 160 351 129 129 352 130 130 353 130 130 354 161 161 355 160 160 356 132 132 357 162 162 358 133 133 359 123 123 360 129 129 361 160 160 362 160 160 363 163 163 364 123 123 365 3 3 366 123 123 367 163 163 368 163 163 369 0 0 370 3 3 371 164 164 372 165 165 373 166 166 374 166 166 375 167 167 376 164 164 377 162 162 378 132 132 379 168 168 380 168 168 381 169 169 382 162 162 383 163 163 384 160 160 385 170 170 386 170 170 387 160 160 388 161 161 389 161 161 390 171 171 391 170 170 392 0 0 393 163 163 394 172 172 395 1 1 396 0 0 397 172 172 398 172 172 399 173 173 400 1 1 401 4 4 402 1 1 403 173 173 404 173 173 405 7 7 406 4 4 407 174 174 408 175 175 409 6 6 410 6 6 411 8 8 412 174 174 413 176 176 414 177 177 415 178 178 416 178 178 417 179 179 418 176 176 419 171 171 420 161 161 421 180 180 422 171 171 423 180 180 424 181 181 425 181 181 426 182 182 427 179 179 428 179 179 429 178 178 430 181 181 431 183 183 432 184 184 433 173 173 434 173 173 435 172 172 436 183 183 437 172 172 438 170 170 439 16 16 440 16 16 441 183 183 442 172 172 443 184 184 444 185 185 445 7 7 446 7 7 447 173 173 448 184 184 449 183 183 450 186 186 451 187 187 452 187 187 453 184 184 454 183 183 455 184 184 456 187 187 457 188 188 458 188 188 459 185 185 460 184 184 461 16 16 462 17 17 463 186 186 464 186 186 465 183 183 466 16 16 467 7 7 468 185 185 469 10 10 470 10 10 471 8 8 472 7 7 473 188 188 474 12 12 475 10 10 476 10 10 477 185 185 478 188 188 479 189 189 480 178 178 481 177 177 482 177 177 483 190 190 484 189 189 485 14 14 486 181 181 487 178 178 488 178 178 489 189 189 490 14 14 491 189 189 492 190 190 493 191 191 494 191 191 495 192 192 496 189 189 497 15 15 498 14 14 499 189 189 500 189 189 501 192 192 502 15 15 503 181 181 504 14 14 505 13 13 506 13 13 507 171 171 508 181 181 509 17 17 510 15 15 511 193 193 512 193 193 513 194 194 514 17 17 515 192 192 516 195 195 517 193 193 518 193 193 519 15 15 520 192 192 521 195 195 522 196 196 523 197 197 524 197 197 525 193 193 526 195 195 527 194 194 528 193 193 529 197 197 530 197 197 531 198 198 532 194 194 533 195 195 534 192 192 535 191 191 536 191 191 537 199 199 538 195 195 539 199 199 540 200 200 541 196 196 542 196 196 543 195 195 544 199 199 545 201 201 546 11 11 547 12 12 548 12 12 549 202 202 550 201 201 551 201 201 552 202 202 553 203 203 554 203 203 555 204 204 556 201 201 557 186 186 558 17 17 559 194 194 560 194 194 561 205 205 562 186 186 563 205 205 564 206 206 565 187 187 566 187 187 567 186 186 568 205 205 569 207 207 570 188 188 571 187 187 572 187 187 573 206 206 574 207 207 575 202 202 576 12 12 577 188 188 578 188 188 579 207 207 580 202 202 581 202 202 582 207 207 583 208 208 584 208 208 585 203 203 586 202 202 587 209 209 588 210 210 589 211 211 590 211 211 591 212 212 592 209 209 593 205 205 594 213 213 595 214 214 596 214 214 597 206 206 598 205 205 599 215 215 600 216 216 601 217 217 602 217 217 603 218 218 604 215 215 605 39 39 606 21 21 607 19 19 608 19 19 609 219 219 610 39 39 611 33 33 612 32 32 613 220 220 614 220 220 615 221 221 616 33 33 617 24 24 618 25 25 619 37 37 620 37 37 621 38 38 622 24 24 623 40 40 624 41 41 625 21 21 626 21 21 627 39 39 628 40 40 629 222 222 630 29 29 631 20 20 632 20 20 633 223 223 634 222 222 635 223 223 636 20 20 637 42 42 638 42 42 639 224 224 640 223 223 641 47 47 642 41 41 643 40 40 644 40 40 645 81 81 646 47 47 647 225 225 648 226 226 649 227 227 650 227 227 651 228 228 652 225 225 653 50 50 654 226 226 655 225 225 656 225 225 657 51 51 658 50 50 659 54 54 660 43 43 661 48 48 662 48 48 663 229 229 664 54 54 665 55 55 666 54 54 667 229 229 668 229 229 669 230 230 670 55 55 671 231 231 672 52 52 673 53 53 674 53 53 675 232 232 676 231 231 677 57 57 678 55 55 679 230 230 680 230 230 681 233 233 682 57 57 683 234 234 684 235 235 685 67 67 686 67 67 687 66 66 688 234 234 689 224 224 690 42 42 691 59 59 692 59 59 693 236 236 694 224 224 695 228 228 696 227 227 697 65 65 698 65 65 699 67 67 700 228 228 701 236 236 702 59 59 703 237 237 704 237 237 705 238 238 706 236 236 707 237 237 708 59 59 709 60 60 710 60 60 711 239 239 712 237 237 713 58 58 714 57 57 715 240 240 716 240 240 717 74 74 718 58 58 719 228 228 720 61 61 721 63 63 722 63 63 723 225 225 724 228 228 725 61 61 726 228 228 727 67 67 728 67 67 729 64 64 730 61 61 731 71 71 732 51 51 733 225 225 734 225 225 735 63 63 736 71 71 737 64 64 738 67 67 739 235 235 740 235 235 741 241 241 742 64 64 743 232 232 744 53 53 745 69 69 746 69 69 747 68 68 748 232 232 749 242 242 750 243 243 751 244 244 752 244 244 753 245 245 754 242 242 755 245 245 756 244 244 757 246 246 758 246 246 759 247 247 760 245 245 761 248 248 762 243 243 763 242 242 764 242 242 765 249 249 766 248 248 767 250 250 768 248 248 769 249 249 770 249 249 771 251 251 772 250 250 773 252 252 774 253 253 775 254 254 776 254 254 777 255 255 778 252 252 779 256 256 780 77 77 781 58 58 782 58 58 783 75 75 784 256 256 785 257 257 786 75 75 787 76 76 788 76 76 789 258 258 790 257 257 791 75 75 792 257 257 793 259 259 794 259 259 795 256 256 796 75 75 797 247 247 798 246 246 799 252 252 800 252 252 801 255 255 802 247 247 803 247 247 804 89 89 805 260 260 806 260 260 807 245 245 808 247 247 809 245 245 810 260 260 811 261 261 812 261 261 813 242 242 814 245 245 815 83 83 816 85 85 817 260 260 818 260 260 819 89 89 820 83 83 821 87 87 822 261 261 823 260 260 824 260 260 825 85 85 826 87 87 827 84 84 828 83 83 829 90 90 830 90 90 831 262 262 832 84 84 833 90 90 834 89 89 835 247 247 836 247 247 837 255 255 838 90 90 839 262 262 840 90 90 841 255 255 842 255 255 843 254 254 844 262 262 845 263 263 846 264 264 847 251 251 848 251 251 849 249 249 850 263 263 851 249 249 852 242 242 853 261 261 854 261 261 855 263 263 856 249 249 857 87 87 858 86 86 859 263 263 860 263 263 861 261 261 862 87 87 863 256 256 864 259 259 865 265 265 866 265 265 867 266 266 868 256 256 869 77 77 870 256 256 871 266 266 872 266 266 873 267 267 874 77 77 875 268 268 876 269 269 877 270 270 878 270 270 879 271 271 880 268 268 881 272 272 882 273 273 883 270 270 884 270 270 885 269 269 886 272 272 887 271 271 888 98 98 889 268 268 890 274 274 891 259 259 892 257 257 893 257 257 894 275 275 895 274 274 896 257 257 897 258 258 898 276 276 899 276 276 900 275 275 901 257 257 902 259 259 903 274 274 904 277 277 905 277 277 906 265 265 907 259 259 908 278 278 909 98 98 910 271 271 911 96 96 912 278 278 913 279 279 914 279 279 915 280 280 916 96 96 917 92 92 918 94 94 919 280 280 920 280 280 921 279 279 922 92 92 923 91 91 924 95 95 925 93 93 926 93 93 927 80 80 928 91 91 929 281 281 930 95 95 931 91 91 932 91 91 933 282 282 934 281 281 935 95 95 936 281 281 937 280 280 938 280 280 939 94 94 940 95 95 941 96 96 942 280 280 943 281 281 944 281 281 945 97 97 946 96 96 947 98 98 948 97 97 949 283 283 950 283 283 951 268 268 952 98 98 953 268 268 954 283 283 955 284 284 956 284 284 957 269 269 958 268 268 959 284 284 960 82 82 961 272 272 962 272 272 963 269 269 964 284 284 965 82 82 966 38 38 967 37 37 968 37 37 969 272 272 970 82 82 971 37 37 972 36 36 973 273 273 974 273 273 975 272 272 976 37 37 977 285 285 978 286 286 979 287 287 980 287 287 981 288 288 982 285 285 983 285 285 984 289 289 985 290 290 986 290 290 987 286 286 988 285 285 989 291 291 990 292 292 991 156 156 992 156 156 993 158 158 994 291 291 995 293 293 996 294 294 997 295 295 998 295 295 999 296 296 1000 293 293 1001 296 296 1002 295 295 1003 297 297 1004 297 297 1005 298 298 1006 296 296 1007 299 299 1008 300 300 1009 287 287 1010 287 287 1011 286 286 1012 299 299 1013 301 301 1014 299 299 1015 286 286 1016 286 286 1017 290 290 1018 301 301 1019 302 302 1020 303 303 1021 300 300 1022 300 300 1023 299 299 1024 302 302 1025 299 299 1026 301 301 1027 304 304 1028 304 304 1029 302 302 1030 299 299 1031 305 305 1032 306 306 1033 292 292 1034 292 292 1035 291 291 1036 305 305 1037 307 307 1038 308 308 1039 305 305 1040 305 305 1041 291 291 1042 307 307 1043 309 309 1044 310 310 1045 305 305 1046 305 305 1047 308 308 1048 309 309 1049 306 306 1050 305 305 1051 310 310 1052 310 310 1053 311 311 1054 306 306 1055 297 297 1056 295 295 1057 312 312 1058 312 312 1059 313 313 1060 297 297 1061 314 314 1062 312 312 1063 295 295 1064 295 295 1065 294 294 1066 314 314 1067 5 5 1068 315 315 1069 316 316 1070 316 316 1071 317 317 1072 5 5 1073 315 315 1074 318 318 1075 319 319 1076 319 319 1077 316 316 1078 315 315 1079 158 158 1080 157 157 1081 320 320 1082 320 320 1083 321 321 1084 158 158 1085 322 322 1086 323 323 1087 324 324 1088 324 324 1089 325 325 1090 322 322 1091 326 326 1092 327 327 1093 323 323 1094 323 323 1095 322 322 1096 326 326 1097 97 97 1098 281 281 1099 282 282 1100 282 282 1101 283 283 1102 97 97 1103 9 9 1104 174 174 1105 8 8 1106 8 8 1107 10 10 1108 9 9 1109 170 170 1110 171 171 1111 13 13 1112 13 13 1113 16 16 1114 170 170 1115 22 22 1116 24 24 1117 39 39 1118 39 39 1119 219 219 1120 22 22 1121 33 33 1122 221 221 1123 30 30 1124 30 30 1125 31 31 1126 33 33 1127 43 43 1128 54 54 1129 56 56 1130 56 56 1131 45 45 1132 43 43 1133 62 62 1134 64 64 1135 241 241 1136 241 241 1137 70 70 1138 62 62 1139 69 69 1140 53 53 1141 51 51 1142 51 51 1143 71 71 1144 69 69 1145 264 264 1146 263 263 1147 86 86 1148 86 86 1149 88 88 1150 264 264 1151 34 34 1152 35 35 1153 77 77 1154 77 77 1155 267 267 1156 34 34 1157 6 6 1158 175 175 1159 318 318 1160 318 318 1161 315 315 1162 6 6 1163 4 4 1164 6 6 1165 315 315 1166 315 315 1167 5 5 1168 4 4 1169 321 321 1170 307 307 1171 291 291 1172 291 291 1173 158 158 1174 321 321 1175 298 298 1176 324 324 1177 323 323 1178 323 323 1179 296 296 1180 298 298 1181 327 327 1182 293 293 1183 296 296 1184 296 296 1185 323 323 1186 327 327 1187 81 81 1188 82 82 1189 284 284 1190 284 284 1191 328 328 1192 81 81 1193 47 47 1194 81 81 1195 328 328 1196 328 328 1197 78 78 1198 47 47 1199 328 328 1200 284 284 1201 283 283 1202 283 283 1203 282 282 1204 328 328 1205 78 78 1206 328 328 1207 282 282 1208 282 282 1209 91 91 1210 78 78 1211 104 104 1212 103 103 1213 329 329 1214 330 330 1215 331 331 1216 332 332 1217 332 332 1218 333 333 1219 330 330 1220 334 334 1221 335 335 1222 336 336 1223 336 336 1224 337 337 1225 334 334 1226 137 137 1227 338 338 1228 138 138 1229 339 339 1230 340 340 1231 341 341 1232 138 138 1233 338 338 1234 342 342 1235 342 342 1236 125 125 1237 138 138 1238 333 333 1239 343 343 1240 344 344 1241 344 344 1242 330 330 1243 333 333 1244 332 332 1245 331 331 1246 345 345 1247 345 345 1248 346 346 1249 332 332 1250 331 331 1251 347 347 1252 348 348 1253 348 348 1254 345 345 1255 331 331 1256 348 348 1257 349 349 1258 104 104 1259 104 104 1260 345 345 1261 348 348 1262 126 126 1263 125 125 1264 342 342 1265 342 342 1266 350 350 1267 126 126 1268 341 341 1269 351 351 1270 352 352 1271 352 352 1272 339 339 1273 341 341 1274 145 145 1275 339 339 1276 352 352 1277 352 352 1278 146 146 1279 145 145 1280 172 172 1281 163 163 1282 170 170 1283 181 181 1284 180 180 1285 182 182 1286 278 278 1287 96 96 1288 98 98 1289 353 353 1290 354 354 1291 355 355 1292 356 356 1293 357 357 1294 358 358 1295 359 359 1296 360 360 1297 357 357 1298 361 361 1299 362 362 1300 363 363 1301 364 364 1302 365 365 1303 366 366 1304 367 367 1305 368 368 1306 369 369 1307 369 369 1308 370 370 1309 367 367 1310 366 366 1311 371 371 1312 364 364 1313 357 357 1314 360 360 1315 372 372 1316 372 372 1317 358 358 1318 357 357 1319 373 373 1320 358 358 1321 372 372 1322 374 374 1323 373 373 1324 372 372 1325 370 370 1326 375 375 1327 367 367 1328 361 361 1329 376 376 1330 377 377 1331 361 361 1332 363 363 1333 376 376 1334 378 378 1335 376 376 1336 363 363 1337 379 379 1338 380 380 1339 381 381 1340 373 373 1341 374 374 1342 382 382 1343 383 383 1344 384 384 1345 385 385 1346 382 382 1347 386 386 1348 373 373 1349 387 387 1350 388 388 1351 381 381 1352 381 381 1353 386 386 1354 387 387 1355 380 380 1356 373 373 1357 386 386 1358 389 389 1359 353 353 1360 355 355 1361 355 355 1362 390 390 1363 389 389 1364 389 389 1365 390 390 1366 391 391 1367 391 391 1368 392 392 1369 389 389 1370 354 354 1371 393 393 1372 394 394 1373 394 394 1374 355 355 1375 354 354 1376 395 395 1377 396 396 1378 394 394 1379 394 394 1380 393 393 1381 395 395 1382 397 397 1383 398 398 1384 396 396 1385 396 396 1386 395 395 1387 397 397 1388 399 399 1389 400 400 1390 398 398 1391 398 398 1392 397 397 1393 399 399 1394 401 401 1395 402 402 1396 400 400 1397 400 400 1398 399 399 1399 401 401 1400 403 403 1401 404 404 1402 402 402 1403 402 402 1404 401 401 1405 403 403 1406 378 378 1407 363 363 1408 356 356 1409 356 356 1410 358 358 1411 378 378 1412 405 405 1413 364 364 1414 360 360 1415 360 360 1416 359 359 1417 405 405 1418 361 361 1419 370 370 1420 406 406 1421 406 406 1422 362 362 1423 361 361 1424 406 406 1425 370 370 1426 369 369 1427 369 369 1428 407 407 1429 406 406 1430 408 408 1431 360 360 1432 364 364 1433 364 364 1434 371 371 1435 408 408 1436 372 372 1437 360 360 1438 408 408 1439 408 408 1440 409 409 1441 372 372 1442 374 374 1443 372 372 1444 409 409 1445 409 409 1446 410 410 1447 374 374 1448 361 361 1449 377 377 1450 375 375 1451 375 375 1452 370 370 1453 361 361 1454 411 411 1455 377 377 1456 376 376 1457 376 376 1458 379 379 1459 411 411 1460 379 379 1461 376 376 1462 378 378 1463 378 378 1464 380 380 1465 379 379 1466 379 379 1467 381 381 1468 412 412 1469 412 412 1470 411 411 1471 379 379 1472 410 410 1473 413 413 1474 383 383 1475 383 383 1476 374 374 1477 410 410 1478 386 386 1479 381 381 1480 380 380 1481 364 364 1482 405 405 1483 414 414 1484 414 414 1485 365 365 1486 364 364 1487 373 373 1488 380 380 1489 378 378 1490 378 378 1491 358 358 1492 373 373 1493 384 384 1494 383 383 1495 413 413 1496 413 413 1497 415 415 1498 384 384 1499 416 416 1500 417 417 1501 418 418 1502 419 419 1503 420 419 1504 421 419 1505 422 420 1506 423 421 1507 424 422 1508 424 422 1509 425 423 1510 422 420 1511 426 424 1512 422 420 1513 425 423 1514 427 425 1515 422 420 1516 426 424 1517 426 424 1518 428 426 1519 427 425 1520 429 427 1521 427 425 1522 428 426 1523 428 426 1524 430 428 1525 429 427 1526 431 429 1527 429 427 1528 430 428 1529 431 429 1530 432 430 1531 429 427 1532 432 430 1533 431 429 1534 421 419 1535 421 419 1536 420 419 1537 432 430 1538 433 431 1539 434 432 1540 435 433 1541 436 434 1542 437 435 1543 438 436 1544 438 436 1545 439 437 1546 436 434 1547 436 434 1548 439 437 1549 440 438 1550 440 438 1551 441 439 1552 436 434 1553 442 440 1554 443 441 1555 444 442 1556 444 442 1557 445 443 1558 442 440 1559 433 431 1560 446 444 1561 443 441 1562 443 441 1563 442 440 1564 433 431 1565 447 445 1566 448 446 1567 434 432 1568 434 432 1569 449 447 1570 447 445 1571 450 448 1572 442 440 1573 445 443 1574 445 443 1575 451 449 1576 450 448 1577 441 439 1578 450 448 1579 451 449 1580 451 449 1581 452 450 1582 441 439 1583 441 439 1584 452 450 1585 453 451 1586 453 451 1587 436 434 1588 441 439 1589 446 444 1590 433 431 1591 435 433 1592 435 433 1593 454 452 1594 446 444 1595 442 440 1596 450 448 1597 455 453 1598 455 453 1599 449 447 1600 442 440 1601 456 454 1602 457 455 1603 455 453 1604 455 453 1605 440 438 1606 456 454 1607 436 434 1608 453 451 1609 458 456 1610 458 456 1611 437 435 1612 436 434 1613 437 435 1614 458 456 1615 459 457 1616 459 457 1617 460 458 1618 437 435 1619 460 458 1620 461 459 1621 462 460 1622 435 433 1623 463 461 1624 464 462 1625 464 462 1626 454 452 1627 435 433 1628 465 463 1629 466 464 1630 467 465 1631 467 465 1632 468 466 1633 465 463 1634 448 446 1635 447 445 1636 469 467 1637 469 467 1638 467 465 1639 448 446 1640 447 445 1641 457 455 1642 470 468 1643 470 468 1644 469 467 1645 447 445 1646 456 454 1647 471 469 1648 470 468 1649 470 468 1650 457 455 1651 456 454 1652 472 470 1653 471 469 1654 473 471 1655 473 471 1656 474 472 1657 472 470 1658 475 473 1659 476 474 1660 474 472 1661 474 472 1662 473 471 1663 475 473 1664 477 475 1665 478 476 1666 476 474 1667 476 474 1668 475 473 1669 477 475 1670 479 477 1671 480 478 1672 478 476 1673 478 476 1674 477 475 1675 479 477 1676 463 461 1677 435 433 1678 481 479 1679 481 479 1680 482 480 1681 463 461 1682 483 481 1683 484 482 1684 485 483 1685 485 483 1686 486 484 1687 483 481 1688 484 482 1689 483 481 1690 487 485 1691 487 485 1692 468 466 1693 484 482 1694 472 470 1695 488 486 1696 486 484 1697 486 484 1698 485 483 1699 472 470 1700 488 486 1701 472 470 1702 474 472 1703 474 472 1704 489 487 1705 488 486 1706 490 488 1707 489 487 1708 474 472 1709 474 472 1710 476 474 1711 490 488 1712 491 489 1713 490 488 1714 476 474 1715 476 474 1716 478 476 1717 491 489 1718 491 489 1719 478 476 1720 480 478 1721 480 478 1722 492 490 1723 491 489 1724 493 491 1725 494 492 1726 465 463 1727 465 463 1728 495 493 1729 493 491 1730 487 485 1731 495 493 1732 465 463 1733 465 463 1734 468 466 1735 487 485 1736 487 485 1737 483 481 1738 496 494 1739 496 494 1740 497 495 1741 487 485 1742 495 493 1743 487 485 1744 497 495 1745 497 495 1746 498 496 1747 495 493 1748 496 494 1749 483 481 1750 486 484 1751 486 484 1752 499 497 1753 496 494 1754 499 497 1755 486 484 1756 488 486 1757 488 486 1758 500 498 1759 499 497 1760 489 487 1761 501 499 1762 500 498 1763 500 498 1764 488 486 1765 489 487 1766 489 487 1767 490 488 1768 502 500 1769 502 500 1770 501 499 1771 489 487 1772 502 500 1773 490 488 1774 491 489 1775 491 489 1776 503 501 1777 502 500 1778 503 501 1779 491 489 1780 492 490 1781 492 490 1782 504 502 1783 503 501 1784 498 496 1785 505 503 1786 493 491 1787 493 491 1788 495 493 1789 498 496 1790 506 504 1791 507 505 1792 496 494 1793 496 494 1794 499 497 1795 506 504 1796 497 495 1797 496 494 1798 507 505 1799 507 505 1800 508 506 1801 497 495 1802 499 497 1803 500 498 1804 509 507 1805 509 507 1806 506 504 1807 499 497 1808 510 508 1809 509 507 1810 500 498 1811 500 498 1812 501 499 1813 510 508 1814 511 509 1815 510 508 1816 501 499 1817 501 499 1818 502 500 1819 511 509 1820 511 509 1821 502 500 1822 503 501 1823 503 501 1824 512 510 1825 511 509 1826 503 501 1827 504 502 1828 513 511 1829 513 511 1830 512 510 1831 503 501 1832 505 503 1833 498 496 1834 514 512 1835 514 512 1836 515 513 1837 505 503 1838 498 496 1839 497 495 1840 508 506 1841 508 506 1842 514 512 1843 498 496 1844 468 466 1845 467 465 1846 469 467 1847 469 467 1848 484 482 1849 468 466 1850 469 467 1851 470 468 1852 485 483 1853 485 483 1854 484 482 1855 469 467 1856 485 483 1857 470 468 1858 471 469 1859 471 469 1860 472 470 1861 485 483 1862 516 514 1863 473 471 1864 471 469 1865 471 469 1866 456 454 1867 516 514 1868 517 515 1869 475 473 1870 473 471 1871 473 471 1872 516 514 1873 517 515 1874 518 516 1875 477 475 1876 475 473 1877 475 473 1878 517 515 1879 518 516 1880 519 517 1881 520 518 1882 518 516 1883 518 516 1884 462 460 1885 519 517 1886 521 519 1887 466 464 1888 465 463 1889 465 463 1890 494 492 1891 521 519 1892 445 443 1893 444 442 1894 522 520 1895 522 520 1896 523 521 1897 445 443 1898 451 449 1899 445 443 1900 523 521 1901 523 521 1902 524 522 1903 451 449 1904 452 450 1905 451 449 1906 524 522 1907 524 522 1908 525 523 1909 452 450 1910 526 524 1911 453 451 1912 452 450 1913 452 450 1914 525 523 1915 526 524 1916 527 525 1917 458 456 1918 453 451 1919 453 451 1920 526 524 1921 527 525 1922 528 526 1923 459 457 1924 458 456 1925 458 456 1926 527 525 1927 528 526 1928 516 514 1929 439 437 1930 438 436 1931 438 436 1932 517 515 1933 516 514 1934 456 454 1935 440 438 1936 439 437 1937 439 437 1938 516 514 1939 456 454 1940 449 447 1941 434 432 1942 433 431 1943 433 431 1944 442 440 1945 449 447 1946 449 447 1947 455 453 1948 457 455 1949 457 455 1950 447 445 1951 449 447 1952 440 438 1953 455 453 1954 450 448 1955 450 448 1956 441 439 1957 440 438 1958 517 515 1959 438 436 1960 462 460 1961 462 460 1962 518 516 1963 517 515 1964 519 517 1965 462 460 1966 461 459 1967 461 459 1968 529 527 1969 519 517 1970 477 475 1971 518 516 1972 520 518 1973 520 518 1974 479 477 1975 477 475 1976 482 480 1977 481 479 1978 466 464 1979 466 464 1980 521 519 1981 482 480 1982 448 446 1983 467 465 1984 466 464 1985 466 464 1986 481 479 1987 448 446 1988 435 433 1989 434 432 1990 448 446 1991 448 446 1992 481 479 1993 435 433 1994 418 418 1995 530 528 1996 531 529 1997 418 418 1998 532 530 1999 533 531 2000 416 416 2001 418 418 2002 533 531 2003 530 528 2004 534 532 2005 531 529 2006 535 533 2007 534 532 2008 530 528 2009 532 530 2010 534 532 2011 535 533 2012 531 529 2013 534 532 2014 532 530 2015 384 384 2016 532 530 2017 385 385 2018 532 530 2019 387 387 2020 385 385 2021 385 385 2022 387 387 2023 386 386 2024 385 385 2025 386 386 2026 382 382 2027 385 385 2028 382 382 2029 383 383 2030 383 383 2031 382 382 2032 374 374 2033 415 415 2034 416 416 2035 533 531 2036 384 384 2037 415 415 2038 533 531 2039 533 531 2040 532 530 2041 384 384 2042 416 416 2043 536 534 2044 417 417 2045 388 388 2046 417 417 2047 381 381 2048 418 418 2049 531 529 2050 532 530 2051 418 418 2052 417 417 2053 530 528 2054 387 387 2055 535 533 2056 530 528 2057 532 530 2058 535 533 2059 387 387 2060 390 390 2061 406 406 2062 407 407 2063 407 407 2064 391 391 2065 390 390 2066 356 356 2067 363 363 2068 394 394 2069 394 394 2070 396 396 2071 356 356 2072 398 398 2073 357 357 2074 356 356 2075 356 356 2076 396 396 2077 398 398 2078 400 400 2079 359 359 2080 357 357 2081 357 357 2082 398 398 2083 400 400 2084 363 363 2085 362 362 2086 355 355 2087 355 355 2088 394 394 2089 363 363 2090 355 355 2091 362 362 2092 406 406 2093 406 406 2094 390 390 2095 355 355 2096 404 404 2097 414 414 2098 405 405 2099 405 405 2100 402 402 2101 404 404 2102 402 402 2103 405 405 2104 359 359 2105 359 359 2106 400 400 2107 402 402 2108 460 458 2109 462 460 2110 438 436 2111 438 436 2112 437 435 2113 460 458 2114 537 535 2115 538 536 2116 539 537 2117 539 537 2118 540 538 2119 537 535 2120 538 536 2121 218 218 2122 217 217 2123 217 217 2124 539 537 2125 538 536 2126 541 539 2127 537 535 2128 540 538 2129 540 538 2130 542 540 2131 541 539 2132 543 541 2133 544 542 2134 545 543 2135 545 543 2136 546 544 2137 543 541 2138 209 209 2139 543 541 2140 546 544 2141 546 544 2142 210 210 2143 209 209 2144 547 545 2145 548 546 2146 549 547 2147 549 547 2148 550 548 2149 547 545 2150 215 215 2151 212 212 2152 211 211 2153 211 211 2154 216 216 2155 215 215 2156 551 549 2157 552 550 2158 553 551 2159 553 551 2160 554 552 2161 551 549 2162 555 553 2163 556 554 2164 197 197 2165 197 197 2166 196 196 2167 555 553 2168 556 554 2169 553 551 2170 198 198 2171 198 198 2172 197 197 2173 556 554 2174 200 200 2175 557 555 2176 555 553 2177 555 553 2178 196 196 2179 200 200 2180 203 203 2181 558 556 2182 559 557 2183 559 557 2184 204 204 2185 203 203 2186 547 545 2187 558 556 2188 203 203 2189 203 203 2190 208 208 2191 547 545 2192 213 213 2193 552 550 2194 548 546 2195 548 546 2196 214 214 2197 213 213 2198 208 208 2199 207 207 2200 206 206 2201 206 206 2202 214 214 2203 208 208 2204 205 205 2205 194 194 2206 198 198 2207 198 198 2208 213 213 2209 205 205 2210 208 208 2211 214 214 2212 548 546 2213 548 546 2214 547 545 2215 208 208 2216 552 550 2217 213 213 2218 198 198 2219 198 198 2220 553 551 2221 552 550 2222 560 558 2223 561 559 2224 556 554 2225 556 554 2226 555 553 2227 560 558 2228 561 559 2229 554 552 2230 553 551 2231 553 551 2232 556 554 2233 561 559 2234 557 555 2235 562 560 2236 560 558 2237 560 558 2238 555 553 2239 557 555 2240 558 556 2241 563 561 2242 564 562 2243 564 562 2244 559 557 2245 558 556 2246 550 548 2247 563 561 2248 558 556 2249 558 556 2250 547 545 2251 550 548 2252 552 550 2253 551 549 2254 549 547 2255 549 547 2256 548 546 2257 552 550 2258 342 342 2259 147 147 2260 116 116 2261 116 116 2262 350 350 2263 342 342 2264 350 350 2265 116 116 2266 119 119 2267 119 119 2268 334 334 2269 350 350 2270 338 338 2271 339 339 2272 145 145 2273 147 147 2274 338 338 2275 145 145 2276 346 346 2277 345 345 2278 104 104 2279 104 104 2280 329 329 2281 346 346 2282 113 113 2283 111 111 2284 565 563 2285 566 564 2286 119 119 2287 118 118 2288 118 118 2289 567 565 2290 566 564 2291 155 155 2292 159 159 2293 156 156 2294 568 566 2295 105 105 2296 104 104 2297 104 104 2298 349 349 2299 568 566 2300 335 335 2301 334 334 2302 119 119 2303 119 119 2304 566 564 2305 335 335 2306 569 567 2307 570 568 2308 571 569 2309 571 569 2310 572 570 2311 569 567 2312 573 571 2313 574 572 2314 570 568 2315 570 568 2316 569 567 2317 573 571 2318 575 573 2319 576 574 2320 574 572 2321 574 572 2322 573 571 2323 575 573 2324 577 575 2325 578 576 2326 579 577 2327 579 577 2328 580 578 2329 577 575 2330 581 579 2331 582 580 2332 579 577 2333 579 577 2334 578 576 2335 581 579 2336 575 573 2337 582 580 2338 581 579 2339 581 579 2340 576 574 2341 575 573 2342 583 581 2343 584 582 2344 577 575 2345 577 575 2346 580 578 2347 583 581 2348 585 583 2349 586 584 2350 587 585 2351 587 585 2352 583 581 2353 585 583 2354 588 586 2355 589 587 2356 590 588 2357 590 588 2358 572 570 2359 588 586 2360 588 586 2361 591 589 2362 592 590 2363 592 590 2364 589 587 2365 588 586 2366 590 588 2367 593 591 2368 569 567 2369 569 567 2370 572 570 2371 590 588 2372 593 591 2373 594 592 2374 573 571 2375 573 571 2376 569 567 2377 593 591 2378 594 592 2379 595 593 2380 575 573 2381 575 573 2382 573 571 2383 594 592 2384 579 577 2385 596 594 2386 597 595 2387 597 595 2388 580 578 2389 579 577 2390 582 580 2391 598 596 2392 596 594 2393 596 594 2394 579 577 2395 582 580 2396 595 593 2397 598 596 2398 582 580 2399 582 580 2400 575 573 2401 595 593 2402 597 595 2403 585 583 2404 583 581 2405 583 581 2406 580 578 2407 597 595 2408 587 585 2409 599 597 2410 584 582 2411 584 582 2412 583 581 2413 587 585 2414 571 569 2415 600 598 2416 588 586 2417 588 586 2418 572 570 2419 571 569 2420 592 590 2421 591 589 2422 601 599 2423 602 600 2424 603 601 2425 604 602 2426 604 602 2427 605 603 2428 602 600 2429 606 604 2430 607 605 2431 608 606 2432 608 606 2433 609 607 2434 606 604 2435 610 608 2436 611 609 2437 607 605 2438 607 605 2439 606 604 2440 610 608 2441 603 601 2442 609 607 2443 608 606 2444 608 606 2445 604 602 2446 603 601 2447 602 600 2448 605 603 2449 612 610 2450 588 586 2451 600 598 2452 613 611 2453 613 611 2454 591 589 2455 588 586 2456 613 611 2457 614 612 2458 601 599 2459 601 599 2460 591 589 2461 613 611 2462 121 121 2463 2 2 2464 5 5 2465 5 5 2466 317 317 2467 121 121 2468 336 336 2469 615 613 2470 616 614 2471 616 614 2472 337 337 2473 336 336 2474 109 109 2475 617 615 2476 565 563 2477 565 563 2478 111 111 2479 109 109 2480 105 105 2481 568 566 2482 617 615 2483 617 615 2484 109 109 2485 105 105 2486 102 102 2487 106 106 2488 105 105 2489 105 105 2490 99 99 2491 102 102 2492 107 107 2493 109 109 2494 111 111 2495 126 126 2496 350 350 2497 334 334 2498 334 334 2499 337 337 2500 126 126 2501 126 126 2502 337 337 2503 616 614 2504 616 614 2505 127 127 2506 126 126 2507 147 147 2508 342 342 2509 338 338 2510 618 616 2511 619 617 2512 330 330 2513 330 330 2514 344 344 2515 618 616 2516 620 618 2517 331 331 2518 330 330 2519 330 330 2520 619 617 2521 620 618 2522 331 331 2523 620 618 2524 347 347 2525 621 619 2526 622 620 2527 623 621 2528 623 621 2529 624 622 2530 621 619 2531 625 623 2532 621 619 2533 624 622 2534 624 622 2535 626 624 2536 625 623 2537 627 625 2538 628 626 2539 629 627 2540 629 627 2541 630 628 2542 627 625 2543 631 629 2544 632 630 2545 633 631 2546 633 631 2547 634 632 2548 631 629 2549 635 633 2550 636 634 2551 637 635 2552 637 635 2553 638 636 2554 635 633 2555 639 637 2556 636 634 2557 635 633 2558 635 633 2559 640 638 2560 639 637 2561 641 639 2562 642 640 2563 643 641 2564 643 641 2565 630 628 2566 641 639 2567 627 625 2568 630 628 2569 643 641 2570 643 641 2571 644 642 2572 627 625 2573 645 643 2574 646 644 2575 647 645 2576 647 645 2577 648 646 2578 645 643 2579 646 644 2580 649 647 2581 650 648 2582 650 648 2583 647 645 2584 646 644 2585 622 620 2586 651 649 2587 641 639 2588 641 639 2589 623 621 2590 622 620 2591 628 626 2592 632 630 2593 631 629 2594 631 629 2595 629 627 2596 628 626 2597 652 650 2598 653 651 2599 649 647 2600 649 647 2601 637 635 2602 652 650 2603 646 644 2604 645 643 2605 654 652 2606 654 652 2607 638 636 2608 646 644 2609 625 623 2610 626 624 2611 655 653 2612 655 653 2613 656 654 2614 625 623 2615 611 609 2616 610 608 2617 657 655 2618 657 655 2619 658 656 2620 611 609 2621 636 634 2622 659 657 2623 652 650 2624 652 650 2625 637 635 2626 636 634 2627 649 647 2628 653 651 2629 660 658 2630 660 658 2631 650 648 2632 649 647 2633 649 647 2634 646 644 2635 638 636 2636 638 636 2637 637 635 2638 649 647 2639 661 659 2640 659 657 2641 636 634 2642 636 634 2643 639 637 2644 661 659 2645 635 633 2646 638 636 2647 654 652 2648 654 652 2649 662 660 2650 635 633 2651 663 661 2652 640 638 2653 635 633 2654 635 633 2655 662 660 2656 663 661 2657 623 621 2658 629 627 2659 631 629 2660 631 629 2661 624 622 2662 623 621 2663 631 629 2664 634 632 2665 626 624 2666 626 624 2667 624 622 2668 631 629 2669 651 649 2670 664 662 2671 642 640 2672 642 640 2673 641 639 2674 651 649 2675 630 628 2676 629 627 2677 623 621 2678 623 621 2679 641 639 2680 630 628 2681 657 655 2682 665 663 2683 658 656 2684 666 664 2685 667 665 2686 668 666 2687 669 667 2688 670 668 2689 666 664 2690 668 666 2691 671 669 2692 666 664 2693 672 670 2694 673 671 2695 674 672 2696 675 673 2697 676 674 2698 677 675 2699 670 668 2700 677 675 2701 676 674 2702 677 675 2703 670 668 2704 678 676 2705 677 675 2706 679 677 2707 675 673 2708 679 677 2709 677 675 2710 678 676 2711 678 676 2712 680 678 2713 679 677 2714 680 678 2715 681 679 2716 679 677 2717 682 680 2718 678 676 2719 670 668 2720 678 676 2721 682 680 2722 683 681 2723 684 682 2724 685 683 2725 686 684 2726 687 685 2727 684 682 2728 686 684 2729 684 682 2730 687 685 2731 688 686 2732 688 686 2733 681 679 2734 689 687 2735 684 682 2736 688 686 2737 685 683 2738 682 680 2739 670 668 2740 669 667 2741 690 688 2742 691 689 2743 692 690 2744 693 691 2745 690 688 2746 692 690 2747 668 666 2748 694 692 2749 671 669 2750 695 693 2751 696 694 2752 671 669 2753 697 695 2754 698 696 2755 699 697 2756 700 698 2757 697 695 2758 701 699 2759 699 697 2760 701 699 2761 697 695 2762 702 700 2763 703 701 2764 704 702 2765 705 703 2766 706 704 2767 707 705 2768 667 665 2769 708 706 2770 709 707 2771 672 670 2772 710 708 2773 711 709 2774 711 709 2775 673 671 2776 672 670 2777 710 708 2778 672 670 2779 712 710 2780 712 710 2781 708 706 2782 710 708 2783 713 711 2784 714 712 2785 676 674 2786 676 674 2787 715 713 2788 713 711 2789 670 668 2790 676 674 2791 714 712 2792 714 712 2793 666 664 2794 670 668 2795 669 667 2796 666 664 2797 671 669 2798 671 669 2799 716 714 2800 669 667 2801 717 715 2802 718 716 2803 709 707 2804 709 707 2805 708 706 2806 717 715 2807 712 710 2808 719 717 2809 717 715 2810 717 715 2811 708 706 2812 712 710 2813 720 718 2814 709 707 2815 718 716 2816 718 716 2817 721 719 2818 720 718 2819 720 718 2820 722 720 2821 695 693 2822 695 693 2823 694 692 2824 720 718 2825 723 721 2826 721 719 2827 724 722 2828 724 722 2829 725 723 2830 723 721 2831 726 724 2832 724 722 2833 727 725 2834 727 725 2835 728 726 2836 726 724 2837 715 713 2838 676 674 2839 675 673 2840 675 673 2841 729 727 2842 715 713 2843 730 728 2844 729 727 2845 675 673 2846 675 673 2847 686 684 2848 730 728 2849 675 673 2850 679 677 2851 687 685 2852 687 685 2853 686 684 2854 675 673 2855 680 678 2856 678 676 2857 683 681 2858 683 681 2859 731 729 2860 680 678 2861 732 730 2862 730 728 2863 686 684 2864 686 684 2865 685 683 2866 732 730 2867 732 730 2868 685 683 2869 733 731 2870 733 731 2871 734 732 2872 732 730 2873 688 686 2874 689 687 2875 733 731 2876 733 731 2877 685 683 2878 688 686 2879 735 733 2880 681 679 2881 680 678 2882 680 678 2883 731 729 2884 735 733 2885 672 670 2886 674 672 2887 736 734 2888 736 734 2889 712 710 2890 672 670 2891 736 734 2892 737 735 2893 719 717 2894 719 717 2895 712 710 2896 736 734 2897 738 736 2898 669 667 2899 716 714 2900 716 714 2901 739 737 2902 738 736 2903 682 680 2904 669 667 2905 738 736 2906 738 736 2907 683 681 2908 682 680 2909 740 738 2910 738 736 2911 739 737 2912 739 737 2913 741 739 2914 740 738 2915 742 740 2916 683 681 2917 738 736 2918 738 736 2919 740 738 2920 742 740 2921 743 741 2922 744 742 2923 740 738 2924 740 738 2925 741 739 2926 743 741 2927 745 743 2928 742 740 2929 740 738 2930 740 738 2931 744 742 2932 745 743 2933 692 690 2934 746 744 2935 744 742 2936 744 742 2937 743 741 2938 692 690 2939 746 744 2940 747 745 2941 745 743 2942 745 743 2943 744 742 2944 746 744 2945 691 689 2946 726 724 2947 728 726 2948 728 726 2949 748 746 2950 691 689 2951 749 747 2952 696 694 2953 695 693 2954 695 693 2955 722 720 2956 749 747 2957 749 747 2958 722 720 2959 723 721 2960 723 721 2961 750 748 2962 749 747 2963 751 749 2964 750 748 2965 723 721 2966 723 721 2967 725 723 2968 751 749 2969 752 750 2970 751 749 2971 725 723 2972 725 723 2973 753 751 2974 752 750 2975 693 691 2976 752 750 2977 753 751 2978 753 751 2979 690 688 2980 693 691 2981 742 740 2982 745 743 2983 754 752 2984 754 752 2985 755 753 2986 742 740 2987 754 752 2988 745 743 2989 756 754 2990 756 754 2991 707 705 2992 754 752 2993 698 696 2994 757 755 2995 689 687 2996 689 687 2997 758 756 2998 698 696 2999 735 733 3000 758 756 3001 689 687 3002 689 687 3003 681 679 3004 735 733 3005 733 731 3006 689 687 3007 757 755 3008 757 755 3009 759 757 3010 733 731 3011 759 757 3012 760 758 3013 734 732 3014 734 732 3015 733 731 3016 759 757 3017 760 758 3018 759 757 3019 761 759 3020 761 759 3021 762 760 3022 760 758 3023 761 759 3024 759 757 3025 757 755 3026 757 755 3027 763 761 3028 761 759 3029 757 755 3030 698 696 3031 697 695 3032 697 695 3033 763 761 3034 757 755 3035 758 756 3036 764 762 3037 699 697 3038 699 697 3039 698 696 3040 758 756 3041 735 733 3042 703 701 3043 764 762 3044 764 762 3045 758 756 3046 735 733 3047 765 763 3048 766 764 3049 767 765 3050 767 765 3051 768 766 3052 765 763 3053 766 764 3054 765 763 3055 769 767 3056 700 698 3057 770 768 3058 697 695 3059 700 698 3060 771 769 3061 772 770 3062 772 770 3063 770 768 3064 700 698 3065 701 699 3066 773 771 3067 771 769 3068 771 769 3069 700 698 3070 701 699 3071 766 764 3072 772 770 3073 774 772 3074 774 772 3075 767 765 3076 766 764 3077 772 770 3078 775 773 3079 776 774 3080 776 774 3081 774 772 3082 772 770 3083 777 775 3084 775 773 3085 772 770 3086 772 770 3087 771 769 3088 777 775 3089 773 771 3090 702 700 3091 777 775 3092 777 775 3093 771 769 3094 773 771 3095 755 753 3096 703 701 3097 735 733 3098 735 733 3099 731 729 3100 755 753 3101 755 753 3102 754 752 3103 704 702 3104 704 702 3105 703 701 3106 755 753 3107 702 700 3108 778 776 3109 779 777 3110 779 777 3111 777 775 3112 702 700 3113 775 773 3114 777 775 3115 779 777 3116 779 777 3117 780 778 3118 775 773 3119 776 774 3120 775 773 3121 780 778 3122 780 778 3123 781 779 3124 776 774 3125 699 697 3126 764 762 3127 773 771 3128 773 771 3129 701 699 3130 699 697 3131 778 776 3132 702 700 3133 704 702 3134 704 702 3135 782 780 3136 778 776 3137 754 752 3138 707 705 3139 782 780 3140 782 780 3141 704 702 3142 754 752 3143 782 780 3144 707 705 3145 706 704 3146 706 704 3147 783 781 3148 782 780 3149 784 782 3150 781 779 3151 780 778 3152 780 778 3153 785 783 3154 784 782 3155 779 777 3156 786 784 3157 785 783 3158 785 783 3159 780 778 3160 779 777 3161 778 776 3162 787 785 3163 786 784 3164 786 784 3165 779 777 3166 778 776 3167 782 780 3168 783 781 3169 787 785 3170 787 785 3171 778 776 3172 782 780 3173 788 786 3174 787 785 3175 783 781 3176 783 781 3177 789 787 3178 788 786 3179 789 787 3180 783 781 3181 706 704 3182 706 704 3183 790 788 3184 789 787 3185 791 789 3186 786 784 3187 787 785 3188 787 785 3189 788 786 3190 791 789 3191 792 790 3192 790 788 3193 706 704 3194 706 704 3195 705 703 3196 792 790 3197 786 784 3198 791 789 3199 785 783 3200 793 791 3201 784 782 3202 785 783 3203 785 783 3204 791 789 3205 793 791 3206 794 792 3207 795 793 3208 796 794 3209 796 794 3210 797 795 3211 794 792 3212 798 796 3213 799 797 3214 800 798 3215 800 798 3216 801 799 3217 798 796 3218 794 792 3219 802 800 3220 801 799 3221 801 799 3222 795 793 3223 794 792 3224 803 801 3225 804 802 3226 800 798 3227 800 798 3228 805 803 3229 803 801 3230 806 804 3231 803 801 3232 805 803 3233 805 803 3234 807 805 3235 806 804 3236 806 804 3237 807 805 3238 808 806 3239 808 806 3240 809 807 3241 806 804 3242 810 808 3243 811 809 3244 812 810 3245 812 810 3246 813 811 3247 810 808 3248 814 812 3249 815 813 3250 816 814 3251 816 814 3252 817 815 3253 814 812 3254 818 816 3255 819 817 3256 802 800 3257 802 800 3258 820 818 3259 818 816 3260 737 735 3261 736 734 3262 821 819 3263 821 819 3264 822 820 3265 737 735 3266 823 821 3267 824 822 3268 825 823 3269 825 823 3270 826 824 3271 823 821 3272 826 824 3273 825 823 3274 827 825 3275 827 825 3276 828 826 3277 826 824 3278 667 665 3279 829 827 3280 710 708 3281 667 665 3282 666 664 3283 714 712 3284 714 712 3285 829 827 3286 667 665 3287 711 709 3288 710 708 3289 829 827 3290 829 827 3291 830 828 3292 711 709 3293 830 828 3294 829 827 3295 714 712 3296 714 712 3297 713 711 3298 830 828 3299 688 686 3300 687 685 3301 681 679 3302 746 744 3303 692 690 3304 748 746 3305 742 740 3306 755 753 3307 731 729 3308 731 729 3309 683 681 3310 742 740 3311 703 701 3312 702 700 3313 773 771 3314 773 771 3315 764 762 3316 703 701 3317 831 829 3318 832 830 3319 833 831 3320 834 832 3321 832 830 3322 835 833 3323 835 833 3324 832 830 3325 836 834 3326 836 834 3327 832 830 3328 837 835 3329 837 835 3330 832 830 3331 838 836 3332 838 836 3333 832 830 3334 839 837 3335 839 837 3336 832 830 3337 831 829 3338 840 838 3339 832 830 3340 834 832 3341 841 839 3342 832 830 3343 840 838 3344 842 840 3345 832 830 3346 841 839 3347 843 841 3348 832 830 3349 842 840 3350 833 831 3351 832 830 3352 843 841 3353 844 842 3354 845 843 3355 846 844 3356 846 844 3357 847 845 3358 844 842 3359 844 842 3360 847 845 3361 848 846 3362 848 846 3363 849 847 3364 844 842 3365 849 847 3366 848 846 3367 850 848 3368 850 848 3369 851 849 3370 849 847 3371 852 850 3372 853 851 3373 854 852 3374 854 852 3375 855 853 3376 852 850 3377 854 852 3378 856 854 3379 857 855 3380 857 855 3381 855 853 3382 854 852 3383 856 854 3384 851 849 3385 850 848 3386 850 848 3387 857 855 3388 856 854 3389 858 856 3390 859 857 3391 845 843 3392 845 843 3393 844 842 3394 858 856 3395 860 858 3396 858 856 3397 844 842 3398 844 842 3399 849 847 3400 860 858 3401 861 859 3402 860 858 3403 849 847 3404 849 847 3405 851 849 3406 861 859 3407 862 860 3408 854 852 3409 853 851 3410 853 851 3411 863 861 3412 862 860 3413 864 862 3414 856 854 3415 854 852 3416 854 852 3417 862 860 3418 864 862 3419 861 859 3420 851 849 3421 856 854 3422 856 854 3423 864 862 3424 861 859 3425 859 857 3426 858 856 3427 862 860 3428 862 860 3429 863 861 3430 859 857 3431 860 858 3432 864 862 3433 862 860 3434 862 860 3435 858 856 3436 860 858 3437 860 858 3438 861 859 3439 864 862 3440 756 754 3441 747 745 3442 865 863 3443 866 864 3444 707 705 3445 756 754 3446 866 864 3447 705 703 3448 707 705 3449 866 864 3450 756 754 3451 865 863 3452 867 865 3453 868 866 3454 747 745 3455 721 719 3456 723 721 3457 722 720 3458 722 720 3459 720 718 3460 721 719 3461 694 692 3462 668 666 3463 709 707 3464 709 707 3465 720 718 3466 694 692 3467 721 719 3468 718 716 3469 727 725 3470 727 725 3471 724 722 3472 721 719 3473 753 751 3474 725 723 3475 724 722 3476 724 722 3477 726 724 3478 753 751 3479 690 688 3480 753 751 3481 726 724 3482 726 724 3483 691 689 3484 690 688 3485 671 669 3486 694 692 3487 695 693 3488 692 690 3489 691 689 3490 748 746 3491 869 867 3492 870 868 3493 871 869 3494 871 869 3495 872 870 3496 869 867 3497 719 717 3498 737 735 3499 870 868 3500 728 726 3501 873 871 3502 874 872 3503 874 872 3504 748 746 3505 728 726 3506 718 716 3507 717 715 3508 875 873 3509 875 873 3510 727 725 3511 718 716 3512 719 717 3513 875 873 3514 717 715 3515 727 725 3516 875 873 3517 873 871 3518 873 871 3519 728 726 3520 727 725 3521 869 867 3522 873 871 3523 875 873 3524 875 873 3525 870 868 3526 869 867 3527 867 865 3528 874 872 3529 869 867 3530 867 865 3531 747 745 3532 746 744 3533 746 744 3534 874 872 3535 867 865 3536 746 744 3537 748 746 3538 874 872 3539 719 717 3540 870 868 3541 875 873 3542 876 874 3543 877 875 3544 878 876 3545 876 874 3546 879 877 3547 877 875 3548 876 874 3549 880 878 3550 879 877 3551 876 874 3552 881 879 3553 882 880 3554 876 874 3555 883 881 3556 881 879 3557 876 874 3558 878 876 3559 883 881 3560 884 882 3561 878 876 3562 877 875 3563 877 875 3564 885 883 3565 884 882 3566 885 883 3567 877 875 3568 879 877 3569 879 877 3570 886 884 3571 885 883 3572 879 877 3573 880 878 3574 887 885 3575 887 885 3576 886 884 3577 879 877 3578 888 886 3579 882 880 3580 881 879 3581 881 879 3582 889 887 3583 888 886 3584 890 888 3585 889 887 3586 881 879 3587 881 879 3588 883 881 3589 890 888 3590 890 888 3591 883 881 3592 878 876 3593 878 876 3594 884 882 3595 890 888 3596 891 889 3597 884 882 3598 885 883 3599 885 883 3600 892 890 3601 891 889 3602 892 890 3603 885 883 3604 886 884 3605 886 884 3606 893 891 3607 892 890 3608 894 892 3609 893 891 3610 886 884 3611 886 884 3612 887 885 3613 894 892 3614 895 893 3615 888 886 3616 889 887 3617 889 887 3618 896 894 3619 895 893 3620 896 894 3621 889 887 3622 890 888 3623 890 888 3624 897 895 3625 896 894 3626 897 895 3627 890 888 3628 884 882 3629 884 882 3630 891 889 3631 897 895 3632 898 896 3633 899 897 3634 891 889 3635 891 889 3636 892 890 3637 898 896 3638 900 898 3639 898 896 3640 892 890 3641 892 890 3642 893 891 3643 900 898 3644 900 898 3645 893 891 3646 894 892 3647 894 892 3648 901 899 3649 900 898 3650 902 900 3651 895 893 3652 896 894 3653 896 894 3654 903 901 3655 902 900 3656 903 901 3657 896 894 3658 897 895 3659 897 895 3660 904 902 3661 903 901 3662 904 902 3663 897 895 3664 891 889 3665 891 889 3666 899 897 3667 904 902 3668 905 903 3669 899 897 3670 898 896 3671 898 896 3672 906 904 3673 905 903 3674 906 904 3675 898 896 3676 900 898 3677 900 898 3678 907 905 3679 906 904 3680 908 906 3681 907 905 3682 900 898 3683 900 898 3684 901 899 3685 908 906 3686 902 900 3687 903 901 3688 909 907 3689 909 907 3690 910 908 3691 902 900 3692 903 901 3693 904 902 3694 911 909 3695 911 909 3696 909 907 3697 903 901 3698 899 897 3699 905 903 3700 911 909 3701 911 909 3702 904 902 3703 899 897 3704 912 910 3705 905 903 3706 906 904 3707 906 904 3708 913 911 3709 912 910 3710 907 905 3711 914 912 3712 913 911 3713 913 911 3714 906 904 3715 907 905 3716 914 912 3717 907 905 3718 908 906 3719 908 906 3720 915 913 3721 914 912 3722 910 908 3723 909 907 3724 916 914 3725 916 914 3726 917 915 3727 910 908 3728 916 914 3729 909 907 3730 911 909 3731 911 909 3732 918 916 3733 916 914 3734 918 916 3735 911 909 3736 905 903 3737 905 903 3738 912 910 3739 918 916 3740 912 910 3741 913 911 3742 919 917 3743 919 917 3744 920 918 3745 912 910 3746 913 911 3747 914 912 3748 921 919 3749 921 919 3750 919 917 3751 913 911 3752 921 919 3753 914 912 3754 915 913 3755 915 913 3756 922 920 3757 921 919 3758 917 915 3759 916 914 3760 923 921 3761 923 921 3762 924 922 3763 917 915 3764 923 921 3765 916 914 3766 918 916 3767 918 916 3768 925 923 3769 923 921 3770 925 923 3771 918 916 3772 912 910 3773 912 910 3774 920 918 3775 925 923 3776 926 924 3777 920 918 3778 919 917 3779 926 924 3780 919 917 3781 921 919 3782 926 924 3783 921 919 3784 922 920 3785 926 924 3786 924 922 3787 923 921 3788 926 924 3789 923 921 3790 925 923 3791 926 924 3792 925 923 3793 920 918 3794 927 925 3795 880 878 3796 876 874 3797 876 874 3798 928 926 3799 927 925 3800 929 927 3801 928 926 3802 876 874 3803 876 874 3804 882 880 3805 929 927 3806 930 928 3807 887 885 3808 880 878 3809 880 878 3810 927 925 3811 930 928 3812 931 929 3813 929 927 3814 882 880 3815 882 880 3816 888 886 3817 931 929 3818 932 930 3819 894 892 3820 887 885 3821 887 885 3822 930 928 3823 932 930 3824 933 931 3825 931 929 3826 888 886 3827 888 886 3828 895 893 3829 933 931 3830 932 930 3831 934 932 3832 901 899 3833 901 899 3834 894 892 3835 932 930 3836 935 933 3837 933 931 3838 895 893 3839 895 893 3840 902 900 3841 935 933 3842 901 899 3843 934 932 3844 936 934 3845 936 934 3846 908 906 3847 901 899 3848 902 900 3849 910 908 3850 937 935 3851 937 935 3852 935 933 3853 902 900 3854 936 934 3855 938 936 3856 915 913 3857 915 913 3858 908 906 3859 936 934 3860 937 935 3861 910 908 3862 917 915 3863 917 915 3864 939 937 3865 937 935 3866 938 936 3867 940 938 3868 922 920 3869 922 920 3870 915 913 3871 938 936 3872 939 937 3873 917 915 3874 924 922 3875 924 922 3876 941 939 3877 939 937 3878 940 938 3879 942 940 3880 926 924 3881 926 924 3882 922 920 3883 940 938 3884 941 939 3885 924 922 3886 926 924 3887 926 924 3888 942 940 3889 941 939 3890 681 679 3891 687 685 3892 679 677 3893 667 665 3894 710 708 3895 708 706 3896 869 867 3897 874 872 3898 873 871 3899 770 768 3900 772 770 3901 766 764 3902 769 767 3903 770 768 3904 766 764 3905 697 695 3906 770 768 3907 769 767 3908 667 665 3909 709 707 3910 668 666 3911 943 941 3912 944 942 3913 945 943 3914 945 943 3915 946 944 3916 943 941 3917 946 944 3918 947 945 3919 948 946 3920 948 946 3921 943 941 3922 946 944 3923 949 947 3924 950 948 3925 951 949 3926 951 949 3927 952 950 3928 949 947 3929 953 951 3930 952 950 3931 951 949 3932 951 949 3933 954 952 3934 953 951 3935 950 948 3936 949 947 3937 955 953 3938 955 953 3939 956 954 3940 950 948 3941 948 946 3942 947 945 3943 957 955 3944 953 951 3945 954 952 3946 958 956 3947 736 734 3948 674 672 3949 959 957 3950 959 957 3951 821 819 3952 736 734 3953 960 958 3954 961 959 3955 962 960 3956 962 960 3957 963 961 3958 960 958 3959 756 754 3960 745 743 3961 747 745 3962 811 809 3963 964 962 3964 965 963 3965 965 963 3966 812 810 3967 811 809 3968 966 964 3969 810 808 3970 813 811 3971 813 811 3972 967 965 3973 966 964 3974 817 815 3975 966 964 3976 967 965 3977 967 965 3978 814 812 3979 817 815 3980 824 822 3981 823 821 3982 816 814 3983 816 814 3984 815 813 3985 824 822 3986 820 818 3987 968 966 3988 969 967 3989 969 967 3990 818 816 3991 820 818 3992 969 967 3993 968 966 3994 970 968 3995 970 968 3996 971 969 3997 969 967 3998 804 802 3999 795 793 4000 801 799 4001 801 799 4002 800 798 4003 804 802 4004 799 797 4005 972 970 4006 805 803 4007 805 803 4008 800 798 4009 799 797 4010 972 970 4011 973 971 4012 807 805 4013 807 805 4014 805 803 4015 972 970 4016 807 805 4017 973 971 4018 974 972 4019 974 972 4020 808 806 4021 807 805 4022 819 817 4023 798 796 4024 801 799 4025 801 799 4026 802 800 4027 819 817 4028 634 632 4029 633 631 4030 975 973 4031 975 973 4032 976 974 4033 634 632 4034 655 653 4035 626 624 4036 634 632 4037 634 632 4038 976 974 4039 655 653 4040 639 637 4041 977 975 4042 978 976 4043 978 976 4044 661 659 4045 639 637 4046 976 974 4047 975 973 4048 169 169 4049 169 169 4050 168 168 4051 976 974 4052 655 653 4053 976 974 4054 979 977 4055 168 168 4056 132 132 4057 131 131 4058 131 131 4059 979 977 4060 168 168 4061 639 637 4062 980 978 4063 981 979 4064 981 979 4065 977 975 4066 639 637 4067 137 137 4068 340 340 4069 338 338 4070 976 974 4071 168 168 4072 979 977 4073 663 661 4074 982 980 4075 983 981 4076 983 981 4077 640 638 4078 663 661 4079 984 982 4080 640 638 4081 983 981 4082 640 638 4083 984 982 4084 980 978 4085 980 978 4086 639 637 4087 640 638 4088 180 180 4089 161 161 4090 130 130 4091 417 417 4092 388 388 4093 530 528 4094 388 388 4095 387 387 4096 530 528 4097 412 412 4098 381 381 4099 417 417 4100 417 417 4101 536 534 4102 412 412 4103 869 867 4104 872 870 4105 868 866 4106 868 866 4107 867 865 4108 869 867 4109 985 983 4110 986 984 4111 987 985 4112 988 986 4113 989 987 4114 990 988 4115 991 989 4116 992 990 4117 993 991 4118 993 991 4119 994 992 4120 991 989 4121 985 983 4122 987 985 4123 995 993 4124 989 987 4125 992 990 4126 990 988 4127 996 994 4128 997 995 4129 998 996 4130 999 997 4131 1000 998 4132 1001 999 4133 1002 1000 4134 1001 999 4135 1003 1001 4136 998 996 4137 1004 1002 4138 1005 1003 4139 1004 1002 4140 999 997 4141 1002 1000 4142 1004 1002 4143 1002 1000 4144 1005 1003 4145 998 996 4146 1006 1004 4147 996 994 4148 1007 1005 4149 1008 1006 4150 1009 1007 4151 1010 1008 4152 1000 998 4153 999 997 4154 1011 1009 4155 1012 1010 4156 1005 1003 4157 1013 1011 4158 1014 1012 4159 1015 1013 4160 1016 1014 4161 1013 1011 4162 1017 1015 4163 1018 1016 4164 1019 1017 4165 1013 1011 4166 1020 1018 4167 1021 1019 4168 1022 1020 4169 1022 1020 4170 1016 1014 4171 1020 1018 4172 1014 1012 4173 1023 1021 4174 1024 1022 4175 1012 1010 4176 1025 1023 4177 1026 1024 4178 1026 1024 4179 1027 1025 4180 1012 1010 4181 1000 998 4182 1009 1007 4183 1028 1026 4184 1020 1018 4185 1007 1005 4186 1000 998 4187 1018 1016 4188 1013 1011 4189 1029 1027 4190 1008 1006 4191 1017 1015 4192 1019 1017 4193 1010 1008 4194 1020 1018 4195 1000 998 4196 996 994 4197 1030 1028 4198 997 995 4199 1000 998 4200 1007 1005 4201 1009 1007 4202 1017 1015 4203 1007 1005 4204 1016 1014 4205 1010 1008 4206 1030 1028 4207 1021 1019 4208 1021 1019 4209 1020 1018 4210 1010 1008 4211 1014 1012 4212 1021 1019 4213 1023 1021 4214 1012 1010 4215 1011 1009 4216 1025 1023 4217 1012 1010 4218 1027 1025 4219 1006 1004 4220 1006 1004 4221 998 996 4222 1012 1010 4223 996 994 4224 1031 1029 4225 1032 1030 4226 1006 1004 4227 1027 1025 4228 1031 1029 4229 1016 1014 4230 1022 1020 4231 1013 1011 4232 1008 1006 4233 1007 1005 4234 1017 1015 4235 1005 1003 4236 1002 1000 4237 1003 1001 4238 1021 1019 4239 1014 1012 4240 1022 1020 4241 1030 1028 4242 1010 1008 4243 1004 1002 4244 1004 1002 4245 997 995 4246 1030 1028 4247 1030 1028 4248 1023 1021 4249 1021 1019 4250 1022 1020 4251 1014 1012 4252 1013 1011 4253 997 995 4254 1004 1002 4255 998 996 4256 1005 1003 4257 1003 1001 4258 1011 1009 4259 1012 1010 4260 998 996 4261 1005 1003 4262 1004 1002 4263 1010 1008 4264 999 997 4265 1019 1017 4266 1017 1015 4267 1013 1011 4268 1020 1018 4269 1016 1014 4270 1007 1005 4271 1013 1011 4272 1015 1013 4273 1029 1027 4274 996 994 4275 1023 1021 4276 1030 1028 4277 1033 1031 4278 1034 1032 4279 1035 1033 4280 1035 1033 4281 1036 1034 4282 1033 1031 4283 1037 1035 4284 1033 1031 4285 1036 1034 4286 1036 1034 4287 1038 1036 4288 1037 1035 4289 1039 1037 4290 1040 1038 4291 1033 1031 4292 1033 1031 4293 1037 1035 4294 1039 1037 4295 1041 1039 4296 1042 1040 4297 1039 1037 4298 1039 1037 4299 1037 1035 4300 1041 1039 4301 1041 1039 4302 1037 1035 4303 1038 1036 4304 1038 1036 4305 1043 1041 4306 1041 1039 4307 1044 1042 4308 1045 1043 4309 1041 1039 4310 1041 1039 4311 1043 1041 4312 1044 1042 4313 1046 1044 4314 1042 1040 4315 1041 1039 4316 1041 1039 4317 1045 1043 4318 1046 1044 4319 1047 1045 4320 1048 1046 4321 1046 1044 4322 1046 1044 4323 1045 1043 4324 1047 1045 4325 1044 1042 4326 1049 1047 4327 1047 1045 4328 1047 1045 4329 1045 1043 4330 1044 1042 4331 1036 1034 4332 1035 1033 4333 1050 1048 4334 1050 1048 4335 1051 1049 4336 1036 1034 4337 1036 1034 4338 1051 1049 4339 1052 1050 4340 1052 1050 4341 1038 1036 4342 1036 1034 4343 1043 1041 4344 1038 1036 4345 1052 1050 4346 1052 1050 4347 1053 1051 4348 1043 1041 4349 1047 1045 4350 1049 1047 4351 1054 1052 4352 1054 1052 4353 1055 1053 4354 1047 1045 4355 1048 1046 4356 1047 1045 4357 1055 1053 4358 1055 1053 4359 1056 1054 4360 1048 1046 4361 1044 1042 4362 1043 1041 4363 1053 1051 4364 996 994 4365 1032 1030 4366 1057 1055 4367 1057 1055 4368 1023 1021 4369 996 994 4370 1024 1022 4371 1023 1021 4372 1057 1055 4373 990 988 4374 985 983 4375 995 993 4376 995 993 4377 988 986 4378 990 988 4379 996 994 4380 1006 1004 4381 1031 1029 4382 1050 1048 4383 1058 1056 4384 1059 1057 4385 1059 1057 4386 1051 1049 4387 1050 1048 4388 1051 1049 4389 1059 1057 4390 1052 1050 4391 992 990 4392 989 987 4393 993 991 4394 994 992 4395 1060 1058 4396 1061 1059 4397 1061 1059 4398 991 989 4399 994 992 4400 339 339 4401 338 338 4402 340 340 4403 1000 998 4404 1028 1026 4405 1001 999 4406 1002 1000 4407 999 997 4408 1001 999 4409 1062 1060 4410 1063 1061 4411 1064 1062 4412 1065 1063 4413 1066 1064 4414 1067 1065 4415 1067 1065 4416 1068 1066 4417 1065 1063 4418 1069 1067 4419 1070 1068 4420 1071 1069 4421 1072 1070 4422 1073 1071 4423 1074 1072 4424 1074 1072 4425 1075 1073 4426 1072 1070 4427 1067 1065 4428 1070 1068 4429 1069 1067 4430 1069 1067 4431 1068 1066 4432 1067 1065 4433 1072 1070 4434 1062 1060 4435 1064 1062 4436 1064 1062 4437 1073 1071 4438 1072 1070 4439 1076 1074 4440 1075 1073 4441 1074 1072 4442 1074 1072 4443 1077 1075 4444 1076 1074 4445 1076 1074 4446 1077 1075 4447 1066 1064 4448 1066 1064 4449 1065 1063 4450 1076 1074 4451 1078 1076 4452 1079 1076 4453 1080 1076 4454 1081 1077 4455 1082 1077 4456 1083 1077 4457 1084 1078 4458 1085 1079 4459 1086 1080 4460 1086 1080 4461 1087 1081 4462 1084 1078 4463 1088 1082 4464 1089 1083 4465 1085 1079 4466 1085 1079 4467 1084 1078 4468 1088 1082 4469 1090 1084 4470 1088 1082 4471 1084 1078 4472 1084 1078 4473 1091 1085 4474 1090 1084 4475 1092 1086 4476 1088 1082 4477 1090 1084 4478 1090 1084 4479 1093 1087 4480 1092 1086 4481 1092 1086 4482 1094 1088 4483 1089 1083 4484 1089 1083 4485 1088 1082 4486 1092 1086 4487 1095 1089 4488 1094 1088 4489 1092 1086 4490 1092 1086 4491 1096 1090 4492 1095 1089 4493 1097 1091 4494 1096 1090 4495 1092 1086 4496 1092 1086 4497 1093 1087 4498 1097 1091 4499 1098 1092 4500 1096 1090 4501 1097 1091 4502 1097 1091 4503 1099 1093 4504 1098 1092 4505 1095 1089 4506 1096 1090 4507 1098 1092 4508 1098 1092 4509 1100 1094 4510 1095 1089 4511 1085 1079 4512 1101 1095 4513 1102 1096 4514 1102 1096 4515 1086 1080 4516 1085 1079 4517 1085 1079 4518 1089 1083 4519 1103 1097 4520 1103 1097 4521 1101 1095 4522 1085 1079 4523 1094 1088 4524 1104 1098 4525 1103 1097 4526 1103 1097 4527 1089 1083 4528 1094 1088 4529 1098 1092 4530 1105 1099 4531 1106 1100 4532 1098 1092 4533 1106 1100 4534 1107 1101 4535 1098 1092 4536 1107 1101 4537 1100 1094 4538 1105 1099 4539 1098 1092 4540 1099 1093 4541 1099 1093 4542 1108 1102 4543 1105 1099 4544 1095 1089 4545 1104 1098 4546 1094 1088 4547 1109 1103 4548 1110 1104 4549 1111 1105 4550 1111 1105 4551 1112 1106 4552 1109 1103 4553 1040 1038 4554 1113 1107 4555 1034 1032 4556 1034 1032 4557 1033 1031 4558 1040 1038 4559 1114 1108 4560 134 134 4561 133 133 4562 1115 1109 4563 1116 1110 4564 1117 1111 4565 1117 1111 4566 1118 1112 4567 1115 1109 4568 1119 1113 4569 1120 1114 4570 1121 1115 4571 1121 1115 4572 1122 1116 4573 1119 1113 4574 1118 1112 4575 1123 1117 4576 1124 1118 4577 1124 1118 4578 1115 1109 4579 1118 1112 4580 1121 1115 4581 1123 1117 4582 1118 1112 4583 1118 1112 4584 1122 1116 4585 1121 1115 4586 1125 1119 4587 945 943 4588 944 942 4589 944 942 4590 1126 1120 4591 1125 1119 4592 1127 1121 4593 1128 1121 4594 1129 1121 4595 1130 1122 4596 1131 1123 4597 1132 1124 4598 1132 1124 4599 1133 1125 4600 1130 1122 4601 1134 1126 4602 1130 1122 4603 1133 1125 4604 1133 1125 4605 1135 1127 4606 1134 1126 4607 1136 1128 4608 1137 1128 4609 1138 1128 4610 1139 1129 4611 1140 1129 4612 1141 1129 4613 1142 1130 4614 1143 1130 4615 1144 1130 4616 1145 1131 4617 1146 1131 4618 1147 1131 4619 1148 1132 4620 1149 1133 4621 1150 1134 4622 1151 1135 4623 1152 1135 4624 1153 1135 4625 1122 1116 4626 1118 1112 4627 1117 1111 4628 1117 1111 4629 1119 1113 4630 1122 1116 4631 1116 1110 4632 1115 1109 4633 1124 1118 4634 1124 1118 4635 1154 1136 4636 1116 1110 4637 1155 1137 4638 1156 1138 4639 1157 1139 4640 1157 1139 4641 1158 1140 4642 1155 1137 4643 1158 1140 4644 1157 1139 4645 1159 1141 4646 1159 1141 4647 1160 1142 4648 1158 1140 4649 1161 1143 4650 1162 1144 4651 1160 1142 4652 1162 1144 4653 1161 1143 4654 1163 1145 4655 1164 1146 4656 1165 1147 4657 1166 1148 4658 1167 1149 4659 1166 1148 4660 1165 1147 4661 1168 1150 4662 1169 1151 4663 1170 1152 4664 1171 1153 4665 1172 1154 4666 1168 1150 4667 1172 1154 4668 1169 1151 4669 1168 1150 4670 1173 1155 4671 1174 1156 4672 1175 1157 4673 1176 1158 4674 1175 1157 4675 1174 1156 4676 1177 1159 4677 1178 1160 4678 1179 1161 4679 1180 1162 4680 1179 1161 4681 1178 1160 4682 1181 1163 4683 1182 1164 4684 1183 1165 4685 1174 1156 4686 1173 1155 4687 1184 1166 4688 1185 1167 4689 1186 1168 4690 1181 1163 4691 1186 1168 4692 1182 1164 4693 1181 1163 4694 1187 1169 4695 1188 1170 4696 1189 1171 4697 1189 1171 4698 1190 1172 4699 1186 1168 4700 1189 1171 4701 1188 1170 4702 1190 1172 4703 1191 1173 4704 1180 1162 4705 1192 1174 4706 1178 1160 4707 1193 1175 4708 1194 1176 4709 1194 1176 4710 1193 1175 4711 1195 1177 4712 1174 1156 4713 1196 1178 4714 1176 1158 4715 1196 1178 4716 1174 1156 4717 1197 1179 4718 1182 1164 4719 1186 1168 4720 1198 1180 4721 1198 1180 4722 1199 1181 4723 1182 1164 4724 1198 1180 4725 1186 1168 4726 1200 1182 4727 1200 1182 4728 1186 1168 4729 1190 1172 4730 1201 1183 4731 1196 1178 4732 1197 1179 4733 1202 1184 4734 1196 1178 4735 1201 1183 4736 1199 1181 4737 1198 1180 4738 1203 1185 4739 1204 1186 4740 1205 1187 4741 1206 1188 4742 1207 1189 4743 1208 1190 4744 1204 1186 4745 1205 1187 4746 1204 1186 4747 1208 1190 4748 1209 1191 4749 1210 1192 4750 1211 1193 4751 1211 1193 4752 1212 1194 4753 1213 1195 4754 1211 1193 4755 1210 1192 4756 1212 1194 4757 1197 1179 4758 1214 1196 4759 1201 1183 4760 1214 1196 4761 1215 1197 4762 1201 1183 4763 1216 1198 4764 1217 1199 4765 1218 1200 4766 1218 1200 4767 1219 1201 4768 1216 1198 4769 1220 1202 4770 1221 1203 4771 1222 1204 4772 1223 1205 4773 1224 1206 4774 1225 1207 4775 1217 1199 4776 1226 1208 4777 1224 1206 4778 1225 1207 4779 1224 1206 4780 1226 1208 4781 1218 1200 4782 1217 1199 4783 1224 1206 4784 1227 1209 4785 1201 1183 4786 1215 1197 4787 1201 1183 4788 1227 1209 4789 1202 1184 4790 1228 1210 4791 1202 1184 4792 1227 1209 4793 1229 1211 4794 1212 1194 4795 1230 1212 4796 1231 1213 4797 1229 1211 4798 1230 1212 4799 1232 1214 4800 1212 1194 4801 1210 1192 4802 1228 1210 4803 1233 1215 4804 1234 1216 4805 1233 1215 4806 1235 1217 4807 1234 1216 4808 1236 1218 4809 1237 1219 4810 1195 1177 4811 1234 1216 4812 1202 1184 4813 1228 1210 4814 1238 1220 4815 1239 1221 4816 1240 1222 4817 1241 1223 4818 1239 1221 4819 1242 1224 4820 1243 1225 4821 1239 1221 4822 1241 1223 4823 1244 1226 4824 1238 1220 4825 1245 1227 4826 1246 1228 4827 1234 1216 4828 1235 1217 4829 1247 1229 4830 1248 1230 4831 1249 1231 4832 1249 1231 4833 1248 1230 4834 1250 1232 4835 1251 1233 4836 1252 1234 4837 1253 1235 4838 1194 1176 4839 1195 1177 4840 1237 1219 4841 1200 1182 4842 1190 1172 4843 1210 1192 4844 1190 1172 4845 1232 1214 4846 1210 1192 4847 1254 1236 4848 1255 1237 4849 101 101 4850 101 101 4851 100 100 4852 1254 1236 4853 1256 1238 4854 1257 1239 4855 1258 1240 4856 1258 1240 4857 1259 1241 4858 1256 1238 4859 100 100 4860 108 108 4861 1260 1242 4862 1260 1242 4863 1254 1236 4864 100 100 4865 1254 1236 4866 1260 1242 4867 1261 1243 4868 1261 1243 4869 1258 1240 4870 1254 1236 4871 110 110 4872 1262 1244 4873 1260 1242 4874 1260 1242 4875 108 108 4876 110 110 4877 112 112 4878 1263 1245 4879 1262 1244 4880 1262 1244 4881 110 110 4882 112 112 4883 114 114 4884 1264 1246 4885 1263 1245 4886 1263 1245 4887 112 112 4888 114 114 4889 1265 1247 4890 1266 1248 4891 1267 1249 4892 1267 1249 4893 1268 1250 4894 1265 1247 4895 1269 1251 4896 1270 1252 4897 1157 1139 4898 1157 1139 4899 1156 1138 4900 1269 1251 4901 1269 1251 4902 1156 1138 4903 1271 1253 4904 1271 1253 4905 1272 1254 4906 1269 1251 4907 1273 1255 4908 1274 1256 4909 1275 1257 4910 1275 1257 4911 1276 1258 4912 1273 1255 4913 1271 1253 4914 1277 1259 4915 1278 1260 4916 1278 1260 4917 1272 1254 4918 1271 1253 4919 1277 1259 4920 1279 1261 4921 1278 1260 4922 1280 1262 4923 1281 1263 4924 1282 1264 4925 1282 1264 4926 1283 1265 4927 1280 1262 4928 1284 1266 4929 1285 1267 4930 1286 1268 4931 1286 1268 4932 1287 1269 4933 1284 1266 4934 1288 1270 4935 1289 1271 4936 1290 1272 4937 1290 1272 4938 1291 1273 4939 1288 1270 4940 1285 1267 4941 1284 1266 4942 1273 1255 4943 1273 1255 4944 1276 1258 4945 1285 1267 4946 143 143 4947 146 146 4948 1292 1274 4949 1292 1274 4950 1293 1275 4951 143 143 4952 1294 1276 4953 1295 1277 4954 1293 1275 4955 1293 1275 4956 1292 1274 4957 1294 1276 4958 1265 1247 4959 1268 1250 4960 1295 1277 4961 1295 1277 4962 1294 1276 4963 1265 1247 4964 149 149 4965 1296 1278 4966 1264 1246 4967 1264 1246 4968 114 114 4969 149 149 4970 1297 1279 4971 1298 1280 4972 1299 1281 4973 1299 1281 4974 288 288 4975 1297 1279 4976 1297 1279 4977 1300 1282 4978 1301 1283 4979 1301 1283 4980 1298 1280 4981 1297 1279 4982 1302 1284 4983 1303 1285 4984 1300 1282 4985 1300 1282 4986 1304 1286 4987 1302 1284 4988 1305 1287 4989 1306 1288 4990 1279 1261 4991 1279 1261 4992 1277 1259 4993 1305 1287 4994 1283 1265 4995 1282 1264 4996 1307 1289 4997 1271 1253 4998 1308 1290 4999 1305 1287 5000 1305 1287 5001 1277 1259 5002 1271 1253 5003 1156 1138 5004 1155 1137 5005 1308 1290 5006 1308 1290 5007 1271 1253 5008 1156 1138 5009 1309 1291 5010 1310 1292 5011 1311 1293 5012 1311 1293 5013 1312 1294 5014 1309 1291 5015 1307 1289 5016 1313 1295 5017 1314 1296 5018 1314 1296 5019 1283 1265 5020 1307 1289 5021 1308 1290 5022 1315 1297 5023 1305 1287 5024 1315 1297 5025 1316 1298 5026 1306 1288 5027 1306 1288 5028 1305 1287 5029 1315 1297 5030 1155 1137 5031 1317 1299 5032 1308 1290 5033 1158 1140 5034 1318 1300 5035 1317 1299 5036 1317 1299 5037 1155 1137 5038 1158 1140 5039 1160 1142 5040 1162 1144 5041 1318 1300 5042 1318 1300 5043 1158 1140 5044 1160 1142 5045 1319 1301 5046 1163 1145 5047 1161 1143 5048 1161 1143 5049 1320 1302 5050 1319 1301 5051 1321 1303 5052 1322 1304 5053 1323 1305 5054 1323 1305 5055 1324 1306 5056 1321 1303 5057 1316 1298 5058 1325 1307 5059 1306 1288 5060 1316 1298 5061 1326 1308 5062 1325 1307 5063 1326 1308 5064 1323 1305 5065 1322 1304 5066 1322 1304 5067 1327 1309 5068 1326 1308 5069 1328 1310 5070 1317 1299 5071 1318 1300 5072 1318 1300 5073 1329 1311 5074 1328 1310 5075 1317 1299 5076 1328 1310 5077 1171 1153 5078 1171 1153 5079 1315 1297 5080 1317 1299 5081 1329 1311 5082 1318 1300 5083 1162 1144 5084 1162 1144 5085 1330 1312 5086 1329 1311 5087 1328 1310 5088 1329 1311 5089 1331 1313 5090 1331 1313 5091 1332 1314 5092 1328 1310 5093 1329 1311 5094 1330 1312 5095 1333 1315 5096 1333 1315 5097 1331 1313 5098 1329 1311 5099 1171 1153 5100 1328 1310 5101 1332 1314 5102 1332 1314 5103 1172 1154 5104 1171 1153 5105 1162 1144 5106 1163 1145 5107 1166 1148 5108 1166 1148 5109 1330 1312 5110 1162 1144 5111 1333 1315 5112 1330 1312 5113 1166 1148 5114 1166 1148 5115 1167 1149 5116 1333 1315 5117 1334 1316 5118 1335 1317 5119 1324 1306 5120 1324 1306 5121 1323 1305 5122 1334 1316 5123 1170 1152 5124 1334 1316 5125 1323 1305 5126 1323 1305 5127 1326 1308 5128 1170 1152 5129 1334 1316 5130 1336 1318 5131 1337 1319 5132 1337 1319 5133 1335 1317 5134 1334 1316 5135 1169 1151 5136 1336 1318 5137 1334 1316 5138 1334 1316 5139 1170 1152 5140 1169 1151 5141 1326 1308 5142 1316 1298 5143 1168 1150 5144 1168 1150 5145 1170 1152 5146 1326 1308 5147 1172 1154 5148 1338 1320 5149 1339 1321 5150 1339 1321 5151 1169 1151 5152 1172 1154 5153 1336 1318 5154 1169 1151 5155 1339 1321 5156 1339 1321 5157 1340 1322 5158 1336 1318 5159 1340 1322 5160 1339 1321 5161 1341 1323 5162 1341 1323 5163 1342 1324 5164 1340 1322 5165 1338 1320 5166 1343 1325 5167 1341 1323 5168 1341 1323 5169 1339 1321 5170 1338 1320 5171 1340 1322 5172 1344 1326 5173 1337 1319 5174 1337 1319 5175 1336 1318 5176 1340 1322 5177 1344 1326 5178 1340 1322 5179 1342 1324 5180 1342 1324 5181 1345 1327 5182 1344 1326 5183 1346 1328 5184 1347 1329 5185 1167 1149 5186 1167 1149 5187 1165 1147 5188 1346 1328 5189 1346 1328 5190 1348 1330 5191 1349 1331 5192 1349 1331 5193 1347 1329 5194 1346 1328 5195 1332 1314 5196 1350 1332 5197 1338 1320 5198 1338 1320 5199 1172 1154 5200 1332 1314 5201 1350 1332 5202 1332 1314 5203 1331 1313 5204 1331 1313 5205 1351 1333 5206 1350 1332 5207 1352 1334 5208 1351 1333 5209 1331 1313 5210 1331 1313 5211 1333 1315 5212 1352 1334 5213 1347 1329 5214 1352 1334 5215 1333 1315 5216 1333 1315 5217 1167 1149 5218 1347 1329 5219 1347 1329 5220 1349 1331 5221 1353 1335 5222 1353 1335 5223 1352 1334 5224 1347 1329 5225 1354 1336 5226 1355 1337 5227 1356 1338 5228 1356 1338 5229 1357 1339 5230 1354 1336 5231 1350 1332 5232 1351 1333 5233 1358 1340 5234 1358 1340 5235 1359 1341 5236 1350 1332 5237 1360 1342 5238 1361 1343 5239 1362 1344 5240 1362 1344 5241 1363 1345 5242 1360 1342 5243 1193 1175 5244 1364 1346 5245 1175 1157 5246 1175 1157 5247 1176 1158 5248 1193 1175 5249 1189 1171 5250 1365 1347 5251 1366 1348 5252 1366 1348 5253 1187 1169 5254 1189 1171 5255 1178 1160 5256 1194 1176 5257 1192 1174 5258 1192 1174 5259 1180 1162 5260 1178 1160 5261 1195 1177 5262 1193 1175 5263 1176 1158 5264 1176 1158 5265 1196 1178 5266 1195 1177 5267 1367 1349 5268 1368 1350 5269 1174 1156 5270 1174 1156 5271 1184 1166 5272 1367 1349 5273 1368 1350 5274 1369 1351 5275 1197 1179 5276 1197 1179 5277 1174 1156 5278 1368 1350 5279 1202 1184 5280 1236 1218 5281 1195 1177 5282 1195 1177 5283 1196 1178 5284 1202 1184 5285 1370 1352 5286 1371 1353 5287 1372 1354 5288 1372 1354 5289 1373 1355 5290 1370 1352 5291 1206 1188 5292 1205 1187 5293 1370 1352 5294 1370 1352 5295 1373 1355 5296 1206 1188 5297 1209 1191 5298 1374 1356 5299 1203 1185 5300 1203 1185 5301 1198 1180 5302 1209 1191 5303 1211 1193 5304 1375 1357 5305 1374 1356 5306 1374 1356 5307 1209 1191 5308 1211 1193 5309 1376 1358 5310 1377 1359 5311 1208 1190 5312 1208 1190 5313 1207 1189 5314 1376 1358 5315 1213 1195 5316 1378 1360 5317 1375 1357 5318 1375 1357 5319 1211 1193 5320 1213 1195 5321 1379 1361 5322 1222 1204 5323 1221 1203 5324 1221 1203 5325 1380 1362 5326 1379 1361 5327 1369 1351 5328 1381 1363 5329 1214 1196 5330 1214 1196 5331 1197 1179 5332 1369 1351 5333 1371 1353 5334 1221 1203 5335 1220 1202 5336 1220 1202 5337 1372 1354 5338 1371 1353 5339 1381 1363 5340 1382 1364 5341 1383 1365 5342 1383 1365 5343 1214 1196 5344 1381 1363 5345 1383 1365 5346 1384 1366 5347 1215 1197 5348 1215 1197 5349 1214 1196 5350 1383 1365 5351 1212 1194 5352 1229 1211 5353 1385 1367 5354 1385 1367 5355 1213 1195 5356 1212 1194 5357 1371 1353 5358 1370 1352 5359 1217 1199 5360 1217 1199 5361 1216 1198 5362 1371 1353 5363 1216 1198 5364 1219 1201 5365 1221 1203 5366 1221 1203 5367 1371 1353 5368 1216 1198 5369 1226 1208 5370 1217 1199 5371 1370 1352 5372 1370 1352 5373 1205 1187 5374 1226 1208 5375 1219 1201 5376 1386 1368 5377 1380 1362 5378 1380 1362 5379 1221 1203 5380 1219 1201 5381 1377 1359 5382 1223 1205 5383 1225 1207 5384 1225 1207 5385 1208 1190 5386 1377 1359 5387 1387 1369 5388 1388 1370 5389 1389 1371 5390 1389 1371 5391 1390 1372 5392 1387 1369 5393 1388 1370 5394 1391 1373 5395 1392 1374 5396 1392 1374 5397 1389 1371 5398 1388 1370 5399 1393 1375 5400 1394 1376 5401 1387 1369 5402 1387 1369 5403 1390 1372 5404 1393 1375 5405 1395 1377 5406 1396 1378 5407 1394 1376 5408 1394 1376 5409 1393 1375 5410 1395 1377 5411 1397 1379 5412 1398 1380 5413 1399 1381 5414 1399 1381 5415 1400 1382 5416 1397 1379 5417 1401 1383 5418 1230 1212 5419 1212 1194 5420 1212 1194 5421 1232 1214 5422 1401 1383 5423 1402 1384 5424 1403 1385 5425 1231 1213 5426 1231 1213 5427 1230 1212 5428 1402 1384 5429 1230 1212 5430 1401 1383 5431 1404 1386 5432 1404 1386 5433 1402 1384 5434 1230 1212 5435 1391 1373 5436 1398 1380 5437 1397 1379 5438 1397 1379 5439 1392 1374 5440 1391 1373 5441 1391 1373 5442 1388 1370 5443 1405 1387 5444 1405 1387 5445 1244 1226 5446 1391 1373 5447 1388 1370 5448 1387 1369 5449 1406 1388 5450 1406 1388 5451 1405 1387 5452 1388 1370 5453 1238 1220 5454 1244 1226 5455 1405 1387 5456 1405 1387 5457 1239 1221 5458 1238 1220 5459 1242 1224 5460 1239 1221 5461 1405 1387 5462 1405 1387 5463 1406 1388 5464 1242 1224 5465 1240 1222 5466 1407 1389 5467 1245 1227 5468 1245 1227 5469 1238 1220 5470 1240 1222 5471 1245 1227 5472 1398 1380 5473 1391 1373 5474 1391 1373 5475 1244 1226 5476 1245 1227 5477 1407 1389 5478 1399 1381 5479 1398 1380 5480 1398 1380 5481 1245 1227 5482 1407 1389 5483 1408 1390 5484 1394 1376 5485 1396 1378 5486 1396 1378 5487 1409 1391 5488 1408 1390 5489 1394 1376 5490 1408 1390 5491 1406 1388 5492 1406 1388 5493 1387 1369 5494 1394 1376 5495 1242 1224 5496 1406 1388 5497 1408 1390 5498 1408 1390 5499 1241 1223 5500 1242 1224 5501 1401 1383 5502 1410 1392 5503 1411 1393 5504 1411 1393 5505 1404 1386 5506 1401 1383 5507 1232 1214 5508 1412 1394 5509 1410 1392 5510 1410 1392 5511 1401 1383 5512 1232 1214 5513 1413 1395 5514 1414 1396 5515 1415 1397 5516 1415 1397 5517 1416 1398 5518 1413 1395 5519 1417 1399 5520 1416 1398 5521 1415 1397 5522 1415 1397 5523 1418 1400 5524 1417 1399 5525 1414 1396 5526 1413 1395 5527 1252 1234 5528 1419 1401 5529 1420 1402 5530 1402 1384 5531 1402 1384 5532 1404 1386 5533 1419 1401 5534 1402 1384 5535 1420 1402 5536 1421 1403 5537 1421 1403 5538 1403 1385 5539 1402 1384 5540 1404 1386 5541 1411 1393 5542 1422 1404 5543 1422 1404 5544 1419 1401 5545 1404 1386 5546 1423 1405 5547 1414 1396 5548 1252 1234 5549 1251 1233 5550 1424 1406 5551 1425 1407 5552 1425 1407 5553 1423 1405 5554 1251 1233 5555 1247 1229 5556 1425 1407 5557 1424 1406 5558 1424 1406 5559 1248 1230 5560 1247 1229 5561 1246 1228 5562 1235 1217 5563 1249 1231 5564 1249 1231 5565 1250 1232 5566 1246 1228 5567 1426 1408 5568 1427 1409 5569 1246 1228 5570 1246 1228 5571 1250 1232 5572 1426 1408 5573 1250 1232 5574 1248 1230 5575 1424 1406 5576 1424 1406 5577 1426 1408 5578 1250 1232 5579 1251 1233 5580 1253 1235 5581 1426 1408 5582 1426 1408 5583 1424 1406 5584 1251 1233 5585 1252 1234 5586 1413 1395 5587 1428 1410 5588 1428 1410 5589 1253 1235 5590 1252 1234 5591 1413 1395 5592 1416 1398 5593 1429 1411 5594 1429 1411 5595 1428 1410 5596 1413 1395 5597 1429 1411 5598 1416 1398 5599 1417 1399 5600 1417 1399 5601 1237 1219 5602 1429 1411 5603 1237 1219 5604 1417 1399 5605 1192 1174 5606 1192 1174 5607 1194 1176 5608 1237 1219 5609 1192 1174 5610 1417 1399 5611 1418 1400 5612 1418 1400 5613 1191 1173 5614 1192 1174 5615 1297 1279 5616 288 288 5617 287 287 5618 287 287 5619 1430 1412 5620 1297 1279 5621 1297 1279 5622 1430 1412 5623 1431 1413 5624 1431 1413 5625 1300 1282 5626 1297 1279 5627 1432 1414 5628 1304 1286 5629 1300 1282 5630 1300 1282 5631 1431 1413 5632 1432 1414 5633 293 1415 5634 1433 1416 5635 1434 1417 5636 1434 1417 5637 1435 1418 5638 293 1415 5639 1433 1416 5640 1436 1419 5641 1437 1420 5642 1437 1420 5643 1434 1417 5644 1433 1416 5645 1438 1421 5646 1430 1412 5647 287 287 5648 287 287 5649 300 300 5650 1438 1421 5651 1439 1422 5652 1431 1413 5653 1430 1412 5654 1430 1412 5655 1438 1421 5656 1439 1422 5657 1440 1423 5658 1438 1421 5659 300 300 5660 300 300 5661 303 303 5662 1440 1423 5663 1438 1421 5664 1440 1423 5665 1441 1424 5666 1441 1424 5667 1439 1422 5668 1438 1421 5669 1442 1425 5670 1432 1414 5671 1431 1413 5672 1431 1413 5673 1439 1422 5674 1442 1425 5675 1436 1419 5676 1432 1414 5677 1442 1425 5678 1442 1425 5679 1443 1426 5680 1436 1419 5681 1444 1427 5682 1443 1426 5683 1442 1425 5684 1442 1425 5685 1445 1428 5686 1444 1427 5687 1439 1422 5688 1441 1424 5689 1445 1428 5690 1445 1428 5691 1442 1425 5692 1439 1422 5693 1437 1420 5694 1446 1429 5695 1447 1430 5696 1447 1430 5697 1434 1417 5698 1437 1420 5699 1448 1431 5700 1435 1418 5701 1434 1417 5702 1434 1417 5703 1447 1430 5704 1448 1431 5705 1159 1141 5706 1449 1432 5707 1450 1433 5708 1450 1433 5709 1451 1434 5710 1159 1141 5711 1451 1434 5712 1450 1433 5713 1452 1435 5714 1452 1435 5715 1453 1436 5716 1451 1434 5717 1304 1286 5718 1454 1437 5719 1455 1438 5720 1455 1438 5721 1302 1284 5722 1304 1286 5723 1456 1439 5724 1457 1440 5725 1454 1437 5726 1454 1437 5727 1458 1441 5728 1456 1439 5729 326 1442 5730 1456 1439 5731 1458 1441 5732 1458 1441 5733 1459 1443 5734 326 1442 5735 1253 1235 5736 1428 1410 5737 1427 1409 5738 1427 1409 5739 1426 1408 5740 1253 1235 5741 1164 1146 5742 1166 1148 5743 1163 1145 5744 1163 1145 5745 1319 1301 5746 1164 1146 5747 1315 1297 5748 1171 1153 5749 1168 1150 5750 1168 1150 5751 1316 1298 5752 1315 1297 5753 1177 1159 5754 1364 1346 5755 1193 1175 5756 1193 1175 5757 1178 1160 5758 1177 1159 5759 1189 1171 5760 1186 1168 5761 1185 1167 5762 1185 1167 5763 1365 1347 5764 1189 1171 5765 1198 1180 5766 1200 1182 5767 1210 1192 5768 1210 1192 5769 1209 1191 5770 1198 1180 5771 1218 1200 5772 1224 1206 5773 1386 1368 5774 1386 1368 5775 1219 1201 5776 1218 1200 5777 1225 1207 5778 1226 1208 5779 1205 1187 5780 1205 1187 5781 1208 1190 5782 1225 1207 5783 1409 1391 5784 1243 1225 5785 1241 1223 5786 1241 1223 5787 1408 1390 5788 1409 1391 5789 1188 1170 5790 1412 1394 5791 1232 1214 5792 1232 1214 5793 1190 1172 5794 1188 1170 5795 1161 1143 5796 1451 1434 5797 1453 1436 5798 1453 1436 5799 1320 1302 5800 1161 1143 5801 1160 1142 5802 1159 1141 5803 1451 1434 5804 1451 1434 5805 1161 1143 5806 1160 1142 5807 1454 1437 5808 1304 1286 5809 1432 1414 5810 1432 1414 5811 1436 1419 5812 1454 1437 5813 1436 1419 5814 1433 1416 5815 1458 1441 5816 1458 1441 5817 1454 1437 5818 1436 1419 5819 1459 1443 5820 1458 1441 5821 1433 1416 5822 1433 1416 5823 293 1415 5824 1459 1443 5825 1236 1218 5826 1460 1444 5827 1429 1411 5828 1429 1411 5829 1237 1219 5830 1236 1218 5831 1202 1184 5832 1234 1216 5833 1460 1444 5834 1460 1444 5835 1236 1218 5836 1202 1184 5837 1460 1444 5838 1427 1409 5839 1428 1410 5840 1428 1410 5841 1429 1411 5842 1460 1444 5843 1234 1216 5844 1246 1228 5845 1427 1409 5846 1427 1409 5847 1460 1444 5848 1234 1216 5849 1259 1241 5850 1461 1445 5851 1256 1238 5852 1462 1446 5853 1463 1447 5854 1464 1448 5855 1464 1448 5856 1465 1449 5857 1462 1446 5858 1466 1450 5859 1467 1451 5860 1468 1452 5861 1468 1452 5862 1469 1453 5863 1466 1450 5864 1286 1268 5865 1285 1267 5866 1470 1454 5867 1471 1455 5868 1472 1456 5869 1473 1457 5870 1285 1267 5871 1276 1258 5872 1474 1458 5873 1474 1458 5874 1470 1454 5875 1285 1267 5876 1463 1447 5877 1462 1446 5878 344 344 5879 344 344 5880 343 343 5881 1463 1447 5882 1464 1448 5883 1475 1459 5884 1476 1460 5885 1476 1460 5886 1465 1449 5887 1464 1448 5888 1465 1449 5889 1476 1460 5890 1477 1461 5891 1477 1461 5892 1478 1462 5893 1465 1449 5894 1477 1461 5895 1476 1460 5896 1259 1241 5897 1259 1241 5898 1479 1463 5899 1477 1461 5900 1275 1257 5901 1480 1464 5902 1474 1458 5903 1474 1458 5904 1276 1258 5905 1275 1257 5906 1472 1456 5907 1471 1455 5908 352 352 5909 352 352 5910 351 351 5911 1472 1456 5912 1292 1274 5913 146 146 5914 352 352 5915 352 352 5916 1471 1455 5917 1292 1274 5918 1317 1299 5919 1315 1297 5920 1308 1290 5921 1326 1308 5922 1327 1309 5923 1325 1307 5924 1423 1405 5925 1252 1234 5926 1251 1233 5927 1481 1465 5928 1482 1466 5929 1483 1467 5930 1484 1468 5931 1485 1469 5932 1486 1470 5933 1486 1470 5934 1487 1471 5935 1484 1468 5936 1484 1468 5937 1488 1472 5938 1489 1473 5939 1489 1473 5940 1485 1469 5941 1484 1468 5942 1490 1474 5943 1491 1475 5944 444 442 5945 444 442 5946 443 441 5947 1490 1474 5948 1481 1465 5949 1490 1474 5950 443 441 5951 443 441 5952 446 444 5953 1481 1465 5954 1492 1476 5955 1493 1477 5956 1483 1467 5957 1483 1467 5958 1494 1478 5959 1492 1476 5960 1495 1479 5961 1496 1480 5962 1491 1475 5963 1491 1475 5964 1490 1474 5965 1495 1479 5966 1488 1472 5967 1497 1481 5968 1496 1480 5969 1496 1480 5970 1495 1479 5971 1488 1472 5972 1488 1472 5973 1484 1468 5974 1498 1482 5975 1498 1482 5976 1497 1481 5977 1488 1472 5978 446 444 5979 454 452 5980 1482 1466 5981 1482 1466 5982 1481 1465 5983 446 444 5984 1490 1474 5985 1493 1477 5986 1499 1483 5987 1499 1483 5988 1495 1479 5989 1490 1474 5990 1500 1484 5991 1489 1473 5992 1499 1483 5993 1499 1483 5994 1501 1485 5995 1500 1484 5996 1484 1468 5997 1487 1471 5998 1502 1486 5999 1502 1486 6000 1498 1482 6001 1484 1468 6002 1487 1471 6003 460 458 6004 459 457 6005 459 457 6006 1502 1486 6007 1487 1471 6008 460 458 6009 1503 1487 6010 461 459 6011 1482 1466 6012 454 452 6013 464 462 6014 464 462 6015 1504 1488 6016 1482 1466 6017 1505 1489 6018 1506 1490 6019 1507 1491 6020 1507 1491 6021 1508 1492 6022 1505 1489 6023 1494 1478 6024 1507 1491 6025 1509 1493 6026 1509 1493 6027 1492 1476 6028 1494 1478 6029 1492 1476 6030 1509 1493 6031 1510 1494 6032 1510 1494 6033 1501 1485 6034 1492 1476 6035 1500 1484 6036 1501 1485 6037 1510 1494 6038 1510 1494 6039 1511 1495 6040 1500 1484 6041 1512 1496 6042 1513 1497 6043 1514 1498 6044 1514 1498 6045 1511 1495 6046 1512 1496 6047 1515 1499 6048 1514 1498 6049 1513 1497 6050 1513 1497 6051 1516 1500 6052 1515 1499 6053 1517 1501 6054 1515 1499 6055 1516 1500 6056 1516 1500 6057 1518 1502 6058 1517 1501 6059 1519 1503 6060 1517 1501 6061 1518 1502 6062 1518 1502 6063 1520 1504 6064 1519 1503 6065 1504 1488 6066 1521 1505 6067 1522 1506 6068 1522 1506 6069 1482 1466 6070 1504 1488 6071 1523 1507 6072 1524 1508 6073 1525 1509 6074 1525 1509 6075 1526 1510 6076 1523 1507 6077 1526 1510 6078 1506 1490 6079 1527 1511 6080 1527 1511 6081 1523 1507 6082 1526 1510 6083 1512 1496 6084 1525 1509 6085 1524 1508 6086 1524 1508 6087 1528 1512 6088 1512 1496 6089 1528 1512 6090 1529 1513 6091 1513 1497 6092 1513 1497 6093 1512 1496 6094 1528 1512 6095 1530 1514 6096 1516 1500 6097 1513 1497 6098 1513 1497 6099 1529 1513 6100 1530 1514 6101 1531 1515 6102 1518 1502 6103 1516 1500 6104 1516 1500 6105 1530 1514 6106 1531 1515 6107 1531 1515 6108 1532 1516 6109 1520 1504 6110 1520 1504 6111 1518 1502 6112 1531 1515 6113 1533 1517 6114 1534 1518 6115 1505 1489 6116 1505 1489 6117 1535 1519 6118 1533 1517 6119 1527 1511 6120 1506 1490 6121 1505 1489 6122 1505 1489 6123 1534 1518 6124 1527 1511 6125 1527 1511 6126 1536 1520 6127 1537 1521 6128 1537 1521 6129 1523 1507 6130 1527 1511 6131 1534 1518 6132 1538 1522 6133 1536 1520 6134 1536 1520 6135 1527 1511 6136 1534 1518 6137 1537 1521 6138 1539 1523 6139 1524 1508 6140 1524 1508 6141 1523 1507 6142 1537 1521 6143 1539 1523 6144 1540 1524 6145 1528 1512 6146 1528 1512 6147 1524 1508 6148 1539 1523 6149 1529 1513 6150 1528 1512 6151 1540 1524 6152 1540 1524 6153 1541 1525 6154 1529 1513 6155 1529 1513 6156 1541 1525 6157 1542 1526 6158 1542 1526 6159 1530 1514 6160 1529 1513 6161 1542 1526 6162 1543 1527 6163 1531 1515 6164 1531 1515 6165 1530 1514 6166 1542 1526 6167 1543 1527 6168 1544 1528 6169 1532 1516 6170 1532 1516 6171 1531 1515 6172 1543 1527 6173 1538 1522 6174 1534 1518 6175 1533 1517 6176 1533 1517 6177 1545 1529 6178 1538 1522 6179 1546 1530 6180 1539 1523 6181 1537 1521 6182 1537 1521 6183 1547 1531 6184 1546 1530 6185 1536 1520 6186 1548 1532 6187 1547 1531 6188 1547 1531 6189 1537 1521 6190 1536 1520 6191 1539 1523 6192 1546 1530 6193 1549 1533 6194 1549 1533 6195 1540 1524 6196 1539 1523 6197 1550 1534 6198 1541 1525 6199 1540 1524 6200 1540 1524 6201 1549 1533 6202 1550 1534 6203 1551 1535 6204 1542 1526 6205 1541 1525 6206 1541 1525 6207 1550 1534 6208 1551 1535 6209 1551 1535 6210 1552 1536 6211 1543 1527 6212 1543 1527 6213 1542 1526 6214 1551 1535 6215 1543 1527 6216 1552 1536 6217 1553 1537 6218 1553 1537 6219 1544 1528 6220 1543 1527 6221 1545 1529 6222 1554 1538 6223 1555 1539 6224 1555 1539 6225 1538 1522 6226 1545 1529 6227 1538 1522 6228 1555 1539 6229 1548 1532 6230 1548 1532 6231 1536 1520 6232 1538 1522 6233 1506 1490 6234 1526 1510 6235 1509 1493 6236 1509 1493 6237 1507 1491 6238 1506 1490 6239 1509 1493 6240 1526 1510 6241 1525 1509 6242 1525 1509 6243 1510 1494 6244 1509 1493 6245 1525 1509 6246 1512 1496 6247 1511 1495 6248 1511 1495 6249 1510 1494 6250 1525 1509 6251 1556 1540 6252 1500 1484 6253 1511 1495 6254 1511 1495 6255 1514 1498 6256 1556 1540 6257 1557 1541 6258 1556 1540 6259 1514 1498 6260 1514 1498 6261 1515 1499 6262 1557 1541 6263 1558 1542 6264 1557 1541 6265 1515 1499 6266 1515 1499 6267 1517 1501 6268 1558 1542 6269 1559 1543 6270 1503 1487 6271 1558 1542 6272 1558 1542 6273 1560 1544 6274 1559 1543 6275 1561 1545 6276 1535 1519 6277 1505 1489 6278 1505 1489 6279 1508 1492 6280 1561 1545 6281 1491 1475 6282 1562 1546 6283 522 520 6284 522 520 6285 444 442 6286 1491 1475 6287 1496 1480 6288 1563 1547 6289 1562 1546 6290 1562 1546 6291 1491 1475 6292 1496 1480 6293 1497 1481 6294 1564 1548 6295 1563 1547 6296 1563 1547 6297 1496 1480 6298 1497 1481 6299 1565 1549 6300 1564 1548 6301 1497 1481 6302 1497 1481 6303 1498 1482 6304 1565 1549 6305 1566 1550 6306 1565 1549 6307 1498 1482 6308 1498 1482 6309 1502 1486 6310 1566 1550 6311 528 526 6312 1566 1550 6313 1502 1486 6314 1502 1486 6315 459 457 6316 528 526 6317 1556 1540 6318 1557 1541 6319 1486 1470 6320 1486 1470 6321 1485 1469 6322 1556 1540 6323 1500 1484 6324 1556 1540 6325 1485 1469 6326 1485 1469 6327 1489 1473 6328 1500 1484 6329 1493 1477 6330 1490 1474 6331 1481 1465 6332 1481 1465 6333 1483 1467 6334 1493 1477 6335 1493 1477 6336 1492 1476 6337 1501 1485 6338 1501 1485 6339 1499 1483 6340 1493 1477 6341 1489 1473 6342 1488 1472 6343 1495 1479 6344 1495 1479 6345 1499 1483 6346 1489 1473 6347 1557 1541 6348 1558 1542 6349 1503 1487 6350 1503 1487 6351 1486 1470 6352 1557 1541 6353 1559 1543 6354 529 527 6355 461 459 6356 461 459 6357 1503 1487 6358 1559 1543 6359 1517 1501 6360 1519 1503 6361 1560 1544 6362 1560 1544 6363 1558 1542 6364 1517 1501 6365 1521 1505 6366 1561 1545 6367 1508 1492 6368 1508 1492 6369 1522 1506 6370 1521 1505 6371 1494 1478 6372 1522 1506 6373 1508 1492 6374 1508 1492 6375 1507 1491 6376 1494 1478 6377 1482 1466 6378 1522 1506 6379 1494 1478 6380 1494 1478 6381 1483 1467 6382 1482 1466 6383 460 458 6384 1487 1471 6385 1486 1470 6386 1486 1470 6387 1503 1487 6388 460 458 6389 1567 1551 6390 1568 1552 6391 1569 1553 6392 1569 1553 6393 1570 1554 6394 1567 1551 6395 1570 1554 6396 1569 1553 6397 1362 1344 6398 1362 1344 6399 1361 1343 6400 1570 1554 6401 1571 1555 6402 1572 1556 6403 1568 1552 6404 1568 1552 6405 1567 1551 6406 1571 1555 6407 1573 1557 6408 1574 1558 6409 1575 1559 6410 1575 1559 6411 1576 1560 6412 1573 1557 6413 1354 1336 6414 1357 1339 6415 1574 1558 6416 1574 1558 6417 1573 1557 6418 1354 1336 6419 1577 1561 6420 1578 1562 6421 1579 1563 6422 1579 1563 6423 1580 1564 6424 1577 1561 6425 1360 1342 6426 1363 1345 6427 1356 1338 6428 1356 1338 6429 1355 1337 6430 1360 1342 6431 1581 1565 6432 1582 1566 6433 1583 1567 6434 1583 1567 6435 1584 1568 6436 1581 1565 6437 1585 1569 6438 1342 1324 6439 1341 1323 6440 1341 1323 6441 1586 1570 6442 1585 1569 6443 1586 1570 6444 1341 1323 6445 1343 1325 6446 1343 1325 6447 1583 1567 6448 1586 1570 6449 1345 1327 6450 1342 1324 6451 1585 1569 6452 1585 1569 6453 1587 1571 6454 1345 1327 6455 1349 1331 6456 1348 1330 6457 1588 1572 6458 1588 1572 6459 1589 1573 6460 1349 1331 6461 1577 1561 6462 1353 1335 6463 1349 1331 6464 1349 1331 6465 1589 1573 6466 1577 1561 6467 1359 1341 6468 1358 1340 6469 1580 1564 6470 1580 1564 6471 1584 1568 6472 1359 1341 6473 1353 1335 6474 1358 1340 6475 1351 1333 6476 1351 1333 6477 1352 1334 6478 1353 1335 6479 1350 1332 6480 1359 1341 6481 1343 1325 6482 1343 1325 6483 1338 1320 6484 1350 1332 6485 1353 1335 6486 1577 1561 6487 1580 1564 6488 1580 1564 6489 1358 1340 6490 1353 1335 6491 1584 1568 6492 1583 1567 6493 1343 1325 6494 1343 1325 6495 1359 1341 6496 1584 1568 6497 1590 1574 6498 1585 1569 6499 1586 1570 6500 1586 1570 6501 1591 1575 6502 1590 1574 6503 1591 1575 6504 1586 1570 6505 1583 1567 6506 1583 1567 6507 1582 1566 6508 1591 1575 6509 1587 1571 6510 1585 1569 6511 1590 1574 6512 1590 1574 6513 1592 1576 6514 1587 1571 6515 1589 1573 6516 1588 1572 6517 1593 1577 6518 1593 1577 6519 1594 1578 6520 1589 1573 6521 1578 1562 6522 1577 1561 6523 1589 1573 6524 1589 1573 6525 1594 1578 6526 1578 1562 6527 1584 1568 6528 1580 1564 6529 1579 1563 6530 1579 1563 6531 1581 1565 6532 1584 1568 6533 1474 1458 6534 1480 1464 6535 1265 1247 6536 1265 1247 6537 1294 1276 6538 1474 1458 6539 1480 1464 6540 1466 1450 6541 1266 1248 6542 1266 1248 6543 1265 1247 6544 1480 1464 6545 1470 1454 6546 1292 1274 6547 1471 1455 6548 1294 1276 6549 1292 1274 6550 1470 1454 6551 1475 1459 6552 1461 1445 6553 1259 1241 6554 1259 1241 6555 1476 1460 6556 1475 1459 6557 1263 1245 6558 1595 1579 6559 1262 1244 6560 1596 1580 6561 1597 1581 6562 1267 1249 6563 1267 1249 6564 1266 1248 6565 1596 1580 6566 1301 1283 6567 1300 1282 6568 1303 1285 6569 1598 1582 6570 1479 1463 6571 1259 1241 6572 1259 1241 6573 1258 1240 6574 1598 1582 6575 1469 1453 6576 1596 1580 6577 1266 1248 6578 1266 1248 6579 1466 1450 6580 1469 1453 6581 1599 1583 6582 1600 1584 6583 1601 1585 6584 1601 1585 6585 1602 1586 6586 1599 1583 6587 1603 1587 6588 1599 1583 6589 1602 1586 6590 1602 1586 6591 1604 1588 6592 1603 1587 6593 1605 1589 6594 1603 1587 6595 1604 1588 6596 1604 1588 6597 1606 1590 6598 1605 1589 6599 1607 1591 6600 1608 1592 6601 1609 1593 6602 1609 1593 6603 1610 1594 6604 1607 1591 6605 1611 1595 6606 1610 1594 6607 1609 1593 6608 1609 1593 6609 1612 1596 6610 1611 1595 6611 1605 1589 6612 1606 1590 6613 1611 1595 6614 1611 1595 6615 1612 1596 6616 1605 1589 6617 1613 1597 6618 1608 1592 6619 1607 1591 6620 1607 1591 6621 1614 1598 6622 1613 1597 6623 1615 1599 6624 1613 1597 6625 587 585 6626 587 585 6627 586 584 6628 1615 1599 6629 1616 1600 6630 1600 1584 6631 1617 1601 6632 1617 1601 6633 1618 1602 6634 1616 1600 6635 1616 1600 6636 1618 1602 6637 1619 1603 6638 1619 1603 6639 1620 1604 6640 1616 1600 6641 1617 1601 6642 1600 1584 6643 1599 1583 6644 1599 1583 6645 1621 1605 6646 1617 1601 6647 1621 1605 6648 1599 1583 6649 1603 1587 6650 1603 1587 6651 1622 1606 6652 1621 1605 6653 1622 1606 6654 1603 1587 6655 1605 1589 6656 1605 1589 6657 1623 1607 6658 1622 1606 6659 1609 1593 6660 1608 1592 6661 1624 1608 6662 1624 1608 6663 1625 1609 6664 1609 1593 6665 1612 1596 6666 1609 1593 6667 1625 1609 6668 1625 1609 6669 1626 1610 6670 1612 1596 6671 1623 1607 6672 1605 1589 6673 1612 1596 6674 1612 1596 6675 1626 1610 6676 1623 1607 6677 1624 1608 6678 1608 1592 6679 1613 1597 6680 1613 1597 6681 1615 1599 6682 1624 1608 6683 587 585 6684 1613 1597 6685 1614 1598 6686 1614 1598 6687 599 597 6688 587 585 6689 1601 1585 6690 1600 1584 6691 1616 1600 6692 1616 1600 6693 1627 1611 6694 1601 1585 6695 1619 1603 6696 1628 1612 6697 1620 1604 6698 1629 1613 6699 1630 1614 6700 1631 1615 6701 1631 1615 6702 1632 1616 6703 1629 1613 6704 1633 1617 6705 1634 1618 6706 1635 1619 6707 1635 1619 6708 1636 1620 6709 1633 1617 6710 1637 1621 6711 1633 1617 6712 1636 1620 6713 1636 1620 6714 1638 1622 6715 1637 1621 6716 1632 1616 6717 1631 1615 6718 1635 1619 6719 1635 1619 6720 1634 1618 6721 1632 1616 6722 1629 1613 6723 1639 1623 6724 1630 1614 6725 1616 1600 6726 1620 1604 6727 1640 1624 6728 1640 1624 6729 1627 1611 6730 1616 1600 6731 1640 1624 6732 1620 1604 6733 1628 1612 6734 1628 1612 6735 1641 1625 6736 1640 1624 6737 1270 1252 6738 1449 1432 6739 1159 1141 6740 1159 1141 6741 1157 1139 6742 1270 1252 6743 1468 1452 6744 1467 1451 6745 1642 1626 6746 1642 1626 6747 1643 1627 6748 1468 1452 6749 1261 1243 6750 1262 1244 6751 1595 1579 6752 1595 1579 6753 1644 1628 6754 1261 1243 6755 1258 1240 6756 1261 1243 6757 1644 1628 6758 1644 1628 6759 1598 1582 6760 1258 1240 6761 1255 1237 6762 1254 1236 6763 1258 1240 6764 1258 1240 6765 1257 1239 6766 1255 1237 6767 1260 1242 6768 1262 1244 6769 1261 1243 6770 1275 1257 6771 1467 1451 6772 1466 1450 6773 1466 1450 6774 1480 1464 6775 1275 1257 6776 1275 1257 6777 1274 1256 6778 1642 1626 6779 1642 1626 6780 1467 1451 6781 1275 1257 6782 1294 1276 6783 1470 1454 6784 1474 1458 6785 618 616 6786 344 344 6787 1462 1446 6788 1462 1446 6789 1645 1629 6790 618 616 6791 1646 1630 6792 1645 1629 6793 1462 1446 6794 1462 1446 6795 1465 1449 6796 1646 1630 6797 1465 1449 6798 1478 1462 6799 1646 1630 6800 621 619 6801 1647 1631 6802 1648 1632 6803 1648 1632 6804 622 620 6805 621 619 6806 625 623 6807 1649 1633 6808 1647 1631 6809 1647 1631 6810 621 619 6811 625 623 6812 1650 1634 6813 1651 1635 6814 1652 1636 6815 1652 1636 6816 1653 1637 6817 1650 1634 6818 1654 1638 6819 1655 1639 6820 1656 1640 6821 1656 1640 6822 1657 1641 6823 1654 1638 6824 1658 1642 6825 1659 1643 6826 1660 1644 6827 1660 1644 6828 1661 1645 6829 1658 1642 6830 1662 1646 6831 1663 1647 6832 1658 1642 6833 1658 1642 6834 1661 1645 6835 1662 1646 6836 1664 1648 6837 1651 1635 6838 1665 1649 6839 1665 1649 6840 1666 1650 6841 1664 1648 6842 1650 1634 6843 1667 1651 6844 1665 1649 6845 1665 1649 6846 1651 1635 6847 1650 1634 6848 645 643 6849 648 646 6850 1668 1652 6851 1668 1652 6852 1669 1653 6853 645 643 6854 1669 1653 6855 1668 1652 6856 1670 1654 6857 1670 1654 6858 1671 1655 6859 1669 1653 6860 622 620 6861 1648 1632 6862 1664 1648 6863 1664 1648 6864 651 649 6865 622 620 6866 1653 1637 6867 1652 1636 6868 1654 1638 6869 1654 1638 6870 1657 1641 6871 1653 1637 6872 1672 1656 6873 1660 1644 6874 1671 1655 6875 1671 1655 6876 1673 1657 6877 1672 1656 6878 1669 1653 6879 1659 1643 6880 654 652 6881 654 652 6882 645 643 6883 1669 1653 6884 625 623 6885 656 654 6886 1674 1658 6887 1674 1658 6888 1649 1633 6889 625 623 6890 1638 1622 6891 1675 1659 6892 1676 1660 6893 1676 1660 6894 1637 1621 6895 1638 1622 6896 1661 1645 6897 1660 1644 6898 1672 1656 6899 1672 1656 6900 1677 1661 6901 1661 1645 6902 1671 1655 6903 1670 1654 6904 1678 1662 6905 1678 1662 6906 1673 1657 6907 1671 1655 6908 1671 1655 6909 1660 1644 6910 1659 1643 6911 1659 1643 6912 1669 1653 6913 1671 1655 6914 1679 1663 6915 1662 1646 6916 1661 1645 6917 1661 1645 6918 1677 1661 6919 1679 1663 6920 1658 1642 6921 662 660 6922 654 652 6923 654 652 6924 1659 1643 6925 1658 1642 6926 663 661 6927 662 660 6928 1658 1642 6929 1658 1642 6930 1663 1647 6931 663 661 6932 1648 1632 6933 1647 1631 6934 1654 1638 6935 1654 1638 6936 1652 1636 6937 1648 1632 6938 1654 1638 6939 1647 1631 6940 1649 1633 6941 1649 1633 6942 1655 1639 6943 1654 1638 6944 651 649 6945 1664 1648 6946 1666 1650 6947 1666 1650 6948 664 662 6949 651 649 6950 1651 1635 6951 1664 1648 6952 1648 1632 6953 1648 1632 6954 1652 1636 6955 1651 1635 6956 1676 1660 6957 1675 1659 6958 1680 1664 6959 1681 1665 6960 1682 1666 6961 1683 1667 6962 1684 1668 6963 1681 1665 6964 1685 1669 6965 1682 1666 6966 1681 1665 6967 1686 1670 6968 1687 1671 6969 674 672 6970 673 671 6971 1688 1672 6972 1689 1673 6973 1690 1674 6974 1685 1669 6975 1690 1674 6976 1689 1673 6977 1689 1673 6978 1691 1675 6979 1685 1669 6980 1689 1673 6981 1688 1672 6982 1692 1676 6983 1692 1676 6984 1691 1675 6985 1689 1673 6986 1691 1675 6987 1692 1676 6988 1693 1677 6989 1693 1677 6990 1692 1676 6991 1694 1678 6992 1695 1679 6993 1685 1669 6994 1691 1675 6995 1691 1675 6996 1696 1680 6997 1695 1679 6998 1697 1681 6999 1698 1682 7000 1699 1683 7001 1700 1684 7002 1698 1682 7003 1697 1681 7004 1697 1681 7005 1701 1685 7006 1700 1684 7007 1701 1685 7008 1702 1686 7009 1694 1678 7010 1697 1681 7011 1699 1683 7012 1701 1685 7013 1695 1679 7014 1684 1668 7015 1685 1669 7016 1703 1687 7017 1704 1688 7018 1705 1689 7019 1706 1690 7020 1704 1688 7021 1703 1687 7022 1682 1666 7023 1686 1670 7024 1707 1691 7025 1708 1692 7026 1686 1670 7027 1709 1693 7028 1710 1694 7029 1711 1695 7030 1712 1696 7031 1713 1697 7032 1714 1698 7033 1710 1694 7034 1711 1695 7035 1710 1694 7036 1714 1698 7037 1715 1699 7038 1716 1700 7039 1717 1701 7040 1718 1702 7041 1719 1703 7042 1720 1704 7043 1683 1667 7044 1721 1705 7045 1722 1706 7046 1687 1671 7047 673 671 7048 711 709 7049 711 709 7050 1723 1707 7051 1687 1671 7052 1723 1707 7053 1722 1706 7054 1724 1708 7055 1724 1708 7056 1687 1671 7057 1723 1707 7058 713 711 7059 715 713 7060 1690 1674 7061 1690 1674 7062 1725 1709 7063 713 711 7064 1685 1669 7065 1681 1665 7066 1725 1709 7067 1725 1709 7068 1690 1674 7069 1685 1669 7070 1684 1668 7071 1726 1710 7072 1686 1670 7073 1686 1670 7074 1681 1665 7075 1684 1668 7076 1727 1711 7077 1722 1706 7078 1721 1705 7079 1721 1705 7080 1728 1712 7081 1727 1711 7082 1724 1708 7083 1722 1706 7084 1727 1711 7085 1727 1711 7086 1729 1713 7087 1724 1708 7088 1730 1714 7089 1731 1715 7090 1728 1712 7091 1728 1712 7092 1721 1705 7093 1730 1714 7094 1730 1714 7095 1707 1691 7096 1708 1692 7097 1708 1692 7098 1732 1716 7099 1730 1714 7100 1733 1717 7101 1734 1718 7102 1735 1719 7103 1735 1719 7104 1731 1715 7105 1733 1717 7106 1736 1720 7107 1737 1721 7108 1738 1722 7109 1738 1722 7110 1735 1719 7111 1736 1720 7112 715 713 7113 729 727 7114 1688 1672 7115 1688 1672 7116 1690 1674 7117 715 713 7118 730 728 7119 1698 1682 7120 1688 1672 7121 1688 1672 7122 729 727 7123 730 728 7124 1688 1672 7125 1698 1682 7126 1700 1684 7127 1700 1684 7128 1692 1676 7129 1688 1672 7130 1693 1677 7131 1739 1723 7132 1696 1680 7133 1696 1680 7134 1691 1675 7135 1693 1677 7136 732 730 7137 1699 1683 7138 1698 1682 7139 1698 1682 7140 730 728 7141 732 730 7142 732 730 7143 734 732 7144 1740 1724 7145 1740 1724 7146 1699 1683 7147 732 730 7148 1701 1685 7149 1699 1683 7150 1740 1724 7151 1740 1724 7152 1702 1686 7153 1701 1685 7154 1741 1725 7155 1739 1723 7156 1693 1677 7157 1693 1677 7158 1694 1678 7159 1741 1725 7160 1687 1671 7161 1724 1708 7162 1742 1726 7163 1742 1726 7164 674 672 7165 1687 1671 7166 1742 1726 7167 1724 1708 7168 1729 1713 7169 1729 1713 7170 1743 1727 7171 1742 1726 7172 1744 1728 7173 1745 1729 7174 1726 1710 7175 1726 1710 7176 1684 1668 7177 1744 1728 7178 1695 1679 7179 1696 1680 7180 1744 1728 7181 1744 1728 7182 1684 1668 7183 1695 1679 7184 1746 1730 7185 1747 1731 7186 1745 1729 7187 1745 1729 7188 1744 1728 7189 1746 1730 7190 1748 1732 7191 1746 1730 7192 1744 1728 7193 1744 1728 7194 1696 1680 7195 1748 1732 7196 1749 1733 7197 1747 1731 7198 1746 1730 7199 1746 1730 7200 1750 1734 7201 1749 1733 7202 1751 1735 7203 1750 1734 7204 1746 1730 7205 1746 1730 7206 1748 1732 7207 1751 1735 7208 1704 1688 7209 1749 1733 7210 1750 1734 7211 1750 1734 7212 1752 1736 7213 1704 1688 7214 1752 1736 7215 1750 1734 7216 1751 1735 7217 1751 1735 7218 1753 1737 7219 1752 1736 7220 1705 1689 7221 1754 1738 7222 1737 1721 7223 1737 1721 7224 1736 1720 7225 1705 1689 7226 1755 1739 7227 1732 1716 7228 1708 1692 7229 1708 1692 7230 1709 1693 7231 1755 1739 7232 1755 1739 7233 1756 1740 7234 1733 1717 7235 1733 1717 7236 1732 1716 7237 1755 1739 7238 1757 1741 7239 1734 1718 7240 1733 1717 7241 1733 1717 7242 1756 1740 7243 1757 1741 7244 1758 1742 7245 1759 1743 7246 1734 1718 7247 1734 1718 7248 1757 1741 7249 1758 1742 7250 1706 1690 7251 1703 1687 7252 1759 1743 7253 1759 1743 7254 1758 1742 7255 1706 1690 7256 1748 1732 7257 1760 1744 7258 1761 1745 7259 1761 1745 7260 1751 1735 7261 1748 1732 7262 1761 1745 7263 1719 1703 7264 1762 1746 7265 1762 1746 7266 1751 1735 7267 1761 1745 7268 1712 1696 7269 1763 1747 7270 1702 1686 7271 1702 1686 7272 1764 1748 7273 1712 1696 7274 1741 1725 7275 1694 1678 7276 1702 1686 7277 1702 1686 7278 1763 1747 7279 1741 1725 7280 1740 1724 7281 1765 1749 7282 1764 1748 7283 1764 1748 7284 1702 1686 7285 1740 1724 7286 1765 1749 7287 1740 1724 7288 734 732 7289 734 732 7290 760 758 7291 1765 1749 7292 760 758 7293 762 760 7294 1766 1750 7295 1766 1750 7296 1765 1749 7297 760 758 7298 1766 1750 7299 1767 1751 7300 1764 1748 7301 1764 1748 7302 1765 1749 7303 1766 1750 7304 1764 1748 7305 1767 1751 7306 1710 1694 7307 1710 1694 7308 1712 1696 7309 1764 1748 7310 1763 1747 7311 1712 1696 7312 1711 1695 7313 1711 1695 7314 1768 1752 7315 1763 1747 7316 1741 1725 7317 1763 1747 7318 1768 1752 7319 1768 1752 7320 1717 1701 7321 1741 1725 7322 1769 1753 7323 768 766 7324 767 765 7325 767 765 7326 1770 1754 7327 1769 1753 7328 1770 1754 7329 1771 1755 7330 1769 1753 7331 1713 1697 7332 1710 1694 7333 1772 1756 7334 1713 1697 7335 1772 1756 7336 1773 1757 7337 1773 1757 7338 1774 1758 7339 1713 1697 7340 1714 1698 7341 1713 1697 7342 1774 1758 7343 1774 1758 7344 1775 1759 7345 1714 1698 7346 1770 1754 7347 767 765 7348 774 772 7349 774 772 7350 1773 1757 7351 1770 1754 7352 1773 1757 7353 774 772 7354 776 774 7355 776 774 7356 1776 1760 7357 1773 1757 7358 1777 1761 7359 1774 1758 7360 1773 1757 7361 1773 1757 7362 1776 1760 7363 1777 1761 7364 1775 1759 7365 1774 1758 7366 1777 1761 7367 1777 1761 7368 1715 1699 7369 1775 1759 7370 1760 1744 7371 1739 1723 7372 1741 1725 7373 1741 1725 7374 1717 1701 7375 1760 1744 7376 1760 1744 7377 1717 1701 7378 1716 1700 7379 1716 1700 7380 1761 1745 7381 1760 1744 7382 1715 1699 7383 1777 1761 7384 1778 1762 7385 1778 1762 7386 1779 1763 7387 1715 1699 7388 1776 1760 7389 1780 1764 7390 1778 1762 7391 1778 1762 7392 1777 1761 7393 1776 1760 7394 776 774 7395 781 779 7396 1780 1764 7397 1780 1764 7398 1776 1760 7399 776 774 7400 1711 1695 7401 1714 1698 7402 1775 1759 7403 1775 1759 7404 1768 1752 7405 1711 1695 7406 1779 1763 7407 1781 1765 7408 1716 1700 7409 1716 1700 7410 1715 1699 7411 1779 1763 7412 1761 1745 7413 1716 1700 7414 1781 1765 7415 1781 1765 7416 1719 1703 7417 1761 1745 7418 1781 1765 7419 1782 1766 7420 1720 1704 7421 1720 1704 7422 1719 1703 7423 1781 1765 7424 784 782 7425 1783 1767 7426 1780 1764 7427 1780 1764 7428 781 779 7429 784 782 7430 1778 1762 7431 1780 1764 7432 1783 1767 7433 1783 1767 7434 1784 1768 7435 1778 1762 7436 1779 1763 7437 1778 1762 7438 1784 1768 7439 1784 1768 7440 1785 1769 7441 1779 1763 7442 1781 1765 7443 1779 1763 7444 1785 1769 7445 1785 1769 7446 1782 1766 7447 1781 1765 7448 1786 1770 7449 1787 1771 7450 1782 1766 7451 1782 1766 7452 1785 1769 7453 1786 1770 7454 1787 1771 7455 1788 1772 7456 1720 1704 7457 1720 1704 7458 1782 1766 7459 1787 1771 7460 1789 1773 7461 1786 1770 7462 1785 1769 7463 1785 1769 7464 1784 1768 7465 1789 1773 7466 1790 1774 7467 1718 1702 7468 1720 1704 7469 1720 1704 7470 1788 1772 7471 1790 1774 7472 1784 1768 7473 1783 1767 7474 1789 1773 7475 793 791 7476 1789 1773 7477 1783 1767 7478 1783 1767 7479 784 782 7480 793 791 7481 1791 1775 7482 1792 1776 7483 1793 1777 7484 1793 1777 7485 1794 1778 7486 1791 1775 7487 1795 1779 7488 1796 1780 7489 1797 1781 7490 1797 1781 7491 1798 1782 7492 1795 1779 7493 1791 1775 7494 1794 1778 7495 1796 1780 7496 1796 1780 7497 1799 1783 7498 1791 1775 7499 1800 1784 7500 1801 1785 7501 1797 1781 7502 1797 1781 7503 1802 1786 7504 1800 1784 7505 1803 1787 7506 1804 1788 7507 1801 1785 7508 1801 1785 7509 1800 1784 7510 1803 1787 7511 1803 1787 7512 809 807 7513 808 806 7514 808 806 7515 1804 1788 7516 1803 1787 7517 1805 1789 7518 1806 1790 7519 1807 1791 7520 1807 1791 7521 1808 1792 7522 1805 1789 7523 1809 1793 7524 1810 1794 7525 1811 1795 7526 1811 1795 7527 1812 1796 7528 1809 1793 7529 1813 1797 7530 1814 1798 7531 1799 1783 7532 1799 1783 7533 1815 1799 7534 1813 1797 7535 1743 1727 7536 1816 1800 7537 1817 1801 7538 1817 1801 7539 1742 1726 7540 1743 1727 7541 1818 1802 7542 1819 1803 7543 1820 1804 7544 1820 1804 7545 1821 1805 7546 1818 1802 7547 1819 1803 7548 828 826 7549 827 825 7550 827 825 7551 1820 1804 7552 1819 1803 7553 1683 1667 7554 1723 1707 7555 1822 1806 7556 1683 1667 7557 1822 1806 7558 1725 1709 7559 1725 1709 7560 1681 1665 7561 1683 1667 7562 711 709 7563 830 828 7564 1822 1806 7565 1822 1806 7566 1723 1707 7567 711 709 7568 830 828 7569 713 711 7570 1725 1709 7571 1725 1709 7572 1822 1806 7573 830 828 7574 1701 1685 7575 1694 1678 7576 1700 1684 7577 1752 1736 7578 1754 1738 7579 1704 1688 7580 1748 1732 7581 1696 1680 7582 1739 1723 7583 1739 1723 7584 1760 1744 7585 1748 1732 7586 1717 1701 7587 1768 1752 7588 1775 1759 7589 1775 1759 7590 1715 1699 7591 1717 1701 7592 1823 1807 7593 1824 1808 7594 1825 1809 7595 1826 1810 7596 1827 1811 7597 1825 1809 7598 1827 1811 7599 1828 1812 7600 1825 1809 7601 1828 1812 7602 1829 1813 7603 1825 1809 7604 1829 1813 7605 1830 1814 7606 1825 1809 7607 1830 1814 7608 1831 1815 7609 1825 1809 7610 1831 1815 7611 1823 1807 7612 1825 1809 7613 1832 1816 7614 1826 1810 7615 1825 1809 7616 1833 1817 7617 1832 1816 7618 1825 1809 7619 1834 1818 7620 1833 1817 7621 1825 1809 7622 1835 1819 7623 1834 1818 7624 1825 1809 7625 1824 1808 7626 1835 1819 7627 1825 1809 7628 1836 1820 7629 1837 1821 7630 846 844 7631 846 844 7632 845 843 7633 1836 1820 7634 1836 1820 7635 1838 1822 7636 1839 1823 7637 1839 1823 7638 1837 1821 7639 1836 1820 7640 1838 1822 7641 1840 1824 7642 1841 1825 7643 1841 1825 7644 1839 1823 7645 1838 1822 7646 852 850 7647 1842 1826 7648 1843 1827 7649 1843 1827 7650 853 851 7651 852 850 7652 1843 1827 7653 1842 1826 7654 1844 1828 7655 1844 1828 7656 1845 1829 7657 1843 1827 7658 1845 1829 7659 1844 1828 7660 1841 1825 7661 1841 1825 7662 1840 1824 7663 1845 1829 7664 1846 1830 7665 1836 1820 7666 845 843 7667 845 843 7668 859 857 7669 1846 1830 7670 1847 1831 7671 1838 1822 7672 1836 1820 7673 1836 1820 7674 1846 1830 7675 1847 1831 7676 1848 1832 7677 1840 1824 7678 1838 1822 7679 1838 1822 7680 1847 1831 7681 1848 1832 7682 1849 1833 7683 863 861 7684 853 851 7685 853 851 7686 1843 1827 7687 1849 1833 7688 1850 1834 7689 1849 1833 7690 1843 1827 7691 1843 1827 7692 1845 1829 7693 1850 1834 7694 1848 1832 7695 1850 1834 7696 1845 1829 7697 1845 1829 7698 1840 1824 7699 1848 1832 7700 859 857 7701 863 861 7702 1849 1833 7703 1849 1833 7704 1846 1830 7705 859 857 7706 1847 1831 7707 1846 1830 7708 1849 1833 7709 1849 1833 7710 1850 1834 7711 1847 1831 7712 1847 1831 7713 1850 1834 7714 1848 1832 7715 1762 1746 7716 1851 1835 7717 1753 1737 7718 1852 1836 7719 1762 1746 7720 1719 1703 7721 1852 1836 7722 1719 1703 7723 1718 1702 7724 1852 1836 7725 1851 1835 7726 1762 1746 7727 1853 1837 7728 1753 1737 7729 1854 1838 7730 1731 1715 7731 1730 1714 7732 1732 1716 7733 1732 1716 7734 1733 1717 7735 1731 1715 7736 1707 1691 7737 1730 1714 7738 1721 1705 7739 1721 1705 7740 1682 1666 7741 1707 1691 7742 1731 1715 7743 1735 1719 7744 1738 1722 7745 1738 1722 7746 1728 1712 7747 1731 1715 7748 1759 1743 7749 1736 1720 7750 1735 1719 7751 1735 1719 7752 1734 1718 7753 1759 1743 7754 1703 1687 7755 1705 1689 7756 1736 1720 7757 1736 1720 7758 1759 1743 7759 1703 1687 7760 1686 1670 7761 1708 1692 7762 1707 1691 7763 1704 1688 7764 1754 1738 7765 1705 1689 7766 1855 1839 7767 1856 1840 7768 1857 1841 7769 1857 1841 7770 1858 1842 7771 1855 1839 7772 1729 1713 7773 1858 1842 7774 1743 1727 7775 1737 1721 7776 1859 1843 7777 1860 1844 7778 1859 1843 7779 1737 1721 7780 1754 1738 7781 1728 1712 7782 1738 1722 7783 1861 1845 7784 1861 1845 7785 1727 1711 7786 1728 1712 7787 1729 1713 7788 1727 1711 7789 1861 1845 7790 1738 1722 7791 1737 1721 7792 1860 1844 7793 1860 1844 7794 1861 1845 7795 1738 1722 7796 1855 1839 7797 1858 1842 7798 1861 1845 7799 1861 1845 7800 1860 1844 7801 1855 1839 7802 1853 1837 7803 1855 1839 7804 1859 1843 7805 1853 1837 7806 1859 1843 7807 1752 1736 7808 1752 1736 7809 1753 1737 7810 1853 1837 7811 1752 1736 7812 1859 1843 7813 1754 1738 7814 1729 1713 7815 1861 1845 7816 1858 1842 7817 1862 1846 7818 1863 1847 7819 1864 1848 7820 1862 1846 7821 1864 1848 7822 1865 1849 7823 1862 1846 7824 1865 1849 7825 1866 1850 7826 1862 1846 7827 1867 1851 7828 1868 1852 7829 1862 1846 7830 1868 1852 7831 1869 1853 7832 1862 1846 7833 1869 1853 7834 1863 1847 7835 1870 1854 7836 1871 1855 7837 1864 1848 7838 1864 1848 7839 1863 1847 7840 1870 1854 7841 1871 1855 7842 1872 1856 7843 1865 1849 7844 1865 1849 7845 1864 1848 7846 1871 1855 7847 1865 1849 7848 1872 1856 7849 1873 1857 7850 1873 1857 7851 1866 1850 7852 1865 1849 7853 1874 1858 7854 1875 1859 7855 1868 1852 7856 1868 1852 7857 1867 1851 7858 1874 1858 7859 1876 1860 7860 1869 1853 7861 1868 1852 7862 1868 1852 7863 1875 1859 7864 1876 1860 7865 1876 1860 7866 1870 1854 7867 1863 1847 7868 1863 1847 7869 1869 1853 7870 1876 1860 7871 1877 1861 7872 1878 1862 7873 1871 1855 7874 1871 1855 7875 1870 1854 7876 1877 1861 7877 1878 1862 7878 1879 1863 7879 1872 1856 7880 1872 1856 7881 1871 1855 7882 1878 1862 7883 1880 1864 7884 1873 1857 7885 1872 1856 7886 1872 1856 7887 1879 1863 7888 1880 1864 7889 1881 1865 7890 1882 1866 7891 1875 1859 7892 1875 1859 7893 1874 1858 7894 1881 1865 7895 1882 1866 7896 1883 1867 7897 1876 1860 7898 1876 1860 7899 1875 1859 7900 1882 1866 7901 1883 1867 7902 1877 1861 7903 1870 1854 7904 1870 1854 7905 1876 1860 7906 1883 1867 7907 1884 1868 7908 1878 1862 7909 1877 1861 7910 1877 1861 7911 1885 1869 7912 1884 1868 7913 1886 1870 7914 1879 1863 7915 1878 1862 7916 1878 1862 7917 1884 1868 7918 1886 1870 7919 1886 1870 7920 1887 1871 7921 1880 1864 7922 1880 1864 7923 1879 1863 7924 1886 1870 7925 1888 1872 7926 1889 1873 7927 1882 1866 7928 1882 1866 7929 1881 1865 7930 1888 1872 7931 1889 1873 7932 1890 1874 7933 1883 1867 7934 1883 1867 7935 1882 1866 7936 1889 1873 7937 1890 1874 7938 1885 1869 7939 1877 1861 7940 1877 1861 7941 1883 1867 7942 1890 1874 7943 1891 1875 7944 1892 1876 7945 1884 1868 7946 1884 1868 7947 1885 1869 7948 1891 1875 7949 1892 1876 7950 1893 1877 7951 1886 1870 7952 1886 1870 7953 1884 1868 7954 1892 1876 7955 1894 1878 7956 1887 1871 7957 1886 1870 7958 1886 1870 7959 1893 1877 7960 1894 1878 7961 1888 1872 7962 1895 1879 7963 1896 1880 7964 1896 1880 7965 1889 1873 7966 1888 1872 7967 1889 1873 7968 1896 1880 7969 1897 1881 7970 1897 1881 7971 1890 1874 7972 1889 1873 7973 1885 1869 7974 1890 1874 7975 1897 1881 7976 1897 1881 7977 1891 1875 7978 1885 1869 7979 1898 1882 7980 1899 1883 7981 1892 1876 7982 1892 1876 7983 1891 1875 7984 1898 1882 7985 1893 1877 7986 1892 1876 7987 1899 1883 7988 1899 1883 7989 1900 1884 7990 1893 1877 7991 1900 1884 7992 1901 1885 7993 1894 1878 7994 1894 1878 7995 1893 1877 7996 1900 1884 7997 1895 1879 7998 1902 1886 7999 1903 1887 8000 1903 1887 8001 1896 1880 8002 1895 1879 8003 1903 1887 8004 1904 1888 8005 1897 1881 8006 1897 1881 8007 1896 1880 8008 1903 1887 8009 1904 1888 8010 1898 1882 8011 1891 1875 8012 1891 1875 8013 1897 1881 8014 1904 1888 8015 1898 1882 8016 1905 1889 8017 1906 1890 8018 1906 1890 8019 1899 1883 8020 1898 1882 8021 1899 1883 8022 1906 1890 8023 1907 1891 8024 1907 1891 8025 1900 1884 8026 1899 1883 8027 1907 1891 8028 1908 1892 8029 1901 1885 8030 1901 1885 8031 1900 1884 8032 1907 1891 8033 1902 1886 8034 1909 1893 8035 1910 1894 8036 1910 1894 8037 1903 1887 8038 1902 1886 8039 1910 1894 8040 1911 1895 8041 1904 1888 8042 1904 1888 8043 1903 1887 8044 1910 1894 8045 1911 1895 8046 1905 1889 8047 1898 1882 8048 1898 1882 8049 1904 1888 8050 1911 1895 8051 1912 1896 8052 1906 1890 8053 1905 1889 8054 1912 1896 8055 1907 1891 8056 1906 1890 8057 1912 1896 8058 1908 1892 8059 1907 1891 8060 1912 1896 8061 1910 1894 8062 1909 1893 8063 1912 1896 8064 1911 1895 8065 1910 1894 8066 1912 1896 8067 1905 1889 8068 1911 1895 8069 1913 1897 8070 1914 1898 8071 1862 1846 8072 1862 1846 8073 1866 1850 8074 1913 1897 8075 1915 1899 8076 1867 1851 8077 1862 1846 8078 1862 1846 8079 1914 1898 8080 1915 1899 8081 1916 1900 8082 1913 1897 8083 1866 1850 8084 1866 1850 8085 1873 1857 8086 1916 1900 8087 1917 1901 8088 1874 1858 8089 1867 1851 8090 1867 1851 8091 1915 1899 8092 1917 1901 8093 1918 1902 8094 1916 1900 8095 1873 1857 8096 1873 1857 8097 1880 1864 8098 1918 1902 8099 1919 1903 8100 1881 1865 8101 1874 1858 8102 1874 1858 8103 1917 1901 8104 1919 1903 8105 1918 1902 8106 1880 1864 8107 1887 1871 8108 1887 1871 8109 1920 1904 8110 1918 1902 8111 1921 1905 8112 1888 1872 8113 1881 1865 8114 1881 1865 8115 1919 1903 8116 1921 1905 8117 1887 1871 8118 1894 1878 8119 1922 1906 8120 1922 1906 8121 1920 1904 8122 1887 1871 8123 1888 1872 8124 1921 1905 8125 1923 1907 8126 1923 1907 8127 1895 1879 8128 1888 1872 8129 1922 1906 8130 1894 1878 8131 1901 1885 8132 1901 1885 8133 1924 1908 8134 1922 1906 8135 1923 1907 8136 1925 1909 8137 1902 1886 8138 1902 1886 8139 1895 1879 8140 1923 1907 8141 1924 1908 8142 1901 1885 8143 1908 1892 8144 1908 1892 8145 1926 1910 8146 1924 1908 8147 1925 1909 8148 1927 1911 8149 1909 1893 8150 1909 1893 8151 1902 1886 8152 1925 1909 8153 1926 1910 8154 1908 1892 8155 1912 1896 8156 1912 1896 8157 1928 1912 8158 1926 1910 8159 1927 1911 8160 1928 1912 8161 1912 1896 8162 1912 1896 8163 1909 1893 8164 1927 1911 8165 1694 1678 8166 1692 1676 8167 1700 1684 8168 1683 1667 8169 1722 1706 8170 1723 1707 8171 1855 1839 8172 1860 1844 8173 1859 1843 8174 1772 1756 8175 1770 1754 8176 1773 1757 8177 1771 1755 8178 1770 1754 8179 1772 1756 8180 1710 1694 8181 1771 1755 8182 1772 1756 8183 1683 1667 8184 1682 1666 8185 1721 1705 8186 1929 1913 8187 1930 1914 8188 1931 1915 8189 1931 1915 8190 1932 1916 8191 1929 1913 8192 1930 1914 8193 1929 1913 8194 1933 1917 8195 1933 1917 8196 1934 1918 8197 1930 1914 8198 1935 1919 8199 1936 1920 8200 1937 1921 8201 1937 1921 8202 1938 1922 8203 1935 1919 8204 1939 1923 8205 1940 1924 8206 1937 1921 8207 1937 1921 8208 1936 1920 8209 1939 1923 8210 1938 1922 8211 956 954 8212 955 953 8213 955 953 8214 1935 1919 8215 1938 1922 8216 1933 1917 8217 1941 1925 8218 1934 1918 8219 1939 1923 8220 1942 1926 8221 1940 1924 8222 1742 1726 8223 1817 1801 8224 959 957 8225 959 957 8226 674 672 8227 1742 1726 8228 1943 1927 8229 1944 1928 8230 1945 1929 8231 1945 1929 8232 1946 1930 8233 1943 1927 8234 1762 1746 8235 1753 1737 8236 1751 1735 8237 1808 1792 8238 1807 1791 8239 965 963 8240 965 963 8241 964 962 8242 1808 1792 8243 1947 1931 8244 1948 1932 8245 1806 1790 8246 1806 1790 8247 1805 1789 8248 1947 1931 8249 1810 1794 8250 1809 1793 8251 1948 1932 8252 1948 1932 8253 1947 1931 8254 1810 1794 8255 1821 1805 8256 1812 1796 8257 1811 1795 8258 1811 1795 8259 1818 1802 8260 1821 1805 8261 1814 1798 8262 1813 1797 8263 1949 1933 8264 1949 1933 8265 1950 1934 8266 1814 1798 8267 1949 1933 8268 971 969 8269 970 968 8270 970 968 8271 1950 1934 8272 1949 1933 8273 1802 1786 8274 1797 1781 8275 1796 1780 8276 1796 1780 8277 1794 1778 8278 1802 1786 8279 1798 1782 8280 1797 1781 8281 1801 1785 8282 1801 1785 8283 1951 1935 8284 1798 1782 8285 1951 1935 8286 1801 1785 8287 1804 1788 8288 1804 1788 8289 1952 1936 8290 1951 1935 8291 1804 1788 8292 808 806 8293 974 972 8294 974 972 8295 1952 1936 8296 1804 1788 8297 1815 1799 8298 1799 1783 8299 1796 1780 8300 1796 1780 8301 1795 1779 8302 1815 1799 8303 1655 1639 8304 1953 1937 8305 1954 1938 8306 1954 1938 8307 1656 1640 8308 1655 1639 8309 1674 1658 8310 1953 1937 8311 1655 1639 8312 1655 1639 8313 1649 1633 8314 1674 1658 8315 1662 1646 8316 1679 1663 8317 1955 1939 8318 1955 1939 8319 1956 1940 8320 1662 1646 8321 1953 1937 8322 1314 1296 8323 1313 1295 8324 1313 1295 8325 1954 1938 8326 1953 1937 8327 1674 1658 8328 1957 1941 8329 1953 1937 8330 1314 1296 8331 1957 1941 8332 1280 1262 8333 1280 1262 8334 1283 1265 8335 1314 1296 8336 1662 1646 8337 1956 1940 8338 1958 1942 8339 1958 1942 8340 1959 1943 8341 1662 1646 8342 1286 1268 8343 1470 1454 8344 1473 1457 8345 1953 1937 8346 1957 1941 8347 1314 1296 8348 663 661 8349 1663 1647 8350 1960 1944 8351 1960 1944 8352 982 980 8353 663 661 8354 1961 1945 8355 1960 1944 8356 1663 1647 8357 1663 1647 8358 1662 1646 8359 1959 1943 8360 1959 1943 8361 1961 1945 8362 1663 1647 8363 1325 1307 8364 1279 1261 8365 1306 1288 8366 1855 1839 8367 1853 1837 8368 1854 1838 8369 1854 1838 8370 1856 1840 8371 1855 1839 8372 1962 1946 8373 1963 1947 8374 1964 1948 8375 1965 1949 8376 1966 1950 8377 1967 1951 8378 991 989 8379 1968 1952 8380 1969 1953 8381 1969 1953 8382 1970 1954 8383 991 989 8384 1962 1946 8385 1971 1955 8386 1963 1947 8387 1967 1951 8388 1966 1950 8389 1970 1954 8390 1972 1956 8391 1973 1957 8392 1974 1958 8393 1975 1959 8394 1001 999 8395 1976 1960 8396 1977 1961 8397 1003 1001 8398 1001 999 8399 1973 1957 8400 1978 1962 8401 1979 1963 8402 1979 1963 8403 1977 1961 8404 1975 1959 8405 1979 1963 8406 1978 1962 8407 1977 1961 8408 1973 1957 8409 1972 1956 8410 1980 1964 8411 1981 1965 8412 1009 1007 8413 1008 1006 8414 1982 1966 8415 1975 1959 8416 1976 1960 8417 1011 1009 8418 1978 1962 8419 1983 1967 8420 1984 1968 8421 1985 1969 8422 1986 1970 8423 1987 1971 8424 1988 1972 8425 1984 1968 8426 1018 1016 8427 1984 1968 8428 1019 1017 8429 1989 1973 8430 1987 1971 8431 1990 1974 8432 1990 1974 8433 1991 1975 8434 1989 1973 8435 1986 1970 8436 1992 1976 8437 1993 1977 8438 1983 1967 8439 1994 1978 8440 1026 1024 8441 1026 1024 8442 1025 1023 8443 1983 1967 8444 1976 1960 8445 1028 1026 8446 1009 1007 8447 1989 1973 8448 1976 1960 8449 1981 1965 8450 1018 1016 8451 1029 1027 8452 1984 1968 8453 1008 1006 8454 1019 1017 8455 1988 1972 8456 1982 1966 8457 1976 1960 8458 1989 1973 8459 1972 1956 8460 1974 1958 8461 1995 1979 8462 1976 1960 8463 1009 1007 8464 1981 1965 8465 1988 1972 8466 1987 1971 8467 1981 1965 8468 1982 1966 8469 1989 1973 8470 1991 1975 8471 1991 1975 8472 1995 1979 8473 1982 1966 8474 1986 1970 8475 1993 1977 8476 1991 1975 8477 1983 1967 8478 1025 1023 8479 1011 1009 8480 1983 1967 8481 1973 1957 8482 1980 1964 8483 1980 1964 8484 1994 1978 8485 1983 1967 8486 1972 1956 8487 1996 1980 8488 1997 1981 8489 1980 1964 8490 1997 1981 8491 1994 1978 8492 1987 1971 8493 1984 1968 8494 1990 1974 8495 1008 1006 8496 1988 1972 8497 1981 1965 8498 1978 1962 8499 1003 1001 8500 1977 1961 8501 1991 1975 8502 1990 1974 8503 1986 1970 8504 1995 1979 8505 1974 1958 8506 1979 1963 8507 1979 1963 8508 1982 1966 8509 1995 1979 8510 1995 1979 8511 1991 1975 8512 1993 1977 8513 1990 1974 8514 1984 1968 8515 1986 1970 8516 1974 1958 8517 1973 1957 8518 1979 1963 8519 1978 1962 8520 1011 1009 8521 1003 1001 8522 1983 1967 8523 1978 1962 8524 1973 1957 8525 1979 1963 8526 1975 1959 8527 1982 1966 8528 1019 1017 8529 1984 1968 8530 1988 1972 8531 1989 1973 8532 1981 1965 8533 1987 1971 8534 1984 1968 8535 1029 1027 8536 1985 1969 8537 1972 1956 8538 1995 1979 8539 1993 1977 8540 1998 1982 8541 1999 1983 8542 2000 1984 8543 2000 1984 8544 2001 1985 8545 1998 1982 8546 2002 1986 8547 2003 1987 8548 1999 1983 8549 1999 1983 8550 1998 1982 8551 2002 1986 8552 2004 1988 8553 2002 1986 8554 1998 1982 8555 1998 1982 8556 2005 1989 8557 2004 1988 8558 2006 1990 8559 2002 1986 8560 2004 1988 8561 2004 1988 8562 2007 1991 8563 2006 1990 8564 2006 1990 8565 2008 1992 8566 2003 1987 8567 2003 1987 8568 2002 1986 8569 2006 1990 8570 2009 1993 8571 2008 1992 8572 2006 1990 8573 2006 1990 8574 2010 1994 8575 2009 1993 8576 2011 1995 8577 2010 1994 8578 2006 1990 8579 2006 1990 8580 2007 1991 8581 2011 1995 8582 2012 1996 8583 2010 1994 8584 2011 1995 8585 2011 1995 8586 2013 1997 8587 2012 1996 8588 2009 1993 8589 2010 1994 8590 2012 1996 8591 2012 1996 8592 2014 1998 8593 2009 1993 8594 1999 1983 8595 2015 1999 8596 2016 2000 8597 2016 2000 8598 2000 1984 8599 1999 1983 8600 1999 1983 8601 2003 1987 8602 2017 2001 8603 2017 2001 8604 2015 1999 8605 1999 1983 8606 2008 1992 8607 2018 2002 8608 2017 2001 8609 2017 2001 8610 2003 1987 8611 2008 1992 8612 2012 1996 8613 1055 1053 8614 1054 1052 8615 1054 1052 8616 2014 1998 8617 2012 1996 8618 2013 1997 8619 1056 1054 8620 1055 1053 8621 1055 1053 8622 2012 1996 8623 2013 1997 8624 2009 1993 8625 2018 2002 8626 2008 1992 8627 1972 1956 8628 1993 1977 8629 2019 2003 8630 2019 2003 8631 1996 1980 8632 1972 1956 8633 1992 1976 8634 2019 2003 8635 1993 1977 8636 1966 1950 8637 1965 1949 8638 1971 1955 8639 1971 1955 8640 1962 1946 8641 1966 1950 8642 1972 1956 8643 1997 1981 8644 1980 1964 8645 2016 2000 8646 2015 1999 8647 2020 2004 8648 2020 2004 8649 2021 2005 8650 2016 2000 8651 2015 1999 8652 2017 2001 8653 2020 2004 8654 1970 1954 8655 1969 1953 8656 1967 1951 8657 1968 1952 8658 991 989 8659 1061 1059 8660 1061 1059 8661 1060 1058 8662 1968 1952 8663 1471 1455 8664 1473 1457 8665 1470 1454 8666 1976 1960 8667 1001 999 8668 1028 1026 8669 1977 1961 8670 1001 999 8671 1975 1959 8672 2022 2006 8673 1064 1062 8674 1063 1061 8675 2023 2007 8676 2024 2008 8677 1067 1065 8678 1067 1065 8679 1066 1064 8680 2023 2007 8681 2025 2009 8682 1071 1069 8683 1070 1068 8684 2026 2010 8685 2027 2011 8686 1074 1072 8687 1074 1072 8688 1073 1071 8689 2026 2010 8690 1067 1065 8691 2024 2008 8692 2025 2009 8693 2025 2009 8694 1070 1068 8695 1067 1065 8696 2026 2010 8697 1073 1071 8698 1064 1062 8699 1064 1062 8700 2022 2006 8701 2026 2010 8702 2028 2012 8703 1077 1075 8704 1074 1072 8705 1074 1072 8706 2027 2011 8707 2028 2012 8708 2028 2012 8709 2023 2007 8710 1066 1064 8711 1066 1064 8712 1077 1075 8713 2028 2012 8714 2029 2013 8715 2030 2013 8716 2031 2013 8717 2032 2014 8718 2033 2014 8719 2034 2014 8720 2035 2015 8721 2036 2016 8722 2037 2017 8723 2037 2017 8724 2038 2018 8725 2035 2015 8726 2039 2019 8727 2035 2015 8728 2038 2018 8729 2038 2018 8730 2040 2020 8731 2039 2019 8732 2041 2021 8733 2042 2022 8734 2035 2015 8735 2035 2015 8736 2039 2019 8737 2041 2021 8738 2043 2023 8739 2044 2024 8740 2041 2021 8741 2041 2021 8742 2039 2019 8743 2043 2023 8744 2043 2023 8745 2039 2019 8746 2040 2020 8747 2040 2020 8748 2045 2025 8749 2043 2023 8750 2046 2026 8751 2047 2027 8752 2043 2023 8753 2043 2023 8754 2045 2025 8755 2046 2026 8756 2048 2028 8757 2044 2024 8758 2043 2023 8759 2043 2023 8760 2047 2027 8761 2048 2028 8762 2049 2029 8763 2050 2030 8764 2048 2028 8765 2048 2028 8766 2047 2027 8767 2049 2029 8768 2046 2026 8769 2051 2031 8770 2049 2029 8771 2049 2029 8772 2047 2027 8773 2046 2026 8774 2038 2018 8775 2037 2017 8776 2052 2032 8777 2052 2032 8778 2053 2033 8779 2038 2018 8780 2038 2018 8781 2053 2033 8782 2054 2034 8783 2054 2034 8784 2040 2020 8785 2038 2018 8786 2045 2025 8787 2040 2020 8788 2054 2034 8789 2054 2034 8790 2055 2035 8791 2045 2025 8792 2049 2029 8793 2051 2031 8794 1107 1101 8795 2049 2029 8796 1107 1101 8797 1106 1100 8798 2049 2029 8799 1106 1100 8800 1105 1099 8801 1105 1099 8802 1108 1102 8803 2050 2030 8804 2050 2030 8805 2049 2029 8806 1105 1099 8807 2046 2026 8808 2045 2025 8809 2055 2035 8810 2056 2036 8811 2057 2037 8812 2058 2038 8813 2058 2038 8814 2059 2039 8815 2056 2036 8816 2005 1989 8817 1998 1982 8818 2001 1985 8819 2001 1985 8820 2060 2040 8821 2005 1989 8822 2061 2041 8823 1282 1264 8824 1281 1263 8825 2062 2042 8826 2063 2043 8827 1117 1111 8828 1117 1111 8829 1116 1110 8830 2062 2042 8831 1119 1113 8832 2064 2044 8833 2065 2045 8834 2065 2045 8835 1120 1114 8836 1119 1113 8837 2063 2043 8838 2062 2042 8839 2066 2046 8840 2066 2046 8841 2067 2047 8842 2063 2043 8843 2065 2045 8844 2064 2044 8845 2063 2043 8846 2063 2043 8847 2067 2047 8848 2065 2045 8849 1125 1119 8850 1126 1120 8851 1932 1916 8852 1932 1916 8853 1931 1915 8854 1125 1119 8855 2068 2048 8856 2069 2048 8857 2070 2048 8858 2071 2049 8859 1133 1125 8860 1132 1124 8861 1132 1124 8862 2072 2050 8863 2071 2049 8864 2073 2051 8865 1135 1127 8866 1133 1125 8867 1133 1125 8868 2071 2049 8869 2073 2051 8870 2074 2052 8871 2075 2052 8872 2076 2052 8873 2077 2053 8874 2078 2053 8875 2079 2053 8876 2080 2054 8877 2081 2054 8878 2082 2054 8879 2083 2055 8880 2084 2055 8881 2085 2055 8882 2086 2056 8883 2087 2056 8884 2088 2056 8885 2089 2057 8886 2090 2057 8887 2091 2057 8888 2064 2044 8889 1119 1113 8890 1117 1111 8891 1117 1111 8892 2063 2043 8893 2064 2044 8894 1116 1110 8895 1154 1136 8896 2066 2046 8897 2066 2046 8898 2062 2042 8899 1116 1110 8900 2092 2058 8901 2093 2059 8902 2094 2060 8903 2095 2061 8904 2096 2062 8905 2097 2063 8906 2098 2064 8907 2097 2063 8908 2099 2065 8909 2100 2066 8910 2101 2067 8911 2102 2068 8912 2103 2069 8913 2104 2070 8914 2105 2071 8915 2106 2072 8916 2107 2073 8917 2108 2074 8918 2107 2073 8919 2106 2072 8920 2109 2075 8921 2104 2070 8922 2103 2069 8923 2110 2076 8924 2097 2063 8925 2111 2077 8926 2099 2065 8927 2111 2077 8928 2097 2063 8929 2096 2062 8930 2112 2078 8931 2111 2077 8932 2096 2062 8933 2113 2079 8934 2111 2077 8935 2112 2078 8936 2109 2075 8937 2106 2072 8938 2114 2080 8939 2100 2066 8940 2115 2081 8941 2116 2082 8942 2100 2066 8943 2116 2082 8944 2101 2067 8945 2117 2083 8946 2101 2067 8947 2116 2082 8948 2118 2084 8949 2119 2085 8950 2120 2086 8951 2112 2078 8952 2121 2087 8953 2113 2079 8954 2122 2088 8955 2123 2089 8956 2124 2090 8957 2121 2087 8958 2112 2078 8959 2125 2091 8960 2126 2092 8961 2125 2091 8962 2119 2085 8963 2119 2085 8964 2127 2093 8965 2126 2092 8966 2120 2086 8967 2125 2091 8968 2112 2078 8969 2128 2094 8970 2129 2095 8971 2093 2059 8972 2093 2059 8973 2092 2058 8974 2128 2094 8975 2128 2094 8976 2130 2096 8977 2131 2097 8978 2131 2097 8979 2129 2095 8980 2128 2094 8981 2094 2060 8982 2093 2059 8983 2132 2098 8984 2132 2098 8985 2133 2099 8986 2094 2060 8987 2134 2100 8988 2133 2099 8989 2132 2098 8990 2132 2098 8991 2135 2101 8992 2134 2100 8993 2136 2102 8994 2134 2100 8995 2135 2101 8996 2135 2101 8997 2137 2103 8998 2136 2102 8999 2138 2104 9000 2136 2102 9001 2137 2103 9002 2137 2103 9003 2139 2105 9004 2138 2104 9005 2140 2106 9006 2138 2104 9007 2139 2105 9008 2139 2105 9009 2141 2107 9010 2140 2106 9011 2142 2108 9012 2140 2106 9013 2141 2107 9014 2141 2107 9015 2143 2109 9016 2142 2108 9017 2117 2083 9018 2096 2062 9019 2095 2061 9020 2095 2061 9021 2101 2067 9022 2117 2083 9023 2144 2110 9024 2098 2064 9025 2099 2065 9026 2099 2065 9027 2103 2069 9028 2144 2110 9029 2100 2066 9030 2102 2068 9031 2145 2111 9032 2145 2111 9033 2109 2075 9034 2100 2066 9035 2145 2111 9036 2146 2112 9037 2107 2073 9038 2107 2073 9039 2109 2075 9040 2145 2111 9041 2147 2113 9042 2110 2076 9043 2103 2069 9044 2103 2069 9045 2099 2065 9046 2147 2113 9047 2111 2077 9048 2148 2114 9049 2147 2113 9050 2147 2113 9051 2099 2065 9052 2111 2077 9053 2113 2079 9054 2149 2115 9055 2148 2114 9056 2148 2114 9057 2111 2077 9058 2113 2079 9059 2100 2066 9060 2109 2075 9061 2114 2080 9062 2114 2080 9063 2115 2081 9064 2100 2066 9065 2150 2116 9066 2118 2084 9067 2116 2082 9068 2116 2082 9069 2115 2081 9070 2150 2116 9071 2118 2084 9072 2120 2086 9073 2117 2083 9074 2117 2083 9075 2116 2082 9076 2118 2084 9077 2118 2084 9078 2150 2116 9079 2151 2117 9080 2151 2117 9081 2119 2085 9082 2118 2084 9083 2149 2115 9084 2113 2079 9085 2122 2088 9086 2122 2088 9087 2152 2118 9088 2149 2115 9089 2125 2091 9090 2120 2086 9091 2119 2085 9092 2103 2069 9093 2105 2071 9094 2153 2119 9095 2153 2119 9096 2144 2110 9097 2103 2069 9098 2112 2078 9099 2096 2062 9100 2117 2083 9101 2117 2083 9102 2120 2086 9103 2112 2078 9104 2124 2090 9105 2154 2120 9106 2152 2118 9107 2152 2118 9108 2122 2088 9109 2124 2090 9110 2155 2121 9111 2156 2122 9112 2157 2123 9113 2158 2124 9114 2159 2125 9115 2160 2126 9116 2161 2127 9117 2162 2128 9118 2163 2129 9119 2163 2129 9120 2164 2130 9121 2161 2127 9122 2165 419 9123 2162 2128 9124 2161 2127 9125 2166 419 9126 2167 419 9127 2165 419 9128 2165 419 9129 2161 2127 9130 2166 419 9131 2168 2131 9132 2169 2132 9133 2167 419 9134 2167 419 9135 2166 419 9136 2168 2131 9137 2170 2133 9138 2169 2132 9139 2168 2131 9140 2170 2133 9141 2168 2131 9142 2171 2134 9143 2171 2134 9144 2160 2126 9145 2159 2125 9146 2159 2125 9147 2170 2133 9148 2171 2134 9149 2156 2122 9150 2172 2135 9151 2173 2136 9152 2156 2122 9153 2174 2137 9154 2175 2138 9155 2155 2121 9156 2174 2137 9157 2156 2122 9158 2173 2136 9159 2172 2135 9160 2176 2139 9161 2177 2140 9162 2173 2136 9163 2176 2139 9164 2175 2138 9165 2177 2140 9166 2176 2139 9167 2172 2135 9168 2175 2138 9169 2176 2139 9170 2124 2090 9171 2123 2089 9172 2175 2138 9173 2175 2138 9174 2123 2089 9175 2126 2092 9176 2123 2089 9177 2125 2091 9178 2126 2092 9179 2123 2089 9180 2121 2087 9181 2125 2091 9182 2123 2089 9183 2122 2088 9184 2121 2087 9185 2122 2088 9186 2113 2079 9187 2121 2087 9188 2154 2120 9189 2174 2137 9190 2155 2121 9191 2124 2090 9192 2175 2138 9193 2174 2137 9194 2174 2137 9195 2154 2120 9196 2124 2090 9197 2155 2121 9198 2157 2123 9199 2178 2141 9200 2127 2093 9201 2119 2085 9202 2157 2123 9203 2156 2122 9204 2175 2138 9205 2172 2135 9206 2156 2122 9207 2173 2136 9208 2157 2123 9209 2126 2092 9210 2173 2136 9211 2177 2140 9212 2175 2138 9213 2126 2092 9214 2177 2140 9215 2129 2095 9216 2131 2097 9217 2146 2112 9218 2146 2112 9219 2145 2111 9220 2129 2095 9221 2095 2061 9222 2135 2101 9223 2132 2098 9224 2132 2098 9225 2101 2067 9226 2095 2061 9227 2137 2103 9228 2135 2101 9229 2095 2061 9230 2095 2061 9231 2097 2063 9232 2137 2103 9233 2139 2105 9234 2137 2103 9235 2097 2063 9236 2097 2063 9237 2098 2064 9238 2139 2105 9239 2101 2067 9240 2132 2098 9241 2093 2059 9242 2093 2059 9243 2102 2068 9244 2101 2067 9245 2093 2059 9246 2129 2095 9247 2145 2111 9248 2145 2111 9249 2102 2068 9250 2093 2059 9251 2143 2109 9252 2141 2107 9253 2144 2110 9254 2144 2110 9255 2153 2119 9256 2143 2109 9257 2141 2107 9258 2139 2105 9259 2098 2064 9260 2098 2064 9261 2144 2110 9262 2141 2107 9263 2157 2123 9264 2173 2136 9265 2127 2093 9266 2127 2093 9267 2173 2136 9268 2126 2092 9269 2151 2117 9270 2178 2141 9271 2157 2123 9272 2157 2123 9273 2119 2085 9274 2151 2117 9275</p>
        </triangles>
      </mesh>
    </geometry>
  </library_geometries>
  <library_controllers>
    <controller id="Bip001_Pelvis_aladdin_prince_lod0-skin" name="Bip001_Pelvis">
      <skin source="#aladdin_prince_lod0_mesh0000-mesh">
        <bind_shape_matrix>0.01 -2.36012e-10 6.80007e-11 -4.94513e-8 2.36005e-10 0.009999999 5.81639e-11 -0.1002972 -6.80007e-11 1.16372e-10 0.009999999 -0.03447866 0 0 0 1</bind_shape_matrix>
        <source id="Bip001_Pelvis_aladdin_prince_lod0-skin-joints">
          <Name_array id="Bip001_Pelvis_aladdin_prince_lod0-skin-joints-array" count="70">Bip001_Spine Bip001_L_Thigh Bip001_L_Calf Bip001_L_Foot Bip001_L_Toe0 Bip001_R_Thigh Bip001_R_Calf Bip001_R_Foot Bip001_R_Toe0 Bip001_Spine1 Bip001_Spine2 Bip001_Neck Bip001_Head Bip001_xfeather Bip001_xfeather02 Bip001_xfeather03 Bip001_xfeather04 Bip001_eye_L Bip001_eye_R Bip001_eyebrow_L_1 Bip001_eyebrow_L_2 Bip001_eyebrow_L_3 Bip001_eyebrow_R_1 Bip001_eyebrow_R_2 Bip001_eyebrow_R_3 Bip001_eyelid_L_bottom Bip001_eyelid_L_top Bip001_eyelid_R_bottom Bip001_eyelid_R_top Bip001_Jaw Bip001_lip_bottom_L Bip001_lip_bottom_R Bip001_teeth_bot Bip001_lip_corner_L Bip001_lip_corner_R Bip001_lip_top_L Bip001_lip_top_R Bip001_teeth_top Bip001_L_Clavicle Bip001_L_UpperArm Bip001_L_Forearm Bip001_L_Hand Bip001_L_Finger0 Bip001_L_Finger01 Bip001_L_Finger1 Bip001_L_Finger11 Bip001_L_Finger2 Bip001_L_Finger21 Bip001_R_Clavicle Bip001_R_UpperArm Bip001_R_Forearm Bip001_R_Hand Bip001_R_Finger0 Bip001_R_Finger01 Bip001_R_Finger1 Bip001_R_Finger11 Bip001_R_Finger2 Bip001_R_Finger21 Bip001_xcape_C Bip001_xcape_C02 Bip001_xcape_C03 Bip001_xcape_C04 Bip001_xcape_R Bip001_xcape_R02 Bip001_xcape_R03 Bip001_xcape_R04 Bip001_xcape_ROpp Bip001_xcape_ROpp02 Bip001_xcape_ROpp03 Bip001_xcape_ROpp04</Name_array>
          <technique_common>
            <accessor source="#Bip001_Pelvis_aladdin_prince_lod0-skin-joints-array" count="70" stride="1">
              <param name="JOINT" type="name"/>
            </accessor>
          </technique_common>
        </source>
        <source id="Bip001_Pelvis_aladdin_prince_lod0-skin-bind_poses">
          <float_array id="Bip001_Pelvis_aladdin_prince_lod0-skin-bind_poses-array" count="1120">-8.21111e-6 6.638397 99.77947 -796.8021 -6.33548e-6 -99.77943 6.638322 -62.94224 100 -5.77644e-6 8.61362e-6 -7.30994e-5 0 0 0 1 7.695279 3.605196 -99.63827 716.5752 -0.2860217 -99.93338 -3.637964 16.52915 -99.70308 0.5649377 -7.679825 120.9788 0 0 0 1 7.69525 11.01684 -99.09295 380.8718 0.2862635 -99.38968 -11.0276 44.93877 -99.70308 0.5649345 -7.679831 120.9788 0 0 0 1 -7.62939e-6 3.24249e-5 -100 61.27037 17.58073 -98.44245 -3.057e-5 17.60832 -98.44247 -17.58073 6.96187e-7 121.8324 0 0 0 1 17.58072 -98.44246 -7.33666e-7 -85.40532 4.76837e-6 3.15905e-6 100 3.080507 -98.44246 -17.58072 3.24798e-6 121.8324 0 0 0 1 -7.695364 3.605177 -99.63827 716.5752 0.2862841 -99.93338 -3.637961 16.52913 -99.70305 -0.5652013 7.679832 -120.9788 0 0 0 1 -7.695337 11.01681 -99.09294 380.8716 -0.2859895 -99.38967 -11.02759 44.93871 -99.70305 -0.5652161 7.679834 -120.9788 0 0 0 1 -7.62939e-6 5.72205e-6 -100 61.27023 -17.58045 -98.44249 1.157e-6 17.60839 -98.44252 17.58045 2.92155e-6 -121.8326 0 0 0 1 -17.58045 -98.4425 1.157e-6 -85.40532 -9.53674e-7 -5.72205e-6 100 3.08065 -98.44252 17.58045 9.58626e-7 -121.8326 0 0 0 1 -5.23704e-6 4.447396 99.90102 -911.539 -6.94408e-6 -99.90106 4.443387 -42.82482 100 -6.70433e-6 5.54072e-6 -4.4117e-5 0 0 0 1 3.77666e-6 2.246149 99.97467 -1025.809 -2.7759e-4 -99.97477 2.246301 -20.19011 100 -2.77605e-4 2.46479e-6 -6.55866e-5 0 0 0 1 3.49276e-5 -24.5974 96.92768 -1103.211 -1.39167e-4 -96.92767 -24.59733 307.3349 100 -1.263e-4 -6.80863e-5 8.03616e-4 0 0 0 1 2.37055e-5 -16.70039 98.59571 -1173.387 -1.36005e-4 -98.59564 -16.70104 213.4088 100 -1.30136e-4 -4.60866e-5 5.4291e-4 0 0 0 1 1.39236e-4 10.53239 99.44384 -1396.154 -6.41778e-4 -99.44381 10.53248 -251.2646 100 -6.52873e-4 -7.08672e-5 5.30195e-4 0 0 0 1 9.52174e-5 30.55632 95.21714 -1364.047 -6.13566e-4 -95.2172 30.55623 -540.2177 100 -6.13315e-4 9.68202e-5 -0.001903653 0 0 0 1 -8.25883e-5 77.866 62.74476 -891.9509 -5.18846e-4 -62.74462 77.8659 -1233.562 100 -2.6124e-4 4.55825e-4 -0.007071018 0 0 0 1 2.57437e-5 96.92392 24.61214 -351.5763 -5.31979e-4 -24.61213 96.92401 -1517.899 100 -1.55883e-4 5.09279e-4 -0.007882535 0 0 0 1 1.491989 -98.60836 -16.55815 155.2286 0.3929654 16.56539 -98.61763 1272.777 99.98809 1.406308 0.6344888 -40.14131 0 0 0 1 -1.491688 -98.60836 -16.55813 155.2285 -0.3933304 16.56553 -98.61759 1272.777 99.98812 -1.405938 -0.6350346 40.14826 0 0 0 1 43.47322 -90.05445 0.526896 -83.9596 -0.03549104 -0.6018661 -99.99819 1308.662 90.05598 43.47222 -0.2930714 27.58237 0 0 0 1 41.46717 -90.99555 0.5333958 -85.60813 -6.074442 -3.352945 -99.759 1309.673 90.79414 41.33482 -6.91784 87.76222 0 0 0 1 91.15095 -41.12415 0.5553331 -72.82077 -18.14685 -41.42605 -89.18843 1150.097 36.90793 81.19536 -45.223 623.4432 0 0 0 1 -43.47297 -90.05457 0.5268927 -83.95952 0.03416502 -0.6015542 -99.99819 1308.662 90.05612 -43.47198 0.2925146 -27.57517 0 0 0 1 -41.46691 -90.99568 0.5333982 -85.60808 6.074363 -3.352945 -99.759 1309.673 90.79428 -41.33456 6.917287 -87.75502 0 0 0 1 -91.15085 -41.12442 0.555347 -72.82085 18.14705 -41.42551 -89.18869 1150.101 36.90813 -81.19551 45.22251 -623.437 0 0 0 1 -1.074583 -92.76145 -37.33876 442.1867 0.2799018 37.33768 -92.76744 1207.705 99.99385 -1.101365 -0.1418752 -32.0474 0 0 0 1 2.60689e-4 -97.2339 23.35751 -340.264 -5.81074e-4 -23.35746 -97.23393 1240.262 100 1.21117e-4 -2.45333e-4 -34.36177 0 0 0 1 1.074723 -92.76123 -37.33872 442.1861 -0.2808508 37.33821 -92.76733 1207.704 99.99382 1.101852 0.1413581 32.05402 0 0 0 1 1.54274e-4 -97.2339 23.35752 -340.2641 -5.16186e-4 -23.35746 -97.23394 1240.262 100 2.58088e-5 -2.93016e-4 34.36855 0 0 0 1 1.02703e-4 -74.05048 -67.20507 839.0783 -3.71464e-4 67.20511 -74.05046 925.5601 100 3.25695e-4 -2.06049e-4 0.002500653 0 0 0 1 36.27769 -80.10579 -47.61355 508.0245 -15.00468 45.40566 -87.82462 1105.369 91.97167 39.0049 4.452859 -27.65894 0 0 0 1 -36.27757 -80.10555 -47.61339 508.0217 15.00415 45.40643 -87.82452 1105.369 91.9718 -39.00446 -4.45342 27.66821 0 0 0 1 1.37592e-4 -99.03549 -13.85529 107.2797 -2.9705e-4 13.85542 -99.03546 1213.435 100 1.77422e-4 -2.7512e-4 0.00319904 0 0 0 1 59.2335 -79.50574 -13.04709 86.95159 -8.293767 10.09121 -99.14324 1217.25 80.14118 59.80811 -0.6162665 38.95177 0 0 0 1 -59.23329 -79.50591 -13.04709 86.95167 8.293191 10.09136 -99.1433 1217.251 80.14139 -59.8078 0.6157136 -38.94502 0 0 0 1 46.51361 -87.80965 -11.22301 60.29241 -12.48637 6.042712 -99.03304 1217.075 87.63888 47.46532 -8.156056 134.2096 0 0 0 1 -46.51322 -87.80986 -11.223 60.29222 12.48839 6.042125 -99.03295 1217.073 87.63883 -47.46496 8.155491 -134.2027 0 0 0 1 1.3791e-4 -99.05033 -13.74911 108.3209 -2.9709e-4 13.74901 -99.05032 1219.457 100 1.77447e-4 -2.75308e-4 0.003627181 0 0 0 1 99.08141 -0.3143712 -13.51833 102.098 -1.91692e-4 99.97295 -2.325923 4.960275 13.52214 2.30458 99.05477 -1080.613 0 0 0 1 69.89551 10.11019 -70.79818 667.0863 -2.061144 99.23935 12.13685 -147.3841 71.48664 -7.023907 69.5724 -837.445 0 0 0 1 68.91233 -9.807191 -71.79758 490.4082 11.86602 99.26976 -2.1705 -50.96962 71.48609 -7.02381 69.57295 -837.4487 0 0 0 1 77.18729 -23.50555 -59.07277 162.5289 -60.07564 3.445474 -79.86888 873.8839 20.80887 97.1371 -11.46166 -12.86799 0 0 0 1 45.47375 -75.65973 -46.98656 148.7194 12.28376 57.58073 -80.8305 579.8776 88.21121 30.98494 35.47809 -641.6156 0 0 0 1 46.92884 -51.32837 -71.85454 308.6405 -4.053917 80.0333 -59.81838 504.6412 88.21125 30.98499 35.47801 -641.6151 0 0 0 1 59.91499 -28.22715 -74.92268 261.6561 -76.18647 8.666884 -64.19107 835.8418 24.61269 95.54116 -16.31253 30.87619 0 0 0 1 55.08354 -27.63648 -78.75287 275.0921 -79.74953 10.39772 -59.42967 820.3851 24.61268 95.54115 -16.31254 30.87639 0 0 0 1 56.37048 -11.60208 -81.77866 329.6897 -81.96517 -20.08477 -53.64978 789.3815 -10.20061 97.27277 -20.83158 193.841 0 0 0 1 51.18819 -12.82323 -84.94304 342.1772 -85.29763 -19.32802 -48.48424 769.6747 -10.20061 97.27276 -20.83161 193.8413 0 0 0 1 -99.08128 -0.314644 -13.51816 102.0962 -6.86683e-5 99.97294 -2.325923 4.960292 13.52187 -2.304546 -99.05473 1080.612 0 0 0 1 -69.89595 10.10995 -70.79765 667.0802 2.060891 99.23933 12.13685 -147.3841 71.48599 7.024179 -69.57289 837.4496 0 0 0 1 -68.91155 -9.807307 -71.79817 490.4157 -11.86623 99.26972 -2.170489 -50.96956 71.48657 7.024092 -69.57236 837.4444 0 0 0 1 -77.18713 -23.50577 -59.07267 162.5284 60.07551 3.445632 -79.86894 873.8837 20.80911 -97.13703 11.46164 12.86802 0 0 0 1 -45.47357 -75.65982 -46.98652 148.719 -12.28389 57.58066 -80.83049 579.8778 88.21111 -30.98477 -35.47814 641.6151 0 0 0 1 -46.92887 -51.32844 -71.85439 308.6386 4.05368 80.03328 -59.81837 504.6411 88.21105 -30.98487 -35.47824 641.6154 0 0 0 1 -59.91489 -28.22728 -74.92259 261.6556 76.18628 8.667114 -64.1912 835.8417 24.6129 -95.54108 16.31244 -30.87586 0 0 0 1 -55.08349 -27.63662 -78.75277 275.0914 79.74932 10.39797 -59.42982 820.385 24.61294 -95.54107 16.31246 -30.87589 0 0 0 1 -56.37045 -11.60219 -81.77854 329.6889 81.96501 -20.08457 -53.64989 789.3813 -10.20037 -97.27278 20.83157 -193.8411 0 0 0 1 -51.1881 -12.82335 -84.94304 342.1774 85.29756 -19.32778 -48.48431 769.6743 -10.20035 -97.27278 20.83159 -193.8411 0 0 0 1 -3.30487e-4 14.20166 -98.98702 1013.098 -7.35928e-4 98.98645 14.20173 -266.5557 100 7.75399e-4 -2.22549e-4 0.00138843 0 0 0 1 -3.34438e-4 12.85448 -99.17095 870.4733 -7.41386e-4 99.17037 12.8545 -254.5798 100 7.78221e-4 -2.36289e-4 0.001510262 0 0 0 1 -3.30089e-4 14.3491 -98.96575 661.3118 -7.38728e-4 98.96518 14.34913 -264.4009 100 7.78443e-4 -2.20599e-4 0.001403212 0 0 0 1 -3.29235e-4 14.63873 -98.92333 427.5062 -7.39973e-4 98.92273 14.63875 -265.4571 100 7.80193e-4 -2.17293e-4 0.001383662 0 0 0 1 -2.307117 8.035724 -99.64995 1026.255 -30.91113 94.73493 8.355037 -222.9199 95.07482 30.99582 0.2984448 68.87999 0 0 0 1 -2.30704 8.035731 -99.64995 882.9413 -30.91113 94.73493 8.355031 -222.7559 95.07483 30.99581 0.2985177 68.87957 0 0 0 1 -2.307081 8.035672 -99.64995 677.1824 -30.91111 94.73494 8.355031 -222.5705 95.07483 30.9958 0.2984963 68.8801 0 0 0 1 -2.307025 8.035704 -99.64994 444.4586 -30.91113 94.73493 8.355023 -222.3702 95.07484 30.9958 0.2985497 68.8802 0 0 0 1 2.307224 8.035663 -99.64995 1026.255 30.91037 94.73516 8.355007 -222.9192 95.07484 -30.99495 -0.2982507 -68.88256 0 0 0 1 2.306988 8.035782 -99.64993 882.9411 30.9104 94.73513 8.35499 -222.7552 95.07485 -30.99495 -0.2983384 -68.88175 0 0 0 1 2.30705 8.03571 -99.64993 677.1823 30.9104 94.73513 8.355 -222.57 95.07485 -30.99495 -0.2982884 -68.88223 0 0 0 1 2.307143 8.035673 -99.64994 444.4584 30.91039 94.73515 8.355011 -222.3696 95.07486 -30.99495 -0.2982111 -68.88255 0 0 0 1</float_array>
          <technique_common>
            <accessor source="#Bip001_Pelvis_aladdin_prince_lod0-skin-bind_poses-array" count="70" stride="16">
              <param name="TRANSFORM" type="float4x4"/>
            </accessor>
          </technique_common>
        </source>
        <source id="Bip001_Pelvis_aladdin_prince_lod0-skin-weights">
          <float_array id="Bip001_Pelvis_aladdin_prince_lod0-skin-weights-array" count="5133">0.05555552 0.1624913 0.7819532 0.1207861 0.1460927 0.7331211 0.2205542 0.3020951 0.4773506 0.1528581 0.2784606 0.5686812 0.1255238 0.1207132 0.7537629 0.1882165 0.2079631 0.6038205 0.1555715 0.1368902 0.7075383 0.002472043 0.6117711 0.3857569 0.001325726 0.5781586 0.4205156 0.4620023 0.5379977 0.4104637 0.5895363 0.263866 0.7361341 0.2746397 0.7253603 0.4967266 0.5032734 0.4798513 0.5201487 0.3048737 0.6951263 0.4394915 0.5605085 0.2768028 0.7231972 0.3067731 0.6613284 0.03189849 0.3177125 0.6661498 0.01613765 0.1799855 0.6967157 0.1232988 0.2037953 0.767799 0.02840566 0.003365695 0.3181275 0.6785067 0.004135608 0.3278533 0.668011 1.6793e-4 0.1971914 0.8026406 2.3248e-4 0.1972686 0.8024989 0.3365511 0.649478 0.01397091 0.3067731 0.6613284 0.03189849 0.2066306 0.691777 0.1015924 0.2066306 0.691777 0.1015924 0.005575597 0.3442267 0.6501978 0.2424066 0.7337113 0.02388203 2.3248e-4 0.1972686 0.8024989 7.3959e-4 0.2179889 0.7812715 0.1589933 0.8380133 0.002993345 0.1651786 0.8250151 0.009806275 0.1589933 0.8380133 0.002993345 0.1557942 0.8417134 0.002492308 0.1586987 0.8394315 0.001869618 0.2114952 0.787207 0.001297831 0.1726491 0.8199231 0.007427871 0.1502341 0.8023238 0.04744225 0.1041856 0.6152019 0.2806125 0.1609487 0.6741198 0.1649314 0.1269589 0.3930457 0.4799954 0.1565384 0.7979846 0.04547697 0.7136873 0.1423858 0.1439269 0.1081521 0.7867001 0.1051477 0.1157894 0.3641281 0.5200824 0.1157894 0.3641281 0.5200824 0.1269589 0.3930457 0.4799954 0.1486331 0.1518218 0.699545 0.3278611 0.545127 0.1270119 0.1545478 0.1816563 0.6637959 0.1032576 0.6267581 0.2699843 0.4422966 0.4485677 0.1091356 0.1488143 0.797781 0.05340462 0.343131 0.501935 0.154934 0.5825657 0.291716 0.1257182 0.4206778 0.4578925 0.1214297 0.3661854 0.5113009 0.1225137 0.005969107 0.9745957 0.01943516 1 1 1 0.3008552 0.5513626 0.1477822 0.2116622 0.5761973 0.2121405 0.2021916 0.7059581 0.09185028 1 0.04305976 0.1004729 0.8564673 1 0.04240101 0.09893572 0.8586632 0.3558114 0.4963564 0.1478322 0.3460742 0.4695119 0.1844139 0.3574729 0.4947439 0.1477832 0.4005637 0.3903347 0.2091015 0.3534776 0.4500333 0.196489 0.1445372 0.8123167 0.04314625 0.343163 0.4236983 0.2331386 0.3534776 0.4500333 0.196489 0.2206069 0.290122 0.4892711 0.1399224 0.7957978 0.06427973 0.1196613 0.8534186 0.02692008 1 1 1 0.965797 0.03420299 1 1 0.05177813 0.8359597 0.1122621 0.07424789 0.800925 0.124827 0.1982465 0.1055166 0.6962368 0.001135706 0.9988643 1 1 1 0.3145097 0.6854903 0.3840885 0.6159115 0.006857872 0.5618895 0.4312525 0.3769738 0.5808489 0.04217731 0.3766883 0.5708142 0.0524975 0.2909508 0.511239 0.1978102 0.2886622 0.5269453 0.1843925 0.2262876 0.6128802 0.1608322 0.199856 0.6254913 0.1746528 0.3349698 0.6128737 0.05215644 0.2680075 0.5600017 0.1719909 0.03322851 0.4376935 0.5290779 0.03796839 0.4431318 0.5188997 0.02421367 0.4308141 0.5449723 0.1104492 0.4685536 0.4209973 0.09797185 0.4684866 0.4335415 0.2475901 0.4800188 0.272391 0.2467231 0.4806149 0.272662 0.3951222 0.5175663 0.08731138 0.3932336 0.5138776 0.09288871 0.4336985 0.4952371 0.07106429 0.5050715 0.4949284 0.4911282 0.5088718 0.3963706 0.5074769 0.09615242 0.3042922 0.4755207 0.220187 0.2715948 0.3649983 0.3634069 0.243475 0.5263403 0.2301847 0.2700792 0.1272116 0.6027092 0.256573 0.2381647 0.5052623 0.4711751 0.3367239 0.192101 0.4468748 0.3661141 0.187011 0.2241284 0.2559491 0.5199225 0.2765138 0.3252894 0.3981968 0.2366753 0.2058374 0.5574873 0.2591561 0.2163257 0.5245182 0.4053794 0.3690978 0.2255226 0.4875335 0.1363314 0.3761352 0.2591561 0.2163257 0.5245182 0.05515229 0.463832 0.4810156 0.2809039 0.2730406 0.4460555 0.2706679 0.3143829 0.4149491 0.3394731 0.3546327 0.3058941 0.4042907 0.3534967 0.2422124 0.2706679 0.3143829 0.4149491 0.2809039 0.2730406 0.4460555 0.2003723 0.1969147 0.602713 1 0.5255683 0.4744317 0.5192843 0.4807157 0.4554505 0.4707877 0.07376176 0.4636519 0.4658657 0.07048231 0.4488831 0.4830945 0.06802231 0.5166695 0.4833306 0.4669027 0.5330972 0.4723075 0.5276926 0.4796518 0.5203483 0.4722021 0.5277979 0.4669027 0.5330972 0.4723075 0.5276926 0.47843 0.5215699 0.4885805 0.5114195 0.5050715 0.4949284 0.4964573 0.5035426 0.4911282 0.5088718 0.02928626 0.1569007 0.813813 0.06959789 0.2223801 0.7080221 0.2128935 0.1281548 0.6589516 0.03370475 0.1842206 0.7820746 0.007898747 0.6817023 0.3103989 1 0.2003723 0.1969147 0.602713 0.1534548 0.1320415 0.7145037 0.2209132 0.4025301 0.3765568 0.06721657 0.6251904 0.3075931 0.03330463 0.7795658 0.1871296 0.01753562 0.8358526 0.1466117 0.02937394 0.6901778 0.2804482 0.01438581 0.6368779 0.3487363 0.002136826 0.6095896 0.3882735 0.1534548 0.1320415 0.7145037 0.1534548 0.1320415 0.7145037 0.002136826 0.6095896 0.3882735 0.003426671 0.770328 0.2262452 0.007898747 0.6817023 0.3103989 0.2128935 0.1281548 0.6589516 0.004959881 0.9196025 0.07543754 0.06721657 0.6251904 0.3075931 0.4279705 0.5720295 0.4414183 0.5585817 0.4044636 0.5955364 0.3147026 0.6852974 0.3027283 0.6972717 0.2834267 0.7165733 0.4516122 0.5483878 0.4620023 0.5379977 0.263866 0.7361341 0.2807583 0.7192417 0.1047772 0.8184168 0.076806 0.1201549 0.7918193 0.08802586 0.05384343 0.8401749 0.1059817 0.02061873 0.6015208 0.3778604 0.01779043 0.6048027 0.3774068 0.01624935 0.6129176 0.3708331 0.04202967 0.8225463 0.135424 0.02398395 0.6066051 0.3694109 0.04202967 0.8225463 0.135424 0.10531 0.8079032 0.0867868 0.02718359 0.6272221 0.3455943 0.02398395 0.6066051 0.3694109 0.1464737 0.7624523 0.09107398 0.1534429 0.7579276 0.08862942 0.1361879 0.7695355 0.09427666 0.02569746 0.6187944 0.3555081 0.3365511 0.649478 0.01397091 0.01080238 0.4444769 0.5447208 0.009743452 0.4345421 0.5557144 0.3067731 0.6613284 0.03189849 0.01768857 0.6009822 0.3813292 0.0219298 0.6072462 0.3708239 0.3177125 0.6661498 0.01613765 0.009116291 0.4427928 0.5480908 0.008535206 0.4400305 0.5514343 0.002570629 0.3220573 0.6753721 0.002570629 0.3220573 0.6753721 0.004135608 0.3278533 0.668011 0.005105972 0.3389633 0.6559306 0.1269589 0.3930457 0.4799954 0.1222246 0.3991634 0.4786119 0.3349623 0.5646902 0.1003474 0.1531381 0.1487056 0.6981563 0.1222246 0.3991634 0.4786119 0.3349623 0.5646902 0.1003474 0.166856 0.1596709 0.6734731 0.3278611 0.545127 0.1270119 0.2043099 0.5956681 0.2000219 0.2043099 0.5956681 0.2000219 0.1581408 0.7774828 0.06437629 0.2116622 0.5761973 0.2121405 0.2043099 0.5956681 0.2000219 0.1581408 0.7774828 0.06437629 0.3008552 0.5513626 0.1477822 0.343131 0.501935 0.154934 0.2116622 0.5761973 0.2121405 0.3843781 0.4960029 0.1196191 0.3843781 0.4960029 0.1196191 1 0.5399175 0.3233219 0.1367605 0.3661854 0.5113009 0.1225137 0.3558114 0.4963564 0.1478322 0.4839437 0.3279324 0.1881238 0.3460742 0.4695119 0.1844139 0.4256342 0.3111534 0.2632125 0.3843781 0.4960029 0.1196191 0.5304297 0.3591106 0.1104597 0.3574729 0.4947439 0.1477832 0.4363157 0.3390656 0.2246187 0.3534776 0.4500333 0.196489 0.3574729 0.4947439 0.1477832 0.4363157 0.3390656 0.2246187 0.4106951 0.3258695 0.2634355 0.5672987 0.3538356 0.07886576 0.1737667 0.2445319 0.5817013 0.2206069 0.290122 0.4892711 0.05912739 0.2708243 0.6700482 0.0537278 0.8614204 0.08485174 0.09408241 0.8359566 0.06996095 0.08322376 0.7990652 0.117711 0.1111869 0.7975969 0.09121614 0.08322376 0.7990652 0.117711 0.116414 0.5615316 0.3220543 0.08480018 0.6939803 0.2212195 0.1265453 0.8433175 0.03013724 0.203944 0.5616059 0.23445 0.6881046 0.2909809 0.02091443 0.08480018 0.6939803 0.2212195 0.116414 0.5615316 0.3220543 0.1045517 0.8648228 0.03062558 0.1265453 0.8433175 0.03013724 0.04310953 0.9568904 0.001135706 0.9988643 1 0.3883082 0.6116917 0.3883082 0.6116917 0.04310953 0.9568904 0.02753299 0.972467 0.04878085 0.9512192 0.04820585 0.2400877 0.7117064 0.2193239 0.5431196 0.2375565 0.06980627 0.6861106 0.2440831 0.4796518 0.5203483 0.5997433 0.4002568 0.5909038 0.4090962 0.4722021 0.5277979 0.4885805 0.5114195 0.5949453 0.4050547 0.554132 0.445868 0.5949453 0.4050547 0.5433261 0.4566739 0.6985967 0.3014034 0.7698203 0.2301797 0.5714572 0.4285429 0.7374384 0.2625616 0.5742396 0.4257605 0.7726162 0.2273839 0.8287479 0.1712521 0.7172843 0.2827158 0.7502889 0.2497111 0.8079735 0.1920264 0.6602944 0.3397057 0.7076144 0.2923856 0.7172843 0.2827158 0.5742396 0.4257605 0.7374384 0.2625616 0.6859463 0.3140538 0.6543164 0.3456836 0.6602944 0.3397057 0.7205867 0.2794133 0.6859463 0.3140538 0.7148205 0.2851795 0.1798617 0.1834406 0.6366976 0.256573 0.2381647 0.5052623 0.2241284 0.2559491 0.5199225 0.2003723 0.1969147 0.602713 0.2809039 0.2730406 0.4460555 0.5166695 0.4833306 0.5031244 0.4968757 0.5192843 0.4807157 0.5128301 0.4871699 0.5031244 0.4968757 0.5166695 0.4833306 0.5255683 0.4744317 0.5180243 0.4819757 0.5841863 0.3212552 0.09455853 0.20381 0.641357 0.154833 0.303575 0.6447309 0.05169409 0.2594887 0.6582605 0.08225077 0.2037796 0.631646 0.1645744 0.2091926 0.5997089 0.1910984 0.2856718 0.4866045 0.2277237 0.2483817 0.4844865 0.2671317 0.09971261 0.4745087 0.4257786 0.4402496 0.436916 0.1228345 0.4001189 0.4671078 0.1327733 0.2766263 0.4511541 0.2722196 0.4550567 0.4516292 0.09331411 0.137091 0.4442643 0.4186447 0.3908015 0.4690816 0.1401169 0.214159 0.5870447 0.1987962 0.3138698 0.6359677 0.05016255 0.2042252 0.642259 0.1535158 0.2026244 0.668893 0.1284825 0.2530699 0.634342 0.1125881 0.1052614 0.3554718 0.5392668 0.1107124 0.3467655 0.5425221 0.3505245 0.4808177 0.1686577 0.1730912 0.434595 0.3923138 0.293433 0.4437783 0.2627887 1 1 0.9510017 0.04899823 0.4099627 0.5682276 0.02180969 0.4080517 0.5766444 0.0153039 0.16174 0.7308335 0.1074264 0.4588113 0.539834 0.001354694 0.202759 0.7810873 0.01615375 0.3054089 0.6773685 0.01722258 0.4750356 0.5207914 0.00417304 0.4212657 0.5603673 0.01836693 0.1762912 0.8224502 0.001258671 0.1799749 0.8187186 0.001306474 0.04458111 0.9531064 0.002312541 0.04477739 0.9515218 0.003700852 0.04458111 0.9531064 0.002312541 0.1799749 0.8187186 0.001306474 0.1758204 0.8200661 0.004113614 0.05199271 0.9435717 0.004435658 0.09950184 0.8020856 0.09841257 0.02690297 0.6703955 0.3027015 0.01224827 0.6772473 0.3105044 0.05485296 0.9179779 0.02716904 0.1375678 0.7580271 0.1044052 0.03870284 0.8765982 0.08469891 0.1618454 0.7267026 0.111452 0.0164116 0.6591947 0.3243937 0.02032351 0.6384324 0.3412441 0.2574529 0.7425471 0.4337807 0.5662193 0.3723759 0.6276242 0.1758986 0.8241013 0.1991407 0.8008593 0.2942362 0.7057638 0.1761605 0.8238394 0.1517969 0.8482031 1 0.936284 0.06371593 0.9357415 0.06425851 1 1 0.9567459 0.04325407 1 0.946979 0.05302101 1 0.9343709 0.06562906 1 0.9469348 0.05306512 1 0.9410185 0.05898147 1 0.9357415 0.06425851 0.4814016 0.518348 2.5039e-4 0.4663923 0.5326182 9.8952e-4 0.4744459 0.525162 3.9206e-4 0.03990328 0.9175559 0.04254078 0.01460772 0.8393028 0.1460894 0.6971642 0.3028358 0.6354756 0.3645244 0.2858387 0.7141613 0.3518549 0.6481451 0.4744459 0.525162 3.9206e-4 0.1549326 0.8450674 0.07843881 0.9215612 0.09797763 0.9020224 0.07666212 0.9233379 0.04458111 0.9531064 0.002312541 0.04477739 0.9515218 0.003700852 0.05199271 0.9435717 0.004435658 0.2858387 0.7141613 0.1023402 0.8976597 0.07843881 0.9215612 0.1549326 0.8450674 0.3518549 0.6481451 0.6354756 0.3645244 0.6971642 0.3028358 0.03870284 0.8765982 0.08469891 0.01460772 0.8393028 0.1460894 0.03990328 0.9175559 0.04254078 0.05485296 0.9179779 0.02716904 0.4411156 0.5588844 0.3962875 0.6037124 0.4868055 0.5131945 0.03673511 0.963265 0.1150802 0.8849198 0.1314699 0.8685302 0.02478301 0.975217 0.9920748 0.007925152 0.002537965 0.997462 0.2237242 0.7762758 0.4934345 0.5065655 0.4908899 0.5091102 0.2180471 0.7819529 0.4960979 0.5039021 0.1638612 0.7739426 0.06219625 0.3381186 0.6350111 0.02687025 0.2069265 0.7930735 0.04138535 0.9586147 0.1014341 0.8985659 0.09428834 0.9057116 0.1254004 0.8745996 0.499988 0.500012 0.02925437 0.9707457 0.00378549 0.8818102 0.1144044 0.01670968 0.8706659 0.1126244 0.1674109 0.8325892 0.5124234 0.4875767 0.5041742 0.4958258 0.5003873 0.4996126 0.4022119 0.5977881 0.4763361 0.5236639 0.4855272 0.5144728 0.002854526 0.367286 0.6298594 0.2331818 0.6790845 0.08773362 0.2214242 0.5959678 0.182608 0.00263679 0.3280979 0.6692653 0.0387566 0.6412698 0.3199736 0.004215478 0.585642 0.4101424 0.6004737 0.3995262 0.3325012 0.6674988 0.002637565 0.6315544 0.365808 0.3766493 0.6233507 0.08087462 0.6411588 0.2779666 0.002640068 0.3572331 0.6401268 0.2045013 0.5596359 0.2358627 0.04388427 0.36382 0.5922957 0.2563934 0.6192703 0.1243363 0.0636757 0.3952082 0.5411161 0.4473452 0.5314303 0.02122443 0.4415057 0.5136542 0.04484003 0.0777527 0.9222473 0.2938383 0.7061616 0.3107861 0.6892138 0.0797035 0.9202965 0.03718048 0.9628195 0.07662665 0.9233734 0.07941657 0.9205834 0.05170369 0.9482963 0.02167797 0.978322 0.02452594 0.975474 0.02452594 0.975474 0.0636757 0.3952082 0.5411161 0.01604431 0.9839556 0.006846308 0.9931536 1 1 0.009954988 0.990045 0.00374931 0.9962507 0.001582264 0.9984178 1 1 1 1 1 1 1 1 1 1 1 1 1 1 0.03419673 0.8622379 0.1035654 0.1465993 0.777049 0.0763517 0.3219138 0.6220313 0.05605477 0.4763361 0.5236639 0.4415057 0.5136542 0.04484003 0.2563934 0.6192703 0.1243363 0.8079735 0.1920264 0.7502889 0.2497111 0.6602944 0.3397057 0.6543164 0.3456836 0.6859463 0.3140538 0.7205867 0.2794133 0.7148205 0.2851795 0.4855272 0.5144728 0.1256368 0.8743632 0.1001946 0.8998054 0.101469 0.898531 0.0850085 0.9149915 0.202215 0.7977849 0.1586073 0.8413927 0.1023402 0.8976597 0.004135608 0.3278533 0.668011 0.003365695 0.3181275 0.6785067 0.008686661 0.4396278 0.5516855 0.009495437 0.443915 0.5465895 0.005105972 0.3389633 0.6559306 0.01035404 0.4463337 0.5433123 0.005575597 0.3442267 0.6501978 0.005105972 0.3389633 0.6559306 0.01035404 0.4463337 0.5433123 0.01066744 0.4427098 0.5466228 0.01723581 0.5185985 0.4641657 0.01433533 0.5016125 0.4840522 0.009743452 0.4345421 0.5557144 0.01080238 0.4444769 0.5447208 0.009116291 0.4427928 0.5480908 0.01203042 0.5038251 0.4841445 0.01068323 0.5057525 0.4835643 0.008535206 0.4400305 0.5514343 0.01388537 0.5072069 0.4789078 0.01164686 0.5025168 0.4858363 0.01666188 0.5191524 0.4641857 0.01807808 0.5251608 0.4567611 0.01666188 0.5191524 0.4641857 0.009495437 0.443915 0.5465895 0.008686661 0.4396278 0.5516855 0.01035404 0.4463337 0.5433123 0.01066744 0.4427098 0.5466228 0.01035404 0.4463337 0.5433123 0.09764915 0.4707775 0.4315733 0.3861638 0.5077227 0.1061134 0.47843 0.5215699 0.3322088 0.6085336 0.0592575 0.414572 0.5432565 0.04217153 0.2998276 0.4199171 0.2802554 0.09971261 0.4745087 0.4257786 0.09136384 0.4750815 0.4335547 0.3156756 0.6007327 0.08359169 0.2396694 0.2396694 0.5206612 0.1848 0.6552 0.16 0.1848 0.6552 0.16 0.3310161 0.4991286 0.1698554 0.1767375 0.4393153 0.3839471 0.1767375 0.4393153 0.3839471 0.3597701 0.5861885 0.05404138 0.2024 0.7176 0.07999998 0.2024 0.7176 0.07999998 0.4094548 0.5623356 0.0282095 0.4332426 0.5262923 0.04046511 0.368196 0.6124533 0.0193507 0.3862357 0.6009606 0.01280373 0.02413988 0.4159169 0.5599431 0.2351397 0.4795932 0.2852671 0.2467231 0.4806149 0.272662 0.09764915 0.4707775 0.4315733 0.3847424 0.5118566 0.103401 0.3932336 0.5138776 0.09288871 0.01875764 0.4322069 0.5490354 0.3322088 0.6085336 0.0592575 0.1107124 0.3467655 0.5425221 0.2530699 0.634342 0.1125881 0.3148148 0.625096 0.06008911 0.1052614 0.3554718 0.5392668 0.0598697 0.4308624 0.5092679 0.2483817 0.4844865 0.2671317 0.4723075 0.5276926 0.2998276 0.4199171 0.2802554 0.2396694 0.2396694 0.5206612 0.243475 0.5263403 0.2301847 0.3042922 0.4755207 0.220187 0.2024 0.7176 0.07999998 0.05515229 0.463832 0.4810156 0.2765138 0.3252894 0.3981968 0.1848 0.6552 0.16 0.1767375 0.4393153 0.3839471 0.4053794 0.3690978 0.2255226 0.09971261 0.4745087 0.4257786 0.3861638 0.5077227 0.1061134 0.47843 0.5215699 0.3042922 0.4755207 0.220187 0.2715948 0.3649983 0.3634069 0.01875764 0.4322069 0.5490354 0.3862357 0.6009606 0.01280373 0.368196 0.6124533 0.0193507 0.3148148 0.625096 0.06008911 0.05986207 0.04013782 0.9 0.0305072 0.4573079 0.5121849 0.417025 0.1059954 0.4769796 0.0664364 0.2858359 0.6477276 0.01129275 0.01786679 0.9708404 0.06205034 0.6070144 0.3309352 0.01044374 0.5637599 0.4257963 0.03784346 0.2591194 0.7030372 0.03730529 0.2592643 0.7034304 0.01078552 0.5635651 0.4256494 1 1 0.02999997 0.02999997 0.94 1 0.06646001 0.2858287 0.6477113 1 0.03752666 0.2592047 0.7032686 0.4219918 0.1050924 0.4729158 0.02842545 0.0172311 0.9543434 0.06205034 0.6070144 0.3309352 0.316493 0.293049 0.3904581 0.5 0.5 1 1 0.01127785 0.8494718 0.1392503 0.316493 0.293049 0.3904581 0.5 0.5 1 0.010692 0.5636185 0.4256896 1 0.01284158 0.8507813 0.136377 0.03784346 0.2591194 0.7030372 0.01044374 0.5637599 0.4257963 0.03040146 0.4573578 0.5122408 0.4332426 0.5262923 0.04046511 0.0598697 0.4308624 0.5092679 0.3310161 0.4991286 0.1698554 0.3110582 0.49299 0.1959517 1 1 0.02999997 0.02999997 0.94 0.008418381 0.9915816 0.01129275 0.01786679 0.9708404 1 0.4332426 0.5262923 0.04046511 0.5651879 0.2126839 0.2221283 0.7816165 0.09668207 0.1217013 0.5729585 0.4270415 0.4671152 0.5328848 0.7952417 0.2047582 0.413793 0.4462071 0.1399999 0.6620556 0.04285293 0.2950915 0.7556973 0.1220384 0.1222644 0.8496878 0.07515591 0.07515615 1 1 1 0.9978348 0.002165257 0.9958311 0.004168927 0.9933735 0.006626605 0.968753 0.03124696 0.7927457 0.2072543 0.7927457 0.2072543 0.9896692 0.01033079 0.9045961 0.03037273 0.06503105 1 0.9919545 0.008045434 0.9350656 0.06493437 0.7427747 0.009305357 0.24792 0.3238084 0.123938 0.5522536 0.3891327 0.1315332 0.4793341 0.5307069 0.2527844 0.2165088 0.2561128 0.1219756 0.6219117 0.3334562 0.1213524 0.5451914 0.2091554 0.08234614 0.7084984 0.3962694 0.1943988 0.4093317 0.07542991 0.5746993 0.3498708 0.4807249 0.364957 0.154318 0.5143299 0.3961563 0.08951389 0.2344367 0.2983042 0.4672591 0.3976641 0.529434 0.07290184 0.001656115 0.47188 0.5264639 1 1.2234e-4 0.7520604 0.2478173 0.006188392 0.9938116 0.08828586 0.7725191 0.139195 0.001020252 0.9989798 0.443248 0.4225044 0.1342477 0.6965675 0.1173126 0.1861199 0.6447248 0.3552752 0.7893 0.105216 0.105484 0.515046 0.4045969 0.08035707 0.9107528 0.03931623 0.04993087 0.9002019 0.02514082 0.07465726 1 0.08746343 0.9125366 0.476238 0.1964192 0.3273428 0.6184256 0.1974982 0.1840763 0.6380694 0.1479819 0.2139486 0.2759265 0.7240735 0.2502622 0.7497379 0.07007622 0.9299238 0.06100511 0.9389949 0.2471977 0.7528024 0.05863702 0.9413629 0.2581468 0.7418533 0.6723799 0.143387 0.1842331 0.6712993 0.1463562 0.1823444 1 1 0.8167283 0.1832718 0.9106048 0.04436844 0.04502671 0.7736659 0.04860109 0.1777329 0.7391309 0.1288961 0.131973 0.9463329 0.05366712 0.7513544 0.2073501 0.0412954 0.7541775 0.09977596 0.1460466 0.4649195 0.5350806 1 0.4798535 0.5201464 1 0.7927457 0.2072543 0.2517924 0.7482076 0.4994128 0.5005872 0.7927457 0.2072543 0.7922722 0.2077278 1 0.6523703 0.1775416 0.1700881 0.02702701 0.9729731 1 1 0.04857093 0.9514291 0.05725151 0.9427486 1 0.8536764 0.1463235 1 0.05679225 0.1166433 0.8265645 0.6575515 0.2278971 0.1145514 0.1777697 0.03962934 0.7826009 0.4983643 0.2496312 0.2520045 0.1136255 0.05827641 0.8280981 0.2762338 0.2197226 0.5040435 0.03555864 0.1275475 0.8368938 0.7401973 0.2223756 0.03742712 0.06529897 0.8626753 0.07202565 0.09907042 0.8484346 0.05249488 0.07660621 0.4436249 0.4797689 0.04182696 0.4078679 0.5503052 0.03294819 0.9092285 0.05782324 0.1672015 0.7322072 0.1005913 0.2739365 0.4835896 0.2424738 0.03432136 0.4796444 0.4860342 0.5147324 0.2780297 0.2072378 0.6705882 0.1652025 0.1642093 0.0280534 0.9220523 0.04989427 0.926796 0.03680241 0.03640151 0.1610139 0.8119668 0.02701932 0.02569895 0.3556768 0.6186243 0.01755827 0.1168997 0.865542 0.003155529 0.01935774 0.9774867 4.936e-4 0.008361637 0.9911447 0.00793761 0.6569892 0.3350732 0.1009916 0.5528391 0.3461693 0.008306801 0.02892911 0.962764 0.01505088 0.04811638 0.9368327 0.05412483 0.1531859 0.7926892 0.1224997 0.3676546 0.5098457 0.2326269 0.4198689 0.3475041 0.1693213 0.5764595 0.2542192 0.1588612 0.7719209 0.06921792 0.2239813 0.3074353 0.4685834 0.01373589 0.9862641 0.1726971 0.2170465 0.6102564 0.01007324 0.2329404 0.7569864 0.1588612 0.7719209 0.06921792 0.01373589 0.9862641 0.02467286 0.9753271 0.1457767 0.5273541 0.3268691 0.1688614 0.4995224 0.3316162 0.3667126 0.47151 0.1617773 0.06972014 0.3542182 0.5760617 0.004461288 0.3948923 0.6006464 0.2326269 0.4198689 0.3475041 0.1693213 0.5764595 0.2542192 0.3968935 0.3512346 0.2518718 0.2239813 0.3074353 0.4685834 0.401078 0.3115747 0.2873473 0.3781129 0.2917863 0.3301008 0.1726971 0.2170465 0.6102564 0.2680075 0.5600017 0.1719909 0.2886622 0.5269453 0.1843925 0.1427634 0.3451761 0.5120605 0.1656076 0.4076287 0.4267636 0.1457767 0.5273541 0.3268691 0.1441849 0.5520364 0.3037787 0.2026244 0.668893 0.1284825 0.20381 0.641357 0.154833 0.1509512 0.5305321 0.3185167 0.1441849 0.5520364 0.3037787 0.138539 0.4892575 0.3722035 0.8516528 0.1483473 0.821992 0.07462656 0.1033813 0.2037796 0.631646 0.1645744 0.1509512 0.5305321 0.3185167 0.1517382 0.4784982 0.3697636 0.2091926 0.5997089 0.1910984 0.1706491 0.4825012 0.3468496 0.214159 0.5870447 0.1987962 0.8556075 0.07328081 0.07111167 0.9105859 0.0412501 0.04816395 0.5307069 0.2527844 0.2165088 0.4662919 0.2746291 0.259079 0.2561128 0.1219756 0.6219117 0.3962694 0.1943988 0.4093317 0.413793 0.4462071 0.1399999 0.08746343 0.9125366 1 1 0.2517924 0.7482076 0.02702701 0.9729731 1 1 0.04857093 0.9514291 0.4313424 0.3155031 0.2531546 0.5946144 0.1736947 0.2316909 0.2762338 0.2197226 0.5040435 0.1136255 0.05827641 0.8280981 0.03555864 0.1275475 0.8368938 0.1075186 0.06194001 0.8305413 0.07542991 0.5746993 0.3498708 0.5184729 0.2003215 0.2812055 0.04182696 0.4078679 0.5503052 0.1531174 0.8033986 0.04348397 0.1240835 0.8010035 0.07491296 0.06529897 0.8626753 0.07202565 0.1012361 0.8292463 0.06951773 0.03294819 0.9092285 0.05782324 0.6100814 0.3611854 0.02873313 0.6089213 0.3653045 0.02577424 0.60202 0.3477739 0.05020618 0.5565432 0.3340873 0.1093695 0.3531389 0.6402205 0.006640613 0.3519792 0.6403942 0.007626593 0.3396204 0.6451491 0.01523053 1 3.9257e-4 0.9996075 0.8932914 0.1067087 1 0.714216 0.03914761 0.2466363 0.7347599 0.1570946 0.1081455 0.7730048 0.1482748 0.07872027 0.7917192 0.03357928 0.1747015 0.6570334 0.06473559 0.278231 0.7155008 0.1084869 0.1760122 0.6091075 0.2555074 0.1353851 1 1 1 1 1 1 1 1 1 1 1 1 1 1 1 1 1 1 1 1 1 1 1 1 1 1 1 1 1 1 1 1 1 1 1 1 1 1 1 1 1 1 1 1 1 1 1 1 1 1 1 1 1 1 1 1 1 1 1 1 1 1 1 1 1 1 1 1 1 1 1 1 1 1 1 1 1 1 1 1 1 1 1 0.9083691 0.0458154 0.04581546 0.7730048 0.1482748 0.07872027 0.7347599 0.1570946 0.1081455 0.7541775 0.09977596 0.1460466 0.821992 0.07462656 0.1033813 0.2909508 0.511239 0.1978102 0.1433054 0.3358936 0.520801 0.2262876 0.6128802 0.1608322 0.1688614 0.4995224 0.3316162 0.1346542 0.5367656 0.3285802 0.1517382 0.4784982 0.3697636 0.1436191 0.5469949 0.309386 0.1706491 0.4825012 0.3468496 0.1656076 0.4076287 0.4267636 0.1427634 0.3451761 0.5120605 0.1433054 0.3358936 0.520801 0.007898747 0.6817023 0.3103989 0.2448486 0.2826498 0.4725015 1 0.007898747 0.6817023 0.3103989 0.3110582 0.49299 0.1959517 0.3394731 0.3546327 0.3058941 0.2706679 0.3143829 0.4149491 0.1730912 0.434595 0.3923138 0.137091 0.4442643 0.4186447 0.4550567 0.4516292 0.09331411 1 1 1 0.7917192 0.03357928 0.1747015 0.7730048 0.1482748 0.07872027 1 1 1 0.821992 0.07462656 0.1033813 0.8516528 0.1483473 1 0.002577006 0.997423 1 0.01957142 0.9804285 1 1 1 1 1 1 3.0844e-4 0.9996916 0.1183424 0.8816576 1 1 1 1 0.002159953 0.99784 0.1687831 0.8312168 1 1 1 1 1 1 1 1 1 1 1 1 0.1374314 0.8625686 0.1835144 0.8164855 0.1835144 0.8164855 1 1 1 0.001628458 0.1258353 0.8725362 0.004546582 0.9954534 0.06 0.94 0.06 0.94 1 0.001297712 0.9987022 0.08339828 0.2661268 0.650475 0.005321562 0.9946785 0.1117779 0.3475465 0.5406756 0.1853131 0.4333759 0.3813111 0.07464796 0.2667777 0.6585743 0.1091893 0.354623 0.5361877 0.04559046 0.9544095 0.001628458 0.1258353 0.8725362 0.1428527 0.4258947 0.4312525 0.3033949 0.6289377 0.06766748 0.1664466 0.4195592 0.4139941 0.3644812 0.6206794 0.01483935 0.1835144 0.8164855 1 1 1 0.004546582 0.9954534 0.1835144 0.8164855 0.1703764 0.4197434 0.4098801 0.3778631 0.6071383 0.01499855 1 1 1 0.9083691 0.0458154 0.04581546 0.9665141 0.01675176 0.01673406 1 1 1 0.66 0.34 0.66 0.34 0.24 0.76 0.24 0.76 1 0.24 0.76 1 1 1 0.1 0.9 0.1 0.9 0.05999994 0.94 0.05999994 0.94 0.24 0.76 0.24 0.76 0.66 0.34 0.66 0.34 0.66 0.34 0.24 0.76 0.09750819 0.2651187 0.6373731 0.001455843 0.9985442 1 0.06 0.94 0.08348566 0.2649767 0.6515377 0.00873059 0.9912694 0.1117779 0.3475465 0.5406756 0.1853131 0.4333759 0.3813111 0.07398366 0.2664017 0.6596147 0.1091893 0.354623 0.5361877 7.6266e-4 0.07949465 0.9197427 0.02094572 0.3544039 0.6246504 0.2232915 0.6713634 0.1053451 0.3033949 0.6289377 0.06766748 0.2516099 0.6442146 0.1041754 0.3644812 0.6206794 0.01483935 0.4416724 0.5583276 1 1 1 0.008586525 0.9914135 0.2487405 0.6305308 0.1207286 0.1859599 0.5173584 0.2966817 0.1770725 0.4924442 0.3304833 0.3778631 0.6071383 0.01499855 0.06 0.94 0.1974091 0.3486163 0.4539746 0.1853131 0.4333759 0.3813111 0.09750819 0.2651187 0.6373731 0.1974091 0.3486163 0.4539746 0.2765138 0.3252894 0.3981968 1 1 1 1 1 1 1 1 1 0.9625659 0.03743404 1 1 0.24 0.76 1 1 1 0.1 0.9 0.1 0.9 1 1 1 0.1 0.9 0.05999994 0.94 0.05999994 0.94 0.05999994 0.94 0.1 0.9 0.1 0.9 0.05999994 0.94 0.66 0.34 0.66 0.34 0.66 0.34 0.05999994 0.94 0.05999994 0.94 1 0.24 0.76 0.24 0.76 0.24 0.76 0.24 0.76 1 0.9452534 0.0273739 0.02737259 0.05555552 0.1624913 0.7819532 0.1528581 0.2784606 0.5686812 0.2205542 0.3020951 0.4773506 0.1207861 0.1460927 0.7331211 0.1882165 0.2079631 0.6038205 0.1255238 0.1207132 0.7537629 0.1555715 0.1368902 0.7075383 0.002472043 0.6117711 0.3857569 0.001325726 0.5781586 0.4205156 0.4620023 0.5379977 0.263866 0.7361341 0.4104637 0.5895363 0.2746397 0.7253603 0.4967266 0.5032734 0.3048737 0.6951263 0.4798513 0.5201487 0.4394915 0.5605085 0.2768028 0.7231972 0.3067731 0.6613284 0.03189849 0.1799855 0.6967157 0.1232988 0.3177125 0.6661498 0.01613765 0.2037953 0.767799 0.02840566 0.003365695 0.3181275 0.6785067 1.6793e-4 0.1971914 0.8026406 0.004135608 0.3278533 0.668011 2.3248e-4 0.1972686 0.8024989 0.3365511 0.649478 0.01397091 0.2066306 0.691777 0.1015924 0.3067731 0.6613284 0.03189849 0.2066306 0.691777 0.1015924 0.005575597 0.3442267 0.6501978 0.2424066 0.7337113 0.02388203 2.3248e-4 0.1972686 0.8024989 0.1589933 0.8380133 0.002993345 7.3959e-4 0.2179889 0.7812715 0.1651786 0.8250151 0.009806275 0.1589933 0.8380133 0.002993345 0.1557942 0.8417134 0.002492308 0.2114952 0.787207 0.001297831 0.1586987 0.8394315 0.001869618 0.1726491 0.8199231 0.007427871 0.1502341 0.8023238 0.04744225 0.1041856 0.6152019 0.2806125 0.1609487 0.6741198 0.1649314 0.1269589 0.3930457 0.4799954 0.1565384 0.7979846 0.04547697 0.7136873 0.1423858 0.1439269 0.1081521 0.7867001 0.1051477 0.1157894 0.3641281 0.5200824 0.1157894 0.3641281 0.5200824 0.1486331 0.1518218 0.699545 0.1269589 0.3930457 0.4799954 0.3278611 0.545127 0.1270119 0.1545478 0.1816563 0.6637959 0.1032576 0.6267581 0.2699843 0.1488143 0.797781 0.05340462 0.4422966 0.4485677 0.1091356 0.5825657 0.291716 0.1257182 0.343131 0.501935 0.154934 0.4206778 0.4578925 0.1214297 0.3661854 0.5113009 0.1225137 0.005969107 0.9745957 0.01943516 1 1 1 0.3008552 0.5513626 0.1477822 0.2021916 0.7059581 0.09185028 0.2116622 0.5761973 0.2121405 1 1 0.04305976 0.1004729 0.8564673 0.04240101 0.09893572 0.8586632 0.3558114 0.4963564 0.1478322 0.3460742 0.4695119 0.1844139 0.3574729 0.4947439 0.1477832 0.4005637 0.3903347 0.2091015 0.3534776 0.4500333 0.196489 0.1445372 0.8123167 0.04314625 0.3534776 0.4500333 0.196489 0.343163 0.4236983 0.2331386 0.2206069 0.290122 0.4892711 0.1399224 0.7957978 0.06427973 0.1196613 0.8534186 0.02692008 1 1 1 0.965797 0.03420299 1 1 0.05177813 0.8359597 0.1122621 0.07424789 0.800925 0.124827 0.1982465 0.1055166 0.6962368 0.001135706 0.9988643 1 1 1 0.3145097 0.6854903 0.006857872 0.5618895 0.4312525 0.3840885 0.6159115 0.3769738 0.5808489 0.04217731 0.2886622 0.5269453 0.1843925 0.2262876 0.6128802 0.1608322 0.2680075 0.5600017 0.1719909 0.3349698 0.6128737 0.05215644 0.199856 0.6254913 0.1746528 0.03322851 0.4376935 0.5290779 0.02421367 0.4308141 0.5449723 0.09797185 0.4684866 0.4335415 0.2467231 0.4806149 0.272662 0.3932336 0.5138776 0.09288871 0.4336985 0.4952371 0.07106429 0.3963706 0.5074769 0.09615242 0.4911282 0.5088718 0.5050715 0.4949284 0.3042922 0.4755207 0.220187 0.2715948 0.3649983 0.3634069 0.2700792 0.1272116 0.6027092 0.243475 0.5263403 0.2301847 0.256573 0.2381647 0.5052623 0.2241284 0.2559491 0.5199225 0.4468748 0.3661141 0.187011 0.4711751 0.3367239 0.192101 0.2366753 0.2058374 0.5574873 0.2765138 0.3252894 0.3981968 0.2591561 0.2163257 0.5245182 0.4053794 0.3690978 0.2255226 0.05515229 0.463832 0.4810156 0.2591561 0.2163257 0.5245182 0.4875335 0.1363314 0.3761352 0.2809039 0.2730406 0.4460555 0.4042907 0.3534967 0.2422124 0.3394731 0.3546327 0.3058941 0.2706679 0.3143829 0.4149491 0.2706679 0.3143829 0.4149491 1 0.2003723 0.1969147 0.602713 0.2809039 0.2730406 0.4460555 0.4554505 0.4707877 0.07376176 0.5192843 0.4807157 0.4488831 0.4830945 0.06802231 0.5166695 0.4833306 0.4723075 0.5276926 0.4796518 0.5203483 0.4723075 0.5276926 0.4669027 0.5330972 0.4885805 0.5114195 0.47843 0.5215699 0.5050715 0.4949284 0.4911282 0.5088718 0.4964573 0.5035426 0.02928626 0.1569007 0.813813 0.06959789 0.2223801 0.7080221 0.2128935 0.1281548 0.6589516 0.03370475 0.1842206 0.7820746 0.007898747 0.6817023 0.3103989 0.1534548 0.1320415 0.7145037 0.2003723 0.1969147 0.602713 1 0.06721657 0.6251904 0.3075931 0.2209132 0.4025301 0.3765568 0.03330463 0.7795658 0.1871296 0.01753562 0.8358526 0.1466117 0.02937394 0.6901778 0.2804482 0.01438581 0.6368779 0.3487363 0.002136826 0.6095896 0.3882735 0.1534548 0.1320415 0.7145037 0.1534548 0.1320415 0.7145037 0.007898747 0.6817023 0.3103989 0.003426671 0.770328 0.2262452 0.002136826 0.6095896 0.3882735 0.2128935 0.1281548 0.6589516 0.004959881 0.9196025 0.07543754 0.06721657 0.6251904 0.3075931 0.4279705 0.5720295 0.4414183 0.5585817 0.4044636 0.5955364 0.3027283 0.6972717 0.3147026 0.6852974 0.2834267 0.7165733 0.4516122 0.5483878 0.4620023 0.5379977 0.2807583 0.7192417 0.263866 0.7361341 0.1201549 0.7918193 0.08802586 0.1047772 0.8184168 0.076806 0.05384343 0.8401749 0.1059817 0.01779043 0.6048027 0.3774068 0.02061873 0.6015208 0.3778604 0.01624935 0.6129176 0.3708331 0.04202967 0.8225463 0.135424 0.02398395 0.6066051 0.3694109 0.04202967 0.8225463 0.135424 0.10531 0.8079032 0.0867868 0.02398395 0.6066051 0.3694109 0.02718359 0.6272221 0.3455943 0.1464737 0.7624523 0.09107398 0.1534429 0.7579276 0.08862942 0.1361879 0.7695355 0.09427666 0.02569746 0.6187944 0.3555081 0.3365511 0.649478 0.01397091 0.3067731 0.6613284 0.03189849 0.009743452 0.4345421 0.5557144 0.01080238 0.4444769 0.5447208 0.0219298 0.6072462 0.3708239 0.01768857 0.6009822 0.3813292 0.3177125 0.6661498 0.01613765 0.002570629 0.3220573 0.6753721 0.008535206 0.4400305 0.5514343 0.009116291 0.4427928 0.5480908 0.002570629 0.3220573 0.6753721 0.005105972 0.3389633 0.6559306 0.004135608 0.3278533 0.668011 0.1269589 0.3930457 0.4799954 0.1222246 0.3991634 0.4786119 0.3349623 0.5646902 0.1003474 0.1531381 0.1487056 0.6981563 0.166856 0.1596709 0.6734731 0.3349623 0.5646902 0.1003474 0.1222246 0.3991634 0.4786119 0.3278611 0.545127 0.1270119 0.2043099 0.5956681 0.2000219 0.2043099 0.5956681 0.2000219 0.1581408 0.7774828 0.06437629 0.2116622 0.5761973 0.2121405 0.2043099 0.5956681 0.2000219 0.1581408 0.7774828 0.06437629 0.3008552 0.5513626 0.1477822 0.2116622 0.5761973 0.2121405 0.343131 0.501935 0.154934 0.3843781 0.4960029 0.1196191 0.3843781 0.4960029 0.1196191 1 0.5399175 0.3233219 0.1367605 0.4839437 0.3279324 0.1881238 0.3558114 0.4963564 0.1478322 0.3661854 0.5113009 0.1225137 0.4256342 0.3111534 0.2632125 0.3460742 0.4695119 0.1844139 0.3843781 0.4960029 0.1196191 0.5304297 0.3591106 0.1104597 0.3574729 0.4947439 0.1477832 0.4363157 0.3390656 0.2246187 0.3534776 0.4500333 0.196489 0.4106951 0.3258695 0.2634355 0.4363157 0.3390656 0.2246187 0.3574729 0.4947439 0.1477832 0.5672987 0.3538356 0.07886576 0.1737667 0.2445319 0.5817013 0.2206069 0.290122 0.4892711 0.05912739 0.2708243 0.6700482 0.0537278 0.8614204 0.08485174 0.09408241 0.8359566 0.06996095 0.08322376 0.7990652 0.117711 0.1111869 0.7975969 0.09121614 0.08322376 0.7990652 0.117711 0.08480018 0.6939803 0.2212195 0.116414 0.5615316 0.3220543 0.1265453 0.8433175 0.03013724 0.203944 0.5616059 0.23445 0.116414 0.5615316 0.3220543 0.08480018 0.6939803 0.2212195 0.6881046 0.2909809 0.02091443 0.1045517 0.8648228 0.03062558 0.1265453 0.8433175 0.03013724 0.04310953 0.9568904 0.001135706 0.9988643 1 0.3883082 0.6116917 0.3883082 0.6116917 0.02753299 0.972467 0.04310953 0.9568904 0.04878085 0.9512192 0.04820585 0.2400877 0.7117064 0.2193239 0.5431196 0.2375565 0.06980627 0.6861106 0.2440831 0.5997433 0.4002568 0.5949453 0.4050547 0.554132 0.445868 0.5714572 0.4285429 0.7698203 0.2301797 0.6985967 0.3014034 0.5742396 0.4257605 0.7374384 0.2625616 0.7726162 0.2273839 0.7172843 0.2827158 0.7502889 0.2497111 0.6602944 0.3397057 0.7076144 0.2923856 0.7374384 0.2625616 0.6859463 0.3140538 0.6543164 0.3456836 0.6859463 0.3140538 0.7205867 0.2794133 0.7148205 0.2851795 0.2241284 0.2559491 0.5199225 0.256573 0.2381647 0.5052623 0.1798617 0.1834406 0.6366976 0.2809039 0.2730406 0.4460555 0.2003723 0.1969147 0.602713 0.5031244 0.4968757 0.5166695 0.4833306 0.5192843 0.4807157 0.5166695 0.4833306 0.5128301 0.4871699 0.5180243 0.4819757 0.5841863 0.3212552 0.09455853 0.20381 0.641357 0.154833 0.303575 0.6447309 0.05169409 0.2091926 0.5997089 0.1910984 0.2037796 0.631646 0.1645744 0.2594887 0.6582605 0.08225077 0.2856718 0.4866045 0.2277237 0.4402496 0.436916 0.1228345 0.09971261 0.4745087 0.4257786 0.2483817 0.4844865 0.2671317 0.4001189 0.4671078 0.1327733 0.2766263 0.4511541 0.2722196 0.137091 0.4442643 0.4186447 0.4550567 0.4516292 0.09331411 0.3908015 0.4690816 0.1401169 0.2026244 0.668893 0.1284825 0.2042252 0.642259 0.1535158 0.1052614 0.3554718 0.5392668 0.2530699 0.634342 0.1125881 0.1107124 0.3467655 0.5425221 0.3505245 0.4808177 0.1686577 0.5588844 0.4411156 0.5131945 0.4868055 0.6037124 0.3962875 0.963265 0.03673511 0.975217 0.02478301 0.8685302 0.1314699 0.8849198 0.1150802 0.997462 0.002537965 0.9920748 0.007925152 0.7762758 0.2237242 0.7819529 0.2180471 0.7739426 0.06219625 0.1638612 0.7930735 0.2069265 0.6350111 0.02687025 0.3381186 0.9586147 0.04138535 0.1014341 0.8985659 0.09428834 0.9057116 0.1254004 0.8745996 0.9707457 0.02925437 0.8818102 0.1144044 0.00378549 0.8706659 0.1126244 0.01670968 0.1674109 0.8325892 0.5977881 0.4022119 0.5236639 0.4763361 0.3672861 0.6298595 0.002854526 0.3280979 0.6692653 0.00263679 0.5959678 0.182608 0.2214242 0.6790845 0.08773362 0.2331818 0.6412698 0.3199736 0.0387566 0.585642 0.4101424 0.004215478 0.6004737 0.3995262 0.3325012 0.6674988 0.3766493 0.6233507 0.6315544 0.365808 0.002637565 0.6411588 0.2779666 0.08087462 0.3572331 0.6401268 0.002640068 0.5596359 0.2358627 0.2045013 0.36382 0.5922957 0.04388427 0.6192703 0.1243363 0.2563934 0.3952082 0.5411161 0.0636757 0.5136542 0.04484003 0.4415057 0.5314303 0.02122443 0.4473453 0.0777527 0.9222473 0.0797035 0.9202965 0.3107861 0.6892138 0.2938383 0.7061616 0.03718048 0.9628195 0.07662665 0.9233734 0.07941657 0.9205834 0.05170369 0.9482963 0.02167797 0.978322 0.02452594 0.975474 0.02452594 0.975474 0.01604431 0.9839556 0.3952082 0.5411161 0.0636757 1 0.006846308 0.9931536 1 0.009954988 0.990045 0.00374931 0.9962507 0.001582264 0.9984178 1 1 1 1 1 1 1 1 1 1 1 1 1 1 0.8622379 0.1035654 0.03419673 0.777049 0.0763517 0.1465993 0.6220314 0.05605477 0.3219138 0.5236639 0.4763361 0.5136542 0.04484003 0.4415057 0.6192703 0.1243363 0.2563934 0.7502889 0.2497111 0.6602944 0.3397057 0.6543164 0.3456836 0.6859463 0.3140538 0.7205867 0.2794133 0.004135608 0.3278533 0.668011 0.009495437 0.443915 0.5465895 0.008686661 0.4396278 0.5516855 0.003365695 0.3181275 0.6785067 0.005105972 0.3389633 0.6559306 0.01035404 0.4463337 0.5433123 0.005575597 0.3442267 0.6501978 0.01066744 0.4427098 0.5466228 0.01035404 0.4463337 0.5433123 0.005105972 0.3389633 0.6559306 0.01723581 0.5185985 0.4641657 0.01080238 0.4444769 0.5447208 0.009743452 0.4345421 0.5557144 0.01433533 0.5016125 0.4840522 0.009116291 0.4427928 0.5480908 0.008535206 0.4400305 0.5514343 0.01068323 0.5057525 0.4835643 0.01203042 0.5038251 0.4841445 0.01388537 0.5072069 0.4789078 0.01164686 0.5025168 0.4858363 0.01666188 0.5191524 0.4641857 0.01666188 0.5191524 0.4641857 0.01807808 0.5251608 0.4567611 0.009495437 0.443915 0.5465895 0.008686661 0.4396278 0.5516855 0.01035404 0.4463337 0.5433123 0.01035404 0.4463337 0.5433123 0.01066744 0.4427098 0.5466228 0.09764915 0.4707775 0.4315733 0.3861638 0.5077227 0.1061134 0.47843 0.5215699 0.3322088 0.6085336 0.0592575 0.414572 0.5432565 0.04217153 0.09136384 0.4750815 0.4335547 0.09971261 0.4745087 0.4257786 0.2998276 0.4199171 0.2802554 0.3156756 0.6007327 0.08359169 0.2396694 0.2396694 0.5206612 0.1848 0.6552 0.16 0.1848 0.6552 0.16 0.3310161 0.4991286 0.1698554 0.3597701 0.5861885 0.05404138 0.1767375 0.4393153 0.3839471 0.1767375 0.4393153 0.3839471 0.2024 0.7176 0.07999998 0.2024 0.7176 0.07999998 0.4094548 0.5623356 0.0282095 0.4332426 0.5262923 0.04046511 0.368196 0.6124533 0.0193507 0.2351397 0.4795932 0.2852671 0.09764915 0.4707775 0.4315733 0.2467231 0.4806149 0.272662 0.3932336 0.5138776 0.09288871 0.3847424 0.5118566 0.103401 0.01875764 0.4322069 0.5490354 0.3322088 0.6085336 0.0592575 0.1107124 0.3467655 0.5425221 0.3148148 0.625096 0.06008911 0.2530699 0.634342 0.1125881 0.1052614 0.3554718 0.5392668 0.2483817 0.4844865 0.2671317 0.4723075 0.5276926 0.2998276 0.4199171 0.2802554 0.3042922 0.4755207 0.220187 0.243475 0.5263403 0.2301847 0.2396694 0.2396694 0.5206612 0.2024 0.7176 0.07999998 0.1848 0.6552 0.16 0.2765138 0.3252894 0.3981968 0.05515229 0.463832 0.4810156 0.1767375 0.4393153 0.3839471 0.4053794 0.3690978 0.2255226 0.09971261 0.4745087 0.4257786 0.3861638 0.5077227 0.1061134 0.47843 0.5215699 0.2715948 0.3649983 0.3634069 0.3042922 0.4755207 0.220187 0.01875764 0.4322069 0.5490354 0.368196 0.6124533 0.0193507 0.3148148 0.625096 0.06008911 0.0664364 0.2858359 0.6477276 0.417025 0.1059954 0.4769796 0.06205034 0.6070144 0.3309352 0.01044374 0.5637599 0.4257963 0.01078552 0.5635651 0.4256494 0.03730529 0.2592643 0.7034304 0.03784346 0.2591194 0.7030372 1 1 0.02999997 0.02999997 0.94 1 0.06646001 0.2858287 0.6477113 0.4219918 0.1050924 0.4729158 0.03752666 0.2592047 0.7032686 1 0.02842545 0.0172311 0.9543434 0.06205034 0.6070144 0.3309352 0.316493 0.293049 0.3904581 1 0.5 0.5 1 0.5 0.5 0.316493 0.293049 0.3904581 1 0.010692 0.5636185 0.4256896 0.03784346 0.2591194 0.7030372 0.01044374 0.5637599 0.4257963 0.4332426 0.5262923 0.04046511 0.3110582 0.49299 0.1959517 0.3310161 0.4991286 0.1698554 1 1 0.02999997 0.02999997 0.94 0.4332426 0.5262923 0.04046511 0.5651879 0.2126839 0.2221283 0.5729585 0.4270415 0.7816165 0.09668207 0.1217013 0.4671152 0.5328848 0.7952417 0.2047582 0.413793 0.4462071 0.1399999 0.6620556 0.2950915 0.04285293 1 1 1 0.9978348 0.002165257 0.9958311 0.004168927 0.9933735 0.006626605 0.968753 0.03124696 0.7927457 0.2072543 0.7927457 0.2072543 0.9896692 0.01033079 1 0.9045961 0.06503105 0.03037273 0.9919545 0.008045434 0.9350656 0.06493437 0.7427747 0.24792 0.009305357 0.3238084 0.123938 0.5522536 0.5307069 0.2527844 0.2165088 0.3891327 0.1315332 0.4793341 0.2561128 0.1219756 0.6219117 0.3334562 0.1213524 0.5451914 0.2091554 0.08234614 0.7084984 0.3962694 0.1943988 0.4093317 0.07542991 0.5746993 0.3498708 0.5143299 0.3961563 0.08951389 0.4807249 0.364957 0.154318 0.2344367 0.2983042 0.4672591 0.3976641 0.529434 0.07290184 0.001656115 0.47188 0.5264639 1.2234e-4 0.7520604 0.2478173 1 0.006188392 0.9938116 0.001020252 0.9989798 0.08828586 0.7725191 0.139195 0.6965675 0.1173126 0.1861199 0.443248 0.4225044 0.1342477 0.6447248 0.3552752 0.515046 0.4045969 0.08035707 0.900202 0.07465726 0.02514082 0.08746343 0.9125366 0.476238 0.1964192 0.3273428 0.6184256 0.1974982 0.1840763 0.6380694 0.1479819 0.2139486 0.2759265 0.7240735 0.2502622 0.7497379 0.07007622 0.9299238 0.06100511 0.9389949 0.05863702 0.9413629 0.2471977 0.7528024 0.2581468 0.7418533 0.6712993 0.1463562 0.1823444 0.6723799 0.143387 0.1842331 0.8167283 0.1832718 0.7736659 0.1777329 0.04860109 0.9463329 0.05366712 0.7513544 0.2073501 0.0412954 0.7541775 0.09977596 0.1460466 0.4649195 0.5350806 1 0.4798535 0.5201464 1 0.7927457 0.2072543 0.2517924 0.7482076 0.4994128 0.5005872 0.7927457 0.2072543 0.7922722 0.2077278 1 0.6523703 0.1775416 0.1700881 0.02702701 0.9729731 1 1 0.04857093 0.9514291 0.05725151 0.9427486 0.8536764 0.1463235 1 1 0.6575515 0.2278971 0.1145514 0.05679225 0.1166433 0.8265645 0.1777697 0.7826009 0.03962934 0.1136255 0.828098 0.05827641 0.03555864 0.1275475 0.8368938 0.7401973 0.2223756 0.03742712 0.8626753 0.06529897 0.07202565 0.09907042 0.8484346 0.05249488 0.03294819 0.9092285 0.05782324 0.1672015 0.7322072 0.1005913 0.03432136 0.4796444 0.4860342 0.2739365 0.4835896 0.2424738 0.5147324 0.2780297 0.2072378 0.0280534 0.9220523 0.04989427 0.1610139 0.8119668 0.02701932 0.01755827 0.1168997 0.865542 0.02569895 0.3556768 0.6186243 0.003155529 0.01935774 0.9774867 0.00793761 0.6569892 0.3350732 0.1009916 0.5528391 0.3461693 0.01505088 0.04811638 0.9368327 0.05412483 0.1531859 0.7926892 0.1224997 0.3676546 0.5098457 0.2326269 0.4198689 0.3475041 0.1693213 0.5764595 0.2542192 0.1588612 0.7719209 0.06921792 0.2239813 0.3074353 0.4685834 0.01373589 0.9862641 0.01007324 0.2329404 0.7569864 0.02467286 0.9753271 0.01373589 0.9862641 0.1588612 0.7719209 0.06921792 0.1457767 0.5273541 0.3268691 0.06972014 0.3542182 0.5760617 0.3667126 0.47151 0.1617773 0.1688614 0.4995224 0.3316162 0.004461288 0.3948923 0.6006464 0.2326269 0.4198689 0.3475041 0.3968935 0.3512346 0.2518718 0.1693213 0.5764595 0.2542192 0.2239813 0.3074353 0.4685834 0.401078 0.3115747 0.2873473 0.2680075 0.5600017 0.1719909 0.1656076 0.4076287 0.4267636 0.1427634 0.3451761 0.5120605 0.2886622 0.5269453 0.1843925 0.1457767 0.5273541 0.3268691 0.20381 0.641357 0.154833 0.2026244 0.668893 0.1284825 0.1441849 0.5520364 0.3037787 0.1509512 0.5305321 0.3185167 0.138539 0.4892575 0.3722035 0.1441849 0.5520364 0.3037787 0.821992 0.07462656 0.1033813 0.8516528 0.1483473 0.2037796 0.631646 0.1645744 0.2091926 0.5997089 0.1910984 0.1517382 0.4784982 0.3697636 0.1509512 0.5305321 0.3185167 0.8556075 0.07328081 0.07111167 0.5307069 0.2527844 0.2165088 0.2561128 0.1219756 0.6219117 0.4662919 0.2746291 0.259079 0.3962694 0.1943988 0.4093317 0.413793 0.4462071 0.1399999 0.08746343 0.9125366 1 1 0.2517924 0.7482076 0.02702701 0.9729731 1 1 0.04857093 0.9514291 0.4313424 0.3155031 0.2531546 0.1136255 0.828098 0.05827641 0.1075186 0.06194001 0.8305413 0.03555864 0.1275475 0.8368938 0.5184729 0.2003215 0.2812055 0.07542991 0.5746993 0.3498708 0.8626753 0.06529897 0.07202565 0.1240835 0.8010035 0.07491296 0.03294819 0.9092285 0.05782324 0.1012361 0.8292463 0.06951773 0.6100814 0.3611854 0.02873313 0.60202 0.3477739 0.05020618 0.5565432 0.3340873 0.1093695 0.3531389 0.6402205 0.006640613 0.3396204 0.6451491 0.01523053 1 3.9257e-4 0.9996075 0.8932914 0.1067087 1 0.714216 0.03914761 0.2466363 0.7917192 0.03357928 0.1747015 0.7730048 0.1482748 0.07872027 0.7347599 0.1570946 0.1081455 0.7155008 0.1084869 0.1760122 0.6570334 0.06473559 0.278231 0.6091075 0.2555074 0.1353851 1 1 1 1 1 1 1 1 1 1 1 1 1 1 1 1 1 1 1 1 1 1 1 1 1 1 1 1 1 1 1 1 1 1 1 1 1 1 1 1 1 1 1 1 1 1 1 1 1 1 1 1 1 1 1 1 1 1 1 1 1 1 1 1 1 1 1 1 1 1 1 1 1 1 1 1 1 1 1 1 1 0.7730048 0.1482748 0.07872027 0.821992 0.07462656 0.1033813 0.7541775 0.09977596 0.1460466 0.7347599 0.1570946 0.1081455 0.2262876 0.6128802 0.1608322 0.1688614 0.4995224 0.3316162 0.1517382 0.4784982 0.3697636 0.1346542 0.5367656 0.3285802 0.1656076 0.4076287 0.4267636 0.1427634 0.3451761 0.5120605 0.2448486 0.2826498 0.4725015 0.007898747 0.6817023 0.3103989 0.007898747 0.6817023 0.3103989 1 0.3110582 0.49299 0.1959517 0.2706679 0.3143829 0.4149491 0.3394731 0.3546327 0.3058941 0.137091 0.4442643 0.4186447 0.4550567 0.4516292 0.09331411 1 1 1 0.7917192 0.03357928 0.1747015 1 0.7730048 0.1482748 0.07872027 0.8516528 0.1483473 0.821992 0.07462656 0.1033813 1 1 0.002577006 0.997423 0.01957142 0.9804285 1 1 1 1 3.0844e-4 0.9996916 1 0.1183424 0.8816576 1 1 0.1687831 0.8312168 1 1 1 1 1 1 1 1 1 1 0.1835144 0.8164855 1 0.004546582 0.9954534 0.001628458 0.1258353 0.8725362 0.06 0.94 0.001297712 0.9987022 1 0.06 0.94 0.08339828 0.2661268 0.650475 0.005321562 0.9946785 0.1117779 0.3475465 0.5406756 0.1853131 0.4333759 0.3813111 0.07464796 0.2667777 0.6585743 0.1091893 0.354623 0.5361877 0.04559046 0.9544095 0.001628458 0.1258353 0.8725362 0.1428527 0.4258947 0.4312525 0.3033949 0.6289377 0.06766748 0.1664466 0.4195592 0.4139941 0.3644812 0.6206794 0.01483935 0.1835144 0.8164855 1 1 1 0.004546582 0.9954534 1 1 1 1 0.66 0.34 0.24 0.76 1 1 0.1 0.9 0.05999994 0.94 0.24 0.76 0.66 0.34 0.66 0.34 0.66 0.34 0.24 0.76 0.24 0.76 0.09750819 0.2651187 0.6373731 0.06 0.94 1 0.001455843 0.9985442 0.08348566 0.2649767 0.6515377 0.00873059 0.9912694 0.1117779 0.3475465 0.5406756 0.1853131 0.4333759 0.3813111 0.07398366 0.2664017 0.6596147 0.1091893 0.354623 0.5361877 7.6266e-4 0.07949465 0.9197427 0.02094572 0.3544039 0.6246504 0.2232915 0.6713634 0.1053451 0.3033949 0.6289377 0.06766748 0.2516099 0.6442146 0.1041754 0.3644812 0.6206794 0.01483935 0.4416724 0.5583276 1 1 1 0.008586525 0.9914135 0.06 0.94 0.09750819 0.2651187 0.6373731 0.1853131 0.4333759 0.3813111 0.1974091 0.3486163 0.4539746 0.1974091 0.3486163 0.4539746 0.2765138 0.3252894 0.3981968 1 1 1 1 0.9625659 0.03743404 1 0.24 0.76 1 1 1 0.1 0.9 1 0.1 0.9 0.1 0.9 0.05999994 0.94 0.05999994 0.94 0.05999994 0.94 0.1 0.9 0.05999994 0.94 0.05999994 0.94 0.66 0.34 0.66 0.34 0.66 0.34 0.05999994 0.94 1 0.24 0.76 0.24 0.76 0.24 0.76 0.24 0.76 1 1 0.9510017 0.04899823 1 0.4099627 0.5682276 0.02180969 0.16174 0.7308335 0.1074264 0.4080517 0.5766444 0.0153039 0.4588113 0.539834 0.001354694 0.202759 0.7810873 0.01615375 0.3054089 0.6773685 0.01722258 0.4212657 0.5603673 0.01836693 0.4750356 0.5207914 0.00417304 0.1762912 0.8224502 0.001258671 0.04458111 0.9531064 0.002312541 0.1799749 0.8187186 0.001306474 0.04477739 0.9515218 0.003700852 0.1799749 0.8187186 0.001306474 0.04458111 0.9531064 0.002312541 0.1758204 0.8200661 0.004113614 0.05199271 0.9435717 0.004435658 0.09950184 0.8020856 0.09841257 0.02690297 0.6703955 0.3027015 0.01224827 0.6772473 0.3105044 0.05485296 0.9179779 0.02716904 0.03870284 0.8765982 0.08469891 0.1375678 0.7580271 0.1044052 0.1618454 0.7267026 0.111452 0.0164116 0.6591947 0.3243937 0.2574529 0.7425471 0.02032351 0.6384324 0.3412441 0.4337807 0.5662193 0.3723759 0.6276242 0.1991407 0.8008593 0.1758986 0.8241013 0.2942362 0.7057638 0.1761605 0.8238394 0.1517969 0.8482031 1 0.936284 0.06371593 1 0.9357415 0.06425851 0.9567459 0.04325407 1 1 0.946979 0.05302101 1 0.9343709 0.06562906 1 0.9469348 0.05306512 1 0.9410185 0.05898147 1 0.9357415 0.06425851 0.4814016 0.518348 2.5039e-4 0.4663923 0.5326182 9.8952e-4 0.4744459 0.525162 3.9206e-4 0.03990328 0.9175559 0.04254078 0.01460772 0.8393028 0.1460894 0.6971642 0.3028358 0.6354756 0.3645244 0.2858387 0.7141613 0.3518549 0.6481451 0.4744459 0.525162 3.9206e-4 0.1549326 0.8450674 0.07843881 0.9215612 0.07666212 0.9233379 0.09797763 0.9020224 0.04458111 0.9531064 0.002312541 0.05199271 0.9435717 0.004435658 0.04477739 0.9515218 0.003700852 0.2858387 0.7141613 0.1549326 0.8450674 0.07843881 0.9215612 0.1023402 0.8976597 0.3518549 0.6481451 0.6354756 0.3645244 0.6971642 0.3028358 0.03870284 0.8765982 0.08469891 0.01460772 0.8393028 0.1460894 0.03990328 0.9175559 0.04254078 0.05485296 0.9179779 0.02716904 0.1001946 0.8998054 0.1256368 0.8743632 0.0850085 0.9149915 0.101469 0.898531 0.202215 0.7977849 0.1586073 0.8413927 0.1023402 0.8976597</float_array>
          <technique_common>
            <accessor source="#Bip001_Pelvis_aladdin_prince_lod0-skin-weights-array" count="5133" stride="1">
              <param name="WEIGHT" type="float"/>
            </accessor>
          </technique_common>
        </source>
        <joints>
          <input semantic="JOINT" source="#Bip001_Pelvis_aladdin_prince_lod0-skin-joints"/>
          <input semantic="INV_BIND_MATRIX" source="#Bip001_Pelvis_aladdin_prince_lod0-skin-bind_poses"/>
        </joints>
        <vertex_weights count="2179">
          <input semantic="JOINT" source="#Bip001_Pelvis_aladdin_prince_lod0-skin-joints" offset="0"/>
          <input semantic="WEIGHT" source="#Bip001_Pelvis_aladdin_prince_lod0-skin-weights" offset="1"/>
          <vcount>3 3 3 3 3 3 3 3 3 2 2 2 2 2 2 2 2 2 3 3 3 3 3 3 3 3 3 3 3 3 3 3 3 3 3 3 3 3 3 3 3 3 3 3 3 3 3 3 3 3 3 3 3 3 3 3 3 3 3 3 3 3 1 1 1 3 3 3 1 3 1 3 3 3 3 3 3 3 3 3 3 3 3 1 1 1 2 1 1 3 3 3 2 1 1 1 2 2 3 3 3 3 3 3 3 3 3 3 3 3 3 3 3 3 3 3 3 2 2 3 3 3 3 3 3 3 3 3 3 3 3 3 3 3 3 3 3 3 3 3 3 3 1 2 2 3 3 3 2 2 2 2 2 2 2 2 2 2 2 2 3 3 3 3 3 1 3 3 3 3 3 3 3 3 3 3 3 3 3 3 3 3 3 2 2 2 2 2 2 2 2 2 2 3 3 3 3 3 3 3 3 3 3 3 3 3 3 3 3 3 3 3 3 3 3 3 3 3 3 3 3 3 3 3 3 3 3 3 3 3 3 3 3 3 3 3 3 3 3 3 3 1 3 3 3 3 3 3 3 3 3 3 3 3 3 3 3 3 3 3 3 3 3 3 3 3 3 3 3 3 3 3 3 3 2 2 1 2 2 2 2 2 3 3 3 2 2 2 2 2 2 2 2 2 2 2 2 2 2 2 2 2 2 2 2 2 2 2 2 2 2 2 2 2 2 3 3 3 3 3 2 2 2 2 2 2 2 2 3 3 3 3 3 3 3 3 3 3 3 3 3 3 3 3 3 3 3 3 3 3 3 3 3 1 1 2 3 3 3 3 3 3 3 3 3 3 3 3 3 3 3 3 3 3 3 3 3 3 3 3 3 2 2 2 2 2 2 2 2 1 2 2 1 1 2 1 2 1 2 1 2 1 2 1 2 3 3 3 3 3 2 2 2 2 3 2 2 2 2 3 3 3 2 2 2 2 2 2 2 3 3 3 3 2 2 2 2 2 2 2 2 2 2 2 2 2 2 3 3 2 2 2 2 2 2 2 3 3 2 2 2 2 2 2 2 3 3 3 3 3 3 2 2 3 2 3 3 3 3 3 3 3 3 2 2 2 2 2 2 2 2 2 2 2 3 2 2 1 1 2 2 2 1 1 1 1 1 1 1 1 1 1 1 1 1 1 3 3 3 2 3 3 2 2 2 2 2 2 2 2 2 2 2 2 2 2 2 3 3 3 3 3 3 3 3 3 3 3 3 3 3 3 3 3 3 3 3 3 3 3 3 3 3 3 3 3 3 2 3 3 3 3 3 3 3 3 3 3 3 3 3 3 3 3 3 3 3 3 3 3 3 3 3 3 3 3 3 3 3 3 3 2 3 3 3 3 3 3 3 3 3 3 3 3 2 3 3 3 3 3 3 3 3 3 3 3 3 3 3 3 3 1 1 3 1 3 1 3 3 3 3 3 2 1 1 3 3 2 1 3 1 3 3 3 3 3 3 3 3 1 1 3 2 3 1 3 3 3 2 2 2 3 3 3 3 1 1 1 2 2 2 2 2 2 2 3 1 2 2 3 3 3 3 3 3 3 3 3 3 3 3 3 3 1 3 2 3 2 3 3 2 3 3 3 3 1 2 3 3 3 2 2 2 2 2 2 2 3 3 1 1 2 3 3 3 2 3 3 2 1 2 1 2 2 2 2 2 1 3 2 1 1 2 2 1 2 1 3 3 3 3 3 3 3 3 3 3 3 3 3 3 3 3 3 3 3 3 3 3 3 3 3 3 3 3 3 3 3 3 3 3 3 2 3 3 3 2 2 3 3 3 3 3 3 3 3 3 3 3 3 3 3 3 3 3 3 3 3 3 3 3 2 3 3 3 3 3 3 3 3 3 3 3 3 3 3 2 1 1 2 2 1 1 2 3 3 3 3 3 3 3 3 3 3 3 3 3 3 3 3 3 3 3 3 3 1 2 2 1 3 3 3 3 3 3 3 1 1 1 1 1 1 1 1 1 1 1 1 1 1 1 1 1 1 1 1 1 1 1 1 1 1 1 1 1 1 1 1 1 1 1 1 1 1 1 1 1 1 1 1 1 1 1 1 1 1 1 1 1 1 1 1 1 1 1 1 1 1 1 1 1 1 1 1 1 1 1 1 1 1 1 1 1 1 1 1 1 1 1 3 3 3 3 3 3 3 3 3 3 3 3 3 3 3 3 3 3 1 3 3 3 3 3 3 3 1 1 1 3 3 1 1 1 3 2 1 2 1 2 1 1 1 1 1 1 2 2 1 1 1 1 2 2 1 1 1 1 1 1 1 1 1 1 1 1 2 2 2 1 1 1 3 2 2 2 1 2 3 2 3 3 3 3 2 3 3 3 3 3 2 1 1 1 2 2 3 3 1 1 1 3 3 1 1 1 2 2 2 2 1 2 1 1 1 2 2 2 2 2 2 2 2 2 2 3 2 1 2 3 2 3 3 3 3 3 3 3 3 3 3 2 1 1 1 2 3 3 3 3 2 3 3 3 3 3 1 1 1 1 1 1 1 1 1 2 1 1 2 1 1 1 2 2 1 1 1 2 2 2 2 2 2 2 2 2 2 2 2 1 2 2 2 2 1 3 3 3 3 3 3 3 3 3 3 2 2 2 2 2 2 2 2 2 3 3 3 3 3 3 3 3 3 3 3 3 3 3 3 3 3 3 3 3 3 3 3 3 3 3 3 3 3 3 3 3 3 3 3 3 3 3 3 3 3 3 3 3 1 1 1 3 3 3 1 1 3 3 3 3 3 3 3 3 3 3 3 3 3 1 1 1 2 1 1 3 3 3 2 1 1 1 2 3 2 3 3 3 3 3 3 3 3 3 3 3 3 3 2 2 3 3 3 3 3 3 3 3 3 3 3 3 3 3 3 3 3 3 3 3 1 3 3 3 2 3 2 2 2 2 2 2 2 2 2 2 3 3 3 3 3 3 3 1 3 3 3 3 3 3 3 3 3 3 3 3 3 3 3 2 2 2 2 2 2 2 2 2 2 3 3 3 3 3 3 3 3 3 3 3 3 3 3 3 3 3 3 3 3 3 3 3 3 3 3 3 3 3 3 3 3 3 3 3 3 3 3 3 3 3 3 3 3 3 3 3 3 1 3 3 3 3 3 3 3 3 3 3 3 3 3 3 3 3 3 3 3 3 3 3 3 3 3 3 3 3 3 3 3 3 2 2 1 2 2 2 2 2 3 3 3 2 2 2 2 2 2 2 2 2 2 2 2 2 2 2 2 2 2 2 3 3 3 3 3 2 2 2 2 2 2 3 3 3 3 3 3 3 3 3 3 3 3 3 3 3 3 3 3 3 3 3 2 2 2 2 2 2 2 2 2 2 2 3 2 3 2 2 2 2 2 3 3 2 2 2 3 3 3 3 3 3 2 2 2 3 3 3 3 3 3 3 3 3 2 2 2 2 2 2 2 2 2 2 2 2 3 1 2 1 2 2 2 1 1 1 1 1 1 1 1 1 1 1 1 1 1 3 3 3 2 3 3 2 2 2 2 2 3 3 3 3 3 3 3 3 3 3 3 3 3 3 3 3 3 3 3 3 3 3 3 3 3 3 3 3 3 3 2 3 3 3 3 3 3 3 3 3 3 3 3 3 3 3 3 3 3 3 3 3 3 3 3 3 3 3 3 3 3 2 3 3 3 3 3 3 3 3 3 3 3 3 2 3 3 3 3 3 3 3 3 3 3 3 3 1 1 3 1 3 3 3 1 3 3 3 1 2 1 2 3 1 3 3 3 3 3 3 1 1 3 3 3 2 3 2 2 3 3 1 1 1 2 2 2 2 2 2 2 1 3 2 2 3 3 3 3 3 3 3 3 3 3 3 3 3 3 3 1 2 2 3 3 3 2 3 3 2 3 3 3 2 2 2 2 2 2 2 3 3 2 3 2 3 3 2 1 2 1 2 2 2 2 2 1 3 2 1 1 2 2 2 1 1 3 3 3 3 3 3 3 3 3 3 3 3 3 3 3 3 3 3 3 3 3 3 3 3 3 3 3 2 3 2 2 3 3 3 3 3 3 3 3 3 3 3 3 3 3 3 3 3 3 3 3 3 3 3 2 3 3 3 3 3 3 3 3 3 3 2 1 1 2 2 1 1 2 3 3 3 3 3 3 3 3 3 3 3 3 3 3 3 1 2 2 1 3 3 3 3 3 3 3 1 1 1 1 1 1 1 1 1 1 1 1 1 1 1 1 1 1 1 1 1 1 1 1 1 1 1 1 1 1 1 1 1 1 1 1 1 1 1 1 1 1 1 1 1 1 1 1 1 1 1 1 1 1 1 1 1 1 1 1 1 1 1 1 1 1 1 1 1 1 1 1 1 1 1 1 1 1 1 1 1 3 3 3 3 3 3 3 3 3 3 3 3 3 1 3 3 3 3 3 1 1 1 3 1 3 2 3 1 1 2 2 1 1 1 1 2 1 2 1 1 2 1 1 1 1 1 1 1 1 1 1 2 1 2 3 2 2 1 2 3 2 3 3 3 3 2 3 3 3 3 3 2 1 1 1 2 1 1 1 1 2 2 1 1 2 2 2 2 2 2 2 2 3 2 1 2 3 2 3 3 3 3 3 3 3 3 3 3 2 1 1 1 2 2 3 3 3 3 3 1 1 1 1 2 1 2 1 1 1 2 1 2 2 2 2 2 2 2 2 2 2 2 2 1 2 2 2 2 1 1 2 1 3 3 3 3 3 3 3 3 3 3 3 3 3 3 3 3 3 3 3 3 3 3 3 3 2 3 2 2 2 2 2 2 2 1 2 1 2 2 1 1 2 1 2 1 2 1 2 1 2 3 3 3 3 3 2 2 2 2 3 2 2 2 2 3 3 3 2 2 2 2 2 2 2 3 3 3 3 2 2 2 2 2 2 2 </vcount>
          <v>10 0 48 1 49 2 9 3 10 4 49 5 9 6 10 7 49 8 9 9 10 10 49 11 9 12 10 13 49 14 9 15 10 16 49 17 9 18 10 19 49 20 48 21 49 22 50 23 9 24 49 25 50 26 49 27 50 28 49 29 50 30 49 31 50 32 49 33 50 34 49 35 50 36 49 37 50 38 49 39 50 40 49 41 50 42 49 43 50 44 50 45 51 46 52 47 50 48 51 49 52 50 50 51 51 52 52 53 50 54 51 55 52 56 49 57 50 58 51 59 49 60 50 61 51 62 49 63 50 64 51 65 49 66 50 67 51 68 50 69 51 70 52 71 50 72 51 73 52 74 50 75 51 76 52 77 50 78 51 79 52 80 49 81 50 82 51 83 50 84 51 85 52 86 49 87 50 88 51 89 49 90 50 91 51 92 50 93 51 94 56 95 50 96 51 97 52 98 50 99 51 100 56 101 50 102 51 103 56 104 50 105 51 106 56 107 50 108 51 109 52 110 50 111 51 112 56 113 50 114 51 115 52 116 50 117 51 118 52 119 50 120 51 121 52 122 50 123 51 124 52 125 50 126 51 127 52 128 51 129 52 130 54 131 50 132 51 133 56 134 50 135 51 136 52 137 50 138 51 139 52 140 50 141 51 142 52 143 51 144 52 145 53 146 51 147 52 148 53 149 51 150 52 151 53 152 50 153 51 154 52 155 51 156 52 157 54 158 50 159 51 160 52 161 51 162 52 163 54 164 51 165 54 166 56 167 51 168 52 169 54 170 51 171 54 172 56 173 51 174 53 175 54 176 53 177 53 178 53 179 51 180 52 181 53 182 51 183 52 184 53 185 52 186 53 187 54 188 53 189 50 190 51 191 53 192 53 193 50 194 51 195 53 196 51 197 54 198 56 199 51 200 54 201 56 202 51 203 54 204 56 205 51 206 54 207 56 208 51 209 54 210 56 211 50 212 51 213 56 214 51 215 54 216 56 217 51 218 54 219 56 220 54 221 55 222 57 223 50 224 51 225 56 226 50 227 51 228 56 229 55 230 55 231 55 232 55 233 57 234 55 235 55 236 54 237 55 238 57 239 54 240 55 241 57 242 54 243 55 244 57 245 56 246 57 247 57 248 57 249 57 250 56 251 57 252 56 253 57 254 51 255 56 256 57 257 9 258 10 259 11 260 9 261 10 262 11 263 9 264 10 265 11 266 9 267 10 268 11 269 9 270 10 271 11 272 9 273 10 274 48 275 9 276 10 277 48 278 9 279 10 280 11 281 0 282 9 283 10 284 0 285 9 286 10 287 0 288 9 289 10 290 0 291 9 292 10 293 0 294 9 295 10 296 0 297 9 298 10 299 0 300 9 301 10 302 0 303 9 304 10 305 0 306 9 307 10 308 0 309 9 310 10 311 0 312 9 313 0 314 9 315 0 316 9 317 10 318 9 319 10 320 49 321 9 322 10 323 49 324 9 325 10 326 49 327 10 328 48 329 49 330 9 331 10 332 49 333 9 334 10 335 49 336 9 337 10 338 49 339 9 340 10 341 49 342 10 343 48 344 49 345 10 346 48 347 49 348 10 349 48 350 49 351 10 352 48 353 49 354 10 355 48 356 49 357 10 358 48 359 49 360 9 361 10 362 48 363 9 364 10 365 49 366 9 367 10 368 49 369 9 370 10 371 49 372 9 373 10 374 49 375 9 376 10 377 49 378 9 379 10 380 49 381 9 382 10 383 49 384 62 385 0 386 9 387 0 388 9 389 0 390 9 391 10 392 0 393 9 394 10 395 0 396 9 397 10 398 0 399 9 400 0 401 9 402 0 403 9 404 0 405 9 406 0 407 9 408 0 409 9 410 0 411 9 412 0 413 9 414 0 415 9 416 0 417 9 418 0 419 9 420 0 421 9 422 10 423 48 424 49 425 10 426 48 427 49 428 10 429 48 430 49 431 10 432 48 433 49 434 9 435 49 436 62 437 62 438 9 439 10 440 49 441 9 442 10 443 49 444 10 445 49 446 62 447 9 448 49 449 62 450 48 451 49 452 50 453 48 454 49 455 50 456 48 457 49 458 50 459 48 460 49 461 50 462 9 463 49 464 50 465 9 466 10 467 49 468 9 469 10 470 49 471 9 472 49 473 50 474 9 475 49 476 50 477 9 478 49 479 62 480 10 481 48 482 49 483 48 484 49 485 50 486 9 487 49 488 62 489 49 490 50 491 49 492 50 493 49 494 50 495 49 496 50 497 49 498 50 499 49 500 50 501 49 502 50 503 49 504 50 505 49 506 50 507 49 508 50 509 49 510 50 511 51 512 49 513 50 514 51 515 49 516 50 517 51 518 49 519 50 520 51 521 49 522 50 523 51 524 49 525 50 526 51 527 49 528 50 529 51 530 49 531 50 532 51 533 49 534 50 535 51 536 49 537 50 538 51 539 49 540 50 541 51 542 49 543 50 544 51 545 49 546 50 547 51 548 49 549 50 550 51 551 49 552 50 553 51 554 49 555 50 556 51 557 50 558 51 559 52 560 49 561 50 562 51 563 49 564 50 565 51 566 50 567 51 568 52 569 49 570 50 571 51 572 49 573 50 574 51 575 50 576 51 577 52 578 49 579 50 580 51 581 49 582 50 583 51 584 49 585 50 586 51 587 49 588 50 589 51 590 49 591 50 592 51 593 49 594 50 595 51 596 50 597 51 598 52 599 50 600 51 601 52 602 51 603 52 604 53 605 51 606 52 607 53 608 50 609 51 610 52 611 51 612 52 613 53 614 51 615 52 616 53 617 51 618 52 619 53 620 51 621 52 622 53 623 51 624 52 625 53 626 52 627 53 628 54 629 51 630 52 631 53 632 51 633 52 634 53 635 52 636 53 637 54 638 51 639 52 640 53 641 51 642 52 643 54 644 51 645 52 646 53 647 51 648 54 649 56 650 51 651 54 652 56 653 53 654 54 655 55 656 57 657 51 658 54 659 56 660 51 661 54 662 56 663 54 664 55 665 57 666 51 667 54 668 56 669 54 670 55 671 57 672 51 673 54 674 56 675 54 676 55 677 57 678 51 679 54 680 56 681 54 682 55 683 57 684 51 685 54 686 56 687 51 688 54 689 56 690 54 691 55 692 57 693 54 694 55 695 57 696 51 697 56 698 57 699 54 700 55 701 57 702 54 703 55 704 57 705 51 706 56 707 57 708 54 709 55 710 57 711 54 712 55 713 57 714 54 715 55 716 57 717 54 718 55 719 57 720 54 721 55 722 57 723 51 724 56 725 57 726 50 727 51 728 56 729 50 730 51 731 56 732 51 733 56 734 57 735 51 736 56 737 57 738 50 739 51 740 56 741 51 742 56 743 57 744 50 745 51 746 56 747 50 748 51 749 56 750 56 751 57 752 56 753 57 754 57 755 56 756 57 757 56 758 57 759 56 760 57 761 56 762 57 763 56 764 57 765 51 766 56 767 57 768 51 769 56 770 57 771 50 772 51 773 56 774 0 775 9 776 0 777 9 778 0 779 9 780 0 781 9 782 0 783 9 784 0 785 9 786 0 787 9 788 0 789 9 790 0 791 9 792 0 793 9 794 0 795 9 796 0 797 9 798 0 799 5 800 0 801 9 802 0 803 5 804 0 805 5 806 0 807 5 808 0 809 5 810 0 811 5 812 0 813 5 814 0 815 5 816 0 817 5 818 0 819 9 820 0 821 5 822 0 823 5 824 0 825 5 826 0 827 5 828 0 829 5 830 0 831 5 832 0 833 9 834 9 835 10 836 49 837 9 838 10 839 49 840 9 841 10 842 49 843 9 844 10 845 49 846 9 847 10 848 49 849 0 850 9 851 0 852 9 853 0 854 9 855 0 856 9 857 0 858 9 859 0 860 9 861 0 862 9 863 0 864 9 865 51 866 56 867 57 868 9 869 10 870 11 871 9 872 10 873 11 874 9 875 10 876 48 877 9 878 10 879 11 880 9 881 10 882 11 883 0 884 9 885 10 886 0 887 9 888 10 889 0 890 9 891 10 892 9 893 10 894 49 895 0 896 9 897 10 898 0 899 9 900 10 901 9 902 10 903 49 904 0 905 9 906 10 907 0 908 9 909 10 910 9 911 10 912 11 913 9 914 10 915 11 916 9 917 10 918 48 919 9 920 10 921 11 922 9 923 10 924 48 925 9 926 10 927 48 928 9 929 10 930 48 931 0 932 9 933 10 934 0 935 9 936 10 937 0 938 9 939 10 940 6 941 6 942 6 943 7 944 6 945 7 946 8 947 6 948 7 949 8 950 6 951 7 952 8 953 6 954 7 955 8 956 6 957 7 958 8 959 6 960 7 961 8 962 6 963 7 964 8 965 6 966 7 967 8 968 6 969 7 970 8 971 6 972 7 973 8 974 6 975 7 976 8 977 6 978 7 979 8 980 6 981 7 982 8 983 6 984 7 985 8 986 6 987 7 988 8 989 6 990 7 991 8 992 6 993 7 994 8 995 6 996 7 997 8 998 6 999 7 1000 8 1001 6 1002 7 1003 8 1004 6 1005 7 1006 8 1007 6 1008 7 1009 8 1010 6 1011 7 1012 8 1013 6 1014 7 1015 8 1016 6 1017 7 1018 8 1019 7 1020 8 1021 7 1022 8 1023 7 1024 8 1025 7 1026 8 1027 7 1028 8 1029 7 1030 8 1031 7 1032 8 1033 7 1034 8 1035 6 1036 6 1037 7 1038 6 1039 7 1040 6 1041 6 1042 6 1043 7 1044 6 1045 6 1046 7 1047 6 1048 6 1049 7 1050 6 1051 6 1052 7 1053 6 1054 6 1055 7 1056 6 1057 6 1058 7 1059 6 1060 7 1061 8 1062 6 1063 7 1064 8 1065 6 1066 7 1067 8 1068 6 1069 7 1070 8 1071 6 1072 7 1073 8 1074 7 1075 8 1076 7 1077 8 1078 7 1079 8 1080 7 1081 8 1082 6 1083 7 1084 8 1085 7 1086 8 1087 7 1088 8 1089 7 1090 8 1091 7 1092 8 1093 6 1094 7 1095 8 1096 6 1097 7 1098 8 1099 6 1100 7 1101 8 1102 7 1103 8 1104 7 1105 8 1106 7 1107 8 1108 7 1109 8 1110 7 1111 8 1112 7 1113 8 1114 7 1115 8 1116 6 1117 7 1118 8 1119 6 1120 7 1121 8 1122 6 1123 7 1124 8 1125 6 1126 7 1127 8 1128 1 1129 5 1130 1 1131 5 1132 1 1133 5 1134 1 1135 5 1136 1 1137 5 1138 1 1139 5 1140 1 1141 5 1142 5 1143 6 1144 1 1145 5 1146 1 1147 5 1148 1 1149 5 1150 1 1151 5 1152 1 1153 5 1154 1 1155 5 1156 1 1157 5 1158 6 1159 1 1160 5 1161 6 1162 1 1163 5 1164 1 1165 5 1166 0 1167 5 1168 0 1169 5 1170 0 1171 5 1172 1 1173 5 1174 1 1175 5 1176 1 1177 5 1178 6 1179 1 1180 5 1181 6 1182 0 1183 5 1184 1 1185 5 1186 1 1187 5 1188 1 1189 5 1190 1 1191 5 1192 1 1193 5 1194 1 1195 5 1196 1 1197 5 1198 6 1199 1 1200 5 1201 6 1202 1 1203 5 1204 6 1205 1 1206 5 1207 6 1208 1 1209 5 1210 6 1211 1 1212 5 1213 6 1214 5 1215 6 1216 5 1217 6 1218 1 1219 5 1220 6 1221 5 1222 6 1223 1 1224 5 1225 6 1226 1 1227 5 1228 6 1229 1 1230 5 1231 6 1232 1 1233 5 1234 6 1235 1 1236 5 1237 6 1238 1 1239 5 1240 6 1241 1 1242 5 1243 6 1244 1 1245 5 1246 6 1247 5 1248 6 1249 5 1250 6 1251 5 1252 6 1253 5 1254 6 1255 5 1256 6 1257 5 1258 6 1259 5 1260 6 1261 5 1262 6 1263 5 1264 6 1265 5 1266 6 1267 5 1268 6 1269 1 1270 5 1271 6 1272 5 1273 6 1274 5 1275 6 1276 6 1277 6 1278 5 1279 6 1280 5 1281 6 1282 5 1283 6 1284 6 1285 6 1286 6 1287 6 1288 6 1289 6 1290 6 1291 6 1292 6 1293 6 1294 6 1295 6 1296 6 1297 6 1298 1 1299 5 1300 6 1301 1 1302 5 1303 6 1304 1 1305 5 1306 6 1307 1 1308 5 1309 1 1310 5 1311 6 1312 1 1313 5 1314 6 1315 0 1316 5 1317 0 1318 5 1319 0 1320 5 1321 0 1322 5 1323 0 1324 5 1325 0 1326 5 1327 0 1328 9 1329 1 1330 5 1331 7 1332 8 1333 7 1334 8 1335 7 1336 8 1337 7 1338 8 1339 7 1340 8 1341 7 1342 8 1343 7 1344 8 1345 49 1346 50 1347 51 1348 49 1349 50 1350 51 1351 49 1352 50 1353 51 1354 49 1355 50 1356 51 1357 49 1358 50 1359 51 1360 49 1361 50 1362 51 1363 49 1364 50 1365 51 1366 49 1367 50 1368 51 1369 49 1370 50 1371 51 1372 49 1373 50 1374 51 1375 49 1376 50 1377 51 1378 49 1379 50 1380 51 1381 49 1382 50 1383 51 1384 49 1385 50 1386 51 1387 49 1388 50 1389 51 1390 49 1391 50 1392 51 1393 49 1394 50 1395 51 1396 49 1397 50 1398 51 1399 49 1400 50 1401 51 1402 49 1403 50 1404 51 1405 49 1406 50 1407 51 1408 49 1409 50 1410 51 1411 49 1412 50 1413 51 1414 49 1415 50 1416 51 1417 49 1418 50 1419 51 1420 49 1421 50 1422 51 1423 49 1424 50 1425 51 1426 49 1427 50 1428 51 1429 0 1430 9 1431 10 1432 0 1433 9 1434 10 1435 0 1436 9 1437 9 1438 10 1439 48 1440 9 1441 10 1442 49 1443 9 1444 10 1445 49 1446 0 1447 9 1448 10 1449 0 1450 9 1451 10 1452 9 1453 10 1454 49 1455 9 1456 10 1457 48 1458 10 1459 48 1460 49 1461 10 1462 48 1463 49 1464 9 1465 10 1466 49 1467 9 1468 10 1469 48 1470 9 1471 10 1472 48 1473 9 1474 10 1475 49 1476 10 1477 48 1478 49 1479 10 1480 48 1481 49 1482 9 1483 10 1484 49 1485 9 1486 10 1487 49 1488 9 1489 10 1490 49 1491 9 1492 10 1493 11 1494 0 1495 9 1496 10 1497 0 1498 9 1499 10 1500 0 1501 9 1502 10 1503 0 1504 9 1505 10 1506 0 1507 9 1508 10 1509 0 1510 9 1511 10 1512 0 1513 9 1514 10 1515 9 1516 10 1517 48 1518 9 1519 10 1520 48 1521 9 1522 10 1523 48 1524 9 1525 10 1526 48 1527 9 1528 10 1529 48 1530 0 1531 9 1532 10 1533 0 1534 9 1535 10 1536 0 1537 9 1538 9 1539 10 1540 49 1541 9 1542 10 1543 48 1544 9 1545 10 1546 49 1547 9 1548 10 1549 49 1550 10 1551 48 1552 49 1553 9 1554 10 1555 48 1556 10 1557 48 1558 49 1559 10 1560 48 1561 49 1562 9 1563 10 1564 48 1565 10 1566 48 1567 49 1568 0 1569 9 1570 10 1571 0 1572 9 1573 10 1574 0 1575 9 1576 9 1577 10 1578 49 1579 9 1580 10 1581 49 1582 0 1583 9 1584 10 1585 9 1586 10 1587 11 1588 9 1589 10 1590 49 1591 9 1592 10 1593 48 1594 0 1595 9 1596 59 1597 1 1598 59 1599 60 1600 60 1601 63 1602 64 1603 0 1604 59 1605 63 1606 0 1607 9 1608 58 1609 10 1610 58 1611 62 1612 5 1613 64 1614 65 1615 5 1616 63 1617 64 1618 5 1619 63 1620 64 1621 5 1622 64 1623 65 1624 63 1625 63 1626 49 1627 50 1628 62 1629 62 1630 0 1631 59 1632 63 1633 63 1634 5 1635 63 1636 64 1637 60 1638 63 1639 64 1640 9 1641 10 1642 62 1643 10 1644 58 1645 62 1646 60 1647 61 1648 65 1649 61 1650 65 1651 65 1652 65 1653 1 1654 60 1655 61 1656 60 1657 61 1658 65 1659 61 1660 65 1661 61 1662 5 1663 64 1664 65 1665 65 1666 1 1667 60 1668 61 1669 5 1670 63 1671 64 1672 5 1673 64 1674 65 1675 1 1676 59 1677 60 1678 9 1679 10 1680 49 1681 0 1682 9 1683 10 1684 9 1685 10 1686 49 1687 9 1688 10 1689 49 1690 63 1691 65 1692 49 1693 50 1694 62 1695 1 1696 59 1697 0 1698 9 1699 58 1700 61 1701 9 1702 10 1703 49 1704 12 1705 27 1706 28 1707 12 1708 22 1709 28 1710 12 1711 28 1712 12 1713 27 1714 12 1715 27 1716 12 1717 27 1718 28 1719 12 1720 19 1721 22 1722 12 1723 19 1724 22 1725 12 1726 19 1727 22 1728 12 1729 12 1730 12 1731 12 1732 36 1733 12 1734 36 1735 12 1736 36 1737 12 1738 36 1739 12 1740 27 1741 12 1742 27 1743 12 1744 36 1745 12 1746 35 1747 36 1748 12 1749 12 1750 36 1751 12 1752 36 1753 12 1754 35 1755 36 1756 12 1757 27 1758 28 1759 12 1760 27 1761 28 1762 12 1763 27 1764 28 1765 12 1766 27 1767 28 1768 12 1769 27 1770 28 1771 12 1772 27 1773 28 1774 12 1775 27 1776 28 1777 12 1778 31 1779 34 1780 12 1781 34 1782 36 1783 12 1784 34 1785 36 1786 12 1787 31 1788 34 1789 12 1790 34 1791 36 1792 11 1793 12 1794 29 1795 12 1796 11 1797 12 1798 29 1799 11 1800 12 1801 11 1802 12 1803 29 1804 11 1805 12 1806 12 1807 22 1808 23 1809 12 1810 22 1811 28 1812 12 1813 22 1814 12 1815 19 1816 22 1817 12 1818 22 1819 23 1820 12 1821 25 1822 28 1823 12 1824 25 1825 28 1826 12 1827 12 1828 27 1829 12 1830 22 1831 23 1832 12 1833 23 1834 28 1835 12 1836 22 1837 23 1838 12 1839 28 1840 12 1841 28 1842 12 1843 28 1844 12 1845 28 1846 12 1847 28 1848 12 1849 28 1850 12 1851 28 1852 12 1853 23 1854 28 1855 12 1856 24 1857 28 1858 12 1859 12 1860 12 1861 27 1862 12 1863 35 1864 36 1865 12 1866 35 1867 36 1868 12 1869 35 1870 36 1871 12 1872 36 1873 12 1874 22 1875 23 1876 12 1877 22 1878 23 1879 12 1880 27 1881 27 1882 12 1883 27 1884 27 1885 12 1886 27 1887 12 1888 27 1889 12 1890 27 1891 12 1892 27 1893 12 1894 27 1895 12 1896 12 1897 27 1898 28 1899 12 1900 28 1901 28 1902 28 1903 12 1904 28 1905 12 1906 28 1907 12 1908 12 1909 27 1910 12 1911 12 1912 34 1913 36 1914 12 1915 34 1916 36 1917 12 1918 35 1919 36 1920 12 1921 35 1922 36 1923 12 1924 35 1925 36 1926 12 1927 35 1928 36 1929 12 1930 34 1931 36 1932 12 1933 34 1934 36 1935 30 1936 31 1937 36 1938 29 1939 31 1940 36 1941 29 1942 30 1943 31 1944 29 1945 30 1946 31 1947 12 1948 31 1949 36 1950 29 1951 31 1952 36 1953 12 1954 29 1955 34 1956 12 1957 29 1958 31 1959 12 1960 29 1961 34 1962 29 1963 30 1964 31 1965 12 1966 29 1967 31 1968 29 1969 30 1970 31 1971 12 1972 29 1973 31 1974 11 1975 12 1976 29 1977 11 1978 12 1979 29 1980 11 1981 12 1982 29 1983 11 1984 12 1985 29 1986 11 1987 12 1988 29 1989 11 1990 12 1991 29 1992 11 1993 12 1994 29 1995 11 1996 12 1997 29 1998 11 1999 12 2000 29 2001 11 2002 12 2003 29 2004 11 2005 12 2006 29 2007 11 2008 12 2009 29 2010 11 2011 12 2012 29 2013 11 2014 12 2015 29 2016 11 2017 12 2018 11 2019 12 2020 29 2021 10 2022 11 2023 12 2024 11 2025 12 2026 29 2027 11 2028 12 2029 11 2030 12 2031 9 2032 10 2033 11 2034 9 2035 10 2036 11 2037 11 2038 12 2039 29 2040 10 2041 11 2042 12 2043 10 2044 11 2045 12 2046 11 2047 12 2048 29 2049 11 2050 12 2051 29 2052 11 2053 12 2054 29 2055 11 2056 12 2057 29 2058 11 2059 12 2060 29 2061 11 2062 12 2063 29 2064 11 2065 12 2066 29 2067 9 2068 10 2069 11 2070 9 2071 10 2072 11 2073 9 2074 10 2075 11 2076 9 2077 10 2078 11 2079 9 2080 10 2081 11 2082 9 2083 10 2084 11 2085 9 2086 10 2087 11 2088 9 2089 10 2090 11 2091 9 2092 10 2093 11 2094 9 2095 10 2096 11 2097 10 2098 11 2099 12 2100 12 2101 22 2102 12 2103 22 2104 23 2105 9 2106 10 2107 11 2108 9 2109 10 2110 11 2111 9 2112 10 2113 11 2114 9 2115 10 2116 11 2117 9 2118 10 2119 11 2120 9 2121 10 2122 11 2123 12 2124 22 2125 28 2126 12 2127 22 2128 28 2129 12 2130 27 2131 28 2132 12 2133 27 2134 28 2135 12 2136 27 2137 28 2138 12 2139 27 2140 28 2141 12 2142 27 2143 28 2144 12 2145 27 2146 27 2147 27 2148 12 2149 27 2150 12 2151 28 2152 28 2153 28 2154 12 2155 28 2156 12 2157 29 2158 36 2159 12 2160 35 2161 36 2162 12 2163 35 2164 36 2165 12 2166 35 2167 36 2168 12 2169 34 2170 36 2171 12 2172 29 2173 36 2174 12 2175 31 2176 34 2177 12 2178 29 2179 34 2180 29 2181 30 2182 31 2183 12 2184 29 2185 36 2186 12 2187 29 2188 36 2189 30 2190 31 2191 36 2192 12 2193 29 2194 36 2195 12 2196 31 2197 36 2198 12 2199 29 2200 36 2201 12 2202 29 2203 36 2204 12 2205 29 2206 36 2207 12 2208 29 2209 34 2210 12 2211 29 2212 36 2213 12 2214 29 2215 36 2216 12 2217 29 2218 36 2219 12 2220 11 2221 12 2222 12 2223 24 2224 12 2225 12 2226 23 2227 24 2228 12 2229 23 2230 24 2231 12 2232 23 2233 24 2234 12 2235 23 2236 24 2237 12 2238 23 2239 24 2240 12 2241 24 2242 28 2243 12 2244 23 2245 24 2246 18 2247 18 2248 18 2249 18 2250 18 2251 18 2252 18 2253 18 2254 18 2255 18 2256 18 2257 18 2258 18 2259 18 2260 18 2261 18 2262 18 2263 18 2264 18 2265 18 2266 18 2267 18 2268 18 2269 18 2270 18 2271 18 2272 18 2273 18 2274 18 2275 18 2276 18 2277 18 2278 18 2279 18 2280 18 2281 18 2282 18 2283 18 2284 18 2285 18 2286 18 2287 18 2288 18 2289 18 2290 18 2291 18 2292 18 2293 18 2294 18 2295 18 2296 18 2297 18 2298 18 2299 18 2300 18 2301 18 2302 18 2303 18 2304 18 2305 18 2306 18 2307 18 2308 18 2309 18 2310 18 2311 18 2312 18 2313 32 2314 32 2315 32 2316 32 2317 32 2318 32 2319 37 2320 37 2321 37 2322 37 2323 37 2324 37 2325 37 2326 37 2327 32 2328 37 2329 12 2330 19 2331 22 2332 12 2333 23 2334 24 2335 12 2336 23 2337 24 2338 12 2339 22 2340 23 2341 12 2342 22 2343 23 2344 9 2345 10 2346 11 2347 9 2348 10 2349 11 2350 9 2351 10 2352 11 2353 9 2354 10 2355 11 2356 10 2357 11 2358 12 2359 9 2360 10 2361 11 2362 10 2363 11 2364 12 2365 9 2366 10 2367 11 2368 9 2369 10 2370 11 2371 9 2372 10 2373 11 2374 9 2375 10 2376 11 2377 9 2378 49 2379 62 2380 9 2381 10 2382 62 2383 62 2384 9 2385 49 2386 62 2387 9 2388 10 2389 49 2390 9 2391 10 2392 49 2393 9 2394 10 2395 49 2396 0 2397 9 2398 10 2399 0 2400 9 2401 10 2402 9 2403 10 2404 49 2405 12 2406 12 2407 12 2408 12 2409 23 2410 24 2411 12 2412 23 2413 24 2414 12 2415 12 2416 12 2417 12 2418 22 2419 23 2420 12 2421 22 2422 12 2423 11 2424 12 2425 12 2426 11 2427 12 2428 12 2429 12 2430 12 2431 12 2432 12 2433 12 2434 11 2435 12 2436 11 2437 12 2438 12 2439 12 2440 12 2441 12 2442 11 2443 12 2444 11 2445 12 2446 12 2447 12 2448 12 2449 12 2450 12 2451 12 2452 12 2453 12 2454 12 2455 12 2456 12 2457 12 2458 11 2459 12 2460 11 2461 12 2462 11 2463 12 2464 12 2465 12 2466 12 2467 10 2468 11 2469 12 2470 11 2471 12 2472 11 2473 12 2474 11 2475 12 2476 12 2477 11 2478 12 2479 9 2480 10 2481 12 2482 11 2483 12 2484 9 2485 10 2486 48 2487 9 2488 10 2489 48 2490 9 2491 10 2492 12 2493 9 2494 10 2495 48 2496 11 2497 12 2498 10 2499 11 2500 12 2501 9 2502 10 2503 12 2504 9 2505 10 2506 48 2507 9 2508 10 2509 12 2510 9 2511 10 2512 48 2513 11 2514 12 2515 12 2516 12 2517 12 2518 11 2519 12 2520 11 2521 12 2522 9 2523 10 2524 12 2525 9 2526 10 2527 11 2528 12 2529 12 2530 12 2531 12 2532 19 2533 22 2534 12 2535 19 2536 22 2537 12 2538 12 2539 12 2540 15 2541 16 2542 15 2543 16 2544 15 2545 16 2546 15 2547 16 2548 16 2549 15 2550 16 2551 16 2552 13 2553 13 2554 13 2555 14 2556 13 2557 14 2558 14 2559 15 2560 14 2561 15 2562 15 2563 16 2564 15 2565 16 2566 15 2567 16 2568 15 2569 16 2570 15 2571 16 2572 15 2573 16 2574 9 2575 10 2576 12 2577 11 2578 12 2579 12 2580 11 2581 12 2582 9 2583 10 2584 12 2585 11 2586 12 2587 9 2588 10 2589 48 2590 9 2591 10 2592 48 2593 9 2594 10 2595 12 2596 9 2597 10 2598 48 2599 10 2600 11 2601 12 2602 10 2603 11 2604 12 2605 9 2606 10 2607 11 2608 9 2609 10 2610 48 2611 9 2612 10 2613 11 2614 9 2615 10 2616 48 2617 11 2618 12 2619 12 2620 12 2621 12 2622 11 2623 12 2624 9 2625 10 2626 11 2627 9 2628 10 2629 11 2630 9 2631 10 2632 11 2633 9 2634 10 2635 11 2636 11 2637 12 2638 9 2639 10 2640 48 2641 9 2642 10 2643 48 2644 9 2645 10 2646 12 2647 9 2648 10 2649 48 2650 10 2651 48 2652 49 2653 12 2654 12 2655 12 2656 12 2657 12 2658 12 2659 12 2660 12 2661 12 2662 12 2663 22 2664 32 2665 32 2666 15 2667 16 2668 16 2669 16 2670 13 2671 13 2672 14 2673 13 2674 14 2675 13 2676 12 2677 12 2678 13 2679 14 2680 14 2681 15 2682 14 2683 15 2684 14 2685 15 2686 13 2687 14 2688 13 2689 14 2690 14 2691 15 2692 15 2693 16 2694 15 2695 16 2696 15 2697 16 2698 14 2699 15 2700 14 2701 15 2702 16 2703 15 2704 16 2705 15 2706 16 2707 15 2708 16 2709 15 2710 16 2711 16 2712 12 2713 19 2714 22 2715 10 2716 38 2717 39 2718 9 2719 10 2720 39 2721 9 2722 10 2723 39 2724 9 2725 10 2726 39 2727 9 2728 10 2729 39 2730 9 2731 10 2732 39 2733 9 2734 10 2735 39 2736 38 2737 39 2738 40 2739 9 2740 39 2741 40 2742 39 2743 40 2744 39 2745 40 2746 39 2747 40 2748 39 2749 40 2750 39 2751 40 2752 39 2753 40 2754 39 2755 40 2756 39 2757 40 2758 39 2759 40 2760 40 2761 41 2762 42 2763 40 2764 41 2765 42 2766 40 2767 41 2768 42 2769 40 2770 41 2771 42 2772 39 2773 40 2774 41 2775 39 2776 40 2777 41 2778 39 2779 40 2780 41 2781 39 2782 40 2783 41 2784 40 2785 41 2786 42 2787 40 2788 41 2789 42 2790 40 2791 41 2792 42 2793 40 2794 41 2795 42 2796 39 2797 40 2798 41 2799 40 2800 41 2801 42 2802 39 2803 40 2804 41 2805 40 2806 41 2807 46 2808 39 2809 40 2810 41 2811 40 2812 41 2813 42 2814 40 2815 41 2816 46 2817 40 2818 41 2819 46 2820 40 2821 41 2822 42 2823 40 2824 41 2825 46 2826 40 2827 41 2828 46 2829 40 2830 41 2831 42 2832 40 2833 41 2834 42 2835 40 2836 41 2837 42 2838 40 2839 41 2840 42 2841 40 2842 41 2843 42 2844 41 2845 42 2846 44 2847 40 2848 41 2849 46 2850 40 2851 41 2852 42 2853 40 2854 41 2855 42 2856 41 2857 42 2858 43 2859 40 2860 41 2861 42 2862 41 2863 42 2864 43 2865 41 2866 42 2867 43 2868 40 2869 41 2870 42 2871 40 2872 41 2873 42 2874 41 2875 42 2876 44 2877 41 2878 44 2879 46 2880 41 2881 42 2882 44 2883 41 2884 42 2885 44 2886 41 2887 44 2888 46 2889 41 2890 43 2891 44 2892 43 2893 43 2894 43 2895 41 2896 42 2897 43 2898 42 2899 43 2900 44 2901 41 2902 42 2903 43 2904 43 2905 43 2906 40 2907 41 2908 43 2909 40 2910 41 2911 43 2912 41 2913 44 2914 46 2915 41 2916 44 2917 46 2918 41 2919 44 2920 46 2921 41 2922 44 2923 46 2924 41 2925 44 2926 46 2927 40 2928 41 2929 46 2930 41 2931 44 2932 46 2933 41 2934 44 2935 46 2936 44 2937 45 2938 47 2939 40 2940 41 2941 46 2942 40 2943 41 2944 46 2945 45 2946 45 2947 45 2948 45 2949 47 2950 45 2951 45 2952 44 2953 45 2954 47 2955 44 2956 45 2957 47 2958 44 2959 45 2960 47 2961 46 2962 47 2963 47 2964 47 2965 47 2966 46 2967 47 2968 41 2969 46 2970 47 2971 46 2972 47 2973 9 2974 10 2975 11 2976 9 2977 10 2978 11 2979 9 2980 10 2981 11 2982 9 2983 10 2984 11 2985 9 2986 10 2987 38 2988 9 2989 10 2990 38 2991 0 2992 9 2993 10 2994 0 2995 9 2996 10 2997 0 2998 9 2999 10 3000 0 3001 9 3002 10 3003 0 3004 9 3005 10 3006 0 3007 9 3008 10 3009 0 3010 9 3011 10 3012 0 3013 9 3014 0 3015 9 3016 9 3017 10 3018 39 3019 9 3020 10 3021 39 3022 10 3023 38 3024 39 3025 9 3026 10 3027 39 3028 9 3029 10 3030 39 3031 9 3032 10 3033 39 3034 9 3035 10 3036 39 3037 9 3038 10 3039 39 3040 10 3041 38 3042 39 3043 10 3044 38 3045 39 3046 10 3047 38 3048 39 3049 10 3050 38 3051 39 3052 9 3053 10 3054 38 3055 10 3056 38 3057 39 3058 10 3059 38 3060 39 3061 9 3062 10 3063 39 3064 9 3065 10 3066 39 3067 9 3068 10 3069 39 3070 9 3071 10 3072 39 3073 9 3074 10 3075 39 3076 66 3077 9 3078 10 3079 39 3080 9 3081 10 3082 39 3083 0 3084 9 3085 10 3086 0 3087 9 3088 0 3089 9 3090 10 3091 0 3092 9 3093 0 3094 9 3095 0 3096 9 3097 0 3098 9 3099 0 3100 9 3101 0 3102 9 3103 0 3104 9 3105 0 3106 9 3107 0 3108 9 3109 0 3110 9 3111 10 3112 38 3113 39 3114 10 3115 38 3116 39 3117 10 3118 38 3119 39 3120 10 3121 38 3122 39 3123 9 3124 39 3125 66 3126 9 3127 10 3128 39 3129 9 3130 10 3131 39 3132 66 3133 9 3134 39 3135 66 3136 10 3137 39 3138 66 3139 38 3140 39 3141 40 3142 38 3143 39 3144 40 3145 38 3146 39 3147 40 3148 38 3149 39 3150 40 3151 9 3152 39 3153 40 3154 9 3155 10 3156 39 3157 9 3158 10 3159 39 3160 9 3161 39 3162 66 3163 9 3164 39 3165 40 3166 9 3167 39 3168 40 3169 10 3170 38 3171 39 3172 38 3173 39 3174 40 3175 9 3176 39 3177 66 3178 39 3179 40 3180 39 3181 40 3182 39 3183 40 3184 39 3185 40 3186 39 3187 40 3188 39 3189 40 3190 39 3191 40 3192 39 3193 40 3194 39 3195 40 3196 39 3197 40 3198 39 3199 40 3200 41 3201 39 3202 40 3203 41 3204 39 3205 40 3206 41 3207 39 3208 40 3209 41 3210 39 3211 40 3212 41 3213 39 3214 40 3215 41 3216 39 3217 40 3218 41 3219 39 3220 40 3221 41 3222 39 3223 40 3224 41 3225 39 3226 40 3227 41 3228 39 3229 40 3230 41 3231 39 3232 40 3233 41 3234 39 3235 40 3236 41 3237 39 3238 40 3239 41 3240 39 3241 40 3242 41 3243 39 3244 40 3245 41 3246 40 3247 41 3248 42 3249 40 3250 41 3251 42 3252 39 3253 40 3254 41 3255 39 3256 40 3257 41 3258 39 3259 40 3260 41 3261 39 3262 40 3263 41 3264 40 3265 41 3266 42 3267 39 3268 40 3269 41 3270 39 3271 40 3272 41 3273 39 3274 40 3275 41 3276 39 3277 40 3278 41 3279 39 3280 40 3281 41 3282 39 3283 40 3284 41 3285 40 3286 41 3287 42 3288 40 3289 41 3290 42 3291 41 3292 42 3293 43 3294 41 3295 42 3296 43 3297 41 3298 42 3299 43 3300 41 3301 42 3302 43 3303 40 3304 41 3305 42 3306 41 3307 42 3308 43 3309 41 3310 42 3311 43 3312 41 3313 42 3314 43 3315 42 3316 43 3317 44 3318 41 3319 42 3320 43 3321 41 3322 42 3323 43 3324 42 3325 43 3326 44 3327 41 3328 42 3329 43 3330 41 3331 42 3332 43 3333 41 3334 42 3335 44 3336 41 3337 44 3338 46 3339 41 3340 44 3341 46 3342 43 3343 44 3344 45 3345 47 3346 44 3347 45 3348 47 3349 41 3350 44 3351 46 3352 41 3353 44 3354 46 3355 44 3356 45 3357 47 3358 41 3359 44 3360 46 3361 41 3362 44 3363 46 3364 44 3365 45 3366 47 3367 41 3368 44 3369 46 3370 44 3371 45 3372 47 3373 41 3374 44 3375 46 3376 44 3377 45 3378 47 3379 44 3380 45 3381 47 3382 41 3383 44 3384 46 3385 41 3386 46 3387 47 3388 44 3389 45 3390 47 3391 44 3392 45 3393 47 3394 41 3395 46 3396 47 3397 44 3398 45 3399 47 3400 44 3401 45 3402 47 3403 44 3404 45 3405 47 3406 44 3407 45 3408 47 3409 44 3410 45 3411 47 3412 40 3413 41 3414 46 3415 41 3416 46 3417 47 3418 40 3419 41 3420 46 3421 41 3422 46 3423 47 3424 41 3425 46 3426 47 3427 40 3428 41 3429 46 3430 41 3431 46 3432 47 3433 40 3434 41 3435 46 3436 40 3437 41 3438 46 3439 46 3440 47 3441 46 3442 47 3443 47 3444 46 3445 47 3446 46 3447 47 3448 46 3449 47 3450 46 3451 47 3452 46 3453 47 3454 41 3455 46 3456 47 3457 41 3458 46 3459 47 3460 40 3461 41 3462 46 3463 0 3464 9 3465 0 3466 9 3467 0 3468 9 3469 0 3470 9 3471 0 3472 9 3473 0 3474 9 3475 0 3476 9 3477 0 3478 1 3479 0 3480 1 3481 0 3482 1 3483 0 3484 1 3485 0 3486 1 3487 0 3488 1 3489 0 3490 1 3491 0 3492 1 3493 0 3494 1 3495 0 3496 1 3497 0 3498 1 3499 0 3500 9 3501 9 3502 10 3503 39 3504 9 3505 10 3506 39 3507 9 3508 10 3509 39 3510 9 3511 10 3512 39 3513 9 3514 10 3515 39 3516 0 3517 9 3518 0 3519 9 3520 0 3521 9 3522 0 3523 9 3524 0 3525 9 3526 0 3527 9 3528 41 3529 46 3530 47 3531 9 3532 10 3533 11 3534 9 3535 10 3536 11 3537 9 3538 10 3539 11 3540 9 3541 10 3542 11 3543 9 3544 10 3545 38 3546 0 3547 9 3548 10 3549 9 3550 10 3551 39 3552 0 3553 9 3554 10 3555 0 3556 9 3557 10 3558 0 3559 9 3560 10 3561 0 3562 9 3563 10 3564 0 3565 9 3566 10 3567 9 3568 10 3569 39 3570 0 3571 9 3572 10 3573 9 3574 10 3575 11 3576 9 3577 10 3578 38 3579 9 3580 10 3581 38 3582 9 3583 10 3584 38 3585 9 3586 10 3587 38 3588 0 3589 9 3590 10 3591 1 3592 5 3593 1 3594 5 3595 1 3596 5 3597 1 3598 5 3599 1 3600 5 3601 1 3602 5 3603 1 3604 5 3605 1 3606 5 3607 1 3608 2 3609 1 3610 5 3611 1 3612 5 3613 1 3614 2 3615 5 3616 1 3617 5 3618 1 3619 2 3620 5 3621 1 3622 5 3623 0 3624 1 3625 0 3626 1 3627 0 3628 1 3629 1 3630 5 3631 1 3632 2 3633 5 3634 1 3635 2 3636 5 3637 0 3638 1 3639 1 3640 5 3641 1 3642 5 3643 1 3644 2 3645 5 3646 1 3647 2 3648 5 3649 1 3650 2 3651 5 3652 1 3653 2 3654 5 3655 1 3656 2 3657 5 3658 1 3659 2 3660 5 3661 1 3662 2 3663 1 3664 2 3665 1 3666 2 3667 1 3668 2 3669 5 3670 1 3671 2 3672 5 3673 1 3674 2 3675 5 3676 1 3677 2 3678 5 3679 1 3680 2 3681 5 3682 1 3683 2 3684 5 3685 1 3686 2 3687 5 3688 1 3689 2 3690 5 3691 1 3692 2 3693 5 3694 1 3695 2 3696 1 3697 2 3698 1 3699 2 3700 1 3701 2 3702 1 3703 2 3704 1 3705 2 3706 1 3707 2 3708 1 3709 2 3710 1 3711 2 3712 1 3713 2 3714 1 3715 2 3716 1 3717 2 3718 1 3719 2 3720 5 3721 2 3722 1 3723 2 3724 2 3725 1 3726 2 3727 1 3728 2 3729 1 3730 2 3731 2 3732 2 3733 2 3734 2 3735 2 3736 2 3737 2 3738 2 3739 2 3740 2 3741 2 3742 2 3743 2 3744 2 3745 1 3746 2 3747 5 3748 1 3749 2 3750 5 3751 1 3752 2 3753 5 3754 1 3755 5 3756 1 3757 2 3758 5 3759 1 3760 2 3761 5 3762 0 3763 1 3764 0 3765 1 3766 0 3767 1 3768 0 3769 1 3770 0 3771 1 3772 39 3773 40 3774 41 3775 39 3776 40 3777 41 3778 39 3779 40 3780 41 3781 39 3782 40 3783 41 3784 39 3785 40 3786 41 3787 39 3788 40 3789 41 3790 39 3791 40 3792 41 3793 39 3794 40 3795 41 3796 39 3797 40 3798 41 3799 39 3800 40 3801 41 3802 39 3803 40 3804 41 3805 39 3806 40 3807 41 3808 39 3809 40 3810 41 3811 39 3812 40 3813 41 3814 39 3815 40 3816 41 3817 39 3818 40 3819 41 3820 39 3821 40 3822 41 3823 39 3824 40 3825 41 3826 39 3827 40 3828 41 3829 39 3830 40 3831 41 3832 39 3833 40 3834 41 3835 39 3836 40 3837 41 3838 39 3839 40 3840 41 3841 39 3842 40 3843 41 3844 39 3845 40 3846 41 3847 39 3848 40 3849 41 3850 39 3851 40 3852 41 3853 39 3854 40 3855 41 3856 0 3857 9 3858 10 3859 0 3860 9 3861 10 3862 0 3863 9 3864 9 3865 10 3866 38 3867 9 3868 10 3869 39 3870 0 3871 9 3872 10 3873 0 3874 9 3875 10 3876 9 3877 10 3878 39 3879 9 3880 10 3881 39 3882 9 3883 10 3884 38 3885 10 3886 38 3887 39 3888 10 3889 38 3890 39 3891 9 3892 10 3893 39 3894 9 3895 10 3896 39 3897 9 3898 10 3899 38 3900 9 3901 10 3902 38 3903 10 3904 38 3905 39 3906 10 3907 38 3908 39 3909 9 3910 10 3911 39 3912 9 3913 10 3914 39 3915 9 3916 10 3917 39 3918 0 3919 9 3920 10 3921 0 3922 9 3923 10 3924 0 3925 9 3926 10 3927 0 3928 9 3929 10 3930 0 3931 9 3932 10 3933 0 3934 9 3935 10 3936 9 3937 10 3938 38 3939 9 3940 10 3941 38 3942 9 3943 10 3944 38 3945 9 3946 10 3947 38 3948 9 3949 10 3950 38 3951 0 3952 9 3953 10 3954 0 3955 9 3956 9 3957 10 3958 39 3959 9 3960 10 3961 39 3962 9 3963 10 3964 39 3965 9 3966 10 3967 38 3968 10 3969 38 3970 39 3971 10 3972 38 3973 39 3974 10 3975 38 3976 39 3977 9 3978 10 3979 38 3980 9 3981 10 3982 38 3983 10 3984 38 3985 39 3986 0 3987 9 3988 10 3989 0 3990 9 3991 10 3992 0 3993 9 3994 9 3995 10 3996 39 3997 9 3998 10 3999 39 4000 0 4001 9 4002 10 4003 9 4004 10 4005 39 4006 9 4007 10 4008 38 4009 0 4010 59 4011 67 4012 60 4013 67 4014 68 4015 10 4016 58 4017 66 4018 1 4019 68 4020 69 4021 1 4022 68 4023 69 4024 1 4025 67 4026 68 4027 1 4028 67 4029 68 4030 67 4031 66 4032 39 4033 40 4034 66 4035 67 4036 0 4037 59 4038 67 4039 60 4040 67 4041 68 4042 1 4043 67 4044 68 4045 67 4046 9 4047 10 4048 66 4049 10 4050 58 4051 66 4052 60 4053 61 4054 69 4055 69 4056 61 4057 69 4058 69 4059 61 4060 69 4061 60 4062 61 4063 69 4064 69 4065 1 4066 68 4067 69 4068 1 4069 67 4070 68 4071 1 4072 68 4073 69 4074 9 4075 10 4076 39 4077 9 4078 10 4079 39 4080 9 4081 10 4082 39 4083 67 4084 69 4085 39 4086 40 4087 66 4088 9 4089 10 4090 39 4091 12 4092 25 4093 26 4094 12 4095 26 4096 12 4097 19 4098 26 4099 12 4100 25 4101 12 4102 25 4103 12 4104 25 4105 26 4106 12 4107 19 4108 22 4109 12 4110 12 4111 12 4112 12 4113 35 4114 12 4115 35 4116 12 4117 35 4118 12 4119 35 4120 12 4121 25 4122 12 4123 25 4124 12 4125 35 4126 12 4127 12 4128 35 4129 36 4130 12 4131 35 4132 12 4133 35 4134 12 4135 35 4136 36 4137 12 4138 25 4139 26 4140 12 4141 25 4142 26 4143 12 4144 25 4145 26 4146 12 4147 25 4148 26 4149 12 4150 25 4151 26 4152 12 4153 25 4154 26 4155 12 4156 25 4157 26 4158 12 4159 30 4160 33 4161 12 4162 33 4163 35 4164 12 4165 33 4166 35 4167 12 4168 30 4169 33 4170 12 4171 33 4172 35 4173 11 4174 12 4175 29 4176 11 4177 12 4178 29 4179 12 4180 11 4181 12 4182 11 4183 12 4184 11 4185 12 4186 29 4187 12 4188 19 4189 26 4190 12 4191 19 4192 20 4193 12 4194 19 4195 12 4196 19 4197 20 4198 12 4199 26 4200 27 4201 12 4202 25 4203 12 4204 19 4205 20 4206 12 4207 20 4208 26 4209 12 4210 19 4211 20 4212 12 4213 26 4214 12 4215 26 4216 12 4217 26 4218 12 4219 26 4220 12 4221 26 4222 12 4223 26 4224 12 4225 26 4226 12 4227 21 4228 26 4229 12 4230 20 4231 26 4232 12 4233 25 4234 12 4235 35 4236 36 4237 12 4238 35 4239 12 4240 19 4241 20 4242 12 4243 19 4244 20 4245 12 4246 25 4247 25 4248 12 4249 25 4250 25 4251 12 4252 25 4253 12 4254 25 4255 12 4256 25 4257 12 4258 25 4259 12 4260 25 4261 12 4262 12 4263 25 4264 26 4265 12 4266 26 4267 26 4268 26 4269 12 4270 26 4271 12 4272 26 4273 12 4274 25 4275 12 4276 12 4277 12 4278 33 4279 35 4280 12 4281 33 4282 35 4283 12 4284 35 4285 36 4286 12 4287 35 4288 36 4289 12 4290 33 4291 35 4292 12 4293 33 4294 35 4295 30 4296 31 4297 35 4298 29 4299 30 4300 35 4301 12 4302 30 4303 35 4304 29 4305 30 4306 35 4307 12 4308 29 4309 30 4310 12 4311 29 4312 33 4313 12 4314 29 4315 33 4316 12 4317 29 4318 30 4319 12 4320 29 4321 30 4322 11 4323 12 4324 29 4325 11 4326 12 4327 29 4328 11 4329 12 4330 29 4331 11 4332 12 4333 29 4334 11 4335 12 4336 29 4337 11 4338 12 4339 29 4340 11 4341 12 4342 29 4343 11 4344 12 4345 29 4346 11 4347 12 4348 29 4349 11 4350 12 4351 29 4352 11 4353 12 4354 29 4355 11 4356 12 4357 29 4358 11 4359 12 4360 10 4361 11 4362 12 4363 11 4364 12 4365 11 4366 12 4367 11 4368 12 4369 29 4370 9 4371 10 4372 11 4373 10 4374 11 4375 12 4376 11 4377 12 4378 29 4379 9 4380 10 4381 11 4382 10 4383 11 4384 12 4385 11 4386 12 4387 29 4388 11 4389 12 4390 29 4391 11 4392 12 4393 29 4394 11 4395 12 4396 29 4397 11 4398 12 4399 29 4400 9 4401 10 4402 11 4403 9 4404 10 4405 11 4406 9 4407 10 4408 11 4409 9 4410 10 4411 11 4412 9 4413 10 4414 11 4415 9 4416 10 4417 11 4418 9 4419 10 4420 11 4421 9 4422 10 4423 11 4424 9 4425 10 4426 11 4427 10 4428 11 4429 12 4430 9 4431 10 4432 11 4433 12 4434 19 4435 20 4436 12 4437 19 4438 9 4439 10 4440 11 4441 9 4442 10 4443 11 4444 9 4445 10 4446 11 4447 9 4448 10 4449 11 4450 12 4451 19 4452 26 4453 12 4454 25 4455 26 4456 12 4457 25 4458 26 4459 12 4460 25 4461 26 4462 12 4463 25 4464 26 4465 12 4466 25 4467 26 4468 12 4469 25 4470 25 4471 25 4472 12 4473 25 4474 12 4475 26 4476 26 4477 26 4478 12 4479 26 4480 12 4481 29 4482 35 4483 12 4484 35 4485 36 4486 12 4487 29 4488 35 4489 12 4490 33 4491 35 4492 12 4493 29 4494 33 4495 12 4496 30 4497 33 4498 30 4499 31 4500 35 4501 12 4502 29 4503 35 4504 12 4505 30 4506 35 4507 12 4508 29 4509 35 4510 12 4511 29 4512 35 4513 12 4514 29 4515 35 4516 12 4517 29 4518 33 4519 12 4520 29 4521 35 4522 12 4523 29 4524 35 4525 12 4526 11 4527 12 4528 12 4529 21 4530 12 4531 12 4532 20 4533 21 4534 12 4535 20 4536 21 4537 12 4538 20 4539 21 4540 12 4541 20 4542 21 4543 12 4544 21 4545 26 4546 12 4547 20 4548 21 4549 12 4550 20 4551 21 4552 17 4553 17 4554 17 4555 17 4556 17 4557 17 4558 17 4559 17 4560 17 4561 17 4562 17 4563 17 4564 17 4565 17 4566 17 4567 17 4568 17 4569 17 4570 17 4571 17 4572 17 4573 17 4574 17 4575 17 4576 17 4577 17 4578 17 4579 17 4580 17 4581 17 4582 17 4583 17 4584 17 4585 17 4586 17 4587 17 4588 17 4589 17 4590 17 4591 17 4592 17 4593 17 4594 17 4595 17 4596 17 4597 17 4598 17 4599 17 4600 17 4601 17 4602 17 4603 17 4604 17 4605 17 4606 17 4607 17 4608 17 4609 17 4610 17 4611 17 4612 17 4613 17 4614 17 4615 17 4616 17 4617 17 4618 17 4619 32 4620 32 4621 32 4622 32 4623 32 4624 32 4625 37 4626 37 4627 37 4628 37 4629 37 4630 37 4631 32 4632 37 4633 12 4634 20 4635 21 4636 12 4637 19 4638 20 4639 12 4640 19 4641 20 4642 12 4643 20 4644 21 4645 9 4646 10 4647 11 4648 9 4649 10 4650 11 4651 9 4652 10 4653 11 4654 10 4655 11 4656 12 4657 9 4658 10 4659 11 4660 9 4661 10 4662 11 4663 9 4664 10 4665 66 4666 9 4667 39 4668 66 4669 9 4670 39 4671 66 4672 66 4673 9 4674 10 4675 39 4676 9 4677 10 4678 39 4679 9 4680 10 4681 39 4682 0 4683 9 4684 10 4685 9 4686 10 4687 39 4688 12 4689 12 4690 12 4691 12 4692 20 4693 21 4694 12 4695 12 4696 20 4697 21 4698 12 4699 19 4700 12 4701 19 4702 20 4703 12 4704 12 4705 11 4706 12 4707 11 4708 12 4709 12 4710 12 4711 12 4712 12 4713 11 4714 12 4715 12 4716 11 4717 12 4718 12 4719 12 4720 11 4721 12 4722 12 4723 12 4724 12 4725 12 4726 12 4727 12 4728 12 4729 12 4730 12 4731 12 4732 11 4733 12 4734 12 4735 11 4736 12 4737 10 4738 11 4739 12 4740 11 4741 12 4742 11 4743 12 4744 12 4745 11 4746 12 4747 9 4748 10 4749 12 4750 11 4751 12 4752 9 4753 10 4754 38 4755 9 4756 10 4757 38 4758 9 4759 10 4760 12 4761 9 4762 10 4763 38 4764 11 4765 12 4766 10 4767 11 4768 12 4769 9 4770 10 4771 12 4772 9 4773 10 4774 38 4775 9 4776 10 4777 12 4778 9 4779 10 4780 38 4781 11 4782 12 4783 12 4784 12 4785 12 4786 11 4787 12 4788 12 4789 12 4790 12 4791 12 4792 15 4793 16 4794 15 4795 16 4796 16 4797 13 4798 13 4799 14 4800 14 4801 15 4802 15 4803 16 4804 15 4805 16 4806 15 4807 16 4808 15 4809 16 4810 15 4811 16 4812 15 4813 16 4814 9 4815 10 4816 12 4817 11 4818 12 4819 12 4820 11 4821 12 4822 9 4823 10 4824 12 4825 11 4826 12 4827 9 4828 10 4829 38 4830 9 4831 10 4832 38 4833 9 4834 10 4835 12 4836 9 4837 10 4838 38 4839 10 4840 11 4841 12 4842 10 4843 11 4844 12 4845 9 4846 10 4847 11 4848 9 4849 10 4850 38 4851 9 4852 10 4853 11 4854 9 4855 10 4856 38 4857 11 4858 12 4859 12 4860 12 4861 12 4862 11 4863 12 4864 11 4865 12 4866 9 4867 10 4868 12 4869 9 4870 10 4871 38 4872 9 4873 10 4874 38 4875 9 4876 10 4877 38 4878 10 4879 38 4880 39 4881 12 4882 12 4883 12 4884 12 4885 12 4886 19 4887 12 4888 15 4889 16 4890 16 4891 16 4892 13 4893 13 4894 14 4895 12 4896 13 4897 14 4898 13 4899 14 4900 14 4901 15 4902 14 4903 15 4904 14 4905 15 4906 13 4907 14 4908 14 4909 15 4910 14 4911 15 4912 15 4913 16 4914 15 4915 16 4916 15 4917 16 4918 14 4919 15 4920 16 4921 15 4922 16 4923 15 4924 16 4925 15 4926 16 4927 15 4928 16 4929 16 4930 2 4931 2 4932 3 4933 2 4934 2 4935 3 4936 4 4937 2 4938 3 4939 4 4940 2 4941 3 4942 4 4943 2 4944 3 4945 4 4946 2 4947 3 4948 4 4949 2 4950 3 4951 4 4952 2 4953 3 4954 4 4955 2 4956 3 4957 4 4958 2 4959 3 4960 4 4961 2 4962 3 4963 4 4964 2 4965 3 4966 4 4967 2 4968 3 4969 4 4970 2 4971 3 4972 4 4973 2 4974 3 4975 4 4976 2 4977 3 4978 4 4979 2 4980 3 4981 4 4982 2 4983 3 4984 4 4985 2 4986 3 4987 4 4988 2 4989 3 4990 4 4991 2 4992 3 4993 4 4994 2 4995 3 4996 4 4997 2 4998 3 4999 4 5000 2 5001 3 5002 4 5003 2 5004 3 5005 4 5006 3 5007 4 5008 2 5009 3 5010 4 5011 3 5012 4 5013 3 5014 4 5015 3 5016 4 5017 3 5018 4 5019 3 5020 4 5021 3 5022 4 5023 3 5024 4 5025 2 5026 2 5027 3 5028 2 5029 2 5030 3 5031 2 5032 3 5033 2 5034 2 5035 2 5036 3 5037 2 5038 2 5039 3 5040 2 5041 2 5042 3 5043 2 5044 2 5045 3 5046 2 5047 2 5048 3 5049 2 5050 3 5051 4 5052 2 5053 3 5054 4 5055 2 5056 3 5057 4 5058 2 5059 3 5060 4 5061 2 5062 3 5063 4 5064 3 5065 4 5066 3 5067 4 5068 3 5069 4 5070 3 5071 4 5072 2 5073 3 5074 4 5075 3 5076 4 5077 3 5078 4 5079 3 5080 4 5081 3 5082 4 5083 2 5084 3 5085 4 5086 2 5087 3 5088 4 5089 2 5090 3 5091 4 5092 3 5093 4 5094 3 5095 4 5096 3 5097 4 5098 3 5099 4 5100 3 5101 4 5102 3 5103 4 5104 3 5105 4 5106 2 5107 3 5108 4 5109 2 5110 3 5111 4 5112 2 5113 3 5114 4 5115 2 5116 3 5117 4 5118 3 5119 4 5120 3 5121 4 5122 3 5123 4 5124 3 5125 4 5126 3 5127 4 5128 3 5129 4 5130 3 5131 4 5132</v>
        </vertex_weights>
      </skin>
    </controller>
  </library_controllers>
  <library_visual_scenes>
    <visual_scene id="Scene" name="Scene">
      <node id="Bip001_Pelvis" name="Bip001_Pelvis" type="NODE">
        <matrix sid="transform">1.3868e-8 2.7736e-8 0.01 4.94384e-8 0 -0.01 2.7736e-8 -0.09999323 0.01 -3.84643e-14 -1.3868e-8 7.238754 0 0 0 1</matrix>
        <node id="Bip001_Pelvis_Bip001_Spine" name="Bip001_Spine" sid="Bip001_Spine" type="JOINT">
          <matrix sid="transform">0.9977942 0.06638318 1.47294e-6 75.34705 -0.06638318 0.9977941 2.83136e-6 -0.09018958 -1.28173e-6 -2.9229e-6 1 -1.055e-4 0 0 0 1</matrix>
          <node id="Bip001_Pelvis_Bip001_L_Thigh" name="Bip001_L_Thigh" sid="Bip001_L_Thigh" type="JOINT">
            <matrix sid="transform">-0.9917917 -0.1026384 -0.07625372 -75.18678 -0.1021155 0.9947149 -0.01073496 -4.911857 0.07695251 -0.00286016 -0.9970306 65.52445 0 0 0 1</matrix>
            <node id="Bip001_Pelvis_Bip001_L_Calf" name="Bip001_L_Calf" sid="Bip001_L_Calf" type="JOINT">
              <matrix sid="transform">0.9972385 0.07426547 4.47035e-8 333.4178 -0.07426547 0.9972386 3.58559e-8 9.10461e-5 -5.21541e-8 -4.05125e-8 1 7.62939e-6 0 0 0 1</matrix>
              <node id="Bip001_Pelvis_Bip001_L_Foot" name="Bip001_L_Foot" sid="Bip001_L_Foot" type="JOINT">
                <matrix sid="transform">0.9909295 -0.09492334 -0.09512241 333.4175 0.1102757 0.9789198 0.1719162 3.24249e-5 0.07679833 -0.1808465 0.9805082 -2.28882e-5 0 0 0 1</matrix>
                <node id="Bip001_Pelvis_Bip001_L_Toe0" name="Bip001_L_Toe0" sid="Bip001_L_Toe0" type="JOINT">
                  <matrix sid="transform">-3.57628e-7 -1 -2.55178e-8 64.35089 1 -2.99803e-7 -5.96046e-8 103.0137 4.47035e-8 -5.30874e-8 1 1.52588e-5 0 0 0 1</matrix>
                  <extra>
                    <technique profile="blender">
                      <layer sid="layer" type="string">0</layer>
                      <roll sid="roll" type="float">-2.964868</roll>
                      <tip_x sid="tip_x" type="float">121.4613</tip_x>
                      <tip_y sid="tip_y" type="float">0</tip_y>
                      <tip_z sid="tip_z" type="float">-1.67847e-4</tip_z>
                    </technique>
                  </extra>
                </node>
                <extra>
                  <technique profile="blender">
                    <layer sid="layer" type="string">0</layer>
                    <roll sid="roll" type="float">-3.141591</roll>
                    <tip_x sid="tip_x" type="float">0</tip_x>
                    <tip_y sid="tip_y" type="float">119.5696</tip_y>
                    <tip_z sid="tip_z" type="float">21.35344</tip_z>
                  </technique>
                </extra>
              </node>
              <extra>
                <technique profile="blender">
                  <layer sid="layer" type="string">0</layer>
                  <roll sid="roll" type="float">-3.064404</roll>
                  <tip_x sid="tip_x" type="float">-36.76797</tip_x>
                  <tip_y sid="tip_y" type="float">331.3828</tip_y>
                  <tip_z sid="tip_z" type="float">0.9535904</tip_z>
                </technique>
              </extra>
            </node>
            <extra>
              <technique profile="blender">
                <layer sid="layer" type="string">0</layer>
                <roll sid="roll" type="float">-3.064614</roll>
                <tip_x sid="tip_x" type="float">-12.12962</tip_x>
                <tip_y sid="tip_y" type="float">333.1958</tip_y>
                <tip_z sid="tip_z" type="float">-0.9545593</tip_z>
              </technique>
            </extra>
          </node>
          <node id="Bip001_Pelvis_Bip001_R_Thigh" name="Bip001_R_Thigh" sid="Bip001_R_Thigh" type="JOINT">
            <matrix sid="transform">-0.9917917 -0.1026384 0.07625382 -75.18678 -0.1021153 0.9947149 0.01073772 -4.911667 -0.07695289 0.002862907 -0.9970306 -65.52445 0 0 0 1</matrix>
            <node id="Bip001_Pelvis_Bip001_R_Calf" name="Bip001_R_Calf" sid="Bip001_R_Calf" type="JOINT">
              <matrix sid="transform">0.9972385 0.07426538 -7.45058e-9 333.4179 -0.07426538 0.9972385 1.44355e-7 9.16719e-5 2.98023e-8 -1.42027e-7 1 7.62939e-6 0 0 0 1</matrix>
              <node id="Bip001_Pelvis_Bip001_R_Foot" name="Bip001_R_Foot" sid="Bip001_R_Foot" type="JOINT">
                <matrix sid="transform">0.9909294 -0.09492356 0.09512243 333.4176 0.1102759 0.97892 -0.1719163 -1.14441e-4 -0.07679831 0.1808466 0.9805084 5.34058e-5 0 0 0 1</matrix>
                <node id="Bip001_Pelvis_Bip001_R_Toe0" name="Bip001_R_Toe0" sid="Bip001_R_Toe0" type="JOINT">
                  <matrix sid="transform">2.84217e-14 -1 1.96292e-8 64.35095 1 1.26772e-9 0 103.0137 -1.49012e-8 1.45101e-8 0.9999999 -3.8147e-5 0 0 0 1</matrix>
                  <extra>
                    <technique profile="blender">
                      <layer sid="layer" type="string">0</layer>
                      <roll sid="roll" type="float">2.964868</roll>
                      <tip_x sid="tip_x" type="float">121.4613</tip_x>
                      <tip_y sid="tip_y" type="float">0</tip_y>
                      <tip_z sid="tip_z" type="float">-1.67847e-4</tip_z>
                    </technique>
                  </extra>
                </node>
                <extra>
                  <technique profile="blender">
                    <layer sid="layer" type="string">0</layer>
                    <roll sid="roll" type="float">-3.141591</roll>
                    <tip_x sid="tip_x" type="float">0</tip_x>
                    <tip_y sid="tip_y" type="float">119.5695</tip_y>
                    <tip_z sid="tip_z" type="float">-21.35378</tip_z>
                  </technique>
                </extra>
              </node>
              <extra>
                <technique profile="blender">
                  <layer sid="layer" type="string">0</layer>
                  <roll sid="roll" type="float">3.064407</roll>
                  <tip_x sid="tip_x" type="float">-36.76797</tip_x>
                  <tip_y sid="tip_y" type="float">331.3828</tip_y>
                  <tip_z sid="tip_z" type="float">-0.9543915</tip_z>
                </technique>
              </extra>
            </node>
            <extra>
              <technique profile="blender">
                <layer sid="layer" type="string">0</layer>
                <roll sid="roll" type="float">3.064617</roll>
                <tip_x sid="tip_x" type="float">-12.12962</tip_x>
                <tip_y sid="tip_y" type="float">333.1958</tip_y>
                <tip_z sid="tip_z" type="float">0.9536133</tip_z>
              </technique>
            </extra>
          </node>
          <node id="Bip001_Pelvis_Bip001_Spine1" name="Bip001_Spine1" sid="Bip001_Spine1" type="JOINT">
            <matrix sid="transform">0.9997584 -0.02198168 -3.1277e-8 113.5777 0.02198166 0.9997585 7.22071e-9 -0.09044743 3.1111e-8 -7.90646e-9 1 -9.61978e-7 0 0 0 1</matrix>
            <node id="Bip001_Pelvis_Bip001_Spine2" name="Bip001_Spine2" sid="Bip001_Spine2" type="JOINT">
              <matrix sid="transform">0.9997584 -0.0219819 -1.51101e-7 113.5777 0.0219819 0.9997583 2.70496e-6 -0.09040165 9.1604e-8 -2.70763e-6 1 6.07706e-5 0 0 0 1</matrix>
              <node id="Bip001_Pelvis_Bip001_Neck" name="Bip001_Neck" sid="Bip001_Neck" type="JOINT">
                <matrix sid="transform">0.9635067 -0.2676842 -6.71345e-7 119.4092 0.2676842 0.9635068 -1.52851e-6 -20.99732 1.056e-6 1.29302e-6 1 -1.01599e-4 0 0 0 1</matrix>
                <node id="Bip001_Pelvis_Bip001_Head" name="Bip001_Head" sid="Bip001_Head" type="JOINT">
                  <matrix sid="transform">0.9967434 0.08063976 2.22673e-7 49.14334 -0.08063979 0.9967433 -1.6938e-8 4.57764e-5 -2.23314e-7 -1.0732e-9 1 -1.09634e-6 0 0 0 1</matrix>
                  <node id="Bip001_Pelvis_Bip001_xfeather" name="Bip001_xfeather" sid="Bip001_xfeather" type="JOINT">
                    <matrix sid="transform">0.962881 0.2699265 6.28696e-7 238.7679 -0.2699265 0.9628808 5.19534e-6 78.4872 7.97e-7 -5.17219e-6 1 -1.7414e-4 0 0 0 1</matrix>
                    <node id="Bip001_Pelvis_Bip001_xfeather02" name="Bip001_xfeather02" sid="Bip001_xfeather02" type="JOINT">
                      <matrix sid="transform">0.9790592 0.2035757 1.70921e-6 49.30585 -0.2035757 0.9790592 -2.16756e-7 -0.04608154 -1.71755e-6 -1.35738e-7 1 1.77455e-5 0 0 0 1</matrix>
                      <node id="Bip001_Pelvis_Bip001_xfeather03" name="Bip001_xfeather03" sid="Bip001_xfeather03" type="JOINT">
                        <matrix sid="transform">0.835367 0.5496926 4.49415e-6 59.13806 -0.5496926 0.8353668 -2.25538e-6 -0.03991699 -4.99403e-6 -5.86333e-7 1 -1.03313e-5 0 0 0 1</matrix>
                        <node id="Bip001_Pelvis_Bip001_xfeather04" name="Bip001_xfeather04" sid="Bip001_xfeather04" type="JOINT">
                          <matrix sid="transform">0.9091347 0.4165022 1.15577e-6 59.88669 -0.4165022 0.9091347 -2.44838e-7 -0.02130127 -1.15273e-6 -2.58792e-7 1 1.34103e-5 0 0 0 1</matrix>
                          <extra>
                            <technique profile="blender">
                              <layer sid="layer" type="string">0</layer>
                              <roll sid="roll" type="float">3.1098e-6</roll>
                              <tip_x sid="tip_x" type="float">58.04443</tip_x>
                              <tip_y sid="tip_y" type="float">14.73937</tip_y>
                              <tip_z sid="tip_z" type="float">-4.39961e-4</tip_z>
                            </technique>
                          </extra>
                        </node>
                        <extra>
                          <technique profile="blender">
                            <layer sid="layer" type="string">0</layer>
                            <roll sid="roll" type="float">3.36809e-6</roll>
                            <tip_x sid="tip_x" type="float">46.63122</tip_x>
                            <tip_y sid="tip_y" type="float">37.57569</tip_y>
                            <tip_z sid="tip_z" type="float">-4.79608e-4</tip_z>
                          </technique>
                        </extra>
                      </node>
                      <extra>
                        <technique profile="blender">
                          <layer sid="layer" type="string">0</layer>
                          <roll sid="roll" type="float">9.60877e-7</roll>
                          <tip_x sid="tip_x" type="float">18.07037</tip_x>
                          <tip_y sid="tip_y" type="float">56.30959</tip_y>
                          <tip_z sid="tip_z" type="float">-5.44091e-4</tip_z>
                        </technique>
                      </extra>
                    </node>
                    <extra>
                      <technique profile="blender">
                        <layer sid="layer" type="string">0</layer>
                        <roll sid="roll" type="float">1.8688e-7</roll>
                        <tip_x sid="tip_x" type="float">5.193115</tip_x>
                        <tip_y sid="tip_y" type="float">49.03161</tip_y>
                        <tip_z sid="tip_z" type="float">-4.5963e-4</tip_z>
                      </technique>
                    </extra>
                  </node>
                  <node id="Bip001_Pelvis_Bip001_eye_L" name="Bip001_eye_L" sid="Bip001_eye_L" type="JOINT">
                    <matrix sid="transform">0.001429921 -0.9999914 0.003907332 99.31598 0.9998876 0.001371503 -0.01492654 55.85249 0.01492106 0.003928238 0.9998809 32.82113 0 0 0 1</matrix>
                    <extra>
                      <technique profile="blender">
                        <layer sid="layer" type="string">0</layer>
                        <roll sid="roll" type="float">-0.0102728</roll>
                        <tip_x sid="tip_x" type="float">-123.2638</tip_x>
                        <tip_y sid="tip_y" type="float">-20.70568</tip_y>
                        <tip_z sid="tip_z" type="float">0.4911957</tip_z>
                      </technique>
                    </extra>
                  </node>
                  <node id="Bip001_Pelvis_Bip001_eye_R" name="Bip001_eye_R" sid="Bip001_eye_R" type="JOINT">
                    <matrix sid="transform">0.001429939 -0.9999914 -0.003912864 99.31604 0.9998877 0.001371503 0.01492107 55.85266 -0.01491557 -0.003933762 0.999881 -32.82081 0 0 0 1</matrix>
                    <extra>
                      <technique profile="blender">
                        <layer sid="layer" type="string">0</layer>
                        <roll sid="roll" type="float">0.01027226</roll>
                        <tip_x sid="tip_x" type="float">-123.2638</tip_x>
                        <tip_y sid="tip_y" type="float">-20.70569</tip_y>
                        <tip_z sid="tip_z" type="float">-0.4914894</tip_z>
                      </technique>
                    </extra>
                  </node>
                  <node id="Bip001_Pelvis_Bip001_eyebrow_L_1" name="Bip001_eyebrow_L_1" sid="Bip001_eyebrow_L_1" type="JOINT">
                    <matrix sid="transform">0.1555951 -0.9849321 -0.07549231 130.7048 0.887016 0.1729416 -0.4281284 73.3686 0.4347332 -3.48237e-4 0.9005592 12.11673 0 0 0 1</matrix>
                    <extra>
                      <technique profile="blender">
                        <layer sid="layer" type="string">0</layer>
                        <roll sid="roll" type="float">-0.4500831</roll>
                        <tip_x sid="tip_x" type="float">-124.9895</tip_x>
                        <tip_y sid="tip_y" type="float">0.7523346</tip_y>
                        <tip_z sid="tip_z" type="float">-0.04341506</tip_z>
                      </technique>
                    </extra>
                  </node>
                  <node id="Bip001_Pelvis_Bip001_eyebrow_L_2" name="Bip001_eyebrow_L_2" sid="Bip001_eyebrow_L_2" type="JOINT">
                    <matrix sid="transform">0.157231 -0.9779795 -0.1372399 132.9539 0.8962838 0.199666 -0.3959906 63.39333 0.4146728 -0.06074399 0.9079409 35.37178 0 0 0 1</matrix>
                    <extra>
                      <technique profile="blender">
                        <layer sid="layer" type="string">0</layer>
                        <roll sid="roll" type="float">-0.4871956</roll>
                        <tip_x sid="tip_x" type="float">-124.6906</tip_x>
                        <tip_y sid="tip_y" type="float">4.190861</tip_y>
                        <tip_z sid="tip_z" type="float">-7.592401</tip_z>
                      </technique>
                    </extra>
                  </node>
                  <node id="Bip001_Pelvis_Bip001_eyebrow_L_3" name="Bip001_eyebrow_L_3" sid="Bip001_eyebrow_L_3" type="JOINT">
                    <matrix sid="transform">0.07415704 -0.8101721 -0.5814827 126.313 0.4045371 0.5573971 -0.7250229 53.81712 0.9115101 -0.1814657 0.3690795 44.98046 0 0 0 1</matrix>
                    <extra>
                      <technique profile="blender">
                        <layer sid="layer" type="string">0</layer>
                        <roll sid="roll" type="float">-1.302696</roll>
                        <tip_x sid="tip_x" type="float">-111.4782</tip_x>
                        <tip_y sid="tip_y" type="float">51.7792</tip_y>
                        <tip_z sid="tip_z" type="float">-22.68183</tip_z>
                      </technique>
                    </extra>
                  </node>
                  <node id="Bip001_Pelvis_Bip001_eyebrow_R_1" name="Bip001_eyebrow_R_1" sid="Bip001_eyebrow_R_1" type="JOINT">
                    <matrix sid="transform">0.155595 -0.9849325 0.07548685 130.7048 0.8870182 0.1729391 0.4281245 73.36865 -0.4347284 3.44188e-4 0.9005615 -12.11633 0 0 0 1</matrix>
                    <extra>
                      <technique profile="blender">
                        <layer sid="layer" type="string">0</layer>
                        <roll sid="roll" type="float">0.4500837</roll>
                        <tip_x sid="tip_x" type="float">-124.9895</tip_x>
                        <tip_y sid="tip_y" type="float">0.7520294</tip_y>
                        <tip_z sid="tip_z" type="float">0.04313373</tip_z>
                      </technique>
                    </extra>
                  </node>
                  <node id="Bip001_Pelvis_Bip001_eyebrow_R_2" name="Bip001_eyebrow_R_2" sid="Bip001_eyebrow_R_2" type="JOINT">
                    <matrix sid="transform">0.1572309 -0.9779803 0.1372345 132.9538 0.8962862 0.1996634 0.3959866 63.39352 -0.4146677 0.06074006 0.9079435 -35.37141 0 0 0 1</matrix>
                    <extra>
                      <technique profile="blender">
                        <layer sid="layer" type="string">0</layer>
                        <roll sid="roll" type="float">0.487196</roll>
                        <tip_x sid="tip_x" type="float">-124.6906</tip_x>
                        <tip_y sid="tip_y" type="float">4.190594</tip_y>
                        <tip_z sid="tip_z" type="float">7.592106</tip_z>
                      </technique>
                    </extra>
                  </node>
                  <node id="Bip001_Pelvis_Bip001_eyebrow_R_3" name="Bip001_eyebrow_R_3" sid="Bip001_eyebrow_R_3" type="JOINT">
                    <matrix sid="transform">0.07415705 -0.8101754 0.5814781 126.3131 0.4045421 0.557392 0.7250239 53.81729 -0.9115078 0.1814667 0.3690846 -44.98016 0 0 0 1</matrix>
                    <extra>
                      <technique profile="blender">
                        <layer sid="layer" type="string">0</layer>
                        <roll sid="roll" type="float">1.302699</roll>
                        <tip_x sid="tip_x" type="float">-111.4785</tip_x>
                        <tip_y sid="tip_y" type="float">51.7787</tip_y>
                        <tip_z sid="tip_z" type="float">22.68174</tip_z>
                      </technique>
                    </extra>
                  </node>
                  <node id="Bip001_Pelvis_Bip001_eyelid_L_bottom" name="Bip001_eyelid_L_bottom" sid="Bip001_eyelid_L_bottom" type="JOINT">
                    <matrix sid="transform">-0.2132227 -0.9770036 4.40811e-4 100.8464 0.9769444 -0.2132048 0.01109458 39.26078 -0.01074546 0.002796265 0.9999383 33.42041 0 0 0 1</matrix>
                    <extra>
                      <technique profile="blender">
                        <layer sid="layer" type="string">0</layer>
                        <roll sid="roll" type="float">0.01489239</roll>
                        <tip_x sid="tip_x" type="float">-115.9517</tip_x>
                        <tip_y sid="tip_y" type="float">-46.66941</tip_y>
                        <tip_z sid="tip_z" type="float">0.3498077</tip_z>
                      </technique>
                    </extra>
                  </node>
                  <node id="Bip001_Pelvis_Bip001_eyelid_L_top" name="Bip001_eyelid_L_top" sid="Bip001_eyelid_L_top" type="JOINT">
                    <matrix sid="transform">0.3926848 -0.9196732 -2.38885e-6 100.8667 0.919673 0.3926848 -2.17502e-6 39.30807 2.93837e-6 -1.34286e-6 1 34.36497 0 0 0 1</matrix>
                    <extra>
                      <technique profile="blender">
                        <layer sid="layer" type="string">0</layer>
                        <roll sid="roll" type="float">1.33554e-7</roll>
                        <tip_x sid="tip_x" type="float">-121.5343</tip_x>
                        <tip_y sid="tip_y" type="float">29.19496</tip_y>
                        <tip_z sid="tip_z" type="float">-1.75476e-4</tip_z>
                      </technique>
                    </extra>
                  </node>
                  <node id="Bip001_Pelvis_Bip001_eyelid_R_bottom" name="Bip001_eyelid_R_bottom" sid="Bip001_eyelid_R_bottom" type="JOINT">
                    <matrix sid="transform">-0.2132228 -0.9770037 -4.46231e-4 100.8466 0.9769445 -0.2132048 -0.01110124 39.26096 0.01075081 -0.00280298 0.9999382 -33.42018 0 0 0 1</matrix>
                    <extra>
                      <technique profile="blender">
                        <layer sid="layer" type="string">0</layer>
                        <roll sid="roll" type="float">-0.01489377</roll>
                        <tip_x sid="tip_x" type="float">-115.9516</tip_x>
                        <tip_y sid="tip_y" type="float">-46.6694</tip_y>
                        <tip_z sid="tip_z" type="float">-0.3500519</tip_z>
                      </technique>
                    </extra>
                  </node>
                  <node id="Bip001_Pelvis_Bip001_eyelid_R_top" name="Bip001_eyelid_R_top" sid="Bip001_eyelid_R_top" type="JOINT">
                    <matrix sid="transform">0.3926848 -0.9196732 -2.69603e-6 100.8667 0.919673 0.3926848 -1.10687e-6 39.30827 2.07665e-6 -2.04481e-6 1 -34.36477 0 0 0 1</matrix>
                    <extra>
                      <technique profile="blender">
                        <layer sid="layer" type="string">0</layer>
                        <roll sid="roll" type="float">4.41975e-7</roll>
                        <tip_x sid="tip_x" type="float">-121.5343</tip_x>
                        <tip_y sid="tip_y" type="float">29.19496</tip_y>
                        <tip_z sid="tip_z" type="float">-2.63214e-4</tip_z>
                      </technique>
                    </extra>
                  </node>
                  <node id="Bip001_Pelvis_Bip001_Jaw" name="Bip001_Jaw" sid="Bip001_Jaw" type="JOINT">
                    <matrix sid="transform">-0.5389408 -0.8423441 -2.33844e-6 58.46906 0.842344 -0.5389404 -4.22713e-6 5.437462 2.30042e-6 -4.24795e-6 1 4.37357e-5 0 0 0 1</matrix>
                    <node id="Bip001_Pelvis_Bip001_lip_bottom_L" name="Bip001_lip_bottom_L" sid="Bip001_lip_bottom_L" type="JOINT">
                      <matrix sid="transform">0.9131721 0.253989 -0.3187575 85.59814 -0.1857711 0.9554982 0.2291556 -29.90192 0.3627752 -0.1500427 0.9197181 6.994743 0 0 0 1</matrix>
                      <extra>
                        <technique profile="blender">
                          <layer sid="layer" type="string">0</layer>
                          <roll sid="roll" type="float">-0.6223359</roll>
                          <tip_x sid="tip_x" type="float">-73.55658</tip_x>
                          <tip_y sid="tip_y" type="float">-38.02964</tip_y>
                          <tip_z sid="tip_z" type="float">-12.56675</tip_z>
                        </technique>
                      </extra>
                    </node>
                    <node id="Bip001_Pelvis_Bip001_lip_bottom_R" name="Bip001_lip_bottom_R" sid="Bip001_lip_bottom_R" type="JOINT">
                      <matrix sid="transform">0.9131715 0.2539878 0.3187603 85.59824 -0.1857694 0.9554985 -0.2291555 -29.90176 -0.3627778 0.1500424 0.9197172 -6.997583 0 0 0 1</matrix>
                      <extra>
                        <technique profile="blender">
                          <layer sid="layer" type="string">0</layer>
                          <roll sid="roll" type="float">0.6223357</roll>
                          <tip_x sid="tip_x" type="float">-73.55655</tip_x>
                          <tip_y sid="tip_y" type="float">-38.02975</tip_y>
                          <tip_z sid="tip_z" type="float">12.56659</tip_z>
                        </technique>
                      </extra>
                    </node>
                    <node id="Bip001_Pelvis_Bip001_teeth_bot" name="Bip001_teeth_bot" sid="Bip001_teeth_bot" type="JOINT">
                      <matrix sid="transform">0.8264775 0.5629698 1.56217e-6 67.28671 -0.5629699 0.8264773 -4.84993e-7 -16.92136 -1.56413e-6 -4.78617e-7 1 5.01816e-5 0 0 0 1</matrix>
                      <extra>
                        <technique profile="blender">
                          <layer sid="layer" type="string">0</layer>
                          <roll sid="roll" type="float">-2.15472e-7</roll>
                          <tip_x sid="tip_x" type="float">-82.94629</tip_x>
                          <tip_y sid="tip_y" type="float">-11.60437</tip_y>
                          <tip_z sid="tip_z" type="float">-1.01575e-4</tip_z>
                        </technique>
                      </extra>
                    </node>
                    <extra>
                      <technique profile="blender">
                        <layer sid="layer" type="string">0</layer>
                        <roll sid="roll" type="float">-1.76509e-6</roll>
                        <tip_x sid="tip_x" type="float">-62.02032</tip_x>
                        <tip_y sid="tip_y" type="float">-56.28701</tip_y>
                        <tip_z sid="tip_z" type="float">-6.89888e-5</tip_z>
                      </technique>
                    </extra>
                  </node>
                  <node id="Bip001_Pelvis_Bip001_lip_corner_L" name="Bip001_lip_corner_L" sid="Bip001_lip_corner_L" type="JOINT">
                    <matrix sid="transform">0.004144395 -0.9943616 -0.1059614 40.77005 0.8056799 0.06608603 -0.588653 85.83897 0.5923364 -0.08293155 0.8014112 18.22803 0 0 0 1</matrix>
                    <extra>
                      <technique profile="blender">
                        <layer sid="layer" type="string">0</layer>
                        <roll sid="roll" type="float">-0.7283887</roll>
                        <tip_x sid="tip_x" type="float">-123.921</tip_x>
                        <tip_y sid="tip_y" type="float">-12.61303</tip_y>
                        <tip_z sid="tip_z" type="float">-10.36559</tip_z>
                      </technique>
                    </extra>
                  </node>
                  <node id="Bip001_Pelvis_Bip001_lip_corner_R" name="Bip001_lip_corner_R" sid="Bip001_lip_corner_R" type="JOINT">
                    <matrix sid="transform">0.004144182 -0.9943622 0.1059559 40.7699 0.8056833 0.06608233 0.5886489 85.83904 -0.5923319 0.08292741 0.8014149 -18.22755 0 0 0 1</matrix>
                    <extra>
                      <technique profile="blender">
                        <layer sid="layer" type="string">0</layer>
                        <roll sid="roll" type="float">0.7283894</roll>
                        <tip_x sid="tip_x" type="float">-123.9209</tip_x>
                        <tip_y sid="tip_y" type="float">-12.61341</tip_y>
                        <tip_z sid="tip_z" type="float">10.36541</tip_z>
                      </technique>
                    </extra>
                  </node>
                  <node id="Bip001_Pelvis_Bip001_lip_top_L" name="Bip001_lip_top_L" sid="Bip001_lip_top_L" type="JOINT">
                    <matrix sid="transform">0.03599733 -0.9865113 -0.1596865 46.53284 0.8845072 0.1058234 -0.4543658 92.26479 0.4651356 -0.1248879 0.8763856 6.334891 0 0 0 1</matrix>
                    <extra>
                      <technique profile="blender">
                        <layer sid="layer" type="string">0</layer>
                        <roll sid="roll" type="float">-0.6209979</roll>
                        <tip_x sid="tip_x" type="float">-123.783</tip_x>
                        <tip_y sid="tip_y" type="float">-7.552078</tip_y>
                        <tip_z sid="tip_z" type="float">-15.60981</tip_z>
                      </technique>
                    </extra>
                  </node>
                  <node id="Bip001_Pelvis_Bip001_lip_top_R" name="Bip001_lip_top_R" sid="Bip001_lip_top_R" type="JOINT">
                    <matrix sid="transform">0.03599752 -0.9865122 0.159681 46.53296 0.8845096 0.1058203 0.4543617 92.26481 -0.4651307 0.1248836 0.8763888 -6.334394 0 0 0 1</matrix>
                    <extra>
                      <technique profile="blender">
                        <layer sid="layer" type="string">0</layer>
                        <roll sid="roll" type="float">0.6209984</roll>
                        <tip_x sid="tip_x" type="float">-123.7831</tip_x>
                        <tip_y sid="tip_y" type="float">-7.552361</tip_y>
                        <tip_z sid="tip_z" type="float">15.60957</tip_z>
                      </technique>
                    </extra>
                  </node>
                  <node id="Bip001_Pelvis_Bip001_teeth_top" name="Bip001_teeth_top" sid="Bip001_teeth_top" type="JOINT">
                    <matrix sid="transform">0.02986395 -0.999554 -2.77371e-6 42.29401 0.9995539 0.02986388 -2.64981e-6 68.71811 2.73146e-6 -2.69334e-6 1 -9.57776e-5 0 0 0 1</matrix>
                    <extra>
                      <technique profile="blender">
                        <layer sid="layer" type="string">0</layer>
                        <roll sid="roll" type="float">-2.1888e-7</roll>
                        <tip_x sid="tip_x" type="float">-123.8047</tip_x>
                        <tip_y sid="tip_y" type="float">-17.18526</tip_y>
                        <tip_z sid="tip_z" type="float">-1.51981e-4</tip_z>
                      </technique>
                    </extra>
                  </node>
                  <extra>
                    <technique profile="blender">
                      <layer sid="layer" type="string">0</layer>
                      <roll sid="roll" type="float">1.26862e-6</roll>
                      <tip_x sid="tip_x" type="float">-20.87488</tip_x>
                      <tip_y sid="tip_y" type="float">123.2363</tip_y>
                      <tip_z sid="tip_z" type="float">-4.82854e-4</tip_z>
                    </technique>
                  </extra>
                </node>
                <node id="Bip001_Pelvis_Bip001_L_Clavicle" name="Bip001_L_Clavicle" sid="Bip001_L_Clavicle" type="JOINT">
                  <matrix sid="transform">-0.1302569 -0.2684515 0.954446 -57.19403 0.03629687 -0.9632932 -0.2659863 20.97916 0.9908172 -2.65806e-6 0.1352194 44.96011 0 0 0 1</matrix>
                  <node id="Bip001_Pelvis_Bip001_L_UpperArm" name="Bip001_L_UpperArm" sid="Bip001_L_UpperArm" type="JOINT">
                    <matrix sid="transform">0.7879266 -0.03994856 0.614472 85.18162 0.1175407 0.9893023 -0.0864031 3.24249e-5 -0.6044468 0.1403048 0.7841931 0.002838135 0 0 0 1</matrix>
                    <node id="Bip001_Pelvis_Bip001_L_Forearm" name="Bip001_L_Forearm" sid="Bip001_L_Forearm" type="JOINT">
                      <matrix sid="transform">0.9800665 0.1986691 -7.689e-6 196.5732 -0.1986691 0.9800665 1.71643e-6 -2.28882e-5 7.86781e-6 -1.78814e-7 1 -6.10352e-5 0 0 0 1</matrix>
                      <node id="Bip001_Pelvis_Bip001_L_Hand" name="Bip001_L_Hand" sid="Bip001_L_Hand" type="JOINT">
                        <matrix sid="transform">0.979098 0.1560639 0.1304274 196.5732 -0.1289262 -0.01974769 0.9914576 -1.37329e-4 0.1573062 -0.9875495 7.85783e-4 -0.001831055 0 0 0 1</matrix>
                        <node id="Bip001_Pelvis_Bip001_L_Finger0" name="Bip001_L_Finger0" sid="Bip001_L_Finger0" type="JOINT">
                          <matrix sid="transform">0.8064058 0.4369573 0.39847 44.8833 0.07602096 0.5916271 -0.8026195 4.533722 -0.5864559 0.6775289 0.4438736 -33.73827 0 0 0 1</matrix>
                          <node id="Bip001_Pelvis_Bip001_L_Finger01" name="Bip001_L_Finger01" sid="Bip001_L_Finger01" type="JOINT">
                            <matrix sid="transform">0.9393726 -0.3428985 5.96046e-8 31.83168 0.3428982 0.9393726 8.71718e-7 -8.39233e-5 -5.66244e-7 -1.48267e-6 0.9999998 0 0 0 0 1</matrix>
                            <extra>
                              <technique profile="blender">
                                <layer sid="layer" type="string">0</layer>
                                <roll sid="roll" type="float">-0.6107607</roll>
                                <tip_x sid="tip_x" type="float">-19.04118</tip_x>
                                <tip_y sid="tip_y" type="float">-25.47593</tip_y>
                                <tip_z sid="tip_z" type="float">-1.290283</tip_z>
                              </technique>
                            </extra>
                          </node>
                          <extra>
                            <technique profile="blender">
                              <layer sid="layer" type="string">0</layer>
                              <roll sid="roll" type="float">-0.2378706</roll>
                              <tip_x sid="tip_x" type="float">-25.72967</tip_x>
                              <tip_y sid="tip_y" type="float">-18.32888</tip_y>
                              <tip_z sid="tip_z" type="float">3.910248</tip_z>
                            </technique>
                          </extra>
                        </node>
                        <node id="Bip001_Pelvis_Bip001_L_Finger1" name="Bip001_L_Finger1" sid="Bip001_L_Finger1" type="JOINT">
                          <matrix sid="transform">0.9714078 -0.2292421 0.06176749 98.05692 0.2287291 0.9733692 0.0153417 -0.02090454 -0.06363949 -7.75069e-4 0.9979727 -26.3821 0 0 0 1</matrix>
                          <node id="Bip001_Pelvis_Bip001_L_Finger11" name="Bip001_L_Finger11" sid="Bip001_L_Finger11" type="JOINT">
                            <matrix sid="transform">0.9980819 -0.06190819 2.19047e-6 37.87967 0.06190762 0.9980829 -2.5481e-6 1.2207e-4 -4.47035e-8 -4.91738e-7 1.000001 -3.05176e-5 0 0 0 1</matrix>
                            <extra>
                              <technique profile="blender">
                                <layer sid="layer" type="string">0</layer>
                                <roll sid="roll" type="float">-2.219588</roll>
                                <tip_x sid="tip_x" type="float">-22.5118</tip_x>
                                <tip_y sid="tip_y" type="float">-3.938696</tip_y>
                                <tip_z sid="tip_z" type="float">-30.20886</tip_z>
                              </technique>
                            </extra>
                          </node>
                          <extra>
                            <technique profile="blender">
                              <layer sid="layer" type="string">0</layer>
                              <roll sid="roll" type="float">-2.154163</roll>
                              <tip_x sid="tip_x" type="float">-24.31539</tip_x>
                              <tip_y sid="tip_y" type="float">-3.283054</tip_y>
                              <tip_z sid="tip_z" type="float">-28.85919</tip_z>
                            </technique>
                          </extra>
                        </node>
                        <node id="Bip001_Pelvis_Bip001_L_Finger2" name="Bip001_L_Finger2" sid="Bip001_L_Finger2" type="JOINT">
                          <matrix sid="transform">0.9454706 -0.2685345 -0.1843227 98.52231 0.3105091 0.9139867 0.2611752 -0.5982056 0.09833404 -0.3041674 0.9475298 11.14618 0 0 0 1</matrix>
                          <node id="Bip001_Pelvis_Bip001_L_Finger21" name="Bip001_L_Finger21" sid="Bip001_L_Finger21" type="JOINT">
                            <matrix sid="transform">0.9980819 -0.06190544 2.86847e-7 35.81635 0.06190628 0.9980807 2.23517e-7 0 -2.19792e-7 -2.5332e-7 0.9999999 -2.67029e-5 0 0 0 1</matrix>
                            <extra>
                              <technique profile="blender">
                                <layer sid="layer" type="string">0</layer>
                                <roll sid="roll" type="float">-2.493651</roll>
                                <tip_x sid="tip_x" type="float">-17.36532</tip_x>
                                <tip_y sid="tip_y" type="float">6.922526</tip_y>
                                <tip_z sid="tip_z" type="float">-30.55063</tip_z>
                              </technique>
                            </extra>
                          </node>
                          <extra>
                            <technique profile="blender">
                              <layer sid="layer" type="string">0</layer>
                              <roll sid="roll" type="float">-2.443316</roll>
                              <tip_x sid="tip_x" type="float">-19.21544</tip_x>
                              <tip_y sid="tip_y" type="float">7.193578</tip_y>
                              <tip_z sid="tip_z" type="float">-29.35703</tip_z>
                            </technique>
                          </extra>
                        </node>
                        <extra>
                          <technique profile="blender">
                            <layer sid="layer" type="string">0</layer>
                            <roll sid="roll" type="float">-1.978268</roll>
                            <tip_x sid="tip_x" type="float">-68.42877</tip_x>
                            <tip_y sid="tip_y" type="float">-2.952061</tip_y>
                            <tip_z sid="tip_z" type="float">-51.47061</tip_z>
                          </technique>
                        </extra>
                      </node>
                      <extra>
                        <technique profile="blender">
                          <layer sid="layer" type="string">0</layer>
                          <roll sid="roll" type="float">2.0114</roll>
                          <tip_x sid="tip_x" type="float">-4.266602</tip_x>
                          <tip_y sid="tip_y" type="float">-195.1379</tip_y>
                          <tip_z sid="tip_z" type="float">23.32614</tip_z>
                        </technique>
                      </extra>
                    </node>
                    <extra>
                      <technique profile="blender">
                        <layer sid="layer" type="string">0</layer>
                        <roll sid="roll" type="float">-0.4390014</roll>
                        <tip_x sid="tip_x" type="float">23.85782</tip_x>
                        <tip_y sid="tip_y" type="float">-195.0782</tip_y>
                        <tip_z sid="tip_z" type="float">-4.051086</tip_z>
                      </technique>
                    </extra>
                  </node>
                  <extra>
                    <technique profile="blender">
                      <layer sid="layer" type="string">0</layer>
                      <roll sid="roll" type="float">-1.435089</roll>
                      <tip_x sid="tip_x" type="float">-1.981262</tip_x>
                      <tip_y sid="tip_y" type="float">-85.15871</tip_y>
                      <tip_z sid="tip_z" type="float">1.18256e-4</tip_z>
                    </technique>
                  </extra>
                </node>
                <node id="Bip001_Pelvis_Bip001_R_Clavicle" name="Bip001_R_Clavicle" sid="Bip001_R_Clavicle" type="JOINT">
                  <matrix sid="transform">-0.1302558 -0.2684515 -0.9544463 -57.19406 0.03630172 -0.9632934 0.2659857 20.97942 -0.9908187 -2.6223e-6 0.1352194 -44.96007 0 0 0 1</matrix>
                  <node id="Bip001_Pelvis_Bip001_R_UpperArm" name="Bip001_R_UpperArm" sid="Bip001_R_UpperArm" type="JOINT">
                    <matrix sid="transform">0.78793 -0.03994834 -0.6144676 85.18153 0.1175401 0.9893022 0.08640397 1.14441e-5 0.6044424 -0.1403049 0.7841963 -0.002685547 0 0 0 1</matrix>
                    <node id="Bip001_Pelvis_Bip001_R_Forearm" name="Bip001_R_Forearm" sid="Bip001_R_Forearm" type="JOINT">
                      <matrix sid="transform">0.9800667 0.198669 -7.7486e-6 196.5729 -0.198669 0.9800666 -1.18278e-7 -6.10352e-5 7.56979e-6 1.63168e-6 1 0.00177002 0 0 0 1</matrix>
                      <node id="Bip001_Pelvis_Bip001_R_Hand" name="Bip001_R_Hand" sid="Bip001_R_Hand" type="JOINT">
                        <matrix sid="transform">0.9790964 0.1560732 -0.1304276 196.573 -0.1289263 -0.01974751 -0.9914575 -2.28882e-4 -0.1573155 0.9875481 7.87079e-4 3.05176e-4 0 0 0 1</matrix>
                        <node id="Bip001_Pelvis_Bip001_R_Finger0" name="Bip001_R_Finger0" sid="Bip001_R_Finger0" type="JOINT">
                          <matrix sid="transform">0.8064058 0.4369567 -0.3984697 44.88318 0.07602096 0.591628 0.8026189 4.533691 0.5864558 -0.6775287 0.4438744 33.73834 0 0 0 1</matrix>
                          <node id="Bip001_Pelvis_Bip001_R_Finger01" name="Bip001_R_Finger01" sid="Bip001_R_Finger01" type="JOINT">
                            <matrix sid="transform">0.9393724 -0.3428983 1.75834e-6 31.83157 0.3428979 0.9393726 4.32134e-7 -7.82013e-5 -1.2815e-6 1.35228e-6 0.9999996 1.2207e-4 0 0 0 1</matrix>
                            <extra>
                              <technique profile="blender">
                                <layer sid="layer" type="string">0</layer>
                                <roll sid="roll" type="float">0.6107714</roll>
                                <tip_x sid="tip_x" type="float">-19.04114</tip_x>
                                <tip_y sid="tip_y" type="float">-25.47586</tip_y>
                                <tip_z sid="tip_z" type="float">1.290375</tip_z>
                              </technique>
                            </extra>
                          </node>
                          <extra>
                            <technique profile="blender">
                              <layer sid="layer" type="string">0</layer>
                              <roll sid="roll" type="float">0.2378788</roll>
                              <tip_x sid="tip_x" type="float">-25.72963</tip_x>
                              <tip_y sid="tip_y" type="float">-18.32885</tip_y>
                              <tip_z sid="tip_z" type="float">-3.910126</tip_z>
                            </technique>
                          </extra>
                        </node>
                        <node id="Bip001_Pelvis_Bip001_R_Finger1" name="Bip001_R_Finger1" sid="Bip001_R_Finger1" type="JOINT">
                          <matrix sid="transform">0.9714077 -0.2292415 -0.06176704 98.0567 0.2287291 0.9733691 -0.01534137 -0.0206604 0.06363905 7.74771e-4 0.9979726 26.38218 0 0 0 1</matrix>
                          <node id="Bip001_Pelvis_Bip001_R_Finger11" name="Bip001_R_Finger11" sid="Bip001_R_Finger11" type="JOINT">
                            <matrix sid="transform">0.9980806 -0.06190705 2.98023e-7 37.87946 0.0619089 0.9980817 -7.15256e-7 2.74658e-4 8.79169e-7 -2.08616e-7 0.9999998 9.15527e-5 0 0 0 1</matrix>
                            <extra>
                              <technique profile="blender">
                                <layer sid="layer" type="string">0</layer>
                                <roll sid="roll" type="float">2.219593</roll>
                                <tip_x sid="tip_x" type="float">-22.51169</tip_x>
                                <tip_y sid="tip_y" type="float">-3.938608</tip_y>
                                <tip_z sid="tip_z" type="float">30.20889</tip_z>
                              </technique>
                            </extra>
                          </node>
                          <extra>
                            <technique profile="blender">
                              <layer sid="layer" type="string">0</layer>
                              <roll sid="roll" type="float">2.154168</roll>
                              <tip_x sid="tip_x" type="float">-24.31528</tip_x>
                              <tip_y sid="tip_y" type="float">-3.282968</tip_y>
                              <tip_z sid="tip_z" type="float">28.85922</tip_z>
                            </technique>
                          </extra>
                        </node>
                        <node id="Bip001_Pelvis_Bip001_R_Finger2" name="Bip001_R_Finger2" sid="Bip001_R_Finger2" type="JOINT">
                          <matrix sid="transform">0.9454704 -0.2685334 0.1843231 98.52194 0.3105087 0.9139868 -0.2611752 -0.5982056 -0.0983346 0.3041674 0.9475296 -11.1461 0 0 0 1</matrix>
                          <node id="Bip001_Pelvis_Bip001_R_Finger21" name="Bip001_R_Finger21" sid="Bip001_R_Finger21" type="JOINT">
                            <matrix sid="transform">0.9980813 -0.06190753 1.04308e-6 35.81659 0.06190819 0.9980818 -1.74344e-6 1.83105e-4 2.6077e-8 -5.96046e-8 1 3.8147e-6 0 0 0 1</matrix>
                            <extra>
                              <technique profile="blender">
                                <layer sid="layer" type="string">0</layer>
                                <roll sid="roll" type="float">2.493655</roll>
                                <tip_x sid="tip_x" type="float">-17.36535</tip_x>
                                <tip_y sid="tip_y" type="float">6.922656</tip_y>
                                <tip_z sid="tip_z" type="float">30.55084</tip_z>
                              </technique>
                            </extra>
                          </node>
                          <extra>
                            <technique profile="blender">
                              <layer sid="layer" type="string">0</layer>
                              <roll sid="roll" type="float">2.44332</roll>
                              <tip_x sid="tip_x" type="float">-19.21549</tip_x>
                              <tip_y sid="tip_y" type="float">7.193706</tip_y>
                              <tip_z sid="tip_z" type="float">29.35724</tip_z>
                            </technique>
                          </extra>
                        </node>
                        <extra>
                          <technique profile="blender">
                            <layer sid="layer" type="string">0</layer>
                            <roll sid="roll" type="float">1.978273</roll>
                            <tip_x sid="tip_x" type="float">-68.42858</tip_x>
                            <tip_y sid="tip_y" type="float">-2.951921</tip_y>
                            <tip_z sid="tip_z" type="float">51.47079</tip_z>
                          </technique>
                        </extra>
                      </node>
                      <extra>
                        <technique profile="blender">
                          <layer sid="layer" type="string">0</layer>
                          <roll sid="roll" type="float">-2.0114</roll>
                          <tip_x sid="tip_x" type="float">-4.266663</tip_x>
                          <tip_y sid="tip_y" type="float">-195.138</tip_y>
                          <tip_z sid="tip_z" type="float">-23.32559</tip_z>
                        </technique>
                      </extra>
                    </node>
                    <extra>
                      <technique profile="blender">
                        <layer sid="layer" type="string">0</layer>
                        <roll sid="roll" type="float">0.4389676</roll>
                        <tip_x sid="tip_x" type="float">23.85782</tip_x>
                        <tip_y sid="tip_y" type="float">-195.0781</tip_y>
                        <tip_z sid="tip_z" type="float">4.051559</tip_z>
                      </technique>
                    </extra>
                  </node>
                  <extra>
                    <technique profile="blender">
                      <layer sid="layer" type="string">0</layer>
                      <roll sid="roll" type="float">1.43533</roll>
                      <tip_x sid="tip_x" type="float">-1.981262</tip_x>
                      <tip_y sid="tip_y" type="float">-85.15877</tip_y>
                      <tip_z sid="tip_z" type="float">1.2207e-4</tip_z>
                    </technique>
                  </extra>
                </node>
                <extra>
                  <technique profile="blender">
                    <layer sid="layer" type="string">0</layer>
                    <roll sid="roll" type="float">1.21013e-6</roll>
                    <tip_x sid="tip_x" type="float">-16.44516</tip_x>
                    <tip_y sid="tip_y" type="float">64.80341</tip_y>
                    <tip_z sid="tip_z" type="float">-2.49977e-4</tip_z>
                  </technique>
                </extra>
              </node>
              <node id="Bip001_Pelvis_Bip001_xcape_C" name="Bip001_xcape_C" sid="Bip001_xcape_C" type="JOINT">
                <matrix sid="transform">-0.9864185 0.1642158 -2.01375e-6 17.30051 -0.1642159 -0.9864244 -1.0578e-5 -116.7605 -3.72276e-6 -1.01037e-5 1 -3.75741e-4 0 0 0 1</matrix>
                <node id="Bip001_Pelvis_Bip001_xcape_C02" name="Bip001_xcape_C02" sid="Bip001_xcape_C02" type="JOINT">
                  <matrix sid="transform">0.9999076 0.01359692 1.40014e-7 146.1662 -0.01359691 0.9999077 8.42556e-9 -0.1635742 -1.39887e-7 -1.03287e-8 1 -2.71347e-6 0 0 0 1</matrix>
                  <node id="Bip001_Pelvis_Bip001_xcape_C03" name="Bip001_xcape_C03" sid="Bip001_xcape_C03" type="JOINT">
                    <matrix sid="transform">0.9998862 -0.01508607 -1.55314e-7 205.2481 0.01508601 0.9998862 2.23731e-8 -0.1856995 1.54959e-7 -2.47137e-8 1 -1.91521e-6 0 0 0 1</matrix>
                    <node id="Bip001_Pelvis_Bip001_xcape_C04" name="Bip001_xcape_C04" sid="Bip001_xcape_C04" type="JOINT">
                      <matrix sid="transform">0.9999957 -0.002926931 -3.02089e-8 233.0304 0.002926931 0.9999958 2.20593e-8 -0.1962585 3.01447e-8 -2.21476e-8 1 7.34173e-7 0 0 0 1</matrix>
                      <extra>
                        <technique profile="blender">
                          <layer sid="layer" type="string">0</layer>
                          <roll sid="roll" type="float">6.75446e-5</roll>
                          <tip_x sid="tip_x" type="float">34.11227</tip_x>
                          <tip_y sid="tip_y" type="float">-230.5188</tip_y>
                          <tip_z sid="tip_z" type="float">-0.001132249</tip_z>
                        </technique>
                      </extra>
                    </node>
                    <extra>
                      <technique profile="blender">
                        <layer sid="layer" type="string">0</layer>
                        <roll sid="roll" type="float">6.86624e-5</roll>
                        <tip_x sid="tip_x" type="float">33.43744</tip_x>
                        <tip_y sid="tip_y" type="float">-230.6177</tip_y>
                        <tip_z sid="tip_z" type="float">-0.001128137</tip_z>
                      </technique>
                    </extra>
                  </node>
                  <extra>
                    <technique profile="blender">
                      <layer sid="layer" type="string">0</layer>
                      <roll sid="roll" type="float">7.66293e-5</roll>
                      <tip_x sid="tip_x" type="float">26.38332</tip_x>
                      <tip_y sid="tip_y" type="float">-203.5443</tip_y>
                      <tip_z sid="tip_z" type="float">-9.93722e-4</tip_z>
                    </technique>
                  </extra>
                </node>
                <extra>
                  <technique profile="blender">
                    <layer sid="layer" type="string">0</layer>
                    <roll sid="roll" type="float">6.89479e-5</roll>
                    <tip_x sid="tip_x" type="float">20.75787</tip_x>
                    <tip_y sid="tip_y" type="float">-144.6839</tip_y>
                    <tip_z sid="tip_z" type="float">-7.03172e-4</tip_z>
                  </technique>
                </extra>
              </node>
              <node id="Bip001_Pelvis_Bip001_xcape_R" name="Bip001_xcape_R" sid="Bip001_xcape_R" type="JOINT">
                <matrix sid="transform">-0.9944423 0.1048092 0.00994441 17.42001 -0.1027217 -0.9452314 -0.3098132 -104.1425 -0.02306998 -0.3091145 0.9507427 -110.7193 0 0 0 1</matrix>
                <node id="Bip001_Pelvis_Bip001_xcape_R02" name="Bip001_xcape_R02" sid="Bip001_xcape_R02" type="JOINT">
                  <matrix sid="transform">1 7.68341e-8 -7.41333e-7 143.3138 -2.09548e-8 1 -8.9407e-8 -0.1639862 7.28294e-7 5.96046e-8 1 -1.90735e-4 0 0 0 1</matrix>
                  <node id="Bip001_Pelvis_Bip001_xcape_R03" name="Bip001_xcape_R03" sid="Bip001_xcape_R03" type="JOINT">
                    <matrix sid="transform">1 -7.91624e-9 2.16067e-7 205.7588 7.07805e-8 1 -2.98023e-8 -0.1853333 -1.82539e-7 2.98023e-8 0.9999999 -3.89099e-4 0 0 0 1</matrix>
                    <node id="Bip001_Pelvis_Bip001_xcape_R04" name="Bip001_xcape_R04" sid="Bip001_xcape_R04" type="JOINT">
                      <matrix sid="transform">1 1.21072e-7 -5.30854e-7 232.7239 3.39467e-7 1 8.9407e-8 -0.2002411 8.028e-7 -1.78814e-7 0.9999999 -2.67029e-4 0 0 0 1</matrix>
                      <extra>
                        <technique profile="blender">
                          <layer sid="layer" type="string">0</layer>
                          <roll sid="roll" type="float">2.62394</roll>
                          <tip_x sid="tip_x" type="float">19.44397</tip_x>
                          <tip_y sid="tip_y" type="float">-220.4708</tip_y>
                          <tip_z sid="tip_z" type="float">-71.93714</tip_z>
                        </technique>
                      </extra>
                    </node>
                    <extra>
                      <technique profile="blender">
                        <layer sid="layer" type="string">0</layer>
                        <roll sid="roll" type="float">2.62394</roll>
                        <tip_x sid="tip_x" type="float">19.44397</tip_x>
                        <tip_y sid="tip_y" type="float">-220.4708</tip_y>
                        <tip_z sid="tip_z" type="float">-71.93714</tip_z>
                      </technique>
                    </extra>
                  </node>
                  <extra>
                    <technique profile="blender">
                      <layer sid="layer" type="string">0</layer>
                      <roll sid="roll" type="float">2.62394</roll>
                      <tip_x sid="tip_x" type="float">17.19106</tip_x>
                      <tip_y sid="tip_y" type="float">-194.9255</tip_y>
                      <tip_z sid="tip_z" type="float">-63.602</tip_z>
                    </technique>
                  </extra>
                </node>
                <extra>
                  <technique profile="blender">
                    <layer sid="layer" type="string">0</layer>
                    <roll sid="roll" type="float">2.62394</roll>
                    <tip_x sid="tip_x" type="float">11.97382</tip_x>
                    <tip_y sid="tip_y" type="float">-135.7682</tip_y>
                    <tip_z sid="tip_z" type="float">-44.29965</tip_z>
                  </technique>
                </extra>
              </node>
              <node id="Bip001_Pelvis_Bip001_xcape_ROpp" name="Bip001_xcape_ROpp" sid="Bip001_xcape_ROpp" type="JOINT">
                <matrix sid="transform">-0.9944425 0.1048094 -0.009943993 17.42001 -0.1027211 -0.9452361 0.3098015 -104.1434 0.02307054 0.3091013 0.9507492 110.7183 0 0 0 1</matrix>
                <node id="Bip001_Pelvis_Bip001_xcape_ROpp02" name="Bip001_xcape_ROpp02" sid="Bip001_xcape_ROpp02" type="JOINT">
                  <matrix sid="transform">0.9999999 1.49012e-7 8.75443e-7 143.3137 -8.19564e-8 0.9999999 0 -0.1638641 -8.54954e-7 0 0.9999999 -3.8147e-5 0 0 0 1</matrix>
                  <node id="Bip001_Pelvis_Bip001_xcape_ROpp03" name="Bip001_xcape_ROpp03" sid="Bip001_xcape_ROpp03" type="JOINT">
                    <matrix sid="transform">1 -1.35973e-7 -4.99189e-7 205.7589 -1.81608e-8 0.9999999 8.9407e-8 -0.185379 4.54485e-7 0 1 1.2207e-4 0 0 0 1</matrix>
                    <node id="Bip001_Pelvis_Bip001_xcape_ROpp04" name="Bip001_xcape_ROpp04" sid="Bip001_xcape_ROpp04" type="JOINT">
                      <matrix sid="transform">0.9999999 9.77889e-9 -7.61822e-7 232.7239 -2.32365e-7 1 0 -0.2004395 6.64964e-7 1.19209e-7 0.9999999 -4.57764e-5 0 0 0 1</matrix>
                      <extra>
                        <technique profile="blender">
                          <layer sid="layer" type="string">0</layer>
                          <roll sid="roll" type="float">-2.623934</roll>
                          <tip_x sid="tip_x" type="float">19.44418</tip_x>
                          <tip_y sid="tip_y" type="float">-220.4711</tip_y>
                          <tip_z sid="tip_z" type="float">71.93649</tip_z>
                        </technique>
                      </extra>
                    </node>
                    <extra>
                      <technique profile="blender">
                        <layer sid="layer" type="string">0</layer>
                        <roll sid="roll" type="float">-2.623934</roll>
                        <tip_x sid="tip_x" type="float">19.44418</tip_x>
                        <tip_y sid="tip_y" type="float">-220.4711</tip_y>
                        <tip_z sid="tip_z" type="float">71.93649</tip_z>
                      </technique>
                    </extra>
                  </node>
                  <extra>
                    <technique profile="blender">
                      <layer sid="layer" type="string">0</layer>
                      <roll sid="roll" type="float">-2.623934</roll>
                      <tip_x sid="tip_x" type="float">17.19124</tip_x>
                      <tip_y sid="tip_y" type="float">-194.9257</tip_y>
                      <tip_z sid="tip_z" type="float">63.6014</tip_z>
                    </technique>
                  </extra>
                </node>
                <extra>
                  <technique profile="blender">
                    <layer sid="layer" type="string">0</layer>
                    <roll sid="roll" type="float">-2.623934</roll>
                    <tip_x sid="tip_x" type="float">11.97394</tip_x>
                    <tip_y sid="tip_y" type="float">-135.7684</tip_y>
                    <tip_z sid="tip_z" type="float">44.29924</tip_z>
                  </technique>
                </extra>
              </node>
              <extra>
                <technique profile="blender">
                  <layer sid="layer" type="string">0</layer>
                  <roll sid="roll" type="float">1.34911e-6</roll>
                  <tip_x sid="tip_x" type="float">3.062103</tip_x>
                  <tip_y sid="tip_y" type="float">136.2829</tip_y>
                  <tip_z sid="tip_z" type="float">-7.60644e-4</tip_z>
                </technique>
              </extra>
            </node>
            <extra>
              <technique profile="blender">
                <layer sid="layer" type="string">0</layer>
                <roll sid="roll" type="float">1.37907e-6</roll>
                <tip_x sid="tip_x" type="float">5.046707</tip_x>
                <tip_y sid="tip_y" type="float">113.4655</tip_y>
                <tip_z sid="tip_z" type="float">-3.29594e-4</tip_z>
              </technique>
            </extra>
          </node>
          <extra>
            <technique profile="blender">
              <layer sid="layer" type="string">0</layer>
              <roll sid="roll" type="float">1.37886e-6</roll>
              <tip_x sid="tip_x" type="float">6.932259</tip_x>
              <tip_y sid="tip_y" type="float">104.1976</tip_y>
              <tip_z sid="tip_z" type="float">-3.05232e-4</tip_z>
            </technique>
          </extra>
        </node>
      </node>
      <node id="aladdin_prince_lod0" name="aladdin_prince_lod0" type="NODE">
        <translate sid="location">0 0 0</translate>
        <rotate sid="rotationZ">0 0 1 0</rotate>
        <rotate sid="rotationY">0 1 0 0</rotate>
        <rotate sid="rotationX">1 0 0 0</rotate>
        <scale sid="scale">1 1 1</scale>
        <instance_controller url="#Bip001_Pelvis_aladdin_prince_lod0-skin">
          <skeleton>#Bip001_Pelvis_Bip001_Spine</skeleton>
          <bind_material>
            <technique_common>
              <instance_material symbol="aladdin_prince_mat-material" target="#aladdin_prince_mat-material"/>
            </technique_common>
          </bind_material>
        </instance_controller>
      </node>
    </visual_scene>
  </library_visual_scenes>
  <scene>
    <instance_visual_scene url="#Scene"/>
  </scene>
</COLLADA>