# Blender v2.79 (sub 0) OBJ File: ''
# www.blender.org
mtllib SlimeEnemy1.mtl
o mesh_1574.015
v -63.649582 60.899384 -11.164454
v -73.774529 51.266438 -10.738407
v -62.918655 63.213417 2.046194
v -11.255466 3.387553 -9.552073
v -11.557590 2.153478 -10.629780
v -14.965082 3.128213 -8.467972
v -8.280799 12.149863 -7.878949
v -10.617847 9.296059 -8.564289
v -13.892937 12.513505 -7.620755
v 19.947304 67.130630 -0.942116
v 26.709778 67.106323 0.373966
v 18.193676 65.314842 -7.067940
v -7.573455 -1.402260 -3.996403
v -8.516187 -1.402094 -6.302596
v -8.681324 2.041484 0.273111
v -70.383018 43.319618 -1.017150
v -70.731735 42.049969 -3.368492
v -72.051300 40.920429 -1.900771
v -14.410892 49.402790 6.876450
v -11.271113 44.577187 -1.472574
v -9.468376 46.638790 8.415442
v 21.202940 94.752754 3.101292
v 18.356976 82.406967 -8.104151
v 19.444700 93.342621 -6.836011
v -66.904579 35.228134 10.468997
v -64.053772 38.523788 11.175980
v -68.856583 40.501331 15.398422
v -63.384113 40.153122 15.750632
v -69.207611 44.467716 14.682641
v -65.644745 44.346230 14.605430
v -68.283058 45.407776 8.238228
v -66.603180 45.140743 10.333246
v -66.386749 43.106827 7.968634
v -66.474030 42.783115 3.197003
v -69.599449 46.172512 4.264749
v -67.690826 41.255802 -1.322456
v -68.824921 39.818092 -5.500427
v -71.565147 36.938927 -4.160070
v -71.427361 37.245338 -1.915741
v -69.805267 33.213188 -2.541891
v -68.557236 33.146511 5.206775
v -70.977417 38.245975 5.412401
v -72.026672 43.733986 5.926487
v -14.165942 53.870361 5.660916
v -9.396731 53.838573 8.240602
v -12.460011 56.552299 -0.787495
v -16.494482 54.433903 -1.449825
v -14.256784 51.734360 -7.557605
v -10.505355 54.830452 -8.902294
v -9.489900 46.698219 -10.319870
v -15.044171 49.118614 -8.443455
v -14.736774 46.143654 -1.424768
v 74.791023 53.938545 11.115288
v 76.889465 56.810642 16.087564
v 71.726357 54.960133 11.828413
v 71.006462 56.484795 16.442835
v 77.266815 60.522209 15.365554
v 80.297371 59.835617 6.533298
v 79.169395 54.700184 6.014757
v 76.567650 51.990654 5.807333
v 79.653091 53.763828 -1.377076
v 77.909309 52.053040 -2.008676
v 79.801208 53.477097 -3.640915
v 80.323837 57.202824 -1.361981
v 76.855408 56.171310 -4.992919
v 78.905304 58.259811 -2.842458
v 78.530403 59.447891 -0.470680
v 75.636246 57.516659 -0.778641
v 77.688042 62.117504 4.857129
v 74.328178 58.945847 3.780101
v 76.272919 61.401890 8.865131
v 74.234344 59.248756 8.593202
v 74.467010 61.152008 10.978360
v 73.436676 60.408527 15.287683
v -1.284271 57.062202 11.833447
v 1.113340 51.368469 8.334315
v 8.948833 56.265751 18.059029
v 6.511439 48.593601 10.237999
v 10.881891 48.367279 7.633818
v 14.712413 53.195969 12.415370
v 16.370037 52.087189 -1.671499
v 11.411859 46.546680 -0.616966
v 14.680040 52.624725 -13.766554
v 10.864408 48.058830 -10.877589
v 8.897323 55.356628 -17.827206
v 4.714012 46.912647 -13.784790
v 0.054125 49.498920 -12.321854
v -1.138773 54.759811 -13.094893
v 0.178032 60.425003 -12.426405
v 7.078720 63.479813 -11.260047
v 13.163324 61.190929 -11.573436
v 17.486610 57.394485 -1.166740
v 12.430737 60.315071 12.253896
v 6.618494 62.714123 11.746411
v -0.754740 91.107040 21.518673
v -10.858626 100.703880 9.409326
v -13.067878 91.107040 13.458479
v -18.015669 91.107040 1.216396
v -13.697091 102.865997 -2.604288
v -8.917421 111.350800 -7.604032
v -7.160223 113.475266 -2.419267
v -0.754742 104.062759 16.041761
v 13.796301 67.935524 7.861332
v 15.707084 61.928349 9.850126
v 17.662113 59.538918 -0.696681
v 14.922680 62.550682 -8.629209
v 18.709673 60.083294 -0.881802
v 19.040131 62.867142 -7.961481
v 14.552608 67.653358 -6.043170
v 15.933781 68.699890 0.129795
v 17.444080 66.603302 6.230434
v 18.359360 63.133053 7.491560
v 18.630667 15.112619 2.807821
v 15.949944 14.875818 7.125100
v 22.300974 15.019154 6.802594
v 20.154305 13.892560 10.330658
v 22.110613 10.706663 18.047211
v 28.709314 9.359776 10.930641
v 24.494616 13.923485 2.922318
v 30.047117 10.665608 -0.062813
v 20.891376 14.818077 -1.042444
v 31.653387 -1.306676 -0.718185
v 21.692446 -1.306607 -10.305876
v 21.169006 5.368571 -7.261277
v 18.536530 -1.300492 -10.550506
v 19.714943 5.744679 -7.005284
v 17.625917 7.736434 -6.467108
v 21.371950 11.472616 -4.411000
v 17.292622 11.076086 -0.962813
v 17.574348 11.204407 -0.161921
v 12.851106 8.767554 5.145176
v 12.298762 9.697999 9.341993
v 11.942869 4.557538 4.347868
v 13.165849 4.500642 7.546150
v 10.970486 -1.306192 3.979081
v 11.526998 -1.308004 9.765601
v 23.248245 3.217779 15.893109
v 22.457676 -1.306606 18.644468
v 29.704044 5.190619 11.039480
v 28.818222 -1.306648 11.148401
v 32.160954 5.405032 1.577380
v -23.463728 5.031720 5.877285
v -21.220436 5.620800 11.304371
v -20.746019 9.464643 9.543244
v -17.155857 9.464644 13.743753
v -17.411072 5.620800 15.567560
v -18.162498 2.266870 19.867182
v -12.431268 2.266870 18.274612
v -12.417376 5.620800 13.768949
v -8.366885 5.031720 10.104122
v -4.933462 3.109396 10.267753
v -15.445278 8.873335 6.667174
v -12.381374 9.464644 11.884358
v -17.703398 -1.402259 18.027506
v -22.709379 2.266870 15.396265
v -23.246632 -1.402259 13.276106
v -25.383425 -1.402259 3.643555
v -26.505894 3.109396 4.226894
v -10.975834 -1.402259 16.713551
v -5.494081 -1.402259 9.215200
v -10.463286 5.532107 6.793777
v -14.540612 6.792860 3.602152
v -20.383266 5.532107 4.016478
v -19.411037 1.707233 -2.261161
v -18.627928 -1.402260 -7.093120
v -1.235742 95.864143 23.834538
v 1.092175 88.514847 25.979092
v 1.570327 95.633568 23.773933
v 2.931686 91.065048 24.478643
v 6.368664 89.302673 22.764797
v 6.550241 87.548988 22.632879
v 12.850845 89.477722 15.669509
v 10.067941 91.424026 18.967955
v 8.634826 92.753204 17.744854
v 9.814965 96.086197 16.399904
v 11.688764 96.142570 16.061405
v 8.643501 99.048126 16.916718
v 7.311131 95.805229 20.428732
v 5.994768 99.974548 18.533722
v 3.576582 98.349579 19.916792
v 2.630613 95.095764 20.689955
v 2.926801 100.347389 21.752678
v 3.567907 92.054657 20.797894
v 5.982454 91.049049 19.752882
v -5.494036 94.769279 21.306601
v -4.536430 96.562859 21.161911
v -5.331663 98.644531 20.504463
v -5.389279 97.419678 19.463228
v -6.189272 97.863998 18.906042
v -6.875167 98.993797 19.534502
v -7.033389 97.312805 18.334518
v -6.669568 96.497543 20.311220
v -7.157780 96.575836 18.358608
v -6.824968 95.764702 18.929909
v -6.135641 95.345177 19.618061
v -5.539780 95.457817 19.930479
v -5.066899 96.405434 19.827339
v 17.506840 95.133675 1.991830
v 16.393782 84.746635 1.124828
v 19.910748 84.980499 2.671443
v 20.287342 82.614326 4.174891
v 16.661297 82.393036 2.891433
v 18.668938 78.262665 7.084403
v 15.051891 78.309265 5.606154
v 11.053967 79.102005 19.473921
v 8.254318 79.288506 18.736885
v 4.522635 76.303558 23.599504
v 3.897343 77.154472 19.428993
v 2.515079 78.578964 25.076513
v 2.415219 78.760063 22.590181
v -0.880513 78.915100 27.654306
v -0.643119 78.510033 24.649874
v -1.639550 80.171463 25.278141
v -1.106951 80.330910 22.102690
v -11.830396 83.248085 22.496359
v -9.905915 83.756454 20.041395
v -14.762063 82.706757 13.587312
v -12.966802 82.862999 12.446190
v -16.768209 81.849495 13.735795
v -12.589450 79.978325 12.828538
v -17.987469 82.378342 8.389043
v -14.650250 80.736732 7.363070
v -19.512417 80.664864 6.606761
v -15.716613 81.781036 5.190747
v -21.207819 85.624481 4.113123
v -17.324886 84.740990 3.547951
v -19.489143 87.242332 3.356591
v -17.350372 87.345749 3.064707
v -19.367615 95.540070 4.080011
v -15.586108 95.160057 3.409542
v -20.845940 95.063019 -4.352060
v -17.054882 94.789612 -4.981227
v -20.993507 85.846558 -6.223409
v -17.183632 85.860382 -6.701243
v -19.531973 76.934837 -4.252090
v -15.767135 76.901955 -5.047310
v -18.879238 73.496895 6.871830
v -15.188138 73.579834 5.685323
v -13.584895 73.034836 21.035805
v -11.070018 73.602074 20.051579
v -0.184808 72.457390 24.208113
v -0.139315 73.186256 20.079096
v 11.326438 72.173141 19.608715
v 8.856101 72.353897 18.577444
v 16.860699 70.377708 6.956305
v 13.192595 70.193916 5.636180
v 19.097372 73.475090 -4.248283
v 15.451186 73.507515 -5.465103
v 14.897305 82.794426 -9.790669
v 16.049690 93.936882 -7.102932
v -1.180366 76.252754 27.758635
v -14.495552 77.058090 22.069084
v -13.651019 79.687485 22.234777
v -18.295427 79.312309 13.058726
v 8.708159 119.804619 15.153914
v 1.202962 121.707603 16.376522
v 1.201081 121.495361 18.781260
v -5.545731 120.707893 17.826714
v -6.268225 121.180450 15.200272
v -5.628445 116.674698 19.292595
v -6.319808 117.177582 16.555237
v -6.976024 115.275772 15.780166
v -6.134231 115.599976 14.322435
v -12.328299 114.210381 10.136648
v -11.566315 114.124924 8.509239
v -15.088788 112.819328 11.158691
v -14.113667 113.303978 9.686958
v -15.585068 116.233200 8.750537
v -14.203827 116.053932 7.168055
v -16.877493 116.836922 3.752690
v -14.957966 116.576813 2.808450
v -17.867062 112.946594 2.565646
v -16.009052 112.604431 1.479290
v -19.433107 103.043129 4.977469
v -17.057718 102.945831 2.783988
v -18.005995 96.886909 7.450503
v -15.677262 95.993973 5.242661
v -17.059624 88.570831 5.417170
v -19.341700 90.259399 7.642570
v -13.657387 90.348694 16.349810
v -13.263959 88.332802 12.655871
v -11.742951 85.736259 14.108911
v -11.867189 87.744339 16.841425
v -6.639403 85.700684 22.953175
v -5.750511 83.680771 20.930632
v 0.057016 85.680634 26.399477
v 1.685240 83.648888 22.336308
v 2.752612 86.258392 22.893425
v 5.561088 85.330154 20.707415
v 11.464209 87.445526 14.183732
v 16.654562 90.259399 6.916579
v 16.101788 88.399582 5.551249
v 17.037807 96.579315 7.521502
v 15.879488 95.617485 6.170147
v 17.421041 102.899246 8.098863
v 15.657188 102.835388 6.757167
v 19.155712 113.148666 -1.381003
v 17.281137 112.821266 -2.434025
v 18.121531 115.826889 0.441628
v 16.202005 115.566788 -0.502625
v 15.483554 116.233200 8.750527
v 14.263799 115.951653 7.179280
v 14.987276 112.819328 11.158682
v 13.887263 113.259361 9.249462
v 13.096998 113.646004 10.617228
v 12.525739 113.946404 8.889668
v 8.124779 114.168732 15.322597
v 7.369325 115.033646 13.748472
v 7.018763 115.686409 18.841156
v 7.302717 116.739738 15.599746
v 8.043960 119.307304 17.788605
v 0.358169 114.569458 23.832003
v -0.145776 102.619118 21.913197
v -7.009217 105.290825 17.780361
v -7.457055 107.757698 15.314440
v -12.493908 108.194496 10.724498
v -13.274571 103.057495 11.949164
v 13.725320 102.945549 12.675482
v 12.702392 108.391640 11.145330
v 7.746567 108.764275 15.001062
v 6.541453 104.217720 17.872690
v 13.288083 96.211639 14.150675
v 10.063056 100.706383 16.383507
v 6.361730 102.464027 18.982956
v -13.465986 96.703079 14.116107
v -8.489363 96.846863 18.627110
v -7.934680 95.494980 19.580994
v -6.867944 94.537254 20.713327
v -6.651746 88.498756 22.565582
v -8.282048 98.075172 18.585890
v -62.033283 43.528595 6.317286
v -65.001648 40.479359 7.852613
v -64.688110 47.580723 9.563707
v -66.118034 40.156124 7.761154
v -66.029778 37.707359 3.483974
v -67.854996 36.961479 -1.957737
v -68.486267 36.703510 -3.839934
v -55.247330 42.370949 7.044676
v -56.676750 41.931393 11.137275
v -56.391190 51.154697 14.810998
v -62.501835 50.847298 12.068372
v 36.486908 67.064407 5.116013
v 36.614983 61.468204 5.424555
v 38.882084 62.163452 4.944257
v 36.963291 58.019943 -0.981086
v 39.346542 59.255051 -1.130799
v 44.291210 59.966282 -1.241217
v 41.495579 62.476589 4.590038
v 38.693851 67.620499 4.523665
v 40.357971 67.831001 4.085209
v 39.336742 68.188927 0.629760
v 44.110161 68.303711 0.687568
v 39.936951 65.531029 -4.875545
v 6.827713 1.468440 -3.140501
v 9.830928 2.986374 2.769691
v 7.774995 1.129567 -7.492481
v 8.991001 2.724557 -6.371314
v 10.132649 3.903937 3.033956
v 9.805937 3.788954 -5.623874
v 11.001271 7.075514 1.028723
v 8.963660 6.842076 -4.203474
v 11.364134 8.792945 -9.307601
v 12.015079 7.107255 -9.696285
v 8.372462 7.538197 -4.035221
v 13.820939 5.150893 -9.648578
v 14.225880 3.446511 -10.551044
v 12.628815 1.290611 -11.259243
v 14.297650 -1.302208 -15.070420
v 5.444393 -1.300768 -10.165705
v 6.265378 -1.303425 -1.984188
v 12.977199 9.972878 4.316555
v 10.177632 8.565305 1.783899
v 1.111203 16.797050 -10.782361
v 7.966299 19.394629 -11.230519
v 0.597311 16.185318 -7.807140
v 5.085154 16.172062 -8.259350
v 3.614501 15.448877 -2.787847
v 1.003044 14.815587 -3.652704
v 5.327976 16.903509 3.132903
v 1.648678 17.364532 4.947302
v 10.792409 21.498182 6.189662
v 1.725666 18.121590 7.579126
v -8.970424 18.969208 7.893761
v -4.279904 16.707207 3.467891
v -2.489848 15.644527 -3.439384
v -4.254725 15.929492 -7.461567
v -8.923455 17.987389 -10.953587
v 69.554291 59.643433 6.927494
v 72.408272 63.435253 10.202139
v 72.745331 56.790081 8.476171
v 70.057983 66.491974 12.728571
v 63.488934 66.779633 15.495028
v 63.795914 58.148827 11.789383
v 62.259274 58.560162 7.661211
v 73.945465 56.487614 8.383908
v 73.850609 54.196156 4.069564
v 75.812737 53.498196 -1.419443
v 76.491348 53.256802 -3.318009
v 0.138750 44.792885 -10.906256
v -3.903967 44.483929 -9.297580
v -2.724132 49.477127 -12.023825
v -6.915385 42.615570 -6.986363
v 3.588099 42.273914 -7.325875
v -1.006051 36.879372 -9.567451
v -11.927428 33.456989 -8.164343
v -11.221757 37.220123 2.183410
v -9.372214 42.520908 1.651931
v -6.598162 42.909721 5.484220
v -8.451729 36.579586 11.237797
v 0.336844 38.699444 15.584890
v -3.480201 42.994675 9.130144
v -3.690538 56.106796 -12.630203
v -2.689838 60.450226 11.074550
v -4.928730 60.098694 9.961517
v -7.018895 62.245007 0.072920
v -6.386563 63.025002 -8.293511
v -3.463534 62.125248 -11.308333
v 11.893793 40.907242 11.047951
v 3.926397 41.144264 12.616116
v 11.457468 38.004730 12.886093
v 0.111402 45.153954 9.161842
v -3.092899 50.177536 11.056909
v -3.307145 56.982243 11.394010
v 1.210057 66.035645 6.795417
v -3.239140 66.184448 5.485353
v -5.716231 67.366951 0.635130
v -3.565951 68.547379 -4.470257
v 3.581126 67.984673 -5.635705
v 10.214627 37.338982 -7.942162
v 8.975421 42.244347 -3.983127
v 14.924607 38.422390 1.487142
v 13.230076 42.242935 0.384322
v 25.442841 59.283066 -0.335880
v 31.901644 57.234066 -0.663132
v 25.235571 62.419163 5.134944
v 31.800014 61.828823 6.444496
v -17.150200 78.151314 1.383529
v -13.554418 81.510208 10.105877
v -0.644255 75.579254 18.231449
v 12.044930 77.181740 10.262941
v 11.558394 91.107040 13.458471
v 9.349138 100.703880 9.409319
v 5.650728 113.475266 -2.419272
v 3.575048 120.559067 -18.047333
v -0.754746 114.555664 2.676306
v -5.456233 120.559067 -18.047329
v -6.635170 117.167084 -18.488966
v -5.274645 111.651810 -31.256458
v 15.782658 74.846657 1.352123
v 16.506174 91.107040 1.216385
v 12.187595 102.865997 -2.604297
v 7.313834 111.350800 -7.604037
v 4.756018 117.167084 -18.488970
v 3.115114 111.651810 -31.256462
v 16.343042 26.068672 1.063783
v 18.336983 32.132244 2.869283
v 12.028381 23.897440 9.414719
v 14.672438 30.074749 12.711240
v 0.703364 30.274151 18.999992
v -13.603247 29.589914 11.405140
v -18.015116 28.650976 2.034891
v -14.259276 29.045776 -10.606077
v -11.620437 22.161097 -11.729765
v -17.868641 23.152159 -1.282580
v -12.082517 22.645380 10.443133
v 0.672133 22.259642 13.431787
v 0.493962 30.098104 -16.371975
v 0.592300 22.082712 -14.327390
v -15.698711 20.038378 -1.701167
v 15.059167 22.650455 0.522439
v 10.946737 24.395048 -13.058187
v 13.863029 30.979597 -12.920388
v -16.446306 -1.402177 -7.895689
v -15.531028 1.082024 -8.501248
v -14.453362 -0.329894 -12.916408
v -12.250254 0.144440 -13.631886
v -15.028675 4.555254 -7.568618
v -11.147126 5.035842 -8.952697
v -15.038112 7.729599 -7.998564
v -10.772083 7.379767 -8.891083
v -15.781846 -1.402274 -13.600366
v -12.241772 -1.402177 -14.603231
v -18.562048 5.198769 -0.685626
v -18.194246 8.892886 -3.035045
v -18.135981 9.901107 -3.465114
v -15.069258 8.636757 -8.330407
v -10.740605 8.235454 -8.758058
v -14.663235 9.764580 -8.036530
v -16.959642 13.777854 -2.756943
v -8.467981 -1.402357 -12.199769
v 13.601491 -1.301737 -4.041960
v 21.350241 -1.299633 1.253096
v -33.933537 44.143204 -1.671606
v -34.074657 47.385071 -5.116014
v -31.716591 44.282703 -1.523182
v -31.529827 47.747505 -6.841264
v -34.482742 50.850025 -5.384085
v -31.807695 51.544762 -6.629232
v -33.924419 53.690399 0.073773
v -31.889938 54.694218 -0.003657
v -33.326385 53.082939 3.934138
v -31.273458 53.948048 4.521391
v -33.501488 47.251270 4.351106
v -31.392590 47.967674 4.827265
v -38.533154 44.040314 -1.781067
v -37.780109 46.506046 -5.769227
v -40.288151 49.718178 -6.322983
v -43.499992 47.009583 -4.937395
v -42.896385 47.096382 -9.684150
v -53.946815 46.705872 -1.505229
v -59.223076 46.387436 -9.443607
v -61.754604 46.012009 -14.628663
v -61.452721 48.630398 -0.803792
v -64.281815 47.411667 -10.922077
v -66.049049 45.957779 -3.144838
v -65.443077 45.419369 -10.990583
v -60.742840 44.169495 -0.981137
v -61.603485 45.135178 -7.482457
v -63.926628 36.013741 -3.442285
v -63.648220 39.426754 -9.386655
v -68.478729 37.834419 -3.209565
v -68.311623 40.665573 -9.577875
v -74.431953 53.742409 -1.347997
v -73.671295 51.247887 9.294739
v -68.065170 40.333023 6.340645
v -63.632362 38.612202 5.281933
v -67.779297 46.577595 8.608994
v -66.254578 46.333958 10.426989
v -68.523277 50.407906 11.793509
v -64.021904 57.879539 11.313611
v -66.254845 51.861126 9.914771
v -60.457905 45.403942 3.814446
v -54.820477 43.349960 2.932442
v -44.356716 44.661991 -1.103347
v -39.286018 44.949184 1.532516
v -37.312897 47.700588 6.400934
v -35.932602 46.722958 3.999932
v -34.874374 52.444958 3.499461
v -40.228081 50.547874 8.591856
v -38.058170 57.499928 4.240663
v -38.364735 52.950123 0.131100
v -41.368401 54.603863 -0.861788
v -42.855980 59.541504 -0.354952
v -44.266376 57.377495 -8.767487
v -42.659695 53.083523 -4.745025
v -42.287491 51.156094 -10.329032
v -58.195137 51.922157 -10.738051
v -62.394428 51.842762 -15.027089
v -67.510429 50.906105 -14.414139
v -55.241783 57.024925 8.510708
v -55.140694 59.125107 0.742974
v -58.284813 57.389484 -8.917429
v -22.178600 53.510132 -0.179815
v -20.807236 52.799789 4.459109
v -20.807262 48.501194 4.540137
v -21.000078 45.149792 -0.883546
v -21.183941 48.496086 -5.101408
v -21.187801 51.200466 -4.100411
v -27.008152 43.219318 -1.207972
v -27.086870 48.067745 -6.344558
v -27.090273 52.586582 -5.192202
v -27.569035 55.466496 -0.167028
v -26.913326 54.425747 5.760322
v -26.913618 48.129520 5.838417
v 8.460711 73.059227 -4.641295
v 11.349937 76.791870 -8.938719
v 11.001603 72.518135 1.218864
v 12.109734 90.469742 -12.555034
v 8.772685 100.312607 -9.124932
v 5.241534 109.300568 -12.025187
v 3.352180 115.045441 -19.454422
v 2.132409 110.934616 -29.414526
v 1.706171 107.125450 -30.670931
v 2.289025 106.010483 -31.999914
v 1.738826 105.608635 -29.314098
v 1.749176 104.120865 -30.768467
v 1.274400 102.391060 -29.006882
v 2.005471 101.568176 -30.640064
v 1.273361 103.607956 -32.968891
v 2.238895 112.607468 -33.033520
v -0.937728 123.915802 -17.353577
v -4.448557 112.607468 -33.033520
v -4.422876 106.010483 -31.999912
v -3.409620 103.607956 -32.968891
v -3.841336 104.120865 -30.768465
v -4.075784 101.568176 -30.640062
v -3.315958 102.391060 -29.006880
v -3.809719 105.608635 -29.314096
v -3.818478 107.125450 -30.670929
v -4.242930 110.934616 -29.414524
v -5.246415 115.045441 -19.454418
v -6.942313 109.300568 -12.025183
v -10.394219 100.312607 -9.124926
v -13.774952 90.469742 -12.555025
v -12.934431 80.946556 -8.971601
v -5.885289 74.372719 -4.659596
v -9.658758 72.900803 1.110695
v -7.374923 73.719292 6.214945
v 0.579329 72.279716 9.785472
v 8.034270 72.680183 6.559791
v 1.402036 71.887421 -6.594099
v 10.296707 69.209450 -4.454487
v -0.704026 74.900703 -12.950134
v -0.871340 90.152679 -17.062880
v -0.850846 103.424225 -12.722331
v -0.871616 107.114380 -14.182842
v -0.941700 112.687607 -19.422596
v -1.042212 110.361343 -28.473230
v -1.046350 107.502220 -29.688307
v -1.015120 105.908768 -27.394184
v -1.000688 101.947060 -27.257313
v -1.030479 99.510849 -30.935917
v -1.079739 102.732330 -34.370872
v -1.128818 112.875671 -34.916607
v 8.467786 67.811623 6.128323
v 12.620405 69.715820 0.837235
v 39.498257 62.288662 -4.605150
v 36.762505 61.262173 -6.345382
v 37.061222 64.815491 -6.131508
v 37.149639 67.762611 0.551653
v -14.035892 6.792430 2.170434
v -13.476131 7.383075 0.712025
v -13.673139 9.011342 1.268589
v -12.925793 10.902381 2.206228
v -17.987803 10.687525 -3.327246
v -12.599013 12.718162 3.821102
v -9.925131 -0.308848 -11.411565
v -9.134726 1.646697 -6.095530
v -9.835119 5.004724 -0.822196
v -9.635375 7.640602 0.549374
v -9.661483 8.446863 1.088519
v -9.667072 9.654579 1.744540
v -8.879726 12.323610 2.798393
v -9.111522 3.183753 -6.116479
v -8.985650 4.649773 -4.851769
v -8.246593 7.369210 -4.614679
v -8.103149 8.012517 -4.463831
v -7.617455 8.798936 -4.402966
v -6.504907 11.889264 -3.851714
v -5.233320 13.281022 -3.768127
v -7.152528 14.974404 3.364297
v -10.637158 16.761269 6.382939
v -15.942763 17.854818 -1.815001
v -10.426999 16.089680 -9.360118
v -6.902296 14.198321 -7.583966
v 17.471281 11.635196 -2.258641
v 17.279490 13.061753 -1.757078
v 12.424784 12.154209 4.344562
v 9.853385 10.142667 1.608506
v 7.935529 8.490863 -3.872017
v 10.098317 10.393497 -9.151467
v 15.348186 9.718159 -7.787455
v 14.310090 11.157666 -8.356417
v 12.312940 15.248190 -10.193339
v 16.832623 16.422215 -0.704234
v 11.137896 14.981710 5.123909
v 9.205111 13.598171 2.872524
v 6.468265 13.167935 -2.889104
v 7.930435 13.974750 -8.567672
v 10.043828 17.556196 -10.515151
v 15.433173 19.531319 -0.085210
v 11.637938 19.241150 5.552526
v 6.844042 15.826009 3.025115
v 5.366357 14.405429 -3.004473
v 6.736126 15.520315 -8.344376
v 31.799711 67.720589 6.365724
v 25.235540 66.441605 5.053197
v 31.989902 65.999565 -4.681983
v 32.504589 68.694466 0.386860
v 31.986252 61.771011 -5.844357
v 25.640495 62.414394 -4.590410
v 25.644661 64.945038 -3.580709
v 47.339172 68.609612 -0.313956
v 48.727318 67.186951 -4.230927
v 46.177879 64.532791 -5.822595
v 43.481674 62.273605 -5.264038
v 67.860725 61.398323 4.402904
v 61.800392 59.476269 3.513238
v 50.551651 59.306419 -0.557620
v 45.100559 60.070160 2.101173
v 42.979431 63.391418 7.011892
v 46.113308 64.814201 9.221850
v 62.253296 72.272743 9.139987
v 71.692101 73.072449 11.967251
v 71.273323 55.042877 5.883145
v 75.731346 62.496574 9.239121
v 76.038681 56.653141 6.951056
v 71.290367 55.805107 -8.912918
v 69.092247 61.146812 -6.992172
v 76.303604 56.964329 -9.105803
v 73.219872 61.412750 -10.530783
v 82.176338 66.884186 -10.276426
v 75.442307 66.546997 -13.984102
v 71.971489 63.277054 -10.461681
v 69.254692 61.967308 -14.200478
v 69.942505 67.423492 -14.602363
v 65.428192 67.497780 -10.276060
v 66.533249 62.318615 -8.970353
v 48.327187 65.383331 -9.863475
v 48.981754 61.584427 -9.212987
v 50.454529 71.205063 -8.288354
v 48.938324 73.230072 0.197293
v 43.780598 70.644363 4.832857
v 49.630672 61.503204 -4.424973
v 60.861187 62.616596 -0.962995
v 68.930161 64.417480 -0.255476
v 74.092262 62.268574 11.072920
v 73.871300 61.916565 -2.616864
v 62.144630 74.238007 1.304745
v 70.506073 78.063667 2.619291
v 82.065361 66.866829 9.930827
v 65.524620 72.613876 -8.439607
v 71.291809 75.898285 -10.706174
v 76.531151 66.080803 12.451310
v 74.092552 67.440666 10.556259
v 68.167038 60.243164 -0.434341
v 71.589653 52.611336 -2.916883
v 76.483246 54.315041 -2.682146
v 82.883072 69.201088 -0.804407
vt 0.640279 0.905336
vt 0.608744 0.916908
vt 0.643729 0.867893
vt 0.979444 0.461122
vt 0.979444 0.440091
vt 0.931150 0.434807
vt 0.979444 0.607815
vt 0.979444 0.554842
vt 0.939091 0.587090
vt 0.956578 0.888787
vt 0.912042 0.882847
vt 0.973750 0.919759
vt 0.795548 0.377774
vt 0.782975 0.379495
vt 0.814660 0.416250
vt 0.643119 0.725471
vt 0.640334 0.731411
vt 0.635786 0.725083
vt 0.189902 0.890648
vt 0.162188 0.854833
vt 0.208315 0.881422
vt 0.099948 0.212043
vt 0.058982 0.146093
vt 0.081359 0.211088
vt 0.611867 0.707460
vt 0.601580 0.694930
vt 0.626191 0.695401
vt 0.618158 0.683518
vt 0.635321 0.694389
vt 0.636622 0.683119
vt 0.649797 0.707516
vt 0.651407 0.696077
vt 0.664356 0.710656
vt 0.652731 0.725879
vt 0.645645 0.718754
vt 0.646497 0.732481
vt 0.639719 0.734793
vt 0.636753 0.734503
vt 0.630914 0.729083
vt 0.629872 0.735956
vt 0.621682 0.726214
vt 0.628368 0.721258
vt 0.639580 0.716793
vt 0.189273 0.912466
vt 0.203393 0.920417
vt 0.169058 0.932067
vt 0.171429 0.920222
vt 0.150156 0.906716
vt 0.138690 0.933311
vt 0.128352 0.886106
vt 0.150100 0.892265
vt 0.161817 0.876541
vt 0.611867 0.707460
vt 0.626191 0.695401
vt 0.601580 0.694930
vt 0.618158 0.683518
vt 0.635321 0.694389
vt 0.639580 0.716793
vt 0.628368 0.721258
vt 0.621682 0.726214
vt 0.630914 0.729083
vt 0.629872 0.735956
vt 0.636753 0.734503
vt 0.635786 0.725083
vt 0.639719 0.734793
vt 0.640334 0.731411
vt 0.643119 0.725471
vt 0.646497 0.732481
vt 0.645645 0.718754
vt 0.652731 0.725879
vt 0.649797 0.707516
vt 0.664356 0.710656
vt 0.651407 0.696077
vt 0.636622 0.683119
vt 0.310087 0.840484
vt 0.296831 0.787796
vt 0.251593 0.839538
vt 0.261230 0.771166
vt 0.220098 0.766443
vt 0.226913 0.820110
vt 0.157959 0.806046
vt 0.160747 0.746906
vt 0.100582 0.819240
vt 0.098677 0.777874
vt 0.072510 0.832648
vt 0.057033 0.765340
vt 0.018818 0.774098
vt 0.006197 0.825584
vt 0.017102 0.882615
vt 0.073524 0.909371
vt 0.107378 0.876110
vt 0.160702 0.842050
vt 0.229372 0.867594
vt 0.262598 0.890914
vt 0.681488 0.226173
vt 0.664157 0.201559
vt 0.661826 0.221838
vt 0.642280 0.213627
vt 0.647020 0.181061
vt 0.652855 0.143686
vt 0.664087 0.158067
vt 0.682593 0.203555
vt 0.203393 0.920417
vt 0.208315 0.881422
vt 0.162188 0.854833
vt 0.128352 0.886106
vt 0.161817 0.876541
vt 0.150100 0.892265
vt 0.150156 0.906716
vt 0.138690 0.933311
vt 0.169058 0.932067
vt 0.171429 0.920222
vt 0.189273 0.912466
vt 0.189902 0.890648
vt 0.623840 0.410974
vt 0.640465 0.404520
vt 0.625830 0.391407
vt 0.639728 0.387558
vt 0.653976 0.364062
vt 0.623951 0.354988
vt 0.609740 0.393512
vt 0.584752 0.380521
vt 0.608626 0.414526
vt 0.535433 0.346952
vt 0.516262 0.442146
vt 0.552397 0.436492
vt 0.516606 0.466347
vt 0.558827 0.466347
vt 0.579248 0.466347
vt 0.590174 0.424195
vt 0.618586 0.466347
vt 0.621057 0.433428
vt 0.658188 0.466347
vt 0.665493 0.409494
vt 0.686771 0.466347
vt 0.691392 0.412919
vt 0.710973 0.466347
vt 0.719179 0.407657
vt 0.674806 0.342427
vt 0.697242 0.328008
vt 0.620373 0.335346
vt 0.614322 0.308343
vt 0.567483 0.358228
vt 0.571078 0.515064
vt 0.589919 0.536631
vt 0.597957 0.521591
vt 0.614258 0.531257
vt 0.614478 0.546331
vt 0.616055 0.561427
vt 0.645350 0.567763
vt 0.638131 0.538520
vt 0.656904 0.519136
vt 0.675712 0.523719
vt 0.615140 0.502653
vt 0.630003 0.523300
vt 0.613088 0.626275
vt 0.583272 0.565069
vt 0.555966 0.575130
vt 0.529371 0.520761
vt 0.552467 0.516976
vt 0.672239 0.580056
vt 0.699860 0.527066
vt 0.710973 0.470801
vt 0.684599 0.470801
vt 0.649636 0.470801
vt 0.616140 0.470801
vt 0.578347 0.470801
vt 0.543217 0.470800
vt 0.517879 0.470801
vt 0.319269 0.232935
vt 0.291419 0.178472
vt 0.299045 0.231442
vt 0.290096 0.198299
vt 0.263935 0.185433
vt 0.262423 0.172965
vt 0.196319 0.188777
vt 0.227361 0.202185
vt 0.232867 0.217857
vt 0.220121 0.241155
vt 0.205572 0.239916
vt 0.229325 0.263088
vt 0.253609 0.238349
vt 0.252440 0.269301
vt 0.271287 0.256122
vt 0.276989 0.233073
vt 0.286969 0.270334
vt 0.270990 0.213452
vt 0.254795 0.206925
vt 0.340458 0.229065
vt 0.335475 0.241272
vt 0.340627 0.255681
vt 0.346065 0.247535
vt 0.351156 0.250013
vt 0.352539 0.258378
vt 0.356571 0.247182
vt 0.350134 0.242518
vt 0.356994 0.243563
vt 0.354107 0.239042
vt 0.349279 0.236250
vt 0.345740 0.236697
vt 0.343827 0.241946
vt 0.107730 0.228065
vt 0.136057 0.170942
vt 0.110306 0.160148
vt 0.125057 0.117432
vt 0.158217 0.120439
vt 0.153902 0.076367
vt 0.193303 0.096280
vt 0.255991 0.068186
vt 0.251447 0.090518
vt 0.289738 0.072121
vt 0.276550 0.088035
vt 0.300216 0.084866
vt 0.290742 0.089800
vt 0.317932 0.090482
vt 0.308221 0.099699
vt 0.316057 0.103540
vt 0.309138 0.121067
vt 0.376772 0.114598
vt 0.374964 0.131575
vt 0.432201 0.120971
vt 0.438820 0.133636
vt 0.435036 0.110260
vt 0.444453 0.123760
vt 0.453076 0.110422
vt 0.449760 0.116559
vt 0.465023 0.110113
vt 0.465875 0.127155
vt 0.491221 0.139028
vt 0.465465 0.140950
vt 0.490631 0.155991
vt 0.472108 0.163098
vt 0.499318 0.204540
vt 0.488857 0.220376
vt 0.532015 0.195298
vt 0.546868 0.211101
vt 0.548083 0.142694
vt 0.578070 0.143487
vt 0.539111 0.084049
vt 0.559653 0.067383
vt 0.472707 0.056523
vt 0.479941 0.033450
vt 0.388719 0.052336
vt 0.382468 0.039153
vt 0.318254 0.045811
vt 0.318851 0.023009
vt 0.257862 0.035480
vt 0.265692 0.023674
vt 0.184440 0.032144
vt 0.180597 0.007863
vt 0.104002 0.066091
vt 0.092068 0.037387
vt 0.025200 0.147388
vt 0.057357 0.228246
vt 0.320166 0.078407
vt 0.389144 0.082818
vt 0.385679 0.096029
vt 0.438615 0.096125
vt 0.242335 0.422206
vt 0.294779 0.422206
vt 0.296108 0.405099
vt 0.338613 0.403683
vt 0.348249 0.422206
vt 0.341609 0.377017
vt 0.359134 0.385844
vt 0.368711 0.371298
vt 0.375942 0.380584
vt 0.416990 0.362761
vt 0.420895 0.372243
vt 0.433169 0.350477
vt 0.428755 0.361534
vt 0.446007 0.368628
vt 0.449214 0.379116
vt 0.491126 0.370284
vt 0.496616 0.379990
vt 0.501981 0.358708
vt 0.512166 0.357030
vt 0.456773 0.295855
vt 0.476941 0.292833
vt 0.458200 0.248492
vt 0.480431 0.240610
vt 0.472810 0.187871
vt 0.458846 0.205290
vt 0.400878 0.201011
vt 0.421813 0.183540
vt 0.406855 0.164576
vt 0.391831 0.182898
vt 0.341081 0.172136
vt 0.343291 0.153534
vt 0.301744 0.175169
vt 0.293729 0.150661
vt 0.280919 0.167520
vt 0.255897 0.162782
vt 0.199447 0.177088
vt 0.140885 0.200809
vt 0.133259 0.186356
vt 0.142479 0.245061
vt 0.130154 0.237671
vt 0.145546 0.290662
vt 0.131526 0.288056
vt 0.103256 0.358389
vt 0.092824 0.356484
vt 0.114363 0.370158
vt 0.108786 0.380032
vt 0.160042 0.368525
vt 0.156887 0.378134
vt 0.172863 0.350526
vt 0.176467 0.364160
vt 0.184303 0.358783
vt 0.179319 0.368832
vt 0.228574 0.364665
vt 0.221424 0.376148
vt 0.255179 0.372771
vt 0.235024 0.384347
vt 0.252897 0.396732
vt 0.301126 0.358704
vt 0.311532 0.290133
vt 0.358557 0.302414
vt 0.373208 0.320902
vt 0.415315 0.324192
vt 0.418417 0.290336
vt 0.176615 0.296065
vt 0.189281 0.325163
vt 0.228790 0.327614
vt 0.248314 0.304401
vt 0.186017 0.241325
vt 0.217598 0.276489
vt 0.253508 0.289154
vt 0.409843 0.244412
vt 0.365202 0.243689
vt 0.359188 0.234026
vt 0.349889 0.227468
vt 0.343376 0.188864
vt 0.363843 0.252255
vt 0.689956 0.692307
vt 0.686196 0.720615
vt 0.672753 0.678707
vt 0.672601 0.725975
vt 0.654642 0.738770
vt 0.643644 0.739821
vt 0.638139 0.740053
vt 0.630958 0.740398
vt 0.618824 0.736894
vt 0.594643 0.720159
vt 0.579093 0.711517
vt 0.549510 0.681889
vt 0.549510 0.630866
vt 0.600414 0.630866
vt 0.649374 0.630866
vt 0.668014 0.658589
vt 0.843716 0.847732
vt 0.838354 0.785164
vt 0.819910 0.780440
vt 0.838916 0.721360
vt 0.822204 0.721360
vt 0.787888 0.721360
vt 0.798169 0.775371
vt 0.823372 0.847377
vt 0.804359 0.846809
vt 0.821098 0.880725
vt 0.785491 0.886024
vt 0.819621 0.929319
vt 0.861309 0.076287
vt 0.865820 0.094305
vt 0.822639 0.050990
vt 0.825341 0.083224
vt 0.872224 0.120973
vt 0.827445 0.106241
vt 0.861581 0.166915
vt 0.832977 0.159099
vt 0.805110 0.173413
vt 0.803416 0.150161
vt 0.833523 0.172561
vt 0.799492 0.120636
vt 0.795899 0.100775
vt 0.799115 0.070740
vt 0.786338 0.062772
vt 0.813866 0.009659
vt 0.866785 0.059032
vt 0.902157 0.046377
vt 0.897310 0.125829
vt 0.899942 0.150629
vt 0.889684 0.201794
vt 0.862345 0.193191
vt 0.152326 0.431766
vt 0.146590 0.521256
vt 0.200714 0.438808
vt 0.188232 0.490549
vt 0.279306 0.476766
vt 0.292220 0.438808
vt 0.265772 0.517758
vt 0.282638 0.529408
vt 0.232389 0.562685
vt 0.282619 0.546743
vt 0.333233 0.555357
vt 0.307405 0.525564
vt 0.317405 0.482927
vt 0.389577 0.493672
vt 0.387239 0.438808
vt 0.418368 0.528301
vt 0.429187 0.433969
vt 0.689956 0.692307
vt 0.672753 0.678707
vt 0.686196 0.720615
vt 0.668014 0.658589
vt 0.649374 0.630866
vt 0.600414 0.630866
vt 0.549510 0.630866
vt 0.549510 0.681889
vt 0.579093 0.711517
vt 0.594643 0.720159
vt 0.618824 0.736894
vt 0.630958 0.740398
vt 0.638139 0.740053
vt 0.643644 0.739821
vt 0.654642 0.738770
vt 0.672601 0.725975
vt 0.513870 0.725646
vt 0.482323 0.716977
vt 0.520504 0.769789
vt 0.498522 0.771183
vt 0.459831 0.752850
vt 0.451598 0.699465
vt 0.403247 0.719415
vt 0.537631 0.685137
vt 0.498150 0.640299
vt 0.432693 0.620848
vt 0.386788 0.663233
vt 0.392582 0.705116
vt 0.363885 0.714316
vt 0.340575 0.662301
vt 0.295488 0.676253
vt 0.330695 0.720667
vt 0.359156 0.773169
vt 0.445065 0.853598
vt 0.491618 0.833688
vt 0.512586 0.823843
vt 0.337717 0.869232
vt 0.356045 0.872940
vt 0.364330 0.850390
vt 0.416362 0.870171
vt 0.408085 0.906443
vt 0.453253 0.888214
vt 0.485288 0.885774
vt 0.511117 0.878270
vt 0.233738 0.698946
vt 0.280100 0.705143
vt 0.242820 0.674786
vt 0.306141 0.741393
vt 0.326124 0.784047
vt 0.325209 0.839609
vt 0.304374 0.961571
vt 0.352149 0.961676
vt 0.403948 0.974316
vt 0.456015 0.964149
vt 0.512556 0.969663
vt 0.545347 0.920715
vt 0.048158 0.639966
vt 0.077278 0.695184
vt 0.120466 0.649716
vt 0.126379 0.706252
vt 0.178806 0.674208
vt 0.169225 0.706373
vt 0.919619 0.721360
vt 0.874730 0.721360
vt 0.920833 0.791743
vt 0.873511 0.793437
vt 0.976395 0.847360
vt 0.970543 0.803970
vt 0.965372 0.721360
vt 0.637640 0.242054
vt 0.654854 0.240194
vt 0.679501 0.254986
vt 0.707424 0.257969
vt 0.702182 0.225496
vt 0.701473 0.203725
vt 0.703362 0.159022
vt 0.697224 0.098526
vt 0.683503 0.170976
vt 0.671440 0.097698
vt 0.662804 0.094507
vt 0.668746 0.043977
vt 0.729633 0.263374
vt 0.724586 0.218953
vt 0.720339 0.183457
vt 0.714865 0.145030
vt 0.705961 0.095783
vt 0.701413 0.044908
vt 0.191397 0.591989
vt 0.191584 0.631286
vt 0.236504 0.590113
vt 0.235058 0.630797
vt 0.292075 0.634747
vt 0.351470 0.608529
vt 0.382212 0.602226
vt 0.417902 0.583622
vt 0.424908 0.550107
vt 0.387232 0.573429
vt 0.339979 0.583395
vt 0.289408 0.586982
vt 0.507803 0.555235
vt 0.480777 0.485451
vt 0.386411 0.555278
vt 0.191982 0.569462
vt 0.132869 0.553633
vt 0.129153 0.594198
vt 0.902763 0.388612
vt 0.892628 0.403674
vt 0.927915 0.381945
vt 0.929875 0.404676
vt 0.951668 0.386030
vt 0.979444 0.399354
vt 0.934963 0.459491
vt 0.979444 0.485942
vt 0.936521 0.505871
vt 0.979444 0.523232
vt 0.950750 0.364301
vt 0.979444 0.383915
vt 0.851977 0.448805
vt 0.882190 0.447865
vt 0.868162 0.413960
vt 0.891740 0.515085
vt 0.894132 0.532388
vt 0.937178 0.520288
vt 0.979444 0.537266
vt 0.937757 0.538890
vt 0.891887 0.602013
vt 0.087283 0.240461
vt 0.110287 0.265530
vt 0.052165 0.240254
vt 0.017015 0.267520
vt 0.014023 0.325703
vt 0.111223 0.308487
vt 0.066385 0.348471
vt 0.016413 0.336359
vt 0.054613 0.350012
vt 0.010175 0.361489
vt 0.045477 0.373787
vt 0.026681 0.375007
vt 0.239309 0.102791
vt 0.280026 0.109871
vt 0.229299 0.107956
vt 0.250260 0.124023
vt 0.283037 0.138521
vt 0.263479 0.144338
vt 0.258459 0.152256
vt 0.223581 0.138067
vt 0.183217 0.146092
vt 0.215661 0.167115
vt 0.210852 0.102745
vt 0.168909 0.120939
vt 0.827178 0.995674
vt 0.823648 0.956497
vt 0.843283 0.995674
vt 0.843302 0.949743
vt 0.819621 0.929319
vt 0.841769 0.929779
vt 0.821098 0.880725
vt 0.839102 0.880188
vt 0.823372 0.847377
vt 0.843716 0.847732
vt 0.819910 0.780440
vt 0.838354 0.785164
vt 0.838916 0.721360
vt 0.822204 0.721360
vt 0.794620 0.995674
vt 0.793981 0.961147
vt 0.768928 0.940115
vt 0.750277 0.995674
vt 0.744157 0.949568
vt 0.689574 0.992071
vt 0.671531 0.955510
vt 0.653094 0.955355
vt 0.641957 0.985564
vt 0.636735 0.948694
vt 0.630254 0.972852
vt 0.625001 0.944231
vt 0.616626 0.966686
vt 0.620552 0.956032
vt 0.606263 0.966557
vt 0.611056 0.952168
vt 0.573168 0.947655
vt 0.603869 0.941088
vt 0.586994 0.882426
vt 0.623986 0.835656
vt 0.573168 0.802903
vt 0.612597 0.813453
vt 0.607837 0.800290
vt 0.587293 0.788821
vt 0.611386 0.783412
vt 0.611896 0.797112
vt 0.622047 0.793393
vt 0.626642 0.778437
vt 0.636012 0.795989
vt 0.635673 0.822722
vt 0.655159 0.840703
vt 0.644185 0.825650
vt 0.653646 0.820364
vt 0.668882 0.791181
vt 0.657395 0.779236
vt 0.686938 0.781026
vt 0.685078 0.764579
vt 0.645410 0.761969
vt 0.682368 0.734602
vt 0.756247 0.721360
vt 0.748938 0.750154
vt 0.776560 0.771468
vt 0.787888 0.721360
vt 0.778649 0.805979
vt 0.798169 0.775371
vt 0.804359 0.846809
vt 0.758299 0.820556
vt 0.766732 0.858240
vt 0.785491 0.886024
vt 0.763533 0.891749
vt 0.742479 0.880431
vt 0.731581 0.913620
vt 0.755642 0.914206
vt 0.743667 0.935257
vt 0.668028 0.927733
vt 0.638882 0.941424
vt 0.632848 0.919898
vt 0.659212 0.826123
vt 0.685626 0.849834
vt 0.680626 0.821543
vt 0.686296 0.802872
vt 0.684442 0.874413
vt 0.680038 0.899016
vt 0.912042 0.882847
vt 0.921244 0.845573
vt 0.956578 0.888787
vt 0.976395 0.847360
vt 0.920833 0.791743
vt 0.970543 0.803970
vt 0.921683 0.995674
vt 0.921306 0.959298
vt 0.962730 0.995674
vt 0.969414 0.951810
vt 0.920689 0.918605
vt 0.973750 0.919759
vt 0.877486 0.995674
vt 0.874107 0.961455
vt 0.874361 0.915413
vt 0.871937 0.881057
vt 0.875899 0.848457
vt 0.873511 0.793437
vt 0.874730 0.721360
vt 0.919619 0.721360
vt 0.965372 0.721360
vt 0.642841 0.792917
vt 0.646757 0.781904
vt 0.629262 0.771812
vt 0.754974 0.278770
vt 0.757620 0.253999
vt 0.729942 0.281410
vt 0.756117 0.206557
vt 0.740084 0.173669
vt 0.724056 0.128925
vt 0.711997 0.089778
vt 0.707774 0.048287
vt 0.712371 0.031948
vt 0.709956 0.025344
vt 0.717027 0.027042
vt 0.715101 0.021019
vt 0.720438 0.018234
vt 0.717726 0.015490
vt 0.711348 0.015672
vt 0.695437 0.040373
vt 0.684267 0.101039
vt 0.674798 0.039766
vt 0.660744 0.024058
vt 0.659590 0.014326
vt 0.655670 0.019489
vt 0.653217 0.013783
vt 0.650358 0.016420
vt 0.653547 0.025467
vt 0.658100 0.030566
vt 0.662251 0.047108
vt 0.656875 0.088344
vt 0.643949 0.127636
vt 0.628490 0.171662
vt 0.614305 0.202627
vt 0.615078 0.232712
vt 0.613336 0.269701
vt 0.635942 0.269614
vt 0.654930 0.269315
vt 0.679407 0.277105
vt 0.706412 0.280570
vt 0.773899 0.301103
vt 0.781426 0.285842
vt 0.749683 0.301103
vt 0.799191 0.259812
vt 0.800669 0.188349
vt 0.762054 0.129348
vt 0.741793 0.107720
vt 0.726531 0.083170
vt 0.718376 0.048313
vt 0.720049 0.037403
vt 0.725226 0.030478
vt 0.727229 0.017563
vt 0.720597 0.005930
vt 0.708364 0.006526
vt 0.685188 0.031400
vt 0.662776 0.005316
vt 0.650513 0.004046
vt 0.643449 0.015408
vt 0.645081 0.028521
vt 0.650155 0.035710
vt 0.651552 0.046818
vt 0.642365 0.081337
vt 0.626307 0.106719
vt 0.606596 0.129760
vt 0.571202 0.188934
vt 0.579149 0.259206
vt 0.590325 0.288216
vt 0.582264 0.301103
vt 0.610262 0.301103
vt 0.634455 0.301103
vt 0.658839 0.301103
vt 0.680935 0.301103
vt 0.708604 0.301103
vt 0.732123 0.301103
vt 0.827178 0.995674
vt 0.843283 0.995674
vt 0.823648 0.956497
vt 0.843302 0.949743
vt 0.841769 0.929779
vt 0.839102 0.880188
vt 0.840757 0.412253
vt 0.850483 0.468267
vt 0.849003 0.497939
vt 0.851313 0.535289
vt 0.847788 0.577251
vt 0.893677 0.545721
vt 0.844452 0.616875
vt 0.752095 0.379362
vt 0.781728 0.420364
vt 0.751981 0.345298
vt 0.816329 0.468568
vt 0.821721 0.524217
vt 0.823708 0.540289
vt 0.825595 0.562886
vt 0.824079 0.608837
vt 0.781328 0.443999
vt 0.777175 0.474699
vt 0.770090 0.515862
vt 0.770502 0.527047
vt 0.770383 0.541879
vt 0.770714 0.591608
vt 0.769374 0.615420
vt 0.817330 0.647371
vt 0.840547 0.661933
vt 0.888716 0.675735
vt 0.951098 0.663871
vt 0.979444 0.640489
vt 0.823900 0.707430
vt 0.888302 0.712269
vt 0.962558 0.703233
vt 0.979444 0.661699
vt 0.729415 0.370943
vt 0.729415 0.390297
vt 0.729415 0.423855
vt 0.729415 0.444134
vt 0.729415 0.470041
vt 0.729415 0.506970
vt 0.729415 0.520336
vt 0.729415 0.536705
vt 0.729415 0.586439
vt 0.729415 0.616398
vt 0.729415 0.646380
vt 0.767588 0.650588
vt 0.808019 0.669774
vt 0.907188 0.158262
vt 0.917574 0.220849
vt 0.916081 0.240615
vt 0.888402 0.233843
vt 0.860576 0.215274
vt 0.833803 0.187511
vt 0.807201 0.199042
vt 0.929803 0.127481
vt 0.956273 0.172254
vt 0.962051 0.192782
vt 0.966906 0.259776
vt 0.913043 0.287569
vt 0.884151 0.277788
vt 0.862147 0.265908
vt 0.835408 0.252862
vt 0.811234 0.250230
vt 0.970779 0.307646
vt 0.911399 0.335931
vt 0.886702 0.335796
vt 0.854881 0.300622
vt 0.833867 0.271375
vt 0.813177 0.271569
vt 0.979735 0.342466
vt 0.909445 0.369513
vt 0.882946 0.367690
vt 0.850112 0.315869
vt 0.833241 0.290757
vt 0.815351 0.288591
vt 0.997266 0.016193
vt 0.997266 0.051455
vt 0.933940 0.013618
vt 0.913507 0.038908
vt 0.997266 0.110470
vt 0.910892 0.095650
vt 0.997266 0.138978
vt 0.997266 0.166893
vt 0.997266 0.193476
vt 0.997266 0.248577
vt 0.997266 0.273369
vt 0.997266 0.295008
vt 0.087932 0.479559
vt 0.058228 0.554987
vt 0.875899 0.848457
vt 0.921244 0.845573
vt 0.874361 0.915413
vt 0.871937 0.881057
vt 0.874107 0.961455
vt 0.921306 0.959298
vt 0.920689 0.918605
vt 0.969414 0.951810
vt 0.877486 0.995674
vt 0.921683 0.995674
vt 0.962730 0.995674
vt 0.763533 0.891749
vt 0.755642 0.914206
vt 0.768928 0.940115
vt 0.793981 0.961147
vt 0.794620 0.995674
vt 0.668882 0.791181
vt 0.686938 0.781026
vt 0.657395 0.779236
vt 0.685078 0.764579
vt 0.748938 0.750154
vt 0.776560 0.771468
vt 0.686296 0.802872
vt 0.778649 0.805979
vt 0.680626 0.821543
vt 0.758299 0.820556
vt 0.685626 0.849834
vt 0.659212 0.826123
vt 0.655159 0.840703
vt 0.653646 0.820364
vt 0.611896 0.797112
vt 0.607837 0.800290
vt 0.622047 0.793393
vt 0.612597 0.813453
vt 0.611056 0.952168
vt 0.620552 0.956032
vt 0.603869 0.941088
vt 0.625001 0.944231
vt 0.608744 0.916908
vt 0.632848 0.919898
vt 0.636735 0.948694
vt 0.653094 0.955355
vt 0.638882 0.941424
vt 0.668028 0.927733
vt 0.671531 0.955510
vt 0.743667 0.935257
vt 0.744157 0.949568
vt 0.731581 0.913620
vt 0.742479 0.880431
vt 0.766732 0.858240
vt 0.756247 0.721360
vt 0.682368 0.734602
vt 0.645410 0.761969
vt 0.646757 0.781904
vt 0.629262 0.771812
vt 0.684442 0.874413
vt 0.643729 0.867893
vt 0.623986 0.835656
vt 0.680038 0.899016
vt 0.640279 0.905336
vt 0.642841 0.792917
vt 0.644185 0.825650
vt 0.635673 0.822722
vt 0.636012 0.795989
vt 0.626642 0.778437
vt 0.611386 0.783412
vt 0.587293 0.788821
vt 0.573168 0.802903
vt 0.586994 0.882426
vt 0.573168 0.947655
vt 0.606263 0.966557
vt 0.616626 0.966686
vt 0.630254 0.972852
vt 0.641957 0.985564
vt 0.689574 0.992071
vt 0.750277 0.995674
vt 0.035044 0.720472
vt 0.240468 0.956745
vt 0.070862 0.978321
vt 0.123209 0.974246
vt 0.180000 0.975237
vn 0.0525 0.7858 -0.6163
vn -0.5654 0.2608 -0.7825
vn 0.0152 0.9993 0.0341
vn 0.2080 0.2625 -0.9422
vn 0.4509 0.5981 -0.6626
vn -0.6595 0.3243 -0.6781
vn 0.4152 -0.4025 -0.8159
vn 0.2062 0.0497 -0.9772
vn -0.5088 0.1709 -0.8437
vn 0.2160 0.9734 -0.0763
vn -0.1372 0.9834 -0.1186
vn 0.2413 0.6504 -0.7202
vn 0.7523 -0.6436 -0.1409
vn 0.7305 -0.6711 -0.1266
vn 0.9452 0.3255 -0.0269
vn -0.3163 0.8559 -0.4092
vn -0.4795 0.6518 -0.5875
vn -0.9708 0.1498 -0.1874
vn -0.2182 -0.1531 0.9638
vn -0.5683 -0.8179 -0.0904
vn -0.5697 -0.4546 0.6846
vn 0.2371 0.1905 0.9526
vn 0.5282 0.0495 -0.8476
vn 0.5786 0.7369 -0.3497
vn -0.1715 -0.7603 0.6265
vn 0.4876 -0.8187 -0.3032
vn -0.5174 -0.2335 0.8233
vn 0.4920 -0.8158 -0.3040
vn 0.4849 -0.3540 0.7997
vn -0.5117 -0.2274 0.8285
vn -0.5224 -0.2524 0.8145
vn 0.4891 -0.3787 0.7857
vn -0.3513 0.6853 0.6379
vn 0.4860 -0.3804 0.7868
vn 0.0145 0.5702 0.8214
vn -0.3540 0.6845 0.6373
vn -0.3525 0.6703 0.6530
vn 0.0155 0.5454 0.8380
vn 0.3406 0.9250 -0.1683
vn 0.0169 0.5448 0.8384
vn -0.0170 0.9965 -0.0823
vn 0.3363 0.9282 -0.1593
vn -0.0407 0.9988 -0.0260
vn 0.5153 0.5068 -0.6911
vn 0.3000 0.9453 -0.1280
vn 0.5295 0.5162 -0.6732
vn 0.8861 0.3917 -0.2477
vn 0.2929 0.9449 -0.1462
vn 0.2879 0.9467 -0.1445
vn 0.8873 0.3923 -0.2425
vn -0.0805 0.9867 -0.1409
vn 0.8887 0.3971 -0.2291
vn 0.7819 0.4514 -0.4300
vn -0.0806 0.9869 -0.1400
vn -0.0807 0.9869 -0.1394
vn 0.7789 0.4650 -0.4208
vn -0.3676 0.8422 -0.3945
vn 0.7770 0.4626 -0.4270
vn 0.2183 0.0762 -0.9729
vn -0.3671 0.8417 -0.3960
vn -0.3726 0.8407 -0.3929
vn 0.2187 0.0757 -0.9729
vn -0.5230 0.6465 -0.5554
vn -0.4976 0.6712 -0.5494
vn 0.2216 0.0785 -0.9720
vn -0.9689 0.1800 -0.1699
vn 0.2218 0.0776 -0.9720
vn -0.8542 -0.4059 -0.3249
vn -0.9705 0.1686 -0.1723
vn -0.9587 0.1953 -0.2066
vn -0.8433 -0.4057 -0.3526
vn -0.9506 -0.2956 0.0952
vn -0.8460 -0.3942 -0.3591
vn 0.0042 -0.8874 -0.4610
vn -0.9592 -0.2673 0.0918
vn 0.0040 -0.8874 -0.4611
vn -0.1374 -0.9443 0.2990
vn -0.9588 -0.2698 0.0884
vn -0.9580 -0.2714 0.0925
vn -0.1371 -0.9443 0.2991
vn -0.9439 -0.2252 0.2416
vn -0.1367 -0.9449 0.2973
vn -0.1473 -0.7604 0.6325
vn -0.9510 -0.2612 0.1655
vn -0.1464 -0.7584 0.6351
vn -0.4962 -0.2262 0.8382
vn -0.9491 -0.2484 0.1938
vn -0.9136 -0.3749 0.1575
vn -0.4929 -0.2377 0.8370
vn -0.9548 0.2871 0.0764
vn -0.4922 -0.2429 0.8359
vn -0.3419 0.6813 0.6473
vn -0.9548 0.2880 0.0736
vn -0.9576 0.2774 0.0776
vn -0.3378 0.6738 0.6572
vn -0.0755 0.9870 -0.1422
vn -0.3528 0.6709 0.6522
vn 0.3388 0.9246 -0.1740
vn -0.0818 0.9858 -0.1469
vn -0.9093 -0.3301 0.2534
vn -0.9091 -0.3231 0.2628
vn -0.9544 0.2880 0.0783
vn -0.9591 0.1955 -0.2048
vn -0.9572 0.2775 0.0821
vn -0.3162 0.8559 -0.4092
vn -0.9572 0.2775 0.0820
vn -0.0759 0.9872 -0.1406
vn -0.2234 -0.1776 0.9584
vn -0.5749 -0.4851 0.6589
vn -0.3722 0.7783 0.5057
vn -0.5723 -0.4976 0.6518
vn -0.5408 0.3616 0.7595
vn -0.3614 0.7781 0.5137
vn -0.5402 0.3221 0.7775
vn -0.6226 0.7823 -0.0180
vn -0.4007 0.7266 0.5582
vn -0.3432 0.7438 0.5735
vn -0.6287 0.7758 -0.0542
vn -0.3107 0.8942 -0.3222
vn -0.3091 0.9060 -0.2893
vn -0.6143 0.7886 0.0269
vn -0.3126 0.4800 -0.8197
vn -0.5894 0.8065 0.0466
vn -0.4458 0.4950 -0.7458
vn -0.3104 0.4839 -0.8182
vn -0.4596 0.5306 -0.7122
vn -0.3935 -0.4541 -0.7993
vn -0.3109 0.4938 -0.8121
vn -0.3240 0.4941 -0.8068
vn -0.3996 -0.4419 -0.8032
vn -0.3321 -0.6060 -0.7229
vn -0.3237 -0.5870 -0.7421
vn -0.3917 -0.4107 -0.8234
vn -0.2839 -0.9577 0.0476
vn -0.3945 -0.4120 -0.8214
vn -0.5840 -0.8108 -0.0379
vn -0.2860 -0.9565 0.0579
vn -0.2899 -0.9568 -0.0238
vn -0.5736 -0.8151 -0.0810
vn -0.2189 -0.1518 0.9639
vn -0.2091 -0.9716 0.1107
vn 0.3363 -0.4340 0.8358
vn -0.3653 -0.9271 0.0842
vn -0.3708 -0.9245 0.0887
vn 0.3324 -0.4340 0.8373
vn -0.3162 0.0500 0.9474
vn -0.3379 0.0381 0.9404
vn 0.3333 -0.4476 0.8298
vn 0.7882 0.2863 0.5448
vn 0.7578 0.3127 0.5727
vn 0.3254 -0.4425 0.8357
vn 0.9244 0.3713 0.0877
vn 0.9249 0.3691 0.0917
vn 0.3249 -0.4412 0.8365
vn 0.8223 -0.5264 0.2160
vn 0.3276 -0.4340 0.8392
vn -0.2227 -0.9650 0.1382
vn 0.8430 -0.4919 0.2178
vn -0.2153 -0.9667 0.1384
vn -0.0324 -0.9546 0.2961
vn 0.8459 -0.4927 0.2040
vn 0.8477 -0.4775 0.2309
vn -0.0313 -0.9523 0.3034
vn 0.9084 -0.4039 0.1081
vn -0.0325 -0.9520 0.3044
vn 0.1444 -0.9807 -0.1316
vn 0.9069 -0.4067 0.1099
vn 0.1447 -0.9806 -0.1321
vn 0.7971 -0.4602 -0.3910
vn 0.9069 -0.4072 0.1084
vn 0.8842 -0.4534 0.1126
vn 0.7797 -0.4904 -0.3893
vn 0.9250 0.2617 -0.2753
vn 0.7947 -0.4904 -0.3578
vn -0.2867 0.1718 -0.9425
vn 0.9344 0.2488 -0.2549
vn 0.9318 0.2581 -0.2552
vn -0.2860 0.1732 -0.9425
vn 0.4355 0.6883 -0.5801
vn 0.4517 0.6746 -0.5838
vn -0.2818 0.1676 -0.9447
vn 0.1723 0.8973 -0.4065
vn -0.2810 0.1684 -0.9448
vn -0.8445 0.3637 -0.3930
vn 0.1685 0.8970 -0.4086
vn 0.1688 0.8975 -0.4073
vn -0.8452 0.3646 -0.3909
vn 0.1383 0.9630 -0.2312
vn -0.8462 0.3597 -0.3930
vn -0.8607 0.4492 -0.2394
vn 0.1367 0.9627 -0.2334
vn 0.1352 0.9619 -0.2375
vn -0.8559 0.4410 -0.2701
vn -0.0335 0.9964 -0.0781
vn -0.8525 0.4407 -0.2812
vn -0.6274 0.4636 -0.6257
vn -0.0354 0.9962 -0.0790
vn -0.6361 0.4207 -0.6468
vn 0.1499 0.9143 -0.3763
vn -0.0381 0.9966 -0.0727
vn 0.1428 0.9092 -0.3912
vn 0.0783 0.7460 0.6614
vn -0.0628 0.9919 -0.1100
vn -0.0504 0.9909 -0.1252
vn 0.0818 0.7475 0.6592
vn 0.7816 0.2803 0.5572
vn 0.0818 0.7681 0.6351
vn -0.3338 0.0300 0.9422
vn 0.7877 0.2843 0.5466
vn 0.8235 -0.5199 0.2272
vn 0.8227 -0.5204 0.2289
vn 0.9253 0.2618 -0.2745
vn 0.9242 0.3700 0.0943
vn 0.9300 0.3532 0.1018
vn 0.9339 0.2359 -0.2687
vn 0.1465 0.8994 -0.4118
vn 0.4262 0.6769 -0.6001
vn 0.1464 0.8994 -0.4118
vn 0.1135 0.9651 -0.2362
vn 0.9300 0.3531 0.1017
vn 0.9312 0.3524 0.0931
vn 0.1147 0.9628 -0.2447
vn 0.7796 0.2671 0.5664
vn 0.1364 0.9572 -0.2552
vn -0.0399 0.9916 -0.1229
vn 0.7815 0.2811 0.5570
vn -0.5025 0.1638 0.8489
vn -0.3073 -0.6683 0.6775
vn 0.1136 0.0670 0.9913
vn -0.3798 -0.6605 0.6477
vn -0.0718 -0.7175 0.6928
vn 0.1141 0.0667 0.9912
vn -0.1200 -0.7068 0.6972
vn 0.5738 -0.7455 0.3390
vn 0.1084 0.0683 0.9918
vn 0.1094 0.0683 0.9916
vn 0.5711 -0.7400 0.3554
vn 0.6230 -0.5429 0.5631
vn 0.6088 -0.5446 0.5768
vn 0.5048 -0.7512 0.4252
vn 0.9291 -0.3691 0.0230
vn 0.4982 -0.7619 0.4139
vn 0.6875 -0.7261 -0.0057
vn 0.9299 -0.3676 0.0148
vn 0.9280 -0.3699 0.0450
vn 0.7036 -0.6993 0.1259
vn 0.7414 0.0414 -0.6698
vn 0.7074 -0.6957 0.1248
vn 0.5092 -0.7226 -0.4676
vn 0.7416 0.0415 -0.6696
vn 0.7491 0.0417 -0.6611
vn 0.5271 -0.7236 -0.4456
vn -0.0028 0.1044 -0.9945
vn 0.5220 -0.7309 -0.4396
vn -0.0640 -0.5018 -0.8626
vn -0.0056 0.1026 -0.9947
vn -0.0028 -0.5270 -0.8499
vn -0.2439 -0.1611 -0.9563
vn 0.0149 0.1061 -0.9942
vn -0.2297 -0.2275 -0.9463
vn -0.3175 0.1187 -0.9408
vn 0.0149 0.1060 -0.9943
vn -0.2851 -0.0057 -0.9585
vn -0.1141 0.6125 -0.7822
vn 0.0213 0.0889 -0.9958
vn -0.0155 0.5394 -0.8419
vn 0.0660 0.6416 -0.7642
vn 0.0042 0.0784 -0.9969
vn -0.0490 0.6259 -0.7784
vn 0.5130 0.5581 -0.6522
vn -0.0049 0.0812 -0.9967
vn -0.0114 0.0908 -0.9958
vn 0.4736 0.5888 -0.6550
vn 0.7567 -0.0109 -0.6537
vn 0.4788 0.5715 -0.6665
vn 0.9953 0.0791 -0.0559
vn 0.7286 0.0183 -0.6847
vn 0.7324 0.0392 -0.6797
vn 0.9902 0.1193 -0.0727
vn 0.9036 -0.4243 0.0583
vn 0.9909 0.1013 -0.0888
vn 0.8269 0.0844 0.5560
vn 0.9138 -0.4061 0.0047
vn 0.9122 -0.4087 0.0302
vn 0.8296 0.0348 0.5573
vn 0.6108 -0.5527 0.5669
vn 0.6108 -0.5554 0.5643
vn 0.8564 0.0004 0.5163
vn 0.1029 0.0607 0.9928
vn 0.8441 0.0383 0.5348
vn -0.0141 0.5389 0.8422
vn 0.1084 0.0555 0.9926
vn 0.1153 0.0573 0.9917
vn 0.0166 0.5484 0.8360
vn -0.5053 0.1433 0.8509
vn 0.0164 0.1716 0.9850
vn -0.6910 0.5541 0.4641
vn -0.7777 0.1013 0.6204
vn -0.7449 0.1032 0.6591
vn -0.6291 0.5680 0.5306
vn -0.9872 0.1536 0.0425
vn -0.9874 0.1524 0.0432
vn -0.6316 0.5564 0.5400
vn -0.8635 0.5029 0.0380
vn -0.8803 0.4719 0.0487
vn -0.6389 0.5220 0.5650
vn -0.9471 0.2903 -0.1368
vn -0.9453 0.2888 -0.1517
vn -0.6434 0.5482 0.5344
vn -0.6407 0.6849 0.3471
vn -0.6917 0.6669 0.2772
vn -0.7292 0.4716 0.4958
vn 0.1940 0.6270 0.7545
vn -0.6739 0.5706 0.4693
vn 0.0164 0.1718 0.9850
vn 0.1932 0.6293 0.7528
vn 0.4464 0.6475 0.6176
vn 0.3669 0.5351 0.7609
vn 0.6824 -0.3750 0.6275
vn 0.3934 0.4444 0.8049
vn 0.7468 -0.6339 0.2010
vn 0.6818 -0.3368 0.6494
vn 0.6655 -0.3719 0.6471
vn 0.7163 -0.6566 0.2362
vn 0.7653 -0.6382 -0.0843
vn 0.7213 -0.6495 0.2405
vn 0.6505 0.4762 -0.5917
vn 0.7673 -0.6370 -0.0743
vn 0.6578 0.4719 -0.5870
vn 0.4969 0.2621 -0.8273
vn 0.7658 -0.6394 -0.0683
vn 0.7787 -0.6235 -0.0705
vn 0.5060 0.2581 -0.8230
vn 0.2039 -0.9559 -0.2115
vn 0.2502 -0.9484 -0.1949
vn 0.5068 0.2552 -0.8234
vn 0.2993 0.1284 -0.9455
vn 0.3134 0.1042 -0.9439
vn 0.5318 0.2428 -0.8113
vn 0.2435 0.6790 -0.6926
vn 0.5260 0.2422 -0.8153
vn 0.2866 0.8704 -0.4004
vn 0.2517 0.6768 -0.6919
vn 0.2579 0.8658 -0.4288
vn 0.2939 0.9541 -0.0569
vn 0.2285 0.6543 -0.7209
vn 0.2344 0.6481 -0.7246
vn 0.3197 0.9462 -0.0497
vn 0.1992 0.9771 -0.0747
vn 0.1958 0.9749 -0.1060
vn 0.3060 0.9464 -0.1037
vn 0.3610 0.5258 0.7702
vn 0.3051 0.9467 -0.1033
vn 0.4419 0.6016 0.6654
vn 0.3607 0.5260 0.7702
vn 0.4301 0.6556 0.6206
vn 0.6811 -0.3763 0.6281
vn 0.3177 0.5776 0.7519
vn 0.3181 0.5769 0.7523
vn 0.6810 -0.3763 0.6281
vn 0.5209 -0.5931 0.6140
vn 0.6812 -0.3442 0.6462
vn 0.7772 -0.6221 -0.0948
vn 0.5131 -0.5671 0.6443
vn 0.5232 -0.5612 0.6413
vn 0.7774 -0.6226 -0.0897
vn 0.2145 -0.9450 -0.2471
vn -0.4265 0.8596 -0.2813
vn -0.4579 0.8271 0.3259
vn 0.3172 0.9379 0.1405
vn -0.4654 0.8270 0.3154
vn -0.1034 0.9024 0.4184
vn 0.3094 0.9457 0.1000
vn -0.1051 0.9062 0.4096
vn 0.2094 0.4730 0.8558
vn 0.3003 0.9503 0.0820
vn 0.1947 0.4786 0.8562
vn 0.8392 0.4027 0.3655
vn 0.2349 0.9669 0.0994
vn 0.2303 0.9649 0.1264
vn 0.8337 0.4023 0.3783
vn 0.4470 0.8669 -0.2206
vn 0.8351 0.4031 0.3743
vn 0.6640 0.4514 -0.5961
vn 0.4499 0.8653 -0.2211
vn 0.6697 0.4430 -0.5960
vn -0.2101 0.8197 -0.5329
vn 0.5173 0.8207 -0.2427
vn -0.2027 0.8166 -0.5404
vn -0.4234 0.8632 -0.2749
vn 0.4678 0.8570 -0.2163
vn 0.4778 0.8535 -0.2078
vn -0.4270 0.8628 -0.2707
vn 0.2807 0.9432 0.1779
vn 0.7091 -0.6967 -0.1085
vn 0.3240 -0.2319 -0.9172
vn 0.3883 0.3272 -0.8615
vn 0.3358 -0.2336 -0.9125
vn -0.1730 -0.8810 -0.4403
vn 0.4275 0.3243 -0.8438
vn -0.1730 -0.8809 -0.4405
vn 0.1703 0.3367 -0.9261
vn 0.4227 0.3254 -0.8459
vn 0.1639 0.3501 -0.9223
vn 0.3568 0.3990 -0.8447
vn 0.4183 0.3336 -0.8449
vn 0.4278 0.3240 -0.8438
vn 0.3740 0.3895 -0.8417
vn -0.2286 0.6999 -0.6767
vn 0.3511 0.3906 -0.8510
vn -0.0859 0.9962 0.0106
vn -0.1705 0.6706 -0.7220
vn -0.2062 0.6687 -0.7144
vn -0.0496 0.9974 0.0525
vn -0.5796 0.7618 -0.2895
vn -0.0670 0.9978 -0.0010
vn -0.7779 0.5952 0.2013
vn -0.5740 0.7603 -0.3043
vn -0.5119 0.8020 -0.3077
vn -0.7638 0.6075 0.2182
vn -0.8579 0.1652 0.4865
vn -0.7478 0.6313 0.2054
vn -0.8760 0.0931 0.4732
vn -0.8495 0.1713 0.4989
vn -0.8490 0.2100 0.4849
vn -0.8759 0.1007 0.4719
vn -0.8638 0.2189 0.4538
vn -0.8685 0.0879 0.4879
vn -0.7804 -0.3575 0.5130
vn -0.8423 0.2285 0.4882
vn -0.7853 -0.3452 0.5139
vn -0.5497 -0.7444 0.3791
vn -0.8588 0.1993 0.4720
vn -0.8727 0.1970 0.4467
vn -0.5515 -0.7440 0.3772
vn 0.0385 0.1217 0.9918
vn -0.5519 -0.7435 0.3778
vn -0.2001 -0.1815 0.9628
vn 0.0374 0.1216 0.9919
vn 0.0220 0.1197 0.9926
vn -0.2109 -0.1784 0.9611
vn 0.8943 -0.0115 0.4474
vn -0.2109 -0.1736 0.9620
vn 0.6213 -0.5287 0.5783
vn 0.9093 0.0204 0.4156
vn 0.8667 0.0249 0.4982
vn 0.6193 -0.5151 0.5926
vn 0.9416 0.2597 -0.2142
vn 0.6191 -0.5146 0.5933
vn 0.7026 -0.7020 -0.1166
vn 0.9416 0.2601 -0.2137
vn 0.7091 -0.6969 -0.1073
vn 0.3844 0.3428 -0.8572
vn 0.9481 0.2519 -0.1941
vn 0.3796 0.3302 -0.8642
vn -0.2191 0.6854 -0.6944
vn 0.9486 0.2499 -0.1943
vn 0.9465 0.2540 -0.1992
vn -0.2123 0.6881 -0.6939
vn 0.6682 0.4727 -0.5745
vn 0.6908 0.4337 -0.5786
vn -0.2313 0.6783 -0.6974
vn -0.2174 0.8283 -0.5163
vn -0.1784 0.6900 -0.7015
vn -0.5603 0.7834 -0.2690
vn -0.1662 0.8384 -0.5190
vn -0.1644 0.8353 -0.5246
vn -0.5535 0.7885 -0.2683
vn -0.3938 0.8823 -0.2579
vn -0.3936 0.8818 -0.2599
vn -0.5520 0.7885 -0.2713
vn -0.4371 0.8388 0.3247
vn -0.5547 0.7842 -0.2782
vn -0.8550 0.1698 0.4901
vn -0.4368 0.8396 0.3230
vn -0.4426 0.8472 0.2938
vn -0.8712 0.1576 0.4650
vn -0.0915 0.9100 0.4045
vn -0.0884 0.9094 0.4063
vn -0.8661 0.1546 0.4754
vn 0.2202 0.4841 0.8468
vn -0.8641 0.1962 0.4636
vn -0.8669 0.2121 0.4512
vn 0.2116 0.4972 0.8414
vn -0.8670 0.2129 0.4505
vn 0.0368 0.1291 0.9910
vn 0.2120 0.4972 0.8413
vn 0.1927 0.5044 0.8417
vn 0.0248 0.1275 0.9915
vn 0.8239 0.4455 0.3504
vn 0.0203 0.1249 0.9920
vn 0.8989 -0.0082 0.4381
vn 0.8311 0.4374 0.3435
vn 0.7997 0.4532 0.3938
vn 0.8753 -0.0198 0.4832
vn 0.6570 0.4613 -0.5963
vn 0.8826 -0.0247 0.4696
vn 0.9443 0.2451 -0.2195
vn 0.6590 0.4579 -0.5968
vn -0.6867 0.7230 -0.0759
vn -0.7412 0.4837 0.4655
vn -0.7006 0.7035 0.1190
vn -0.7065 0.6984 0.1145
vn -0.7957 0.4689 0.3834
vn -0.0563 0.7888 0.6120
vn -0.0565 0.7889 0.6119
vn -0.7925 0.4686 0.3904
vn -0.1656 0.6957 0.6990
vn -0.7981 0.4130 0.4387
vn -0.1181 0.1948 0.9737
vn -0.1521 0.6757 0.7213
vn -0.1348 0.1894 0.9726
vn 0.4802 0.1902 0.8563
vn -0.2365 0.6691 0.7046
vn -0.2302 0.6691 0.7067
vn 0.4788 0.1906 0.8570
vn 0.5217 0.5347 0.6648
vn 0.4927 0.5243 0.6945
vn 0.4696 0.1884 0.8625
vn 0.6501 0.7598 -0.0079
vn 0.4739 0.1908 0.8597
vn 0.7389 0.6735 -0.0205
vn 0.6563 0.7545 -0.0057
vn -0.7140 0.6885 0.1274
vn -0.0644 0.7821 0.6198
vn 0.1505 0.8869 -0.4368
vn 0.1631 0.8878 -0.4304
vn -0.0631 0.7822 0.6198
vn 0.5695 0.7819 0.2538
vn -0.0695 0.7911 0.6077
vn -0.2139 0.6934 0.6881
vn 0.5660 0.7868 0.2461
vn -0.2160 0.6937 0.6871
vn 0.5223 0.5633 0.6402
vn 0.5663 0.7866 0.2460
vn 0.5631 0.7890 0.2457
vn 0.4832 0.5779 0.6577
vn 0.6456 0.7637 0.0042
vn -0.1995 -0.8522 0.4836
vn -0.7576 0.1871 0.6254
vn -0.6321 -0.7286 0.2636
vn -0.6244 -0.7269 0.2858
vn -0.7462 0.1778 0.6415
vn -0.7218 -0.0955 -0.6855
vn -0.7230 -0.0931 -0.6846
vn -0.7497 0.1830 0.6359
vn -0.9402 0.3351 0.0603
vn -0.9444 0.3234 0.0599
vn -0.7560 0.1638 0.6338
vn -0.7023 0.7047 -0.1011
vn -0.6863 0.7200 -0.1027
vn -0.7539 0.1628 0.6365
vn -0.7776 0.4072 0.4791
vn -0.7943 0.4190 0.4399
vn -0.7585 0.1633 0.6308
vn -0.1196 0.1939 0.9737
vn -0.7562 0.1856 0.6275
vn -0.1981 -0.8524 0.4839
vn -0.1171 0.2164 0.9693
vn -0.2079 -0.8513 0.4817
vn 0.3586 -0.6608 0.6594
vn -0.1353 0.2241 0.9651
vn -0.1410 0.2243 0.9643
vn 0.3499 -0.6611 0.6637
vn 0.4812 0.2251 0.8472
vn 0.3410 -0.6522 0.6770
vn 0.7211 -0.5622 0.4049
vn 0.4512 0.2132 0.8666
vn 0.4622 0.2228 0.8583
vn 0.7226 -0.5679 0.3942
vn 0.7275 0.6861 -0.0044
vn 0.7195 -0.5561 0.4160
vn 0.7494 -0.6469 -0.1408
vn 0.7210 0.6929 0.0029
vn 0.7524 -0.6435 -0.1410
vn 0.9441 0.3284 -0.0293
vn 0.7286 0.6836 0.0433
vn 0.9422 0.3328 -0.0400
vn 0.5781 0.8110 -0.0893
vn 0.7467 0.6644 0.0311
vn 0.7542 0.6563 0.0219
vn 0.6416 0.7395 -0.2035
vn 0.6719 0.7390 0.0484
vn 0.6456 0.7618 0.0538
vn 0.5144 0.8455 -0.1433
vn 0.5629 0.7848 0.2592
vn 0.5581 0.8202 -0.1259
vn 0.0146 0.9831 -0.1823
vn 0.5645 0.7840 0.2582
vn 0.5650 0.7837 0.2582
vn 0.0132 0.9833 -0.1813
vn 0.1024 0.9126 -0.3959
vn 0.0423 0.9844 -0.1708
vn -0.3842 0.7988 -0.4629
vn 0.1734 0.9099 -0.3769
vn 0.1742 0.9091 -0.3785
vn -0.3853 0.7985 -0.4624
vn -0.7114 0.6903 0.1321
vn -0.7105 0.6906 0.1352
vn -0.3664 0.8089 -0.4598
vn -0.7045 0.7085 -0.0414
vn -0.7132 0.6995 -0.0457
vn -0.3780 0.7898 -0.4831
vn -0.9429 0.3268 0.0646
vn -0.3914 0.8029 -0.4496
vn -0.5331 0.6558 -0.5346
vn -0.9426 0.3276 0.0648
vn -0.5382 0.6547 -0.5307
vn -0.8165 0.0954 -0.5694
vn -0.9426 0.3276 0.0650
vn -0.9408 0.3322 0.0667
vn -0.7973 0.1721 -0.5786
vn -0.6925 -0.0819 -0.7168
vn -0.2923 0.3013 0.9076
vn 0.2681 -0.0739 0.9606
vn 0.5112 0.2329 0.8273
vn 0.5556 0.2274 0.7998
vn 0.2374 -0.0809 0.9680
vn 0.6107 0.3884 0.6901
vn 0.5852 0.4160 0.6960
vn 0.2236 -0.0689 0.9722
vn 0.6432 0.3343 0.6888
vn 0.2131 -0.0525 0.9756
vn 0.6019 -0.4626 0.6510
vn 0.6342 0.3331 0.6977
vn 0.5910 -0.4635 0.6602
vn 0.8155 -0.3435 0.4658
vn 0.6186 0.3383 0.7091
vn 0.8221 -0.3485 0.4503
vn 0.3232 0.5461 0.7729
vn 0.6228 0.3328 0.7081
vn 0.6363 0.3056 0.7083
vn 0.3461 0.5087 0.7883
vn 0.0914 0.2839 0.9545
vn 0.1177 0.2901 0.9497
vn 0.3464 0.5372 0.7691
vn 0.3351 -0.0041 0.9422
vn 0.3732 0.5465 0.7497
vn 0.4366 0.1603 0.8853
vn 0.3335 -0.0108 0.9427
vn 0.4349 0.2204 0.8731
vn 0.5273 0.1255 0.8404
vn 0.3565 0.0181 0.9341
vn 0.3233 -0.0029 0.9463
vn 0.4864 0.1035 0.8676
vn 0.4414 0.0230 0.8970
vn 0.4989 0.0850 0.8625
vn 0.5336 0.0043 0.8457
vn 0.4510 0.0097 0.8925
vn 0.5520 0.0118 0.8338
vn 0.5725 -0.0242 0.8196
vn 0.4702 0.0098 0.8825
vn 0.4804 0.0210 0.8768
vn 0.5801 -0.0114 0.8145
vn 0.6645 0.1395 0.7342
vn 0.5296 0.0106 0.8482
vn 0.4136 0.0682 0.9079
vn 0.6308 0.1609 0.7591
vn 0.4164 0.0661 0.9068
vn 0.4800 0.2425 0.8431
vn 0.6335 0.1535 0.7583
vn 0.6346 0.1355 0.7608
vn 0.4791 0.2349 0.8457
vn 0.6339 0.3476 0.6909
vn 0.4797 0.2346 0.8455
vn 0.5524 0.3657 0.7491
vn 0.6347 0.3468 0.6906
vn 0.6480 0.3350 0.6840
vn 0.5725 0.3443 0.7441
vn 0.1971 0.5911 0.7821
vn 0.5690 0.3400 0.7488
vn 0.6297 0.3031 0.7153
vn 0.1941 0.5929 0.7816
vn 0.6336 0.3109 0.7085
vn 0.0990 0.2890 0.9522
vn 0.2170 0.5882 0.7790
vn 0.2014 0.6034 0.7716
vn 0.0874 0.3061 0.9480
vn 0.4418 0.0519 0.8956
vn 0.0873 0.3029 0.9490
vn 0.3227 0.0012 0.9465
vn 0.4401 0.0367 0.8972
vn 0.2032 0.6066 0.7686
vn 0.4786 0.0688 0.8753
vn 0.6502 0.3555 0.6715
vn 0.4859 0.0301 0.8735
vn 0.6647 0.1447 0.7330
vn 0.6536 0.3503 0.6709
vn 0.2654 -0.0494 0.9629
vn -0.2020 0.3262 0.9235
vn -0.5745 0.4385 0.6911
vn -0.6206 0.4783 0.6213
vn -0.1952 0.2929 0.9360
vn -0.6987 0.2600 0.6665
vn -0.2123 0.3182 0.9239
vn -0.5316 0.0748 0.8437
vn -0.6903 0.2742 0.6695
vn -0.6873 0.2689 0.6748
vn -0.6057 0.0215 0.7954
vn -0.5741 0.2200 0.7887
vn -0.5820 0.2276 0.7807
vn -0.6108 0.0302 0.7912
vn -0.4956 -0.1276 0.8591
vn -0.6143 0.0264 0.7886
vn -0.5536 -0.0726 0.8296
vn -0.5024 -0.1283 0.8551
vn -0.5667 -0.0759 0.8204
vn -0.5454 -0.0802 0.8343
vn -0.5121 -0.1288 0.8492
vn -0.5016 -0.1476 0.8524
vn -0.5335 -0.1031 0.8395
vn -0.6948 -0.0174 0.7190
vn -0.5282 -0.0986 0.8434
vn -0.3405 0.3156 0.8857
vn -0.6816 -0.0080 0.7317
vn -0.3427 0.3175 0.8842
vn -0.3276 0.4109 0.8508
vn -0.6833 0.0096 0.7300
vn -0.3289 0.4115 0.8500
vn -0.6109 0.1778 0.7714
vn -0.6930 0.0189 0.7207
vn -0.6143 0.1782 0.7687
vn -0.7009 0.2644 0.6624
vn -0.7053 0.0159 0.7087
vn -0.7056 0.0004 0.7086
vn -0.7049 0.2557 0.6617
vn -0.7857 -0.0636 0.6153
vn -0.6834 0.2389 0.6899
vn -0.5523 0.3913 0.7361
vn -0.7709 -0.0848 0.6313
vn -0.5515 0.3900 0.7374
vn -0.6868 0.2637 0.6773
vn -0.7734 -0.0873 0.6278
vn -0.6867 0.2693 0.6752
vn -0.5705 0.2208 0.7911
vn -0.7454 -0.0444 0.6651
vn -0.7840 -0.0664 0.6172
vn -0.6007 0.2021 0.7735
vn -0.7040 -0.0035 0.7102
vn -0.5999 0.1902 0.7772
vn -0.5059 -0.1471 0.8500
vn -0.7029 -0.0091 0.7112
vn 0.0475 0.9977 0.0475
vn -0.3738 0.2528 0.8924
vn 0.9252 0.1882 0.3296
vn 0.9252 0.1882 0.3294
vn -0.3759 0.1880 0.9074
vn 0.4258 0.5482 0.7198
vn -0.3815 0.1975 0.9030
vn -0.2612 0.6926 0.6724
vn 0.4263 0.5479 0.7198
vn 0.4264 0.5476 0.7200
vn -0.3106 0.4475 0.8386
vn 0.6765 0.6427 0.3596
vn -0.3242 0.4481 0.8332
vn -0.2179 0.7576 0.6153
vn 0.6765 0.6428 0.3595
vn 0.6770 0.6406 0.3624
vn -0.2388 0.7194 0.6522
vn 0.6858 0.4845 0.5430
vn -0.2392 0.7195 0.6520
vn -0.1305 0.9879 0.0837
vn 0.6860 0.4837 0.5435
vn 0.6916 0.4825 0.5375
vn -0.0953 0.9945 0.0440
vn 0.5890 -0.0053 0.8081
vn -0.0748 0.9959 0.0514
vn -0.1917 0.9578 0.2143
vn 0.5870 0.0005 0.8096
vn 0.5828 -0.0059 0.8126
vn -0.2409 0.9450 0.2212
vn 0.3112 0.9413 0.1308
vn -0.2410 0.9450 0.2212
vn 0.5339 0.8453 -0.0215
vn 0.3109 0.9414 0.1310
vn 0.3835 0.9124 0.1433
vn 0.5874 0.8091 -0.0199
vn 0.3634 0.2330 0.9020
vn 0.5784 0.8157 -0.0137
vn 0.3832 0.9237 0.0019
vn 0.3636 0.2367 0.9010
vn 0.3593 0.2346 0.9033
vn 0.3709 0.9287 0.0000
vn 0.5700 0.7011 0.4284
vn 0.3719 0.9283 -0.0014
vn 0.5947 0.7426 0.3082
vn 0.5635 0.7082 0.4252
vn 0.5975 0.6804 0.4243
vn 0.6309 0.7116 0.3092
vn -0.2434 0.5947 0.7662
vn 0.6379 0.7122 0.2930
vn 0.1335 0.9572 0.2567
vn -0.2501 0.5909 0.7670
vn -0.2366 0.5928 0.7698
vn 0.2249 0.9112 0.3452
vn -0.4536 0.7779 -0.4349
vn 0.2213 0.9101 0.3505
vn -0.3016 0.4983 -0.8128
vn -0.4599 0.7768 -0.4302
vn -0.5192 0.7872 -0.3327
vn -0.2942 0.4852 -0.8234
vn -0.5336 0.8302 0.1615
vn -0.2997 0.5205 -0.7995
vn 0.1624 0.6713 -0.7231
vn -0.5335 0.8312 0.1564
vn -0.5353 0.8299 0.1571
vn 0.1532 0.6576 -0.7377
vn -0.4768 0.8317 0.2845
vn 0.1523 0.6573 -0.7380
vn 0.1661 0.9562 0.2412
vn -0.4764 0.8319 0.2845
vn -0.4730 0.8335 0.2855
vn 0.1725 0.9560 0.2371
vn -0.8558 0.3344 0.3947
vn 0.1792 0.9569 0.2286
vn 0.0915 0.7396 0.6668
vn -0.8600 0.3251 0.3934
vn -0.8584 0.3307 0.3922
vn 0.0323 0.8083 0.5880
vn -0.8602 0.0767 0.5042
vn 0.0148 0.8085 0.5882
vn 0.1863 0.3805 0.9058
vn -0.8594 0.0772 0.5055
vn -0.8605 0.0782 0.5034
vn 0.2079 0.4942 0.8441
vn -0.4428 -0.0068 0.8966
vn 0.2171 0.4809 0.8495
vn 0.1444 0.0012 0.9895
vn -0.4461 -0.0069 0.8950
vn -0.4471 0.0034 0.8945
vn 0.1417 0.0684 0.9875
vn -0.4410 0.8660 0.2355
vn 0.1327 0.0685 0.9888
vn 0.1741 0.2916 0.9405
vn -0.4411 0.8660 0.2355
vn -0.4485 0.8608 0.2407
vn 0.1743 0.2508 0.9522
vn -0.6970 0.3909 -0.6012
vn 0.1744 0.2507 0.9522
vn 0.0149 0.9373 -0.3482
vn -0.6969 0.3908 -0.6013
vn -0.7029 0.3971 -0.5901
vn 0.0158 0.9390 -0.3435
vn -0.8450 -0.1465 -0.5143
vn -0.1441 0.0579 -0.9879
vn -0.8449 -0.1462 -0.5146
vn -0.8466 -0.1405 -0.5134
vn -0.1413 0.0861 -0.9862
vn -0.5125 -0.7677 -0.3848
vn -0.1390 0.0864 -0.9865
vn -0.1867 -0.4212 -0.8875
vn -0.5113 -0.7688 -0.3841
vn -0.5339 -0.7443 -0.4013
vn -0.1884 -0.4049 -0.8947
vn -0.5084 -0.8604 0.0365
vn 0.0558 -0.9746 -0.2169
vn -0.5084 -0.8603 0.0365
vn -0.5101 -0.8595 0.0325
vn -0.0382 -0.9518 -0.3044
vn -0.6318 -0.7038 0.3248
vn -0.0533 -0.9564 -0.2872
vn 0.1109 -0.9898 -0.0900
vn -0.6290 -0.7076 0.3218
vn -0.6253 -0.7095 0.3252
vn 0.1428 -0.9872 -0.0713
vn 0.1423 -0.7706 0.6212
vn 0.1515 -0.9858 -0.0725
vn -0.0134 -0.9948 -0.1013
vn 0.1439 -0.7683 0.6237
vn 0.1445 -0.7685 0.6233
vn 0.0014 -0.9891 -0.1473
vn 0.3178 -0.7678 0.5563
vn -0.0275 -0.9851 -0.1695
vn 0.0503 -0.9919 0.1170
vn 0.3202 -0.7659 0.5575
vn 0.3212 -0.7656 0.5573
vn 0.0140 -0.9996 -0.0248
vn 0.8190 -0.5632 0.1098
vn -0.0954 -0.9952 -0.0211
vn 0.0100 -0.9998 -0.0156
vn 0.8195 -0.5625 0.1095
vn 0.8194 -0.5621 0.1118
vn -0.0129 -0.9939 0.1093
vn 0.8113 -0.3400 -0.4755
vn -0.0073 -0.9939 0.1098
vn 0.1725 -0.8632 -0.4744
vn 0.8113 -0.3408 -0.4751
vn 0.8171 -0.3461 -0.4611
vn 0.1549 -0.8882 -0.4326
vn 0.5503 0.0717 -0.8319
vn 0.1534 -0.8883 -0.4329
vn 0.2913 -0.1796 -0.9396
vn 0.5466 0.0755 -0.8340
vn 0.6161 0.0368 -0.7868
vn 0.3000 -0.2703 -0.9149
vn 0.5860 0.7361 -0.3387
vn 0.3242 -0.2577 -0.9102
vn 0.1268 0.4500 -0.8840
vn 0.5901 0.7326 -0.3392
vn 0.6057 0.7113 -0.3567
vn 0.1252 0.4204 -0.8986
vn 0.2380 0.1895 0.9526
vn 0.1254 0.4206 -0.8985
vn 0.0237 0.9952 0.0945
vn 0.2380 0.1893 0.9526
vn 0.0476 0.9978 0.0472
vn 0.9253 0.1882 0.3291
vn 0.2598 0.1978 0.9452
vn 0.2365 0.1907 0.9527
vn 0.9230 0.1914 0.3338
vn 0.5295 0.0499 -0.8468
vn 0.9229 0.1896 0.3352
vn 0.4222 0.5488 0.7215
vn 0.5281 0.0471 -0.8479
vn 0.5281 0.0479 -0.8478
vn 0.4223 0.5488 0.7215
vn 0.7943 -0.3632 -0.4870
vn 0.4221 0.5492 0.7212
vn 0.6729 0.6455 0.3612
vn 0.7987 -0.3490 -0.4902
vn 0.7983 -0.3500 -0.4901
vn 0.6728 0.6456 0.3613
vn 0.8091 -0.5775 0.1089
vn 0.6730 0.6463 0.3597
vn 0.6741 0.5076 0.5366
vn 0.8148 -0.5706 0.1026
vn 0.8141 -0.5709 0.1067
vn 0.6654 0.5119 0.5433
vn 0.3112 -0.7744 0.5509
vn 0.6847 0.5083 0.5224
vn 0.6638 -0.0473 0.7464
vn 0.3125 -0.7764 0.5473
vn 0.3132 -0.7798 0.5421
vn 0.6060 0.0281 0.7950
vn 0.1356 -0.7843 0.6053
vn 0.1229 -0.7834 0.6092
vn 0.5868 0.0254 0.8093
vn 0.0445 -0.2250 0.9733
vn 0.5121 0.1491 0.8459
vn 0.3305 0.9357 0.1234
vn 0.0415 -0.2461 0.9684
vn 0.3306 0.9356 0.1238
vn 0.3436 0.2562 0.9035
vn 0.0412 -0.2447 0.9687
vn 0.0848 -0.2518 0.9641
vn 0.3738 0.2385 0.8963
vn -0.7381 -0.1840 0.6491
vn -0.7384 -0.1837 0.6488
vn 0.3737 0.2386 0.8963
vn -0.5118 0.5629 0.6490
vn 0.3675 0.2297 0.9012
vn 0.5976 0.6902 0.4079
vn -0.5291 0.5151 0.6743
vn 0.5883 0.6980 0.4083
vn -0.2359 0.6203 0.7481
vn -0.5161 0.5570 0.6507
vn -0.4768 0.5495 0.6861
vn -0.2220 0.6041 0.7653
vn -0.5294 0.8343 0.1541
vn -0.2334 0.5925 0.7710
vn -0.4448 0.7807 -0.4389
vn -0.5466 0.8210 0.1650
vn -0.6897 0.3973 -0.6054
vn -0.8317 -0.1446 -0.5361
vn -0.4374 0.8678 0.2359
vn -0.4372 0.8678 0.2360
vn -0.8314 -0.1453 -0.5364
vn -0.4192 -0.0000 0.9079
vn -0.4255 -0.0034 0.9050
vn -0.8377 -0.1496 -0.5252
vn -0.8552 0.0673 0.5139
vn -0.8275 -0.1406 -0.5437
vn -0.4965 -0.7694 -0.4020
vn -0.8461 0.0886 0.5255
vn -0.8464 0.0957 0.5238
vn -0.4962 -0.7680 -0.4049
vn -0.8479 0.3463 0.4013
vn -0.4987 -0.7683 -0.4013
vn -0.4994 -0.8658 0.0313
vn -0.8448 0.3467 0.4076
vn -0.8432 0.3527 0.4057
vn -0.4996 -0.8657 0.0307
vn -0.9509 0.0536 0.3047
vn -0.9589 0.0498 0.2795
vn -0.4988 -0.8662 0.0294
vn -0.7102 -0.1676 0.6837
vn -0.4986 -0.8664 0.0291
vn -0.5975 -0.7374 0.3150
vn -0.7111 -0.1650 0.6835
vn -0.7441 -0.1644 0.6476
vn -0.6228 -0.7228 0.2994
vn 0.0940 -0.2314 0.9683
vn -0.6374 -0.7111 0.2965
vn 0.1701 -0.7767 0.6065
vn 0.0737 -0.2175 0.9733
vn -0.4603 0.8412 0.2837
vn -0.8541 0.2911 0.4311
vn -0.5272 0.8354 0.1551
vn -0.8485 0.2890 0.4434
vn -0.9590 0.0191 0.2829
vn -0.5280 0.8349 0.1552
vn -0.9604 0.0192 0.2780
vn -0.4769 0.5496 0.6859
vn -0.9622 0.0159 0.2718
vn -0.7174 -0.1907 0.6701
vn -0.4825 0.5547 0.6779
vn 0.9843 0.0269 0.1744
vn 0.0989 0.9863 0.1319
vn 0.0425 0.8282 0.5588
vn 0.0509 0.8276 0.5590
vn 0.2036 0.9726 0.1123
vn -0.7371 0.4526 0.5019
vn 0.2033 0.9740 0.0996
vn -0.4995 0.8212 0.2761
vn -0.7373 0.4525 0.5016
vn -0.7328 0.4579 0.5034
vn -0.4491 0.8521 0.2686
vn -0.7410 0.3280 0.5859
vn -0.4497 0.8517 0.2691
vn -0.9728 0.2301 0.0277
vn -0.7425 0.3274 0.5844
vn -0.7393 0.3233 0.5907
vn -0.9751 0.2203 0.0239
vn -0.6844 0.7288 0.0221
vn -0.9750 0.2148 0.0560
vn -0.6653 0.6777 -0.3133
vn -0.6866 0.7250 0.0546
vn -0.7185 0.6949 0.0297
vn -0.7304 0.5877 -0.3480
vn -0.2028 0.7486 0.6312
vn -0.7338 0.5879 -0.3405
vn -0.1617 0.9859 -0.0433
vn -0.2057 0.7517 0.6266
vn -0.2018 0.7556 0.6231
vn -0.1542 0.9861 -0.0612
vn -0.5518 0.5173 0.6542
vn -0.1545 0.9857 -0.0677
vn 0.0192 0.9586 0.2842
vn -0.5570 0.5107 0.6549
vn -0.5569 0.5207 0.6471
vn -0.0229 0.9643 0.2638
vn -0.1642 0.8835 0.4388
vn -0.0231 0.9641 0.2645
vn 0.5168 0.7694 0.3754
vn -0.1639 0.8832 0.4393
vn -0.1680 0.8765 0.4511
vn 0.5493 0.7295 0.4075
vn -0.8733 0.4250 -0.2383
vn 0.5501 0.7296 0.4063
vn -0.0325 0.9590 -0.2817
vn -0.8734 0.4247 -0.2383
vn -0.8759 0.4269 -0.2251
vn -0.0114 0.9695 -0.2450
vn -0.8997 0.1229 -0.4188
vn -0.0106 0.9695 -0.2449
vn -0.5341 0.2174 -0.8170
vn -0.9000 0.1223 -0.4185
vn -0.8997 0.1293 -0.4170
vn -0.4693 0.3337 -0.8176
vn -0.9955 -0.0623 -0.0714
vn -0.4534 0.3303 -0.8278
vn -0.7126 -0.1850 -0.6768
vn -0.9957 -0.0635 -0.0676
vn -0.9959 -0.0578 -0.0701
vn -0.6988 -0.0611 -0.7127
vn -0.9962 0.0840 0.0231
vn -0.6894 -0.0576 -0.7221
vn -0.7045 -0.1719 -0.6886
vn -0.9960 0.0853 0.0251
vn -0.7081 -0.2224 -0.6702
vn -0.8085 -0.1283 -0.5743
vn -0.9966 0.0783 0.0266
vn -0.9966 0.0783 0.0263
vn -0.8085 -0.1261 -0.5748
vn -0.8831 -0.4119 0.2249
vn -0.8902 -0.3993 0.2192
vn -0.7918 -0.0920 -0.6038
vn -0.7954 -0.0372 0.6050
vn -0.7904 -0.0908 -0.6058
vn -0.7483 -0.5834 0.3157
vn -0.7935 -0.0293 0.6079
vn -0.6749 -0.6609 0.3281
vn -0.7365 -0.5647 0.3723
vn -0.7850 -0.0310 0.6187
vn -0.7879 -0.0217 0.6154
vn -0.7014 -0.6108 0.3675
vn -0.6851 -0.5717 0.4514
vn -0.8059 -0.4518 0.3827
vn -0.8050 -0.5146 0.2953
vn -0.5413 -0.4315 0.7217
vn -0.7919 -0.5100 0.3358
vn -0.4403 -0.8040 0.3996
vn -0.5448 -0.4300 0.7199
vn -0.5599 -0.4258 0.7108
vn -0.5166 -0.7768 0.3602
vn -0.1084 -0.0895 0.9901
vn -0.5152 -0.7623 0.3918
vn 0.2853 -0.8101 0.5123
vn -0.1098 -0.0912 0.9898
vn 0.2374 -0.8306 0.5037
vn 0.4868 -0.6062 0.6289
vn -0.1123 -0.0931 0.9893
vn -0.1128 -0.0937 0.9892
vn 0.5034 -0.6054 0.6165
vn 0.2385 -0.0433 0.9702
vn 0.2513 -0.0328 0.9673
vn 0.5624 -0.5611 0.6074
vn 0.6204 -0.4223 0.6608
vn 0.5626 -0.5620 0.6063
vn 0.4288 -0.7180 0.5482
vn 0.6203 -0.4223 0.6610
vn 0.5924 -0.4184 0.6885
vn 0.3356 -0.7136 0.6149
vn 0.8268 -0.2564 0.5007
vn 0.3394 -0.7093 0.6179
vn 0.7389 -0.5844 0.3355
vn 0.8229 -0.2632 0.5036
vn 0.8160 -0.2657 0.5134
vn 0.6304 -0.6588 0.4105
vn 0.9346 -0.0066 -0.3558
vn 0.6323 -0.6955 0.3412
vn 0.8945 -0.4209 0.1506
vn 0.9335 -0.0081 -0.3584
vn 0.9105 0.1492 -0.3856
vn 0.8649 -0.4518 0.2189
vn 0.9582 0.0712 -0.2771
vn 0.8692 -0.4464 0.2126
vn 0.6057 0.0675 -0.7928
vn 0.9485 -0.0029 -0.3167
vn 0.9492 -0.0007 -0.3147
vn 0.6591 0.1524 -0.7364
vn 0.9623 -0.2718 -0.0052
vn 0.7619 0.0766 -0.6432
vn 0.5925 -0.0557 -0.8036
vn 0.9627 -0.2705 -0.0089
vn 0.9647 -0.2631 -0.0090
vn 0.5972 0.0075 -0.8020
vn 0.8677 0.3979 -0.2979
vn 0.5974 0.0074 -0.8019
vn 0.4898 -0.3053 -0.8167
vn 0.8677 0.3977 -0.2980
vn 0.8735 0.3895 -0.2919
vn 0.4897 -0.3386 -0.8035
vn 0.1208 0.9712 -0.2053
vn 0.4898 -0.3383 -0.8035
vn 0.1841 0.7664 -0.6154
vn 0.1213 0.9713 -0.2047
vn 0.1661 0.9549 -0.2461
vn 0.2275 0.7025 -0.6743
vn 0.4964 0.5493 0.6722
vn 0.2279 0.7028 -0.6739
vn -0.2543 0.9667 0.0293
vn 0.4966 0.5497 0.6718
vn 0.4967 0.5555 0.6669
vn -0.2162 0.9763 -0.0032
vn 0.1449 0.3447 0.9275
vn -0.2161 0.9764 -0.0037
vn -0.2602 0.8833 0.3900
vn 0.1452 0.3444 0.9275
vn 0.1406 0.3439 0.9284
vn -0.2714 0.8777 0.3950
vn 0.5233 0.7783 0.3469
vn -0.2714 0.8779 0.3946
vn 0.4337 0.8759 0.2115
vn 0.5222 0.7778 0.3498
vn 0.5306 0.7771 0.3386
vn 0.5006 0.8626 0.0731
vn 0.9317 -0.0024 0.3631
vn 0.4467 0.8947 -0.0006
vn 0.7024 0.6728 0.2324
vn 0.9319 -0.0060 0.3625
vn 0.9299 -0.0096 0.3676
vn 0.6639 0.6987 0.2665
vn 0.7557 0.0404 0.6537
vn 0.6722 0.7011 0.2379
vn 0.9651 -0.2399 0.1048
vn 0.7486 0.0497 0.6612
vn 0.7518 0.0531 0.6572
vn 0.9820 -0.1262 0.1406
vn 0.6269 0.6627 0.4097
vn 0.9877 -0.1323 0.0833
vn 0.9825 0.0641 0.1748
vn 0.6273 0.6627 0.4091
vn 0.9845 0.0251 0.1733
vn 0.0371 0.8282 0.5592
vn 0.6382 0.6495 0.4133
vn 0.6351 0.6614 0.3991
vn 0.0397 0.8398 0.5415
vn -0.1478 0.1667 0.9749
vn 0.0555 0.8398 0.5400
vn -0.7387 0.4530 0.4991
vn -0.1401 0.1612 0.9769
vn -0.7389 0.4561 0.4961
vn -0.7773 0.3154 0.5443
vn -0.1293 0.1682 0.9772
vn -0.1334 0.1768 0.9752
vn -0.7610 0.3337 0.5564
vn 0.0168 0.1808 0.9834
vn 0.0218 0.1825 0.9830
vn -0.7641 0.3294 0.5547
vn -0.7192 0.1180 0.6847
vn -0.6814 0.0949 0.7258
vn -0.7431 0.3276 0.5835
vn -0.8377 0.0950 0.5378
vn -0.7422 0.3334 0.5813
vn -0.6890 0.7244 0.0248
vn -0.8332 0.1024 0.5434
vn -0.8592 0.1010 0.5016
vn -0.6953 0.7183 0.0242
vn -0.4738 0.2172 0.8534
vn -0.6941 0.7196 0.0221
vn -0.1977 0.7647 0.6133
vn -0.4721 0.2104 0.8560
vn -0.2104 0.7635 0.6105
vn -0.5583 0.5235 0.6436
vn -0.4921 0.2047 0.8461
vn -0.4912 0.2042 0.8468
vn -0.5580 0.5226 0.6446
vn -0.7481 0.2058 0.6309
vn -0.7393 0.2496 0.6254
vn -0.5455 0.5355 0.6448
vn -0.9941 -0.0626 -0.0891
vn -0.9927 -0.0748 -0.0947
vn -0.5388 0.5286 0.6559
vn -0.8937 0.1245 -0.4310
vn -0.8936 0.1253 -0.4311
vn -0.5403 0.5292 0.6542
vn -0.8639 0.4347 -0.2544
vn -0.5432 0.5283 0.6526
vn -0.1549 0.8839 0.4412
vn -0.8633 0.4374 -0.2517
vn 0.4779 0.5650 0.6726
vn 0.1385 0.3462 0.9279
vn 0.1251 0.9669 -0.2225
vn 0.1242 0.9669 -0.2229
vn 0.1382 0.3460 0.9280
vn 0.8630 0.3979 -0.3111
vn 0.8630 0.3982 -0.3109
vn 0.9593 -0.2812 -0.0274
vn 0.9620 -0.2717 -0.0267
vn 0.1360 0.3478 0.9277
vn 0.7042 0.1670 0.6901
vn 0.7270 0.1256 0.6751
vn 0.1511 0.3480 0.9252
vn 0.1416 0.1222 0.9823
vn 0.1521 0.3518 0.9236
vn 0.5208 0.7879 0.3285
vn 0.1562 0.1278 0.9794
vn 0.5169 0.7913 0.3267
vn 0.9394 -0.0011 0.3427
vn 0.0895 0.1301 0.9875
vn 0.0875 0.1362 0.9868
vn 0.9377 0.0029 0.3476
vn 0.7254 0.1975 0.6594
vn 0.9186 0.0751 0.3880
vn 0.7409 0.0574 0.6692
vn 0.6954 0.1719 0.6978
vn 0.6959 0.1695 0.6978
vn 0.7419 0.0547 0.6683
vn 0.6028 0.2480 0.7584
vn 0.6257 0.2779 0.7289
vn 0.7789 0.0621 0.6241
vn -0.0202 0.1836 0.9828
vn -0.0160 0.1820 0.9832
vn 0.7765 0.0760 0.6256
vn -0.1462 0.1747 0.9737
vn 0.7901 0.0432 0.6114
vn 0.6279 0.6656 0.4033
vn -0.1476 0.1734 0.9737
vn 0.9624 -0.2703 -0.0279
vn 0.7152 0.1557 0.6813
vn 0.9425 0.0005 -0.3342
vn 0.9419 -0.0003 -0.3359
vn 0.7033 0.1349 0.6979
vn 0.7580 -0.0172 0.6520
vn 0.8082 -0.0234 0.5884
vn 0.7709 0.1337 0.6228
vn 0.4553 0.2223 0.8622
vn 0.4372 0.1706 0.8830
vn 0.7522 0.0976 0.6517
vn 0.4306 0.2216 0.8749
vn 0.4539 0.1935 0.8698
vn 0.7336 0.1031 0.6717
vn 0.6329 0.1553 0.7585
vn 0.6557 0.1202 0.7454
vn 0.7394 0.1004 0.6657
vn 0.7452 0.1101 0.6577
vn 0.7386 0.0998 0.6667
vn 0.0883 0.1174 0.9892
vn 0.7435 0.1084 0.6599
vn -0.9939 -0.0650 -0.0886
vn -0.9969 0.0784 0.0014
vn -0.7374 0.2916 0.6093
vn -0.6801 0.1973 0.7060
vn -0.9972 0.0743 -0.0016
vn -0.6900 0.1787 0.7014
vn -0.9972 0.0753 -0.0021
vn -0.8819 -0.4205 0.2134
vn -0.6873 0.1920 0.7005
vn -0.8816 -0.4205 0.2142
vn -0.7826 -0.1029 0.6140
vn -0.6940 0.1816 0.6967
vn -0.7582 0.1483 0.6349
vn -0.8057 -0.0858 0.5861
vn -0.3172 0.3534 0.8800
vn -0.3160 0.3558 0.8795
vn -0.8076 -0.0844 0.5837
vn -0.3339 0.5438 0.7699
vn -0.3354 0.5446 0.7687
vn -0.8116 -0.0812 0.5786
vn -0.4229 0.5703 0.7042
vn -0.4228 0.5704 0.7042
vn -0.8115 -0.0813 0.5787
vn -0.4277 0.2229 0.8760
vn -0.8070 -0.0019 0.5905
vn -0.7467 -0.5559 0.3654
vn -0.4668 0.2330 0.8531
vn -0.7398 -0.5503 0.3871
vn -0.5450 -0.4507 0.7070
vn -0.4505 0.2301 0.8626
vn -0.5049 0.2650 0.8215
vn -0.5518 -0.4493 0.7026
vn 0.2684 -0.0516 0.9619
vn -0.5506 -0.4476 0.7046
vn -0.1039 -0.1006 0.9895
vn 0.2647 -0.0534 0.9629
vn -0.4657 0.1950 0.8632
vn -0.7920 0.1737 0.5853
vn -0.8582 0.0846 0.5063
vn -0.8534 0.0793 0.5152
vn -0.7506 0.1562 0.6421
vn -0.6922 0.0666 0.7186
vn -0.6842 0.0172 0.7291
vn -0.8152 0.2151 0.5378
vn -0.3971 0.0254 0.9174
vn -0.3969 0.0276 0.9175
vn -0.7554 0.3074 0.5786
vn -0.3268 0.3561 0.8755
vn -0.7964 0.1693 0.5806
vn -0.7601 0.1493 0.6324
vn -0.3174 0.3540 0.8797
vn 0.9419 0.0008 -0.3359
vn 0.7648 0.0245 0.6439
vn 0.9321 -0.0143 -0.3618
vn 0.9310 -0.0169 -0.3646
vn 0.7676 -0.0042 0.6409
vn 0.7903 -0.3493 0.5034
vn 0.8087 -0.3454 0.4760
vn 0.7858 -0.0740 0.6140
vn 0.3194 0.5457 0.7747
vn 0.3177 0.5467 0.7747
vn 0.7965 -0.0528 0.6023
vn 0.3805 0.1940 0.9042
vn 0.7920 -0.0365 0.6094
vn 0.4769 0.1834 0.8596
vn 0.3804 0.1865 0.9058
vn 0.4505 0.2466 0.8581
vn 0.5654 0.2199 0.7950
vn 0.5467 0.1250 0.8279
vn 0.5079 0.1578 0.8468
vn 0.5277 0.2420 0.8142
vn 0.5585 0.0995 0.8235
vn 0.5248 0.2320 0.8190
vn 0.4706 0.2414 0.8487
vn 0.5460 0.0838 0.8336
vn 0.5250 0.0802 0.8473
vn 0.4661 0.2392 0.8518
vn 0.5408 0.0713 0.8381
vn 0.5372 0.0350 0.8428
vn 0.4665 0.2320 0.8536
vn 0.4148 0.0770 0.9066
vn 0.4851 0.1895 0.8537
vn 0.6474 0.2072 0.7335
vn 0.4290 0.0368 0.9026
vn 0.6497 0.2049 0.7321
vn -0.0219 0.1571 0.9873
vn 0.4280 0.0353 0.9031
vn 0.4451 0.0289 0.8950
vn -0.0404 0.1535 0.9873
vn 0.5298 0.2212 0.8188
vn 0.5111 0.2344 0.8269
vn -0.0425 0.0811 0.9958
vn -0.2916 0.3063 0.9062
vn -0.1768 0.2971 0.9383
vn 0.0264 0.1656 0.9858
vn -0.6237 -0.0068 0.7817
vn -0.6245 -0.0067 0.7810
vn 0.0272 0.1658 0.9858
vn -0.5601 -0.1298 0.8182
vn 0.0313 0.1691 0.9851
vn -0.7178 0.0805 0.6916
vn -0.5658 -0.1334 0.8137
vn -0.7288 0.0338 0.6839
vn -0.3945 0.0218 0.9186
vn -0.5394 -0.1388 0.8305
vn -0.5667 -0.0760 0.8204
vn -0.4108 0.0394 0.9109
vn -0.5454 -0.0803 0.8343
vn -0.5474 -0.0960 0.8314
vn -0.4169 0.0319 0.9084
vn -0.3565 0.3205 0.8776
vn -0.3601 0.3551 0.8627
vn -0.3553 0.3093 0.8821
vn -0.3601 0.3401 0.8687
vn -0.3391 0.4046 0.8493
vn -0.3544 0.5319 0.7691
vn -0.3346 0.4021 0.8523
vn -0.3515 0.5277 0.7733
vn -0.6148 0.1698 0.7702
vn -0.3551 0.5268 0.7723
vn -0.4639 0.5247 0.7138
vn -0.6156 0.1691 0.7697
vn -0.6137 0.1673 0.7716
vn -0.4469 0.5141 0.7321
vn -0.7033 0.2369 0.6702
vn -0.7044 0.2368 0.6692
vn -0.4505 0.5115 0.7317
vn -0.5801 0.3730 0.7241
vn -0.5981 0.4294 0.6766
vn -0.4441 0.5716 0.6900
vn 0.2664 -0.0530 0.9624
vn -0.4482 0.5728 0.6863
vn -0.5368 0.1908 0.8218
vn 0.2663 -0.0541 0.9624
vn 0.2423 -0.6223 -0.7443
vn 0.2443 -0.2087 -0.9470
vn -0.8958 -0.0608 -0.4403
vn -0.8878 -0.0479 -0.4578
vn 0.2306 -0.2313 -0.9451
vn 0.5443 0.5329 -0.6479
vn 0.2541 -0.2333 -0.9386
vn 0.6904 -0.2267 -0.6870
vn 0.5425 0.5263 -0.6548
vn 0.6720 -0.2262 -0.7052
vn 0.9698 -0.2305 -0.0800
vn 0.5302 0.5234 -0.6670
vn 0.5303 0.5234 -0.6670
vn 0.9697 -0.2307 -0.0803
vn 0.8735 0.4213 -0.2441
vn 0.9714 -0.2264 -0.0720
vn 0.9285 -0.2960 -0.2243
vn 0.8750 0.4257 -0.2306
vn 0.8750 0.4237 -0.2343
vn 0.9228 -0.3081 -0.2313
vn 0.7475 0.5055 -0.4308
vn 0.9271 -0.3029 -0.2206
vn 0.7132 -0.4159 -0.5643
vn 0.7473 0.5073 -0.4291
vn 0.7484 0.5046 -0.4304
vn 0.7128 -0.4127 -0.5671
vn 0.2177 0.0786 -0.9728
vn 0.2209 0.0840 -0.9717
vn 0.7413 -0.3927 -0.5443
vn -0.8588 -0.3940 -0.3273
vn -0.8584 -0.3948 -0.3275
vn 0.7407 -0.3949 -0.5436
vn -0.0017 -0.8955 -0.4451
vn 0.7072 -0.3911 -0.5891
vn 0.9548 -0.1799 -0.2368
vn -0.0080 -0.8880 -0.4597
vn 0.9548 -0.1798 -0.2368
vn 0.9753 -0.2094 -0.0705
vn -0.0089 -0.8874 -0.4610
vn 0.9749 -0.2094 -0.0763
vn -0.1437 -0.9432 0.2994
vn 0.9728 -0.2148 -0.0864
vn 0.6761 -0.2191 -0.7034
vn -0.1438 -0.9435 0.2985
vn -0.1419 -0.9437 0.2989
vn 0.6666 -0.2190 -0.7125
vn -0.1572 -0.7588 0.6321
vn 0.6959 -0.2094 -0.6870
vn 0.2388 -0.1697 -0.9561
vn -0.1576 -0.7599 0.6306
vn -0.1576 -0.7588 0.6319
vn 0.2263 -0.1985 -0.9536
vn 0.4772 -0.8297 -0.2896
vn 0.2311 -0.1928 -0.9536
vn 0.2010 -0.5993 -0.7749
vn 0.4909 -0.8278 -0.2716
vn 0.2889 -0.6016 -0.7447
vn 0.1764 -0.9454 -0.2740
vn 0.4949 -0.8185 -0.2917
vn 0.4869 -0.8155 -0.3129
vn 0.1678 -0.9422 -0.2900
vn 0.4744 -0.3488 0.8083
vn 0.1668 -0.9384 -0.3028
vn 0.5554 -0.4200 0.7177
vn 0.4783 -0.3574 0.8022
vn 0.4759 -0.3840 0.7913
vn 0.5536 -0.4378 0.7085
vn -0.0002 0.5531 0.8331
vn 0.5817 -0.4313 0.6897
vn 0.0265 0.3635 0.9312
vn 0.0143 0.5549 0.8318
vn 0.0205 0.5475 0.8365
vn 0.0381 0.3429 0.9386
vn -0.0158 0.9991 -0.0403
vn 0.0518 0.3619 0.9308
vn -0.6348 0.5001 0.5890
vn -0.0316 0.9990 -0.0317
vn -0.0233 0.9994 -0.0236
vn -0.6306 0.4881 0.6035
vn 0.5405 0.5194 -0.6619
vn -0.6183 0.5091 0.5987
vn -0.8838 -0.0485 -0.4653
vn 0.5292 0.5308 -0.6620
vn -0.0337 0.8263 0.5622
vn 0.3167 -0.2289 0.9205
vn 0.3184 -0.4883 0.8125
vn 0.2985 -0.1780 0.9377
vn 0.3943 -0.9143 0.0922
vn 0.3130 -0.4574 0.8324
vn 0.3099 -0.4600 0.8321
vn 0.3892 -0.9167 0.0909
vn 0.3607 -0.8176 -0.4487
vn 0.1257 -0.9461 -0.2985
vn 0.2042 -0.7382 0.6429
vn 0.1592 -0.9842 0.0779
vn 0.1566 -0.9847 0.0770
vn 0.1957 -0.7390 0.6447
vn 0.3189 -0.4594 0.8290
vn 0.3196 -0.4866 0.8130
vn 0.1898 -0.7812 0.5947
vn 0.1425 0.6662 0.7320
vn 0.1887 -0.7807 0.5957
vn 0.1235 0.7172 0.6858
vn 0.1378 0.6683 0.7310
vn 0.1474 0.6385 0.7554
vn 0.1293 0.7018 0.7005
vn 0.0349 0.9551 -0.2941
vn 0.1282 0.7017 0.7008
vn -0.0316 0.9547 -0.2958
vn 0.0333 0.9548 -0.2955
vn 0.0399 0.9662 -0.2545
vn -0.0342 0.9670 -0.2526
vn -0.0314 0.5293 -0.8479
vn -0.5928 0.7921 0.1454
vn -0.8529 0.2486 0.4592
vn -0.7810 0.5896 -0.2059
vn -0.7642 0.5993 -0.2384
vn -0.8497 0.2400 0.4695
vn -0.3771 0.8647 -0.3318
vn -0.8419 0.2490 0.4787
vn -0.8124 0.1188 0.5709
vn -0.3853 0.8642 -0.3235
vn -0.3751 0.8654 -0.3324
vn -0.8189 0.1158 0.5621
vn -0.9311 0.2694 -0.2461
vn -0.8132 0.1202 0.5695
vn -0.8622 -0.2917 0.4142
vn -0.9225 0.2824 -0.2631
vn -0.9272 0.2877 -0.2399
vn -0.8700 -0.2342 0.4339
vn -0.9578 -0.1536 -0.2428
vn -0.2610 -0.0930 -0.9609
vn -0.1649 0.2583 -0.9519
vn -0.8807 -0.4638 -0.0961
vn -0.8879 -0.4512 -0.0898
vn -0.1696 0.2582 -0.9511
vn -0.9620 -0.1474 -0.2300
vn -0.1710 0.2577 -0.9510
vn 0.0155 0.5688 -0.8223
vn -0.9611 -0.1490 -0.2324
vn -0.9603 -0.1613 -0.2277
vn 0.0243 0.5718 -0.8200
vn -0.9316 0.2870 -0.2231
vn 0.0250 0.5714 -0.8203
vn -0.1189 0.6968 -0.7073
vn -0.9323 0.2858 -0.2218
vn -0.9330 0.2757 -0.2315
vn -0.1092 0.6894 -0.7161
vn -0.3675 0.8912 -0.2660
vn -0.1088 0.6944 -0.7113
vn -0.3137 0.7793 -0.5424
vn -0.3782 0.8802 -0.2869
vn -0.3837 0.8852 -0.2632
vn -0.2363 0.7667 -0.5969
vn -0.7828 0.5923 -0.1910
vn -0.3227 0.7898 -0.5216
vn -0.5212 -0.3896 -0.7593
vn -0.7797 0.5971 -0.1886
vn -0.5232 -0.3842 -0.7607
vn -0.8080 -0.2418 -0.5372
vn -0.7815 0.5919 -0.1973
vn -0.7948 0.5707 -0.2062
vn -0.8064 -0.2435 -0.5390
vn -0.5636 0.8077 0.1730
vn -0.8009 -0.2445 -0.5466
vn -0.7368 -0.6204 0.2687
vn -0.5564 0.8212 0.1271
vn -0.7393 -0.6187 0.2657
vn -0.7904 -0.3497 0.5030
vn -0.5622 0.8197 0.1100
vn -0.5657 0.8154 0.1229
vn -0.7683 -0.3838 0.5122
vn -0.8463 0.2781 0.4544
vn -0.7978 -0.3533 0.4885
vn -0.8807 0.0946 0.4641
vn -0.8593 0.2609 0.4400
vn -0.8571 0.2608 0.4443
vn -0.8800 0.0955 0.4653
vn -0.8359 0.1385 0.5311
vn -0.8800 0.0954 0.4652
vn -0.7599 0.6243 0.1809
vn -0.8366 0.1379 0.5302
vn -0.8134 0.1080 0.5715
vn -0.7300 0.6595 0.1794
vn -0.8633 -0.2930 0.4109
vn -0.7403 0.6481 0.1787
vn -0.2597 0.6334 0.7289
vn -0.8625 -0.2955 0.4108
vn -0.2677 0.6345 0.7251
vn -0.9270 0.0183 0.3745
vn -0.8723 -0.2775 0.4027
vn -0.8718 -0.2602 0.4149
vn -0.9261 0.0220 0.3766
vn -0.9585 -0.1527 -0.2407
vn -0.9262 0.0208 0.3764
vn -0.8849 -0.4495 -0.1225
vn -0.9587 -0.1530 -0.2396
vn -0.0413 -0.7511 -0.6589
vn -0.0667 -0.4841 -0.8725
vn 0.0098 -0.8952 -0.4455
vn -0.0579 -0.4416 -0.8953
vn -0.2966 -0.8122 -0.5024
vn 0.0386 -0.9144 -0.4029
vn -0.2842 -0.7767 -0.5621
vn -0.2143 -0.9724 0.0924
vn 0.0380 -0.8850 -0.4641
vn -0.0077 -0.8986 -0.4386
vn -0.2007 -0.9770 0.0720
vn -0.0023 -0.9986 0.0524
vn -0.2145 -0.9752 0.0539
vn 0.0441 -0.7952 0.6047
vn -0.0254 -0.9996 -0.0096
vn 0.0150 -0.9997 -0.0206
vn 0.0481 -0.7928 0.6076
vn -0.0075 -0.9110 0.4122
vn 0.0273 -0.8078 0.5888
vn 0.5975 -0.2311 0.7678
vn -0.0059 -0.9295 0.3688
vn 0.5957 -0.2327 0.7688
vn 0.0589 -0.8621 0.5033
vn -0.0108 -0.9250 0.3797
vn 0.0975 -0.8521 0.5142
vn 0.0861 -0.7280 0.6801
vn 0.0184 -0.9152 0.4027
vn 0.0913 -0.7175 0.6906
vn 0.3683 -0.8281 0.4226
vn 0.0074 -0.9430 0.3327
vn 0.3596 -0.8245 0.4370
vn 0.0002 -1.0000 -0.0006
vn -0.0059 -0.9190 0.3943
vn 0.0188 -0.9233 0.3837
vn 0.0565 -0.9968 0.0559
vn 0.0409 -0.9992 0.0016
vn 0.0719 -0.9937 0.0860
vn 0.0728 -0.8781 -0.4729
vn 0.0696 -0.9971 0.0315
vn 0.0144 -0.9974 0.0704
vn 0.0774 -0.8544 -0.5139
vn 0.0343 -0.8635 -0.5032
vn 0.1247 -0.9121 -0.3905
vn -0.4401 -0.4121 -0.7978
vn 0.0527 -0.9377 -0.3433
vn 0.0578 -0.8844 -0.4632
vn -0.4320 -0.4165 -0.7999
vn -0.0274 -0.7445 -0.6671
vn 0.3729 -0.4608 -0.8054
vn 0.7019 0.5101 -0.4971
vn -0.2900 -0.3669 -0.8839
vn -0.2828 -0.3817 -0.8799
vn 0.7004 0.4907 -0.5183
vn -0.6515 0.4886 -0.5803
vn 0.6943 0.4911 -0.5260
vn 0.5587 0.6845 0.4682
vn -0.6246 0.4995 -0.6003
vn -0.6412 0.4747 -0.6029
vn 0.5693 0.6643 0.4844
vn 0.1290 0.9195 -0.3714
vn 0.5719 0.6762 0.4644
vn -0.0688 0.6367 0.7681
vn 0.1431 0.9154 -0.3762
vn 0.1363 0.9125 -0.3856
vn -0.0701 0.6264 0.7763
vn 0.0665 0.7529 0.6547
vn -0.0620 0.6349 0.7701
vn -0.3665 -0.8006 0.4741
vn 0.0797 0.7598 0.6453
vn 0.0925 0.7626 0.6403
vn -0.3634 -0.7928 0.4893
vn -0.3106 0.0276 0.9501
vn -0.3675 -0.7799 0.5067
vn -0.0592 -0.9566 -0.2852
vn -0.3159 0.0474 0.9476
vn -0.3147 0.0506 0.9479
vn -0.0685 -0.9617 -0.2653
vn -0.3446 -0.9365 0.0647
vn -0.0830 -0.9686 -0.2344
vn 0.4039 -0.4212 -0.8120
vn -0.3629 -0.9266 0.0984
vn 0.3914 -0.4374 -0.8096
vn -0.2781 -0.3461 -0.8960
vn -0.3600 -0.9274 0.1020
vn -0.3604 -0.9272 0.1021
vn -0.2795 -0.3458 -0.8957
vn -0.2007 -0.9667 0.1585
vn -0.2859 -0.3407 -0.8957
vn -0.7217 -0.2868 -0.6301
vn -0.2045 -0.9662 0.1568
vn -0.1957 -0.9698 0.1458
vn -0.7010 -0.2934 -0.6500
vn -0.0092 -0.9527 0.3038
vn -0.7096 -0.2971 -0.6389
vn -0.9441 -0.3295 -0.0055
vn -0.0003 -0.9543 0.2990
vn -0.0004 -0.9505 0.3108
vn -0.9444 -0.3280 0.0208
vn 0.1686 -0.9776 -0.1262
vn -0.9444 -0.3281 0.0208
vn -0.8357 -0.5134 -0.1951
vn 0.1686 -0.9776 -0.1261
vn -0.5830 -0.5860 -0.5627
vn 0.1686 -0.9776 -0.1260
vn 0.1615 -0.9805 -0.1120
vn -0.6049 -0.5935 -0.5309
vn 0.8065 -0.4700 -0.3586
vn 0.8042 -0.4750 -0.3572
vn -0.6011 -0.6027 -0.5248
vn -0.2847 0.1796 -0.9416
vn -0.2794 0.1735 -0.9444
vn -0.5743 -0.6129 -0.5427
vn -0.8266 0.3970 -0.3989
vn -0.5749 -0.6139 -0.5409
vn -0.8139 -0.5510 -0.1842
vn -0.8257 0.4013 -0.3965
vn -0.8255 0.3986 -0.3995
vn -0.8130 -0.5518 -0.1859
vn -0.8278 0.5018 -0.2508
vn -0.8149 -0.5494 -0.1850
vn -0.9299 -0.3665 0.0326
vn -0.8272 0.5059 -0.2446
vn -0.8248 0.4982 -0.2675
vn -0.9254 -0.3785 0.0187
vn -0.6230 0.4835 -0.6149
vn -0.9257 -0.3779 0.0192
vn -0.7036 -0.3067 -0.6410
vn -0.6227 0.4836 -0.6151
vn -0.6456 0.4832 -0.5914
vn -0.7187 -0.3051 -0.6248
vn -0.2936 -0.3822 -0.8762
vn -0.4161 -0.1110 -0.9025
vn -0.2272 -0.2929 -0.9288
vn -0.2267 -0.1274 -0.9656
vn -0.3087 -0.1714 -0.9356
vn -0.3127 -0.2692 -0.9109
vn -0.3458 -0.1206 -0.9305
vn -0.3457 -0.1245 -0.9301
vn -0.3110 -0.2727 -0.9104
vn -0.4349 -0.4206 -0.7962
vn -0.3018 -0.2724 -0.9136
vn -0.6704 -0.1638 -0.7237
vn -0.4243 -0.3969 -0.8139
vn -0.3838 -0.4168 -0.8240
vn -0.6602 -0.1613 -0.7336
vn -0.5539 -0.8317 -0.0388
vn 0.0184 -0.0916 -0.9956
vn -0.3450 0.0003 -0.9386
vn -0.3729 -0.2210 -0.9012
vn -0.3644 -0.3090 -0.8785
vn -0.3420 0.0127 -0.9396
vn -0.2885 -0.3084 -0.9065
vn -0.2803 -0.2903 -0.9150
vn -0.3405 0.0032 -0.9402
vn -0.7060 -0.1732 -0.6867
vn -0.3468 -0.0043 -0.9379
vn -0.8631 0.2849 -0.4171
vn -0.6715 -0.1824 -0.7182
vn -0.8496 0.2622 -0.4576
vn -0.8663 0.4188 0.2723
vn -0.6591 -0.1798 -0.7302
vn -0.6557 -0.1823 -0.7327
vn -0.8636 0.4316 0.2606
vn -0.9759 -0.0089 0.2182
vn -0.9813 -0.0121 0.1921
vn -0.8768 0.4376 0.1991
vn -0.8523 -0.1481 0.5017
vn -0.9148 0.3563 0.1901
vn -0.5534 0.5841 0.5938
vn -0.8499 -0.1397 0.5081
vn -0.6007 0.5525 0.5778
vn -0.1976 0.5130 0.8353
vn -0.8540 -0.1343 0.5026
vn -0.1991 0.5186 0.8315
vn -0.4484 0.0595 0.8918
vn -0.8552 -0.1478 0.4968
vn -0.4738 0.0915 0.8758
vn -0.5758 -0.4397 0.6893
vn -0.8559 -0.1141 0.5043
vn -0.8559 -0.1140 0.5045
vn -0.5751 -0.4401 0.6896
vn -0.9793 0.0068 0.2023
vn -0.5506 -0.4758 0.6859
vn -0.5578 -0.8270 -0.0708
vn -0.9791 0.0206 0.2022
vn -0.9782 0.0059 0.2074
vn -0.5586 -0.8294 0.0024
vn -0.6620 -0.1650 -0.7311
vn -0.4544 0.5316 -0.7148
vn -0.3201 0.2412 -0.9162
vn -0.3890 -0.4547 -0.8012
vn -0.4136 -0.4559 -0.7881
vn -0.3977 0.2221 -0.8902
vn -0.3908 -0.1524 -0.9078
vn -0.3718 -0.1481 -0.9164
vn -0.4012 0.2139 -0.8907
vn -0.3348 -0.2333 -0.9129
vn -0.3870 0.2231 -0.8947
vn -0.0640 0.0990 -0.9930
vn -0.4102 -0.2849 -0.8663
vn -0.3894 0.5152 0.7635
vn -0.6157 0.4647 0.6363
vn -0.5455 0.3635 0.7552
vn -0.5215 0.3239 0.7894
vn -0.5990 0.4547 0.6591
vn -0.5898 0.8072 -0.0215
vn -0.6078 0.4481 0.6556
vn -0.8535 0.5174 0.0617
vn -0.5839 0.8108 -0.0409
vn -0.5899 0.8061 0.0472
vn -0.8420 0.5271 0.1148
vn -0.4461 0.4948 -0.7458
vn -0.8111 0.5677 0.1410
vn -0.6661 0.5725 -0.4781
vn -0.4500 0.5052 -0.7364
vn -0.6842 0.5905 -0.4280
vn -0.3104 0.5285 -0.7902
vn -0.4146 0.5427 -0.7305
vn -0.4515 0.5405 -0.7099
vn -0.3197 0.5361 -0.7813
vn -0.3002 0.1799 -0.9367
vn -0.4205 0.1854 -0.8881
vn -0.3397 0.5293 -0.7775
vn -0.0847 0.0233 -0.9961
vn -0.3345 0.5337 -0.7767
vn -0.0745 0.6413 -0.7637
vn -0.0373 0.0533 -0.9979
vn 0.9401 0.0933 0.3278
vn 0.0473 0.4692 0.8818
vn 0.4411 0.4212 0.7925
vn 0.4220 0.3968 0.8152
vn 0.0883 0.4645 0.8812
vn -0.2108 0.5151 0.8308
vn -0.2062 0.5107 0.8347
vn 0.1156 0.4760 0.8718
vn -0.4810 0.0664 0.8742
vn 0.1275 0.4876 0.8637
vn -0.1970 0.2501 0.9480
vn -0.4907 0.0446 0.8702
vn -0.2072 0.2717 0.9398
vn -0.0491 -0.1849 0.9815
vn -0.4920 0.0890 0.8661
vn -0.4967 0.1129 0.8605
vn 0.0351 -0.1997 0.9792
vn -0.5884 -0.4888 0.6441
vn -0.5753 -0.4946 0.6515
vn 0.0174 -0.2144 0.9766
vn -0.5463 0.3556 0.7583
vn 0.0188 -0.2105 0.9774
vn -0.1141 0.2825 0.9525
vn -0.5410 0.3546 0.7626
vn -0.5397 0.3845 0.7489
vn -0.1009 0.2618 0.9598
vn -0.3806 0.5201 0.7646
vn -0.1528 0.2572 0.9542
vn -0.2870 0.3320 0.8986
vn -0.3973 0.4911 0.7752
vn -0.3930 0.4574 0.7977
vn -0.2789 0.3166 0.9066
vn -0.6225 0.4412 0.6464
vn -0.2898 0.3047 0.9073
vn -0.7327 -0.0729 0.6766
vn -0.6234 0.4500 0.6394
vn -0.6039 0.4551 0.6543
vn -0.7209 -0.0773 0.6887
vn -0.8286 0.5576 0.0504
vn -0.7082 -0.0900 0.7002
vn -0.9999 -0.0092 0.0066
vn -0.8324 0.5483 0.0801
vn -0.9983 -0.0182 0.0556
vn -0.6313 0.2675 -0.7279
vn -0.8302 0.5461 0.1120
vn -0.8114 0.5655 0.1476
vn -0.6410 0.2640 -0.7207
vn -0.6663 0.5717 -0.4787
vn -0.7093 0.5551 -0.4344
vn -0.6568 0.2454 -0.7130
vn -0.3154 0.5004 -0.8063
vn -0.6561 0.2592 -0.7088
vn 0.0719 0.4015 -0.9130
vn -0.3456 0.5056 -0.7905
vn 0.0726 0.4048 -0.9115
vn 0.2110 0.8289 -0.5182
vn -0.3439 0.5039 -0.7924
vn -0.3531 0.5226 -0.7761
vn 0.1829 0.8339 -0.5207
vn -0.0828 0.6591 -0.7475
vn -0.3461 -0.0013 -0.9382
vn 0.0255 -0.1185 -0.9926
vn 0.5844 0.4140 -0.6979
vn 0.0276 -0.1018 -0.9944
vn 0.8352 0.2619 -0.4835
vn 0.5886 0.3768 -0.7153
vn 0.5508 0.3978 -0.7338
vn 0.8352 0.2524 -0.4886
vn 0.9902 -0.0216 -0.1380
vn 0.8365 0.2744 -0.4743
vn 0.9460 0.1776 -0.2711
vn 0.9908 -0.0173 -0.1343
vn 0.9891 -0.0212 -0.1459
vn 0.9334 0.1639 -0.3192
vn 0.3656 0.4414 0.8194
vn 0.9265 0.1890 -0.3254
vn 0.9371 0.0988 0.3347
vn 0.3739 0.4473 0.8125
vn -0.1393 -0.9895 -0.0396
vn -0.0545 -0.9967 0.0603
vn 0.0044 -0.4639 0.8859
vn 0.0043 -0.4621 0.8868
vn -0.0582 -0.9964 0.0608
vn -0.0120 -0.3508 0.9364
vn -0.0174 -0.3499 0.9366
vn -0.0672 -0.9959 0.0608
vn 0.1471 -0.5808 0.8007
vn -0.0727 -0.9955 0.0614
vn 0.0930 -0.9755 -0.1995
vn 0.1402 -0.5837 0.7998
vn 0.3727 0.5868 0.7189
vn 0.5224 -0.5923 0.6134
vn -0.0020 -0.4763 0.8793
vn -0.0018 -0.4621 0.8868
vn 0.5397 -0.5700 0.6196
vn -0.1440 -0.9888 -0.0384
vn 0.5321 -0.5768 0.6198
vn 0.2262 -0.9426 -0.2456
vn -0.1411 -0.9890 -0.0444
vn -0.8486 -0.5147 -0.1226
vn -0.7101 -0.4011 0.5787
vn -0.9864 0.1590 0.0427
vn -0.9863 0.1594 0.0429
vn -0.7090 -0.3996 0.5810
vn -0.7391 0.1479 0.6572
vn -0.7707 0.1499 0.6193
vn -0.7452 -0.3911 0.5401
vn 0.0162 0.1724 0.9849
vn -0.7391 -0.3994 0.5424
vn -0.0559 -0.4741 0.8787
vn 0.0163 0.1723 0.9849
vn -0.0688 -0.4733 0.8782
vn 0.6997 -0.4549 0.5510
vn 0.0149 0.1724 0.9849
vn 0.6996 -0.4549 0.5510
vn 0.7486 0.1903 0.6351
vn 0.0149 0.1723 0.9849
vn 0.7556 0.1548 0.6365
vn 0.7473 0.4938 0.4447
vn 0.0149 0.1715 0.9851
vn 0.0149 0.1717 0.9850
vn 0.7392 0.5076 0.4426
vn 0.1797 0.6334 0.7526
vn 0.7638 0.4517 0.4610
vn 0.7370 0.6086 0.2940
vn 0.1774 0.6264 0.7590
vn 0.6988 0.7141 0.0413
vn -0.0580 0.8344 0.5482
vn 0.7352 0.6014 0.3129
vn 0.7370 0.6072 0.2967
vn -0.0541 0.8422 0.5364
vn 0.1770 0.6256 0.7598
vn 0.1943 0.6268 0.7546
vn -0.0062 0.8439 0.5365
vn -0.6952 0.6608 0.2830
vn -0.0020 0.8344 0.5512
vn -0.6471 0.7042 -0.2920
vn -0.6986 0.6349 0.3298
vn -0.6392 0.6830 0.3536
vn -0.6370 0.7129 -0.2931
vn -0.9476 0.2830 -0.1482
vn -0.9420 0.2803 -0.1847
vn -0.6361 0.7154 -0.2889
vn -0.9584 0.0465 -0.2818
vn -0.6336 0.7198 -0.2838
vn -0.9265 -0.2478 -0.2833
vn -0.9625 0.0357 -0.2688
vn 0.8302 -0.5573 0.0097
vn 0.9791 0.2019 -0.0228
vn 0.6828 -0.4548 0.5718
vn 0.6824 -0.4543 0.5727
vn 0.9788 0.2035 -0.0226
vn 0.7271 0.1866 0.6607
vn 0.7290 0.1601 0.6655
vn 0.9839 0.1767 -0.0268
vn 0.6910 0.5211 0.5010
vn 0.9853 0.1693 -0.0247
vn 0.8778 0.3915 -0.2758
vn 0.6956 0.5043 0.5118
vn 0.6983 0.4853 0.5262
vn 0.8787 0.3901 -0.2753
vn 0.6950 0.6428 0.3221
vn 0.8788 0.3861 -0.2804
vn 0.9713 0.1757 -0.1601
vn 0.7118 0.6184 0.3330
vn 0.9710 0.1757 -0.1621
vn 0.9940 0.1090 -0.0029
vn 0.7111 0.6197 0.3321
vn 0.7146 0.6206 0.3227
vn 0.9957 0.0924 -0.0037
vn 0.6623 0.7464 0.0652
vn 0.9935 0.1129 0.0151
vn 0.9935 0.1129 0.0150
vn 0.6678 0.7404 0.0769
vn 0.8843 -0.4662 0.0245
vn 0.9977 0.0187 0.0658
vn 0.5728 -0.5687 0.5902
vn 0.5798 -0.5573 0.5944
vn 0.9971 0.0203 0.0728
vn 0.7195 -0.1446 0.6793
vn 0.9979 -0.0169 0.0632
vn 0.6896 0.2587 0.6764
vn 0.7196 -0.1761 0.6717
vn 0.7408 -0.1732 0.6490
vn 0.7280 0.2756 0.6278
vn -0.0359 -0.0893 0.9954
vn 0.7258 0.2634 0.6354
vn 0.1781 0.1710 0.9690
vn -0.0260 -0.0968 0.9950
vn 0.1974 0.2025 0.9592
vn -0.6352 0.4400 0.6347
vn -0.0030 -0.0893 0.9960
vn -0.0041 -0.0902 0.9959
vn -0.6430 0.4270 0.6358
vn -0.7232 0.1334 0.6777
vn -0.6905 0.1405 0.7096
vn -0.5868 0.3979 0.7053
vn -0.9710 0.1994 0.1320
vn -0.5888 0.3980 0.7035
vn -0.8175 0.5711 0.0751
vn -0.9707 0.1993 0.1342
vn -0.7743 0.5807 0.2515
vn -0.6428 0.6484 -0.4080
vn -0.9666 0.2054 0.1533
vn -0.6369 0.6585 -0.4008
vn -0.6838 0.3982 -0.6114
vn -0.9658 0.2066 0.1566
vn -0.6896 0.4221 -0.5884
vn -0.5748 -0.2023 -0.7929
vn -0.9609 0.2322 0.1512
vn -0.5765 -0.2124 -0.7890
vn -0.9646 -0.2190 -0.1471
vn -0.9631 0.2188 0.1565
vn -0.9632 -0.2023 -0.1768
vn -0.5951 -0.5025 0.6272
vn -0.9626 0.2364 0.1326
vn -0.9627 0.2364 0.1316
vn -0.5957 -0.5038 0.6256
vn -0.6843 0.1789 0.7069
vn -0.7079 0.1801 0.6829
vn -0.6238 -0.5048 0.5968
vn 0.0063 -0.0716 0.9974
vn -0.6338 -0.4839 0.6035
vn 0.0477 -0.6197 0.7834
vn -0.0087 -0.0609 0.9981
vn -0.0737 -0.6068 0.7914
vn 0.6344 -0.5540 0.5390
vn -0.0259 -0.0660 0.9975
vn -0.0253 -0.0659 0.9975
vn 0.6348 -0.5518 0.5409
vn 0.7401 -0.1417 0.6574
vn -0.1078 0.5929 -0.7980
vn -0.0895 0.2578 -0.9621
vn -0.6723 0.6438 -0.3655
vn -0.6709 0.6459 -0.3643
vn -0.0874 0.2576 -0.9623
vn -0.7179 0.3972 -0.5717
vn -0.7035 0.4222 -0.5716
vn -0.0828 0.2771 -0.9573
vn -0.5929 -0.2165 -0.7756
vn -0.0918 0.2770 -0.9565
vn 0.0845 -0.2537 -0.9636
vn -0.5950 -0.2023 -0.7779
vn 0.0482 -0.2270 -0.9727
vn 0.1134 -0.4678 -0.8765
vn -0.5893 -0.1960 -0.7837
vn 0.1109 -0.4726 -0.8743
vn -0.1987 -0.2623 -0.9443
vn -0.5902 -0.2042 -0.7810
vn -0.0847 -0.2161 -0.9727
vn -0.8074 -0.5574 -0.1934
vn -0.5769 -0.1959 -0.7929
vn -0.5753 -0.1967 -0.7939
vn -0.7760 -0.5967 -0.2041
vn -0.9725 -0.1861 -0.1401
vn -0.7756 -0.5527 -0.3049
vn -0.4266 -0.8165 0.3890
vn -0.9655 -0.1976 -0.1694
vn -0.9667 -0.1950 -0.1656
vn -0.4068 -0.8069 0.4282
vn -0.6122 -0.4725 0.6341
vn -0.6331 -0.4791 0.6079
vn -0.4770 -0.7974 0.3696
vn 0.0386 -0.5725 0.8190
vn -0.4870 -0.7858 0.3812
vn 0.0974 -0.8376 0.5375
vn -0.0287 -0.5625 0.8263
vn -0.0628 -0.5864 0.8076
vn 0.0266 -0.8374 0.5460
vn 0.6340 -0.5277 0.5653
vn 0.0296 -0.8322 0.5536
vn 0.5936 -0.6779 0.4337
vn 0.6249 -0.5227 0.5799
vn 0.4477 -0.7272 0.5203
vn 0.8990 -0.3928 0.1938
vn 0.5976 -0.5253 0.6057
vn 0.5730 -0.5691 0.5897
vn 0.8798 -0.4631 0.1074
vn 0.8840 -0.4668 0.0252
vn 0.8706 -0.4341 0.2315
vn 0.5657 -0.6366 -0.5242
vn 0.8820 -0.4640 0.0820
vn 0.5609 -0.6198 -0.5489
vn 0.6191 -0.4331 -0.6551
vn 0.8904 -0.4451 0.0951
vn 0.8789 -0.4696 0.0838
vn 0.6139 -0.4536 -0.6460
vn 0.9949 0.0111 0.1007
vn 0.6158 -0.4435 -0.6513
vn 0.5945 0.1972 -0.7796
vn 0.9956 0.0175 0.0923
vn 0.5950 0.1787 -0.7836
vn 0.3616 0.5984 -0.7149
vn 0.9963 -0.0114 0.0848
vn 0.3574 0.6116 -0.7058
vn 0.9175 0.3620 -0.1650
vn 0.9957 -0.0088 0.0921
vn 0.9972 -0.0177 0.0720
vn 0.9123 0.3568 -0.2011
vn 0.7018 0.2547 0.6653
vn -0.8159 0.0998 -0.5695
vn -0.5236 0.6653 -0.5322
vn -0.9262 -0.1111 -0.3603
vn -0.4956 0.6852 -0.5338
vn -0.6968 0.4402 -0.5663
vn -0.9275 -0.1198 -0.3541
vn -0.9244 -0.1209 -0.3619
vn -0.6970 0.4294 -0.5742
vn -0.4298 0.8517 -0.2997
vn -0.5194 0.8114 -0.2680
vn -0.7102 0.4177 -0.5667
vn 0.0198 0.7474 -0.6641
vn 0.0225 0.7539 -0.6566
vn -0.7115 0.4146 -0.5674
vn 0.4418 0.5982 -0.6686
vn 0.4379 0.6070 -0.6632
vn -0.7107 0.4303 -0.5566
vn -0.6596 0.3878 -0.6439
vn -0.6933 0.4369 -0.5731
vn -0.5897 0.0104 -0.8076
vn -0.5965 0.3637 -0.7155
vn -0.6698 0.3311 -0.6647
vn -0.6009 0.0079 -0.7993
vn 0.2104 0.2629 -0.9416
vn 0.2110 0.2653 -0.9408
vn -0.6039 0.0047 -0.7970
vn 0.3028 0.1552 -0.9403
vn -0.6094 0.0228 -0.7925
vn -0.5722 -0.2806 -0.7706
vn 0.3026 0.1589 -0.9398
vn 0.3051 0.1581 -0.9391
vn -0.5620 -0.2783 -0.7789
vn 0.5530 -0.0792 -0.8294
vn -0.9257 -0.1124 -0.3613
vn -0.4105 0.8445 -0.3440
vn -0.6645 0.3979 -0.6326
vn -0.6853 0.3963 -0.6110
vn -0.4579 0.8459 -0.2735
vn 0.2352 -0.5958 -0.7679
vn -0.4452 0.8508 -0.2791
vn 0.0205 0.7703 -0.6373
vn 0.2354 -0.5962 -0.7676
vn 0.0764 0.9778 -0.1953
vn -0.7230 0.6036 -0.3359
vn -0.3778 0.7954 -0.4739
vn -0.3732 0.8000 -0.4699
vn -0.6863 0.6499 -0.3265
vn -0.4915 0.6841 -0.5389
vn -0.4875 0.6900 -0.5349
vn -0.7009 0.6465 -0.3013
vn -0.6690 0.4308 -0.6057
vn -0.6929 0.4379 -0.5729
vn -0.6980 0.6401 -0.3212
vn -0.5895 0.0101 -0.8077
vn -0.7063 0.6267 -0.3293
vn -0.9597 0.2015 -0.1959
vn -0.5895 0.0202 -0.8075
vn -0.5859 0.0191 -0.8102
vn -0.9612 0.1985 -0.1915
vn -0.5357 -0.2763 -0.7980
vn -0.9604 0.1993 -0.1946
vn -0.9994 0.0248 -0.0245
vn -0.5344 -0.2723 -0.8002
vn -0.9993 0.0269 -0.0254
vn -0.5536 0.0254 -0.8324
vn -0.5348 -0.2701 -0.8006
vn -0.5734 -0.2617 -0.7763
vn -0.5804 0.0305 -0.8138
vn 0.5525 -0.0769 -0.8299
vn 0.5535 -0.0802 -0.8290
vn -0.5843 0.0105 -0.8115
vn 0.3423 -0.1665 -0.9247
vn -0.5817 0.0076 -0.8134
vn -0.5957 0.2512 -0.7629
vn 0.3391 -0.1671 -0.9258
vn 0.3412 -0.1662 -0.9252
vn -0.5963 0.2563 -0.7607
vn 0.2099 0.0639 -0.9756
vn 0.2108 0.0653 -0.9753
vn -0.5961 0.2570 -0.7607
vn -0.5104 0.1721 -0.8426
vn -0.5316 0.2437 -0.8112
vn -0.9986 -0.0237 0.0464
vn -0.4947 0.1692 -0.8524
vn -0.2076 -0.8437 0.4950
vn -0.6484 -0.7031 0.2919
vn 0.3497 -0.6406 0.6836
vn 0.3498 -0.6406 0.6836
vn -0.6485 -0.7031 0.2918
vn 0.7288 -0.5469 0.4120
vn 0.7547 -0.6406 -0.1416
vn -0.7273 -0.0938 -0.6799
vn 0.7547 -0.6406 -0.1415
vn -0.8120 0.1094 -0.5733
vn 0.7434 -0.6562 -0.1293
vn -0.8121 0.1094 -0.5732
vn -0.9261 -0.1094 -0.3610
vn 0.4579 -0.7187 -0.5232
vn -0.6696 0.4063 -0.6217
vn 0.4578 -0.7187 -0.5233
vn 0.2356 -0.5938 -0.7694
vn -0.7456 -0.6094 0.2697
vn -0.8089 -0.2344 -0.5392
vn -0.7956 -0.3281 0.5093
vn -0.7956 -0.3282 0.5092
vn 0.0000 -1.0000 -0.0000
vn -0.5252 -0.3750 -0.7639
vn -0.0001 -1.0000 0.0000
vn -0.5251 -0.3750 -0.7639
vn -0.1770 -0.8750 -0.4506
vn 0.0003 -1.0000 0.0001
vn -0.1770 -0.8750 -0.4507
vn 0.3322 -0.2187 -0.9175
vn 0.3322 -0.2188 -0.9175
vn 0.0394 -0.9845 -0.1710
vn 0.1655 -0.9847 -0.0548
vn 0.3323 -0.2188 -0.9175
vn 0.6358 -0.5000 0.5880
vn 0.7175 -0.6875 -0.1116
vn 0.0001 -1.0000 -0.0000
vn -0.1426 -0.9845 0.1022
vn -0.7956 -0.3282 0.5093
vn -0.1450 -0.9845 0.0987
vn -0.5598 -0.7344 0.3838
vn -0.5598 -0.7344 0.3839
vn -0.1303 -0.9845 0.1175
vn -0.2054 -0.1719 0.9635
vn 0.1346 -0.9845 0.1126
vn -0.2053 -0.1719 0.9635
vn 0.1737 -0.9616 0.2124
vn -0.1333 -0.5724 -0.8090
vn 0.1284 -0.8742 -0.4682
vn 0.1391 -0.8639 -0.4840
vn -0.0792 -0.5775 -0.8126
vn -0.4016 -0.2934 -0.8675
vn -0.0815 -0.6123 -0.7865
vn -0.5661 0.1322 -0.8137
vn -0.3528 -0.3691 -0.8598
vn -0.3902 -0.3655 -0.8451
vn -0.5850 0.1233 -0.8016
vn -0.5429 0.5317 -0.6501
vn -0.5655 0.1053 -0.8180
vn -0.4187 0.8927 -0.1666
vn -0.5487 0.4775 -0.6863
vn -0.5476 0.4764 -0.6879
vn -0.4059 0.8979 -0.1704
vn -0.4256 0.9029 0.0607
vn -0.4089 0.8665 -0.2862
vn -0.4459 0.7627 0.4684
vn -0.4248 0.9046 -0.0350
vn -0.4240 0.9050 -0.0352
vn -0.4453 0.7631 0.4685
vn -0.3927 0.4018 0.8272
vn -0.4442 0.8004 0.4025
vn -0.1048 -0.4371 0.8933
vn -0.3998 0.4341 0.8073
vn -0.4023 0.4299 0.8083
vn -0.1060 -0.4386 0.8924
vn 0.0327 -0.6772 0.7350
vn 0.0263 -0.6672 0.7444
vn -0.1148 -0.4167 0.9018
vn 0.1252 -0.8626 -0.4901
vn -0.1122 -0.4159 0.9025
vn 0.1886 -0.9659 0.1773
vn 0.1258 -0.8624 -0.4903
vn 0.0959 -0.9935 0.0619
vn 0.1291 -0.3943 -0.9098
vn 0.0672 -0.9743 -0.2151
vn 0.0543 -0.9704 -0.2355
vn 0.1141 -0.3876 -0.9148
vn 0.0768 -0.5529 -0.8297
vn 0.1216 -0.4389 -0.8903
vn 0.2679 0.6049 -0.7499
vn 0.0924 -0.5758 -0.8124
vn 0.0924 -0.5764 -0.8119
vn 0.2679 0.6045 -0.7502
vn -0.0004 0.6430 -0.7658
vn -0.6666 -0.4756 -0.5739
vn -0.5467 -0.8371 -0.0206
vn 0.7886 -0.5367 -0.3000
vn -0.5523 -0.8332 -0.0286
vn -0.1760 -0.9447 -0.2767
vn 0.7934 -0.5337 -0.2927
vn 0.7910 -0.5243 -0.3152
vn -0.1769 -0.9423 -0.2843
vn 0.3687 -0.9122 -0.1790
vn -0.1827 -0.9375 -0.2961
vn -0.0172 -0.7965 -0.6044
vn 0.4242 -0.8896 -0.1692
vn 0.4237 -0.8893 -0.1719
vn -0.0178 -0.7972 -0.6034
vn 0.4585 0.0783 -0.8852
vn 0.4583 0.0755 -0.8856
vn -0.0125 -0.8008 -0.5988
vn 0.3928 -0.4229 -0.8166
vn -0.0119 -0.8016 -0.5978
vn -0.3987 -0.8611 -0.3156
vn 0.3927 -0.4232 -0.8165
vn -0.3979 -0.8612 -0.3162
vn 0.3513 -0.8317 -0.4299
vn -0.4008 -0.8653 -0.3010
vn -0.1097 0.9938 -0.0180
vn 0.3372 -0.8311 -0.4422
vn 0.3399 -0.8364 -0.4301
vn -0.1202 0.9926 -0.0151
vn 0.4542 -0.1246 -0.8821
vn -0.1406 0.9899 -0.0149
vn 0.8523 0.5228 0.0176
vn 0.4560 -0.1262 -0.8810
vn 0.4564 -0.1238 -0.8811
vn 0.8462 0.5327 0.0144
vn 0.5729 0.7674 -0.2879
vn 0.8350 0.5500 0.0187
vn 0.4343 -0.8841 -0.1726
vn 0.5651 0.7747 -0.2837
vn 0.5650 0.7747 -0.2838
vn 0.4346 -0.8839 -0.1730
vn 0.3398 -0.2846 -0.8964
vn 0.4451 -0.8791 -0.1703
vn -0.6574 -0.7534 -0.0133
vn 0.3578 -0.2774 -0.8917
vn 0.3560 -0.2763 -0.8927
vn -0.6602 -0.7509 -0.0186
vn -0.6052 -0.3832 -0.6978
vn -0.6334 -0.7734 -0.0257
vn -0.9410 0.3372 -0.0297
vn -0.5891 -0.3948 -0.7051
vn -0.5938 -0.3924 -0.7024
vn -0.9414 0.3357 -0.0321
vn -0.5666 0.2721 -0.7778
vn -0.5669 0.2571 -0.7827
vn -0.9460 0.3229 -0.0283
vn 0.0166 0.9991 0.0395
vn 0.0153 0.9995 0.0272
vn -0.9462 0.3217 -0.0361
vn -0.8253 0.0622 0.5613
vn -0.9409 0.3372 -0.0316
vn -0.6314 -0.7748 -0.0323
vn -0.8176 0.0910 0.5685
vn -0.8196 0.0967 0.5647
vn -0.6287 -0.7762 -0.0466
vn -0.3071 -0.6464 0.6984
vn -0.3147 -0.6349 0.7056
vn -0.6634 -0.7468 -0.0464
vn 0.3541 -0.7697 0.5312
vn -0.6628 -0.7472 -0.0495
vn 0.4442 -0.8786 -0.1753
vn 0.3535 -0.7711 0.5296
vn 0.4342 -0.8836 -0.1752
vn 0.8356 0.5491 0.0149
vn 0.3188 -0.7843 0.5322
vn 0.3190 -0.7852 0.5307
vn 0.8350 0.5500 0.0140
vn 0.7189 0.0345 0.6942
vn 0.7218 0.0286 0.6915
vn 0.8567 0.5157 0.0059
vn -0.0563 -0.8657 0.4974
vn 0.8521 0.5231 0.0163
vn -0.1412 0.9899 -0.0161
vn -0.0542 -0.8621 0.5039
vn -0.1483 0.9888 -0.0151
vn -0.1408 -0.6716 0.7274
vn -0.0576 -0.8597 0.5075
vn -0.1328 -0.6762 0.7247
vn 0.4756 -0.1411 0.8683
vn -0.0504 -0.8717 0.4874
vn -0.0672 -0.8698 0.4888
vn 0.4600 -0.1397 0.8768
vn -0.3171 -0.6467 0.6937
vn -0.2962 -0.6711 0.6797
vn 0.4795 -0.1393 0.8664
vn -0.8328 0.0958 0.5452
vn -0.8403 0.0697 0.5376
vn 0.4794 -0.1452 0.8655
vn -0.3442 0.7306 0.5897
vn 0.4600 -0.1296 0.8784
vn -0.3353 0.1281 0.9333
vn -0.3451 0.7230 0.5985
vn -0.3459 0.7260 0.5945
vn -0.3476 0.1615 0.9236
vn -0.8886 -0.0482 -0.4561
vn -0.8807 -0.0050 -0.4736
vn -0.3336 0.1264 0.9342
vn 0.2427 -0.6195 -0.7465
vn -0.3369 0.1263 0.9330
vn -0.4801 -0.7412 -0.4692
vn 0.2445 -0.6206 -0.7450
vn 0.2728 -0.5957 -0.7554
vn -0.5159 -0.7210 -0.4626
vn 0.1794 -0.9454 -0.2723
vn 0.1829 -0.9416 -0.2828
vn -0.5057 -0.7001 -0.5040
vn -0.1158 -0.7963 -0.5938
vn -0.5571 -0.6848 -0.4698
vn -0.3996 -0.8806 -0.2546
vn -0.1005 -0.8003 -0.5911
vn -0.4032 -0.8726 -0.2757
vn 0.0382 -0.8167 -0.5758
vn -0.0839 -0.8179 -0.5692
vn 0.0544 -0.8200 -0.5697
vn -0.1722 -0.9478 -0.2683
vn -0.0731 -0.8335 -0.5476
vn -0.1543 -0.7570 -0.6350
vn -0.1777 -0.9482 -0.2635
vn -0.2106 -0.9659 -0.1504
vn -0.2181 -0.9619 -0.1649
vn -0.1831 -0.9429 -0.2782
vn -0.0003 -0.9850 0.1728
vn -0.1654 -0.9428 -0.2893
vn -0.5466 -0.8339 -0.0770
vn 0.0011 -0.9851 0.1721
vn -0.0014 -0.9852 0.1714
vn -0.5538 -0.8320 -0.0331
vn 0.6829 -0.2559 0.6843
vn -0.5555 -0.8307 -0.0360
vn 0.4949 -0.6649 0.5594
vn 0.6845 -0.2610 0.6807
vn 0.4625 -0.6936 0.5523
vn 0.7757 0.1544 0.6119
vn 0.6499 -0.2934 0.7011
vn 0.6779 -0.2992 0.6716
vn 0.8249 0.1099 0.5544
vn 0.3549 0.2369 0.9044
vn 0.3472 0.2090 0.9142
vn 0.8123 0.0863 0.5768
vn 0.6897 0.7224 -0.0500
vn 0.7900 0.1095 0.6033
vn 0.4629 0.5793 -0.6710
vn 0.6896 0.7230 -0.0410
vn 0.6205 0.5760 -0.5322
vn 0.7668 0.2863 -0.5745
vn 0.6907 0.7219 -0.0416
vn 0.6890 0.7235 -0.0431
vn 0.7812 0.3839 -0.4923
vn 0.5608 0.7569 -0.3357
vn 0.5540 0.7552 -0.3503
vn 0.7246 0.3161 -0.6125
vn 0.3684 0.5717 -0.7331
vn 0.7251 0.3352 -0.6015
vn 0.9077 0.3335 -0.2548
vn 0.3705 0.5742 -0.7301
vn 0.3718 0.5702 -0.7325
vn 0.9052 0.2763 -0.3230
vn 0.6098 -0.0028 -0.7926
vn 0.9270 0.2523 -0.2776
vn 0.7871 -0.5392 -0.2995
vn 0.6116 -0.0053 -0.7912
vn 0.7818 -0.5538 -0.2866
vn 0.3881 -0.9088 -0.1530
vn 0.6014 0.0097 -0.7989
vn 0.3972 -0.9047 -0.1541
vn 0.4732 0.0873 -0.8766
vn 0.6235 0.0028 -0.7818
vn 0.6232 0.0041 -0.7820
vn 0.4714 0.0894 -0.8774
vn 0.5231 0.1137 -0.8447
vn 0.4482 0.0851 -0.8899
vn 0.3870 -0.4245 -0.8185
vn 0.5137 0.1133 -0.8505
vn 0.5026 0.1154 -0.8568
vn 0.3874 -0.4289 -0.8161
vn 0.4524 -0.0023 -0.8918
vn 0.4815 0.0015 -0.8765
vn 0.3968 -0.4265 -0.8128
vn -0.1928 0.1442 -0.9706
vn 0.3931 -0.4232 -0.8163
vn 0.3513 -0.8338 -0.4259
vn -0.1725 0.0967 -0.9803
vn 0.3423 -0.8415 -0.4180
vn 0.4420 -0.1014 -0.8913
vn -0.1825 0.0995 -0.9782
vn -0.1692 0.1048 -0.9800
vn 0.4589 -0.1237 -0.8798
vn -0.5691 0.2794 -0.7734
vn -0.5784 0.2807 -0.7659
vn 0.4642 -0.1245 -0.8769
vn -0.6117 -0.3997 -0.6827
vn 0.4520 -0.1143 -0.8846
vn 0.5673 0.7732 -0.2834
vn -0.6035 -0.3934 -0.6936
vn -0.6033 -0.3984 -0.6909
vn 0.5692 0.7738 -0.2781
vn 0.3577 -0.3087 -0.8813
vn -0.8850 -0.0473 -0.4631
vn -0.6268 0.5042 0.5941
vn -0.3429 0.7265 0.5954
vn -0.3487 0.7247 0.5944
vn -0.6357 0.4902 0.5963
vn 0.1367 0.7581 0.6377
vn -0.6498 0.4717 0.5961
vn 0.0448 0.3324 0.9421
vn 0.1724 0.7418 0.6480
vn 0.0747 0.7722 0.6309
vn 0.0161 0.3270 0.9449
vn 0.4008 0.1938 0.8954
vn 0.3976 0.2474 0.8836
vn 0.0249 0.3626 0.9316
vn 0.7021 -0.2620 0.6621
vn 0.0252 0.3624 0.9317
vn 0.5863 -0.4354 0.6831
vn 0.7019 -0.2611 0.6627
vn 0.6836 -0.2563 0.6834
vn 0.5585 -0.4100 0.7211
vn -0.0015 -0.9852 0.1712
vn 0.5559 -0.4214 0.7166
vn 0.1760 -0.9355 -0.3065
vn -0.0014 -0.9847 0.1742
vn -0.0009 -0.9847 0.1740
vn 0.1823 -0.9326 -0.3116
vn -0.2333 -0.9560 -0.1777
vn 0.2056 -0.9331 -0.2952
vn -0.1318 -0.7933 -0.5944
vn -0.2420 -0.9563 -0.1641
vn 0.7261 0.0347 0.6867
vn -0.0672 -0.8740 0.4813
vn 0.3362 -0.7949 0.5052
vn -0.0659 -0.8755 0.4788
vn -0.3255 -0.6524 0.6844
vn 0.3422 -0.7928 0.5043
vn 0.4236 0.1828 0.8872
vn 0.6907 0.7214 -0.0491
vn 0.1350 0.7720 0.6211
vn 0.1488 0.7256 0.6718
vn 0.6932 0.7191 -0.0489
vn 0.2448 0.9593 0.1406
vn 0.6926 0.7197 -0.0491
vn 0.5731 0.7390 -0.3543
vn 0.2146 0.9664 0.1412
vn 0.2063 0.9583 0.1978
vn 0.5814 0.7341 -0.3507
vn 0.4001 0.7951 -0.4558
vn 0.5839 0.7329 -0.3492
vn 0.3858 0.5584 -0.7344
vn 0.4061 0.7921 -0.4557
vn 0.3865 0.8152 -0.4313
vn 0.3956 0.5788 -0.7131
vn 0.5247 0.1066 -0.8446
vn 0.3928 0.5804 -0.7134
vn 0.6233 -0.0048 -0.7820
vn 0.5256 0.1071 -0.8440
vn 0.5055 0.1012 -0.8568
vn 0.4600 -0.0114 -0.8878
vn 0.3693 0.8214 -0.4347
vn 0.3691 0.8256 -0.4267
vn 0.4672 -0.0147 -0.8840
vn 0.0387 0.7912 -0.6103
vn 0.0535 0.7922 -0.6079
vn 0.4768 -0.0024 -0.8790
vn -0.6088 0.2563 -0.7508
vn 0.4731 -0.0020 -0.8810
vn -0.1728 0.0872 -0.9811
vn -0.5737 0.2566 -0.7778
vn -0.8276 0.0609 0.5580
vn -0.3325 0.7205 0.6086
vn 0.0145 0.9996 0.0234
vn -0.3541 0.7196 0.5973
vn 0.1073 0.7109 0.6951
vn -0.0105 0.9999 0.0109
vn 0.1260 0.7359 0.6653
vn 0.1538 0.9741 0.1658
vn -0.0221 0.9995 0.0222
vn -0.0243 0.9988 0.0433
vn 0.1729 0.9652 0.1961
vn 0.0390 0.7827 -0.6211
vn 0.1790 0.9663 0.1851
vn 0.3319 0.8210 -0.4645
vn 0.0371 0.7859 -0.6172
vn 0.1036 0.9733 -0.2050
vn 0.0335 0.6073 0.7938
vn -0.3170 0.8920 -0.3224
vn -0.3166 0.8915 -0.3241
vn 0.0339 0.6082 0.7931
vn -0.3791 0.7409 0.5544
vn 0.0350 0.6227 0.7817
vn 0.0708 -0.5532 0.8301
vn -0.3680 0.7751 0.5135
vn -0.3638 0.7833 0.5040
vn 0.0684 -0.5461 0.8349
vn -0.2135 -0.1757 0.9610
vn 0.1263 -0.9913 -0.0381
vn -0.0654 -0.2571 -0.9642
vn -0.3086 -0.9507 0.0309
vn -0.3138 -0.9483 0.0466
vn -0.0624 -0.2614 -0.9632
vn -0.3389 -0.5847 -0.7371
vn -0.0570 -0.2749 -0.9598
vn -0.0332 0.6391 -0.7684
vn -0.3291 -0.6072 -0.7232
vn -0.3300 -0.6059 -0.7239
vn -0.0285 0.6395 -0.7683
vn -0.2934 0.4988 -0.8155
vn -0.0292 0.6192 -0.7847
vn 0.1040 0.9781 -0.1803
vn -0.3128 0.4788 -0.8203
vn -0.3141 0.4805 -0.8188
vn 0.1076 0.9782 -0.1773
vn -0.3260 0.9008 -0.2868
vn 0.0435 -0.9940 -0.1006
vn 0.1240 -0.2623 -0.9570
vn 0.1239 -0.9915 -0.0398
vn 0.1245 -0.9915 -0.0382
vn 0.1248 -0.2627 -0.9568
vn -0.0671 -0.2582 -0.9638
vn 0.1247 -0.2708 -0.9545
vn 0.1074 0.7076 -0.6984
vn -0.0687 -0.2792 -0.9578
vn -0.0678 -0.2765 -0.9586
vn 0.1028 0.7101 -0.6965
vn -0.0622 0.6435 -0.7629
vn 0.0954 0.6785 -0.7284
vn 0.0871 0.9941 -0.0643
vn -0.0597 0.6204 -0.7820
vn -0.0586 0.6215 -0.7812
vn 0.0854 0.9943 -0.0643
vn 0.0790 0.9820 -0.1717
vn 0.0765 0.9927 -0.0932
vn 0.0146 0.5780 0.8159
vn 0.0816 0.9754 -0.2045
vn 0.0792 0.9744 -0.2102
vn 0.0150 0.5780 0.8159
vn 0.0291 0.6092 0.7925
vn 0.0145 0.5825 0.8127
vn -0.0034 -0.5099 0.8602
vn 0.0282 0.6230 0.7817
vn 0.0282 0.6231 0.7816
vn -0.0033 -0.5098 0.8603
vn 0.0578 -0.5554 0.8296
vn -0.0042 -0.4938 0.8696
vn 0.0453 -0.9918 -0.1196
vn 0.0544 -0.5132 0.8565
vn 0.0439 -0.9918 -0.1202
vn 0.1235 -0.9907 -0.0566
vn 0.0529 -0.5187 0.8533
vn 0.0713 -0.5163 0.8535
vn 0.1285 -0.9901 -0.0557
vn -0.2216 -0.1495 0.9636
vn 0.1235 -0.9904 -0.0618
vn -0.3200 -0.9474 0.0014
vn -0.2223 -0.1532 0.9629
vn -0.1252 -0.9730 0.1940
vn -0.0254 -0.4705 -0.8820
vn 0.0531 -0.9939 -0.0966
vn 0.0456 -0.9940 -0.0995
vn -0.0483 -0.4633 -0.8849
vn 0.1251 -0.2620 -0.9569
vn -0.0362 -0.5067 -0.8613
vn 0.0281 0.4555 -0.8898
vn 0.1256 -0.2737 -0.9536
vn 0.1242 -0.2707 -0.9546
vn 0.0148 0.4555 -0.8901
vn 0.1056 0.7073 -0.6990
vn 0.0328 0.4327 -0.9009
vn -0.1141 0.9800 -0.1632
vn 0.1214 0.6780 -0.7249
vn 0.1289 0.6809 -0.7210
vn -0.1063 0.9797 -0.1701
vn 0.1014 0.9926 -0.0669
vn -0.1071 0.9727 -0.2061
vn -0.2596 0.7570 0.5997
vn 0.1087 0.9897 -0.0930
vn 0.1083 0.9897 -0.0934
vn -0.2602 0.7567 0.5997
vn 0.0163 0.5775 0.8162
vn -0.2522 0.7888 0.5605
vn -0.2324 -0.3466 0.9088
vn 0.0175 0.5823 0.8128
vn 0.0171 0.5823 0.8128
vn -0.2377 -0.3503 0.9060
vn 0.0035 -0.5098 0.8603
vn 0.0027 -0.4928 0.8701
vn -0.2402 -0.2999 0.9232
vn 0.0492 -0.9916 -0.1194
vn -0.2365 -0.3016 0.9236
vn -0.1213 -0.9770 0.1752
vn 0.0514 -0.9915 -0.1194
vn 0.4231 0.7711 -0.4758
vn 0.0976 0.9155 -0.3903
vn 0.4954 0.7584 -0.4236
vn 0.0998 0.9154 -0.3900
vn 0.2539 0.5942 -0.7632
vn 0.2737 0.5904 -0.7593
vn 0.1394 0.9109 -0.3884
vn 0.0009 0.6391 -0.7691
vn 0.0014 0.6391 -0.7691
vn 0.1339 0.9122 -0.3873
vn -0.1408 0.9876 0.0690
vn 0.1126 0.9097 -0.3997
vn -0.2227 0.8033 0.5524
vn -0.1402 0.9889 0.0484
vn -0.1319 0.9896 0.0581
vn -0.1764 0.8309 0.5278
vn -0.2613 0.6034 0.7534
vn -0.2031 0.8531 0.4806
vn -0.1478 -0.3773 0.9142
vn -0.2652 0.6492 0.7129
vn -0.2742 0.6434 0.7148
vn -0.1578 -0.3853 0.9092
vn -0.1084 -0.4387 0.8921
vn -0.1136 -0.4168 0.9019
vn -0.1651 -0.3341 0.9280
vn 0.0616 -0.9618 -0.2668
vn -0.1621 -0.3335 0.9287
vn 0.0995 -0.9947 0.0241
vn 0.0642 -0.9613 -0.2679
vn 0.4520 -0.1724 0.8752
vn -0.1437 -0.6773 0.7216
vn -0.3409 0.1266 0.9315
vn -0.3377 0.1267 0.9327
vn -0.1433 -0.6766 0.7223
vn -0.4826 -0.7398 -0.4688
vn -0.4287 -0.7218 -0.5434
vn -0.1404 -0.6750 0.7243
vn -0.3637 -0.8875 -0.2829
vn -0.1442 -0.6736 0.7249
vn -0.1079 0.9941 -0.0149
vn -0.4006 -0.8652 -0.3016
vn 0.5015 -0.5014 -0.7051
vn 0.6170 -0.4705 -0.6308
vn 0.9310 -0.3552 0.0838
vn 0.9306 -0.3567 0.0823
vn 0.6217 -0.4719 -0.6252
vn 0.8387 -0.5441 0.0219
vn 0.8304 -0.5567 0.0220
vn 0.6040 -0.5011 -0.6198
vn 0.9792 0.2017 0.0222
vn 0.6033 -0.4982 -0.6228
vn 0.6649 0.0556 -0.7448
vn 0.9777 0.2093 0.0189
vn 0.9825 0.1827 0.0376
vn 0.6654 0.0378 -0.7456
vn 0.8693 0.4210 -0.2590
vn 0.6744 0.0183 -0.7381
vn 0.5921 0.2504 -0.7660
vn 0.8857 0.3897 -0.2523
vn 0.5844 0.2993 -0.7542
vn 0.5870 -0.2556 -0.7682
vn 0.8792 0.4027 -0.2547
vn 0.8794 0.4035 -0.2529
vn 0.5883 -0.2545 -0.7675
vn 0.9730 0.2055 -0.1053
vn 0.5824 -0.2402 -0.7766
vn 0.6379 -0.7390 -0.2167
vn 0.9644 0.2331 -0.1250
vn 0.9655 0.2235 -0.1337
vn 0.6333 -0.7450 -0.2095
vn 0.9910 0.1334 0.0062
vn 0.6351 -0.7326 -0.2448
vn 0.6412 -0.6353 0.4305
vn 0.9910 0.1335 -0.0016
vn 0.9911 0.1329 -0.0017
vn 0.6409 -0.6317 0.4362
vn 0.6480 -0.6519 0.3938
vn 0.7769 -0.0864 0.6236
vn 0.9909 0.1343 -0.0096
vn 0.9914 0.1309 -0.0089
vn 0.7729 -0.0724 0.6304
vn 0.9296 -0.1411 -0.3405
vn 0.7807 -0.0991 0.6171
vn 0.7905 0.1519 0.5933
vn 0.9275 -0.1497 -0.3426
vn 0.9259 -0.1406 -0.3506
vn 0.7957 0.1697 0.5814
vn 0.9968 -0.0079 0.0800
vn 0.7956 0.1679 0.5821
vn 0.7314 -0.2709 0.6259
vn 0.9832 0.0411 0.1779
vn 0.7314 -0.2805 0.6216
vn 0.8165 -0.5582 -0.1475
vn 0.9837 -0.1409 0.1118
vn 0.8142 -0.5635 -0.1397
vn 0.7161 -0.2775 -0.6404
vn 0.9773 -0.1256 0.1707
vn 0.9817 -0.0847 0.1704
vn 0.7164 -0.2648 -0.6455
vn 0.9272 -0.1164 -0.3560
vn 0.7057 -0.3147 -0.6348
vn 0.5923 0.5028 -0.6295
vn 0.9424 -0.1471 -0.3005
vn 0.9449 -0.1678 -0.2812
vn 0.5909 0.5006 -0.6327
vn 0.9914 0.1306 0.0123
vn 0.9935 0.1128 0.0155
vn 0.5849 0.4933 -0.6438
vn 0.6677 0.7405 0.0765
vn 0.6069 0.4637 -0.6455
vn -0.1034 0.9943 -0.0251
vn 0.6853 0.7232 0.0851
vn 0.6901 0.7234 0.0200
vn -0.1029 0.9940 -0.0360
vn -0.0505 0.8388 0.5421
vn -0.0103 0.8396 0.5431
vn -0.0844 0.9957 -0.0389
vn -0.6444 0.7060 -0.2938
vn -0.0843 0.9962 -0.0214
vn -0.7288 0.1598 -0.6658
vn -0.6668 0.6988 -0.2590
vn -0.6338 0.7195 -0.2839
vn -0.7150 0.1655 -0.6792
vn -0.9264 -0.2480 -0.2835
vn -0.9309 -0.2567 -0.2599
vn -0.7097 0.1933 -0.6774
vn -0.9656 -0.2446 0.0886
vn -0.7137 0.2080 -0.6689
vn -0.7511 -0.4560 -0.4774
vn -0.9671 -0.2407 0.0823
vn -0.9731 -0.1976 0.1185
vn -0.7443 -0.4293 -0.5117
vn -0.9792 -0.1516 0.1350
vn -0.7489 -0.4395 -0.4959
vn -0.8161 -0.5155 0.2611
vn -0.9740 -0.1870 0.1280
vn -0.8158 -0.5224 0.2482
vn -0.6648 -0.3076 0.6807
vn -0.9773 -0.1900 0.0934
vn -0.6654 -0.2914 0.6872
vn -0.7954 0.1687 0.5821
vn -0.9725 -0.2300 0.0372
vn -0.9840 -0.1757 0.0307
vn -0.7956 0.1706 0.5813
vn -0.9612 -0.2755 -0.0134
vn -0.7894 0.1520 0.5948
vn -0.7459 -0.0112 0.6660
vn -0.9629 -0.2647 0.0516
vn -0.9704 -0.2390 0.0344
vn -0.7412 0.0435 0.6699
vn -0.9274 -0.2359 -0.2903
vn -0.7430 0.0227 0.6689
vn -0.5796 -0.5388 0.6113
vn -0.9268 -0.2355 -0.2926
vn -0.9290 -0.2285 -0.2910
vn -0.5879 -0.5134 0.6251
vn -0.9600 0.0693 -0.2713
vn -0.5875 -0.5156 0.6237
vn -0.6870 -0.7235 -0.0676
vn -0.9599 0.0698 -0.2717
vn -0.9616 0.0786 -0.2628
vn -0.7016 -0.7126 0.0060
vn -0.9436 0.3076 -0.1221
vn -0.7027 -0.7115 -0.0052
vn -0.7554 -0.3270 -0.5678
vn -0.9424 0.3125 -0.1191
vn -0.7664 -0.3289 -0.5518
vn -0.6811 0.2559 -0.6860
vn -0.9465 0.3052 -0.1053
vn -0.9466 0.3040 -0.1069
vn -0.6739 0.2615 -0.6910
vn -0.8649 0.4937 0.0908
vn -0.8647 0.4941 0.0904
vn -0.6789 0.2680 -0.6836
vn -0.9864 0.1564 0.0505
vn -0.7113 0.2200 -0.6675
vn -0.7179 0.0481 -0.6944
vn -0.9868 0.1537 0.0507
vn -0.9859 0.1593 0.0512
vn -0.7108 0.0707 -0.6998
vn -0.8445 -0.5260 -0.1009
vn -0.7133 0.0847 -0.6958
vn -0.6361 -0.5023 -0.5858
vn -0.8479 -0.5228 -0.0879
vn -0.6806 -0.4427 -0.5838
vn -0.5022 -0.6626 -0.5557
vn -0.8645 -0.4928 -0.0986
vn -0.4470 -0.8080 -0.3838
vn -0.7008 -0.7077 -0.0899
vn -0.8628 -0.4965 -0.0953
vn -0.6978 -0.7048 -0.1280
vn -0.6099 -0.5747 0.5457
vn -0.8594 -0.4960 -0.1239
vn -0.8572 -0.4997 -0.1242
vn -0.6881 -0.5219 0.5042
vn -0.7407 -0.3489 0.5741
vn -0.6402 -0.6284 0.4419
vn -0.1240 -0.4932 0.8611
vn -0.7456 -0.3595 0.5611
vn -0.7311 -0.3624 0.5781
vn -0.1367 -0.4990 0.8558
vn -0.0601 -0.4683 0.8815
vn -0.0660 -0.4671 0.8817
vn -0.1478 -0.4982 0.8544
vn 0.7006 -0.4285 0.5706
vn -0.1527 -0.4961 0.8547
vn 0.4782 -0.3777 0.7929
vn 0.7052 -0.4289 0.5646
vn 0.7016 -0.4227 0.5737
vn 0.4705 -0.3821 0.7954
vn 0.8388 -0.5444 0.0075
vn 0.4719 -0.3857 0.7928
vn 0.9317 -0.3552 0.0765
vn 0.8399 -0.5427 0.0108
vn 0.0585 0.4436 -0.8943
vn 0.0018 -0.5865 -0.8100
vn 0.5676 0.6012 -0.5625
vn 0.5686 0.6024 -0.5602
vn 0.0070 -0.5765 -0.8170
vn 0.5118 -0.5372 -0.6704
vn -0.0025 -0.5333 -0.8459
vn -0.0736 -0.6819 -0.7277
vn 0.5231 -0.4955 -0.6934
vn 0.5245 -0.4926 -0.6944
vn -0.0754 -0.6837 -0.7258
vn 0.6285 -0.4718 -0.6184
vn -0.0606 -0.7091 -0.7025
vn -0.0283 -0.0141 -0.9995
vn 0.6260 -0.4990 -0.5993
vn 0.6267 -0.4980 -0.5994
vn -0.0275 -0.0121 -0.9995
vn 0.6964 0.0636 -0.7148
vn 0.6951 0.0311 -0.7182
vn -0.0137 -0.0519 -0.9986
vn 0.6502 0.2710 -0.7098
vn -0.0196 -0.0464 -0.9987
vn -0.0671 0.0207 -0.9975
vn 0.6640 0.2843 -0.6916
vn -0.0621 0.0529 -0.9967
vn -0.1103 -0.4663 -0.8777
vn 0.6244 0.2985 -0.7219
vn 0.6278 0.3069 -0.7153
vn -0.0942 -0.4666 -0.8794
vn 0.6355 -0.2509 -0.7302
vn -0.0939 -0.4516 -0.8873
vn -0.0382 -0.9795 -0.1980
vn 0.6108 -0.2063 -0.7645
vn 0.6102 -0.2137 -0.7629
vn -0.0395 -0.9798 -0.1959
vn 0.6582 -0.7255 -0.2008
vn -0.0409 -0.9764 -0.2122
vn 0.0433 -0.7193 0.6934
vn 0.6535 -0.7173 -0.2415
vn 0.6537 -0.7202 -0.2326
vn 0.0427 -0.7168 0.6960
vn 0.6812 -0.6156 0.3962
vn 0.0422 -0.7264 0.6860
vn 0.1013 0.1632 0.9814
vn 0.6706 -0.6370 0.3802
vn 0.6699 -0.6365 0.3822
vn 0.1014 0.1669 0.9807
vn 0.7887 -0.0915 0.6079
vn 0.1068 0.1299 0.9858
vn -0.0987 0.3085 0.9461
vn 0.7853 -0.0968 0.6115
vn 0.7855 -0.0991 0.6109
vn -0.1012 0.3107 0.9451
vn 0.8142 0.1401 0.5634
vn -0.1017 0.3171 0.9429
vn 0.0848 -0.4332 0.8973
vn 0.8216 0.1681 0.5447
vn 0.8206 0.1737 0.5445
vn 0.0843 -0.4323 0.8978
vn 0.7480 -0.2868 0.5985
vn 0.0861 -0.4183 0.9042
vn -0.0726 -0.9971 -0.0241
vn 0.7453 -0.2531 0.6168
vn 0.7470 -0.2542 0.6143
vn -0.0713 -0.9971 -0.0253
vn 0.8227 -0.5483 -0.1504
vn 0.8256 -0.5492 -0.1293
vn -0.0690 -0.9976 -0.0085
vn 0.7387 -0.2479 -0.6268
vn -0.0701 -0.9975 -0.0094
vn -0.1850 -0.4226 -0.8872
vn 0.7350 -0.2426 -0.6331
vn -0.1852 -0.4319 -0.8827
vn 0.1020 0.4328 -0.8957
vn 0.7379 -0.2838 -0.6123
vn 0.7385 -0.2806 -0.6131
vn 0.1024 0.4336 -0.8953
vn 0.6005 0.5020 -0.6224
vn 0.6124 0.4691 -0.6363
vn 0.1048 0.4158 -0.9034
vn -0.1033 0.9944 -0.0219
vn -0.0867 0.9961 -0.0174
vn 0.1164 0.4186 -0.9007
vn -0.7303 0.1623 -0.6636
vn -0.7397 0.1894 -0.6457
vn 0.1169 0.4297 -0.8954
vn -0.7638 -0.4364 -0.4756
vn 0.1168 0.4291 -0.8957
vn -0.1570 -0.4421 -0.8831
vn -0.7631 -0.4379 -0.4753
vn -0.1567 -0.4174 -0.8951
vn -0.0555 -0.9984 -0.0075
vn -0.7844 -0.3970 -0.4766
vn -0.7789 -0.4107 -0.4739
vn -0.0573 -0.9983 -0.0066
vn -0.8234 -0.5037 0.2611
vn -0.8355 -0.4949 0.2389
vn -0.0554 -0.9981 -0.0277
vn -0.6965 -0.2552 0.6707
vn -0.0533 -0.9982 -0.0267
vn 0.1023 -0.4205 0.9015
vn -0.6916 -0.2543 0.6761
vn -0.6930 -0.3336 0.6391
vn 0.1027 -0.4294 0.8973
vn -0.8203 0.1733 0.5451
vn 0.1026 -0.4301 0.8970
vn -0.0843 0.3197 0.9438
vn -0.8212 0.1680 0.5453
vn -0.8144 0.1402 0.5631
vn -0.0857 0.3085 0.9474
vn -0.7635 -0.0175 0.6456
vn -0.0910 0.3066 0.9475
vn 0.1165 0.1324 0.9843
vn -0.7620 -0.0094 0.6475
vn -0.7699 0.0096 0.6381
vn 0.1238 0.1583 0.9796
vn -0.6169 -0.5307 0.5812
vn 0.1224 0.1561 0.9801
vn 0.0520 -0.7251 0.6867
vn -0.6199 -0.5314 0.5774
vn -0.6122 -0.5045 0.6089
vn 0.0520 -0.7175 0.6946
vn -0.7271 -0.6859 -0.0298
vn 0.0507 -0.7195 0.6926
vn -0.0218 -0.9767 -0.2136
vn -0.7351 -0.6767 -0.0413
vn -0.7198 -0.6942 0.0019
vn -0.0235 -0.9806 -0.1946
vn -0.7794 -0.3044 -0.5477
vn -0.0245 -0.9801 -0.1970
vn -0.0606 -0.4483 -0.8918
vn -0.7818 -0.3020 -0.5455
vn -0.7790 -0.3180 -0.5404
vn -0.0614 -0.4736 -0.8786
vn -0.7433 0.2555 -0.6183
vn -0.0325 -0.4867 -0.8729
vn -0.0354 0.0576 -0.9977
vn -0.7382 0.2502 -0.6265
vn -0.0254 0.0166 -0.9995
vn 0.0196 -0.0462 -0.9987
vn -0.7617 0.2316 -0.6051
vn -0.7538 0.2264 -0.6168
vn 0.0137 -0.0518 -0.9986
vn -0.7405 0.0504 -0.6701
vn -0.7377 0.0765 -0.6708
vn 0.0198 -0.0110 -0.9997
vn -0.6852 -0.4807 -0.5472
vn 0.0252 -0.0184 -0.9995
vn -0.0337 -0.7105 -0.7029
vn -0.6802 -0.4893 -0.5458
vn -0.6772 -0.4438 -0.5869
vn -0.0285 -0.6899 -0.7234
vn -0.4772 -0.6854 -0.5500
vn -0.0329 -0.6854 -0.7274
vn 0.0281 -0.5434 -0.8390
vn -0.5094 -0.6953 -0.5070
vn 0.0583 -0.5695 -0.8199
vn 0.0673 0.4338 -0.8985
vn -0.4950 -0.7414 -0.4532
vn 0.0707 0.4423 -0.8941
vn -0.6569 0.2765 -0.7014
vn -0.4936 -0.7346 -0.4656
vn -0.4739 -0.7465 -0.4670
vn -0.6419 0.2846 -0.7120
vn -0.6900 -0.7171 -0.0984
vn -0.6440 0.2787 -0.7125
vn -0.9990 0.0121 0.0428
vn -0.6875 -0.7207 -0.0891
vn -0.6904 -0.7122 -0.1267
vn -0.9997 0.0134 0.0223
vn -0.5151 -0.6738 0.5297
vn -0.9996 0.0193 0.0206
vn -0.7206 -0.0468 0.6917
vn -0.5467 -0.6564 0.5199
vn -0.5961 -0.6557 0.4634
vn -0.7455 -0.0441 0.6650
vn -0.1202 -0.5155 0.8484
vn -0.7393 -0.0508 0.6714
vn -0.2832 0.3408 0.8965
vn -0.0934 -0.5273 0.8445
vn -0.1561 -0.5064 0.8481
vn -0.2881 0.3354 0.8969
vn 0.5203 -0.4079 0.7503
vn -0.2935 0.3411 0.8930
vn 0.3369 0.5683 0.7507
vn 0.4815 -0.4017 0.7790
vn 0.4641 -0.4000 0.7904
vn 0.3207 0.5621 0.7624
vn 0.9267 -0.3691 0.0700
vn 0.3053 0.5688 0.7637
vn 0.5805 0.8113 0.0687
vn 0.9278 -0.3654 0.0747
vn 0.9271 -0.3661 0.0807
vn 0.5732 0.8140 0.0938
vn 0.5042 -0.5288 -0.6828
vn 0.5767 0.8120 0.0894
vn 0.5520 0.6064 -0.5723
vn 0.5020 -0.5313 -0.6824
vn 0.3673 -0.8383 -0.4029
vn 0.3928 -0.9121 0.1174
vn 0.5292 -0.2935 -0.7961
vn 0.3896 -0.9133 0.1192
vn 0.4471 -0.4831 -0.7528
vn 0.5181 -0.2975 -0.8019
vn 0.5024 -0.3740 -0.7796
vn 0.4469 -0.5352 -0.7169
vn 0.1539 0.7487 -0.6448
vn 0.4591 -0.5248 -0.7168
vn 0.5519 0.1493 -0.8204
vn 0.1536 0.7517 -0.6414
vn 0.1791 0.7214 -0.6689
vn 0.5086 0.1044 -0.8546
vn -0.1438 0.9894 -0.0207
vn 0.5085 0.1062 -0.8545
vn -0.0674 0.9614 -0.2668
vn -0.1403 0.9899 -0.0187
vn -0.1304 0.9897 -0.0599
vn -0.0762 0.9544 -0.2888
vn 0.0983 0.4990 0.8610
vn -0.0760 0.9545 -0.2885
vn -0.0242 0.8115 0.5839
vn 0.0985 0.4990 0.8610
vn 0.0854 0.5308 0.8432
vn -0.0344 0.8264 0.5621
vn 0.3168 -0.4883 0.8131
vn 0.5738 0.7921 -0.2082
vn -0.0925 0.9588 0.2685
vn 0.0107 0.9762 -0.2165
vn 0.0665 0.9777 -0.1992
vn -0.0481 0.9599 0.2761
vn -0.7227 0.6027 -0.3383
vn -0.0333 0.9659 0.2566
vn -0.1412 -0.2513 0.9576
vn -0.7162 0.6067 -0.3451
vn -0.7117 0.6160 -0.3376
vn -0.1396 -0.2546 0.9569
vn -0.9602 0.1875 -0.2072
vn -0.1346 -0.2498 0.9589
vn -0.4136 -0.2766 0.8674
vn -0.9595 0.1905 -0.2077
vn -0.9597 0.1876 -0.2095
vn -0.4512 -0.3017 0.8399
vn -0.9982 0.0112 -0.0581
vn -0.4325 -0.3045 0.8487
vn -0.3508 -0.4509 0.8207
vn -0.9980 0.0171 -0.0614
vn -0.3528 -0.4504 0.8202
vn -0.9814 0.1288 0.1423
vn -0.9980 0.0157 -0.0618
vn -0.9995 0.0075 -0.0291
vn -0.9779 0.1238 0.1686
vn -0.5518 0.0009 -0.8340
vn -0.5595 -0.0025 -0.8288
vn -0.9785 0.1224 0.1663
vn -0.5410 0.2227 -0.8110
vn -0.5328 0.2311 -0.8141
vn -0.9783 0.1229 0.1669
vn -0.9987 -0.0235 0.0445
vn -0.9829 0.1237 0.1363
vn -0.5112 -0.1957 0.8369
vn -0.9997 -0.0226 0.0113
vn 0.5295 0.5579 -0.6391
vn 0.8756 0.4142 -0.2486
vn 0.4497 -0.7309 -0.5134
vn 0.4413 -0.7370 -0.5119
vn 0.8556 0.4411 -0.2707
vn 0.7233 -0.6785 -0.1287
vn 0.7233 -0.6788 -0.1273
vn 0.8522 0.4483 -0.2698
vn 0.9077 0.4185 -0.0299
vn 0.9520 0.3036 -0.0389
vn 0.8748 0.3961 -0.2791
vn 0.5219 0.8292 -0.2003
vn 0.8591 0.4380 -0.2648
vn 0.9058 -0.1510 0.3960
vn 0.5457 0.8154 -0.1933
vn 0.5862 0.7800 -0.2189
vn 0.9213 -0.1308 0.3661
vn -0.0813 0.9611 0.2638
vn 0.9283 -0.1185 0.3525
vn 0.5079 -0.5428 0.6689
vn -0.0621 0.9646 0.2562
vn -0.0745 0.9820 0.1735
vn 0.4599 -0.5044 0.7309
vn -0.1413 -0.2517 0.9574
vn 0.4875 -0.4999 0.7158
vn 0.4875 -0.5000 0.7158
vn -0.1471 -0.2419 0.9591
vn -0.1649 -0.2379 0.9572
vn 0.4766 -0.5117 0.7148
vn -0.4851 -0.2811 0.8281
vn 0.4806 -0.5052 0.7168
vn 0.4572 -0.5036 0.7330
vn -0.4831 -0.2718 0.8323
vn -0.4853 -0.2735 0.8305
vn 0.4561 -0.5051 0.7327
vn -0.3873 -0.4404 0.8099
vn 0.4552 -0.5074 0.7316
vn 0.4845 -0.4254 0.7643
vn -0.3835 -0.4444 0.8096
vn 0.4851 -0.4133 0.7706
vn -0.5228 -0.1844 0.8323
vn -0.3755 -0.4331 0.8194
vn -0.3402 -0.4404 0.8308
vn -0.5104 -0.1759 0.8417
vn -0.9795 0.1336 0.1508
vn 0.9041 0.1386 -0.4042
vn 0.9803 -0.1057 -0.1669
vn 0.8590 0.4420 -0.2583
vn 0.8631 0.4335 -0.2591
vn 0.9883 -0.0594 -0.1405
vn 0.8881 -0.1203 0.4436
vn 0.9891 -0.0559 -0.1366
vn 0.9760 -0.2139 -0.0404
vn 0.9083 -0.0759 0.4113
vn 0.8979 -0.0668 0.4350
vn 0.9747 -0.2204 -0.0380
vn 0.4462 -0.5107 0.7349
vn 0.9757 -0.2158 -0.0372
vn 0.9544 -0.2817 -0.0987
vn 0.4454 -0.5099 0.7360
vn 0.4468 -0.5114 0.7341
vn 0.9541 -0.2829 -0.0981
vn 0.4468 -0.5114 0.7340
vn 0.9552 -0.2796 -0.0968
vn 0.9310 -0.2913 -0.2199
vn 0.4434 -0.5033 0.7417
vn 0.4451 -0.5123 0.7344
vn 0.9272 -0.3023 -0.2209
vn 0.4321 -0.5081 0.7451
vn 0.9292 -0.2963 -0.2211
vn 0.8128 -0.5804 -0.0501
vn 0.4296 -0.5059 0.7480
vn 0.4297 -0.5056 0.7482
vn 0.8128 -0.5803 -0.0503
vn 0.4627 -0.4246 0.7783
vn 0.8146 -0.5777 -0.0510
vn 0.7051 -0.7067 -0.0594
vn 0.4659 -0.4188 0.7795
vn 0.7036 -0.7084 -0.0566
vn 0.4337 -0.6018 0.6706
vn 0.4636 -0.4202 0.7801
vn 0.4913 -0.4307 0.7571
vn 0.4747 -0.6181 0.6266
vn -0.5247 -0.1868 0.8305
vn 0.5258 -0.5935 0.6093
vn -0.5782 -0.1214 0.8068
vn -0.5223 -0.1860 0.8322
vn -0.5440 -0.1424 0.8269
vn -0.9737 0.1578 -0.1640
vn -0.5094 -0.1944 0.8383
vn -0.5096 -0.1950 0.8380
vn -0.9738 0.1576 -0.1639
vn -0.9998 -0.0197 0.0091
vn -0.9770 0.1535 -0.1478
vn -0.2624 -0.3857 -0.8845
vn -0.9987 -0.0227 0.0447
vn -0.9988 -0.0243 0.0431
vn -0.2639 -0.3847 -0.8845
vn -0.4966 0.1670 -0.8518
vn -0.5044 0.1763 -0.8453
vn -0.3165 -0.3761 -0.8708
vn 0.4292 -0.3935 -0.8130
vn -0.2806 -0.3825 -0.8803
vn 0.2954 -0.6500 -0.7002
vn 0.4113 -0.4274 -0.8051
vn 0.0821 -0.7442 0.6629
vn -0.9096 0.0631 0.4108
vn -0.9738 0.1577 -0.1636
vn -0.8945 0.0625 0.4426
vn -0.4147 -0.4431 -0.7948
vn -0.9767 0.1577 -0.1456
vn -0.9767 0.1578 -0.1456
vn -0.2591 -0.3855 -0.8856
vn -0.2849 -0.3608 -0.8880
vn -0.4525 -0.4123 -0.7907
vn 0.3426 -0.6255 -0.7010
vn -0.4433 -0.4246 -0.7894
vn 0.0530 -0.8937 -0.4456
vn 0.2716 -0.6839 -0.6771
vn 0.2345 -0.5967 -0.7674
vn -0.0183 0.7667 -0.6417
vn 0.4449 -0.7380 -0.5074
vn 0.4502 -0.7307 -0.5133
vn -0.0169 0.7529 -0.6580
vn 0.5248 0.5619 -0.6394
vn -0.0171 0.7608 -0.6488
vn 0.3685 0.6070 -0.7041
vn 0.4571 0.5862 -0.6689
vn 0.4976 0.5817 -0.6434
vn 0.4003 0.6009 -0.6919
vn 0.8886 0.3927 -0.2372
vn 0.4090 0.6172 -0.6722
vn 0.2002 0.2668 -0.9427
vn 0.8631 0.4484 -0.2322
vn 0.8649 0.4398 -0.2418
vn 0.2001 0.2679 -0.9424
vn 0.9253 0.1560 -0.3458
vn 0.1996 0.2672 -0.9427
vn 0.2934 0.1568 -0.9431
vn 0.9382 0.1230 -0.3236
vn 0.9284 0.0766 -0.3636
vn 0.2943 0.1558 -0.9429
vn 0.9904 -0.0709 -0.1186
vn 0.2944 0.1582 -0.9425
vn 0.5424 -0.0774 -0.8365
vn 0.9919 -0.0601 -0.1117
vn 0.9917 -0.0589 -0.1139
vn 0.5422 -0.0762 -0.8368
vn 0.9754 -0.2203 -0.0038
vn 0.5421 -0.0808 -0.8364
vn 0.3217 -0.1603 -0.9332
vn 0.9744 -0.2245 -0.0065
vn 0.9749 -0.2227 -0.0052
vn 0.3205 -0.1586 -0.9339
vn 0.9548 -0.2831 -0.0908
vn 0.3210 -0.1597 -0.9335
vn 0.1629 0.0800 -0.9834
vn 0.9547 -0.2833 -0.0912
vn 0.9554 -0.2809 -0.0911
vn 0.1653 0.0857 -0.9825
vn 0.9379 -0.2932 -0.1854
vn 0.1659 0.0859 -0.9824
vn 0.3891 -0.3898 -0.8346
vn 0.9381 -0.2916 -0.1869
vn 0.9368 -0.3097 -0.1629
vn 0.3978 -0.3965 -0.8274
vn 0.8128 -0.5808 -0.0446
vn 0.3977 -0.3906 -0.8302
vn 0.2835 -0.6346 -0.7189
vn 0.8135 -0.5800 -0.0424
vn 0.8145 -0.5785 -0.0432
vn 0.2776 -0.6318 -0.7237
vn 0.7055 -0.7077 -0.0369
vn 0.2817 -0.6193 -0.7328
vn 0.0393 -0.8876 -0.4589
vn 0.7096 -0.7035 -0.0379
vn 0.0462 -0.8867 -0.4601
vn 0.0220 -0.9961 0.0850
vn 0.7082 -0.7053 -0.0325
vn 0.7078 -0.7040 -0.0573
vn 0.0184 -0.9972 0.0727
vn 0.4425 -0.5843 0.6803
vn 0.0128 -0.9974 0.0715
vn 0.3211 -0.8323 0.4518
vn 0.4547 -0.5827 0.6736
vn 0.5249 -0.6030 0.6007
vn 0.3462 -0.8453 0.4068
vn -0.5782 -0.1216 0.8068
vn 0.3500 -0.8473 0.3994
vn 0.0331 -0.7510 0.6594
vn -0.5774 -0.1212 0.8074
vn -0.5534 -0.1478 0.8197
vn 0.0804 -0.7439 0.6635
vn -0.9740 0.1561 -0.1639
vn -0.1034 0.9944 -0.0207
vn 0.8990 0.4376 -0.0176
vn -0.7689 0.6115 0.1865
vn -0.7596 0.6210 0.1932
vn 0.8970 0.4412 -0.0257
vn -0.2738 0.6318 0.7252
vn 0.8953 0.4450 -0.0216
vn 0.9856 0.1540 0.0701
vn -0.2698 0.6323 0.7262
vn 0.9876 0.1401 0.0713
vn 0.3490 -0.2844 0.8929
vn -0.2727 0.6323 0.7252
vn -0.2635 0.6383 0.7233
vn 0.3752 -0.2700 0.8867
vn -0.9288 0.0184 0.3701
vn 0.3726 -0.2706 0.8877
vn -0.7364 -0.3398 0.5850
vn -0.9300 0.0178 0.3672
vn -0.9228 0.0381 0.3835
vn -0.7002 -0.2833 0.6554
vn -0.8775 -0.4637 -0.1221
vn -0.7100 -0.2281 0.6663
vn -0.9807 -0.1954 0.0006
vn -0.8813 -0.4558 -0.1245
vn -0.8819 -0.4620 -0.0940
vn -0.9789 -0.2022 0.0307
vn -0.2611 -0.0922 -0.9609
vn -0.9799 -0.1976 0.0263
vn -0.5463 -0.0563 -0.8357
vn -0.2629 -0.0906 -0.9606
vn 0.3393 0.3890 -0.8565
vn 0.5909 0.3815 -0.7108
vn -0.1013 0.9948 0.0028
vn -0.0860 0.9963 -0.0015
vn 0.5976 0.3983 -0.6958
vn 0.8955 0.4447 -0.0151
vn 0.5767 0.3922 -0.7167
vn 0.5301 0.2736 -0.8026
vn 0.8977 0.4407 -0.0001
vn 0.8958 0.4444 -0.0019
vn 0.5264 0.2849 -0.8011
vn 0.9836 0.1362 0.1184
vn 0.5275 0.2892 -0.7988
vn 0.4904 0.4473 -0.7480
vn 0.9831 0.1383 0.1200
vn 0.4900 0.4464 -0.7487
vn 0.9584 0.2509 0.1359
vn 0.9833 0.1367 0.1199
vn 0.9858 0.1513 0.0734
vn 0.9594 0.2562 0.1178
vn 0.3397 -0.2782 0.8985
vn 0.9604 0.2528 0.1174
vn -0.1837 -0.0652 0.9808
vn 0.3452 -0.2891 0.8929
vn 0.3782 -0.2657 0.8868
vn -0.1589 -0.0458 0.9862
vn -0.7696 -0.2414 0.5911
vn -0.1575 -0.0508 0.9862
vn -0.7046 -0.4595 0.5408
vn -0.7852 -0.2288 0.5755
vn -0.6914 -0.2589 0.6745
vn -0.6534 -0.4563 0.6041
vn -0.9801 -0.1985 -0.0056
vn -0.6478 -0.4562 0.6101
vn -0.8495 -0.5271 -0.0210
vn -0.9803 -0.1976 -0.0025
vn -0.9781 -0.2050 0.0357
vn -0.8478 -0.5301 0.0147
vn -0.5426 -0.0604 -0.8378
vn -0.8499 -0.5257 0.0350
vn -0.4655 -0.1033 -0.8790
vn -0.5462 -0.0593 -0.8356
vn 0.4033 0.0643 -0.9128
vn 0.9302 0.3416 0.1344
vn 0.4912 0.4292 -0.7580
vn 0.4881 0.4398 -0.7539
vn 0.9291 0.3432 0.1377
vn 0.9594 0.2479 0.1344
vn 0.9307 0.3488 0.1098
vn 0.1987 -0.0814 0.9767
vn 0.9614 0.2510 0.1125
vn 0.9594 0.2555 0.1194
vn 0.1950 -0.0772 0.9778
vn -0.1832 -0.0621 0.9811
vn -0.1581 -0.0652 0.9853
vn 0.2082 -0.0790 0.9749
vn -0.6719 -0.4618 0.5790
vn 0.2148 -0.0725 0.9740
vn -0.6562 -0.5509 0.5157
vn -0.6907 -0.4442 0.5706
vn -0.6802 -0.4176 0.6025
vn -0.6343 -0.4881 0.5995
vn -0.8600 -0.5099 -0.0180
vn -0.6052 -0.5147 0.6073
vn -0.5870 -0.8080 -0.0514
vn -0.8591 -0.5111 -0.0259
vn -0.8619 -0.5065 0.0249
vn -0.5818 -0.8128 0.0288
vn -0.4693 -0.1013 -0.8772
vn -0.5832 -0.8122 0.0129
vn -0.4747 -0.5659 -0.6741
vn -0.4668 -0.1012 -0.8785
vn -0.0667 -0.4915 -0.8683
vn 0.9461 0.1542 -0.2849
vn 0.9279 0.3475 0.1353
vn 0.9406 0.1573 -0.3010
vn 0.5893 -0.2404 0.7713
vn 0.9286 0.3524 0.1163
vn 0.9295 0.3516 0.1118
vn 0.5920 -0.2395 0.7695
vn 0.1981 -0.0807 0.9769
vn 0.2146 -0.0719 0.9740
vn 0.5978 -0.2344 0.7666
vn -0.6569 -0.5497 0.5160
vn 0.5979 -0.2343 0.7666
vn 0.0503 -0.8050 0.5912
vn -0.6574 -0.5477 0.5175
vn -0.6497 -0.4965 0.5757
vn 0.0533 -0.7994 0.5985
vn -0.6095 -0.7902 -0.0645
vn 0.0543 -0.7987 0.5993
vn -0.1719 -0.9841 0.0456
vn -0.6170 -0.7849 -0.0562
vn -0.6159 -0.7869 0.0377
vn -0.1761 -0.9814 0.0767
vn -0.4855 -0.5544 -0.6759
vn -0.1725 -0.9811 0.0881
vn -0.2549 -0.7739 -0.5798
vn -0.4899 -0.5567 -0.6709
vn -0.3250 0.7877 -0.5233
vn -0.1069 0.6957 -0.7103
vn -0.5211 -0.3897 -0.7593
vn -0.5230 -0.3802 -0.7628
vn -0.1348 0.6927 -0.7085
vn -0.1716 -0.8803 -0.4423
vn -0.1358 0.6940 -0.7070
vn -0.0027 0.5688 -0.8224
vn -0.1722 -0.8805 -0.4417
vn -0.1731 -0.8809 -0.4405
vn -0.0084 0.5799 -0.8146
vn 0.1401 0.3419 -0.9293
vn -0.0041 0.5806 -0.8142
vn -0.1971 0.2493 -0.9482
vn 0.1402 0.3469 -0.9273
vn 0.1509 0.3380 -0.9290
vn -0.1889 0.2426 -0.9516
vn 0.3431 0.3612 -0.8671
vn -0.1930 0.2487 -0.9492
vn -0.2713 -0.0971 -0.9576
vn 0.2856 0.4158 -0.8634
vn 0.3444 0.4064 -0.8463
vn -0.2746 -0.0933 -0.9570
vn 0.6027 0.4067 -0.6866
vn -0.2728 -0.0987 -0.9570
vn -0.5530 -0.0646 -0.8307
vn 0.6183 0.3986 -0.6774
vn 0.6037 0.4028 -0.6880
vn -0.5543 -0.0616 -0.8300
vn 0.5657 0.3040 -0.7665
vn -0.5542 -0.0651 -0.8298
vn -0.4882 -0.1191 -0.8646
vn 0.5846 0.2875 -0.7586
vn 0.5609 0.2922 -0.7746
vn -0.4909 -0.0874 -0.8668
vn 0.5062 0.4441 -0.7393
vn -0.5373 -0.1108 -0.8361
vn -0.4912 -0.5773 -0.6522
vn 0.5084 0.4438 -0.7379
vn 0.5063 0.4436 -0.7395
vn -0.5035 -0.5787 -0.6415
vn 0.4236 0.0879 -0.9016
vn -0.5089 -0.5713 -0.6439
vn -0.2712 -0.8176 -0.5079
vn 0.4225 0.0893 -0.9020
vn -0.2756 -0.8196 -0.5023
vn -0.0142 -0.4662 -0.8846
vn 0.4213 0.0896 -0.9025
vn 0.4030 0.0644 -0.9130
vn -0.0637 -0.4905 -0.8691
vn 0.9301 0.3418 0.1346
vn 0.1038 -0.4593 -0.8822
vn 0.0181 -0.2195 -0.9755
vn 0.6022 -0.6176 -0.5059
vn 0.5992 -0.6218 -0.5044
vn 0.0015 -0.2193 -0.9757
vn 0.6519 -0.4408 -0.6170
vn -0.0465 -0.2581 -0.9650
vn -0.0985 0.2751 -0.9564
vn 0.6455 -0.4477 -0.6187
vn 0.6421 -0.4522 -0.6191
vn -0.1019 0.2746 -0.9561
vn 0.6156 0.2033 -0.7614
vn 0.6103 0.1764 -0.7723
vn -0.0992 0.2580 -0.9610
vn 0.4374 0.5842 -0.6836
vn -0.0972 0.2581 -0.9612
vn -0.2340 0.5975 -0.7669
vn 0.4231 0.5828 -0.6938
vn 0.2843 0.6192 0.7320
vn -0.0218 0.7400 0.6723
vn 0.1394 -0.6070 0.7824
vn 0.1401 -0.6079 0.7816
vn -0.0202 0.7398 0.6726
vn -0.0269 -0.3801 0.9246
vn -0.0120 0.7402 0.6723
vn -0.1248 0.7302 0.6718
vn -0.0057 -0.3819 0.9242
vn -0.0062 -0.3818 0.9242
vn -0.1248 0.7303 0.6717
vn 0.0045 -0.4820 0.8761
vn -0.0036 -0.4826 0.8758
vn -0.1283 0.7292 0.6722
vn 0.3688 0.5516 0.7481
vn -0.1281 0.7178 0.6844
vn 0.2187 0.9696 -0.1098
vn 0.3666 0.5298 0.7648
vn -0.0190 0.4759 -0.8793
vn -0.1211 0.5510 -0.8257
vn 0.1486 0.9884 -0.0318
vn -0.1280 0.5514 -0.8244
vn -0.0361 0.9890 -0.1434
vn 0.1376 0.9896 -0.0417
vn 0.1313 0.9816 -0.1389
vn -0.0340 0.9782 -0.2046
vn 0.2862 0.5889 0.7558
vn 0.2864 0.5888 0.7559
vn -0.0335 0.9782 -0.2048
vn -0.0239 0.7154 0.6983
vn 0.0082 0.9793 -0.2024
vn -0.0743 0.9787 -0.1915
vn -0.0077 0.7177 0.6963
vn -0.0102 0.7181 0.6959
vn -0.0731 0.9766 -0.2023
vn -0.1243 0.7179 0.6850
vn -0.1048 0.9743 -0.1993
vn 0.2157 0.9707 -0.1060
vn -0.1276 0.7169 0.6854
vn 0.0024 -0.4523 -0.8919
vn -0.0945 -0.4708 -0.8772
vn -0.0107 0.5138 -0.8578
vn 0.0090 0.5172 -0.8558
vn -0.0914 -0.4619 -0.8822
vn -0.0973 0.6098 -0.7865
vn -0.0928 -0.4622 -0.8819
vn -0.1087 -0.3955 -0.9120
vn -0.1033 0.6116 -0.7844
vn -0.1082 -0.3923 -0.9135
vn 0.1893 0.6378 -0.7466
vn -0.0837 0.6201 -0.7800
vn -0.1027 0.5470 -0.8308
vn 0.1810 0.6014 -0.7782
vn 0.0082 0.9898 -0.1422
vn 0.0117 0.9896 -0.1437
vn 0.1795 0.6027 -0.7775
vn -0.0751 0.9896 -0.1230
vn -0.1105 0.9837 -0.1421
vn 0.1369 0.5840 -0.8001
vn 0.2285 0.6372 -0.7360
vn 0.1104 0.6529 -0.7493
vn 0.2915 0.1052 -0.9508
vn 0.2184 0.6837 -0.6963
vn 0.0938 -0.9816 -0.1664
vn -0.0666 -0.9935 0.0923
vn -0.0021 -0.4305 -0.9026
vn 0.0062 -0.4266 -0.9044
vn -0.0617 -0.9941 0.0890
vn -0.0890 -0.4094 -0.9080
vn -0.0602 -0.9943 0.0884
vn -0.1399 -0.9898 -0.0253
vn -0.0790 -0.4153 -0.9063
vn -0.0874 -0.4168 -0.9048
vn -0.1404 -0.9898 -0.0241
vn -0.1065 -0.3605 -0.9267
vn -0.1422 -0.9895 -0.0241
vn 0.2302 -0.9476 -0.2217
vn -0.1127 -0.3602 -0.9261
vn 0.2510 -0.9476 -0.1975
vn 0.2994 0.1284 -0.9455
vn -0.1139 -0.3694 -0.9223
vn -0.1169 -0.3865 -0.9149
vn 0.2825 0.1039 -0.9536
vn 0.1259 0.6484 -0.7508
vn -0.1466 0.9383 -0.3133
vn -0.0118 0.9630 -0.2693
vn -0.1907 0.9043 -0.3819
vn -0.0485 0.7404 -0.6704
vn -0.0239 0.9606 -0.2769
vn -0.0405 0.9639 -0.2630
vn -0.1013 0.7184 -0.6882
vn -0.0322 0.5289 -0.8481
vn -0.0306 0.5353 -0.8441
vn -0.0777 0.7497 -0.6573
vn -0.0351 -0.4847 -0.8740
vn -0.0776 0.7498 -0.6571
vn -0.0123 -0.5606 -0.8280
vn -0.0354 -0.4835 -0.8746
vn -0.0394 -0.4046 -0.9136
vn -0.0072 -0.5315 -0.8470
vn 0.1612 -0.9795 0.1208
vn -0.0199 -0.5391 -0.8420
vn 0.1288 -0.9625 -0.2387
vn 0.1587 -0.9791 0.1272
vn 0.3959 -0.4221 -0.8156
vn -0.0876 -0.9695 -0.2290
vn 0.3022 -0.8236 -0.4799
vn 0.2411 -0.8045 -0.5428
vn -0.1047 -0.9619 -0.2524
vn 0.1123 -0.8930 -0.4358
vn 0.1522 -0.8788 -0.4522
vn -0.1337 -0.9563 -0.2601
vn 0.2619 -0.8474 -0.4619
vn 0.2479 -0.8621 -0.4419
vn -0.0755 -0.9556 -0.2847
vn 0.1467 -0.9891 -0.0107
vn -0.0834 -0.9486 -0.3054
vn -0.3695 -0.7820 0.5020
vn 0.1510 -0.9884 0.0179
vn 0.1191 -0.9928 -0.0094
vn -0.4136 -0.7311 0.5426
vn -0.5737 -0.5421 0.6140
vn -0.3644 -0.8018 0.4736
vn -0.0617 0.6348 0.7702
vn -0.5733 -0.5830 0.5757
vn -0.5844 -0.5561 0.5909
vn -0.0630 0.6319 0.7725
vn -0.3023 -0.4286 0.8514
vn -0.2978 -0.4408 0.8468
vn -0.0346 0.6217 0.7825
vn -0.1229 0.8836 0.4519
vn -0.0816 0.6215 0.7791
vn 0.6092 0.6493 0.4553
vn -0.1622 0.8700 0.4655
vn -0.1398 0.8735 0.4663
vn 0.5762 0.6681 0.4708
vn 0.2922 0.7493 0.5943
vn 0.5659 0.6787 0.4681
vn 0.6965 0.4911 -0.5232
vn 0.2791 0.7516 0.5977
vn -0.7306 0.4803 0.4853
vn -0.5621 -0.6409 0.5228
vn -0.2218 -0.8148 0.5357
vn -0.5642 -0.6374 0.5248
vn 0.2988 -0.7401 0.6025
vn -0.2292 -0.8147 0.5327
vn -0.3955 -0.4787 -0.7838
vn -0.5395 0.7120 -0.4494
vn 0.4071 -0.3308 -0.8514
vn -0.5355 0.7106 -0.4563
vn -0.5903 -0.1846 -0.7858
vn 0.4084 -0.3130 -0.8575
vn 0.4435 -0.3383 -0.8300
vn -0.6003 -0.2213 -0.7686
vn 0.8576 0.0183 -0.5140
vn 0.8556 0.0247 -0.5170
vn -0.5929 -0.2180 -0.7752
vn 0.1223 -0.0087 -0.9925
vn -0.6402 -0.1466 -0.7541
vn -0.5203 -0.6008 -0.6069
vn 0.1332 -0.0121 -0.9910
vn -0.5252 -0.5680 -0.6337
vn -0.4451 -0.0806 -0.8918
vn 0.1249 -0.0143 -0.9921
vn 0.1512 0.0485 -0.9873
vn -0.4715 -0.0786 -0.8783
vn -0.2005 0.1126 -0.9732
vn -0.1570 0.0962 -0.9829
vn -0.4010 -0.0976 -0.9109
vn -0.3680 -0.0540 -0.9283
vn -0.4267 -0.0710 -0.9016
vn -0.5179 0.7016 -0.4894
vn -0.3842 -0.0424 -0.9223
vn -0.4151 -0.0364 -0.9090
vn -0.5234 0.6990 -0.4873
vn -0.6699 0.0991 -0.7358
vn -0.5238 0.6992 -0.4865
vn -0.2784 -0.7459 -0.6051
vn -0.6705 0.0982 -0.7354
vn -0.2526 -0.7423 -0.6206
vn -0.3806 -0.7406 -0.5537
vn -0.6511 0.1105 -0.7509
vn -0.3991 -0.7287 -0.5566
vn -0.8166 0.5116 -0.2674
vn -0.6607 0.0869 -0.7456
vn -0.6567 0.0908 -0.7487
vn -0.8110 0.5191 -0.2699
vn -0.4326 0.8088 -0.3985
vn -0.8124 0.5192 -0.2653
vn -0.8071 0.2639 -0.5282
vn -0.4357 0.8094 -0.3937
vn -0.4308 0.8110 -0.3960
vn -0.8094 0.2454 -0.5335
vn -0.5254 0.8460 -0.0906
vn -0.5319 0.8425 -0.0857
vn -0.8356 0.2370 -0.4956
vn -0.6145 0.6968 0.3700
vn -0.8192 0.2470 -0.5176
vn -0.0562 0.8722 -0.4860
vn -0.6188 0.6921 0.3716
vn -0.1761 0.8514 -0.4940
vn -0.7578 0.6264 0.1828
vn -0.6161 0.6926 0.3751
vn -0.6193 0.7058 0.3439
vn -0.7577 0.6317 0.1636
vn -0.2967 -0.4424 0.8463
vn -0.2950 -0.4434 0.8464
vn -0.7555 0.6338 0.1658
vn -0.5506 -0.5853 0.5951
vn -0.7534 0.6355 0.1692
vn -0.7088 -0.3937 0.5853
vn -0.5374 -0.5910 0.6016
vn -0.7295 -0.3566 0.5836
vn 0.2653 -0.9619 -0.0665
vn -0.5681 -0.5563 0.6064
vn -0.5427 -0.5574 0.6283
vn 0.2608 -0.9641 -0.0494
vn 0.1179 -0.9930 -0.0019
vn 0.2026 -0.9610 -0.1880
vn 0.0284 -0.9808 -0.1928
vn 0.0592 -0.9982 0.0112
vn 0.1198 -0.9928 0.0094
vn 0.1026 -0.9844 -0.1426
vn 0.2594 -0.8668 -0.4259
vn 0.2680 -0.8998 -0.3443
vn 0.0684 -0.9896 -0.1267
vn 0.1152 -0.9260 -0.3595
vn 0.0693 -0.9885 -0.1346
vn 0.2036 -0.8685 -0.4519
vn 0.1232 -0.9167 -0.3801
vn 0.2590 -0.8609 -0.4379
vn 0.5256 -0.4826 -0.7006
vn 0.1263 -0.9181 -0.3756
vn 0.0986 -0.9124 -0.3973
vn 0.5155 -0.4823 -0.7083
vn 0.1675 -0.8147 -0.5551
vn 0.2140 -0.8259 -0.5217
vn 0.5030 -0.4838 -0.7162
vn 0.3445 -0.8042 0.4844
vn 0.5087 -0.5046 -0.6976
vn 0.3538 -0.9267 0.1266
vn 0.3563 -0.8027 0.4783
vn -0.2979 -0.4418 0.8462
vn -0.1376 0.8785 0.4574
vn -0.6258 0.6981 0.3479
vn -0.6325 0.6822 0.3668
vn -0.1415 0.8491 0.5089
vn -0.2682 0.9607 -0.0717
vn -0.2299 0.9712 -0.0625
vn -0.1210 0.8640 0.4888
vn 0.0639 0.9939 0.0897
vn -0.0540 0.8852 0.4620
vn 0.3074 0.7351 0.6042
vn 0.0573 0.9952 0.0793
vn 0.0345 0.9955 0.0878
vn 0.2572 0.7367 0.6254
vn 0.4374 0.4350 0.7871
vn -0.6339 0.6841 0.3608
vn -0.2612 0.9635 -0.0582
vn -0.5449 0.8318 -0.1058
vn -0.5544 0.8273 -0.0906
vn -0.2918 0.9565 0.0001
vn -0.3861 0.5739 -0.7222
vn -0.3663 0.5713 -0.7345
vn -0.2337 0.9722 -0.0144
vn 0.0349 0.8053 -0.5919
vn -0.2115 0.9773 0.0099
vn 0.0621 0.9927 0.1034
vn 0.0317 0.7998 -0.5994
vn 0.0352 0.9946 0.0979
vn 0.8519 0.0079 -0.5237
vn 0.0037 0.8051 -0.5931
vn 0.0050 0.8195 -0.5730
vn 0.8586 0.0096 -0.5125
vn -0.1890 0.0861 -0.9782
vn 0.8540 0.0113 -0.5202
vn 0.1255 -0.0193 -0.9919
vn -0.1758 0.0890 -0.9804
vn -0.6727 0.0905 -0.7344
vn -0.4445 0.8079 -0.3870
vn -0.4099 -0.0634 -0.9099
vn -0.4073 -0.0625 -0.9112
vn -0.4453 0.8078 -0.3864
vn -0.3991 0.5983 -0.6948
vn -0.4601 0.7920 -0.4013
vn -0.5546 0.8275 -0.0874
vn -0.3870 0.5718 -0.7234
vn -0.3793 -0.0630 -0.9231
vn -0.3562 0.6076 -0.7099
vn -0.1583 0.0893 -0.9833
vn -0.3372 0.6270 -0.7023
vn 0.0311 0.8147 -0.5790
vn -0.1602 0.0825 -0.9836
vn 0.1271 0.1096 0.9858
vn 0.3343 0.0311 0.9420
vn 0.3495 -0.8082 0.4740
vn 0.3486 -0.8079 0.4752
vn 0.3327 0.0313 0.9425
vn 0.2463 -0.8289 -0.5023
vn 0.2446 -0.8293 -0.5025
vn 0.3323 0.0310 0.9427
vn 0.3566 -0.4577 -0.8145
vn 0.3627 -0.4452 -0.8187
vn 0.3307 0.0313 0.9432
vn 0.6908 0.5002 -0.5221
vn 0.7009 0.4914 -0.5170
vn 0.3434 0.0505 0.9378
vn 0.2850 0.7509 0.5958
vn 0.3318 0.0324 0.9428
vn 0.1259 0.1100 0.9859
vn 0.2837 0.7445 0.6044
vn 0.2799 0.7613 0.5849
vn 0.1214 0.1063 0.9869
vn 0.4462 0.4510 0.7730
vn 0.4385 0.4412 0.7830
vn 0.1242 0.1113 0.9860
vn 0.2648 -0.7607 0.5927
vn 0.2893 -0.7306 0.6184
vn 0.1258 0.1097 0.9860
vn -0.2073 -0.8047 0.5563
vn 0.1246 0.1103 0.9861
vn 0.3186 -0.8233 0.4698
vn -0.2394 -0.7963 0.5556
vn 0.3547 -0.7945 0.4929
vn 0.3741 -0.9165 0.1418
vn -0.2365 -0.7836 0.5745
vn 0.3671 -0.9149 0.1680
vn -0.9357 0.3397 0.0955
vn -0.2367 -0.7864 0.5705
vn -0.2319 -0.7916 0.5654
vn -0.9374 0.3357 0.0931
vn -0.7347 0.4573 0.5011
vn -0.7234 0.4833 0.4931
vn -0.9284 0.3596 0.0935
vn -0.5383 -0.6390 0.5494
vn -0.9288 0.3583 0.0945
vn -0.2780 -0.9600 -0.0322
vn -0.5393 -0.6368 0.5510
vn -0.2890 -0.9567 -0.0348
vn 0.6709 -0.7179 -0.1858
vn -0.5616 -0.6276 0.5392
vn -0.5618 -0.6270 0.5397
vn 0.6716 -0.7177 -0.1844
vn 0.2856 -0.7083 0.6456
vn 0.2698 -0.7307 0.6271
vn 0.6504 -0.7345 -0.1935
vn 0.4383 0.4397 0.7839
vn 0.6466 -0.7410 -0.1814
vn 0.9239 0.3797 -0.0472
vn 0.4383 0.4394 0.7841
vn 0.4373 0.4362 0.7864
vn 0.9270 0.3717 -0.0497
vn 0.0340 0.9952 0.0915
vn 0.0356 0.9941 0.1025
vn 0.9271 0.3721 -0.0454
vn 0.8529 0.0080 -0.5220
vn 0.8491 0.0234 -0.5277
vn 0.9242 0.3789 -0.0474
vn 0.3908 -0.3147 -0.8650
vn 0.9239 0.3797 -0.0462
vn 0.6461 -0.7435 -0.1727
vn 0.3849 -0.3151 -0.8675
vn 0.4002 -0.3013 -0.8655
vn 0.6773 -0.7169 -0.1656
vn -0.3985 -0.4671 -0.7894
vn 0.6778 -0.7179 -0.1587
vn -0.2874 -0.9574 -0.0276
vn -0.3992 -0.4680 -0.7885
vn -0.3878 -0.4725 -0.7914
vn -0.2789 -0.9598 -0.0308
vn -0.5336 0.7114 -0.4573
vn -0.2788 -0.9599 -0.0305
vn -0.9284 0.3581 0.0991
vn -0.5337 0.7114 -0.4572
vn -0.5393 0.7048 -0.4609
vn -0.9341 0.3444 0.0943
vn -0.5885 -0.2162 -0.7790
vn -0.9357 0.3396 0.0959
vn 0.3743 -0.9105 0.1756
vn -0.5876 -0.2221 -0.7781
vn -0.5815 -0.2172 -0.7840
vn 0.3485 -0.9288 0.1259
vn -0.5146 -0.5673 -0.6429
vn 0.3531 -0.9269 0.1271
vn 0.5090 -0.5043 -0.6975
vn -0.5211 -0.5587 -0.6452
vn -0.5246 -0.5665 -0.6355
vn 0.5071 -0.5009 -0.7014
vn -0.4453 -0.0829 -0.8915
vn 0.5073 -0.5010 -0.7012
vn 0.2371 -0.7999 -0.5513
vn -0.4455 -0.0827 -0.8915
vn -0.4456 -0.0819 -0.8915
vn 0.2382 -0.7993 -0.5517
vn -0.5328 0.6823 -0.5005
vn -0.5307 0.6860 -0.4979
vn 0.2417 -0.7980 -0.5521
vn -0.2772 -0.7209 -0.6352
vn 0.2415 -0.7953 -0.5560
vn 0.0590 -0.9681 -0.2437
vn -0.2807 -0.7196 -0.6352
vn -0.2587 -0.7279 -0.6350
vn 0.0923 -0.9825 -0.1619
vn -0.3863 -0.7253 -0.5699
vn 0.0864 -0.9857 -0.1446
vn 0.2581 -0.9653 -0.0392
vn -0.4260 -0.7472 -0.5100
vn -0.4080 -0.7263 -0.5531
vn 0.2432 -0.9695 -0.0305
vn 0.4079 -0.8043 -0.4320
vn -0.2219 -0.1764 -0.9590
vn 0.0270 -0.6214 -0.7830
vn -0.2859 -0.1579 -0.9452
vn -0.3703 -0.2085 -0.9052
vn 0.0162 -0.5916 -0.8061
vn 0.0317 -0.0855 -0.9958
vn 0.0286 -0.0874 -0.9958
vn 0.0028 -0.6045 -0.7966
vn 0.8318 0.2682 -0.4860
vn 0.0018 -0.6072 -0.7946
vn 0.7756 -0.4567 -0.4358
vn 0.8317 0.2686 -0.4859
vn 0.8316 0.2690 -0.4859
vn 0.7791 -0.4493 -0.4373
vn 0.9367 0.1829 -0.2984
vn 0.7552 -0.4809 -0.4455
vn 0.9804 0.1958 0.0242
vn 0.9312 0.1506 -0.3319
vn 0.9322 0.1605 -0.3244
vn 0.9654 0.2579 -0.0377
vn 0.9394 0.0885 0.3313
vn 0.9255 0.3787 0.0080
vn 0.8870 0.2817 0.3658
vn 0.9374 0.0926 0.3356
vn 0.9114 0.2630 0.3166
vn 0.0509 0.4394 0.8968
vn 0.9405 0.0926 0.3269
vn 0.9402 0.0937 0.3276
vn 0.0511 0.4566 0.8882
vn 0.1022 0.5089 0.8547
vn 0.1241 0.4892 0.8633
vn 0.0753 0.4402 0.8947
vn -0.1897 0.2545 0.9483
vn 0.0723 0.4472 0.8915
vn 0.0902 -0.0488 0.9947
vn -0.1884 0.2987 0.9355
vn -0.2083 0.2678 0.9407
vn 0.0403 -0.0342 0.9986
vn -0.0135 -0.2101 0.9776
vn -0.0141 -0.2089 0.9778
vn 0.0407 -0.0318 0.9987
vn -0.1618 0.2608 0.9517
vn 0.0699 -0.0144 0.9975
vn 0.0957 0.3195 0.9427
vn -0.1421 0.2712 0.9520
vn -0.1308 0.2007 0.9709
vn 0.1084 0.3037 0.9466
vn -0.2988 0.2938 0.9080
vn 0.1046 0.3089 0.9453
vn 0.0005 0.6560 0.7548
vn -0.2704 0.3019 0.9142
vn -0.2881 0.3155 0.9041
vn -0.0001 0.6090 0.7932
vn 0.3553 0.5408 0.7625
vn 0.0968 0.8151 -0.5712
vn 0.0565 0.4132 -0.9089
vn 0.6793 0.4396 -0.5876
vn 0.0702 0.3918 -0.9174
vn 0.5754 0.5949 -0.5613
vn 0.6787 0.4518 -0.5790
vn 0.6925 0.4247 -0.5831
vn 0.6010 0.5707 -0.5595
vn 0.5066 0.2297 -0.8310
vn 0.5199 0.2477 -0.8175
vn 0.5714 0.5978 -0.5623
vn 0.2879 0.8688 -0.4029
vn 0.5707 0.5894 -0.5718
vn 0.6000 0.7944 0.0949
vn 0.2853 0.8503 -0.4422
vn 0.2893 0.8492 -0.4417
vn 0.5994 0.7949 0.0937
vn 0.3363 0.9411 -0.0353
vn 0.3129 0.9435 -0.1094
vn 0.6136 0.7869 0.0662
vn 0.4451 0.6025 0.6625
vn 0.5957 0.7997 0.0751
vn 0.3403 0.5435 0.7673
vn 0.4518 0.6075 0.6533
vn 0.4556 0.6162 0.6424
vn 0.3532 0.5529 0.7547
vn 0.4064 0.4387 0.8015
vn 0.3731 0.5009 0.7810
vn -0.0747 0.6386 0.7659
vn 0.4095 0.4162 0.8119
usemtl 000000002EE61638.png
s off
f 1/1/1 2/2/2 3/3/3
f 4/4/4 5/5/5 6/6/6
f 7/7/7 8/8/8 9/9/9
f 10/10/10 11/11/11 12/12/12
f 13/13/13 14/14/14 15/15/15
f 16/16/16 17/17/17 18/18/18
f 19/19/19 20/20/20 21/21/21
f 22/22/22 23/23/23 24/24/24
f 25/25/25 26/26/26 27/27/27
f 26/26/28 28/28/29 27/27/30
f 27/27/31 28/28/32 29/29/33
f 28/28/34 30/30/35 29/29/36
f 29/29/37 30/30/38 31/31/39
f 30/30/40 32/32/41 31/31/42
f 32/32/43 33/33/44 31/31/45
f 33/33/46 34/34/47 31/31/48
f 31/31/49 34/34/50 35/35/51
f 34/34/52 36/36/53 35/35/54
f 35/35/55 36/36/56 16/16/57
f 36/36/58 37/37/59 16/16/60
f 16/16/61 37/37/62 17/17/63
f 17/17/64 37/37/65 18/18/66
f 37/37/67 38/38/68 18/18/69
f 18/18/70 38/38/71 39/39/72
f 38/38/73 40/40/74 39/39/75
f 40/40/76 41/41/77 39/39/78
f 39/39/79 41/41/80 42/42/81
f 41/41/82 25/25/83 42/42/84
f 25/25/85 27/27/86 42/42/87
f 42/42/88 27/27/89 43/43/90
f 27/27/91 29/29/92 43/43/93
f 43/43/94 29/29/95 35/35/96
f 29/29/97 31/31/98 35/35/99
f 39/39/72 42/42/100 18/18/70
f 42/42/101 43/43/102 18/18/103
f 18/18/18 43/43/104 16/16/105
f 43/43/106 35/35/107 16/16/105
f 19/19/108 21/21/109 44/44/110
f 21/21/111 45/45/112 44/44/113
f 45/45/114 46/46/115 44/44/116
f 44/44/117 46/46/118 47/47/119
f 47/47/120 46/46/121 48/48/122
f 46/46/123 49/49/124 48/48/125
f 49/49/126 50/50/127 48/48/128
f 48/48/129 50/50/130 51/51/131
f 51/51/132 50/50/133 52/52/134
f 50/50/135 20/20/136 52/52/137
f 52/52/138 20/20/139 19/19/140
f 53/53/141 54/54/142 55/55/143
f 55/55/144 54/54/145 56/56/146
f 56/56/147 54/54/148 57/57/149
f 57/57/150 54/54/151 58/58/152
f 58/58/153 54/54/154 59/59/155
f 54/54/156 53/53/157 59/59/158
f 53/53/159 60/60/160 59/59/161
f 59/59/162 60/60/163 61/61/164
f 60/60/165 62/62/166 61/61/167
f 62/62/168 63/63/169 61/61/170
f 61/61/171 63/63/172 64/64/173
f 63/63/174 65/65/175 64/64/176
f 64/64/177 65/65/178 66/66/179
f 66/66/180 65/65/181 67/67/182
f 65/65/183 68/68/184 67/67/185
f 67/67/186 68/68/187 69/69/188
f 68/68/189 70/70/190 69/69/191
f 69/69/192 70/70/193 71/71/194
f 70/70/195 72/72/196 71/71/197
f 72/72/198 73/73/199 71/71/200
f 73/73/201 74/74/202 71/71/203
f 71/71/204 74/74/205 57/57/206
f 74/74/207 56/56/208 57/57/209
f 61/61/171 64/64/173 59/59/210
f 59/59/211 64/64/212 58/58/213
f 58/58/214 64/64/215 67/67/216
f 64/64/215 66/66/217 67/67/216
f 67/67/218 69/69/219 58/58/220
f 58/58/221 69/69/222 57/57/223
f 69/69/224 71/71/225 57/57/226
f 75/75/227 76/76/228 77/77/229
f 76/76/230 78/78/231 77/77/232
f 78/78/233 79/79/234 77/77/235
f 77/77/236 79/79/237 80/80/238
f 80/80/239 79/79/240 81/81/241
f 79/79/242 82/82/243 81/81/244
f 81/81/245 82/82/246 83/83/247
f 82/82/248 84/84/249 83/83/250
f 83/83/251 84/84/252 85/85/253
f 84/84/254 86/86/255 85/85/256
f 86/86/257 87/87/258 85/85/259
f 87/87/260 88/88/261 85/85/262
f 88/88/263 89/89/264 85/85/265
f 89/89/266 90/90/267 85/85/268
f 90/90/269 91/91/270 85/85/271
f 85/85/272 91/91/273 83/83/274
f 91/91/275 92/92/276 83/83/277
f 83/83/278 92/92/279 81/81/280
f 92/92/281 93/93/282 81/81/283
f 81/81/284 93/93/285 80/80/286
f 80/80/287 93/93/288 77/77/289
f 93/93/290 94/94/291 77/77/292
f 77/77/293 94/94/294 75/75/295
f 95/95/296 96/96/297 97/97/298
f 97/97/299 96/96/300 98/98/301
f 98/98/302 96/96/303 99/99/304
f 99/99/305 96/96/306 100/100/307
f 100/100/308 96/96/309 101/101/310
f 101/101/311 96/96/312 102/102/313
f 96/96/314 95/95/315 102/102/316
f 103/103/317 93/93/318 104/104/319
f 93/93/320 92/92/321 104/104/322
f 104/104/323 92/92/324 105/105/325
f 92/92/326 91/91/327 105/105/328
f 91/91/329 106/106/330 105/105/331
f 105/105/332 106/106/333 107/107/334
f 107/107/335 106/106/336 108/108/337
f 108/108/338 106/106/339 12/109/340
f 106/106/341 109/110/342 12/109/343
f 109/110/344 110/111/345 12/109/346
f 12/109/347 110/111/348 10/112/349
f 10/112/350 110/111/351 111/113/352
f 110/111/353 103/103/354 111/113/355
f 103/103/356 104/104/357 111/113/358
f 111/113/359 104/104/360 112/114/361
f 104/104/362 105/105/363 112/114/364
f 112/114/365 105/105/366 107/107/367
f 113/115/368 114/116/369 115/117/370
f 114/116/371 116/118/372 115/117/373
f 116/118/374 117/119/375 115/117/376
f 117/119/377 118/120/378 115/117/379
f 115/117/380 118/120/381 119/121/382
f 118/120/383 120/122/384 119/121/385
f 120/122/386 121/123/387 119/121/388
f 121/123/389 113/115/390 119/121/391
f 119/121/392 113/115/393 115/117/394
f 122/124/395 123/125/396 124/126/397
f 123/125/398 125/127/399 124/126/400
f 125/127/401 126/128/402 124/126/403
f 126/128/404 127/129/405 124/126/406
f 124/126/407 127/129/408 128/130/409
f 127/129/410 129/131/411 128/130/412
f 128/130/413 129/131/414 130/132/415
f 129/131/416 131/133/417 130/132/418
f 130/132/419 131/133/420 132/134/421
f 131/133/422 133/135/423 132/134/424
f 132/134/425 133/135/426 134/136/427
f 133/135/428 135/137/429 134/136/430
f 135/137/431 136/138/432 134/136/433
f 134/136/434 136/138/435 137/139/436
f 136/138/437 138/140/438 137/139/439
f 137/139/440 138/140/441 139/141/442
f 138/140/443 140/142/444 139/141/445
f 139/141/446 140/142/447 141/143/448
f 140/142/449 122/124/450 141/143/451
f 122/124/452 124/126/453 141/143/454
f 124/126/455 128/130/456 141/143/457
f 141/143/458 128/130/459 120/122/460
f 120/122/461 128/130/462 121/123/463
f 128/130/464 130/132/465 121/123/466
f 121/123/467 130/132/468 113/115/469
f 113/115/470 130/132/471 114/116/472
f 130/132/473 132/134/474 114/116/475
f 114/116/476 132/134/477 116/118/478
f 116/118/479 132/134/480 117/119/481
f 132/134/482 134/136/483 117/119/484
f 134/136/485 137/139/486 117/119/487
f 117/119/488 137/139/489 118/120/490
f 137/139/491 139/141/492 118/120/493
f 118/120/494 139/141/495 120/122/496
f 139/141/497 141/143/498 120/122/499
f 142/144/500 143/145/501 144/146/502
f 144/146/503 143/145/504 145/147/505
f 145/147/506 143/145/507 146/148/508
f 143/145/509 147/149/510 146/148/511
f 147/149/512 148/150/513 146/148/514
f 146/148/515 148/150/516 149/151/517
f 149/151/518 148/150/519 150/152/520
f 148/150/521 151/153/522 150/152/523
f 144/146/524 145/147/525 152/154/526
f 152/154/527 145/147/528 153/155/529
f 145/147/530 146/148/531 153/155/532
f 146/148/533 149/151/534 153/155/535
f 153/155/536 149/151/537 150/152/538
f 154/156/539 155/157/540 156/158/541
f 156/158/542 155/157/543 157/159/544
f 157/159/545 155/157/546 158/160/547
f 158/160/548 155/157/549 142/144/550
f 142/144/551 155/157/552 143/145/553
f 143/145/554 155/157/555 147/149/556
f 155/157/557 154/156/558 147/149/559
f 154/156/560 159/161/561 147/149/562
f 147/149/563 159/161/564 148/150/565
f 159/161/566 160/162/567 148/150/568
f 148/150/569 160/162/570 151/153/571
f 160/162/572 13/163/573 151/153/574
f 13/163/575 15/164/576 151/153/577
f 15/164/578 161/165/579 151/153/580
f 151/153/581 161/165/582 150/152/583
f 150/152/584 161/165/585 153/155/586
f 161/165/587 162/166/588 153/155/589
f 153/155/590 162/166/591 152/154/592
f 162/166/593 163/167/594 152/154/595
f 152/154/596 163/167/597 144/146/598
f 144/146/599 163/167/600 142/144/601
f 142/144/602 163/167/603 158/160/604
f 163/167/605 164/168/606 158/160/607
f 164/168/608 165/169/609 158/160/610
f 158/160/611 165/169/612 157/159/613
f 166/170/614 167/171/615 168/172/616
f 168/172/617 167/171/618 169/173/619
f 169/173/620 167/171/621 170/174/622
f 167/171/623 171/175/624 170/174/625
f 171/175/626 172/176/627 170/174/628
f 172/176/629 173/177/630 170/174/631
f 170/174/632 173/177/633 174/178/634
f 174/178/635 173/177/636 175/179/637
f 173/177/638 176/180/639 175/179/640
f 176/180/641 177/181/642 175/179/643
f 175/179/644 177/181/645 178/182/646
f 177/181/647 179/183/648 178/182/649
f 179/183/650 180/184/651 178/182/652
f 178/182/653 180/184/654 181/185/655
f 180/184/656 182/186/657 181/185/658
f 182/186/659 168/172/660 181/185/661
f 181/185/662 168/172/663 183/187/664
f 168/172/665 169/173/666 183/187/667
f 183/187/668 169/173/669 184/188/670
f 169/173/671 170/174/672 184/188/673
f 170/174/674 174/178/675 184/188/676
f 184/188/677 174/178/678 178/182/679
f 174/178/680 175/179/681 178/182/682
f 184/188/683 178/182/684 183/187/685
f 178/182/686 181/185/687 183/187/688
f 167/171/689 166/170/690 185/189/691
f 185/189/692 166/170/693 186/190/694
f 166/170/695 187/191/696 186/190/697
f 186/190/698 187/191/699 188/192/700
f 188/192/701 187/191/702 189/193/703
f 187/191/704 190/194/705 189/193/706
f 190/194/707 191/195/708 189/193/709
f 189/193/710 191/195/711 192/196/712
f 191/195/713 193/197/714 192/196/715
f 193/197/716 194/198/717 192/196/718
f 194/198/719 195/199/720 192/196/721
f 195/199/722 196/200/723 192/196/724
f 192/196/725 196/200/726 197/201/727
f 196/200/728 185/189/729 197/201/730
f 185/189/731 186/190/732 197/201/733
f 186/190/734 188/192/735 197/201/736
f 197/201/737 188/192/738 192/196/739
f 188/192/740 189/193/741 192/196/742
f 198/202/743 199/203/744 200/204/745
f 200/204/746 199/203/747 201/205/748
f 199/203/749 202/206/750 201/205/751
f 201/205/752 202/206/753 203/207/754
f 202/206/755 204/208/756 203/207/757
f 203/207/758 204/208/759 205/209/760
f 204/208/761 206/210/762 205/209/763
f 205/209/764 206/210/765 207/211/766
f 206/210/767 208/212/768 207/211/769
f 207/211/770 208/212/771 209/213/772
f 208/212/773 210/214/774 209/213/775
f 209/213/776 210/214/777 211/215/778
f 210/214/779 212/216/780 211/215/781
f 211/215/782 212/216/783 213/217/784
f 212/216/785 214/218/786 213/217/787
f 213/217/788 214/218/789 215/219/790
f 214/218/791 216/220/792 215/219/793
f 215/219/794 216/220/795 217/221/796
f 216/220/797 218/222/798 217/221/799
f 217/221/800 218/222/801 219/223/802
f 218/222/803 220/224/804 219/223/805
f 219/223/806 220/224/807 221/225/808
f 220/224/809 222/226/810 221/225/811
f 221/225/812 222/226/813 223/227/814
f 222/226/815 224/228/816 223/227/817
f 223/227/818 224/228/819 225/229/820
f 224/228/821 226/230/822 225/229/823
f 225/229/824 226/230/825 227/231/826
f 226/230/827 228/232/828 227/231/829
f 227/231/830 228/232/831 229/233/832
f 228/232/833 230/234/834 229/233/835
f 229/233/836 230/234/837 231/235/838
f 230/234/839 232/236/840 231/235/841
f 231/235/842 232/236/843 233/237/844
f 232/236/843 234/238/845 233/237/846
f 233/237/847 234/238/848 235/239/849
f 234/238/850 236/240/851 235/239/852
f 235/239/853 236/240/854 237/241/855
f 236/240/854 238/242/856 237/241/857
f 237/241/858 238/242/859 239/243/860
f 238/242/861 240/244/862 239/243/863
f 239/243/864 240/244/865 241/245/866
f 240/244/867 242/246/868 241/245/869
f 241/245/870 242/246/871 243/247/872
f 242/246/873 244/248/874 243/247/875
f 243/247/876 244/248/877 245/249/878
f 244/248/879 246/250/880 245/249/881
f 245/249/882 246/250/883 247/251/884
f 246/250/885 248/252/886 247/251/887
f 247/251/888 248/252/889 23/23/890
f 248/252/891 249/253/892 23/23/893
f 23/23/894 249/253/895 24/24/896
f 249/253/897 250/254/898 24/24/899
f 24/24/900 250/254/901 22/22/902
f 250/254/903 198/202/904 22/22/905
f 198/202/906 200/204/907 22/22/908
f 22/22/909 200/204/910 23/23/911
f 200/204/912 201/205/913 23/23/914
f 23/23/915 201/205/916 247/251/917
f 201/205/918 203/207/919 247/251/920
f 247/251/921 203/207/922 245/249/923
f 203/207/924 205/209/925 245/249/926
f 245/249/927 205/209/928 243/247/929
f 205/209/930 207/211/931 243/247/932
f 243/247/933 207/211/934 241/245/935
f 241/245/936 207/211/937 251/255/938
f 207/211/939 209/213/940 251/255/941
f 209/213/942 211/215/943 251/255/944
f 251/255/945 211/215/946 252/256/947
f 252/256/948 211/215/949 253/257/950
f 211/215/951 213/217/952 253/257/953
f 213/217/954 215/219/955 253/257/956
f 253/257/957 215/219/958 219/223/959
f 215/219/960 217/221/961 219/223/962
f 231/235/963 233/237/964 229/233/965
f 229/233/966 233/237/967 227/231/968
f 227/231/969 233/237/970 225/229/971
f 233/237/972 235/239/973 225/229/974
f 225/229/975 235/239/976 223/227/977
f 235/239/978 237/241/979 223/227/980
f 223/227/981 237/241/982 254/258/983
f 254/258/984 237/241/985 252/256/986
f 237/241/987 239/243/988 252/256/989
f 252/256/990 239/243/991 251/255/992
f 239/243/993 241/245/994 251/255/995
f 221/225/996 223/227/997 219/223/998
f 223/227/999 254/258/1000 219/223/1001
f 219/223/959 254/258/1002 253/257/1003
f 254/258/1004 252/256/1005 253/257/1006
f 255/259/1007 256/260/1008 257/261/1009
f 257/261/1010 256/260/1011 258/262/1012
f 256/260/1013 259/263/1014 258/262/1015
f 258/262/1016 259/263/1017 260/264/1018
f 259/263/1019 261/265/1020 260/264/1021
f 260/264/1022 261/265/1023 262/266/1024
f 261/265/1025 263/267/1026 262/266/1027
f 262/266/1028 263/267/1029 264/268/1030
f 263/267/1031 265/269/1032 264/268/1033
f 264/268/1034 265/269/1035 266/270/1036
f 265/269/1037 267/271/1038 266/270/1039
f 266/270/1040 267/271/1041 268/272/1042
f 267/271/1043 269/273/1044 268/272/1045
f 268/272/1046 269/273/1047 270/274/1048
f 269/273/1049 271/275/1050 270/274/1051
f 270/274/1052 271/275/1053 272/276/1054
f 271/275/1055 273/277/1056 272/276/1057
f 272/276/1058 273/277/1059 274/278/1060
f 273/277/1061 275/279/1062 274/278/1063
f 274/278/1064 275/279/1065 276/280/1066
f 275/279/1067 277/281/1068 276/280/1069
f 277/281/1070 278/282/1071 276/280/1072
f 276/280/1073 278/282/1074 279/283/1075
f 279/283/1076 278/282/1077 280/284/1078
f 278/282/1079 281/285/1080 280/284/1081
f 281/285/1082 282/286/1083 280/284/1084
f 280/284/1085 282/286/1086 283/287/1087
f 283/287/1088 282/286/1089 284/288/1090
f 282/286/1091 285/289/1092 284/288/1093
f 284/288/1094 285/289/1095 286/290/1096
f 285/289/1097 287/291/1098 286/290/1099
f 287/291/1100 288/292/1101 286/290/1102
f 286/290/1103 288/292/1104 167/171/1105
f 167/171/1106 288/292/1107 171/175/1108
f 288/292/1109 289/293/1110 171/175/1111
f 171/175/1112 289/293/1113 172/176/1114
f 289/293/1115 290/294/1116 172/176/1117
f 172/176/1118 290/294/1119 291/295/1120
f 290/294/1121 292/296/1122 291/295/1123
f 291/295/1124 292/296/1125 293/297/1126
f 292/296/1127 294/298/1128 293/297/1129
f 293/297/1130 294/298/1131 295/299/1132
f 294/298/1133 296/300/1134 295/299/1135
f 295/299/1136 296/300/1137 297/301/1138
f 296/300/1139 298/302/1140 297/301/1141
f 297/301/1142 298/302/1143 299/303/1144
f 298/302/1145 300/304/1146 299/303/1147
f 299/303/1148 300/304/1149 301/305/1150
f 300/304/1151 302/306/1152 301/305/1153
f 301/305/1154 302/306/1155 303/307/1156
f 302/306/1157 304/308/1158 303/307/1159
f 303/307/1160 304/308/1161 305/309/1162
f 304/308/1163 306/310/1164 305/309/1165
f 305/309/1166 306/310/1167 307/311/1168
f 306/310/1169 308/312/1170 307/311/1171
f 307/311/1172 308/312/1173 309/313/1174
f 308/312/1175 310/314/1176 309/313/1177
f 309/313/1178 310/314/1179 311/315/1180
f 310/314/1181 255/259/1182 311/315/1183
f 255/259/1184 257/261/1185 311/315/1186
f 311/315/1187 257/261/1188 312/316/1189
f 257/261/1190 258/262/1191 312/316/1192
f 258/262/1193 260/264/1194 312/316/1195
f 312/316/1196 260/264/1197 313/317/1198
f 313/317/1199 260/264/1200 314/318/1201
f 314/318/1202 260/264/1203 315/319/1204
f 260/264/1205 262/266/1206 315/319/1207
f 315/319/1208 262/266/1209 316/320/1210
f 262/266/1211 264/268/1212 316/320/1213
f 264/268/1214 266/270/1215 316/320/1216
f 316/320/1217 266/270/1218 317/321/1219
f 317/321/1220 266/270/1221 274/278/1222
f 274/278/1223 266/270/1224 272/276/1225
f 272/276/1226 266/270/1227 270/274/1228
f 266/270/1229 268/272/1230 270/274/1231
f 301/305/1232 303/307/1233 299/303/1234
f 299/303/1235 303/307/1236 297/301/1237
f 297/301/1238 303/307/1236 295/299/1239
f 295/299/1240 303/307/1241 318/322/1242
f 318/322/1243 303/307/1244 319/323/1245
f 303/307/1246 305/309/1247 319/323/1248
f 305/309/1249 307/311/1250 319/323/1251
f 319/323/1252 307/311/1253 320/324/1254
f 307/311/1255 309/313/1256 320/324/1257
f 320/324/1258 309/313/1259 321/325/1260
f 321/325/1261 309/313/1262 313/317/1263
f 313/317/1264 309/313/1265 312/316/1266
f 309/313/1267 311/315/1268 312/316/1269
f 295/299/1270 318/322/1271 293/297/1272
f 293/297/1273 318/322/1274 322/326/1275
f 322/326/1276 318/322/1277 323/327/1278
f 323/327/1279 318/322/1280 324/328/1281
f 324/328/1282 318/322/1283 321/325/1284
f 321/325/1285 318/322/1286 320/324/1287
f 318/322/1288 319/323/1289 320/324/1290
f 274/278/1291 276/280/1292 317/321/1293
f 317/321/1294 276/280/1295 325/329/1296
f 276/280/1297 279/283/1298 325/329/1299
f 279/283/1300 280/284/1301 325/329/1302
f 325/329/1303 280/284/1304 326/330/1305
f 326/330/1306 280/284/1307 327/331/1308
f 327/331/1309 280/284/1310 328/332/1311
f 328/332/1312 280/284/1313 329/333/1314
f 280/284/1315 283/287/1316 329/333/1317
f 283/287/1318 284/288/1319 329/333/1320
f 329/333/1321 284/288/1322 167/171/1323
f 284/288/1324 286/290/1325 167/171/1326
f 316/320/1327 317/321/1328 315/319/1329
f 315/319/1330 317/321/1331 314/318/1332
f 314/318/1333 317/321/1334 330/334/1335
f 330/334/1336 317/321/1337 326/330/1338
f 317/321/1339 325/329/1340 326/330/1341
f 293/297/1342 322/326/1343 291/295/1344
f 291/295/1345 322/326/1346 172/176/1347
f 172/176/1348 322/326/1349 173/177/1350
f 173/177/1351 322/326/1352 176/180/1353
f 322/326/1354 323/327/1355 176/180/1356
f 176/180/1357 323/327/1358 177/181/1359
f 177/181/1360 323/327/1361 179/183/1362
f 323/327/1363 324/328/1364 179/183/1365
f 179/183/1366 324/328/1367 180/184/1368
f 180/184/1369 324/328/1370 182/186/1371
f 324/328/1372 321/325/1373 182/186/1374
f 321/325/1375 313/317/1376 182/186/1377
f 182/186/1378 313/317/1379 168/172/1380
f 168/172/1381 313/317/1382 166/170/1383
f 166/170/1384 313/317/1385 187/191/1386
f 187/191/1387 313/317/1388 190/194/1389
f 313/317/1390 314/318/1391 190/194/1392
f 314/318/1393 330/334/1394 190/194/1395
f 190/194/1396 330/334/1397 191/195/1398
f 191/195/1399 330/334/1400 193/197/1401
f 330/334/1400 326/330/1402 193/197/1401
f 193/197/1403 326/330/1404 194/198/1405
f 326/330/1404 327/331/1406 194/198/1405
f 194/198/1407 327/331/1408 195/199/1409
f 327/331/1410 328/332/1411 195/199/1412
f 195/199/1413 328/332/1414 196/200/1415
f 196/200/1416 328/332/1417 185/189/1418
f 185/189/1419 328/332/1420 167/171/1421
f 328/332/1422 329/333/1423 167/171/1424
f 331/335/1425 332/336/1426 333/337/1427
f 333/337/1428 332/336/1429 33/33/1430
f 332/336/1431 334/338/1432 33/33/1433
f 334/338/1434 335/339/1435 33/33/1436
f 33/33/1437 335/339/1438 34/34/1439
f 335/339/1440 336/340/1441 34/34/1442
f 34/34/1443 336/340/1444 36/36/1445
f 336/340/1446 337/341/1447 36/36/1448
f 36/36/1449 337/341/1450 37/37/1451
f 37/37/1452 337/341/1453 38/38/1454
f 38/38/1455 337/341/1456 40/40/1457
f 337/341/1458 336/342/1459 40/40/1460
f 336/342/1461 335/343/1462 40/40/1460
f 40/40/1463 335/343/1464 41/41/1465
f 335/343/1466 334/344/1467 41/41/1468
f 41/41/1469 334/344/1470 25/25/1471
f 334/344/1472 332/345/1473 25/25/1474
f 25/25/1475 332/345/1476 26/26/1477
f 332/345/1478 331/346/1479 26/26/1480
f 331/346/1481 338/347/1482 26/26/1483
f 26/26/1484 338/347/1485 28/28/1486
f 338/347/1487 339/348/1488 28/28/1489
f 28/28/1490 339/348/1491 30/30/1492
f 339/348/1493 340/349/1494 30/30/1495
f 30/30/1496 340/349/1497 32/32/1498
f 340/349/1499 341/350/1500 32/32/1501
f 32/32/1502 341/350/1503 33/33/1504
f 341/350/1505 333/337/1506 33/33/1507
f 342/351/1508 343/352/1509 344/353/1510
f 343/352/1511 345/354/1512 344/353/1513
f 344/353/1514 345/354/1515 346/355/1516
f 347/356/1517 348/357/1518 346/355/1519
f 346/355/1520 348/357/1521 344/353/1522
f 344/353/1523 348/357/1524 349/358/1525
f 348/357/1526 350/359/1527 349/358/1528
f 349/358/1529 350/359/1530 351/360/1531
f 350/359/1532 352/361/1533 351/360/1534
f 351/360/1535 352/361/1536 353/362/1537
f 354/363/1538 355/364/1539 356/365/1540
f 356/365/1541 355/364/1542 357/366/1543
f 355/364/1544 358/367/1545 357/366/1546
f 357/366/1547 358/367/1548 359/368/1549
f 358/367/1550 360/369/1551 359/368/1552
f 359/368/1553 360/369/1554 361/370/1555
f 362/371/1556 363/372/1557 364/373/1558
f 364/373/1559 363/372/1560 361/370/1561
f 363/372/1562 365/374/1563 361/370/1564
f 361/370/1565 365/374/1566 359/368/1567
f 365/374/1568 366/375/1569 359/368/1570
f 359/368/1571 366/375/1572 357/366/1573
f 366/375/1574 367/376/1575 357/366/1576
f 357/366/1577 367/376/1578 356/365/1579
f 367/376/1580 368/377/1581 356/365/1582
f 368/377/1583 369/378/1584 356/365/1585
f 356/365/1586 369/378/1587 354/363/1588
f 369/378/1589 370/379/1590 354/363/1591
f 370/379/1592 135/380/1593 354/363/1594
f 354/363/1595 135/380/1596 355/364/1597
f 135/380/1598 133/381/1599 355/364/1600
f 355/364/1601 133/381/1602 358/367/1603
f 133/381/1604 131/382/1605 358/367/1606
f 358/367/1607 131/382/1608 360/369/1609
f 131/382/1610 371/383/1611 360/369/1612
f 371/383/1613 372/384/1614 360/369/1615
f 360/369/1616 372/384/1617 361/370/1618
f 372/384/1619 364/373/1620 361/370/1621
f 373/385/1622 374/386/1623 375/387/1624
f 374/386/1625 376/388/1626 375/387/1627
f 376/388/1628 377/389/1629 375/387/1630
f 375/387/1631 377/389/1632 378/390/1633
f 377/389/1634 379/391/1635 378/390/1636
f 378/390/1637 379/391/1638 380/392/1639
f 379/391/1640 381/393/1641 380/392/1642
f 381/393/1643 382/394/1644 380/392/1645
f 382/394/1646 383/395/1647 380/392/1648
f 383/395/1649 384/396/1650 380/392/1651
f 384/396/1652 385/397/1653 380/392/1654
f 380/392/1655 385/397/1656 378/390/1657
f 385/397/1658 386/398/1659 378/390/1660
f 378/390/1661 386/398/1662 375/399/1663
f 386/398/1664 387/400/1665 375/399/1666
f 375/399/1667 387/400/1668 373/401/1669
f 388/402/1670 389/403/1671 390/404/1672
f 390/404/1673 389/403/1674 72/72/1675
f 389/403/1676 391/405/1677 72/72/1678
f 72/72/1679 391/405/1680 73/73/1681
f 391/405/1682 392/406/1683 73/73/1684
f 73/73/1685 392/406/1686 74/74/1687
f 392/406/1688 393/407/1689 74/74/1690
f 74/74/1691 393/407/1692 56/56/1693
f 393/407/1694 394/408/1695 56/56/1696
f 56/56/1697 394/408/1698 55/55/1699
f 394/408/1700 388/409/1701 55/55/1702
f 388/409/1703 390/410/1704 55/55/1705
f 55/55/1706 390/410/1707 53/53/1708
f 390/410/1709 395/411/1710 53/53/1711
f 53/53/1712 395/411/1713 60/60/1714
f 395/411/1715 396/412/1716 60/60/1717
f 60/60/1718 396/412/1719 62/62/1720
f 396/412/1721 397/413/1722 62/62/1723
f 397/413/1722 398/414/1724 62/62/1725
f 62/62/1726 398/414/1727 63/63/1728
f 63/63/1729 398/414/1730 65/65/1731
f 65/65/1732 398/414/1733 68/68/1734
f 398/414/1735 397/415/1736 68/68/1737
f 68/68/1738 397/415/1739 70/70/1740
f 397/415/1741 396/416/1742 70/70/1743
f 70/70/1744 396/416/1745 72/72/1746
f 396/416/1747 395/417/1748 72/72/1749
f 72/72/1750 395/417/1751 390/404/1752
f 399/418/1753 400/419/1754 87/420/1755
f 87/420/1756 400/419/1757 401/421/1758
f 401/421/1759 400/419/1760 50/422/1761
f 400/419/1762 402/423/1763 50/422/1764
f 50/422/1765 402/423/1766 20/424/1767
f 403/425/1768 404/426/1769 399/418/1770
f 399/418/1771 404/426/1772 400/419/1773
f 400/419/1774 404/426/1775 402/423/1776
f 404/426/1777 405/427/1778 402/423/1779
f 405/427/1780 406/428/1781 402/423/1782
f 402/423/1783 406/428/1784 407/429/1785
f 407/429/1786 406/428/1787 408/430/1788
f 406/428/1789 409/431/1790 408/430/1791
f 409/431/1792 410/432/1793 408/430/1794
f 410/432/1795 411/433/1796 408/430/1797
f 411/433/1798 21/434/1799 408/430/1800
f 408/430/1801 21/434/1802 407/429/1803
f 21/434/1804 20/424/1805 407/429/1806
f 407/429/1807 20/424/1808 402/423/1809
f 49/435/1810 412/436/1811 50/422/1812
f 50/422/1813 412/436/1814 401/421/1815
f 401/421/1816 412/436/1817 87/420/1818
f 412/436/1819 88/437/1820 87/420/1821
f 413/438/1822 414/439/1823 45/440/1824
f 45/440/1825 414/439/1826 46/441/1827
f 414/439/1828 415/442/1829 46/441/1830
f 46/441/1831 415/442/1832 49/435/1833
f 415/442/1834 416/443/1835 49/435/1836
f 416/443/1837 417/444/1838 49/435/1839
f 49/435/1840 417/444/1841 412/436/1842
f 412/436/1843 417/444/1844 88/437/1845
f 417/444/1846 89/445/1847 88/437/1848
f 418/446/1849 419/447/1850 420/448/1851
f 420/448/1852 419/447/1853 410/432/1854
f 410/432/1855 419/447/1856 411/433/1857
f 419/447/1858 421/449/1859 411/433/1860
f 421/449/1861 422/450/1862 411/433/1863
f 411/433/1864 422/450/1865 21/434/1866
f 21/434/1867 422/450/1868 45/440/1869
f 422/450/1870 423/451/1871 45/440/1872
f 45/440/1873 423/451/1874 413/438/1875
f 423/451/1876 424/452/1877 413/438/1878
f 413/438/1879 424/452/1880 414/439/1881
f 424/452/1882 425/453/1883 414/439/1884
f 414/439/1885 425/453/1886 415/442/1887
f 425/453/1888 426/454/1889 415/442/1890
f 426/454/1891 427/455/1892 415/442/1893
f 415/442/1894 427/455/1895 416/443/1896
f 416/443/1897 427/455/1898 417/444/1899
f 427/455/1900 428/456/1901 417/444/1902
f 428/456/1903 90/457/1904 417/444/1905
f 417/444/1906 90/457/1907 89/445/1908
f 404/458/1909 403/459/1910 429/460/1911
f 403/459/1912 430/461/1913 429/460/1914
f 429/460/1915 430/461/1916 431/462/1917
f 430/461/1918 432/463/1919 431/462/1920
f 431/462/1921 432/463/1922 420/448/1923
f 432/463/1924 418/446/1925 420/448/1926
f 433/464/1927 434/465/1928 435/466/1929
f 435/466/1930 434/465/1931 436/467/1932
f 436/467/1933 434/465/1934 343/352/1935
f 434/465/1936 345/354/1937 343/352/1938
f 111/468/1939 112/469/1940 435/466/1941
f 435/466/1942 112/469/1943 433/464/1944
f 112/469/1945 107/470/1946 433/464/1947
f 437/471/1948 438/472/1949 98/98/1950
f 98/98/1951 438/472/1952 97/97/1953
f 97/97/1954 438/472/1955 95/95/1956
f 438/472/1957 439/473/1958 95/95/1959
f 439/473/1960 440/474/1961 95/95/1962
f 440/474/1963 441/475/1964 95/95/1965
f 441/475/1966 442/476/1967 95/95/1968
f 95/95/1969 442/476/1970 102/102/1971
f 442/476/1972 443/477/1973 102/102/1974
f 444/478/1975 445/479/1976 443/477/1977
f 443/477/1978 445/479/1979 102/102/1980
f 102/102/1981 445/479/1982 101/101/1983
f 445/479/1984 446/480/1985 101/101/1986
f 101/101/1987 446/480/1988 100/100/1989
f 100/100/1990 446/480/1991 447/481/1992
f 446/480/1993 448/482/1994 447/481/1995
f 449/483/1996 450/484/1997 440/474/1998
f 440/474/1999 450/484/2000 441/475/2001
f 441/475/2002 450/484/2003 442/476/2004
f 450/484/2005 451/485/2006 442/476/2007
f 442/476/2008 451/485/2009 443/477/2010
f 451/485/2011 452/486/2012 443/477/2013
f 452/486/2014 453/487/2015 443/477/2016
f 443/477/2017 453/487/2018 444/478/2019
f 453/487/2020 454/488/2021 444/478/2022
f 455/489/2023 456/490/2024 457/491/2025
f 457/491/2026 456/490/2027 458/492/2028
f 456/490/2029 420/448/2030 458/492/2031
f 458/492/2032 420/448/2033 459/493/2034
f 420/448/2035 410/432/2036 459/493/2037
f 410/432/2038 409/431/2039 459/493/2040
f 459/493/2041 409/431/2042 460/494/2043
f 460/494/2044 409/431/2045 461/495/2046
f 409/431/2047 406/428/2048 461/495/2049
f 406/428/2050 405/427/2051 461/495/2052
f 405/427/2053 462/496/2054 461/495/2055
f 462/496/2056 463/497/2057 461/495/2058
f 463/497/2059 464/498/2060 461/495/2061
f 464/498/2062 465/499/2063 461/495/2064
f 461/495/2065 465/499/2066 460/494/2067
f 460/494/2068 465/499/2069 459/493/2070
f 465/499/2071 466/500/2072 459/493/2073
f 466/500/2074 457/491/2075 459/493/2076
f 459/493/2077 457/491/2078 458/492/2079
f 404/426/2080 467/501/2081 405/427/2082
f 405/427/2083 467/501/2084 462/496/2085
f 462/496/2086 467/501/2087 463/497/2088
f 467/501/2089 468/502/2090 463/497/2091
f 468/502/2092 373/401/2093 463/497/2094
f 373/401/2095 387/400/2096 463/497/2097
f 387/400/2098 469/503/2099 463/497/2100
f 463/497/2101 469/503/2102 464/498/2103
f 469/503/2104 383/395/2105 464/498/2106
f 464/498/2107 383/395/2108 465/499/2109
f 465/499/2110 383/395/2111 466/500/2112
f 383/395/2113 382/394/2114 466/500/2115
f 466/500/2116 382/394/2117 457/491/2118
f 382/394/2119 381/393/2120 457/491/2121
f 381/393/2122 470/504/2123 457/491/2124
f 457/491/2125 470/504/2126 455/489/2127
f 470/504/2128 374/386/2129 455/489/2130
f 374/386/2131 471/505/2132 455/489/2133
f 455/489/2134 471/505/2135 456/490/2136
f 471/505/2137 472/506/2138 456/490/2139
f 472/506/2140 429/460/2141 456/490/2142
f 429/460/2143 431/462/2144 456/490/2145
f 456/490/2146 431/462/2147 420/448/2148
f 165/507/2149 164/508/2150 473/509/2151
f 164/508/2152 474/510/2153 473/509/2154
f 473/509/2155 474/510/2156 475/511/2157
f 475/511/2158 474/510/2159 476/512/2160
f 476/512/2161 474/510/2162 5/5/2163
f 5/5/2164 474/510/2165 6/6/2166
f 474/510/2167 477/513/2168 6/6/2169
f 6/6/2170 477/513/2171 4/4/2172
f 4/4/2173 477/513/2174 478/514/2175
f 477/513/2176 479/515/2177 478/514/2178
f 478/514/2179 479/515/2180 480/516/2181
f 473/509/2182 475/511/2183 481/517/2184
f 481/517/2185 475/511/2186 482/518/2187
f 475/511/2188 476/512/2189 482/518/2190
f 162/519/2191 483/520/2192 163/521/2193
f 163/521/2194 483/520/2195 164/508/2196
f 164/508/2197 483/520/2198 474/510/2199
f 474/510/2200 483/520/2201 477/513/2202
f 483/520/2203 484/522/2204 477/513/2205
f 477/513/2206 484/522/2207 479/515/2208
f 484/522/2209 485/523/2210 479/515/2211
f 485/523/2212 486/524/2213 479/515/2214
f 479/515/2215 486/524/2216 480/516/2217
f 480/516/2218 486/524/2219 487/525/2220
f 486/524/2221 488/526/2222 487/525/2223
f 487/525/2224 488/526/2225 8/8/2226
f 8/8/2227 488/526/2228 9/9/2229
f 488/526/2230 489/527/2231 9/9/2232
f 154/528/2233 156/529/2234 159/530/2235
f 159/530/2236 156/529/2237 160/531/2238
f 160/531/2238 156/529/2237 13/532/2239
f 156/529/2237 157/533/2240 13/532/2241
f 157/533/2240 165/534/2242 13/532/2241
f 13/532/2241 165/534/2242 14/535/2243
f 165/534/2244 473/536/2245 14/535/2243
f 14/535/2243 473/536/2245 490/537/2246
f 473/536/2245 481/538/2247 490/537/2246
f 490/537/2248 481/538/2247 482/539/2249
f 370/540/2250 369/541/2251 135/542/2252
f 135/542/2253 369/541/2251 491/543/2254
f 369/541/2251 368/544/2255 491/543/2256
f 368/544/2257 125/545/2258 491/543/2259
f 125/545/2260 123/546/2261 491/543/2254
f 491/543/2254 123/546/2262 492/547/2263
f 492/547/2264 123/546/2265 140/548/2266
f 123/546/2261 122/549/2267 140/548/2266
f 491/543/2268 492/547/2269 135/542/2270
f 135/542/2253 492/547/2271 136/550/2272
f 136/550/2273 492/547/2274 138/551/2275
f 492/547/2276 140/548/2266 138/551/2277
f 493/552/2278 494/553/2279 495/554/2280
f 495/554/2281 494/553/2282 496/555/2283
f 494/553/2284 497/556/2285 496/555/2286
f 496/555/2287 497/556/2288 498/557/2289
f 497/556/2290 499/558/2291 498/557/2292
f 498/557/2293 499/558/2294 500/559/2295
f 499/558/2296 501/560/2297 500/559/2298
f 500/559/2299 501/560/2300 502/561/2301
f 501/560/2302 503/562/2303 502/561/2304
f 502/561/2305 503/562/2306 504/563/2307
f 504/563/2308 503/562/2309 495/564/2310
f 503/562/2311 493/565/2312 495/564/2313
f 505/566/2314 506/567/2315 493/552/2316
f 493/552/2317 506/567/2318 494/553/2319
f 506/567/2320 507/568/2321 494/553/2322
f 494/553/2323 507/568/2324 497/556/2325
f 506/567/2326 505/566/2327 507/568/2328
f 505/566/2329 508/569/2330 507/568/2331
f 507/568/2332 508/569/2333 509/570/2334
f 508/569/2335 510/571/2336 509/570/2337
f 509/570/2338 510/571/2339 511/572/2340
f 511/572/2341 510/571/2342 512/573/2343
f 510/571/2344 513/574/2345 512/573/2346
f 512/573/2346 513/574/2347 514/575/2348
f 513/574/2349 515/576/2350 514/575/2351
f 514/575/2352 515/576/2353 516/577/2354
f 515/576/2355 517/578/2356 516/577/2357
f 516/577/2358 517/578/2359 518/579/2360
f 517/578/2361 519/580/2362 518/579/2363
f 518/579/2364 519/580/2365 520/581/2366
f 519/580/2367 521/582/2368 520/581/2369
f 520/581/2370 521/582/2371 522/583/2372
f 521/582/2373 523/584/2374 522/583/2375
f 522/583/2376 523/584/2377 2/2/2378
f 2/2/2379 523/584/2380 3/3/2381
f 3/3/2382 523/584/2383 524/585/2384
f 523/584/2385 521/586/2386 524/585/2387
f 524/585/2388 521/586/2389 525/587/2390
f 525/587/2391 521/586/2392 526/588/2393
f 521/586/2394 519/589/2395 526/588/2396
f 519/589/2397 517/590/2398 526/588/2399
f 526/588/2400 517/590/2401 331/591/2402
f 331/591/2403 517/590/2404 527/592/2405
f 517/590/2406 515/593/2407 527/592/2408
f 515/593/2409 528/594/2410 527/592/2411
f 528/594/2412 529/595/2413 527/592/2414
f 527/592/2415 529/595/2416 525/587/2417
f 525/587/2418 529/595/2419 524/585/2420
f 524/585/2421 529/595/2422 530/596/2423
f 529/595/2424 531/597/2425 530/596/2426
f 530/596/2427 531/597/2428 333/598/2429
f 333/598/2430 531/597/2431 331/599/2432
f 531/597/2433 532/600/2434 331/599/2435
f 331/599/2436 532/600/2437 338/601/2438
f 338/601/2439 532/600/2440 533/602/2441
f 532/600/2442 513/603/2443 533/602/2444
f 513/603/2445 510/604/2446 533/602/2447
f 510/604/2448 508/605/2449 533/602/2450
f 533/602/2451 508/605/2452 534/606/2453
f 534/606/2454 508/605/2455 535/607/2456
f 508/605/2457 505/608/2458 535/607/2459
f 535/607/2460 505/608/2461 536/609/2462
f 505/608/2463 537/610/2464 536/609/2465
f 537/610/2466 538/611/2467 536/609/2468
f 536/609/2469 538/611/2470 539/612/2471
f 539/612/2472 538/611/2473 540/613/2474
f 538/611/2475 541/614/2476 540/613/2477
f 541/614/2478 542/615/2479 540/613/2480
f 540/613/2481 542/615/2482 543/616/2483
f 543/616/2484 542/615/2485 544/617/2486
f 542/615/2487 545/618/2488 544/617/2489
f 544/617/2490 545/618/2491 546/619/2492
f 545/618/2493 507/568/2494 546/619/2495
f 507/568/2496 509/570/2497 546/619/2498
f 509/570/2499 511/572/2500 546/619/2501
f 546/619/2502 511/572/2503 547/620/2504
f 511/572/2505 512/573/2506 547/620/2507
f 547/620/2508 512/573/2509 548/621/2510
f 548/621/2511 512/573/2512 549/622/2513
f 512/573/2514 514/575/2515 549/622/2516
f 514/575/2517 516/577/2518 549/622/2519
f 549/622/2520 516/577/2521 2/2/2522
f 2/2/2523 516/577/2524 522/583/2525
f 516/577/2526 518/579/2527 522/583/2528
f 522/583/2529 518/579/2530 520/581/2531
f 333/598/2532 341/623/2533 530/596/2534
f 530/596/2535 341/623/2536 550/624/2537
f 341/623/2538 340/625/2539 550/624/2540
f 550/624/2541 340/625/2542 539/612/2543
f 539/612/2544 340/625/2545 536/609/2546
f 340/625/2547 339/626/2548 536/609/2549
f 536/609/2550 339/626/2551 535/607/2552
f 339/626/2553 338/601/2554 535/607/2555
f 535/607/2556 338/601/2557 534/606/2558
f 338/601/2559 533/602/2560 534/606/2561
f 331/591/2562 527/592/2563 526/588/2564
f 527/592/2565 525/587/2566 526/588/2567
f 539/612/2568 540/613/2569 550/624/2570
f 550/624/2571 540/613/2572 551/627/2573
f 540/613/2574 543/616/2575 551/627/2576
f 551/627/2577 543/616/2578 552/628/2579
f 543/616/2580 544/617/2581 552/628/2582
f 552/628/2583 544/617/2584 547/620/2585
f 544/617/2586 546/619/2587 547/620/2588
f 547/620/2589 548/621/2590 552/628/2591
f 552/628/2592 548/621/2593 1/1/2594
f 1/1/2595 548/621/2596 2/2/2597
f 548/621/2598 549/622/2599 2/2/2600
f 524/585/2601 530/596/2602 3/3/2603
f 530/596/2604 550/624/2605 3/3/2606
f 550/624/2607 551/627/2608 3/3/2609
f 3/3/2610 551/627/2611 1/1/2612
f 551/627/2613 552/628/2614 1/1/2615
f 553/629/2616 554/630/2617 47/631/2618
f 47/631/2619 554/630/2620 44/632/2621
f 554/630/2622 555/633/2623 44/632/2624
f 44/632/2625 555/633/2626 19/634/2627
f 556/635/2628 557/636/2629 52/637/2630
f 52/637/2631 557/636/2632 51/638/2633
f 557/636/2634 558/639/2635 51/638/2636
f 51/638/2637 558/639/2638 48/640/2639
f 558/639/2640 553/629/2641 48/640/2642
f 48/640/2643 553/629/2644 47/631/2645
f 559/641/2646 560/642/2647 556/635/2648
f 556/635/2649 560/642/2650 557/636/2651
f 560/642/2652 561/643/2653 557/636/2654
f 557/636/2655 561/643/2656 558/639/2657
f 561/643/2658 562/644/2659 558/639/2660
f 558/639/2661 562/644/2662 553/629/2663
f 562/644/2664 563/645/2665 553/629/2666
f 553/629/2667 563/645/2668 554/630/2669
f 563/645/2670 564/646/2671 554/630/2672
f 554/630/2673 564/646/2674 555/633/2675
f 564/646/2676 559/647/2677 555/633/2678
f 559/647/2679 556/648/2680 555/633/2681
f 555/633/2682 556/648/2683 19/634/2684
f 556/648/2685 52/649/2686 19/634/2687
f 495/554/2688 496/555/2689 559/641/2690
f 559/641/2691 496/555/2692 560/642/2693
f 496/555/2694 498/557/2695 560/642/2696
f 560/642/2697 498/557/2698 561/643/2699
f 498/557/2700 500/559/2701 561/643/2702
f 561/643/2703 500/559/2704 562/644/2705
f 500/559/2706 502/561/2707 562/644/2708
f 562/644/2709 502/561/2710 563/645/2711
f 502/561/2712 504/563/2713 563/645/2714
f 563/645/2715 504/563/2716 564/646/2717
f 564/646/2718 504/563/2719 559/647/2720
f 504/563/2721 495/564/2722 559/647/2723
f 542/615/2724 541/614/2725 545/618/2724
f 545/618/2726 541/614/2727 507/568/2728
f 507/568/2729 541/614/2730 497/556/2731
f 497/556/2732 541/614/2733 499/558/2734
f 541/614/2735 538/611/2736 499/558/2737
f 499/558/2738 538/611/2739 501/560/2740
f 538/611/2741 537/610/2742 501/560/2743
f 501/560/2744 537/610/2745 503/562/2746
f 503/562/2747 537/610/2748 493/565/2749
f 537/610/2750 505/608/2751 493/565/2752
f 529/650/2753 528/651/2754 531/597/2755
f 531/597/2756 528/651/2757 532/600/2758
f 532/600/2759 528/651/2760 513/603/2761
f 528/651/2762 515/652/2763 513/603/2764
f 565/653/2765 566/654/2766 567/655/2767
f 567/655/2768 566/654/2769 449/483/2770
f 449/483/2771 566/654/2772 450/484/2773
f 566/654/2774 568/656/2775 450/484/2776
f 450/484/2777 568/656/2778 451/485/2779
f 568/656/2780 569/657/2781 451/485/2782
f 569/657/2783 570/658/2784 451/485/2785
f 451/485/2786 570/658/2787 452/486/2788
f 570/658/2789 571/659/2790 452/486/2791
f 452/486/2792 571/659/2793 453/487/2794
f 571/659/2795 572/660/2796 453/487/2797
f 453/487/2798 572/660/2799 454/488/2798
f 572/660/2800 573/661/2801 454/488/2802
f 454/488/2803 573/661/2804 574/662/2805
f 573/661/2806 575/663/2807 574/662/2808
f 574/662/2809 575/663/2810 576/664/2811
f 575/663/2812 577/665/2813 576/664/2814
f 577/665/2815 578/666/2816 576/664/2817
f 578/666/2818 579/667/2819 576/664/2820
f 576/664/2821 579/667/2822 574/662/2823
f 579/667/2824 580/668/2825 574/662/2826
f 574/662/2827 580/668/2828 454/488/2829
f 454/488/2830 580/668/2831 444/478/2832
f 580/668/2833 581/669/2834 444/478/2835
f 444/478/2836 581/669/2837 445/479/2838
f 445/479/2839 581/669/2840 446/480/2841
f 581/669/2842 582/670/2843 446/480/2844
f 446/480/2845 582/670/2846 448/482/2847
f 448/482/2848 582/670/2849 583/671/2850
f 582/670/2851 584/672/2852 583/671/2853
f 583/671/2854 584/672/2855 585/673/2856
f 584/672/2857 586/674/2858 585/673/2859
f 586/674/2860 587/675/2861 585/673/2862
f 587/675/2863 588/676/2864 585/673/2865
f 585/673/2866 588/676/2867 583/671/2868
f 588/676/2869 589/677/2870 583/671/2871
f 583/671/2872 589/677/2873 448/482/2874
f 589/677/2875 590/678/2876 448/482/2877
f 448/482/2878 590/678/2879 447/481/2880
f 590/678/2881 591/679/2882 447/481/2883
f 447/481/2884 591/679/2885 100/100/2886
f 591/679/2887 592/680/2888 100/100/2889
f 592/680/2890 593/681/2891 100/100/2892
f 100/100/2893 593/681/2894 99/99/2895
f 99/99/2896 593/681/2897 98/98/2898
f 593/681/2899 594/682/2900 98/98/2901
f 98/98/2902 594/682/2903 437/471/2904
f 594/682/2905 595/683/2906 437/471/2907
f 595/683/2908 596/684/2909 437/471/2910
f 596/684/2911 597/685/2912 437/471/2913
f 597/685/2914 598/686/2915 437/471/2916
f 437/471/2917 598/686/2918 438/472/2919
f 598/686/2920 599/687/2921 438/472/2922
f 438/472/2923 599/687/2924 439/473/2925
f 439/473/2926 599/687/2927 440/474/2928
f 599/687/2929 600/688/2930 440/474/2931
f 440/474/2932 600/688/2933 449/483/2934
f 600/688/2935 567/655/2936 449/483/2937
f 428/689/2938 601/690/2939 602/691/2940
f 602/691/2941 601/690/2942 565/653/2943
f 601/690/2944 603/692/2945 565/653/2946
f 565/653/2947 603/692/2948 566/654/2949
f 603/692/2950 604/693/2951 566/654/2952
f 566/654/2953 604/693/2954 568/656/2955
f 568/656/2956 604/693/2957 569/657/2958
f 604/693/2959 605/694/2960 569/657/2961
f 605/694/2962 606/695/2963 569/657/2964
f 569/657/2965 606/695/2966 570/658/2967
f 606/695/2968 607/696/2969 570/658/2970
f 570/658/2971 607/696/2972 571/659/2973
f 607/696/2974 608/697/2975 571/659/2976
f 571/659/2977 608/697/2978 572/660/2979
f 608/697/2980 609/698/2981 572/660/2982
f 572/660/2983 609/698/2984 573/661/2985
f 609/698/2986 610/699/2987 573/661/2988
f 573/661/2989 610/699/2990 575/663/2991
f 610/699/2992 611/700/2993 575/663/2994
f 575/663/2995 611/700/2996 577/665/2997
f 611/700/2998 612/701/2999 577/665/3000
f 577/665/3001 612/701/3002 578/666/3003
f 578/666/3004 612/701/3005 579/667/3006
f 612/701/3007 613/702/3008 579/667/3009
f 613/702/3010 614/703/3011 579/667/3012
f 579/667/3013 614/703/3014 580/668/3015
f 580/668/3016 614/703/3017 581/669/3018
f 581/669/3019 614/703/3020 582/670/3021
f 582/670/3022 614/703/3023 584/672/3024
f 614/703/3025 613/704/3026 584/672/3027
f 613/704/3028 612/705/3029 584/672/3030
f 584/672/3031 612/705/3032 586/674/3033
f 586/674/3034 612/705/3035 587/675/3036
f 612/705/3037 611/706/3038 587/675/3039
f 587/675/3040 611/706/3041 588/676/3042
f 611/706/3043 610/707/3044 588/676/3045
f 588/676/3046 610/707/3047 589/677/3048
f 610/707/3049 609/708/3050 589/677/3051
f 589/677/3052 609/708/3053 590/678/3054
f 609/708/3055 608/709/3056 590/678/3057
f 590/678/3058 608/709/3059 591/679/3060
f 608/709/3061 607/710/3062 591/679/3063
f 591/679/3064 607/710/3065 592/680/3066
f 607/710/3067 606/711/3068 592/680/3069
f 592/680/3070 606/711/3071 593/681/3072
f 606/711/3073 605/712/3074 593/681/3075
f 605/712/3076 604/713/3077 593/681/3078
f 593/681/3079 604/713/3080 594/682/3081
f 594/682/3082 604/713/3083 595/683/3084
f 604/713/3085 603/714/3086 595/683/3087
f 595/683/3088 603/714/3089 596/684/3090
f 603/714/3091 601/715/3092 596/684/3093
f 601/715/3094 428/716/3095 596/684/3096
f 428/716/3097 427/717/3098 596/684/3099
f 596/684/3100 427/717/3101 597/685/3102
f 427/717/3103 426/718/3104 597/685/3105
f 597/685/3106 426/718/3107 598/686/3108
f 426/718/3109 425/719/3110 598/686/3111
f 598/686/3112 425/719/3113 599/687/3114
f 425/719/3115 424/720/3116 599/687/3117
f 599/687/3118 424/720/3119 600/688/3120
f 424/720/3121 615/721/3122 600/688/3123
f 600/688/3124 615/721/3125 567/655/3126
f 615/721/3127 616/722/3128 567/655/3129
f 567/655/3130 616/722/3131 565/653/3132
f 616/722/3133 602/691/3134 565/653/3135
f 346/723/3136 345/724/3137 617/725/3138
f 345/724/3139 618/726/3140 617/725/3141
f 617/725/3142 618/726/3143 353/362/3144
f 618/726/3145 619/727/3146 353/362/3147
f 353/362/3148 619/727/3149 351/360/3150
f 619/727/3151 620/728/3152 351/360/3153
f 351/360/3154 620/728/3155 349/358/3156
f 620/728/3157 342/351/3158 349/358/3159
f 349/358/3160 342/351/3161 344/353/3162
f 161/729/3163 621/730/3164 162/519/3165
f 162/519/3166 621/730/3167 483/520/3168
f 621/730/3169 622/731/3170 483/520/3171
f 483/520/3172 622/731/3173 484/522/3174
f 622/731/3175 623/732/3176 484/522/3177
f 484/522/3178 623/732/3179 485/523/3180
f 623/732/3181 624/733/3182 485/523/3183
f 624/733/3184 625/734/3185 485/523/3186
f 485/523/3187 625/734/3188 486/524/3189
f 486/524/3190 625/734/3191 488/526/3192
f 488/526/3193 625/734/3194 489/527/3195
f 625/734/3196 626/735/3197 489/527/3198
f 627/736/3199 628/737/3200 490/738/3201
f 490/738/3202 628/737/3203 14/14/3204
f 14/14/3205 628/737/3206 15/15/3207
f 15/15/3208 628/737/3209 161/729/3210
f 628/737/3211 629/739/3212 161/729/3213
f 161/729/3214 629/739/3215 621/730/3216
f 629/739/3217 630/740/3218 621/730/3219
f 621/730/3220 630/740/3221 622/731/3222
f 630/740/3223 631/741/3224 622/731/3225
f 622/731/3226 631/741/3227 623/732/3228
f 631/741/3229 632/742/3230 623/732/3231
f 623/732/3232 632/742/3233 624/733/3234
f 632/742/3235 633/743/3236 624/733/3237
f 633/743/3238 626/735/3239 624/733/3240
f 624/733/3241 626/735/3242 625/734/3243
f 634/744/3244 635/745/3245 628/737/3246
f 628/737/3247 635/745/3248 629/739/3249
f 635/745/3250 636/746/3251 629/739/3252
f 629/739/3253 636/746/3254 630/740/3255
f 636/746/3256 637/747/3257 630/740/3258
f 630/740/3259 637/747/3260 631/741/3261
f 637/747/3262 638/748/3263 631/741/3264
f 631/741/3265 638/748/3266 632/742/3267
f 638/748/3268 639/749/3269 632/742/3270
f 632/742/3271 639/749/3272 633/743/3273
f 639/749/3274 640/750/3275 633/743/3276
f 640/750/3277 641/751/3278 633/743/3279
f 633/743/3280 641/751/3281 626/735/3282
f 641/751/3283 642/752/3284 626/735/3285
f 642/752/3286 643/753/3287 626/735/3288
f 626/735/3289 643/753/3290 489/527/3291
f 643/753/3292 644/754/3293 489/527/3294
f 489/527/3295 644/754/3296 9/9/3297
f 9/9/3298 644/754/3299 7/7/3300
f 644/754/3301 645/755/3302 7/7/3303
f 383/756/3304 469/757/3305 643/753/3306
f 469/757/3307 387/758/3308 643/753/3309
f 643/753/3310 387/758/3308 644/754/3311
f 644/754/3312 387/758/3313 645/755/3314
f 387/758/3315 386/759/3316 645/755/3317
f 482/760/3318 476/761/3319 490/738/3320
f 490/738/3321 476/761/3322 627/736/3323
f 476/761/3324 5/762/3325 627/736/3326
f 627/736/3327 5/762/3328 628/737/3329
f 5/762/3330 4/763/3331 628/737/3332
f 628/737/3333 4/763/3334 634/744/3335
f 4/763/3336 478/764/3337 634/744/3338
f 634/744/3339 478/764/3340 635/745/3341
f 478/764/3342 480/765/3343 635/745/3344
f 635/745/3345 480/765/3346 636/746/3347
f 480/765/3348 487/766/3349 636/746/3350
f 636/746/3351 487/766/3352 637/747/3353
f 487/766/3354 8/767/3355 637/747/3356
f 637/747/3357 8/767/3358 638/748/3359
f 8/767/3360 7/768/3361 638/748/3362
f 638/748/3363 7/768/3364 639/749/3365
f 7/768/3366 645/769/3367 639/749/3368
f 639/749/3369 645/769/3370 640/750/3371
f 645/769/3372 386/770/3373 640/750/3374
f 386/770/3375 385/771/3376 640/750/3377
f 640/750/3378 385/771/3379 641/751/3380
f 385/771/3381 384/772/3382 641/751/3383
f 641/751/3384 384/772/3385 642/752/3386
f 384/772/3387 383/756/3388 642/752/3389
f 642/752/3390 383/756/3391 643/753/3392
f 129/773/3393 646/774/3394 131/382/3395
f 131/382/3396 646/774/3397 371/383/3398
f 646/774/3399 647/775/3400 371/383/3401
f 647/775/3402 648/776/3403 371/383/3404
f 371/383/3405 648/776/3406 372/384/3407
f 648/776/3408 649/777/3409 372/384/3410
f 372/384/3411 649/777/3412 364/373/3413
f 649/777/3414 650/778/3415 364/373/3416
f 364/373/3417 650/778/3418 362/371/3419
f 650/778/3420 651/779/3421 362/371/3422
f 127/780/3423 652/781/3424 129/773/3425
f 129/773/3426 652/781/3427 646/774/3428
f 652/781/3429 653/782/3430 646/774/3431
f 646/774/3432 653/782/3433 647/775/3434
f 653/782/3435 654/783/3436 647/775/3437
f 654/783/3438 655/784/3439 647/775/3440
f 647/775/3441 655/784/3442 648/776/3443
f 655/784/3444 656/785/3445 648/776/3446
f 648/776/3447 656/785/3448 649/777/3449
f 656/785/3450 657/786/3451 649/777/3452
f 649/777/3453 657/786/3454 650/778/3455
f 657/786/3456 658/787/3457 650/778/3458
f 650/778/3459 658/787/3460 651/779/3461
f 658/787/3462 659/788/3463 651/779/3464
f 660/789/3465 661/790/3466 654/783/3467
f 654/783/3468 661/790/3469 655/784/3470
f 661/790/3471 662/791/3472 655/784/3473
f 655/784/3474 662/791/3475 656/785/3476
f 656/785/3477 662/791/3478 657/786/3479
f 662/791/3480 663/792/3481 657/786/3482
f 657/786/3483 663/792/3484 658/787/3485
f 663/792/3486 664/793/3487 658/787/3488
f 658/787/3489 664/793/3490 659/788/3491
f 664/793/3492 665/794/3493 659/788/3494
f 374/795/3495 470/796/3496 661/790/3497
f 470/796/3498 381/797/3499 661/790/3500
f 661/790/3501 381/797/3502 662/791/3503
f 662/791/3504 381/797/3505 663/792/3506
f 381/797/3507 379/798/3508 663/792/3509
f 663/792/3510 379/798/3511 664/793/3512
f 379/798/3513 377/799/3514 664/793/3515
f 664/793/3516 377/799/3517 665/794/3518
f 377/799/3519 376/800/3520 665/794/3521
f 367/801/3522 366/802/3523 368/803/3524
f 368/803/3525 366/802/3526 125/804/3527
f 366/802/3528 365/805/3529 125/804/3530
f 125/804/3531 365/805/3532 126/806/3533
f 365/805/3534 363/807/3535 126/806/3536
f 126/806/3537 363/807/3538 127/780/3539
f 363/807/3540 362/808/3541 127/780/3542
f 127/780/3543 362/808/3544 652/781/3545
f 362/808/3546 651/809/3547 652/781/3548
f 652/781/3549 651/809/3550 653/782/3551
f 651/809/3552 659/810/3553 653/782/3554
f 653/782/3555 659/810/3556 654/783/3557
f 659/810/3558 665/811/3559 654/783/3560
f 654/783/3561 665/811/3562 660/789/3563
f 665/811/3564 376/812/3565 660/789/3566
f 376/812/3567 374/795/3568 660/789/3569
f 660/789/3570 374/795/3571 661/790/3572
f 373/385/3573 468/813/3574 374/386/3575
f 374/386/3576 468/813/3577 471/505/3578
f 468/813/3579 467/814/3580 471/505/3581
f 471/505/3582 467/814/3583 472/506/3584
f 472/506/3585 467/814/3586 429/460/3587
f 467/814/3588 404/458/3589 429/460/3590
f 342/351/3591 666/815/3592 343/352/3593
f 343/352/3594 666/815/3595 436/467/3596
f 666/815/3597 667/816/3598 436/467/3599
f 436/467/3600 667/816/3601 435/466/3602
f 435/466/3603 667/816/3604 111/468/3605
f 667/816/3606 10/10/3607 111/468/3608
f 619/727/3609 668/817/3610 620/728/3611
f 668/817/3612 669/818/3613 620/728/3614
f 620/728/3615 669/818/3616 342/351/3617
f 342/351/3618 669/818/3619 666/815/3620
f 669/818/3621 11/11/3622 666/815/3623
f 666/815/3624 11/11/3625 667/816/3626
f 11/11/3627 10/10/3628 667/816/3629
f 618/726/3630 670/819/3631 619/727/3632
f 619/727/3633 670/819/3634 668/817/3635
f 670/819/3636 671/820/3637 668/817/3638
f 671/820/3639 672/821/3640 668/817/3641
f 668/817/3642 672/821/3643 669/818/3644
f 669/818/3645 672/821/3646 11/11/3647
f 11/11/3648 672/821/3649 12/12/3650
f 672/821/3651 108/822/3652 12/12/3653
f 345/724/3654 434/823/3655 618/726/3656
f 618/726/3657 434/823/3658 670/819/3659
f 434/823/3660 433/824/3661 670/819/3662
f 670/819/3663 433/824/3664 671/820/3665
f 433/824/3666 107/825/3667 671/820/3668
f 107/825/3669 108/822/3670 671/820/3671
f 671/820/3672 108/822/3673 672/821/3674
f 673/826/3675 674/827/3675 352/361/3676
f 674/827/3677 675/828/3678 352/361/3679
f 352/361/3680 675/828/3681 353/362/3682
f 353/362/3683 675/828/3684 617/725/3685
f 675/828/3686 676/829/3687 617/725/3688
f 617/725/3689 676/829/3690 346/723/3691
f 676/829/3692 347/830/3693 346/723/3694
f 388/831/3695 394/832/3696 677/833/3697
f 677/833/3698 394/832/3699 678/834/3700
f 678/834/3701 394/832/3702 679/835/3703
f 679/835/3704 394/832/3705 680/836/3706
f 394/832/3707 393/837/3708 680/836/3709
f 680/836/3710 393/837/3711 681/838/3712
f 393/837/3713 392/839/3714 681/838/3715
f 681/838/3716 392/839/3717 682/840/3718
f 682/840/3719 392/839/3720 683/841/3721
f 392/839/3722 391/842/3723 683/841/3724
f 683/841/3725 391/842/3726 684/843/3727
f 391/842/3728 389/844/3729 684/843/3730
f 388/845/3731 685/846/3732 686/847/3733
f 685/846/3734 687/848/3735 686/847/3736
f 688/849/3737 689/850/3738 690/851/3739
f 689/850/3740 691/852/3741 690/851/3742
f 690/851/3743 691/852/3744 692/853/3745
f 692/853/3746 691/852/3747 693/854/3748
f 691/852/3749 694/855/3750 693/854/3751
f 694/855/3752 695/856/3753 693/854/3754
f 693/854/3755 695/856/3756 696/857/3757
f 696/857/3758 695/856/3759 697/858/3760
f 695/856/3761 698/859/3762 697/858/3763
f 697/858/3764 698/859/3765 699/860/3766
f 698/859/3767 700/861/3768 699/860/3769
f 700/861/3770 675/828/3771 699/860/3772
f 675/828/3773 674/827/3774 699/860/3775
f 699/860/3776 674/827/3777 701/862/3778
f 674/827/3779 673/826/3780 701/862/3781
f 701/862/3782 673/826/3783 702/863/3784
f 702/863/3785 673/826/3786 703/864/3787
f 673/826/3788 352/361/3789 703/864/3790
f 352/361/3791 350/359/3792 703/864/3793
f 703/864/3794 350/359/3795 682/840/3796
f 682/840/3797 350/359/3798 681/838/3799
f 350/359/3800 348/357/3801 681/838/3802
f 348/357/3803 347/356/3804 681/838/3805
f 681/838/3806 347/356/3807 680/836/3808
f 347/356/3809 704/865/3810 680/836/3811
f 680/836/3812 704/865/3813 679/835/3814
f 679/835/3815 704/865/3816 678/834/3817
f 704/865/3818 705/866/3819 678/834/3820
f 705/866/3821 706/867/3822 678/834/3823
f 678/834/3824 706/867/3825 677/833/3826
f 677/833/3827 706/867/3828 707/868/3829
f 706/867/3830 708/869/3831 707/868/3832
f 682/840/3833 683/841/3834 703/864/3835
f 703/864/3836 683/841/3837 709/870/3838
f 709/870/3839 683/841/3840 710/871/3841
f 683/841/3842 684/843/3843 710/871/3844
f 710/871/3845 684/843/3846 711/872/3847
f 703/864/3848 709/870/3849 702/863/3850
f 702/863/3851 709/870/3852 712/873/3853
f 712/873/3854 709/870/3855 713/874/3856
f 709/870/3857 710/871/3858 713/874/3859
f 710/871/3860 692/853/3861 713/874/3862
f 713/874/3863 692/853/3864 696/857/3865
f 692/853/3866 693/854/3867 696/857/3868
f 699/860/3869 701/862/3870 697/858/3871
f 697/858/3872 701/862/3873 712/873/3874
f 701/862/3875 702/863/3876 712/873/3877
f 697/858/3878 712/873/3879 696/857/3880
f 712/873/3881 713/874/3882 696/857/3883
f 714/875/3884 715/876/3885 707/868/3886
f 707/868/3887 715/876/3888 677/833/3889
f 677/833/3890 715/876/3891 388/831/3892
f 388/831/3893 715/876/3894 389/844/3895
f 389/844/3896 715/876/3897 684/843/3898
f 715/876/3899 714/877/3900 684/843/3901
f 684/843/3902 714/877/3903 711/872/3904
f 711/872/3905 714/877/3906 687/848/3907
f 687/848/3908 714/877/3909 686/847/3910
f 714/877/3911 707/878/3912 686/847/3913
f 707/878/3914 708/879/3915 686/847/3916
f 708/879/3917 716/880/3918 686/847/3919
f 686/847/3920 716/880/3921 388/845/3922
f 388/845/3923 716/880/3924 685/846/3925
f 716/880/3926 717/881/3927 685/846/3928
f 717/881/3929 718/882/3930 685/846/3931
f 685/846/3932 718/882/3933 687/848/3934
f 687/848/3935 718/882/3936 711/872/3937
f 718/882/3938 719/883/3939 711/872/3940
f 711/872/3941 719/883/3942 710/871/3943
f 710/871/3944 719/883/3945 692/853/3946
f 692/853/3947 719/883/3948 690/851/3949
f 719/883/3950 718/884/3951 690/851/3952
f 690/851/3953 718/884/3954 688/849/3955
f 718/884/3956 717/885/3957 688/849/3958
f 688/849/3959 717/885/3960 689/850/3961
f 717/885/3962 716/886/3963 689/850/3964
f 689/850/3965 716/886/3966 691/852/3967
f 716/886/3968 708/887/3969 691/852/3970
f 691/852/3971 708/887/3972 694/855/3973
f 708/887/3974 706/888/3975 694/855/3976
f 694/855/3977 706/888/3978 695/856/3979
f 706/888/3980 705/889/3981 695/856/3982
f 695/856/3983 705/889/3984 698/859/3985
f 698/859/3986 705/889/3987 700/861/3988
f 705/889/3989 704/890/3990 700/861/3991
f 700/861/3992 704/890/3993 675/828/3994
f 704/890/3995 347/830/3996 675/828/3997
f 675/828/3998 347/830/3999 676/829/4000
f 87/87/4001 86/86/4002 399/891/4003
f 399/891/4004 86/86/4005 403/459/4006
f 403/459/4007 86/86/4008 430/461/4009
f 86/86/4010 84/84/4011 430/461/4012
f 430/461/4013 84/84/4014 432/463/4015
f 84/84/4016 82/82/4017 432/463/4018
f 432/463/4019 82/82/4020 418/446/4021
f 82/82/4022 79/79/4023 418/446/4024
f 79/79/4025 78/78/4026 418/446/4027
f 418/446/4028 78/78/4029 419/447/4030
f 419/447/4031 78/78/4032 421/449/4033
f 78/78/4034 76/76/4035 421/449/4036
f 421/449/4037 76/76/4038 422/450/4039
f 422/450/4040 76/76/4041 423/451/4042
f 76/76/4043 75/75/4044 423/451/4045
f 423/451/4046 75/75/4047 424/452/4048
f 75/75/4049 94/94/4050 424/452/4051
f 424/452/4052 94/94/4053 615/892/4054
f 90/90/4055 428/893/4056 91/91/4057
f 428/893/4058 602/894/4059 91/91/4060
f 91/91/4061 602/894/4062 106/106/4063
f 106/106/4064 602/894/4065 109/110/4066
f 602/894/4067 616/895/4068 109/110/4069
f 109/110/4070 616/895/4071 110/111/4072
f 110/111/4073 616/895/4074 103/103/4075
f 616/895/4076 615/892/4077 103/103/4078
f 103/103/4079 615/892/4080 93/93/4081
f 615/892/4082 94/94/4083 93/93/4084
